:10000000C0790020D51201004D8C0200C112010000
:10001000C1120100C1120100C1120100C112010090
:10002000000000000000000000000000A513010017
:10003000C1120100000000008D150100C112010075
:100040000916010009160100091601000916010030
:100050000916010009160100091601000916010020
:100060000916010009160100091601000916010010
:100070000916010009160100091601000916010000
:1000800009160100091601000916010009160100F0
:1000900009160100091601000916010009160100E0
:1000A00009160100091601000916010009160100D0
:1000B00009160100091601000916010009160100C0
:1000C00009160100091601000916010009160100B0
:1000D00009160100091601000916010009160100A0
:1000E0000916010009160100091601000916010090
:1000F0000916010009160100091601000916010080
:10010000091601000916010009160100091601006F
:10011000091601000916010009160100091601005F
:10012000091601000916010009160100091601004F
:10013000091601000916010009160100091601003F
:10014000091601000916010009160100091601002F
:10015000091601000916010009160100091601001F
:10016000091601000916010009160100091601000F
:1001700009160100091601000916010009160100FF
:1001800009160100091601000916010009160100EF
:1001900009160100091601000916010009160100DF
:1001A00009160100091601000916010009160100CF
:1001B00009160100091601000916010009160100BF
:1001C00009160100091601000916010009160100AF
:1001D000091601000916010009160100091601009F
:1001E000091601000916010009160100091601008F
:1001F000091601000916010009160100091601007F
:10020000091601000916010009160100091601006E
:10021000091601000916010009160100091601005E
:10022000091601000916010009160100091601004E
:10023000091601000916010009160100091601003E
:10024000091601000916010009160100091601002E
:1002500009160100ABB302000916010009160100DE
:10026000091601000916010095B3020009160100E4
:1002700009160100091601000916010009160100FE
:1002800009160100091601000916010009160100EE
:1002900009160100091601000916010009160100DE
:1002A00009160100091601000916010009160100CE
:1002B00009160100091601000916010009160100BE
:1002C00009160100091601000916010009160100AE
:1002D000091601000916010009160100091601009E
:1002E000091601000916010009160100091601008E
:1002F000091601000916010009160100091601007E
:10030000091601000916010009160100091601006D
:10031000091601000916010009160100091601005D
:10032000091601000916010009160100091601004D
:10033000091601000916010009160100091601003D
:10034000091601000916010009160100091601002D
:10035000091601000916010009160100091601001D
:10036000091601000916010009160100091601000D
:1003700009160100091601000916010009160100FD
:1003800009160100091601000916010009160100ED
:1003900009160100091601000916010009160100DD
:1003A00009160100091601000916010009160100CD
:1003B00009160100091601000916010009160100BD
:1003C00009160100091601000916010009160100AD
:1003D00009160100C1B30200091601000916010047
:1003E000091601000916010009160100091601008D
:1003F000091601000916010009160100091601007D
:10040000091601000916010009160100091601006C
:10041000091601000916010009160100091601005C
:10042000091601000916010009160100091601004C
:10043000091601000916010009160100091601003C
:10044000091601000916010009160100091601002C
:10045000091601000916010009160100091601001C
:10046000091601000916010009160100091601000C
:1004700009160100091601000916010009160100FC
:1004800009160100091601000916010009160100EC
:1004900009160100091601000916010009160100DC
:1004A00009160100091601000916010009160100CC
:1004B00009160100091601000916010009160100BC
:0804C0000916010009160100F4
:1004C800064A074B02604FF428725B788280082244
:1004D800C371002382710372704700BFA5BD00007D
:1004E800180E0020064A074B02604FF49C725B7A94
:1004F80082800822C371FF2382710372704700BF94
:10050800E3B80000180E0020F8B5C41D0028054601
:1005180024F007040CBF0020204600F053FA071E01
:1005280002DA6FF00B00F8BD254EB18870880331F0
:10053800F3790330B27989B280B209F069F80028FA
:10054800EFDB3C4473783178002D04F1030419443F
:1005580024F0030400FB01F10CBF0020204600F04A
:10056800B5FB23180DB9002BDBDB717A184679B17E
:100578000333002D728923F003040CBF00202046AA
:1005880000F016FC0028CCDB20440DB90028C8DB9D
:10059800317A91B1737A83B1C41D002D24F0070418
:1005A8000CBF0020204602F0CDFF0028B9DB0DB1BA
:1005B8000020B8E72018B6D5B3E7002DF8D1B2E788
:1005C800180E00201FB572B6194BDC68ECB9BFF3E2
:1005D8004F8F1849184BCA6802F4E0621343CB6086
:1005E800BFF34F8F00BFFDE7B2FBF6F22B465D1C51
:1005F800002AF9D1DBB203F110056D4405F80C2C83
:100608000A2233B901A8A047E1E7024600230A26D7
:10061800EDE7013BDBB203F110050DEB0506B0FB7E
:10062800F2F502FB1500303006F80C0C2846E8E716
:10063800180E002000ED00E00400FA050B4B07B58A
:10064800DA886846ADF800209A885B88ADF80420FF
:10065800ADF8023001F096FC20B14FF480719C2077
:10066800FFF7B0FF03B05DF804FB00BF180E0020D1
:1006780010B5044628B308F08BFA10B94FF0FF30D4
:1006880010BD06F069FEB0F5FA7FF7D80E4B0022D0
:100698001A744FF48072DC601A801B225A809A8088
:1006A80040F20322DA804FF484721A811F225A81A1
:1006B800EFF3108472B600F0D7FB04B962B60020DD
:1006C800DEE76FF01500DBE7180E002010B50028F4
:1006D80040D1234C237C032B39D059B1002A3CD07C
:1006E8000239052936D8DFE801F0031227352A2D0B
:1006F800137863700020FFF707FF0028B7BF0123B6
:1007080002236FF00B002374A8BF237410BD137964
:100718001BB353790BB31188FB291ED853881B3B95
:100728009BB2E02B19D81A2917D913689288C4F8F4
:1007380002300C4B9A80DDE713786372DAE713888E
:100748006381D7E71388FF2B07D82372D2E74FF0CE
:10075800FF30DBE76FF02C00D8E76FF01500D5E726
:10076800180E00201A0E0020F8B50D46064620B3D4
:1007780019B311F0070420D1114F3B7C012B02D192
:100788006FF00B00F8BD032B02D14FF0FF30F9E7F3
:1007980000F0A2FB0028F8D02846FFF7B5FE002895
:1007A800EEDB0BF052FB3046214601F06DFCFFF703
:1007B80045FF032320463B74E4E76FF01500E1E7AB
:1007C800180E002010B5064C237C032B03D101F032
:1007D80071FC02F05BF909F01DF80020207410BDCF
:1007E800180E002008B501F01BFC03490120BDE8E4
:1007F800084000F0DFB800BFED04000008B501F0C4
:1008080023FC03490020BDE8084000F0D3B800BF2E
:10081800C9040000074B4FF0FF3141F6FF72C3E9EE
:10082800001205490022C1E900221F21C3E9021272
:10083800704700BF200500202C0E00203F280CD850
:1008480001380B4BC0F3421200F01F0053F822305E
:1008580023FA00F000F001007047FF2806D0403866
:10086800044BC0F3421200F01F00EFE7012070476D
:10087800200500202C0E0020074B0146006849681F
:100888001A4603C240F48C2200201A6041F010720C
:1008980042F4FF625A607047200500200246034B6D
:1008A8000068516803C30020704700BF2C0E002069
:1008B8000246034B0068516803C30020704700BF1D
:1008C800280500200138064BC0F3421200F01F0033
:1008D80003EB82039B6823FA00F000F001007047E5
:1008E800200500200A8870B595B2C67BC2F30E02B7
:1008F8000488023602F110033444C35AA4B23344C4
:100908002344013BB3FBF4F303FB0422438892B274
:100918009342044B8BBF2B40AB4313439BB20B80DA
:1009280070BD00BF0080FFFF4A1E062A08B50346B7
:10093800084604D84FF4D1711520FFF743FE094A41
:10094800914202D940F2A311F6E711B903B1196037
:1009580008BD2BB11B680022C3E901211A1D1A60CA
:100968000430F5E7FAFFFF7F10B5114B00EB4104A7
:100978001A786389B3FBF2F303FB0223013A1A44A2
:10098800B2F5706F0279807828BF00231A440B18DB
:10099800B2FBF0F100FB11215B1AB3FBF0F100FB95
:1009A800113313446FEA43436FEA5343638110BD25
:1009B800340E0020024B03EB80035960704700BFE0
:1009C800340E00202DE9F04F10F0070A85B00546D7
:1009D80004D040F26F111720FFF7F4FD524F044680
:1009E80007F10C06B146B04657F8043B8DF80BA04A
:1009F8003BB101A898479DF80A30082B01D9F52189
:100A0800E9E79DF80B1041BB05B131604F4506F190
:100A18000406E9D1002D6FD00022DFF810910227DB
:100A2800964689F8002058F827A0013FBAF1000F30
:100A380055D09AF804609AF802C0FF2E60D0394663
:100A48000023481C38D19C44BCF1FF0F3FD90AB1A0
:100A580089F800E04FF49A71BDE79DF80AC04B1D74
:100A680060465A0004EB4303022838BF0220441EA4
:100A780040422344BDF808406444CCF1000C0340D4
:100A8800013C04EA0C04B4F5803F02D340F205119E
:100A9800A1E775B19A1A0120326091701480D07064
:100AA8009DF80C00107101984FEA104C1081A2F8C3
:100AB80006C004FB0134A9E758F8210028B190F8D2
:100AC80004B0B34504BF80781B180139B9E7DBB21D
:100AD800E6458AF804303CBF5FFA8CFE01227B1C95
:100AE800A1D10AB189F800E0022640F6FF6A58F859
:100AF8002670B7B9013EFAD2601B05B0BDE8F08F89
:100B08000023E5E707EB410309F101093846A3F89B
:100B18000AA0FFF729FF5FFA89F1BB788B42F1D869
:100B2800E8E74FF00009F6E7380E0020340E002001
:100B380038B54FF6FF7302460380184B03EB810369
:100B48001869A8B184780379B3FBF4F104FB113375
:100B5800DBB2194600EB4105B5F90A50002D0EDB52
:100B68000131B1FBF4F504FB1511C9B28B42F1D187
:100B7800002038BD6381BDE8384008F025BD00EB92
:100B880041046389C3F30E031380C278002AF1D1AC
:100B98004FF4E5711720FFF715FD00BF340E002054
:100BA8001C4B03EB810370B51C69054644B3030471
:100BB80004D54FF4EC711720FFF704FD01462046D9
:100BC80008F0E5FCFF28014604D02046BDE8704047
:100BD80008F0FABCA078B5FBF0F300FB1353DBB2C6
:100BE80019460A1D04EB4206B6F90260002E09DB1D
:100BF8000131B1FBF0F200FB1211C9B28B42F0D106
:100C0800002070BD8B4201D00023E37004EB420248
:100C18005580DAE7340E0020094B03EB81030146C7
:100C280010B51C69204608F0B2FCFF28014604D024
:100C38002046BDE8104008F0C7BC002010BD00BF2A
:100C4800340E0020F8B5104B074603EB810301462C
:100C58001C69204608F09BFCFF28054611D0E28855
:100C6800238953EA024606D00146204608F0ACFC28
:100C780001463846B04720462946FFF775FE002052
:100C8800F8BD0520FCE700BF340E002038B50E4B38
:100C98000446827903EB8203186908B9052038BD38
:100CA8008278E1799142F9D24B1CE37100EB410360
:100CB8005D89B3F90A30002BF3DBA58008F084FCCA
:100CC80020600020EBE700BF340E002070B504461A
:100CD80010F003000E4603D04E211820FFF772FCD7
:100CE800FFF722FE054624B1034831460460FFF7AA
:100CF8001BFE284670BD00BF500E00202DE9F14FA5
:100D0800DFF870B01E4607460D46DBF80030904607
:100D18009DF828A09DF82C901BB960211820FFF79A
:100D280051FC52460921404608F0F9FA4A4684B275
:100D38000921304608F0F3FA81B2DBF800002144BB
:100D480008F0F9FB386018B9286001B0BDE8F08FE9
:100D580004445346414609222C60386808F0A6FA34
:100D68004B4609223146286801B0BDE8F04F08F02B
:100D78009DBA00BF500E002070B50E46044608F01C
:100D8800E1FA0546304608F0DDFA044B2A182146F8
:100D98001868BDE8704008F0F3BB00BF500E002093
:100DA800024B186808B108F0BABB7047500E002013
:100DB8001F2AF8B5044624D89200134D033250B1C7
:100DC800830703D068210920FFF7FCFB22F0030307
:100DD800297068602B8122F003022823012712045E
:100DE80003FB01F06B680025120CEEB2B14200D88B
:100DF800F8BD14B126181F705E6010440135283301
:100E0800F3E74FF0FF30F3E7540E0020154A0021B6
:100E180070B553681578C8B2854203D8BA2109203D
:100E2800FFF7D0FB1C461846013114F8286B0EB9A1
:100E38002346F0E70021997001241289996103F192
:100E480026055C709208D96103F11E04596824F8DC
:100E5800022FAC4243F8041F1144F8D10023436128
:100E6800037070BD540E0020124B01224FF0FF306A
:100E780000215A60C3F80803C3F80015C3F8042515
:100E88005A6040F6FE72C3F808034FF48060C3F856
:100E9800001503F560330849C3F80825C1F8880030
:100EA800BFF34F8FBFF36F8FC1F88801C3F80825D0
:100EB800704700BF00A0045000E100E00268002075
:100EC800014B1A60704700BF600E0020014B1B6881
:100ED800184700BF600E0020024B1868003818BF82
:100EE80001207047600E00200A4606488F2302F84A
:100EF800033BC368C1F803300369536043699360D7
:100F0800704700BF640E0020024B5A8C02435A847B
:100F18005B6A1847640E0020014B00215B6A184782
:100F2800640E002010B5154C05F0A2F905F084FCFC
:100F3800208DFFF7F1FF237E63B12246104904F1AB
:100F4800190052F80C3BE36063685360A368936030
:100F580009F0F0FD218DE06A02F028FBE36AB3F89E
:100F6800AA0002F0A5FA636B94F8301094F83100E7
:100F78009847002384F8383010BD00BF640E002065
:100F8800F10E0000034B93F838300BB1FFF7CABFDE
:100F9800704700BF640E002070B5184C0546E36C1E
:100FA800E66AE3634FF4817394F85000A4F8403084
:100FB800337D96F8191100EB83002DB9FF2803D172
:100FC80096F818318B4201D004F0BEFE337D73B120
:100FD800606D05F0BFF8616DE06B05F0B3FB15B906
:100FE800284605F005F9022384F8383070BDE06B17
:100FF80005F0B0F805F020FCF1E700BF640E002012
:1010080008B5094B93F83820022A04D040F237314A
:101018002720FFF7D7FADA7A42F00102DA72BDE840
:101028000840FFF77FBF00BF640E002070B50F4D6A
:10103800C900920000F00300AE6D01F0080102F053
:1010480004021B01347803F0100304F0F3040C438A
:10105800144304F0EC041C4304433470B5F86430C2
:1010680073700223A5F85C3070BD00BF640E0020C9
:101078007FB50022012300F180010392CDE904230A
:10108800074A92F85020029200F19002CDE900320E
:10109800D0E91E23022005F08FFA07B05DF804FBA3
:1010A800640E0020F7B5184C0646A56E0DB1636CAA
:1010B80023B940F68C012720FFF784FAB4F84830AA
:1010C80001F003012F466B702B7823F003030B43C9
:1010D80007F8033B3846B4F84820616C07F0C2FEB5
:1010E8000DF1020201A9E06EE563676408F00DFAEC
:1010F800019808F0F8F9B4F848103060E06E08F08C
:10110800D8F903B0F0BD00BF640E00202DE9F0410E
:101118002B4C06460F4694F83830012B5FFA83F8BB
:1011280004D040F6D5012720FFF74CFAE56A2B7961
:1011380033B1002104202971FFF7E6FE85F8058008
:101148002B7A052B0AD11F490220FFF7DDFE236EFB
:101158001B78991E4B424B4184F870301EB1BDE894
:10116800F041FFF7DFBE002FF9D0636F3046984794
:101178000028F4D094F83030002BF0D1638C9A0713
:1011880014D594F87030002BE9D02B7DE46A13B1A4
:101198002846FFF76DFF94F81921012096210AF0DF
:1011A8007CFE0020BDE8F041FFF7F6BE002BD6D14B
:1011B80094F87830002BE8D194F87930E3E700BF51
:1011C800640E0020C40E00202DE9F04FAD4C91B004
:1011D800E56A069005F1A803089109930023CDE973
:1011E8000D3394F83830022BDFB204D040F6761174
:1011F8002720FFF7E7F9E36B03221E785978134499
:1012080006F00309A4F840206364069BA4F848107C
:10121800002B00F0228119B1E06E08F033F9014685
:101228006A7A238D0132A16643F40073D2B2238512
:1012380082EA960818F0010846D12B7A23B3032BCB
:101248006A720AD8012B1FD00DA9D4F8800008F0C3
:10125800C2F890B940F29571CAE7053B012B02D953
:1012680040F27471C4E700F0C7FF10B940F29F71F3
:10127800BEE741460820FFF747FED5E91C32013397
:1012880042F10002C5E91C3200216B7929721BB1B9
:1012980010206971FFF738FE238D43F4006323851E
:1012A80000230793C6F3C0082B7DCBB1B4F84830B0
:1012B800B3B105F0DFFA0328FBD0022806D1FFF707
:1012C80031FE11B0BDE8F08F069BEAE740B9AB7A72
:1012D80003F00103984503D1012384F83130EEE788
:1012E800AA7A02F0010398456BD04FF0000AA36E6A
:1012F800002B40F0C480B4F84830B3FA83F35B099C
:1013080003EA161384F87930089B002B40F0BE805E
:10131800628C94F88530110704D594F87020002A5F
:1013280040F0B480012B00F2B180636F0120984730
:10133800002800F0AB8094F83060002E40F0A680C2
:10134800EB7C83B10123039605F180010420CDE9EC
:101358000463FB23029305F19003CDE90063D5E90B
:101368001C2305F029F995F81821962100200AF088
:1013780094FDD4F82CB094F850309BF814209BF8C6
:10138800181103EB8203FF2B03D19BF819318B4211
:1013980002D0FF2004F0D8FC0023D4F82C808DF86C
:1013A8003130ADF8323098F80830062B00F27E81E3
:1013B800DFE813F0C3005A015D015D017C016F0194
:1013C8006F01B4F84830EBB109F1FF31012919D8A0
:1013D800218D41F48051218595F806118B4206D95B
:1013E80094F8303043F0100384F830307DE7A16E74
:1013F80000293FF47AAF94F8841019B12020FFF740
:101408008BFD72E70132B9F1030FAA721BD009F103
:10141800FF32012A0CD8002B3FF467AFDDF818A083
:10142800D5E91E32013342F10002C5E91E325EE7FA
:10143800002B3FF45AAFD5E91E32013342F10002C6
:10144800C5E91E3251E7238D01200F4943F480532B
:1014580028712385FFF758FDEDE72B7D0BB105F0CB
:1014680023FA94F885304FF0000A0133CDF81CA018
:1014780084F88530238D43F48063238537E701237F
:101488003EE700BF640E0020A80E002004F0F0FE26
:10149800BAF1000F4CD101230893934E338D5A06AD
:1014A80006D44020FFF738FD338D43F040033385E1
:1014B800079B63B1B4F80720B4F805301343EA88F2
:1014C80013431EBFB4F809300133A4F80930069B52
:1014D800002B00F00381B6F805300133A6F805307B
:1014E800002386F88530814801F0D0FF0D9830B18F
:1014F80007F0F9FF00220272099901F0CFFB0E9B59
:1015080033B100221A720C2209990E9801F094FB4B
:10151800089B002B7FF4D3AE338D1B063FF5D1AE6D
:101528008020FFF7F9FC338D43F080033385C8E64C
:1015380049460EA8FFF7B6FDADE794F886300DF1E1
:1015480032010FA8A8F80C31ADF8323000F046FE91
:1015580038B10F9828B1052388F80830BDF8323023
:1015680015E0E36A93F85130002B77D10DF1310281
:101578000DF13201D4F8800007F00BFF00286DD080
:10158800BDF83230002B59D1012288F80820A06517
:10159800A4F8643003B1C31C236698F809200A92A2
:1015A80098F80A2098F808800B92B8F1020F09D031
:1015B800A8F10508B8F1010F7BD81B784FF0030894
:1015C800022B0DD0D4F8800007F03BFF002873D120
:1015D800B8F1030F04D000F01BFE80F00106F6B24C
:1015E80006F00103404F87F878309BF81330002B42
:1015F80064D0B7F86430002B60D033464046DDE94C
:101608000A12FFF713FD786D04F0A4FD0022D7E954
:10161800151004F0DDFE18B9D7E9150105F030F80A
:10162800012387F8873087F83830BAF1000F3FF484
:1016380034AF49460EA8FFF735FD2EE79DF8312057
:101648001AB903230280827086E7027802F0030247
:10165800012A08BF032788F8087098E70023ADF827
:101668003230012388F80830214800238FE7B8F882
:101678000C310DF131020DF13201D4F88000ADF8D2
:10168800323007F086FE00287FF468AF40F2A3519D
:10169800AEE50DF132010FA800F0A0FD08B10F98DA
:1016A80010B940F2B251A3E5062355E740F2BC5108
:1016B8009EE54FF0010885E7012691E7DDE90A126A
:1016C80033464046FFF7B2FCB86D04F043FD05F021
:1016D800B3F80021B86D0AF0ECFBA1E7B6F80730C3
:1016E8000133A6F80730FEE6640E0020900E0020B5
:1016F800DE0E0020064B10B593F8382002F0FF04E8
:1017080022B91C7601F04AFF204610BD0C24FBE7E5
:10171800640E0020094B0A4A10B51A60FFF7EAFF69
:1017280020B140F257112720FEF74CFF054C00F07E
:10173800D1FCE06400F0D2FC606510BD2C170020DD
:10174800B4180000640E002070B54C4C054694F89F
:10175800386006F0FF0016B909B102B123B940F2AA
:1017680063212720FEF72EFF63639DF81030616226
:1017780084F88430626784F8300084F8850084F83F
:10178800310084F887006084208584F8780084F824
:10179800790084F87000A0652066A4F86400E0630E
:1017A8006064A4F84800E56204F0FAFA05F044F829
:1017B80095F9200104F04EFBD5F8D060D5F8C800A3
:1017C80004F04EFB304604F0B7FC95F8240004F012
:1017D80051FB09F054FD95F8192100F17101012020
:1017E80004F0C6FB264B186804F0ACFCD5F8BC30F6
:1017F800C4F88030D5F8C030E366AB7B233B072BB9
:1018080039D9EB7B233B072B35D995F81811B5F857
:10181800E60008F0FEFE95F80431834228BF03462F
:1018280098B295F8E430984200D3C3B284F8863071
:10183800B5F8063184F850302B7D13B12846FFF7F0
:1018480017FC0120FFF7A8FBE36AD3F8C80104F0EE
:101858009DFC002323606360A360EB886380B5F878
:10186800AA30238095F824302371D5F81C310BB1A8
:1018780001221A6070BD1B23D8E700BF640E002048
:101888002C170020014B93F887007047640E002046
:10189800024B93F82900C0F3C0007047640E002083
:1018A800014B93F885007047640E00200910000072
:1018B800D1110000151100008D0F0000304BF0B55C
:1018C8005A8985B0B0F852700C46B0F8506097420B
:1018D8009D8928BF1746964228BF16461B2E2ED034
:1018E800B5F5A47F2DD040F6480301A99D4228BF35
:1018F8001D4607F0C0FFBDF80A30BB4228BF3B4673
:10190800E380BDF80C30AB4228BF2B462381BDF8DD
:101918000630B34228BF33466380BDF80830AB4277
:1019280028BF2B46A380FF232370E3881B3B9BB271
:10193800E02B08D940F209513920FEF743FE1B2F4E
:10194800CED105B0F0BD63881B3B9BB2E02B02D91A
:1019580040F20B51F0E72389A3F5A4739BB2B3F5CA
:10196800E06F02D940F20D51E6E7A388A3F5A4730E
:101978009BB2B3F5E06FE4D940F20F51DCE700BF4A
:10198800EC0E002010B501210020FFF745F90446B0
:1019980070B90121FFF704F9044620B940F2253156
:1019A8003920FEF70FFE034B93F9181009F067FF73
:1019B800204610BDEC0E0020014BD888704700BFB0
:1019C800EC0E0020044BD87CC0F3400080F00100EE
:1019D80000F00100704700BFEC0E002008B508F0C9
:1019E8008FFD00F0B5FD00F099FB09F07BF801F0E0
:1019F800BBFD03F0A5FE0022074B4FF01B11074863
:101A08001A60074BC3E901014FF4A4711A801A82C6
:101A1800D960DA7408BD00BF3017002003021B002C
:101A2800EC0E0020034B41F64C525A611B229A746B
:101A3800FFF7D4BFEC0E0020F7B5274D00F1A8073B
:101A480004466B69C0F8DC30244BC0F8C430384613
:101A580009F0A9FD064600F051FB8306A97C53BF97
:101A68001B23EB882A891A46A4F8F8301C4BA4F8E3
:101A7800FA201B6884F8E410A4F8E66023B194F90E
:101A88002011B4F8AA0098471649384608F0E6FA33
:101A98000123EA8804F1BC006979A4F8DA3003323A
:101AA8002B89019192B22979033300919BB204F1F9
:101AB800C001FFF723F9D4F8BC3023B940F2E24162
:101AC8003920FEF77FFDD4F8C03013B940F2E34166
:101AD800F6E703B0F0BD00BFEC0E002000093D00A2
:101AE80034170020FA0E0020024B1B6803B1184778
:101AF8000C20704730170020034BDA8802801B79CE
:101B080083700020704700BFEC0E002037B5837843
:101B180005461A2B08D8042B04D9144A22FA03F3D1
:101B2800DB0705D412241AE0292B01D03B2BF9D16D
:101B38002888B0F5706FF5D201A908F08EFD88B934
:101B4800019B93F8242102F0FF046AB9AA7883F86C
:101B58002521FF2283F8242101A807F05FFF2046F2
:101B680003B030BD0224FAE70C24F8E7200038045B
:101B78000188A1F11B039BB2E02B0CD8428844F2E8
:101B88004810A2F5A4739BB2834204D8034B0020EB
:101B980059819A8170471220704700BFEC0E0020CF
:101BA80038B50278447802F0010302F0020254EAE0
:101BB800030101D1112038BDBAB98578002DF9D0BB
:101BC800002B18BF002400E01D46204607F046FE03
:101BD8000028EFD0284607F041FE0028EAD0054B40
:101BE80000209C73DD731882E5E7002BECD00024FD
:101BF8002546EAE7EC0E002013B5008801A908F095
:101C080045FD044620B9019890F836311BB13A24B5
:101C1800204602B010BD90F85C3003F0FF04002BA2
:101C2800F5D190F853309B0706D1FF2380F8363161
:101C380001A807F0F3FEEBE70249543008F07AFFF9
:101C4800E6E700BFDDB10000F7B5077805460C46AA
:101C5800EF2F0FD890F901204378002A0ADB827809
:101C6800900707D113F010001DD1990603F0030265
:101C780002D51AB1122442E0032AFBD01E07F9D478
:101C88002979EA78EE7942EA0122697942EA014241
:101C9800A97941EA06212E7A41EA06418A42E9D821
:101CA8001F2A0FD8E6E713F0600FE3D103F007020D
:101CB800052A05D003F00F010D22CA40D107D9D556
:101CC8001A07DDD56A7A013A062AD3D8AA7A032AEE
:101CD800D0D813F0040102D1023A012A03D8EA7AD3
:101CE800012AC7D811B9AA7C032AC3D82A7D48B1CA
:101CF800012ABFD12A7E012ABCD830B91124204636
:101D080003B0F0BD022AF5D1B4E7DB0712D46B7833
:101D18002A7D03F01803082B11D1022AEED10121E4
:101D28003846FEF779FF064678B109F05CFDB8B190
:101D38000C24E4E700F0A2F90028E8D1DEE7022A43
:101D4800EDD02B7F002BEAD0D8E701213846FEF7EB
:101D580027FF064640B3154B93F9181009F08FFD7D
:101D6800304609F07CFE29462070E874304609F0B8
:101D7800CCFDEB7E0446002BC1D00028BFD1024623
:101D8800B16A684607F05BFC2246B06A012107F099
:101D9800A1FCB16A6846042207F051FC224621469C
:101DA800B06A07F097FCAAE70724A8E7EC0E002022
:101DB80030B502798BB00346042A4FD84088B0F575
:101DC800804F4BD8264900248D5C1144ADF8004063
:101DD8004A798DF8084042F010028DF8244042EA12
:101DE80045028D7AC97B42EA850242EAC102694608
:101DF80002F01F028DF80020BDF80020ADF8092080
:101E08001A888DF80E00000A8DF80B20120A8DF83A
:101E18000D408DF80C208DF80F008DF810405A7B7E
:101E2800D3F807008DF811205A79059002A88DF88B
:101E380012209A798DF81320B3F80B209B7BADF80C
:101E480018208DF81A307F238DF81B304FF00113BE
:101E5800CDE90734FFF7F8FE0BB030BD1220FBE7E1
:101E680088E0020073B50646FFF78CFD044609F0CA
:101E780001FE33780546012B5FD1204609F032FD7B
:101E880000287AD0204609F0F5FD18B115B91220BE
:101E980002B070BD204609F0A6FC08B10C20F7E797
:101EA800204609F0DDFC06460028F7D1204602F05E
:101EB80021FC0028EBD0ED0142F210733146204698
:101EC800ADB25D4309F0C2FD204609F0CBFD0146E5
:101ED80058B92A46204601F071FE08B90020D7E714
:101EE80041F69C213920FEF76DFB31460DF10600C5
:101EF800FEF71EFE064608B90D20C9E7BDF8061014
:101F080008F0D3FB3146204609F0B8FD3046FFF70C
:101F180093FD2A463146204601F050FE024610B194
:101F280041F6B821DEE7164BDB69002BD6D006F563
:101F3800937106F1A8009847D0E7002BA7D1204657
:101F480009F0D0FCC8B1204609F04DFC0028C5D0E6
:101F5800204609F0F8FA0546204609F0F7FA014646
:101F680000289BD1002DB9D0B5F8AA00FEF76AFE6B
:101F78000028B3D041F6DA21B4E7422088E700BF51
:101F8800EC0E00200278034672B1427862B14288B2
:101F98001A2A09D982881A2A06D90068034A506081
:101FA80000209B881381704712207047EC0E002098
:101FB80002680020014B5A61704700BFEC0E0020F8
:101FC8000378A3F10A02112A9BBF024A00201220BB
:101FD80093747047EC0E002008B5052000F082F8D5
:101FE80003F06EFB014B024ADA6108BDEC0E0020DB
:101FF800C518000008B50122084B1A7002F06AFBE8
:1020080009F0E5FE08F07AFAFFF784FB002007F0F4
:10201800E3FABDE8084000F049BD00BF0C0F0020FE
:1020280010B5064C0649201D07F0C7FF04F108004B
:102038000449BDE8104007F0C0BF00BF0C0F0020E6
:10204800680500207005002010B5084C0849201DBF
:1020580007F0B3FF04F10800064907F0AEFF04F1EA
:102068000C000549BDE8104007F0A7BF0C0F002081
:10207800780500208005002088050020014B18788D
:10208800704700BF0C0F002010B5064C00F0EAFCAA
:10209800606807F08AFFFFF7C5FC00F07DFE0123AA
:1020A800237410BD0C0F0020014B187C704700BF33
:1020B8000C0F002010B5064CA06807F076FFE0680A
:1020C80007F073FFFFF78AFC0023237410BD00BFDD
:1020D8000C0F0020004870471D0F00200048704773
:1020E8001F100020C208044900F0070001238340A4
:1020F800885C03438B54704730050020014BD3E9BB
:102108000001704730050020034B1868C0F3002019
:10211800400040F0010070473005002008B505F088
:102128001BF90023074A32F82310814205D302EB3A
:1021380083029378044A137008BD01330C2BF2D143
:102148000023F7E79CE0020021110020006808B591
:10215800B0F8AA3080F86811A0F8693190F8183101
:10216800012B06D0022B04D04FF43F710620FEF756
:1021780029FA80F86B3190F81931012B01D0022B24
:10218800F2D180F86C3100F25F100249BDE80840D6
:1021980008F0D0BC4FA00000024B002283F8222098
:1021A8009A84704722110020044B93F82220012AB8
:1021B8001ABF036001200020704700BF22110020D1
:1021C800054B024693F8221001291BBF01209A846F
:1021D800002083F82200704722110020054B024698
:1021E80093F8220020B1136009B19B8C0B80012069
:1021F800704700BF22110020044B002293F82200F0
:102208009A8410B1012083F82220704722110020FF
:10221800034B93F82200B0FA80F04009704700BFE2
:102228002211002050B90A4A0120134603F8010B75
:102238000868C2F801008A889A807047012805D189
:10224800034B0A68D8719A608A889A81704700BFE0
:102258004811002050B90B4B187888B1D3F80120E9
:10226800B3F805300A6001208B807047012806D139
:10227800044BD87920B19A689B890A60F3E700205B
:10228800704700BF4811002010B9044B18787047F8
:10229800012806BF014BD87900207047481100205B
:1022A800F7B58A8800238DF80600ADF80420086881
:1022B8000B4A8DF807300146147802F5A872019D83
:1022C800D8B2844201D8082007E052F8087F0133C9
:1022D8005668AE4208BF8F42F2D103B0F0BD00BFCE
:1022E80058110020084B0146002230B55C7803F2F3
:1022F8000113D0B2844201D8082004E013F8015F2A
:1023080001328D42F5D130BD58110020F8B52D4C61
:1023180063782218013B92F80251DBB28342637062
:1023280030D01A010101961C8F1C2644274406F15F
:10233800100C56F804EB664547F804EBF9D18232E5
:1023480082312244214402F1100652F8047BB24241
:1023580041F8047BF9D1E118221891F8026182F85A
:10236800026106267343704303F5857300F5857093
:10237800E618E35827182350B388BB8091F83A3100
:1023880082F83A312846FFF7ADFF082818D123789C
:10239800013BDBB29D42237012D02B3305F12B0297
:1023A80004EBC30304EBC20293E8030082E80300D2
:1023B8002078FFF797FF08281CBF241884F80251DB
:1023C800F8BD00BF58110020F0B5254D89B095F82B
:1023D800984105F299116846224606F043FD2146C8
:1023E800684608F0ACF80446B8B300EB400102A810
:1023F800C9B2FEF76BFD631E95F8A1610124DBB23B
:1024080095F8981105E0721CB2FBF1F001FB10225F
:10241800D6B206F120020DEB020010F8202C002A9B
:10242800F1D103EB430100F8204C06EB46022031C2
:102438002A44694411F8187C82F8A27111F8177CB3
:1024480011F8161C82F8A37182F8A411013BAA198D
:10245800DBB282F89941FF2BD2D109B0F0BD00BFA1
:102468005811002070B5064688B00C46002A4ED098
:10247800294A92F8A131D01890F8991119B9FF2179
:102488002820FEF79FF803EB43010133114491F82C
:10249800A251E57091F8A35191F8A41125716171C9
:1024A800002180F8991192F89811B3FBF1F001FB23
:1024B800103382F8A13192F8C23123B9174902F5D5
:1024C800DD7008F034FB65790D220021684605F0BF
:1024D8003F0545F0400565710AF075F9E37804AAEF
:1024E80069468DF80F30304623798DF80D508DF8F8
:1024F8000E3004230AF0D1F89DF81F3023709DF8A0
:102508001E3063709DF81D30A37008B070BD0321A4
:102518006018FEF7DBFCD6E758110020D123000035
:10252800044B5A78824286BF1B1893F84A01002050
:10253800704700BF58110020044B5A78824286BF6A
:102548001B1893F842010020704700BF5811002063
:10255800064B00224FF461711A8083F8C32183F877
:10256800C421A3F8C61183F8C2217047581100206E
:102578002DE9F0478246894617469846FFF790FEB0
:1025880008280546064603D0FFF7ACFE082860D1A8
:10259800324C6378072B5ED8082D15D12678731C2A
:1025A800072E237003D96C212820FEF70BF806F1BB
:1025B8002B02D9F8000004EBC20344F83200B9F842
:1025C800042083F806A09A80657807F110026B1C36
:1025D800290163704B1C234412F8010DBA4203F819
:1025E800010FF9D1813108F11003214413F8012DAD
:1025F800984501F8012FF9D125441021404607F0EC
:10260800CEFF102185F84201384607F0C8FF85F84B
:1026180002616678002385F84A013146104885F83A
:102628003A3107F08CFF0128054607D831460D4896
:1026380007F085FF002818BF0135EDB284F89851DE
:102648000025284684F8A151FFF7BEFE2846BDE8BC
:10265800F0871220FBE70720F9E700BF5811002098
:102668009A120020A2120020064B10B558780138A3
:1026780040B2002800DA10BDC4B22046FFF746FE7B
:10268800601EF5E758110020014B83F8C30170471D
:1026980058110020014B93F8C301704758110020CE
:1026A800431E4AF2B7129BB293429DBF024BA3F856
:1026B800C60101200020704758110020014BB3F8D3
:1026C800C6017047581100200A4B30B55C78844227
:1026D8000ED9184490F802012B3003EBC004A579F9
:1026E8000D7053F8300010600120A388938030BD2E
:1026F8000020FCE7581100200246074810B590F862
:10270800C34124B1417821B1023003F03BF820469F
:1027180010BD0C46FBE700BF581100202DE9F74F0C
:102728002F4C9A46804689466378834256D92318A7
:1027380093F8425185F00105F9B193F84A31E3B9AC
:1027480045F002070135BAF1000F18D1FA070AD58A
:10275800062104EB0810524601FB0841823001F5BE
:102768008571FFF77FFEBB0734D504EB081052468E
:1027780049460230FFF776FE2CE02F46E3E794F84F
:10278800A1614FF0010B002DE0D0A31993F8991126
:10279800019399B90092DAB100F0CEFA019B06EBE9
:1027A8004601009A4FEA102C83F899B1214481F828
:1027B800A201000C81F8A3C181F8A401013694F8A4
:1027C8009831013DB6FBF3F103FB1166F6B2DAE787
:1027D80047F00407384603B0BDE8F08F0027F9E753
:1027E80058110020074B5A78824209D91A1892F8D2
:1027F80042212AB9062202FB003000F58570704795
:102808000020704758110020064B5A78824281BF39
:102818001B1893F83A01B0FA80F0400998BF0020DD
:10282800704700BF58110020F8B50E46074606212C
:102838001546304607F0B3FE044670B10C4B002233
:10284800587803F23913D1B2884202D801242046BD
:10285800F8BD013203F8015FF5E73146384607F065
:102868008AFE0828F3D0024B034483F83A51EDE777
:1028780058110020034B80F878101B680BB1408872
:1028880018477047381700200B2808B504D940F2BC
:1028980029112920FDF796FE014B33F8100008BDD9
:1028A800CCE00200036830B50024D3F8C40042F23B
:1028B8001075A3F84040B3F844404443B4FBF1F426
:1028C800A3F844404C1E05FB0242B2FBF1F2A3F808
:1028D8004220094AB2FBF1F20132A3F848209A8F4C
:1028E80005FB02445A6B5043B4FBF1F4B0FBF1F022
:1028F8009C63586330BD00BF005A62020346084615
:1029080071B13F2B0BD8074AD35C03F07F02914289
:1029180005D08CBF0120002000EAD31070470120A9
:10292800704700BFE4E00200FF230B7002234B70E6
:1029380083238B70014B1B78CB70704724130020C6
:102948002DE9F84FD0F804800C46D8F818603046C6
:1029580006F0B7FD054620B94FF4AA711020FDF71F
:1029680031FE0146304606F0BAFDB5F800B08246A1
:102978001FFA8BF717B94FF4AC71EFE7224B00F150
:1029880003091B68D3B998F8023098F8032023701C
:10299800637802F00F02A4F802B023F00F03134388
:1029A80023F0C00363709AF8003003F00303012B8F
:1029B8000FD0022B0DD04FF4BB71CFE73A464946F2
:1029C800B8F80200984705460028DCD12846BDE83B
:1029D800F88F6278304663F30512627006F085FD61
:1029E800054610B94FF4C071B8E7FB2F02D940F281
:1029F8008F11B3E73A464946201D06F033FA3046B0
:102A080006F00EFDE2E700BF3C17002038B5134C76
:102A180010220021201D09F0D6FE0125257404F19D
:102A280008031022002104F11400C4E9013309F05D
:102A3800CAFE84F8205004F11803094AC4E9053392
:102A480000236362A36284F82C30C4F82D30C4F8E4
:102A5800313084F835301360A36338BD2413002067
:102A68003C17002010B5084C2378FF2B04D040F207
:102A780099111020FDF7A6FD06F060F92070BDE859
:102A88001040FFF7C3BF00BF3D05002010B5034C41
:102A9800207806F06DF9FF23237010BD3D05002056
:102AA800014B187806F074B93D050020014B024A25
:102AB8001A60704740170020492900002DE9F341AA
:102AC800DFF86881054608F11407D8F80830D8F807
:102AD8001840227A012A22D1D8F8382052B1137A24
:102AE8001BB9BF211020FDF76DFDD8F83840C4B9D7
:102AF800002083E01A7A012AFAD01C464C4AEFF3E8
:102B0800108172B650680068506001B962B6A3427D
:102B180008BFC8F83840237A1BB9EE21E2E73A46E5
:102B2800EDE7267AF6B205232372731E0B2B6ED8B7
:102B3800DFE803F06A062235676D3E6D6D6D6D5BEB
:102B4800636813B94FF40371CCE7204629469847C8
:102B58000420EFF3108272B6237A052BD9B24FF016
:102B6800000359D12372D8F83810A14201D1C8F80E
:102B78003830B2BB62B634E0636813B940F215214D
:102B8800B0E72946204698470346ADF80400C0B28E
:102B9800C3F30723012B2FD0022BDAD11AE0636885
:102BA80013B940F21D219DE7204698470020D0E741
:102BB80063680BB9FE2195E786222A70012259889D
:102BC800AA706A7100225869A5F80310AA7106F064
:102BD80027FC0420D8F83830A34202D10023C8F8D3
:102BE800383000283FF471AF08E0124B29462046E0
:102BF8001B689847034668B9267298B102B0BDE8C9
:102C0800F0814FF415716DE740F257216AE740F201
:102C18005A2167E70220DDE711B940F27B2161E71D
:102C28001846A6E7002B7FF450AF61E72413002075
:102C38002813002040170020134610B5027A22B14D
:102C480040F202311020FDF7BDFC0A460146024859
:102C5800BDE8104007F048BF28130020044890F84A
:102C68002C301BB90349243007F05BBF704700BF05
:102C780024130020E1AA00000346064890F83C20EF
:102C88003AB190F8352022B9034900F82D3B07F0F6
:102C980048BF704724130020312900000A4610B5A8
:102CA800037A23B140F20A311020FDF78BFC01466C
:102CB80007230248BDE8104007F016BF381300206C
:102CC8001346027A0AB1037270470A460146014860
:102CD80007F00ABF281300201B234FF01B120383A1
:102CE8008382C260826283850262038639B94FF4A7
:102CF800A473034A4383C3820261C3854262704757
:102D080048014801014907F015BF00BF43AB000067
:102D18008B89A2F809001046A2F80B30CB89A2F8DB
:102D28000D300B8AA2F80F304B8A0249A2F81130F5
:102D380007F0FABE93AB0000094AD2E9000343400A
:102D480083EAB01181EA43214FEAF34311605360EB
:102D5800044B58434FEAF06000EB8000704700BF17
:102D680064130020BB79379E094AD2E90003434027
:102D780083EAB01181EA43214FEAF34311605360BB
:102D8800044B58434FEAF06000EB8000704700BFE7
:102D980040050020BB79379E10B50A4C0821094828
:102DA800FEF794F8D4E900321343F7D0064CFFF746
:102DB800DBFF2060FFF7D8FF236860601843F6D078
:102DC80010BD00BF4005002064130020174B184AAF
:102DD8009A60184A5A60184A1A60184A9A62184A39
:102DE800DA62184ADA60184A9A61184A1A63184A65
:102DF8001A62184ADA64184A9A64184A5A62184BCE
:102E0800184A9A60184A5A62184ADA62184A1A61C5
:102E1800184A5A61184A9A61184A1A63184A9A64F1
:102E2800184ADA64184A9A63704700BF44170020AA
:102E3800F9AE00001FAF000085AF000041B00000F0
:102E48008BB00000953100009DB0000009340000EF
:102E58009D32000061B1000079B10000E932000044
:102E6800441800200FAF000035B10000BBB00000CF
:102E78006BB00000DBB0000021320000FFB10000A1
:102E8800A7B1000099B100001FB10000044B054A2A
:102E98005A65054B054A1A65054A5A65704700BFC9
:102EA80044170020ADB200004418002097B200007B
:102EB80019B30000054B064A9A65064A1A66064B7E
:102EC800064A9A65064ADA65704700BF441700202B
:102ED8003BA20000EFA20000441800208BA10000D4
:102EE8006FA4000037B5044601A80D46FFF75CF94A
:102EF80020B940F262515120FDF764FB00212222E3
:102F0800019809F060FC019B194601F8035F023D36
:102F1800232D00F28980DFE805F02587128A8A25AB
:102F2800872B878A313D418787458A8A4E4E65655A
:102F380087878787878787878787876C77802168D0
:102F48000D20D1F8D6215A60D1F8DA219A6022688A
:102F5800D2F89420DA60FFF733F9002869D140F2FB
:102F68006951C8E7226892F8A02002201A71F2E796
:102F7800204600F00BFA0028EDD13DE01122062092
:102F88001A7159225A7100229A711E22DA7130225E
:102F98001A72E0E7226892F89A20E6E7084600F0FD
:102FA800E3F9E8E7226892F89B10197192F89A20E1
:102FB80003205A71CFE722680920B2F8F41019717A
:102FC800090A5971B2F8A2109971090AD971B2F8AF
:102FD800F0101972090A5972B2F8A0209A72120AEE
:102FE800DA72B8E7226892F83211197192F833212F
:102FF800DEE7114B1B6813B940F25B517BE72320D6
:10300800224698470420A6E70B4B1B68002BF3D0F9
:1030180022462420984705209DE7074B1B68002B74
:10302800EAD022462520F5E740F2565163E7012011
:1030380091E703B030BD00BF441900203F289ABF74
:10304800024B53F820000020704700BF44170020AF
:103058003F289ABF024B53F820000020704700BF5A
:1030680044180020F7B5056804464FF6FF77D5F8F1
:10307800BC600DF102010DF101023046ADF802709D
:1030880006F087F901A9304606F0A5F948B101987C
:1030980006F029FA2168A83100220272FFF7FEFD26
:1030A800E7E7044905F1280003B0BDE8F04007F060
:1030B8003BBD00BF8DAE0000F0B5044685B00D469F
:1030C800FF2600F8A56C10F8A63CF3B1174F3B7823
:1030D8001BB162211F20FDF775FA0C21381DFDF781
:1030E800F5FE3E70002304F8A53C8A232A4602F820
:1030F800033BD4F80930C5F80330D4F80D305360D9
:10310800D4F81130936005B0F0BD01A80C21FDF78B
:10311800DDFEA4F5F873039A1A6001AB03CB44F8FB
:10312800AE0C44F8AA1C04F8A66CDBE76C1300206C
:1031380010B5054C23782BB90C21201DFDF7C6FED0
:10314800FF23237010BD00BF6C130020024690F8C7
:10315800DE31BBB990F8DF3103F0FF010BB100207D
:103168007047094B18780028F9D01970D9680433CA
:10317800C2F8941003CBC2F8D601C2F8DA11FF23C3
:1031880082F8DE31012070476C130020026838B5E0
:10319800D37B04460D463BB1122B05D0103B0F2BB9
:1031A8008CBF0120082038BD92F8523013B9204650
:1031B80007F02EFED5F80B302268C2F8CE31D5F8CC
:1031C8000F30C2F8D2312368D5F81320C3F8902005
:1031D800B3F8AA20A3F88D22D5F80120C3F88F22CE
:1031E800D5F80520C3F893222368B5F809200025EF
:1031F800A3F89722236883F8A25183F8DE51206848
:10320800044900F5217007F08CFC23681522284634
:10321800DA73C8E7C1300000036810B5DA7B0446EA
:103228001F2A04D040F2AF211F20FDF7CBF900215F
:1032380093F8522083F8511092B1B3F8AA2003F5FD
:10324800D270C3F8AD1183F85210A3F8B111A3F8E6
:10325800AE210E4907F06EFC23680022DA7310BD18
:10326800B3F8AA1003F2931083F89C21A3F89D11D8
:10327800012183F8A02183F89F1183F8A121044933
:1032880083F8A32107F04DFCE6E700BF29B0000052
:1032980011B0000038B505682B6813F0010419D186
:1032A800D1F801200C4BD1F8051013400B4AC5F892
:1032B8006230C3F307630A4043F00803C5F8662089
:1032C80085F8653007F0A4FD2B68204643F001031C
:1032D8002B6038BD0120FCE72FC904F76FDB0080A5
:1032E800006810B5837B042B28D1D1F801304A1C23
:1032F800D1F80540C0F86230C3F30763C0F86640F0
:1033080043F0080380F86530002380F84A3083735F
:1033180090F8753103F0FF040BB1002010BDB0F830
:10332800AA3000F26D1044724381D1F8013004498B
:10333800C3605368036107F0F4FBEEE70120EDE793
:10334800F5B00000006890F875314BB9B0F8AA30B4
:1033580000F26D10034943811A23437207F0E1BB61
:10336800704700BFF5B0000010B50446FEF7C6FE72
:10337800044A054B024009200B40C4F80120C4F858
:10338800053010BD2FC904F76FDB008037B50C4638
:103398000568FEF7B3FE0A4B0A4A03400A4095F84F
:1033A800621000930B4001928DF800306B4603CBFE
:1033B800C4F801000920C4F8051003B030BD00BFEF
:1033C8002FC904F76FDB008038B5DB04154604D538
:1033D800037D13B10023436338BD446B0134446358
:1033E80007F0E8FE836B9C42F6D30023034943634E
:1033F8002846BDE8384007F09DBB00BF55B1000026
:1034080038B504680546A37B012B02D023689807CA
:1034180038D494F853309A0713D44A78D80784F8E4
:103428005D204A88A4F85E208A88A4F8602043F0CA
:10343800020284F853200FD5134904F1540007F011
:1034480079FB94F85330D90711D423689A0708D523
:1034580058214020FDF7B6F894F83631002BEBD10F
:10346800EFE743F002032846236007F0D1FCA37B73
:10347800012B4FF0000301D0002038BDA37384F85E
:103488004A30F9E70120F8E7DDB1000070B50568BA
:10349800044602F033F9054B0146E8721B681BB17C
:1034A8002046BDE87040184770BD00BF4C19002089
:1034B800024B1B6803B11847704700BF481900202A
:1034C800F0B51F4D00242B7814709BB1013B6D683B
:1034D800DBB21E1B012E0FDC05EBC40655F8347059
:1034E80076688E4208BF874227D0B84271EB06063D
:1034F80012D214700020F0BD1E197710C6F34706CB
:1035080055F837C005EBC70E8445DEF804708F41C7
:103518002CBF33463446DCE705EBC30455F833507B
:1035280064688C4208BF854206D0A84271EB040447
:1035380028BF01331370DDE71C4601201470DAE759
:103548008C13002010F0070208B503D0632148202F
:10355800FDF738F818B1034B197258601A70C80093
:1035680008BD00BF8C130020014B00221A70704761
:103578008C130020FF23084A0B700D234B70822305
:103588008B701368C1F803305368C1F8073093682B
:10359800C1F80B30704700BFA2130020162200218B
:1035A800014809F010B900BFA21300200B4B5A7D47
:1035B80092B14A0610D5B0F8AA2009491A80D0F865
:1035C80058225A60D0F85C229A60C28803F10C0035
:1035D8005A800222FFF774BB704700BFA213002075
:1035E8007D350000094B53F8203003F5224370B5B0
:1035F800B13316464FF47A720C46B3FBF2F53444F5
:1036080002F0D6FE2C44204470BD00BFECE102005D
:103618002DE9F04F8BB0044698460F46039290F878
:10362800199106F00EFD824694F82301FFF72CF954
:10363800824407F024FEE37B00F148061FFA8AFA69
:103648000293039B002B4AD1637B032B47D1029B38
:103658000C2B32D1B4F87432BB422ED1D4F8F831E5
:103668002046B4F8CC21C4F8E831D4F8C430C4F802
:10367800EC31B4F86A321344C4F8F03101F0EAFFCF
:10368800D4F87C2241F64B5194F82131C4F8C42077
:103698008A428CBF002303F00103D4F87812D4F8CF
:1036A8008022C4F8D41084F822310223B4F87612A8
:1036B800C4F8CC20A4F8D8106373E37BA17B282B33
:1036C80001D028290BD1B4F87432FB1A1A0406D495
:1036D800A1F1280320465942594101F0AFFBB4F843
:1036E800685204F50E73B4F806E07D1B94F819B11E
:1036F800A7EB0E0E04932DB20FFA8EFE002D0FDAF3
:103708007546D4E99423C4E998230122637B032BEB
:1037180000F26481DFE813F0060006015A0029016F
:103728004246F3E70121002006F082FF8146D4F8E3
:10373800D4005146484403F0C3FD5146C4F8F4018F
:10374800D4F8C40003F0BCFD07A9C4F8F80108A820
:1037580002F09EFD079B0093DDE90823D4E9980158
:1037680008F01CFC834604F1A80007F0FAFDD4F821
:10377800D420D4F86C3294F81901D51802F020FE40
:10378800D4F8F41100F52240203D4FF47A73B1309B
:1037980032466D1A3031AD1BB0FBF3F04D44B4F82E
:1037A800D830A5EB0B0503EB41012D1A94F819014C
:1037B800FFF718FFD4F86C32C4F8FC01EB1AB92BE8
:1037C8005DD840F2CA413020FCF7FCFED4F8D43072
:1037D8005146D4F8EC01184403F072FD5146C4F880
:1037E800F401D4F8C40003F06BFDC4F8F80104F147
:1037F800A80007F0B6FDD4F8D430D4F8EC511D4435
:10380800B4F8CC31002B40F08980B8F1000F00F0FB
:10381800858094F8190102F0D3FDD4F8F411D4F896
:10382800583200F522406D1A94F81921B130203D24
:103838001D44854B53F822204FF47A7302F2E73285
:10384800D4E9949AB2FBF3F2A5EB0905B0FBF3F0C7
:103858001544AD1B2D1AD4F8F021D4F8E83194F8AA
:10386800190102FB0313B4F8D8103246303301EBC8
:103878004301FFF7B7FE0123C4F8FC016373D4F8D2
:10388800C430D4F8F821723B9B1A9E1B0023864251
:1038980084F83832D4E9983228BF064604F1DC00AF
:1038A8005B19C4F8C86142F10002C4E9923207F01A
:1038B800B6F904233044A4F8687284F84132C4F895
:1038C8003C02D4E99223C4E99823B4F8B831DB1B4D
:1038D8001BB2002BD4BF00220122520084F84022E0
:1038E800029A0C2A7DD0B8F1000F7DD1637B002BA2
:1038F80000F09680D4F8C41004F50E70D4F8F831AE
:10390800C91A06F058FE80B2002800F08980149B7E
:1039180003B1188001200BB0BDE8F08FD4F8F41182
:103928006D1A98E7D4F8F801D4F8C430B4F8CCC1CB
:103938001B1AD4F8F011F444D4F8E8215D43D4F804
:10394800F431ACEB010C30330CF1FF3C02FB0133DA
:10395800B4F8D810324600FB0C3301EB430158464B
:10396800FFF740FEC4F8FC0189E7D4F8F8A1D4F8C1
:10397800C430B4F8CCC1A3EB0A035D4332B3BCF145
:10398800000F23D1D4E99623D4E99401904271EB36
:10399800030302D340F2115115E72B4B203A53F899
:1039A80029304FF47A79D4E99401CDE9040103F27E
:1039B800E73103F522430498B133121AB1FBF9F148
:1039C800B3FBF9F30A44D21A921B15440CEB0E010F
:1039D80032460AFB01F130314900C0E740F2295173
:1039E800F1E6B8F1000F1BD0B4F8E00110B3B4F859
:1039F800E21194F8E4214D1CA4F8E21101FB022223
:103A080090420DDD002B0BDD0023A4F8E25184F871
:103A18004032FFF791F900F00700013084F8E40123
:103A280004F50E7104F5047004F0F4FB20B940F2BB
:103A38007351C8E60146DCE7039B83F0010384F871
:103A48000832002067E700BFECE102002DE9F843E7
:103A58000E46044618B9D8213020FCF7B3FD0529D5
:103A680000F2A780DFE801F00376413DA52E08F0BB
:103A780039FBC4E94601204600F060FFD4F80C0188
:103A8800A43808F085FA204607F0F4FF054600BB85
:103A98000146204607F02BFF00F1AE06D4F80C01D2
:103AA800B04209D2301A0321192838BF192008F06A
:103AB800EBFA60B108F06EFAC4F80C61204607F022
:103AC800EBFF45B12046BDE8F84307F0E6BF012506
:103AD800F2E70025F2E7D4E94623C4E94023BDE82C
:103AE800F883BDE8F84302F0DFBB07F00BFF0423BF
:103AF8008146884684F8113108F048FA07220F46B3
:103B0800A9FB023102FB0811D4E940525B1941EBD1
:103B18000205D4F8E8203AB159EA080204D09842DC
:103B280077EB050228BF012684F81061D4E94826FE
:103B3800121A66EB070694F8301139B9012A76F1A2
:103B480000010BDA204600F001FF03E0012A76F1BC
:103B58000006F7DB002384F82831C0E7984277EBAA
:103B680005010FD259EA08080CD01B1A65EB0701AA
:103B78009A4276EB010005DB012B71F10000A4BF2E
:103B88001A460E460C49012304F1C000914284F8FC
:103B980029314FF0000384F80831B341B8BF0A4611
:103BA80004F5847104F0AEFB002898D140F2C3619B
:103BB80052E7F42150E700BF0040420F2DE9F843D7
:103BC80004460E46154690F8283103F0FF07002BEF
:103BD80040F0948000F1C00839467822404608F049
:103BE800F2FD22464649404608F0EEFAC4F8E8607D
:103BF800FF2384F8283166B1FFF7B6F800F0070014
:103C080032464049013086F8E40106F5047008F0B0
:103C1800DBFA40F202434FF00009A4F8103184F8AF
:103C2800089103F0A3FB00F14906204607F022FFA4
:103C38000146B6B2C0B306F004FA00F128012846DE
:103C480089B203F03DFB2844AE3DC4F80C0108F0EE
:103C58009DF93018A4F81E9041F10001C4E946010D
:103C6800012084F8EC0007F0AFFF2D1AC4F8F050DB
:103C78004FF0FF356FF000414046D4E94623C4E9D0
:103C88004851002504F58471C4E93E23C4E9402362
:103C980084F8295142F2107204F034FB38BB4FF417
:103CA800DF713020FCF78EFC2046DFF85C9007F0CF
:103CB8001EFEAE30C4F80C01B9F8000048B1E08B24
:103CC80038B1FFF751F8B9F80030B0FBF3F202FB56
:103CD8001300064408F05AF9361841F10001C4E906
:103CE8004661002DC4D0AD1941F10001C4E7294651
:103CF800204607F0D4FE3846BDE8F8830C27FAE7DB
:103D0800553A000085B30000B8130020F0B5002331
:103D180085B0CDE9003301238DF806306846FCF7FD
:103D2800B5FF70B10123104EB3700023CDE9023303
:103D380002A8FCF7ABFF044638B10023B37005B006
:103D4800F0BD009807F002FCE8E7029D6B7B002BB2
:103D5800EED005F50477384608F03DF9384608F006
:103D680046F96C73E4E700BFB8130020044B002247
:103D7800DA709A7042F210721A80FFF7C7BF00BF5C
:103D8800B8130020014BD870704700BFB81300204B
:103D980008B501F0B5FF044B5A6882422ABF9878EB
:103DA800002080F0010008BDB8130020F7B50446D4
:103DB80006297BD8DFE801F004251523282D740097
:103DC8003C4B9B7803F0FF025BB900920123B0F8EB
:103DD800BC11FFF71DFC30B140F2DF613020FCF769
:103DE800F1FB0423637302F02BF904F0FFF90023BD
:103DF800E288A4F86A32A4F8062284F8093203B0EB
:103E0800F0BD03234373FAE708F03DF8C4E99601CF
:103E1800F5E790F8190107F094FA6430D4F8F8310E
:103E28009528D4F8C450234F8CBF0020C0F19600C9
:103E3800C218954288BFED1AFB7894BF00252D1A49
:103E480023B9D4F8DC309D4228BF1D46D4F8C86198
:103E580004F1DC0006F0E3FE0644022008F0EAF86C
:103E68000221AD1B25EAE575854228BF054628468F
:103E780008F00AF910B12E4408F08CF80123C92281
:103E8800314604F1A80006F08BFFD4F8C8317860F9
:103E9800D4F8C400184403B0BDE8F04008F078B87E
:103EA800A83003B0BDE8F04007F05BBA40F2AD714E
:103EB80094E700BFB8130020014B1880704700BF7B
:103EC800B81300200346074A1068D3F84920C0F801
:103ED8000320B3F84D20A0F8072093F8481006F007
:103EE800F7BC00BFC013002070B504460E46134649
:103EF800807D6588324615F0040118BF04F157012A
:103F0800FEF70CFC4107054621D4C2070BD5012357
:103F1800A07D84F84830FEF765FC0368C4F8493092
:103F28008388A4F84D30AB0701D4012070BD094B3C
:103F380001211868D4F8573084F85610C0F80930B1
:103F4800B4F85B30A0F80D3006F0CBFCEDE70020AC
:103F5800ECE700BFC013002038B5C38C04460F4DF2
:103F68000133C3F30E03C3842B7C2BB102F066F933
:103F780001F060FC00232B7400232B7194F8693046
:103F88002BB101212046BDE8384007F0AABB637C6D
:103F980013B1E28C9A42F4D20021F3E7C013002057
:103FA80010B5074C2379012B05D1237C1BB102F0F6
:103FB80045F901F03FFCA069BDE81040FFF7CCBF10
:103FC800C013002070B5254C2379012B04D040F68E
:103FD8007A412D20FCF7F6FA98B90125237C1BB10C
:103FE80002F02CF901F026FC002D36D0A06907F06C
:103FF800C8FA68B301F0D0FFE369BDE870409B6878
:1040080018472168A26911F8095B02F1490392F87F
:104018004820E80906F075FA0028DED0002120685B
:1040280006F084FC0028D8D02379A069012B02D09F
:1040380040F65441CDE7237905F00F01E26903F119
:1040480080435269013B52F8233098470546C5E73B
:10405800A069BDE87040FFF77FBF70BDC0130020A6
:104068000346074A906903B909B9FFF775BF137981
:10407800D26903F180431269023B52F82330184792
:10408800C013002003292DE9F043054685B01746E3
:1040980007D14388980723D40024204605B0BDE8FB
:1040A800F083428890F86830D107DBB2F4D5002B52
:1040B800F2D14FF00108DFF8D49099F81060C6B13A
:1040C80006F063FA0828387016D002AA0DF1070125
:1040D800FEF7FAFA38B940F6D9612D20FCF772FAE2
:1040E8004FF00208E7E702A99DF8070007F0AFF8CC
:1040F80006463B78082B08D1D9F8001011F8030BB5
:10410800C0F3801007F0A3F80646D9F8001005F1AF
:10411800500395F84F2011F8030BC0F3801006F0F8
:10412800F0F9D9F80010044611F8030BC0F3801019
:1041380006F021FA8146FEF767FB40B1B9F1080F96
:104148001BD04846FEF7ECF980F00103D8B23A7864
:10415800082A14D01CB9AC7DA21A544254416A886A
:1041680053079AD4002897D176B9EC7C444518BFF8
:10417800002C0CBF012400248FE70020E7E780F023
:1041880001022240D4B2EAE7344686E7C013002091
:104198002DE9F04F85B00823052104460DF10702EB
:1041A8008DF80730FFF76EFF064620B90026304627
:1041B80005B0BDE8F08F794F396807F112037A7CB2
:1041C80011F8030BC0F3801006F09BF98046002815
:1041D800ECD13B6840F2E249A16918468D7D10F8A0
:1041E800032BC2F340122A401D468A75D3F80320D8
:1041F800C1F8AD208288A1F8B12015F81F1BA2696B
:10420800C1F3801182F8AC1002A9D3F81F00029004
:1042180028790871D3F80F00C2F8C800587D1D7DB1
:10422800000440EA0520DD7C2843C2F8D000B3F83A
:10423800190082F8228109FB00F0C2F8C4009D7DB4
:10424800C5EB451005EB800505EB85056D00A2F86B
:10425800D850B3F8170009FB00F0C2F8D400B3F83F
:104268001B00A2F8CC00B3F81D00A2F8CE0093F80A
:10427800243003F01F005B0982F8220082F8233102
:10428800A56994F912A005F1160006F07EFA40F22D
:104298000113A5F818314FF0FF0B85F81AB1414604
:1042A80005F1DC00FEF718FD514605F1A800FEF700
:1042B800E1FAA36984F8738004F17E01B3F8AA20B7
:1042C80084F891B0A4F874204FF6FF729DF80700A7
:1042D800A4F89220D3F8C420B2FBF9F2A4F88A20FB
:1042E800B3F8CC20A4F88C20B3F8CE20A4F88E2004
:1042F80093F8232184F89020627D62B394F84820D3
:10430800012A28D194F84E2002F0C002402A22D176
:10431800D4F84920C4F87E20B4F84D208A800828B3
:1043280093F8AC2003F1AD0504F1840184F87720FB
:1043380004F17802D3F8AD3027D0C4F88430AB88C4
:104348008B8004F17701FEF7BFF940B940F6D3310D
:104358002D20FCF737F90022C4F87E20DEE794F818
:10436800773043F0020384F8773004F16A000C498F
:1043780006F0D7FB0B4B0022A0691B683A71002B93
:104388003FF415AF2146984711E7A367AB889380A0
:104398000023C4F884308B80E7E700BFC0130020F7
:1043A80013B800005419002037B5044640880D465C
:1043B80010F0040003D12279962107F06EFD032D39
:1043C80004D0052D59D0012003B030BD08230DF1CC
:1043D8000702294620468DF80730FFF753FE0028CC
:1043E800F1D0237C2A4D03B39DF8070094F8B6302A
:1043F800DBB92378082804F1B90284F8B7302DD046
:1044080004F1B801FEF760F920B940F652712D2089
:10441800FCF7D8F894F8B83043F0020384F8B830C1
:104428001C4904F1AE0006F07CFB2B6804222046F0
:104438001A7006225A70FFF745FD616B94F8382010
:10444800286806F064FA032328682B7101F082FEBD
:104458000021286807F02DFD0020B5E728680346ED
:1044680013F8031BC1F3801184F8B810D0F80310B7
:10447800C4F8B9109B889380D2E7074B1B68002BC0
:10448800EAD02046984780F00100C0B29CE700BF00
:10449800C0130020FBB7000050190020F8B50446EF
:1044A8000F4619B300F12005284607F06AFBA0B9AA
:1044B80063881A072ED5284607F078FB0646284653
:1044C80007F05FFB301AC0B207F07EFB3E4A9368E4
:1044D80003442846936007F033FB284607F035FB72
:1044E80001F0C8FC2179252001F02EFC364E00236E
:1044F80094F856203068037043706388103B0D2B86
:104508005CD8DFE803F0575B530C5B385B5B5B5BA5
:104518005B5B5B382046BDE8F840FFF71DBD06230E
:104528004370202303702046FFF7CCFC638823F0F8
:1045380008039BB2152B05D094F83020E16A306847
:1045480006F0D6F9306801F005FE0021306807F062
:10455800B0FC022321790020337101F099FC054653
:1045680007B9F06063881B0704D507F02AFB0544E8
:10457800C4F8F450F8BD0C2321214370034603F816
:10458800091B52B1D4F857200121C0F80920B4F80A
:104598005B209A8006F0A5F9C5E7226DC0F80920CE
:1045A800B4F854209A8094F84F10F3E70623037068
:1045B8004370B8E7022303700623F9E740F2596114
:1045C8002D20FBF7FFFF00BFC01300204288102AF0
:1045D80010B504D10121BDE81040FFF75FBF0B4CB7
:1045E80096210279012007F058FC237C23B101F0C1
:1045F800FBF8402001F016FE206801F0ABFD00201A
:1046080001F0F6FD0123237110BD00BFC013002087
:10461800024B01219869FFF741BF00BFC01300207A
:1046280010B5124C237C1BB101F008FE01F002F911
:10463800A06906F0A6FF38B12379012B09D040F60E
:1046480077312D20FBF7BEFFA069BDE81040FFF7CA
:1046580083BC2379E26903F18043A069D268013BF6
:10466800BDE8104052F82330184700BFC01300209F
:10467800074810B5037903F0FF0433B91422214623
:10468800043008F0A0F8204610BD0C24FBE700BF5A
:10469800C013002010B50023094C2371FDF71AFD43
:1046A8002060FFF7E5FF20B14FF442712D20FBF7A2
:1046B80089FFE36913B940F20B31F7E710BD00BF7A
:1046C800C0130020014B024ADA617047C013002072
:1046D8009C490000034B044A1A60044B044A1A60C0
:1046E800704700BF5019002099410000541900205C
:1046F8009DB60000F8B5057D0446AF1EFFB2002D3B
:104708003AD0012F2DD800F1500190F84F0005F054
:1047180032FF0828064624D0FDF70EFF10BB023DE5
:1047280018BF0125012F84F84850A6758CBF0027B3
:1047380001276775FDF7C2FF054607F027FC002231
:10474800144B84F85620E5FB0301C4E91001114617
:104758002046FFF7C9FB70B940F2A3412D20FBF7B3
:1047680031FF0826022D09D104F149010020FDF787
:1047780071FD60B90020F8BD0826F5E704F149018C
:104788000120FDF767FD0028F4D00125CAE70025C0
:10479800C8E700BF40420F00F0B5444E85B004465C
:1047A800327902F0FF0312B90278FF2A04D140F6E9
:1047B800DD112D20FBF706FFB36080F869303C4B14
:1047C800684604F1200500933A4B01933A4B029353
:1047D800F3695B68039301F0B5FC01F0E1FA01F0BD
:1047E8002DFD01F027F8354801F03AFB344801F077
:1047F800A3FC284607F0A4F9284607F0A6F901F01B
:1048080039FB2179252001F09FFA94F9120001F073
:1048180021FB04F12C01A06A04F07AFF074604F199
:104828003401A06A04F09BFF0546DFB1237FCBB1BA
:10483800B4F92650ED43ED0F637D13B963885B0728
:1048480009D56FF00043D4E910129A4208BFB1F1BC
:10485800FF3F0DD19DB930680330FDF74DFF30742F
:1048680005B0F0BD002DE7D0657F002DE0D1E3E76E
:1048780007F08CFBD4E9102390429941EAD3012236
:1048880029462046FFF730FB50B1FDF717FF0546D4
:1048980007F07CFB0B4BE5FB0301C4E91001DAE7E9
:1048A800002DD8D040F61C2183E700BFC01300209C
:1048B80029460000CD3F000069400000D6BE898E21
:1048C8005555550040420F0073B50446FFF764FF85
:1048D80000212046FFF7E2FD236E0BB101221A608A
:1048E8006388DB0724D50023124EA569CDE9003380
:1048F800FF2373746846FCF7C9F9C8B9009CA54240
:10490800F8D005F1B40395F8B32004F1B40194F894
:10491800B30005F0F6FD0028ECD094F8AC30B4F8FC
:10492800B1207374D4F8AD30C6F81230024B9A80B7
:1049380002B070BDC0130020D2130020024B986152
:10494800DB691B68184700BFC013002043881B079A
:1049580010B504460FD583693C2209496A30427272
:10496800B3F8AA304381FF2380F827304FF6FF734E
:10497800038506F0D6F8FF2384F8693010BD00BF20
:1049880013B800005FB80000D545000065B8000006
:10499800B1430000D1480000A93F000019460000BB
:1049A8008C4900009049000098490000013802280D
:1049B80008B503D9C4212F20FBF704FE13290A4B9D
:1049C80005D811290CD8102907D0D221F3E71529C9
:1049D800FBD103EB4003D88801E033F8100008BD91
:1049E80003EB40039889FAE768E10200294A38B5E1
:1049F8000346948810681C43402B948004D10421FA
:104A0800BDE83840FFF7D2B9802B01D10521F7E77F
:104A180003F00304032C04D140F65F313120FBF787
:104A2800D1FDDD0706D50C6891602478062C0FD0DF
:104A38000B2C17D09C0706D509680978052911732E
:104A480019D00B2921D09B0644BF0823537338BDC6
:104A5800C47B1B2CEED100240025C0E91C45012491
:104A6800C474E7E7C47B112C01BF0024C47401247B
:104A780080F85240DEE7C17B1729E4D100240025E5
:104A88000121C0E91E450175DDE7C17B1029DAD196
:104A98000021F8E7E01300200C4A0346517B89B94E
:104AA80010683BB9B0F80C11B0F8FC20914209D855
:104AB800FFF76EB993881B0706D5007C073818BF27
:104AC800012070470020704701207047E013002044
:104AD80073B5044600680D46036813F0300F49D1DA
:104AE800B1F805101A2904D9B5F80730B3F5A47F31
:104AF80006D22978204602B0BDE8704006F0B1B968
:104B0800B5F801201A2AF4D9B5F80360B6F5A47FE0
:104B1800EFD3DC30009606F092F8174B9A8892078C
:104B28000DD51B7B142B0AD12268136843F01003A0
:104B38001360204606F06CF9002002B070BD2368AF
:104B48009A7B202AF0D093F82731002BECD12368E8
:104B580093F82631002BE7D123681A6803F1DC01AA
:104B6800B3F8AA0042F020021A6003F5A672FEF715
:104B7800CFF8DEE70120E0E7E01300202DE9F84355
:104B8800614D06462C6800287ED1AB881A0725D5CA
:104B980094F89E30FE2B04D140F2BE513120FBF731
:104BA80011FDFE2384F89E30E37B1D2B05D184F88C
:104BB8005100284606F036F9E673A37B232B06D16D
:104BC800E37B233B072B94BF2A232423A373237C53
:104BD800072B02BF0223AB7384F89E30AB88DB0738
:104BE80017D4AB885F0776D499077DD5287B012237
:104BF8002B680D2883F89F2073D011287DD00728B3
:104C08007DD0FEF725FA034600286BD140F2B1515A
:104C1800C4E7D5F80080A96898F80F30D1F800905B
:104C2800103B99F800700F2B09D8BB1EDBB2092B7B
:104C380067D840F2333222FA03F3D80761D50979ED
:104C48003846FDF75BFE20B939462F4806F009F9CA
:104C580039E0012F01D9162F21D198F80E0006F05E
:104C6800F0F840B198F80E30232B04D0242B07D14C
:104C78002A2388F80E303846FEF7E0F903461BE091
:104C8800162F14BF022620266B7B1B0704D5E37B57
:104C9800103B0F2B98BF08263046BDE8F883112F2C
:104CA80015D005D8072F14D00D2FE4D1174B05E0E8
:104CB800142FE0D1164B1B68002BC5D0AA684946B3
:104CC80011481279984700288BD00646DCE7114B2B
:104CD800F4E7114BF2E7227C062A04BF0122AA73EB
:104CE80082E70E4B08489847AB88DA06CCD5E37BB9
:104CF800092BC9D10A23E373C6E7094BF2E7094B2D
:104D0800F0E70826C0E700BFE013002047BD000019
:104D1800581900208BBD0000B54D000071BC000083
:104D2800BDBC0000E7BC00002DE9F041A0F10E0475
:104D38000B1E1646E4B208BF1F23172C0AD80125FC
:104D480040F25121A5400D4207D115F460051FD14D
:104D5800082C07D00020BDE8F0810021BDE8F04113
:104D680006F036BF1468A17B242906D119463046BF
:104D7800FDF7ECF984F8305105E02A29EAD1E37B04
:104D8800233B072BF3D80023A37384F84A30E1E7C9
:104D9800054A1468002CDDD01A46014623463046E1
:104DA800BDE8F041184700BF5C19002070B54D7888
:104DB8000446A5F10E03DBB2152B0CD8012140F2F5
:104DC800512201FA03F6164207D10268152B927B8D
:104DD8002AD0082B07D0002070BD02462846BDE81F
:104DE800704006F0F5BE242A01D02A2AF3D12046C5
:104DF80006F006F82368DA7B252AECD093F86320BE
:104E08001A21204622F0010283F86320226892F8D2
:104E1800633023F0080382F86330FDF797F92368BD
:104E2800002283F83021D6E72C2AD4D1024B1B6804
:104E3800002BD0D09847CEE760190020064B13B559
:104E480004461A68019001A805F01BFB06212046BC
:104E5800FEF7ACFF02B010BD6419002073B5484DD1
:104E6800002604462860AE806E73AE73FF2380F878
:104E78004C30B0F8BA31002B7CD090F89E30FE2B25
:104E880078D190F82431002B74D0037C063B012B99
:104E980070D990F825310221A0F84460012280F8E9
:104EA800A03006F0EEFE0221284684F8C261FEF723
:104EB80019F8B4F8BE112046B4F8DA300139B4F85C
:104EC800C02189B2B1FBF3F31344A4F8C031B4F89C
:104ED80040300B44A4F8403006F020FF10B1636B5B
:104EE8000B446363B4F8BA310026012B9CBF01332D
:104EF800A4F8BA3109B184F8C661E37B84F8C261C9
:104F0800093B012B0FD8E388B4F874229B1A1904C3
:104F180009D404F2762104F1160005F036FCE67394
:104F2800FF2384F84B30B4F8BE2104F1A8012046D1
:104F380005F072FCE37B134A103B13490F2B8CBF1F
:104F4800002301230093114B2868FCF7FDFB2C6814
:104F5800237BDA0703D500210948FDF7F7F8237BFF
:104F68009B0703D504F24310FDF7CCFE00232373FF
:104F780002B070BD94F89E10FE299AD0004896E7BA
:104F8800E0130020A14A0000F5490000994F0000F5
:104F98002DE9F047B24F0E468046B9883C688D052A
:104FA800204655BFB4F8402000230132A4F8403011
:104FB8004CBF84F8C631A4F8402006F0AFFE38B1E3
:104FC8000B4604F59D7204F1A8012046FEF7FCF992
:104FD800BB8803F4C06323B1A37C002B45D0032B0B
:104FE80049D0A27CBB88012A03D1180544BF0222FC
:104FF800A274B8F1000F40F08F80590657BFB4F87B
:10500800E0214246013292B2A4F8E02103F00A02FC
:105018000A2A0CD13A7B022A09D123F00803304628
:10502800BB80FFF7ABFD30430823C6B2BB803046D8
:10503800FFF7A4FD3D68304395F89E30C6B2FE2BBD
:105048003BD1D6BB2B7C063B012B36D995F82431B6
:10505800ABB195F8253101220221A5F8446085F805
:10506800A030284606F00DFE27E00121A174204655
:10507800FEF79CFEB5E702230121A374F7E795F834
:105088000FA0AAF10F0A5FFA8AFABAF1100F40F2DC
:10509800E9802B68DA0702D532460921E1E798074B
:1050A80040F18D8032460C21284606F0EAFD95F83D
:1050B800533043F0010385F85330B4F8C03194F805
:1050C800C3510133A4F8C031002D00F0FB81FCF777
:1050D800DFFB10B10023A4F8C031A17C012940F204
:1050E8002382237C072B40F00582B4F84030022B42
:1050F80040F21A82B4F842500135ADB2E3882B442D
:10510800A4F8B83194F8C431002B00F011820123BF
:10511800E2881344A4F8BC31BB883D685B0657BFDE
:10512800B5F8CC310023B5F8BE219B1858BF9BB207
:10513800A5F8CC3195F824311BB92B7C063B012B03
:1051480006D8B5F84430B5F8BE211344A5F8443064
:1051580095F84A1031B1B5F84630B5F8BE21134478
:10516800A5F8463095F95020002AC1BFB5F84E3051
:10517800B5F8BE011B18A5F84E3095F8313063B963
:10518800B8F1000F40F05E82BB7B022B40F0168224
:1051980095F8A030062B18BF162395F8302022B9B1
:1051A8002F4885F83130FDF75DFF284606F016FEDA
:1051B800002384F84C30BDE8F047FDF71DB85907C7
:1051C80002D5324613214CE71A0706D595F89830D0
:1051D800324685F8A030072143E713F0300F3AD064
:1051E80095F82731002B5BD195F82631D3B1EB7BAD
:1051F80005F1A80005F5937105F27622282B28D031
:10520800AB7BA3F1280CDCF1000343EB0C0305F0A6
:1052180008FD2B6823F0200343F010032B600023C4
:1052280085F826312B68DA063AD505F1A80005F08D
:105238000DFD18B105F24310FDF764FDB5F8F23025
:1052480000221521A5F8A030B5F8F630A5F8A2304F
:1052580007E70123DBE75B0622D50022242100E7CC
:10526800E0130020D7F8009099F80F30172B2DD0B5
:1052780011D8102B1DD0152B1FD0AB7B002B63D161
:10528800EB7B0F3B102B67D995F83E30002B63D092
:1052980001221221E5E61F2BEFD1324606210AE052
:1052A8003868C37B252B3FD0342BE6D1002211214F
:1052B800D8E632460B214846D4E64846FDF746FF75
:1052C80000283FF4FAAE00220421F4E799F870327E
:1052D800012B07D132460521484606F0D2FC89F851
:1052E8007062EAE699F87032022BD9B27FF4E5AE23
:1052F80099F8523053B10623324689F8A03048460F
:1053080006F0BFFC002389F87032EAE73B6840F2F8
:105318000632A3F89A20324699F8623013F0040F47
:105328000CBF0D211121EAE790F83031022B02D190
:105338000022172196E690F83031012B9DD190F884
:105348003131002BF4D098E7082B05D195F8993026
:10535800012285F8A0303EE7BAF1100F7FF6ADAE16
:105368003D6895F80E90B9F1000F7FF4A6AE95F858
:1053780037313BB101220E21284606F082FC85F820
:105388003791AEE795F8363183B195F8539019F017
:10539800030A0BD149F0010901220C21284606F025
:1053A80070FC85F8539085F836A19AE795F8263170
:1053B8003BB395F8273123BBEB7B05F1A80005F536
:1053C800937105F27622282B19D0AB7BA3F1280C18
:1053D800DCF1000343EB0C0305F023FC002385F804
:1053E800263101221421284606F04BFCB5F8F2308C
:1053F800A5F8A030B5F8F630A5F8A2305DE601238F
:10540800EAE795F83031012B3FD195F83131002B7F
:105418003BD1EA7BA2F12303072B36D995F8180173
:10542800012806D0022804D04FF43F710620FBF76C
:10543800C9F895F81911012901D00229F4D10228D7
:1054480095F832310BD0012B14BF0023012343B947
:10545800093A042A7FF631AE0122162101E6022B11
:10546800F2E7022995F833310DD0012B14BF002340
:105478000123002BECD000217548FCF767FE0023C0
:1054880085F8303119E6022BF0E795F839314BB140
:1054980095F8313133B9EB7B233B072B02D9012235
:1054A8002321DEE595F83831012B05D1002385F855
:1054B800383101222521D4E595F83831022B7FF4C3
:1054C800FCADF3E7FCF7DEF908B1A4F8C051FCF72E
:1054D800E7F900283FF401AE94F8C6310133DBB296
:1054E800022B84F8C63182BF0023A4F8C03184F8A7
:1054F800C631F2E594F83E3013B1A37B0E2B13D1DD
:10550800B4F842502046B4F84030ED1A033D06F096
:1055180005FC58B1A36B626B033B9B1A9D42A8BF65
:105528001D46012D3FF7E9AD0125E7E52B46F5E7D7
:10553800012D7FF6ECADE37B13B10A2B7FF4E7ADC9
:10554800A37B002B7FF4E3AD237C002B7FF4DFAD3E
:1055580002297FF4DCAD94F8C631002B7FF4D7AD77
:10556800D4F8BC00B4F8DA9003F064FF00283FF4E4
:10557800CEAD94F89E30FE2B7FF4C9ADB4F8BA31A5
:10558800012B7FF6C4ADB4F8C021B4F8CC309A42F0
:10559800BFF4BDAD013D9B1AADB29BB2B5FBF9F5A9
:1055A8009D4228BF1D4605FB09F3003D03F1010399
:1055B80018BF01259BB284F8C251A9E5012B08D177
:1055C8006B7C002B7FF4E9AD00212846FEF7EEFB4B
:1055D800EEE55EB1F00633D4310733D4B20633D4E6
:1055E800B30733D140F6CB21312020E739B1B5F8E4
:1055F8004610B5F84830994201D32223CDE5002A58
:1056080005DDB5F84E20B5F848309A42F5D2B5F820
:105618004420B5F842309A4209D2AA7CB5F8403005
:1056280052B1B5F842209A42CED80823B5E595F88C
:105638002431002BE1D1F0E7052BC5D93E23ACE599
:105648001E23AAE53D23A8E52323A6E52A23A4E5EE
:10565800E0130020D0F87C32D0F8C420934213B570
:105668000446019005D1D0F88012D0F8CC209142A0
:1056780016D0B4F8AA2004F281101049A4F88B219E
:1056880040F2E242B3FBF2F3A4F88D31B4F8803271
:10569800A4F88F31B4F88232A4F8913105F04AFAAF
:1056A800B4F8822201A8D4F87C12FDF7FBF8002395
:1056B800E3730323A37402B010BD00BF65AF0000FD
:1056C80008B5FDF7E3FB024B024A1A6008BD00BFAC
:1056D80058190020D94A0000074B93F900301844A4
:1056E800142804DC10F17F0F03DB40B2704714204C
:1056F80070476FF07E007047F11300207F2307B5D5
:105708000DF107008DF8073000F0A6FD03469DF95E
:10571800070053B1094B5B785B425BB2184414280D
:1057280006DC10F17F0F05DB40B203B05DF804FB27
:105738001420FAE76FF07E00F7E700BFF1130020AE
:10574800024B00221A705A70704700BFF1130020F4
:10575800064BD3F8000138B1D3F8040120B1D3F8CF
:105768000801B0FA80F04009704700BF00A004505B
:10577800034B00221A705A7010229A70704700BFAB
:10578800F4130020F8B50646022014460D4600F032
:10579800CDF8114B114A01275C60191D9A6002F17E
:1057A800807203342D011F70DC601D83C3E9042659
:1057B8000022243303F80A2C0D2203F8092C084A86
:1057C800C2F83015074903C983E80300C2F8087511
:1057D800C2F83835F8BD00BFF41300200300000BF1
:1057E80000A004507CE1020008B5022000F09EF8F9
:1057F8000D4B01221A7000220C4BC3F80021C3F88C
:105808000421C3F808210A4AC3F8802003F5643349
:10581800C3F88C20A3F57C33C3F88C21A3F500537F
:105828000822C3F8042508BDF413002000A0045082
:1058380003000080154A08B51378FBB1002314490A
:10584800C1F8803001F56431C1F88C30A1F57C31A4
:10585800C1F88C3108210F4BC3F80815FFF778FF02
:1058680088B101235370938EFF2B03D9BC213B20B1
:10587800FAF7A8FEDBB29370002313700020BDE88E
:10588800084000F053B810235070F4E7F4130020D8
:1058980000A0045000200450094B1A7862B1094B4B
:1058A800D3F8002152B1D3F8040140B1D3F808016C
:1058B800B0FA80F040097047587870470220704766
:1058C800F413002000A00450064A08B513782BB141
:1058D800FFF73EFF20B192F8340008BD9078FCE74E
:1058E8001020FAE7F413002038B5084C0025D4F846
:1058F8000035032B04BF01236360C4F80055C4F8C6
:10590800005500F099FFC4F8805038BD00A004503D
:10591800054B4FF48062C3F88820BFF34F8FBFF365
:105928006F8FFFF7E1BF00BF00E100E010B504464C
:10593800FFF7DAFF012C06D0022C09D03CB18C21EC
:105948003D20FAF73FFE074B0222C3F8002510BDA1
:10595800044B0322C3F8002502F10042C3F880205B
:10596800F5E700BF00A00450024BD3F8A00300F0F5
:105978000100704700C0FF00084BD3F8A423D3F8F8
:10598800A833511C9BB203D14FF6FF718B4203D051
:1059980002608380012070470020704700C0FF002C
:1059A8000B4B30B5D3F89053D3F89443D3F89813EE
:1059B800D3F89C2305EA04030B401340013317BFB7
:1059C80005600020446081601CBFC260012030BDBA
:1059D80000C0FF000B4B30B5D3F88053D3F8844395
:1059E800D3F88813D3F88C2305EA04030B4013403B
:1059F800013317BF05600020446081601CBFC2608E
:105A0800012030BD00C0FF00064B0022C3F8002271
:105A1800C3F81822C3F82022C3F80C22C3F81422B2
:105A2800704700BF00A0085070B5134D03460846E4
:105A38006E7F26B940F6CF013E20FAF7C3FD63B961
:105A4800012EAC69297F05D100F06AFD20442B693D
:105A5800C01A70BD06F033FAF8E7012B09D1012E00
:105A6800AC69297F02D100F04BFDEFE706F032FA6E
:105A7800ECE70020EBE700BF301400200B4B93F855
:105A8800290088B193F828307BB1094BD3F800245A
:105A980042F00102C3F80024D3F8200500F0F60014
:105AA800023818BF012070470120704730140020C9
:105AB80000A0085008B50128084B1871084B06D0FB
:105AC800022808D040F659513E20FAF77BFD032200
:105AD800C3F8002508BD0422FAE700BF30140020EF
:105AE80000A0085008B570B9104B28311846D96085
:105AF8000F4900F043FF0130012816D940F2CA616E
:105B08003E20FAF75FFD01280CD1084B29311846D1
:105B1800D960074900F038FF0130012805D940F263
:105B2800D461EDE74FF4DB61EAE708BD48050020E2
:105B380084E1020008B50C4B5B78012B09D100F019
:105B480029FF013001280ED940F61F113E20FAF72F
:105B580039FD022B07D100F023FF0130012802D9BB
:105B680040F62511F2E708BD301400200A4B40F436
:105B780009000A4A1B8940F04000B3F5166F36BF8A
:105B8800A3F63813A3F5166343F48073C2F80837F5
:105B9800C2F84005704700BF3014002000A008502C
:105BA80073B50C460546134EFFF784FF2046214681
:105BB800FFF7DCFF01AB96F90520284600F07AFED6
:105BC8009DF8050000F0F2FE20B140F2EB513E20B6
:105BD800FAF7F8FC31469DF9040000F02DFC064B5D
:105BE80040F20312C3F8442E40F25B62C3F8482E19
:105BF80002B070BD3014002000A008502DE9F0411B
:105C080006460C46174606F0CDF90028FBD02F4D66
:105C18004EBB01236B7095F828301BB9A97938461B
:105C2800FFF7BEFF2A4B4FF47A7253F8273003F57B
:105C3800FA73B3FBF2F3274AE41A274BC3F800219F
:105C480029690127234B214485F82870234DC5F87D
:105C58004015C5F8C031FFF711FF044660BB0024AA
:105C68002046BDE8F081012E21D102236B7095F802
:105C78002830B3B995F806803846FFF71BFF404631
:105C8800FFF774FF144BD3F8002442F01002C3F856
:105C9800002440F20312C3F8442E40F25B62C3F8BA
:105CA800482E0D4B293C0B4AC3F80421C8E740F69F
:105CB80042013E20FAF786FCEF64D5F84C358B425A
:105CC800CDDA3046FFF70EFFCAE700BF30140020D8
:105CD800F8E102000B00008000A0085000500850B6
:105CE80040220021014806F06EBD00BF301400209C
:105CF800024B0344187D00F51660704784E10200EA
:105D0800024B98691B69C01A704700BF3014002005
:105D18000A4B1A7FD3E90430C01A094B03EB8203FC
:105D2800DB6BC01A074B53F822304FF47A7203F238
:105D3800F313B3FBF2F3C01A704700BF301400200E
:105D480084E10200ECE10200FF2808B504D940F222
:105D5800CB213E20FAF736FC012904D0022919D0BC
:105D68004FF44F71F5E7002343F4801340F00070BF
:105D78000A4A43F4847340F44030C2F8203EC2F823
:105D8800280ED2F8203503F0F703032B05D140F293
:105D98005631DEE74FF08073E6E708BD00A00850F3
:105DA800F8B5234E4FF48067C6F89070BFF34F8F55
:105DB800BFF36F8F06F0F0F804461E4D06F092F917
:105DC8000121001B1C4C2861C4F8A410FFF71CFE1D
:105DD8004FF40023C4F8401EC4F80034174B187C55
:105DE80000F0F6FD03F014F8154B164AC4F83833E2
:105DF800154BC3F8C820013AC3F8C42040F6FE7218
:105E0800124BC4F81433124BC3F804250023AB8398
:105E18002B85AB614FF48073C6F89071C4F8883451
:105E28002B6C376103B19847BDE8F84000F09ABD84
:105E380000E100E03014002000A0085048050020D0
:105E48000300008006000080005008500100008018
:105E580000200850014B5871704700BF30140020D3
:105E6800020E034B0002C3F8342EC3F82C0E704701
:105E780000A00850044B054A034490711B7D03F5AC
:105E880016631381704700BF84E1020030140020BC
:105E9800F8B5334C06460F4694F8293023B940F23A
:105EA80014713E20FAF78EFB01232E4A84F828301D
:105EB800D2F8003443F00103C2F8003406F072F857
:105EC8000028FBD02EBB0123A17938466370FFF769
:105ED80067FE6378012B02D040F25671E1E7224A4F
:105EE800D36402F5A04213601F4B3046D3F84C55DB
:105EF8002946FFF7F7FD2369ED1A76BB1B4B4FF4D4
:105F08007A7253F8273003F5FA73B3FBF2F3581992
:105F1800F8BD012EE8D10223A57938466370FFF752
:105F2800C9FD2846FFF722FE0E4BD3F8002442F0A5
:105F38001002C3F8002440F20312C3F8442E40F2C2
:105F48005B62C3F8482E6278022A02D040F25F7181
:105F5800A7E7054AD6645E60C6E705F12900D7E7DA
:105F68003014002000A0085000500850F8E102004A
:105F780008B5FFF743FE58B9064B0122C3F84005A0
:105F880003F5A04302201A61BDE80840FCF774BE7F
:105F980008BD00BF0050085037B5254B4FF480614D
:105FA800244A4FF0FF30D3F88844C3F89004C2F86D
:105FB80090114FF40022204904F48074C3F800249F
:105FC80000221E4D2A85C1F84025C3F80821C3F8D0
:105FD8000021C3F80421D3F82015C9B2D1B18DF836
:105FE8000700C3F8202201221A619DF8072012B188
:105FF800D3F820223AB19DF807305BB940F60D116D
:106008003E20FAF7DFFA9DF80720013AD2B28DF860
:106018000720EAE7FFF78EFD0022054BC3F8202290
:106028002A801CB14FF48072C3F8882403B030BDB5
:1060380000A0085000E100E0005008503014002093
:1060480070B50024254D264EC5F84845C5F8444589
:10605800C5F84045C5F84C45FFF79EFF00F088FCA1
:10606800C5F8C441C6F80841C6F80041C6F804415D
:10607800C5F8C840C5F8C440C6F80441C6F8004190
:1060880002F0DEFE174B40F6FE72C6F83843C6F83B
:106098001443C5F8C041C3F808254FF48062124B79
:1060A800DC70C3E90544114BC5F84845C5F84445BB
:1060B800C5F84045C5F84C45C5F84841C5F84441C0
:1060C800C5F84041C5F84C41C3F89020BFF34F8F45
:1060D800BFF36F8FC3F8902170BD00BF0050085008
:1060E80000A00850002008503014002000E100E013
:1060F80070B5104D06462C781CB96C70EC702C8568
:1061080070BD18B1BDE87040FFF746BF013CAA78E2
:106118004FF0960118BF01242046FFF785FCAA78A6
:1061280001462E80204685F82860BDE87040FFF7BC
:106138001FBF00BF30140020014BC3F84C0E70473E
:1061480000A0085010B50FC8014C84E80F0010BD1E
:10615800741400200A490B4B10B50124C1F8D00E65
:10616800586283F82940FFF789FC40B9064BC3F809
:10617800400503200C61BDE81040FCF77DBD10BD53
:1061880000A008503014002000500850144A136929
:1061980018449369834210B5124C09D30220FCF7C6
:1061A8006BFD00230122C4F840350F4B1A6110BD66
:1061B8000123D3706364D4F844250532824206D3A0
:1061C800094AD2F80C120029F1D11361EFE7002334
:1061D800C4F84431054BC4F84405C4F8C431E6E7B3
:1061E800301400200050085000A00850090000801A
:1061F80010B50B4C0346607F217F012822794FF0B0
:10620800960009D100F09AF9A36922699B1ABDE8A2
:1062180010401844FFF7BABF00F0AAF9F4E700BF2E
:1062280030140020044BC3F8940ED3F8002442F035
:106238004002C3F80024704700A00850054BD3F86B
:10624800002422F04002C3F800240022C3F8942E50
:10625800704700BF00A00850044BD3F8183703F06C
:106268007F035B4203700120704700BF00A0085005
:10627800054B0022C3F84025044AD2F82035DBB28A
:106288000BB10123136170470050085000A008505B
:10629800044B30B5D3E90C459B6BC0E900450B6056
:1062A80030BD00BF301400202DE9F0473D4C4FF0C1
:1062B80001083D4E05F06AFE0025C4E90C01C6F848
:1062C8004C80D6F84C35A363FFF734FC374BC3F842
:1062D8000851C3F80051C3F80451C3F80451C3F876
:1062E8000051D3F8002422F01D02C3F80024D6F888
:1062F800482584F82950A261D6F84425626162785D
:106308006277D3F81892D3F82002FFF77DFB6778FD
:10631800022F2BD1E3784BB1D6F8443133B1404644
:10632800FFF7E6FE636CBDE8F0471847B9F1000FC8
:1063380016D0237900202377FFF7DAFE1B4B0021C4
:10634800D3F80C2ED2074CBFD3F81C0E0120A36C37
:1063580048BF00F0010080F00100BDE8F047184791
:10636800E8B10120FFF7C4FE236DDCE7012F13D14C
:1063780023792377B9F1000F06D02846FFF7B8FE36
:10638800E36C39462846E8E748B13846FFF7B0FEDF
:10639800E36C49464846E0E708B14046E2E7BDE815
:1063A800F08700BF301400200050085000A00850AB
:1063B800024B03EB8003D86B704700BF84E10200F7
:1063C800024B03EB8003986C704700BF84E1020026
:1063D800F7B501230D464778014643700446284621
:1063E800164600F04DF94FF47A73124AADF80630AC
:1063F800BDF806309BB243B9BDF806309BB27BB9F5
:1064080040F673513E20FAF7DDF8D2F80431002B3C
:10641800F2D1BDF80630013B9BB2ADF80630E7E794
:10642800677016B9EB78A370AB707B1E5842584161
:1064380003B0F0BD00A004502E3008B5362854D85B
:10644800DFE800F05053535353534D5353535353B2
:106458005353535353534B53535353535853585302
:106468004953475345534353413F3D3B39373533F0
:10647800312F2D2B29272523215A1C003F231F4A62
:10648800C2F8103708BD3323F9E72D23F7E728238F
:10649800F5E72323F3E71F23F1E71B23EFE718238F
:1064A800EDE71523EBE71323E9E71123E7E70F23CC
:1064B800E5E70D23E3E70B23E1E70A23DFE70923F9
:1064C800DDE70823DBE70723D9E70623D7E705231A
:1064D800D5E70423D3E70323D1E70123CFE74FF41C
:1064E8009873CCE74FF48873C9E74FF48E713F2057
:1064F800FAF768F80223C2E73923C0E700A008507A
:106508004FF47A73054A584332F9112000F2E73004
:106518001044B0FBF3F00238704700BFE4E102001A
:106528004FF47A73044A00FB033032F91120104407
:10653800B0FBF3F0704700BFE4E1020038B51D4638
:106548000A4B33F9114003EB820305359B681C4461
:106558004FF47A7304F6B73403FB00441046B4FBD7
:10656800F3F42544FFF724FF284438BDE4E1020092
:1065780070B5064608461546FFF722FF094B03EBA0
:1065880085039C684FF47A7304F6B73403FB06441A
:10659800241A2846B4FBF3F4FFF70AFF0530204419
:1065A80070BD00BFE4E10200024B00221A705A706D
:1065B8009A707047841400202DE9F843064601209C
:1065C8000F4615469846DDF82490FFF7AFF99DF879
:1065D800342006F00303264C43EA0263254AC4F834
:1065E80004350023C4F88030C2F88430A2F57C3228
:1065F800C2F884310222204BC3F80825BDF82830A0
:106608001E4A9380FB6893FA83FCBB6818BA7B68C0
:1066180019BA3B68C4F810C51BBAC4F81405C4F805
:106628001815290AC4F81C352D069DF8203041EAB2
:106638000861D9F804702DBA003B21F00041D9F85F
:1066480000003FBA18BF0123022E00BAC4F8207513
:1066580041EAC3714FF00103C4F8240509BAC4F82C
:106668002815C4F82C55537008BF1370BDE8F8837B
:1066780000A004500030085000200450841400206A
:106688002B4B5A782DE9F04704460D4622B94FF4B2
:10669800A8716C20F9F796FF264A03F1080E4F7887
:1066A80003F1100603F1380CDFF88C904FF00E0858
:1066B800DF809F8403F1480A04379D61C3F81C906A
:1066C80083F82780A3F85C7092E80300C3E91449B3
:1066D8008EE80300D2E9020186E80300E91C0026DF
:1066E800196283F82660D2E90401C3E90A668CE8D6
:1066F8000300611C196411495964D2E90601E21CBE
:106708008AE803009A65012183F85E6083F85F8058
:10671800C3E91866AA78A270094AC2F830E5C2F837
:1067280038C599701970C2F804611160BDE8F08726
:10673800841400200CE202000100000D0100000C8E
:1067480000A00450334B5A782DE9F04105460E4617
:1067580022B94FF4BD716C20F9F734FF2E4A03F1CA
:10676800380C03F1480403F10807DFF8B080DFF8BC
:10677800B0E0C3F844801E65C3F854E092E8030013
:10678800C3E9085E8CE80300711C1964D2E90801AA
:1067980084E80300F11C0024996522495C6683F8AB
:1067A8002E40C3E91714D2E9040187E80300691CE5
:1067B800C3E90418D2E90601EA1C03F118089A6231
:1067C8009A889A850E2288E8030083F82F200121F1
:1067D800C3E90C44B278AA70134AC2F830C5C2F8AB
:1067E800387599701B780BB9A921B4E70F4BC2F81B
:1067F8000441C2F80841C2F880300D4AC2F884301A
:10680800A2F57C32C2F8843102220A4BC3F804256F
:10681800BDE8F081841400200CE202000100000CA5
:106828000100000DE803000E00A0045001000080E4
:1068380000300850002004500C4B1A788AB100220E
:106848000B490220C1F8802001F56431C1F8842089
:10685800A1F57C31C1F88421A1F50051C1F80805E2
:106868001A7000225A709A70704700BF8414002072
:1068780000A0045008B50B4BD3F8082122B104201E
:10688800FCF7FAF9022008BDD3F8042122B9052043
:10689800FCF7F2F90320F6E7D3F80004003818BF34
:1068A8000120F0E700A00450014B01225A60704714
:1068B80000A004502DE9F04F264C85B005469846B7
:1068C8000E46174600F0C2F823788146AB4211D134
:1068D8006378B3420ED194F90230BB420AD1E3780F
:1068E800834207D1A388A8F8003094F9060005B0C0
:1068F800BDE8F08F012D06D0022D10D040F289415D
:106908000620F9F75FFE00200DF10F033A463146E5
:1069180000F0A2F8824620B14621A920F1E7012023
:10692800F2E730469DF90FB0FFF7E2F9A91E0346DA
:10693800CDF800A04A4258464A41414600F03CF88A
:10694800B8F80030A071A38025706670A77084F82D
:106958000390CAE75E050020014B1B681B681847B7
:1069680090050020014B1B685B68184790050020C4
:10697800014B1B689B68184790050020014B1B685A
:106988001B69184790050020014B1B685B69184775
:1069980090050020014B1B689B6918479005002053
:1069A800014B1B68DB69184790050020014B1B68E9
:1069B8009B6A18479005002030B4044C9DF8085095
:1069C80024680295E468A44630BC6047900500201E
:1069D80000220D49134610B540FA02F4E40744BFFB
:1069E800CA545C1C02F1010248BFE3B2042AF3D185
:1069F800054AFF24D118032B01D9107110BD0133AA
:106A080001F8014BDBB2F6E7741900201DBF000046
:106A180023BF000025BF00004BBF000029BF0000B6
:106A280055BF00002FBF00005FBF000035BF00004A
:106A38006BBF000041BF000045BF000037BF00002A
:106A48003DBF00005BBF000065BF0000014B187D23
:106A5800704700BFF8140020042810B511D883B17E
:106A680004280CBF10242824A1420AD2064C54F84A
:106A7800200018B141568A42A8BF0A4600201A7061
:106A880010BD6FF01500FBE7F81400200728034637
:106A980011DC10F12D0F10DB094A101890F82E00A8
:106AA80002EBC00292F93C209A4207D0002918BF95
:106AB8000130C0B270471B2070470020704700BFEC
:106AC80034E20200072808B507DCFFF7DFFF044BB4
:106AD80003EBC00393F93C0008BD0820FCE700BFA6
:106AE80034E20200C0B208B520B9044B01229A6012
:106AF8001A6008BD4D21B52001F0B8FF00E0105024
:106B080010F0FF0008B513D10B4B01225A60DA6070
:106B18000A4AC3F800011070D3F8082412F00102E1
:106B280005D1C3F81021C3F81821C3F8142108BDF2
:106B38007C21B52001F09AFF00E010500D150020CF
:106B4800014B01221A7070470D15002008B540B995
:106B5800064BD3F8103113B9054B187808BD01203E
:106B6800FCE7C221B52001F081FF00BF00E0105012
:106B78000D150020024BD3F8080400F001007047FF
:106B880000E01050024BD3F8480400F001007047B1
:106B980000E01050024BD3F84004C0B2704700BF69
:106BA80000E0105007490246D1F84C04D1F84C14C3
:106BB80010F4803005D0D0B201F003031B1A5842FC
:106BC8005841704700E0105038B51A4BD3F80C34D0
:106BD800DA0304D440F279116D2001F047FF164A18
:106BE8000124164B106A536620F03F0094645464E5
:106BF800136CDB03FCD4136A116C03F03F03C1F37D
:106C08000A01C1F5806181EAE1750B29A5EBE175FF
:106C180009DD3F2B04D0013303431362172DE6DC53
:106C28000023936438BD0B31F8DA002BF8D0013B10
:106C3800F2E700BF00E01050000812500100008089
:106C480038B50B4C23781BB100232370FFF7BCFF2A
:106C5800EFF3108572B6637803F0FF000BB9FFF706
:106C68004FFF05B962B6034B00225A6638BD00BF14
:106C78001015002000081250F8B5104E01270446E0
:106C88000D463318DF7005F06EF960B934B90C4B56
:106C980011227771B560C3F80423F8BD40F22511BD
:106CA8006D2001F0E3FE002DF7D01CB90220A847A3
:106CB800B460F2E74FF4A071F2E700BF10150020AE
:106CC80000E01050044B0022191803EB80034A71AE
:106CD8009A60CA70704700BF10150020014B1882D7
:106CE800704700BF10150020014B588A704700BF3D
:106CF80010150020014B188A704700BF101500209E
:106D08000C4B034410B55A78632A04D940F2492140
:106D18006D2001F0ABFEEFF3108472B65A780132A1
:106D2800D2B25A705B78012B01D1FFF7DBFE04B9B0
:106D380062B610BD1015002013490B1810B55A780B
:106D480022B940F256216D2001F090FEEFF3108435
:106D580072B65A78013AD2B25A705B7883B90B7D11
:106D680043B10A4BD3F80C34DB0306D44B7803F059
:106D7800FF002BB9FFF7C4FE02E0487D02F008F8D7
:106D880004B962B610BD00BF1015002000E0105015
:106D980010B505F0EBF80C4C05F0E5F860B1A37DF3
:106DA8003BB90A4B01229A610423E3750023237639
:106DB80010BD05F0DEF8F9E703230122E375034B64
:106DC800C3F80423F2E700BF1015002000E01050BC
:106DD800014B01221A62704700E01050044B587EA4
:106DE80028B1044BD3F81001B0FA80F0400970477D
:106DF8001015002000E0105038B50C4B5D7E5DB9D1
:106E080001245C7605F0B2F8094B1022C3F8105142
:106E1800C3F80423DC6138BDFFF7E0FF0028FAD08F
:106E280040F293216D2001F021FE00BF10150020D3
:106E380000E01050024BD87D003818BF0120704781
:106E48001015002038B5174C237D23B940F20631C0
:106E58006D2001F00BFE01232370A37DC3B9A37E2F
:106E6800B3B1227E013B9A4212DA05F07CF805465E
:106E780001F028FFA37E012B82BF237E01332376F6
:106E880055B1E369C31A0133022B09D935B1E06161
:106E9800BDE83840FFF77CBF236AF3E72062F7E7D5
:106EA80038BD00BF1015002037B5184CA37D63B955
:106EB800606A00F00300FFF775FE30B1EFF310834E
:106EC80072B6E27D1AB103B962B603B030BD0122D1
:106ED800E27503B962B608230D4DC5F808334FF4BF
:106EE8002073ADF80630BDF806309BB25A1E92B238
:106EF800ADF80620002BF6D1C5F80C3184F82830FF
:106F0800FFF746FF0823C5F80433DEE71015002015
:106F180000E010502DE9F74F4E4C237D002B00F078
:106F280096800323ADF804304B4BD3F80051D3F8C7
:106F38000891D3F8142112B9D3F818216AB10026A0
:106F4800C3F81461C3F81861C3F81061637E0BB10C
:106F580005F00FF8667605F05DF93F4BD3F8103170
:106F6800002B59D0637E1BB105F003F8002363762C
:106F7800637913B102238DF80430003D18BF012551
:106F880045F01005354E0DF1040A334B4FF000085B
:106F9800F71EC3F808531AF8010B03280AD03B78E8
:106FA80043B14FF0000B336887F800B013B198472E
:106FB800C6F800B008F10103043601374FF00108A4
:106FC800022BE8D1B9F1000F08D0234B0022C3F8F7
:106FD80008210422C3F80823FFF766FF94F8286005
:106FE800EA071D4BF6B2D3F80C7108D5E27D032AE7
:106FF80005D1A27DA2B90422E27501229A61C7B126
:10700800154B0022C3F80C21E37D042B0DD040F270
:1070180069316D2001F02AFD002DD3D00125B1E79B
:1070280004F0A7FF0223E375E9E70223E37504F000
:10703800A0FF66B1002384F82830E37D022B01D13C
:10704800FFF7A6FE03B0BDE8F04F04F092BF03B00F
:10705800BDE8F08F1015002000E010501815002032
:1070680010B5054C606A00F00300FFF79BFD00288F
:10707800F8D0002010BD00BF10150020F8B5054657
:1070880050B10278022A07D8437842B9013B1F2B36
:1070980002D88378212B07D96FF015008AE0002BDE
:1070A800FAD18378002BF7D1644B4FF48042C3F8B0
:1070B800A020BFF34F8FBFF36F8F614EC3F8A0219D
:1070C8007D23604CC6F808330023C6F80031C6F8A3
:1070D8000831C6F80C316370A370AB886382FFF780
:1070E80049FD10B10123E3706370D6F80C0440F237
:1070F800563310F4803023821BD0FFF721FD52480D
:1071080001F01CFE4E4E602360750022C6F8043361
:107118002B78A978012B62766262A375A176227614
:1071280020D0022B17D0F3B140F21E516D2001F090
:107138009DFCC6F81001FFF7D5FC414AD2F8103182
:10714800002BFBD0FFF740FD0020FFF7D9FC3F4B99
:1071580000225A66D3E704F009FFD6F80C34D903A5
:10716800FBD502236362FFF70DFD48B3FFF712FD5D
:10717800636A03F00303984222D1AB79DBB9FFF7C6
:107188006FFFA37E63B12B7853B904F0ECFE05467C
:1071980001F098FD6FF00043002D4CD0C4E90703BF
:1071A80001234FF4804200202375244BE075C3F877
:1071B800A0211A62F8BD224B0422C3F80423E0E799
:1071C8001F4B012200215A61C3F8081194F82410BA
:1071D800C3F840141A610422C3F80423AA79002AC8
:1071E800CFD1D3F80423520702D440F2D1419DE70E
:1071F800174A1769116907F0100741F0100111616A
:10720800D3F808310BB905F054FA0D4ED6F8083109
:1072180073B1FFF725FF27B90D4A136923F010034F
:1072280013610423C6F808330023C6F80831A8E719
:1072380005F03DFAEAE7C4E90730B1E700E100E00C
:1072480000E0105010150020496C00000008125092
:1072580000ED00E038B50C4B0C46197919B18321C3
:107268006F2001F003FC60B95D790DB1002038BDD5
:1072780001225A71FFF744FD21462846FFF7FCFC1E
:10728800F4E76FF01500F2E73C15002038B50B4D18
:1072980004462B791BB19A216F2001F0E7FB50B906
:1072A8006B790BB9002038BDFFF70CFD20466C71D7
:1072B800FFF742FDF6E76FF01500F4E73C150020F4
:1072C80010B501B3F0B14FF0FF33104A1C46E0FB94
:1072D8000134944203D9DB216F2001F0C7FB1A0D5A
:1072E800C3F30F100A4B42EA04324FF22444B2FBB4
:1072F800F4F100EB024003FB1100B0FBF4F040EAAC
:107308000140013010BD0846FCE700BF3F420F00B6
:10731800000024F4014B9B68184700BF3C1500206F
:10732800014BDB68184700BF3C150020014B1B6967
:10733800184700BF3C15002008B5064B1B7923B140
:1073480040F237116F2001F091FBBDE80840FFF7CC
:1073580079BD00BF3C150020034B1A790AB9FFF725
:10736800C3BC988D704700BF3C150020034B1A79A9
:107378000AB9FFF7BFBC988A704700BF3C150020C8
:10738800024B1B790BB9FFF78FBD70473C150020E6
:10739800014B9B69184700BF3C15002038B51D4CB0
:1073A800237933B3FFF7C2FF50B91B4DC5F810015D
:1073B800FFF7B0FFD5F81031002BFBD0FFF7B0FF77
:1073C800154B6022C3F80423636A9847002806DB3C
:1073D80094F82E3023B10123002084F8303038BDD2
:1073E800FFF7D6FF0028F6DA40F28D116F2001F082
:1073F8003DFB0A4BA3610A4BE3610A4B23620A4B2C
:10740800A3600A4BE3600A4B2361FFF737FE0028AD
:10741800E1D0E4E73C15002000E01050697000005E
:1074280087BF00003D6E000075BF00007BBF0000F5
:1074380081BF000038B5084B04461D7925B140F2DC
:10744800E1116F2001F012FB00F0C8FD2046FFF7A4
:1074580045FC284638BD00BF3C15002008B5074844
:1074680000F0AAFD054800F019F801F0CDF800F089
:10747800EBFF00F0E5F9012008BD00BF7015002002
:1074880008B5054B1A781AB12721032001F0EEFA46
:107498005860197008BD00BF78150020024B98602D
:1074A80000221A705A60704778150020F7B51E4CF4
:1074B8002378012BDAB204D0022A2ED0012003B09F
:1074C800F0BD0DF10701606800F0D8F965686B7DC3
:1074D800DB071CD5AB7F042B19D000F001FE064654
:1074E800A8B100F003FE2B69D5E900279A18B36804
:1074F80047F100070A332CBF012500251B1845EB6F
:1075080001059342BD4102D3606800F0BBFA002335
:10751800636023709DF80700D1E70DF107016068EB
:1075280000F0B6F9F3E700BF7815002073B50546FB
:107538000C4600F0D5FD0646AB7F012B1AD021463C
:107548002B4604F1180251F8040B914243F8040B3E
:10755800F9D101230DF107012846AB7700F08EF928
:1075680016B1012002B070BD034B0421986805F0E4
:107578000CF8F6E70020F5E778150020024B062105
:10758800986805F002B800BF78150020174B1868F6
:10759800F0B560B150F8102C50E9063418380A33A9
:1075A80044F100049B18826944F1000402B9F0BD5B
:1075B80052E90615994275EB0406F8D2077D12F8D0
:1075C800046CB7420BD00FD90A3152F8103CA2F123
:1075D800180045F100055B1845F1000404E09688A1
:1075E800878BF61B3604EFD41268DFE7841500207A
:1075F800F8B5244C002323716371A371E371EFF391
:10760800108272B6A168E3606160A36002B962B6D5
:1076180000261D4D636803B9F8BD9A79A3F11800D7
:10762800032A07D11A6801219E7153F80C3C626045
:107638009847EFE71B6863B1183B07462A46997FCE
:1076480004290ED09B7F032B04D063219F2001F0D7
:107658000DFA2A46136802211B681360C3688677EF
:10766800E6E7B0F81CC0998BA1EB0C0109049969F5
:1076780044BF07F1180218460029EBD01F46A1F1B4
:107688001803DCE78415002088150020042300F186
:10769800180283770023037643768376C376044BF8
:1076A800996811B99A60DA607047D9680A60FAE790
:1076B800841500202DE9F041134C06460F460020A2
:1076C800236833B9E8B1114BBDE8F041187801F0EF
:1076D8005FBB53E9061553F8082CD3F800805218FD
:1076E80045F10005B242BD4109D22268A3F1180054
:1076F80012682260FFF7CAFF01204346E1E71C46F3
:10770800FBE7BDE8F08100BF841500209405002048
:10771800494B1B682DE9F74F044682838B46D0E915
:10772800002003B1183B94F815C0DFF80CE10CF009
:10773800010C002B3BD0D3E90056AA4270EB06019E
:1077480035D3BCF1000F2CD0277D197D8F4228D36B
:1077580099684D1946F1000615F10A0846F1000E20
:10776800424570EB0E0119D22169891840F10007D2
:1077780088457EEB070901D241467746A942B741C1
:107788000FD22046FFF782FF2C4B187801F000FB40
:1077980000238BF8003003B0BDE8F08F1146074690
:1077A800ECE703F1180E9B690BB1183BC3E7BCF17A
:1077B800000F34D0A168891840F10009019173B312
:1077C8000199D3E9007611F10A0549F10001AF42A8
:1077D80076EB010123D2257D197D8D4218D39D6852
:1077E800ED1946F1000615F10A0A46F1000852455E
:1077F80070EB080110D22169891840F100078A4509
:1078080078EB070C01D251464746A942B741B8D395
:107818009B6923B1183BD3E711460746F5E7DEF825
:107828000020234643F8182FCEF80030FFF7AEFEAD
:107838008442ADD10123ACE78415002094050020D3
:1078480010B50B4C2378FF2B04D04FF48D719F207B
:1078580001F00CF9074801F071FA074B002220707B
:107868001A705A709A70DA709A60DA601A8210BDCB
:1078780094050020F975000084150020034B1A8A2E
:1078880010B4541C1C8210BCFFF742BF84150020A2
:1078980038B504460D46FFF779FE231A04F118019E
:1078A800584258412870044804F095FE10B100234E
:1078B8000120A37738BD00BF8415002038B5114BCF
:1078C800044600F118019A68B2B19A6800209AB18A
:1078D80091420ED108B1A56905609D68A94204BF0F
:1078E80012689A60DA68914200D1D8600023A377C1
:1078F80007E010461268EAE7034804F06CFE002827
:10790800F4D138BD84150020881500202DE9F041F8
:10791800264E04460D46FFF7CDFE3068002843D0BA
:10792800A0F1180C50E90631A34271EB050250F89A
:10793800102C3CBF234629460A322CBF01270027BA
:107948009B1841EB07020768604627B900F1180346
:107958007361BDE8F08157E906EC9E457CEB0201B6
:10796800F4D290F8148017F8041C884513D019D95C
:10797800744523462A46A7F1180075EB0C0157F801
:10798800101C3CBF734662465B1842F100020A3382
:1079980042F1000206E0B988B0F81C80A1EB0801AA
:1079A8000904E5D43F68D0E70346D1E784150020F1
:1079B80010B5054C6169204604F00DFE18B16069E8
:1079C80000231838636110BD841500209C46144BB1
:1079D800F0B51D68FDB115F8043C183D834218D870
:1079E80012F10A04D5E900364CF10001A34276EB06
:1079F80001070BD22F69FF1846F10006A7428E41F6
:107A080007D3B4F10A0041F1FF31F0BD1C463146FD
:107A1800F7E7AD69DEE74FF0FF300146F5E700BF55
:107A28008415002008B5837F022B1CD1437D13F0F9
:107A3800020302D00023837708BD0322037643762E
:107A48008376C3760D4B827700F11802996839B9AD
:107A58009A60DA600A4B1878BDE8084001F098B9D6
:107A6800D9680A60F5E7837F012BE5D0837F042B73
:107A7800E2D04FF4FF719F2000F0F8FF841500203A
:107A88009405002010B500F118010446084804F0D8
:107A9800A2FD20B94FF402719F2000F0E7FF2046B5
:107AA800FFF7F4FD034BBDE81040187801F070B9FA
:107AB80084150020940500202DE9F74FD0F810E038
:107AC800BEF1000F04D040F227219F2000F0CEFF26
:107AD800836890F814800193D0E90014EFF31089BB
:107AE80072B6274BB3F810C01B686BB1019D183BE9
:107AF8000A35D3E900264EF1000A6D1844EB0A0A4C
:107B080095427AEB060707D2B9F1000F35D0C0E9E4
:107B1800001403B0BDE8F08F8A4276EB04070CD35B
:107B28001F69BF1846F1000BAF427BEB0A0B34BF4D
:107B38000125002575B99B69D7E712F10A0A9D68E6
:107B480046F1000715EB0A0547F10007A94274EB57
:107B58000707ECE71D7DA84509D0ECD912F10A0109
:107B68009D6846F10004691844F10004E3E79D8B21
:107B7800A5EB0C052D04DED5F0E762B6C7E700BF1C
:107B880084150020024B0521186804F0FEBC00BFD4
:107B9800A0150020064B586810B520B940F2722194
:107BA800B02000F063FFC3680521BDE81040184706
:107BB800A01500202DE9F84F274C8146237BA668A5
:107BC800A3BB94F80D8018F0010803D0E3899E4206
:107BD80038BF1E4600F056FD10EB060B05460F4653
:107BE80041F1000A58465146FFF790FE08B3D0E924
:107BF80000329B457AEB020104D29D1B9B469246BC
:107C080062F100070023154A284639462362C4E971
:107C180004BAC4E9065700F009FDB8F1000F02D014
:107C2800E3899E4216D002230D4A0DE04FF000086A
:107C3800D0E7237B2BB1637B9B0702D5636A0120C6
:107C480098470023074A237384F82830C9F800208E
:107C5800BDE8F88F0123E7E7A01500208D7B000021
:107C6800817D0000A3C100002DE9F04717463E4C76
:107C7800002B69D0E289D3E900566432854276EB5D
:107C880001034FF000033CBF05460E462362B5EBE7
:107C9800000A66EB010952451A4672EB0902C4E96B
:107CA800045627DA237B3BB1637B9A0702D5636AC4
:107CB800012098470023237394F80D8008F00108E9
:107CC800A36803F5E1739A4579F100011FDAB8F169
:107CD800000F11D0E089254A281A66F10001C4E98D
:107CE800060100F0A3FC0623214A84F828303A60F4
:107CF800BDE8F0879846E3E7B5F132001B4A66F124
:107D08000001C4E9065600F091FC0523ECE7FFF7F3
:107D180007FBE089A368B8F1000F0BD0984209D996
:107D2800281A124A66F10001C4E9060100F07EFC37
:107D38000123D9E7E81A0D4A66F10001C4E90601F2
:107D480000F074FC0223CFE7237B2BB1637B9B07F6
:107D580002D5636A0120984700252573FFF7E0FAEA
:107D68002B46044AC1E700BFA01500208D7B000008
:107D7800817D0000A3C10000023970B505460329C2
:107D880000F2D480DFE801F006020840694B0022C7
:107D980083F82920002024E0664C94F82830042B2E
:107DA80009D8022B28D8013B012B1BD94FF4D071DD
:107DB800B02000F05BFE053B012BF7D8FFF776FB00
:107DC8000028E7D000F04EFC00F05CFC06460C46AC
:107DD800FFF79CFD2A46034621463046FFF744FF3D
:107DE800022070BDFFF762FB0028D3D000F03AFCF8
:107DF8002846FFF7DFFEF3E7FFF758FB0028C9D056
:107E0800012384F82930C5E74A4C94F828301A1F12
:107E1800012A2AD8042B94F829600CD100F062FBBF
:107E280048B900200021FFF771FD08B1FFF72AFECD
:107E3800FFF776FADCE7002EC6D1FFF7B9FD002878
:107E4800C2D06060C4E90B6600F01CFB60680223C6
:107E580031468377C3689847D4E9040104F09BF955
:107E6800354B84F828602B60BAE700F00BFCA36957
:107E7800C01A236A9842ACBF2062236294F8283063
:107E8800022B19D1FFF746FA94F82830022BD4E9CF
:107E980004012CD1637BDB071BD5237BCBB9E3899A
:107EA800264AC01A61F10001C4E9060100F0BEFBD0
:107EB800032384F828306DE7637BDA0701D5207B3C
:107EC80010B140F2B91173E7636A9847012323732D
:107ED800DAE73238236A194A41F1FF31C01841EB19
:107EE800E371C4E9060100F0A1FB0423E1E7012BDB
:107EF8000AD1A368114AC01A61F10001C4E9060158
:107F080000F094FB0223D4E7236A32380B4A41F18C
:107F1800FF31181841EBE371C4E9060100F086FB54
:107F280094F82830062BE0D10523C2E740F2F71178
:107F38003EE700BFA0150020497F00008D7B0000B0
:107F480002392DE9F041064604292ED8DFE801F070
:107F580003090B2D0E00174A537B003B18BF012362
:107F6800137300201FE0FFF7A1FAFAE7DFF8448057
:107F780000F098FA00F086FB0C460546FFF7C6FCB1
:107F88000746D8F80400FFF74DFD002300222846D5
:107F9800C8F8043000232146C8E904233B4632468A
:107FA800FFF762FE0220BDE8F08140F21D21B020FB
:107FB80000F05CFDA0150020064A002310B5064C11
:107FC8000260206084F828306373FFF7CFF93230FD
:107FD800A06010BDA3C10000A015002008B5074B84
:107FE8001A681168064A914204D040F25721B0201D
:107FF80000F03CFD3230986008BD00BFA01500209D
:10800800A3C1000010B5EFF3108472B6034B04212E
:10801800186804F0BAFA04B962B610BDA0150020B9
:1080280008B5094B5A6822B94FF41E71B02000F008
:108038001DFDD3E90421BDE808408018034A41F139
:10804800000100F0F3BA00BFA01500209D7B0000DE
:1080580008B5064B5B6823B940F27E21B02000F0DA
:1080680005FDBDE8084000F0FDBA00BFA0150020DE
:1080780008B5054B5A6822B94FF42171B02000F0B9
:10808800F5FCD86208BD00BFA015002008B5054B57
:108098005A6822B940F28A21B02000F0E7FC186340
:1080A80008BD00BFA0150020054B1B6B10B523B9F8
:1080B8004FF42471B02000F0D9FCBDE810401847F7
:1080C800A0150020054BDB6A10B523B940F29621B4
:1080D800B02000F0CBFCBDE810401847A0150020E8
:1080E800014B5868704700BFA015002008B5054B24
:1080F8005A6822B940F2A121B02000F0B7FCD3E9B8
:10810800040108BDA0150020034B587B10F00100A6
:1081180018BFD889704700BFA01500200028ADBF40
:1081280000F1604000F00F00044B00F56140B4BF5F
:10813800185C90F800034009704700BF14ED00E098
:108148002DE9F04105460E46E1B9114F3B681BB1D8
:108158008621452000F08AFC38600E48FFF788FF2A
:108168000D48FFF793FF03F0BDFF6B7D04465B07E7
:1081780008D503F011FF0A34241A7C6000F094FA41
:108188000028FBD02B6A3146686ABDE8F0411847E1
:10819800D8150020C5810000A5810000064B1B688A
:1081A80010B51BB97221452000F060FC1A6A042141
:1081B800586ABDE810401047D8150020064B1B68C8
:1081C80010B51BB96C21452000F050FC1A6A032138
:1081D800586ABDE810401047D8150020024B00220D
:1081E8001A601A81704700BFD815002008B5074BE0
:1081F8001A681AB9B921452000F038FC0449D16041
:1082080000221A60BDE80840FFF7B8B9D815002069
:108218004981000030B587B00C4618220021054678
:10822800684604F0D0FA637A4FF000026168C3F33D
:108238008003029183F0010363F38202237A8DF8AD
:108248001430224B8DF81520039323785BBB9DF8DF
:108258001500D4E904324007CDE9003207D50A3BBE
:1082680001F10A0142F1FF320291CDE90032637A4D
:1082780069469DF81520C3F3400322F003025B0012
:1082880043F0010313438DF81530114B5868C0F3C0
:108298000800B8B11038FFF741FF98B92846FFF732
:1082A80045F907B030BD2369049303F06FFE9DF8CC
:1082B80015305B0744BF029B0A33CDE9000148BF74
:1082C8000293D4E7284603F06FFEEAE749810000ED
:1082D80000ED00E008B50A4B1B6823B94FF4EE71B6
:1082E800452000F0C3FB5B7D5B0703D4BDE8084075
:1082F80003F0F8BE03F0F6FE0A3041F1000108BDB4
:10830800D815002070B50B7886B023B140F21F2134
:10831800452000F0ABFB4C7A4FF000060593C4F300
:1083280080034D6883F00103029563F382060B7A9C
:108338008DF814300F4B8DF8156076070393D1E94B
:108348000431CDE9003107D50A3B05F10A0541F1B1
:10835800FF310295CDE900319DF81530C4F3400492
:108368006946049264F341038DF8153003F01CFE4E
:1083780006B070BD498100007FB503F007FE0023F9
:1083880005930B4B039340F21E2302934FF0FF33E8
:10839800CDE90001694607480493FFF7C7F818B903
:1083A8009B21432000F062FB07B05DF804FB00BF8F
:1083B800E58300001016002010B5074C94F8203013
:1083C8004BB9FEF7B3FF30B9012384F82030BDE87C
:1083D8001040FFF7D1BF10BD1016002008B50529C1
:1083E8002DD8DFE801F0032E282C2C0D03F0CAFD50
:1083F800144803F079FE1E38BDE8084003F0C8BDF4
:10840800FEF794FF38B10F4B002283F82020BDE817
:108418000840FFF7B3B803F0B7FD08B903F0B2FDA1
:1084280000214FF4007003F02FFE0028E0D1B9219D
:10843800432000F01BFBBDE80840FFF79DBFC521A6
:10844800F6E708BD101600204FF000430B4A002144
:10845800C2F88030A2F58022C2F88031012302F5EB
:108468007832C2F80435A2F58022C2F804352022F9
:10847800034B184683F8201004F0A5B900400C50AF
:108488001016002008B515F0D1FF054AD2F8583764
:1084980043F00103C2F85837BDE80840FFF78CBF26
:1084A80000200E5008B515F0D1FF0B4AD2F8583706
:1084B80023F00103C2F858370122084B5A604FF0E5
:1084C800FF32C3F808232022054BC3F89021BDE8EA
:1084D800084000F0C7B800BF00200E5000500850F8
:1084E80000E100E008B5FEF721FFB0B90D4BD3F865
:1084F80000314BB90C4A536A0133312B53620BD903
:108508006C21432000F0B2FA03F03EFD08B170215F
:10851800F7E703F035FD012008BD034B00225A623E
:10852800F9E700BF00E010501016002040F2025199
:10853800014808B500F090FA39560300184820227F
:1085480008B5C0F89020BFF34F8FBFF36F8F154B5E
:10855800C0F89021D3F8041521F00301C3F80415DD
:10856800D3F8081541F00301C3F8081592FAA2F1EF
:10857800B1FA81F1092904DD40F29F310A4800F07F
:108588006BFAC3F8101501215960D9604FF000410A
:10859800C3F880104FF0FF31C3F80813026108BD1B
:1085A80000E100E00050085039560300134A4FF428
:1085B800E0632021C2F838330023C2F8AC35C2F892
:1085C800BC35C2F8CC35C2F82031C2F82431C2F823
:1085D80028310B4AC2F89C11C2F89C10BFF34F8F88
:1085E800BFF36F8FC2F89010BFF34F8FBFF36F8F39
:1085F800C2F89011034A1360704700BF00200E5064
:1086080000E100E03816002008B5FFF7CFFF054B62
:108618004FF4A062C3F834232022034BC3F89C21F3
:10862800DA6108BD00200E5000E100E00B4B10B5E8
:108638001C681CB14C21042000F018FAB1F5801F09
:108648001A6001D3FFF772FF054B0122C3F8A0059A
:10865800C3F8A415C3F8AC2510BD00BF3816002018
:1086680000200E50054A136833B100230449C1F8AD
:10867800AC35C1F820311360704700BF38160020B0
:1086880000200E5030B54FF0FF30064C6FF04041DF
:10869800D4E90023904271EB0305F9D31046C3F3E4
:1086A800130130BD40270E5008B5FFF7EBFF044B10
:1086B800D3E90223904299412CBF0120002008BD34
:1086C8003816002008B5FFF739FF024B01221A605F
:1086D80008BD00BF0050085010B5FFF72FFF0F4C22
:1086E8000023C4F8BC35C4F82431FFF7CBFF0A30A7
:1086F80041F10001B1F5801F01D1FFF717FF4FF0DD
:108708000043C4F8B005C4F8B415C4F8A431012373
:10871800C4F8BC35024BC3E9020110BD00200E505D
:1087280038160020144BD3F8342312F4A06F10B578
:1087380003D1FB21042000F099F9D3F8202162B17C
:1087480000220E49C3F8AC25C3F820210B6813B9E1
:1087580040F20311EEE70A609847074BD3F8282147
:108768004AB10022C3F8CC25C3F82821034BBDE841
:1087780010401B69184710BD00200E503816002005
:10878800034610B3007888B91A79012A1ED85A7995
:10879800012A1BD89A680E49643A8A4216D8D868C2
:1087A8000C4B98422CBF00200120704701280CD1A7
:1087B8001A79012A09D85A79012A06D8DA680449A7
:1087C800643A8A4201D89868EAE70020704700BFF7
:1087D8003C8601000040420F70B5044603F0D6FB0A
:1087E80040F2F966656AD4E90632963342F100022E
:1087F8005B1905F5DF6542F10002B5FBF6F55B197B
:1088080042F1000283428A410ED294F82A30052BA5
:1088180003D0B3216A2000F029F90A21236A94F8C9
:1088280058009847B621F5E7044C236813B19847D8
:1088380000232360BDE87040FFF7D8BC4C16002029
:1088480070B504460D4639B9012380F85930FFF751
:10885800C3FF0226304670BD0E78032E70D801A3E0
:1088680053F826F05B8800007D880000E788000048
:108878009F8800004868C72801D80026EAE7042135
:1088880003F002FC0028F8D003F084FB6968204656
:1088980003F0E4FCDEE790F8286006BB4D68284644
:1088A800FFF76EFF00284BD02B78D3B90121217038
:1088B8002B796A79003B18BF0123002A14BF0422D0
:1088C800022243F004032272AA68A5326260EA68B1
:1088D80063720323226184F82A3084F82910204621
:1088E800B5E794F82A30052B04D040F293116A209A
:1088F80000F0BCF8267004F130002B796A79003B4F
:1089080018BF0123002A14BF0422022243F00403E3
:108918002272EA686372A532A9686260D4E90632F5
:108928005B1842EBE1722146C4E90432042384F85F
:108938002A30FFF76FFC0028D1D140F29511D6E715
:10894800012384F85930CAE72DE9F84388460746D9
:1089580058B300F02FF84FF0000904465FFA89F683
:10896800B44203D86FF00B00BDE8F883304609F134
:10897800010900F025F890F82A50002DEED1304674
:1089880000F01EF80A490446058580F82A50024678
:1089980080F85860303003F017FC0123276228461E
:1089A80084F82A3088F80060DEE76FF01500DBE70E
:1089B80073C20000014B1879704700BF50160020A1
:1089C800044B1A79824283BF1B68602202FB003085
:1089D80000207047501600200A4610F0030110B519
:1089E8000AD1074C2271206008B9002010BD60230D
:1089F8005A4303F0E8FEF8E76FF00D00F6E700BF12
:108A080050160020BFF34F8F0549064BCA6802F481
:108A1800E0621343CB60BFF34F8F00BFFDE700BF99
:108A280000ED00E00400FA05094B01225A604FF0FE
:108A3800FF32C3F808234FF40062064BC3F88820BE
:108A4800BFF34F8FBFF36F8FC3F88821704700BF04
:108A580000B0045000E100E008B572B6024B5B6854
:108A680003B19847FFF7CEFF581600201FB572B61E
:108A7800144B5C6894B9FFF7C5FFB2FBF6F22B46BE
:108A88005D1C002AF9D1DBB203F110056D4405F82D
:108A98000C2C0A2233B901A8A047ECE702460023B0
:108AA8000A26EDE7013BDBB203F110050DEB0506E5
:108AB800B0FBF2F502FB1500303006F80C0C284626
:108AC800E8E700BF58160020F8B5234F05460C46C6
:108AD80016463B78002B3CD103F044FA7E601F4BCE
:108AE80001263C814FF48062C3F8A4601C4BC3F894
:108AF8009020BFF34F8FBFF36F8FC3F89021FFF71C
:108B080093FF184B002D14BF28461846FEF746FC65
:108B18000546E0B9FFF762FBFEF732FC03F082FC82
:108B2800FEF79CFC18B9B8211120FFF79FFF002C15
:108B38000BDB04F01F036409A4009E4004F16044A9
:108B480004F56144C4F88061266001233B7028461F
:108B5800F8BD4FF0FF35FAE75816002000A008507E
:108B680000E100E04CE30200074BB3F90830002BAA
:108B780009DB5A09012103F01F03994002F1400360
:108B8800024A42F8231070475816002000E100E01E
:108B9800014B1878704700BF5816002050B1074B9A
:108BA80003F1140253F8041B934240F8041BF9D153
:108BB800002070476FF01500704700BF675603002C
:108BC8002DE9F84F0746894693469846374CDFF813
:108BD800E0A0384D2E780136F6B2D5E84F3F013384
:108BE800DBB2C5E8403F0028F7D101216160C4F835
:108BF8000001C4F80401EFF3108072B62E4BC5F8DB
:108C08000490AB60C5E905B33B68C4F810357B68D0
:108C1800C4F81435BB68C4F81835FB68C4F81C35AB
:108C2800264BC4F830351033C4F83835216000B904
:108C380062B6D4F800312BB9D4F8043113B92B78C3
:108C48009E421CD0B8F1000F09D00A9B3BB1D4F862
:108C580040350A9AC8F80030D4F83C351360D4F887
:108C68000431002BB5D12978B142B2D1C4F8003112
:108C7800C4F804310323C4F80833BDE8F88FDAF8E0
:108C88001030DB06D5D503234FF40061C4F8043354
:108C98000B4BC3F88811D4F80031002BC9D1D4F894
:108CA8000431002BC5D103F002FDC2E700B0045027
:108CB80000ED00E0641600201000000B681600208C
:108CC80000E100E01A4B4FF4000270B5C3F8982099
:108CD800BFF34F8FBFF36F8F164C0021164DC4F8AA
:108CE8000011C3F898212E692B6906F0100643F08D
:108CF80010032B610123C4F804332360D4F8003136
:108D08009BB11EB92B6923F010032B610123D4F802
:108D180008054FF400026360C4F808330023C4F860
:108D28000031034BC3F8982170BD03F0C0FCE5E7A0
:108D380000E100E000700D5000ED00E038B50B498F
:108D4800042301EBC302157905F0FF042DB1013BA3
:108D5800F7D240216920FFF789FE41F8330001214D
:108D68005471D8B29471117138BD00BF88160020B3
:108D7800042808B503D947216920FFF777FE034B7C
:108D8800002203EBC0031A7108BD00BF881600203B
:108D9800042808B503D950216920FFF767FE094B5D
:108DA80003EBC0000379012B01D05121F4E743798B
:108DB80082790133DBB29A4218BF4371BDE808409B
:108DC800FFF7D2BE8816002038B505240F4D95F858
:108DD800281005EBC1031A79012A09D158799A7923
:108DE800904205D05A79D2B29A7155F831309847E5
:108DF80095F82830013C0133DBB2052B28BF00234E
:108E080014F0FF0485F82830E1D138BD8816002019
:108E1800094B0A4AC3F800230132C3F80C23013274
:108E2800C3F818230132C3F820230132C3F81C23E6
:108E38000132C3F81021704700A0085004000080D8
:108E4800074B0022C3F80023C3F80C23C3F81823E8
:108E5800C3F82023C3F81C23C3F81021704700BFB0
:108E680000A00850844641EA000313F0030359D1D7
:108E7800403A33D3F0B4F0C9F0C0F0C9F0C0F0C93B
:108E8800F0C0F0C9F0C0403AF5D2F0BC26E0403A54
:108E980024D300BF0B6803604B6843608B68836012
:108EA800CB68C3600B6903614B6943618B6983615C
:108EB800CB69C3610B6A03624B6A43628B6A836244
:108EC800CB6AC3620B6B03634B6B43638B6B83632C
:108ED800CB6BC36340304031403ADBD230320BD3E6
:108EE8000B6803604B6843608B688360CB68C36022
:108EF80010301031103AF3D20C3205D351F8043B3C
:108F080040F8043B043AF9D2043208D0D2071CBF17
:108F180011F8013B00F8013B01D30B880380604640
:108F2800704700BF082A13D38B07B0D010F0030393
:108F3800ADD0C3F10403D21ADB071CBF11F8013B03
:108F480000F8013BA3D331F8023B20F8023B9EE72F
:108F5800043AD9D3013A11F8013B00F8013BF9D2A0
:108F68000B7803704B7843708B788370604670473A
:108F780011C800001DC8000021C8000029C8000051
:108F88002DC8000053B94AB9002908BF00281CBFE2
:108F98004FF0FF314FF0FF3000F00CB8ADF1080C86
:108FA8006DE904CE03F05AFCDDF804E0DDE90223A4
:108FB80004B07047704700BF08B5F7F72BFCF9F706
:108FC80079F8F7F73BFB002008BDFFF7E7BDF9F795
:108FD80003B800F0E5BF00F0E6BF00F0DEBF10B553
:108FE80086B0044601A8FFF7D9FD022300202370AC
:108FF80005236070A3709DF80430E0706371BDF8BC
:1090080005302071E380DDF80730A36006B010BD9D
:1090180000F0CBBD70B50446FCF7A6FC0128054658
:109028001AD1601CFCF7A8FCB0B1A3790020E61D9A
:1090380063F03F03A371F9F727F938B11022002133
:10904800304603F0C0FB0020257070BD3046FCF7A9
:10905800A7FC0028F2D0F6E70025F4E710B504468F
:109068001022002103F0AFFB04F1100310220021AD
:10907800184603F0A8FBFCF7ADFC0020F9F704F94B
:1090880020B12046FCF78CFC002010BDFCF76CFCDE
:109098000028F6D0F8E710B50446FFF713FEB0F540
:1090A800007F09DA10F5007F08DD031EB8BF03331F
:1090B8009B100020237010BD7F23FAE76FF07E031A
:1090C800F7E78178008800F02BBF37B505460C46D6
:1090D80000880DF1060100F058FE2B882380BDF8AA
:1090E8000630638003B030BDF7B504462046F9F773
:1090F800E5FC022805462ED004282CD123788A2B9B
:1091080018D13E20F7F79AFB78B9E37801A92279BC
:10911800684643EA0223ADF8003000F0B5FE0028A7
:10912800E4D053210820F7F74DFA0520F7F7CAFBDA
:109138000028EAD0204600F013F82678A7783046B1
:10914800F7F77CFB0028D1D03E2E04D13846F7F73C
:10915800B9FB0028CAD0284603B0F0BD01F09BBC7B
:1091680010B503780446813B0E2B2FD8DFE803F0B7
:109178002F3541454F676D08613B71775B2E7D0048
:109188002920F7F79FFB30B13E2323702223637019
:109198002923A3701AE00A20F7F794FB3E232370D3
:1091A80018B11F2363700A23F3E70123A370132365
:1091B8006370E37903F00103E371D4F81A30C4F85B
:1091C8000E30E38B638294F82030237510BD3E2364
:1091D8000370042343701423DBE73E2303700A2340
:1091E80043700323D5E73E2303700D234370052303
:1091F800CFE705232370042307E05A20F7F71EFB67
:1092080008230028F6D05A2222706370DEE75B201C
:10921800F7F714FB18B15B2323700623F5E7302317
:1092280023700323F1E73E2303700B2343700723C6
:10923800AFE73E230370062343700C23A9E71323EB
:10924800037083789B000133DFE757230370022301
:10925800DBE73E23037006234370122399E73E237E
:10926800037009234370132393E7FF2303700D232F
:10927800437080238DE708B510B96FF0150008BD5D
:10928800FFF76CFF0028F8D00020F8E710B50C466F
:1092980048B141B1FFF728FF002820700CBF6FF0DC
:1092A8002200002010BD6FF01500FBE710B5941CDC
:1092B8000C446343B3F5004FA8BF4FF0FF3310F0E1
:1092C80003049BB203D0B3211420F7F77BF9B3F55D
:1092D800004F01D9B421F7E7C46044608460C273C9
:1092E8004380018010BD38B50388C4888B42058946
:1092F800C4F30E0203D2D4211420F7F763F984EAE9
:109308000503C3F30E030BB9AC4206D102F11003F7
:109318000122C1528273184438BD1846FCE7023155
:1093280001444A43B2F5004FA8BF4FF0FF3290B254
:10933800133020F00300B0F5004F34BF00B24FF0F7
:10934800FF3070474088133020F00300B0F5004F1D
:1093580034BF00B24FF0FF3080B2704738B5038891
:109368008B4203D2FA211420F7F72CF9857B65B1DB
:10937800C388C3F30E031033C25A8A4207D3C152BB
:10938800811DF7F7AFFA00238373284638BD0025FF
:10939800FBE703461030F0B59E88DD88B4B2C6F30B
:1093A8000E06A54214D05F89DD7B845B3D44E41B37
:1093B8000235A4B2354428440D88A54284BF0C80E8
:1093C80025465989B1FA81F1490911709D81F0BD8D
:1093D80000252846FAE7F8B58288002683890446DE
:1093E8000D4692B20E60CBB14189C2F30E020B4416
:1093F80010329BB28718825A4381934204D940F2B3
:1094080047111420F7F7DEF804D1011DF7F76AFABF
:1094180046812F6000230120A381F8BD1846FCE790
:109428008388014602899BB29A4202D00831F7F735
:1094380059BA70478388C0889BB2C31A58425841AA
:109448007047828873B595B2C488C2F30E02AC42E5
:1094580002F1100212D041898689835A3144994217
:109468000EDB0DF10601ADF80650F7F73BFABDF833
:109478000600001B18BF012002B070BD0020FBE7EA
:109488000120F9E7C38830B50589044683EA050257
:10949800C2F30E0008B9AB420AD122888A4225BF1E
:1094A800C3F30E03E27B00209B1824BF1233E0189D
:1094B80030BDC288C2F30E0210328152811DF7F707
:1094C80011BA8388C2889BB29A4206D0428922B9CF
:1094D800C3F30E0310331844704700207047C37B52
:1094E8000233C81870470230704738B58388C2887D
:1094F8009BB29A4207D045892DB9011DF7F7F2F9B9
:109508008581012038BD0020FCE703881380C388CB
:10951800C3F30E0310331844086000207047036833
:10952800002223B9C0E90132031D0360704759685E
:109538001B680A44F5E70729034670B504D84FF4B9
:10954800EC711520F7F73EF80068C0B1446806468C
:109558001A688C4210D0106860B901F10805AC4255
:109568000DD3546850501868651A5418006865601F
:10957800505002E01346E9E7146830461C6070BD9D
:109588000023C1E9003203680B600160704730B501
:1095980090B18478B1FBF4F304FB131300EB43029E
:1095A80052898A4201D1D8B230BDC27822B900F1BD
:1095B8000803D0B2844201D8FF20F5E733F8025FF0
:1095C80001328D42F5D1EFE78278038805324B43AB
:1095D80003EB42031844704737B500240546CDE92C
:1095E80000448DF806006846ADF80440F7F74EFBD6
:1095F800BDF8044008B103B030BD29462046F7F74E
:1096080021FB0028EFD040F235211720F6F7DAFFCA
:1096180070B51E460D460921FFF781FE0446324605
:1096280009212846FFF77BFE40EA04031B0454BFC8
:1096380000194FF0FF3070BD01230370704710B55B
:10964800FF238B70C2F3800301245B00DBB2CA18CE
:10965800127D032A08BF0133CA18147503F10C04DC
:10966800002201EB830321F814205B688A700360F1
:10967800828010BDF8B50C46054611461E4684F09A
:1096880001046400E4B2FF23837003191B7D012BDE
:1096980005D00134E4B203191B7D012B0AD105EB77
:1096A80044073B8B3A8C9819904205DD00232C44E3
:1096B8003B8323750020F8BD05EB840432466068BF
:1096C8001844FFF7CFFB3B8B1E443E830023AB704F
:1096D8000120F0E781F00101490010B5C9B2FF236C
:1096E800837043181C7D012C07D10C3120F8112000
:1096F80002221A750023837010BD0131C9B24318C4
:109708001C7D012CF1D04FF499710920F6F75AFF0E
:10971800024630B5837803F0FF00F3B9137D022BBE
:1097280019D0537D022B15D10346012089B100249D
:10973800D5180C332C7522F81340131803241C7504
:1097480002EB80035B680B6000F10C0332F8133006
:109758008B80012030BD0123E8E70020FAE70346AB
:1097680030B5827802F0FF00E2B99A7D022A17D05C
:10977800DC7D022C13D1032281B11D1900200C3489
:10978800287523F8140098180324047503EB820045
:109798000C32406833F8123008608B80012030BDED
:1097A8000324E9E70020FAE7037D012B01D1008BB0
:1097B8007047437D012B0CBF408B00207047837D91
:1097C800012B01D1808B7047C37D012B0CBFC08B4F
:1097D80000207047027D022A01D1008B7047437D2B
:1097E800022B01D1408B7047032AF6D0032BF9D006
:1097F80000207047827D022A01D1808B7047C37D8B
:10980800022B01D1C08B7047032AF6D0032BF9D065
:1098180000207047F7F728BBF7F784BB002307B58C
:10982800CDE9003301238DF806306846F7F72EFAA4
:1098380008B1002004E0009801F0D5FF0028F4D01A
:1098480003B05DF804FB1FB5002240F6881303A996
:109858000092FDF7B1F805B05DF804FB10B50446B9
:1098680038B1F8F751FC24EA0000B0FA80F040095A
:1098780010BD0120FCE72DE9F0410F46B0F850601B
:10988800B0F8525001F08FFE0221044600F0C1FEEC
:1098980080460221204600F0BCFE464540F64803BB
:1098A80028BF4646B6B21B2E38BF1B26FB2E28BF44
:1098B800FB26854228BF05467E80ADB21B2D38BFEA
:1098C8001B25FB2D28BFFB25B4F5A47F38BF4FF41B
:1098D800A474FD809C4228BF1C46BC803C81BDE826
:1098E800F0812DE9F04186B00546008802A900F014
:1098F800B4FE0446002870D1029A92F85431D91E59
:109908004B424B418DF80630136898064ABF9DF8C4
:109918000630234683F001038DF8073092F8623051
:109928009B0603D49DF80730002B5CD0EB881B3BCB
:109938009BB2E02B59D8298944F24810A1F5A473A9
:109948009BB2834251D86B881B3B9BB2E02B4CD80F
:10995800AA88A2F5A4739BB2834246D840F648076A
:10996800B94244D8BA4242D8029E4FF0FF0886F85E
:1099780027819DF80630A3BB03A906F1A800FFF7CD
:109988007AFF6A88BDF81230BDF814109342E8884F
:1099980028BF1346B942AA88A6F82C3128BF3946F1
:1099A800BDF80E30834228BF03462889A6F828311F
:1099B800BDF81030BB4228BF3B46834228BF034650
:1099C8008A42A6F82A31134628BF0B46A6F82E313C
:1099D80086F82681002386F82731204606B0BDE8A0
:1099E800F0813A24F6E71A24F7E71224F5E7112460
:1099F800F3E710B5FFF712FF60B1F7F7C3FF0446AE
:109A080002F034F840B9204602F02CF880F001004A
:109A1800C0B210BD0120FCE70020FAE7006890F80A
:109A2800C23123B1002380F8C23101F0D1BD7047A3
:109A380010B503780446012B01D9122010BDFFF799
:109A4800EDFE58B9207810F0FD000DD104F1170390
:109A5800E21D611CBDE81040F8F78ABDF8F71AFE50
:109A68000028EFD00C20E9E7A37903F0C003C02B4E
:109A7800E3D10120EAE710B503780446012B0DD89D
:109A8800FFF7CCFE60B9214611F8010B00F0FD008C
:109A9800003818BF012000F05FFD38B9122010BD52
:109AA800F8F7F8FD0028EED00C20F8E70020F6E7DC
:109AB80008B50088F8F7F4FD00280CBF3020002016
:109AC80008BD38B50546FFF7A9FE044638B9287819
:109AD800003818BF0120F8F7D7FD204638BD0C2004
:109AE800FCE708B5FFF79AFE18B9F8F7BDFD0020A6
:109AF80008BDF8F7CFFD0028F7D00C20F8E70823B9
:109B0800037000207047112243F21E030270C270D6
:109B18005922A0F801308280C380002070470821B4
:109B280008B5F7F7D3F9002008BD73B506460088D5
:109B38000C46088001A980B200F08FFD054640B9A7
:109B4800B3784BB9019B93F92001A070FBF7C4FDD2
:109B5800A070284602B070BD7F20FFF774FEF4E7BE
:109B680010B504466FF07F00FFF76DFEFBF7B4FDFC
:109B780020707F20FFF767FEFBF7AEFD60700020C6
:109B880010BD0A4600F1100108B5072302F085FD53
:109B9800002008BD10B5014604460020F8F75AFB1E
:109BA80008B92060A080002010BD10B50446F8F761
:109BB8007BFA28B900202146F8F734FB002010BDB5
:109BC800FFF717FF0028F5D10C20F8E710B5044679
:109BD800FFF70FFF28B101202146F8F723FB0020EB
:109BE80010BD0C20FCE7FFF77CBE1FB502880A8079
:109BF80044F2902183888B4215D840F64801ADF88D
:109C08000420428801A88B42ADF8062028BF0B46E5
:109C1800ADF80A20ADF80830ADF80C30FFF761FE5A
:109C280005B05DF804FB1220FAE737B508800D4649
:109C380001A900F012FD044620B901982946A83070
:109C4800FFF719FE204603B030BD03464821002027
:109C5800082210B56FF00404587099701C70DA70FF
:109C68001C7158719971DA7110BD10B50446FFF76F
:109C7800D5FD78B92146E27911F8010B00F0FD0015
:109C8800003818BF0120F8F7CFFD80F00100400030
:109C9800C0B210BDF8F7FEFC0028EBD00C20F8E7A6
:109CA80013B500880C46088001A980B200F0D5FCE5
:109CB800C8B9019B83F81A0193F81821012A06D024
:109CC800022A04D04FF43F710620F6F77BFCA270FD
:109CD80093F81921012A01D0022AF3D1E27093F8EE
:109CE8001A21002AE6D102B010BD1FB5044603A907
:109CF800008800F0B2FC58B9A388FF2B18D803F0ED
:109D08000303032B14D0E078FFF7A8FD10B9112046
:109D180004B010BDA078FFF7A1FD0028F7D00123FB
:109D280003A80093A388E278A17800F0ACF9EFE7E4
:109D38001220EDE737B58378C17803F00104027982
:109D480003F0020351EA04051DD052EA03051AD0B4
:109D5800002C18BF0021002B037818BF00228DF8B3
:109D680002108DF80320427843EA0223ADF8003050
:109D780043798279684643EA0223ADF80430FFF755
:109D8800B4FF03B030BD1120FBE713B50C4601A9A1
:109D980000F063FC18B9019BDB880133238002B013
:109DA80010BD07B5008801A900F070FC30B9019B0F
:109DB80093F8372112B9FF2283F8372103B05DF8F1
:109DC80004FB10B50446F8F799F92060002061609B
:109DD80010BD37B50446F7F7D5FD054623781F2B88
:109DE80018D8816A04226846FFF729FC2246002118
:109DF800A86A12F8013BFFF73DFC68B1AC6A20463F
:109E0800FFF7DDFC002102462046FFF763FC002037
:109E180003B030BD1220FBE70720F9E737B5044649
:109E2800F7F7B0FD054623781F2B18D8816A002262
:109E38006846FFF704FC22460121A86A12F8013B94
:109E4800FFF718FC68B1AC6A2046FFF7ADFC0121AA
:109E580002462046FFF73EFC002003B030BD12202A
:109E6800FBE70720F9E710B5044634F8020B088031
:109E7800002180B2F6F7D0FE20B12146BDE810409F
:109E880001F0B7BF022010BD008808B50880002186
:109E980080B2F6F7C1FE20B10021BDE8084001F00C
:109EA800A8BF022008BD13B500880C46088001A988
:109EB80080B200F0D2FB10B9019B9B8F638002B087
:109EC80010BD37B5038804460B8098B2638813B970
:109ED800122003B030BD01A900F0BFFB0028F8D163
:109EE800658842F21072019BA9B2D3F8C44051436D
:109EF800B3F8DA206243B3F8CC4004FB0222914263
:109F0800E6D3D3F8C420D3F8C4409442F9D1002250
:109F18009D875A63621E0A44B2FBF4F29A63D8E73B
:109F280010B50C460021F6F777FE90B1022C12D836
:109F380004F00102C4F3400480F8C42180F8C3414E
:109F480012B190F8C2310BB9002010BD01F040FBEE
:109F5800FAE70220F9E71220F7E710B5044600787F
:109F6800FF280AD00121F6F757FE58B16378A27886
:109F780043EA0223C383002010BDB4F80100F9F7B7
:109F88009BFFF8E74220F7E708B50078003818BFCC
:109F98000120F9F7F7FE002008BD0620F8F7A2B85F
:109FA8000820F8F79FB801F04EBF10B5044604B971
:109FB80010BD236898476468F9E703680BB9016026
:109FC80070471A465B6813B18A42FAD170478A42D1
:109FD80018BF5160704708B5FAF774FBF9F7C6FE69
:109FE800BDE80840FAF756BB08B50020FFF7F4FAB9
:109FF800F6F7D6FEF8F7D0F8F7F77CFB20B14FF468
:10A00800A2719320F6F7DEFA08BD08B5F9F77EFECF
:10A01800FAF72EFB20B14FF4B2719320F6F7D2FA7B
:10A028000120BDE80840FFF7D7BA08B5FFF7EDFFF4
:10A0380001F0CBFE20B140F279119320F6F7C2FA75
:10A0480008BDFDF789B90B46892203F8032BD0F820
:10A058000920C1F80320427B1A71704738B50D46B4
:10A068000446F8F751F82B78002B08BF034684F80C
:10A078006C306B78002B08BF034684F86D306B8812
:10A08800A4F86E3038BD2DE9F743046899460F46A9
:10A09800164694F8633094F80F8043EAD303DB073D
:10A0A80002D4B8F1250F36D16FBBF8F72DF8054665
:10A0B800BEBBF8F729F845BBB8F1250F2ED1002013
:10A0C8000546FF2384F8313194F8303103F0FF0856
:10A0D800F3B99DF8283001A984F8330104F1A800E8
:10A0E80084F8303184F832518DF804708DF80560A9
:10A0F800ADF80690FFF7B2FF002384F831314046EF
:10A1080003B0BDE8F0833D46D2E70028D4D0D8E7B5
:10A118004FF03A08F0E74FF01A08F0E74FF0090857
:10A12800EDE7002DC8D03046CBE738B503680446C4
:10A138000D4693F83031012B02D11E21F8F706F8AD
:10A148002368002083F8300165B1182283F899202C
:10A1580008229A7393F84A3093B940F28741AE20A7
:10A16800F6F730FADA7B233A072A03D82046DD735C
:10A1780000F058FE20461821BDE8384000F071BEB6
:10A1880038BD08B503689A7B22B14FF4FC71AE2044
:10A19800F6F718FA23229A7308BD034610F0010057
:10A1A80002BFC3F340035B00D8B270472DE9F84FF4
:10A1B800074610461E4642EA0104FFF7EEFF8346B3
:10A1C800084692464BEA0404FFF7E7FF88460A9DD3
:10A1D80004438146E4B2003C18BF0124F7F794FF1A
:10A1E80010EA0A0A18BFDA46F7F78EFF97F818310F
:10A1F80010EA080118BF4946534508BF4FF0000A46
:10A2080085F800A097F819318B4208BF00216970C2
:10A218005AEA01010AD1FB88013EF61A47F6FD7396
:10A22800B6B29E428CBF002404F001042046BDE86B
:10A23800F88FF7B504680646E57BA5F12303072BDD
:10A248004FD9002D4BD1A37B282B4AD04B7813F044
:10A2580007033DD08A7812F0070239D084F810310C
:10A26800252384F81121E37394F83131F3B994F874
:10A278003031012B1AD094F8107194F8190194F820
:10A288001411874294F81521B4F8163114D194F8B2
:10A29800117194F8180187420ED1022084F8321106
:10A2A80084F8332184F83001A4F83431304600F0C2
:10A2B800AFFD284603B0F0BD022000903046FFF7FE
:10A2C800E2FE0028F2D04FF47171AE20F6F77AF969
:10A2D8000978304603B0BDE8F04000F0C2BD012562
:10A2E800E7E72025E5E72DE9F04F056887B0044644
:10A2F80095F80EB0ABF12403D3F1000848EB03083E
:10A30800052A70D1EB7B262B73D10F358A784F78CD
:10A3180002F0070A039207F007090AF1FF3009F172
:10A32800FF3300EA0A0003EA0903034366D1B1F8E0
:10A338000360F7F7E9FE039A174307F00707874317
:10A348005CD15046FFF729FF2768A8B197F8183164
:10A35800984211D097F832211AEA020F4ED0BBF179
:10A36800240F09D097F811211AEA020F04D1022804
:10A3780070D1013B012B71D84846FFF70EFF40B161
:10A3880097F81931834204D097F8333119EA030F4B
:10A3980034D005AB38465246494600933346FFF75A
:10A3A80005FF2368074678BB93F83021012A28D196
:10A3B80001462046F7F7CAFE236883F830712F70EC
:10A3C800236803F10F02954201D10022DA73236852
:10A3D80003F10F02954237D1204600F023FD0020FB
:10A3E80007B0BDE8F08F414607B0BDE8F04FFFF772
:10A3F8009CBEBBF1240F2BD10E3587E74146204682
:10A40800F2E783F83001DBE7DA88A3F87462013EEB
:10A41800B61A47F6FD72B6B2964206D928222046E9
:10A4280083F83120F8F71EFED1E7DA7B0C2A02D038
:10A43800093A012A01D82A22F1E7BDF81420A3F825
:10A44800762228232B70C2E7002283F84A20C6E729
:10A458000220C5E7012B8FD0022BCFD04FF4DD713E
:10A468000620F6F7AFF808B50368DA7B252A05D089
:10A4780022B140F20961AE20F6F7A4F82622DA7379
:10A4880008BD2DE9F04104680E4694F8180104F15E
:10A49800A80894F8761294F87732002908BF014684
:10A4A8000BB994F81931814224D194F81951ED1A55
:10A4B80018BF012584F8181184F81931FF2384F88E
:10A4C8001A310AB14046904794F83071404600F07E
:10A4D800BDFB237BFFB2012F08BF45F001051D43DB
:10A4E800002345EA400584F83031257326B1A3736B
:10A4F800BDE8F0810125DDE7E673F9E7F7F74CBE23
:10A50800704730B542401C7808785D7860404C78D8
:10A518006C409D7820448C786C40DD782044CC7861
:10A528006C401D795B7920440C7949796C404B402B
:10A53800204418441044B0FA80F0400930BD024667
:10A5480000200139C9B2FF2900D17047535C83F05C
:10A5580001030344D8B2F4E708B5F7F7A1FE0828C9
:10A5680007D0F7F7BFFE082803D0F7F7CFFE012082
:10A5780008BD0020FCE708B5F7F792FE082803D0CD
:10A58800BDE80840F7F7AEBE08BD08B501F068FCA5
:10A5980018B1BDE80840FBF797B9082008BD014489
:10A5A8000023884203D1B3FA83F04009704710F8BA
:10A5B800012B1343F5E7F8B505460C46D0E90476B8
:10A5C80001F008FE18B952212920F5F7FBFFE4B184
:10A5D800D5E90423D21B63EB0603012A73F10001BA
:10A5E8004FF0000113DB6FF001009042994101DA4E
:10A5F8005C21E9E7631E1344B3FBF4F35C43E419FD
:10A6080046F10006C5E904461C462046F8BD0C463E
:10A61800FBE7022905D13C2808D980100F3880B201
:10A628007047702802D9C0100E38F8E7002070472C
:10A63800012908B5034605D002290BD0E7212920B6
:10A64800F5F7C0FF40F6C41040F2E242002B08BF05
:10A65800104608BD40F6C410FBE710B50C460021B3
:10A66800F6F7DAFA2060B0FA80F04009400010BD31
:10A678000368587BC0B293F830302BB900F0FB0068
:10A68800003818BF012070470020704710B50C46ED
:10A69800FFF7E3FF38B92046FFF7EAFF80F0010033
:10A6A8004000C0B210BD0220FCE738B54FF4287254
:10A6B8000D460021044602F086F86FF036020123A9
:10A6C800A4F8AA5084F863200422A37584F86420AF
:10A6D8006FF03B0284F8A83084F865206F2284F874
:10A6E8006620032284F86720002284F868206FF02F
:10A6F8007F0284F869202B2284F86220FE2284F8E5
:10A708009E207F22E27238BD40F6B83307B5B0F814
:10A71800CE20D0F8C4100190838701A8F8F7C2F8BA
:10A7280003B05DF804FBC2B292FAA2F2030A93FAEC
:10A73800A3F31B0E100E40EA0320704701310530C9
:10A748000022C9B270B510F8013F8B4216D310F839
:10A75800054C0023012505FA03F626421CBF01F12A
:10A76800FF31C9B269B10133082BF4D10132D2B239
:10A77800052AE8D19B214620F5F724FFC91AC9B25A
:10A78800F4E703EBC200C0B270BD0B6870B5C0F847
:10A79800013004460B790546461D03F01F0343713B
:10A7A8000023C37215F8010F00F019FB6871B54258
:10A7B800E37A1844E072F5D170BD81EA114170B5B1
:10A7C8008CB20546C17A032682EA0400FFF7ABFF84
:10A7D800013E00EB001016F0FF0604EB000290B2F9
:10A7E800F4D144402522B4FBF2F302FB1343C3F334
:10A7F800C402D8B203F007032A445678012202FAA9
:10A8080003F31E4207D161432846C1F30741BDE85F
:10A818007040FFF793BF70BDF8B590F8215004461B
:10A828006B1E242B03D9E1214620F5F7CBFEDAB1C4
:10A83800807D002843D194F8233094F8221002FB3D
:10A8480001322523B2FBF3F103FB1123DBB204EB46
:10A85800D30203F0070684F82330D17D0122B240E9
:10A86800114202D084F82430F8BDB3FBF5F205FBA1
:10A87800123304F11B01013303F0FF0311F8012F18
:10A888009A4219D311F8055C0022012606FA02F74C
:10A898002F4208D0013B13F0FF0304D102EBC002A2
:10A8A80084F82420E0E70132082AEFD10130C0B251
:10A8B8000528E3D1D721B7E79B1ADBB2F6E7E28890
:10A8C80004F11600096AFFF778FF84F82400CBE743
:10A8D8000378890123F0400301F040010B43037022
:10A8E8007047037803F07F0343EAC113037070478E
:10A8F8001F2A38B50546144603D9A8212A20F5F79A
:10A9080061FE06340930FEF7ADFA6C7038BD1F2AB7
:10A9180038B50546144603D9CA212A20F5F752FE50
:10A9280006340930FEF79EFA6C7038BD037802468B
:10A9380003F00F03032B3ED0052B42D1C37F90F8C1
:10A948002000034392F82100034392F822000343B6
:10A9580092F8230000F01F00184333D05378222BBD
:10A968002FD1B2F81930B1B1B3F5506F13D940F601
:10A9780007518B4225D8B2F81B30B3F5FA7F20D2A5
:10A98800B2F81D0040F676430A3880B298428CBF70
:10A99800002001207047991F40F67A4089B2814211
:10A9A8000FD8917D481E07280BD8994209D2B2F8D2
:10A9B80017109942DEE74078A0F10C03584258413D
:10A9C8007047002070478388A1B1B3F5506F11D943
:10A9D80040F6075293421BD8C388B3F5FA7F17D2C3
:10A9E800008940F676430A3880B298428CBF00202E
:10A9F800012070479A420BD8B3F5486F08D84278BF
:10AA0800511E072904D89A4202D242889A42E2E7A4
:10AA1800002070472DE9F3470E4601A914469946D0
:10AA2800FFF71BFE054618B9019F2CB901237B755A
:10AA3800012002B0BDE8F087D7F8BC802146404627
:10AA4800FEF751FC824608B90020F2E7F6F7B4FF9A
:10AA58008442F9D851464046FEF741FD7B7D494680
:10AA6800A0F80150002B224618BF022600F8036BFD
:10AA7800FEF7F8F921464046FEF770FC18B9832125
:10AA88002B20F5F79FFD01A8FEF7C8FF019BA3F84F
:10AA9800BA517D75CCE743780246C3F30111012909
:10AAA80010B50ED0022915D00478022103F00F004A
:10AAB800131D528844EA0020FFF7ACFF38B101208B
:10AAC80010BD047803F00F00131D5288F2E7F8F761
:10AAD800C5F8F4E70020F3E71A230B7001234B7045
:10AAE8008B707047F7F792BF10B521B940F2A921D2
:10AAF8001020F5F767FD4A600B72EFF3108472B609
:10AB0800031D0B6042681AB1127A012A08BF03605C
:10AB180003681960016004B962B6BDE81040F7F730
:10AB2800BFBF0222F8F788B80322F8F785B80422D5
:10AB3800F8F782B80222F8F7C3B88D230B7030F803
:10AB4800993CA1F8033030F8473CA1F8053030F8BB
:10AB5800433CA1F8073030F8453CA1F8093030F8FB
:10AB6800413CA1F80B307047012908B503D10E30DC
:10AB7800C00080B208BD022902D10F308000F8E77A
:10AB88004FF40C710620F5F71DFD30B587B004466B
:10AB98000D46F6F717FF80B334F8A24C69462046F5
:10ABA800FFF743F818B1FB212C20F5F70BFDBDF892
:10ABB800063003A8ADF80C40ADF80E30BDF80830EB
:10ABC800ADF81030BDF80230ADF81230BDF80430E1
:10ABD800ADF81430FFF707F810B14FF48271E3E7CE
:10ABE800ADF80C009DF80C30002063F307009DF8C9
:10ABF8000D3063F30F2007B030BD2B468E2203F8CB
:10AC0800032BD4F80920C5F80320D4F80D205A6086
:10AC1800B4F811201A810423ADF80C30E2E740683B
:10AC280070478A880B8910B5CC884988A0F84C40B1
:10AC3800A0F84810A0F84A20A0F84E3010BD0382B2
:10AC4800BDF800308181C281438270472DE9F84305
:10AC5800B0F840600446B0F84C30B0F844509E421A
:10AC6800B0F86070B0F8569028BF1E46B0F84E3065
:10AC7800B0F85A809D42A0F8566028BF1D46B742DA
:10AC8800A0F85A5038BF3746B0F8620094F87110EF
:10AC9800A842A4F8607038BF2846A4F86200FFF7FD
:10ACA800B8FC043080B2B84228BF3846B145A4F891
:10ACB8005E002DD1B8EB050518BF0125B4F8427028
:10ACC800B4F84830B4F846609F42B4F85490B4F8E9
:10ACD800588028BF1F46B4F84A3094F870109E4236
:10ACE800A4F8547028BF1E463046A4F85860FFF7F1
:10ACF80090FCB84228BF3846B945A4F85C0009D191
:10AD0800B04518BF45F0010505F00100BDE8F8831E
:10AD18000125D3E70125F7E738B5458A0446C38AF4
:10AD2800007A9D4228BF1D46FFF71EFF6389AB428C
:10AD380028BF2B46984238BF184680B238BD2DE947
:10AD4800F041984607460E46008C19461446FFF710
:10AD58000BFF054641463846FFF7DEFF85429DF862
:10AD6800181028BF0546B88DFFF7FEFEFB8DADB263
:10AD7800834228BF0346A01D9BB230442B4418448D
:10AD8800BDE8F08107B590F8713000229621343083
:10AD9800009390F83C30FFF7D2FF03B05DF804FB56
:10ADA80038B514460D4619469634FFF7EBFF204494
:10ADB800A84294BF281A002038BD38B50D46114660
:10ADC8000446FFF7DFFF2844A06338BD01F19C0368
:10ADD80083423DBF9C38401A40080020704700F06D
:10ADE8005503400800F05500034403F033009B0866
:10ADF80003F03303034403F00F0000EB1310704714
:10AE0800036800229A7383F84A20A3F84620704703
:10AE180003680022A3F84E2093F85020013283F8EB
:10AE280050207047026808B592F85030013B5BB279
:10AE3800002B82F8503003DA52214A20F5F7C2FB82
:10AE480008BDA0F10903042B09D9A0F14603012B81
:10AE580005D9233807288CBF00200120704701201E
:10AE680070470268136810B513F0080408D143F05E
:10AE7800080382F898101360FFF7CAFF204610BD38
:10AE88000120FCE730F8023CF7B505460E46B0F85D
:10AE9800827073B101226846ADF801708DF8002008
:10AEA800ADF80330F6F720FE18B195216320F5F7C9
:10AEB80089FB83230024A6F803703370B4706B7A7F
:10AEC800D5F898007371FEF7B5FA08B9BA21EDE71D
:10AED80021463846F5F7B6FE4FF40173204603F0D5
:10AEE80004021B0A62F3070063F30F2003B0F0BDEE
:10AEF800036800201A7C063A012A81BF4A785A74EE
:10AF080006221A7470470268137C063B012B84BF23
:10AF1800072313747047026870B5D57BE5B9CB88F1
:10AF2800D688A2F87432013B9B1B47F6FD769BB28C
:10AF3800B34206D9282382F83130F8F793F8284627
:10AF480070BDD1F80130C2F876324B7982F87A3286
:10AF580009220368DA73F2E70125F0E70B4682223B
:10AF680003F8032BD0F80920C1F80320D0F80D20EE
:10AF78005A60427C1A720023CB707047036870B520
:10AF8800DD7B06460C46002D3CD10622294620468C
:10AF9800FFF719FD28B921783046BDE87040FFF762
:10AFA80060BF32686389D188A2F87432013B5B1AAA
:10AFB80047F6FD719BB28B4207D92823304682F8A9
:10AFC8003130F8F74FF8284670BDA38840F2E241C7
:10AFD8004B43C2F87C326378C3EB431003EB800326
:10AFE80003EB83035B00A2F8763263884B43C2F815
:10AFF8007832E388A2F880322389A2F882320C23BF
:10B00800D373E0E70125DEE70B46842203F8022B21
:10B01800D0F80920C1F80220D0F80D205A607047F6
:10B028000B46852203F8022BD0F80920C1F802202C
:10B03800B0F80D209A80704738B503680546DC7B68
:10B0480034B1103C0F2C8CBF01240824204638BD95
:10B058001B7D002BFAD0FFF7DBFE2B681022DA737A
:10B06800F4E708B50368DA7B152A04D040F26521B5
:10B078001F20F5F7A7FA012283F851201722DA7367
:10B0880008BD0368DA7B112A05BF122200200220BE
:10B09800DA737047036810B5DB7B04461B2B06D1B7
:10B0A800FFF7C0FE23681F220020DA7310BD0220BC
:10B0B800FCE708B50368DA7B102A04D04FF4247142
:10B0C8001F20F5F77FFA012283F851201122DA7345
:10B0D80008BD08B50368DA7B172A04D04FF4277136
:10B0E8001F20F5F76FFA1B22DA7308BD3E230B7099
:10B0F8000C234B7004238B70D0F80930C1F803304F
:10B10800D0F80D30C1F80730B0F81130A1F80B3085
:10B11800C37C4B73704708B503689A7B1AB1CF217B
:10B128001C20F5F74FFA04229A7308BD026808B587
:10B138001368D90703D4DD211C20F5F743FA23F05F
:10B1480001031360BDE80840FFF76CBE87230B704E
:10B1580030F8903C4B807047036800209A7B0E2A99
:10B1680001BF002283F83E2083F84A209A73704773
:10B1780038B505682B6813F0040407D1FFF748FEBB
:10B188002B68204643F004032B6038BD0120FCE700
:10B198000268136823F004031360FFF743BE08B581
:10B1A80003689A7B1AB172214B20F5F70BFA0E222D
:10B1B8009A7308BD10B5D0E90D42A24206D38B8C14
:10B1C800121B498E05334B43934202D3012380F867
:10B1D8003E3010BD0C230B7008234B7000238B707E
:10B1E800B0F85630A1F80330437A4B714389CB80CD
:10B1F80083890B81704710B5046894F853309A0717
:10B208000CD4A37B1BB177214020F5F7DBF9012291
:10B21800A4F84630A27384F84A2010BD23689B071F
:10B2280005D5FFF7FFFD236823F002032360002301
:10B2380084F83631F1E710B50B7901284C790A68A2
:10B2480043EA0421104608BF41F4803110BD07B518
:10B25800FFF7F1FF0DF10702F8F732F903B05DF8D7
:10B2680004FB002307B501A80193FBF775FB0198C0
:10B2780010F0030018BF012003B05DF804FB08B507
:10B28800FFF7EFFF002814BF1420002008BD08B501
:10B2980003689A7B1AB12621A320F5F793F9202297
:10B2A8009A7308BDF7B5056806460C46AB7B203B8C
:10B2B800022B2BD8B1F805101A2921D9B4F8073078
:10B2C800B3F5A47F1CD3B4F801201A2A18D9B4F80E
:10B2D8000300B0F5A47F13D305F1A804009005F18D
:10B2E800DC00FFF7ACFC20463768FFF7AFFC18B16D
:10B2F80007F24310F7F706FD06213068F8F756FD08
:10B30800002085F84A00A87303B0F0BD0120FBE7D0
:10B3180002681368D90610B5044603D4B821A320DF
:10B32800F5F750F9990601D5B921F8E723F010038C
:10B338001360FFF777FD20680621BDE81040F8F795
:10B3480035BD10B5FBF73CF80446FFF798FF4FF4FE
:10B358007A7204F54443A4304933B3FBF2F318443A
:10B3680010BD10B5044690F87100FFF7EAFF0122FE
:10B3780001462046BDE81040FFF71FBD7FB50446D3
:10B3880018B9AA213020F5F71DF9052900F2B58072
:10B39800DFE801F003AE2A25B3A990F80832C28885
:10B3A800A3B1B0F80632934208BFB0F8BC319A1A7C
:10B3B800A0F8BE21E3802046D4E99223C4E994236F
:10B3C800F9F74CFD94F84C3004B070BDB0F8043275
:10B3D8009B1AA0F8BE31B0F804329BB2EAE704B079
:10B3E800BDE87040FAF760BF00F0D0FDD4E99423BF
:10B3F800801A61EB0301012871F1000302DA40F2BF
:10B408001261BFE76FF0010383424FF000038B41E5
:10B4180002DA40F21361B5E7D4F8C4300BB1B0FBDF
:10B42800F3F3E17BB4F806220C2931D10132A4F8F8
:10B438000622B4F86A3203AEE5880133A4F86A320A
:10B44800B4F842301D44B4F84030013DED1AADB2B5
:10B45800B4F806126B1A180434D400232046009658
:10B468001A46F8F7D5F80128AED1B4F80622B4F890
:10B47800B811BDF80C301344521A12049BB204D50B
:10B48800EA1A12F4004F18BF0B46A4F80632DFE799
:10B49800E1880B449BB2D11A0D044BBF0133013232
:10B4A8009BB293B2A4F8063294F80932002BC0D1AB
:10B4B800B4F8BC31B4F80622934204BF0133A4F8AF
:10B4C8000632B6E7A37C30460394002B14BF08234A
:10B4D8003E2384F83130F7F7C5FD204600F07EFCA6
:10B4E8000023637370E704B0BDE87040FEF794B9B9
:10B4F800437B042BF4D0CB2144E7D02142E700233F
:10B5080013B51A464373A0F86832194600930446E7
:10B51800F8F77EF820B14FF4F6713020F5F752F8BD
:10B528000123C4F8F001C4F8E8016373A4F8060223
:10B53800A4F8040284F80902E388A4F86A02013B2B
:10B54800E38002B010BDD0F8E800704738B5044673
:10B5580090F828319BB1FF2380F83031012100F0A9
:10B568009EFA94F8283153B104F1C005284600F03A
:10B5780032FD284600F03BFD002384F828310020E6
:10B5880038BD08B590F8302142B990F8EC2042B1A6
:10B59800D0E93C31994202D9F9F7D8F9002210468E
:10B5A80008BD0122FBE710B50446FFF768FE00F26C
:10B5B8005911E269636B9A4228BF1A461046FFF791
:10B5C80005FC40F64803984228BF184680B210BDD3
:10B5D8007FB5044690F84C3003F0FF05002B57D197
:10B5E800437B032B54D100F0D1FCD4E99423801A77
:10B5F80061EB0301012871F1000349DB6FF00103DE
:10B60800834275EB010104DA40F2BB513020F4F7B4
:10B61800D9FFD4F8C420E3880AB1B0FBF2F20133B1
:10B6280013449BB2A4F80432B4F8BC31B4F8042231
:10B638009B1A1BB2002B2BDD04F5047000F0CBFC29
:10B6480030B3FF2384F80932B4F842300DF10E0606
:10B65800E5881D44B4F84030013DED1AADB2B4F8A8
:10B668000432EB1A1B0413D4B4F804120023012289
:10B67800204689B20096F7F7CBFF012808D1B4F825
:10B688000432BDF80E2013449BB2A4F80432E6E756
:10B6980004B070BD2DE970430C461546E2B9FAF7BF
:10B6A8002FFB84F8EC500646D4E9468984F82851E3
:10B6B800D4F8E800FFF728F8D4F8E800C0E994893E
:10B6C800C0F86C62C0E99889FFF719FFFAF7B8FC6F
:10B6D800BDE87043FCF78ABD40F2D4713020F4F71E
:10B6E80071FF70B5044621B1012978D040F2E471A8
:10B6F80072E000F007F994F8293105460E46DBB1EF
:10B7080050EA010318D0D4E93E32D4E94601C01A00
:10B71800334661EB02012A4601F00CF805FB01F300
:10B7280000FB0633A5FB00021344D4E93E2112189E
:10B7380043EB0103C4E93E23E08B30B1F7F7FCFA91
:10B74800E38BB0FBF3F202FB1300D4E93E32ED18B1
:10B758004FF0000346EB02062D1840F2024284F82F
:10B76800083146F1000684F82931A4F81021C4E90B
:10B778003E56C4E9465694F8303103F0FF01DBB970
:10B788006FF00043D4E948029A4208BFB0F1FF3F86
:10B7980018D02046D4E9465600F0A9F8AE30D4E9CE
:10B7A80048325B1B62EB06021B1A62F10002002A98
:10B7B80008DA2046F9F7CAF8FAF742FCBDE8704003
:10B7C800FCF714BD04F5847104F1C000FCF722FDF8
:10B7D8000028F1D140F211713020F4F7F3FE002374
:10B7E80080F8EC30E8E790F82801003818BF01200D
:10B7F80070470B468C2203F8032BD0F80920C1F8B8
:10B808000320D0F80D205A60704738B588220B46BF
:10B818000C4603F8032B00F10902293052F8041BE7
:10B82800824243F8041BF9D1127800211A700123CF
:10B83800A588A3712846F5F7EFF958B1E3784BB11D
:10B8480000212846F5F7FEF920B140F233212D20DA
:10B85800F4F7B8FE38BD0121F8F720BEFFF7FBBFAB
:10B8680090F872300BB10120704790F8AA2002F0CE
:10B87800FF03002AF7D190F89C201846704737B587
:10B888000D464FF49C720021044600F09CFFFF23F4
:10B8980023701323638042F21073E383F5F7B6FA3B
:10B8A80000220146A0626846FDF7C9FEA06A002290
:10B8B8000121FDF70FFFA16A68460422FDF7BFFECC
:10B8C8000022A06A1146FDF705FF04F12000A574C7
:10B8D80003B0BDE8304000F019B9FF23886A0B7047
:10B8E800FDF7AABE0078FF3818BF0120704710B5D1
:10B8F8000446203000F05AF928226188F9F756F8F2
:10B908006D3010BDD0E9020170472DE9F04F0746B0
:10B918008FB00C46064606AD0DF110080FCF0FC5C7
:10B9280097E80F0085E80F00404600F0EFF86778C9
:10B9380094F8149007F07F0594F80AA0B9F1010F64
:10B9480094F800B02F4607D0B9F1020F04D040F2A6
:10B9580012310620F4F736FE617A404600F0DDF831
:10B96800237D227F4046022B02F101020CBF617D3C
:10B978000121D2B204BF0131C9B200F0D0F815F0EC
:10B98800080360D14046019300F010F92822394697
:10B99800F9F70CF840F2712100F28622E578207957
:10B9A800019B45EA00256079B2FBF1F245EA0045C2
:10B9B8004A434D43AA420AD9E079A57945EA0025C8
:10B9C800207A45EA00454D43954228BF1546227E18
:10B9D8000393531EA17CB06A5A4202915A410192C4
:10B9E800FDF7F8FEB06AFDF705FF039B019A02997F
:10B9F800ADF81A7006AF8DF818B0089535468DF871
:10BA080028208DF82B108DF82CA08DF81C90099308
:10BA18000FCF0FC597E80F0085E80F0098E80300DF
:10BA280030620020B184E37A03F0FD03003B18BFC5
:10BA3800012386F84F30E3683365238AA6F854302B
:10BA48000FB0BDE8F08F00252B46C0E74FF4004348
:10BA5800C38443881D2B08BF00214174704790F9A7
:10BA680012007047408800F0010070478078C0F3EA
:10BA7800400070478078C0F3C000704790F84830A5
:10BA8800816181F8B330D0F84930C1F8B430B0F8EA
:10BA98004D30A1F8B83070477047F8F75DBA80F8B4
:10BAA800681070478278034612F0010002D0D978F6
:10BAB800C90710D5900702D5D97889070AD512F099
:10BAC800040008D0D878C0F3800080F0010080001E
:10BAD800C0B2704702207047C0F34002C0F3800331
:10BAE80000F00100134418447047022808B507D035
:10BAF800042807D0012807D039212E20F4F762FD49
:10BB0800262008BD2720FCE72520FAE70023C0F8F7
:10BB1800023001234370037070478170704710B57D
:10BB28004270144601708078FFF7D6FF484304FB43
:10BB380000F2FE2A03DD5C212E20F4F743FD10BD40
:10BB48000023C37043710371704710B50446FFF7B3
:10BB5800A9FF637962780133DBB29A4263710CD131
:10BB6800E3780022A17803436271DBB29942E37063
:10BB780001BF2379E27001332371BDE81040FFF75C
:10BB8800B4BF38B504468078FFF7A6FF0146E078D1
:10BB9800FFF7A2FF2378227965789B1A6B435943F4
:10BBA8006379C91A00FB1510C0B238BD014608B543
:10BBB8008078FFF791FF4A780B7853435843C0B217
:10BBC80008BD40F2EE20704740F25A3358437047A0
:10BBD80038B50E38136814460D469A7B09283ED8A6
:10BBE800DFE800F0053D3D3D0F3D183D3D27042AA7
:10BBF80005D12046FFF704F92046F7F7A3FB0020FC
:10BC080038BD0E2AFBD1002220461146BDE8384037
:10BC1800FFF7A2BA202AF2D12046FFF7F1F8002D4B
:10BC2800EDD0226892F8623023F0200382F8623067
:10BC3800E5E7DA7B262AE2D100252046DD73FFF707
:10BC4800F1F8236893F83031012B03D129462046B7
:10BC5800F6F77CFA2368002283F83021CFE740F218
:10BC680062213120F4F7AEFC08B50368DA7B172AA5
:10BC780004D040F241513120F4F7A4FC1D22DA73BC
:10BC880008BD08B590F89E30FE2B04D040F62A1166
:10BC98003120F4F797FC002380F89E1080F89F303D
:10BCA80012B9A0F84E2008BDA0F84630012380F84C
:10BCB8004A30F8E708B50368DA7B342A05D1002250
:10BCC800DA73BDE80840FFF7ADB8172A02D11D2284
:10BCD800DA7308BD40F256513120F4F773FC08B509
:10BCE80003689A7B082A0AD193F8991093F8A02040
:10BCF800914204D100229A7383F84A2008BD1A6839
:10BD0800110706D522F008021A60BDE80840FFF7BF
:10BD180089B840F23B513120F4F754FC037D63B9F4
:10BD2800C37BA3F10F02032A07D990F8520028B168
:10BD38001F2B8CBF0020012070470120704702464E
:10BD480000684978837B202B13D00AD8042B12D0A3
:10BD58000E2B12D0C37B262B0CBF1720FE20F8F722
:10BD6800E3BF2A2B03D02C2B09D0242BF2D1162089
:10BD7800F5E71420F3E70E20F1E71220EFE7232080
:10BD8800EDE7024600680B4690F8621041F00401A6
:10BD980080F8621099785878F8F7C6BF38B50C461D
:10BDA8000546D1E92F01F4F7E7FF637B3BB104F5C2
:10BDB8000474204600F00FF9204600F018F92846D0
:10BDC8000221BDE83840F4F73DBF0020704708B5B0
:10BDD800F6F7FCFFBDE80840F7F7AAB90022C281D0
:10BDE800827490F84C3013B10221F7F7DFBF0321BA
:10BDF800FBE738B504460846E37B03F0FD0394F8F7
:10BE0800702212B10C25284638BD152BFAD194F8AA
:10BE18008C3203F0FF05002BF4D191B194F8DE3198
:10BE280023B940F627313120F4F7CCFB052304F180
:10BE3800800204F5E77100F030FC012384F87032C9
:10BE4800E1E70223FAE7F7F735B808B5F9F748FF4D
:10BE5800F9F75EFDF9F78CFCBDE80840FAF7A4BBDA
:10BE680010B5C824F9F718FD022808D1013C14F0D0
:10BE7800FF04F7D10620F6F7FFFE204610BD431E4B
:10BE880058425841FAE710B5F9F742FF044600F066
:10BE980029F9201841F1000110BD38B504461546AE
:10BEA800F9F7C2FD01462A462046BDE83840FAF7B0
:10BEB8005FB819B943780BB1C3788370704710B570
:10BEC80004460846FAF77CFA4FF47A73B0FBF3F0AD
:10BED800201A10BD10B504460846FAF771FA4FF457
:10BEE8007A7200F2E733023CB3FBF2F3E01A10BDBA
:10BEF80000F038B8801A00F3070038B50D4614462C
:10BF080059B240B2FAF7DEFD0023287020446B7066
:10BF180040B238BD00230360704770470020704767
:10BF28004FF0FF3070474FF0FF30704770474FF0C9
:10BF3800FF307047002070470020704700230370CF
:10BF480070479DF800300022FFF7D4BF4FF0FF3054
:10BF58007047002070474FF0FF3070474FF0FF30B8
:10BF68007047704770470020FAF7F0BD0020FAF7D5
:10BF7800C7BE0020FAF7E0BE0020FAF7E7BD704719
:10BF8800FAF726BFFAF738BFFAF728BFFCF77ABBEB
:10BF9800FCF746B8FCF75CB8FCF79EBB00F03CB970
:10BFA800FCF790BBFCF780BB10B5837F8BB90346C9
:10BFB80001F1180251F8044B914243F8044BF9D1AE
:10BFC800012484772146FBF75BFAFCF71BF820462F
:10BFD80010BD0020FCE710B504460221FBF750FA1B
:10BFE800FCF710F8A07FB0FA80F0400910BD38B512
:10BFF8000446A37F03B938BDA37F032B02D0A37FD8
:10C00800042B0ED1EFF3108572B62046FBF756FCD1
:10C0180005B962B6A37F002BEDD0FF210320FCF702
:10C0280025FDA37F012B02D14FF48271F6E700F0C2
:10C038003EFBDEE7F8B50746FCF752F8044620B9A0
:10C0480040F229110320FCF711FDFCF74FF8A46812
:10C0580000252418384641F1000622463346FBF7EE
:10C06800B5FCA04271EB060309D3001B6FF0010376
:10C0780061EB0601834275EB010102D3F8BD284646
:10C08800FCE74FF0FF30F9E72DE9F04104460F4691
:10C09800FCF726F8064620B94FF4A3710320FCF7F5
:10C0A800E5FC8568002362195B4113B10020BDE8F7
:10C0B800F081FCF71BF82A18384641F1000314EB0D
:10C0C800020843F10005FBF781FC4045A941EDD387
:10C0D800FCF7D8FA00F05FF8B368012037752344FD
:10C0E800B360E4E7FCF702B880687047F8B5036905
:10C0F800044623B14FF4D1710320FCF7B7FCFCF7D9
:10C10800C1FA05460E46FBF711F970B36435D4E958
:10C11800003246F10001AB4272EB010001D22B461E
:10C128000A46C4E90032EFF3108572B6FBF7D8FF70
:10C13800064698B1FBF7DAFFB3680B332CBF012230
:10C1480000221B18D4E9006042EB0101B34271EBF5
:10C1580000023CBF33460146C4E9003105B962B666
:10C168002046BDE8F840FBF7A7BCFBF7FFF80746F9
:10C17800FBF7CAFFB84238BF3846963546F1000289
:10C188004319D4E9000142F10002834272EB010530
:10C19800C7D20346C4E7FBF78DBA032910B5044696
:10C1A80006D801290ED840F26311B020FCF75EFCD6
:10C1B8000429F8D1FBF77AF920B12046FBF7FAFCFD
:10C1C800022010BD0020FCE7C0E90812202200214F
:10C1D80000F0F9BA10B5037886B0044623B14FF4DD
:10C1E800AB714520FCF742FC0593CDE90333D0E958
:10C1F8000423CDE9002343680293037A68468DF847
:10C208001430FFF773FF0120DDE90023C4E904239C
:10C2180006B010BDFCF7D0B810B5029C241841F147
:10C228000001A01A61EB0301B0F1004F71F10001A8
:10C2380003DBAA210420FCF719FC10BD08B5002374
:10C248000B8581F82A300B6A0921984728B10378B1
:10C258001BB1E9216A20FCF709FC08BD436A1944AF
:10C268004162A1F19600FFF793BEF8B5044620B9E4
:10C2780040F2AD116A20FCF7F9FB90F858500529F7
:10C2880000F2C780DFE801F0038043656F7990F81A
:10C298002A30033B012B02D94FF4DC71EAE705236E
:10C2A80080F82A30002380F859300378EBB12378DE
:10C2B800012B24D1FCF70EF8636894F828606362B8
:10C2C800C4E90601F6B9FFF76BFE31462046FFF7D1
:10C2D800C5FF236A31462846984701462046FCF7A1
:10C2E800AFFA022840F09880F8BDFFF74FFE0746E6
:10C2F8000E46FBF7EFFF87428E41F6D3D7E7D4E926
:10C308000401D9E72046BDE8F840FCF765BA90F883
:10C318002A30DA1E012A02D940F2ED11AAE790F874
:10C3280028202AB121462846BDE8F840FFF786BFF5
:10C33800042B036A18BF012180F82A10052128461A
:10C3480098470028D0D00378002BCDD04FF4007147
:10C3580090E790F82A30052B02D040F2062189E7B1
:10C36800036A0221B7E790F82A30052B02D04FF470
:10C3780003717FE7036A0121ADE790F82A30052BA6
:10C38800C0D040F2122175E790F82A30052B07D06B
:10C3980090F829200AB1032B02D040F2172169E74F
:10C3A80094F82820002ABDD194F8593083B102238B
:10C3B8000821284684F8592084F82A30236A9847A7
:10C3C800002891D00378002B8ED040F2232151E72A
:10C3D80094F8292062B1214604F1300084F829300C
:10C3E800FBF718FF00287FF47FAF4FF40A7141E78D
:10C3F80002230721284684F82A30236A9847002810
:10C408003FF472AF0378002B3FF46EAF40F22F2158
:10C4180030E74FF40D712DE70128236A0CBF042182
:10C42800032158E770B50024FCF7C4FA05462646F0
:10C43800E0B2854200D870BDFCF7C2FA0134068527
:10C4480080F82A60F4E7F8B504460D460027FCF7A3
:10C45800B1FA0646F8B2864204D8082D0CD96FF016
:10C46800150008E0FCF7ACFA90F82A300137002BE9
:10C47800F0D04FF0FF30F8BD2CB129462046BDE87A
:10C48800F840FCF7A9BA21462046F8E710B504465B
:10C49800FCF796FA014688B190F828308BB990F8E5
:10C4A8002A3073B1013B012B04D82046FFF7C6FEA2
:10C4B800002010BD012380F82830F9E76FF0010053
:10C4C800F7E76FF02200F4E770B50D46FCF778FA4D
:10C4D800044600284CD090F82A60731E012B4DD8D2
:10C4E800002D48D02846FCF74BF9002843D02B787C
:10C4F8000BBB012323702B796A79003B18BF0123FA
:10C50800002A14BF0422022243F004032272AA68FC
:10C51800A5326260EA68637203232261214604F14E
:10C52800300084F82A30FBF775FE50BB40F2C12179
:10C538006A20FCF79BFA022E20D1002323702B7966
:10C548006A79003B18BF0123002A18BF042643F06C
:10C5580004032672EA686372A532A9686260D4E9A6
:10C5680006325B1842EBE172C4E904320423D5E7D2
:10C578006FF0010070BD6FF01500FBE76FF022004F
:10C58800F8E70020F6E7FCF76DBCF8B50379044638
:10C598001BB11B219D20FCF769FA4679017126B968
:10C5A80001234371217909B96171F8BD27682046D3
:10C5B8002671B84702280546F4D103212046B8471A
:10C5C80008B12F21E6E72368294620469847002826
:10C5D800E8D03021DEE70346006800B9704788429A
:10C5E800F9D102681A60704701F11003013813F895
:10C5F800012D8B4200F8012FF9D170472DE9F04742
:10C6080013F0010F8EB004460D4617469A46DDE931
:10C61800168924D006A8FFF7E7FFA30735D002AA9A
:10C6280004F110052068083454F8041C1346AC4281
:10C6380003C31A46F6D106AD02AC1AF0020F434600
:10C64800CDF8009023D0294620460AAAFCF7B8FA6C
:10C658000AA93846FFF7C8FF0EB0BDE8F08713F007
:10C66800040F0DD106AB0E4601F1100C1D463068C3
:10C67800083656F8041C1A46664503C21346F6D116
:10C68800214602A8FFF7B0FFD6E706ADD5E73A4640
:10C6980029462046FCF794FADEE713B50024CDE9D5
:10C6A8000044FFF7ABFF02B010BDFCF78DBB20BF05
:10C6B800704720BF70479142F8B503D37321962085
:10C6C800FCF7D4F9B2FA82F33BB1C3F120049940E4
:10C6D8009A4020FA04F4984021434FEA124C93B24E
:10C6E800040C87B2B1FBFCF50CFB151E05FB03F629
:10C6F8004FEA0E4E0EEB1040864205D9361A964286
:10C7080094BF01260226AD1B04EB0141280405FB5A
:10C718001211B1FBFCF40CFB1411634307EB014746
:10C72800BB4205D9DB1B934294BF01230223E41AC1
:10C738002043F8BD2DE9F0411D4607460C46164634
:10C7480052EA050303D1A6219620FCF78FF985B993
:10C75800914204D2FFF7AFFF2946BDE8F0810846B1
:10C768002946FFF7A8FF05463246384606FB15411D
:10C77800F0E7B5FA85F80123400803FA08F3C8F191
:10C788001F0840EAC470A3FB0212610803FB0522DC
:10C79800FFF791FF30FA08F04FF0000102D001389E
:10C7A80061EB010100FB05F3A0FB062C06FB01333E
:10C7B800BF1A634464EB0304B742AC41CDD30130E4
:10C7C80041F10001C9E7F0B5C9B20446A3072646FE
:10C7D8000ED14FF0013522F003034D43E718BC4258
:10C7E8000CD1334402F003021A44934209D1F0BD3C
:10C7F800002AFCD0013A04F8011BE7E744F8045B7F
:10C80800EDE703F8011BF0E700280CBF6FF01500F7
:10C8180000207047002070470723037000207047EE
:10C82800002070470020704710F8012B11F8013BD9
:10C83800012A28BF9A42F7D0D01A7047034611F848
:10C84800012B03F8012B002AF9D17047034613F88E
:10C85800012B002AFBD1181A013870472DE9F0473F
:10C868008C468E46089E154604461946002B40F015
:10C87800D080724547D9B2FA82F74FB1C7F1200389
:10C888000EFA07FCBD40BC4020FA03F343EA0C0C47
:10C898004FEA154EA8B2230CBCFBFEF80EFB18CCD1
:10C8A80008FB00F943EA0C43994528D9EB1808F12D
:10C8B800FF3204D2994502D9A8F102022B44A3EB16
:10C8C8000903A4B2B3FBFEFC0EFB1C330CFB00F007
:10C8D80044EA0344A04214D92C190CF1FF3304D2C2
:10C8E800A04202D9ACF102032C44241A43EA0240C4
:10C8F8001EB1FC40002334607360BDE8F0874246F7
:10C90800DDE76346F1E7002A79D0B2FA82F3002B1B
:10C918003FD01946C1F1200302FA01F500FA01F4EB
:10C928002EFA03F20EFA01FE20FA03F3AFB243EA3D
:10C938000E034FEA154EB2FBFEFC0EFB1C201A0C30
:10C948000CFB07F842EA004290455AD9AA180CF1A4
:10C95800FF3004D2904502D9ACF102002A44A2EB80
:10C9680008029BB2B2FBFEFC0EFB1C220CFB07F775
:10C9780043EA02439F4246D9EB180CF1FF3204D236
:10C988009F4202D9ACF102022B44DB1B42EA00426F
:10C9980002E0AEEB020301224FEA154EAFB2200CC3
:10C9A800B3FBFEFC0EFB1C330CFB07F840EA034309
:10C9B80098452AD9EB180CF1FF3004D2984502D9D2
:10C9C800ACF102002B44A3EB0803A4B2B3FBFEFCBA
:10C9D8000EFB1C330CFB07F744EA0344A74216D9A5
:10C9E8002C190CF1FF3304D2A74202D9ACF102038F
:10C9F8002C44E41B43EA00400F46114678E71F2108
:10CA080088E76046ABE76246BFE76046DBE7634618
:10CA1800EFE7734506D916B9002108466DE7C6E960
:10CA2800000EF9E7B3FA83F787B9734501D3824259
:10CA380007D8841A6EEB030301209C461EB9002117
:10CA48005BE73846FAE7C6E9004CF8E7C7F1200C7F
:10CA5800BB4000FA07F422FA0CF520FA0CF1BA40B0
:10CA68001D432EFA0CF30EFA07FE4FEA154941EA68
:10CA78000E011FFA85FEB3FBF9F809FB18300B0C01
:10CA880008FB0EFA43EA00439A4540D9EB1808F12F
:10CA9800FF3004D29A4502D9A8F102002B44A3EB37
:10CAA8000A0389B2B3FBF9F809FB183308FB0EFE39
:10CAB80041EA03418E452CD9691808F1FF3304D2A5
:10CAC8008E4502D9A8F10203294443EA0040A1EBAC
:10CAD8000E01A0FB02984145CE46434602D306D13B
:10CAE8004C4504D20138B9EB020E68EB0503002E61
:10CAF800A5D0B4EB0E0261EB030101FA0CFC22FA9B
:10CB080007F3F9404CEA0303C6E9003197E74046CA
:10CB1800C5E74346D9E700000022F0B585B01146C5
:10CB280040F6034002AF06F045FF044600285BD1FB
:10CB380006F0E6FC214641F203003A1D06F03AFFF2
:10CB48000446002850D17A68294DD16805F1780348
:10CB5800D1F80100D1F8051003C3104605F064FAB6
:10CB6800214641F201003A1D06F024FF0446002840
:10CB78003AD17868C3685A7885F870205A88A5F839
:10CB880072201A7985F87120B3F80720A5F8742067
:10CB9800B3F80530A5F8763005F046FA214641F29B
:10CBA80002003A1D06F006FF0446E8B9D7F804C0AB
:10CBB80005F18006DCF80C20531C41323446186815
:10CBC8005968083303C493422646F7D1604605F0F6
:10CBD8002BFA95F87C305A0610D40121054A0648EC
:10CBE8001CF0D7F96FF0120420460C37BD46F0BD93
:10CBF800A0050020C011030070DE0200002142F2EF
:10CC080003003A1D06F0D6FE04460028ECD17A68E7
:10CC1800A94BD168D1F80100D1F8051003C310461B
:10CC280005F002FA214642F202003A1D06F0C2FE61
:10CC380004460028D8D17E68F468B4F801309AB266
:10CC480092B1E27882B1A5F8FC30E378032B06D0E4
:10CC58000322022100929948994A1BF0AFFDE2781D
:10CC6800984811461EF0AEFD304605F0DDF91F2349
:10CC780095F87C60A5F8103116F0200619D14FF010
:10CC8800FF304FF0FF3106F05BFC0446002800F04F
:10CC9800BE8102210C3005F0ADFA01232146037054
:10CCA8004670324640F66D4006F084FE0446002881
:10CCB8009AD195F89C301B0712D5002142F21C002E
:10CCC8003A1D06F077FE044600288DD17868C368BF
:10CCD800D3F80120D3F80530C5E9382305F0A4F9C5
:10CCE80095F8D8309E0623D53846B91C06F00CFFB7
:10CCF800044600287FF478AF4FF0FF304FF0FF3143
:10CD080006F01EFC0646002800F0818104210C3044
:10CD180005F070FA3B88224603807B8831464380C1
:10CD280042F2240006F046FE044600287FF45CAF79
:10CD380095F8D8305C0610D5002142F22A003A1D39
:10CD480006F038FE044600287FF44EAF7868C368C2
:10CD58005B7885F8123105F067F94FF0FF304FF036
:10CD6800FF3106F0EDFB0646002800F0508108214F
:10CD78000C3005F03FFA95F8D84040F2022314F041
:10CD8800400F08BF03230246A0074CBF43F02C0303
:10CD980043F00C03A10695F8D91048BF43F04003AF
:10CDA80011F0090F18BF43F4006304F0010443EACB
:10CDB800041000211CF01CF90022314642F2010047
:10CDC80006F0F8FD044600287FF40EAF95F87C3095
:10CDD800B5F8FC1098065CD4C9B941F205003A1DB3
:10CDE80006F0E8FD044600287FF4FEAEB5F8FC30F6
:10CDF8007C684BB9E368B3F80120A5F8FC209A8851
:10CE0800304811461EF0DEFC204605F00DF94FF0C3
:10CE1800FF304FF0FF3106F093FB0446002800F086
:10CE2800F68008210C3005F0E5F995F8D83002466F
:10CE3800D90738D44FF0005123481CF0D9F82146BF
:10CE4800002240F6014006F0B5FD044600287FF4B4
:10CE5800CBAE01463A1D4FF6014006F0ABFD002867
:10CE680038D01A4A022115481CF093F8EB79002BA8
:10CE780040F0BD801CF07FFA044600287FF4B4AE71
:10CE880009F0A0FC044600287FF4AEAE06F000FDD1
:10CE9800AAE60029BBD101210D4A08481CF079F8FF
:10CEA8006FF00404A0E602A1D1E90001C5E700BFC4
:10CEB80090880002008000207806002070DE0200C2
:10CEC800E4110300A0060020108800024D120300A0
:10CED8002A1203007B686E46DC688AB0B4F8013019
:10CEE800042B96BF574A584952F8231002AAD36117
:10CEF8004FF4007355481384554BC2E9050142F8B5
:10CF0800103F4FF4135153481CF052F8B4F8012065
:10CF1800B546022AB4F8033049D1052B47D84E4A02
:10CF280052F823106E468AB002AAD3614FF40073F8
:10CF38004A481384464BC2E9050142F8103F4FF4B2
:10CF4800135144481CF034F8B546637994F806C088
:10CF5800032B98BF424AB4F80760D4F809006C461E
:10CF68008CB094BF52F82310374902AAC2E9073C93
:10CF78004FF40073DFF8ECE093853B4BC2E905E121
:10CF8800C2E909604FF4735142F8103F31481CF070
:10CF98000FF8A546786805F047F800214FF60240DB
:10CFA8003A1D06F007FD044618B1304A5AE72649EB
:10CFB800B8E77868C368B3F80130A5F8C13005F060
:10CFC80033F895F8C1305A077FF550AF21464FF630
:10CFD80003403A1D06F0EEFC08B1254A42E778689E
:10CFE800C3685B7885F8C03005F01EF83EE72E78F8
:10CFF800002E7FF43FAF95F8C1309B061FD54FF048
:10D00800FF304FF0FF3106F09BFA044610B96FF07D
:10D018006804E9E506210C3005F0ECF8D5F8013094
:10D0280021460360134B32469B8883804FF60640A7
:10D0380006F0C0FC044600283FF41CAFD4E56FF0AE
:10D048008504D1E544E60200C90F0300711203000C
:10D058000400000170DE02002CE602008A120300C0
:10D068001CE60200A212030007000001CF12030011
:10D07800F8120300A105002008B5094BD3E8AF3F1B
:10D0880043B1FAF759F904A1D1E90001BDE8084014
:10D0980011F086B908BD00BF389C1C0000000000D4
:10D0A800E43300200000000013B500246FF00903EA
:10D0B8004FF4806212491348009414F061FB12493E
:10D0C80010481EF0F6FB1149114814F083F9224666
:10D0D80004211C2004F096F901220E4BD3E8EF1F1F
:10D0E800C3E8E02F0028F9D103A1D1E9000111F02C
:10D0F80057F9204602B010BD389C1C000000000003
:10D10800805E0020382D0020483F03006DE30100B9
:10D118004C340020E433002070B4174E0C46B04263
:10D12800154608D00136B0420FD0023EB04210D0AA
:10D1380070BC18F0B1BF0AA3D3E90023C5E90023E6
:10D148000E4B0020236070BC704707A3D3E900236F
:10D15800F4E707A3D3E90023F0E700BFAFF30080AB
:10D1680002C0FF7F0000000003C0FF7F0000000036
:10D1780001C0FF7F0000000002C0FF7F03004E8057
:10D1880010B5064A064802211AF07DFBBDE810409A
:10D1980040F21B620023034814F09ABC30ED0200F1
:10D1A80050DF0200081A002008B5302016F0DAFD1A
:10D1B80038B100238385011DBDE8084003481AF0F3
:10D1C80067BBBDE80840FFF7DBBF00BFA0D3020084
:10D1D80070B503788AB004460E4607AD032B20D8F5
:10D1E800DFE803F002191B1D11492846FFF726FB4B
:10D1F800059563781E210493A37830460393E3785A
:10D208000C4A02932379019363790093A3791AF066
:10D2180059F80AB070BD0849E7E70849E5E7084941
:10D22800E3E70A212846074A1AF04CF8E0E700BF6E
:10D2380059ED02007BED020060ED020067ED02008F
:10D2480071ED0200EB2E03002DE9F041144688B081
:10D2580000AF0D461CF077F93946FFF7B9FFBCB9A6
:10D268006C468AB06A46154B0795CDE905374FF4E9
:10D278000073ADF82030124B4FF41351114842F8A7
:10D28800103F1AF002FBA5462037BD46BDE8F081E5
:10D29800E8468CB00C4A0D4BCDE905270C4ACDE980
:10D2A800075409920B4A4FF462510A926A4605489C
:10D2B80042F8103F1AF0E9FAC546E5E79EED02008C
:10D2C8000400000150DF0200BCED0200060000026D
:10D2D8009049030000020305B0B588B000AF0C46C2
:10D2E8001CF031F93946FFF773FF8AB06A46094BDB
:10D2F8000794CDE90537084B4FF443510893074B82
:10D3080007480993074B42F8103F1AF0BEFA203736
:10D31800BD46B0BDE3ED02009049030000020204DF
:10D3280050DF020005000002B0B588B000AF0C461F
:10D338001CF009F93946FFF74BFF8AB06A46094BDA
:10D348000794CDE905374FF40073ADF82030064B4C
:10D358004FF41351054842F8103F1AF096FA203757
:10D36800BD46B0BD09EE02000400000150DF020016
:10D37800B0B588B000AF0C461CF0E5F83946FFF7A9
:10D3880027FF8AB06A46094B0794CDE905374FF461
:10D398000073ADF82030064B4FF41351054842F89E
:10D3A800103F1AF072FA2037BD46B0BD2BEE0200CE
:10D3B8000400000150DF0200F0B589B000AF0C4650
:10D3C8001CF0C1F83946FFF703FF6E468AB06A467B
:10D3D800124B0794CDE90537114B124C0893124BA9
:10D3E80012480993124B4FF4435142F8103F1AF078
:10D3F8004CFA2068B54618B108F02EFA00232360CD
:10D408000C4C206830B108F027FA00230120236073
:10D418001DF019FF2437BD46F0BD00BF40EE0200E5
:10D4280090490300983000200002020450DF0200F7
:10D43800050000029C300020F0B589B000AF0C4612
:10D44800054608F0E1F9124B6E46186028461CF0B4
:10D458007AF83946FFF7BCFE8AB06A460D4B079446
:10D46800CDE905374FF40073ADF820300A4B4FF47F
:10D4780013510A4842F8103F1AF007FAB54603213B
:10D48800074A06481AF0FFF92437BD46F0BD00BF29
:10D49800983000202BEE02000400000150DF02004B
:10D4A80063EE0200F0B589B0044600AFB9B16C462E
:10D4B8008AB06A461A4B1B48CDE905311A4B4FF41E
:10D4C8001151079340F20133ADF82030174B42F861
:10D4D800103F1AF0DAF9A5462437BD46F0BD1CF016
:10D4E80032F83946FFF774FE6E4688B06A46104B2C
:10D4F8004FF4E651CDE905374FF40073ADF81C3011
:10D508000C4B084842F8103F1AF0BFF92046B546C0
:10D5180008F07AF9084B186001201DF091FEDBE74E
:10D5280092EE020050DF020090490300040000015F
:10D53800B3EE0200030000019C30002090B589B0D2
:10D5480000AF1CF000F83946FFF742FE88B06A4683
:10D55800084B4FF4E651CDE905374FF40073ADF8A9
:10D568001C30054B054842F8103F1AF08EF9243755
:10D57800BD4690BDC0EE02000300000150DF02006E
:10D588002DE9F041054688B000AF884616460021CF
:10D598001E2238461FF0C3FD28461BF0D4FF39462B
:10D5A800FFF716FE6D4688B06A46254B4FF4E651E4
:10D5B800CDE905374FF40073ADF81C30214B2248F4
:10D5C80042F8103F1AF061F9AD460025B54209D07E
:10D5D800302016F0C7FB044640B902211B4A1A48FE
:10D5E8001AF051F92037BD46BDE8F081721B272A91
:10D5F8008CBF272292B2031D828508EB05011846CD
:10D608001FF067FDA28D03461544ADB2AE420BD1A3
:10D6180008EB060111F8011C0D2905D10A20A118F3
:10D62800013292B20871A285194609481AF039F9EF
:10D638000028CBD0214607481EF0ABF8C6E700BF4C
:10D64800D6EE02000300000150DF0200EDEE0200FA
:10D65800A0D30200B80C002010B50B78052B00F2FF
:10D668009480DFE803F003802C6172468B68002BFE
:10D6780000F08B804868002800F08780434A1368D0
:10D68800DBB1181F00231360414A13601EF0EDF947
:10D69800002200233F4813F097FA002875D0828DA6
:10D6A800011D3D481AF0FDF800286ED03B4A0221C2
:10D6B800BDE810403A481AF0E6B80438E6E74A6888
:10D6C800CB68108D034437489BB213850278002A33
:10D6D8005BD14A68134413F8013C0A2B01D00D2B87
:10D6E80053D1012303702C48BDE8104083685B695F
:10D6F800184700242B4B30201C7016F033FB30B138
:10D708008485011DBDE8104023481AF0C1B8264A97
:10D71800234802211AF0B7F8BDE8104040F21B6216
:10D728000023224814F0D4B9302016F01BFB014620
:10D7380048B10023838518482822BDE81040836833
:10D7480004311B691847184AB1E74B68191F1B8D2C
:10D7580023B1BDE8104016481EF01BB80846BDE8C6
:10D7680010401EF082B9094B186808B9486818605B
:10D77800074A8B68116819441160028DBDE8104092
:10D78800521A014404481AF08CB810BD84300020A5
:10D7980080300020B80C0020A0D3020018EF02004F
:10D7A80050DF02002439002030ED0200081A002062
:10D7B800A40C0020F0B58DB04FF0FF324FF0FF33CE
:10D7C800264813F00BFB3022002168466E461FF0F6
:10D7D800A6FC4FF0FF334FF0FF32214813F0F4F965
:10D7E800BDF82C40838DC4F128049C42054628BF0F
:10D7F8001C4600271CB928461EF037F9E9E7BDF892
:10D808002C00391D04302246294430441FF061FCA5
:10D81800BDF82C202744224492B2272AADF82C20A8
:10D8280008D802F130036B4413F82D3C0A2B01D0C1
:10D838000D2B0CD1002001A903F0F6F920B102212B
:10D84800084A09481AF01FF80023ADF82C30AC8DAF
:10D85800E41B282C28BF2824CCE700BF540C002048
:10D86800A40C002036EF020050DF020008B505487E
:10D878000321054A1AF007F8BDE80840034813F0E9
:10D88800D1BE00BF50DF02005EEF020088300020EA
:10D89800F8B51E4C0546206800AF002833D00D406F
:10D8A800EA0716D51BF07EFE6E4688B023686A46E6
:10D8B80017491848CDE9051303234FF4C65142F818
:10D8C800103F19F0E2FFB546206807F0C5FF0023B6
:10D8D8002360AB0717D520681BF06CFE6D4688B037
:10D8E80023686A460C490B48CDE9051303234FF416
:10D8F800C65142F8103F19F0C8FFAD46206807F03E
:10D90800ABFF00232360BD46F8BD00BF9830002060
:10D91800A6EF020050DF0200BDEF020030B50F4D48
:10D9280089B003AC0FCD0FC42B68022223600124F9
:10D938000B4B0C49009403A807F0CCF8034630B110
:10D94800094A214609481AF02FFF09B030BD0321C2
:10D95800074A064819F097FFF7E700BF20E00200E2
:10D96800A8E30200B0E30200D5EF020050DF020096
:10D97800FAEF0200F8B550480FF094FE034620B1C4
:10D9880001214E4A4E481AF00FFF0FF059FE034688
:10D9980020B101214B4A4A481AF006FF4A4E304648
:10D9A8001DF094FEA8B1302016F0DCF9044680B1D1
:10D9B800002546498585464813F052FFB3681B6821
:10D9C8004BB920461EF051F80121424A3C4819F053
:10D9D8005AFF19F06EFF2A4630463F4998470028FB
:10D9E800EFD1302016F0BEF9054680B3031D184666
:10D9F8003A49FEF723FF25220146AA85304619F049
:10DA080050FF074660B120461EF02FF828461EF04A
:10DA18002CF801213B46324A29481AF0C5FED8E7BE
:10DA28003046211D19F034FF034658B92D4808F037
:10DA380095FE034678B12C4A012121481AF0B4FE1C
:10DA48000020F8BD0121294A1D481AF0ADFE2046E4
:10DA58001EF00BF8BDE7264808F09CFE034608B107
:10DA6800244AE9E706F0B8F90028B2D10321224A8E
:10DA7800134819F008FF214813F032F91AF079FF1A
:10DA88001F4803F0C5F8044610B11E4A0346D3E701
:10DA98001D481E4913F09EFC1B4813F0C3FD0134BA
:10DAA80004F0010100200FF08FFE002147F612203C
:10DAB80015F0E4F8F3E700BF99D800001BF0020066
:10DAC80050DF020039F00200A0D30200B1D10000FB
:10DAD800081A002054F0020061D6000074F0020019
:10DAE8009AF00200D4070020EAF00200C3F0020016
:10DAF800C407002020F102005BF10200540C002052
:10DB0800B807002071F102008830002025D90000F4
:10DB18002DE9F04110F0030407464FD121F0030628
:10DB2800DFF8B4E0DFF8B4802D4A8D0800EB060C6E
:10DB380060451CD16FF0030303FB0515B8190023DA
:10DB48000544A84242D124484C405843234B4FEA4D
:10DB580070405843234B604080EA10405843224BA2
:10DB680080EA5030584380EA1040BDE8F08150F810
:10DB7800043B0EFB03F34FEA734308FB03F36340D4
:10DB88004FEAF34303EB83039C18D1E71B68043D7A
:10DB98007B434FEA73430CFB03F363404FEAF343C1
:10DBA80003EB83039C18032DA6EB0503EED86FF057
:10DBB80003028B085343CD18C01AC0E70D46002452
:10DBC800054FDFF818C0064A4618ECE710F8012B95
:10DBD80042EA0323B5E700BF512D9ECC9335871B3E
:10DBE800646B54E66BCAEB8535AEB2C22DE9F84FCB
:10DBF800044619F069FEB0FA80F0C0F11F0004EB8A
:10DC08008006D6F81090CD0005F1040A0B460635BB
:10DC18008FB2B9F1000F0AD10121E26881400A43AD
:10DC2800E260336124F80A706753BDE8F88F4FEA61
:10DC3800C906043634F806B04FEACB0808F10608DE
:10DC480034F8083099450CD001210A4A0A481AF0DC
:10DC5800A2FD002383F31188BFF36F8F04231846B6
:10DC680002DF24F80AB024F8059024F80870A753B6
:10DC7800DBE700BFD5F1020048DF020010B500EB7A
:10DC8800C1035B880446DB070A460ED419F021FE5F
:10DC980034F83030C01A814207D134F831102046A8
:10DCA800511A19F016FE82420CD00121064A074883
:10DCB8001AF071FD002383F31188BFF36F8F0423DB
:10DCC800184602DF10BD00BFF9F1020048DF02006C
:10DCD8002DE9F84300EBC103DF880446B94202F19D
:10DCE80004080BD1012303FA02F2C36823EA0203F2
:10DCF800C360002340F82830BDE8F883B3F80490E7
:10DD0800FD004FEAC9060636835B0435994202D105
:10DD1800435B99420CD00121084A09481AF03BFD9F
:10DD2800002383F31188BFF36F8F0423184602DFA3
:10DD380044F82870A75324F80590DDE7D5F10200D0
:10DD480048DF02002DE9F84F8A4600AF002900F0AD
:10DD58009A8004680E1F361BF50826F0070604EBA8
:10DD68000608B8F802B01BF0010B16D1E94688B0D6
:10DD78006A46464BCDE90531032342F8103F4FF47C
:10DD8800C2515B46424802F067F8CD468BF31188D2
:10DD9800BFF36F8F0423184602DF2946204619F087
:10DDA80098FD34F83030C01A854217D0E94688B05B
:10DDB8006A46384BCDE9053A032342F8103F002361
:10DDC8004FF4C251324802F047F80023CD4683F39E
:10DDD8001188BFF36F8F0423184602DFA15B20462A
:10DDE800691A19F076FDA84217D0E94688B06A4644
:10DDF800294BCDE9053A032342F8103F00234FF49D
:10DE0800C251234802F028F80023CD4683F3118835
:10DE1800BFF36F8F0423184602DFB8F80230294693
:10DE280023F00103A8F80230204619F052FD04EB54
:10DE3800C0035B888046DA070CD401462046FFF70A
:10DE48001DFF4146204619F049FD42462946204615
:10DE580019F090FDA65BAE1B04EBC6035B88DB07DD
:10DE68000DD431462046FFF709FF3146204619F008
:10DE780035FD2A463146204619F07CFD35462946AF
:10DE88002046FFF7B3FEBD46BDE8F88F92F20200C8
:10DE980048DF020042F202006BF20200B2F5802F66
:10DEA8002DE9F8430ED33E494FF437733D4A3E48B7
:10DEB80019F027FE3D4819F024FE4FF43771394810
:10DEC80019F016FE042A0CD8394940F2E323354AE2
:10DED800354819F016FE374819F013FE40F2E321D1
:10DEE800EDE7043ACD1D114425F0070521F007069A
:10DEF800A6EB0508B8F1170F4FEAD8070CD82E493A
:10DF08004FF43B73274A284819F0FBFD294819F0BC
:10DF1800F8FD4FF43B71D2E7B7FA87F44FF00009E8
:10DF2800C4F12002C4F12404A4000734E408631CEB
:10DF3800BB420560AF60C5F80C900CD91F4940F290
:10DF48000233184A184819F0DCFD1A4819F0D9FDAF
:10DF580040F20231B3E74946920005F110001FF084
:10DF6800DEF8A2B2530043F001036B803B1B9BB267
:10DF780005EBC4015800A5F80090488025F8342026
:10DF8800A6F8029025F8083005EBC7035A88214601
:10DF980042F001025A802846BDE8F843FFF726BE42
:10DFA8003EF30200B7F2020004F3020054F3020049
:10DFB8006BF302008CF30200A5F30200CEF302001B
:10DFC8002DE9F04F95B000AF8A460546C7E90832FB
:10DFD80058B99A4940F29933994A9A4819F091FDEB
:10DFE80040F29931964819F083FD49B9037846788B
:10DFF800807800EB83002844564521D8A0EB050A19
:10E00800BB6F95F8028003F00103BC6F3B61EB78AE
:10E01800B8F1000F0CBF002404F00104FB6113B138
:10E02800BB6F9A0715D4A4B97B6A1BB15146284621
:10E038003A6A9847564630465437BD46BDE8F08F91
:10E04800441C2046FEF702FC013020440AF1010A74
:10E05800D2E7BB6FC3F3C0037B612B78FB609B00E7
:10E068007B606B68BB60FB6805EB830B7B6A002BEE
:10E0780071D15646D844ACB11C461BF8013B55F843
:10E088002300FEF7E3FBFB6F01303BB1D7F880308C
:10E09800A34282BFFB6F23F814000134C345064432
:10E0A800EBD1D846BB6F4FF0000913F0050F0CBF3A
:10E0B8004FF0020B4FF0010BFB699945BBD298F862
:10E0C800013008F1020855F823A05F4B9A45C0F0CB
:10E0D80080815E4B7A699A452CBF002301230AB3DD
:10E0E80018F8021CB8687B6219F0D6FC7B6AC8B1C4
:10E0F800EA468AB06A46564B0593BB68CDE90631B5
:10E108004FF40073ADF82030524B42F8103F002313
:10E118004FF41251504801F09FFED546023E09F1D6
:10E128000109C9E723B13B692BB9A6EB0B06F6E752
:10E13800BB6F9B07F3D55046FEF788FBFB6F43B1D7
:10E14800D7F880309C423FBFFA6F431C22F8143046
:10E1580001340644E3E7002C65D1B8F1000F68D01C
:10E16800BB6F580768D5C14607F14000424659467B
:10E178001EF0AFFF0BEB0803BB610023334AF969BC
:10E188008B426BD3BA6F95F801B03969920704EBEB
:10E198000B0348BF0022DBB258BF4FEA59020029DF
:10E1A80040F0E180B96F11F0040F14BF4946002117
:10E1B8006B70A970EA7028463A6A79687B6A984752
:10E1C800061EFFF638AFFB6849462B70FB693A6AB2
:10E1D800EB7085F801B07B6A85F8028007F1400092
:10E1E8009847B0F10009C0F2F0807B68FA69B86915
:10E1F80003EB420141443A6A7B6AAAEB0101984762
:10E208000028C0F2E4804FF0000BB14409EB00068F
:10E2180007F1300AA345C0F0A88000213A6A0846F1
:10E228007B6A984707E744464FF0000907F130003A
:10E238009CE74446C1469DE7A1469BE790F402004F
:10E2480001F4020004F3020068D2020044590300FA
:10E25800ABF4020004000001C8DE0200B869DFF870
:10E268008CC110F8021B10F8016CB86155F8260033
:10E278006045C0F0B480904278692CBF4FF0000B25
:10E288004FF0010B30B1B8683B6019F005FC3B68F2
:10E29800574A60BBBBF1000F2BD0396959B10F2C1D
:10E2A80036D9544940F24343534A544819F029FC9B
:10E2B80040F2434196E6B96F490718D5B9F10F0FF7
:10E2C80009D94F4940F246434B4A4C4819F019FCCA
:10E2D80040F2464186E609F1280007F1280C09F1C9
:10E2E800010100EB0C0909F8106C5FFA81F90133A0
:10E2F80045E7B86F800715D50F2C09D93D4940F27D
:10E308004D433D4A3D4819F0FCFB40F24D4169E65A
:10E31800611C04F1280007F12804041904F8206C92
:10E32800CCB2E4E7B9F10F0F09D935494FF48A6344
:10E33800314A324819F0E5FB4FF48A6152E609F197
:10E34800280C07F1280EF44409F101000CF8101C00
:10E3580007F1500109F1020951FA80F05FFA89F9D1
:10E3680000F8106CC3E7002122E71BF80A3055F8C3
:10E37800239087F82F30FB6F23B3D7F880309B4565
:10E3880020D2FB6F33F81B8001213A6A7B6A07F1C0
:10E398002F00984700281ADB0644B8F1000F06D171
:10E3A8004846FEF753FA00F101081FFA88F841467B
:10E3B80048463A6A7B6A9847002808DB06440BF10E
:10E3C800010B27E74FF00008DEE74E4633E6064626
:10E3D80031E67B69002B3FF4ABAE002380E6786919
:10E3E800002886D04FF0000B4DE700BF68D202002E
:10E3F800445903004EF5020001F4020004F3020040
:10E408006DF50200014B1B68184700BFEC070020A0
:10E41800014B1860704700BFEC07002030B5044678
:10E4280085B00D461022002168461EF078FE0223B2
:10E438008DF80230044B2A4621466846019318F0AD
:10E44800D1FF05B030BD00BF0DE4000080B5054622
:10E458000E461746984614F09FFC034603F0E2F870
:10E46800DFF83C90044649F80030424639463046C9
:10E47800A8470C4B1B7873B90B4940F246330B4A3B
:10E488000B4819F03EFB0B4819F03BFB40F24631B4
:10E49800064819F02DFB54F8090003F05DF800BF99
:10E4A80008000000063D0020D8F502009EF5020095
:10E4B80004F30200EBF5020038B50D4604462022AD
:10E4C80000211EF02CFE0022EB68E361AB68A3611B
:10E4D8002B6823626B68A26263622A6923B1591EA2
:10E4E800194208BF42F0010222610122002104F111
:10E4F8002C001DF067F948B1054906482F23064A44
:10E5080019F0FFFA2F21044819F0F2FA38BD00BFBC
:10E51800C12D030004F302000DF602002DE9F04FAF
:10E52800002789B0CDE90123436A04468B42884617
:10E53800BA460597079754D300F11406EFF31185EF
:10E54800402383F31288BFF36F8F3046A94614F037
:10E558000DFF58B984234D4A4D494E4819F0D1FA58
:10E5680031464D4819F0CDFA842163E0304614F065
:10E5780021FF079A2AB13946204619F0A8FB002343
:10E58800079306A9204619F0C9FA0699834641451A
:10E5980030D32268236A204613F8221003EB820A3C
:10E5A80021F0030103F822102168424619F0DAFA33
:10E5B800E3682060984218D04FF0000B304614F002
:10E5C800E3FE50B389F31188BFF36F8F059929B122
:10E5D800A2690AB12046904700230593BBF1000FBA
:10E5E800ACD1504609B0BDE8F08F236943F0080369
:10E5F8002361E1E718B1204619F0CEFADEE7DDE93C
:10E608000132134339D003911DF04DF90399A0BB92
:10E618009DBB304614F0B8FE78B94FF499731B4A85
:10E628001E491C4819F06DFA31461D4819F069FA5F
:10E638004FF49971154819F05BFA85F31188BFF307
:10E648006F8F04F12C00DDE9012312F0C7FB83462C
:10E65800EFF31189402383F31288BFF36F8F30469D
:10E6680014F084FE00283FF475AFBBFA8BFB3046EC
:10E6780014F0A0FE4FEA5B1BA0E7204607AB05AAF3
:10E68800276819F0A8FA834698E700BF42F6020007
:10E698007EF6020004F3020093F60200A9F60200D7
:10E6A800C0F602002DE9F0410446C36908460E464B
:10E6B800984704F114050746EFF31188402383F3C4
:10E6C8001288BFF36F8F284614F050FE68B9842370
:10E6D8001A4A1B491B4819F014FA29461A4819F016
:10E6E80010FA8421154819F003FA284614F062FE3E
:10E6F80033783A4643F0010333706168204619F0D5
:10E7080031FA6060204619F0FDFA284614F03CFE04
:10E7180068B94FF49973094A0C490A4819F0F1F994
:10E7280029460B4819F0EDF94FF49971DAE788F3A7
:10E738001188BFF36F8FBDE8F08100BF42F6020079
:10E748007EF6020004F3020093F60200A9F6020026
:10E75800C0F602002DE9F0470446002700F1140630
:10E76800EFF31188402383F31288BFF36F8F30468D
:10E7780014F0FCFD054668B98423394A39493A48FA
:10E7880019F0BFF93146394819F0BBF984213448EA
:10E7980019F0AEF9304614F00DFE2369A168180788
:10E7A80002D463688B4200D2636A5B1A002B41D0A3
:10E7B800206A10F8213000EB810913F003023CD0E5
:10E7C800022A04D150F821205FEA920A05D1DA071B
:10E7D80020D44846E36998478246A16852462046B5
:10E7E80019F0C0F95146A060204619F0C9F92F4622
:10E7F800304614F0C9FD10BB4FF49973184A1C49F0
:10E80800194819F07EF931461A4819F07AF94FF487
:10E818009971BCE743F0020300F82130E3694846E8
:10E82800A568984729460246204619F09BF9002515
:10E83800A060DDE71D46A946DAE71546FBE788F341
:10E848001188BFF36F8F002D8AD137B1B9F1000F4E
:10E8580003D104F12C0012F043FA4846BDE8F087D2
:10E8680042F602007EF6020004F3020093F602006C
:10E87800A9F60200C0F602002DE9F0410446C3697A
:10E8880008460D46984704F114060746EFF3118829
:10E89800402383F31288BFF36F8F304614F066FD70
:10E8A80068B98423274A2849284819F02AF93146A3
:10E8B800274819F026F98421224819F019F9304619
:10E8C80014F078FD2B7823F001032B7023699B0744
:10E8D80005D5E268236A03EB82039D4222D12B7897
:10E8E80023F002032B70D4E90231994204D13A464D
:10E8F800204619F037F9A0603946204619F040F94A
:10E90800304614F041FD90B94FF499730D4A1149FE
:10E918000E4819F0F6F831460F4819F0F2F84FF49E
:10E928009971C9E72B6867F39F032B60E8E788F3C1
:10E938001188BFF36F8F04F12C00BDE8F04112F08D
:10E94800CFB900BF42F602007EF6020004F30200CF
:10E9580093F60200A9F60200C0F6020070B504465C
:10E9680000F11405EFF31186402383F31288BFF3F7
:10E978006F8F284614F0FAFC68B984231A4A1B4999
:10E988001B4819F0BEF829461A4819F0BAF884212C
:10E99800154819F0ADF8284614F00CFD2369A06855
:10E9A8001B0702D46368834213D2646A241A284678
:10E9B80014F0EAFC78B94FF499730B4A0E490C48E5
:10E9C80019F09FF829460D4819F09BF84FF49971F2
:10E9D800DEE71C1AEBE786F31188BFF36F8F201E62
:10E9E80018BF012070BD00BF42F602007EF602008B
:10E9F80004F3020093F60200A9F60200C0F6020032
:10EA08002DE9F84F0546AB8B08461907904616D5F1
:10EA180001280CBF43F0100343F02003AB831435E7
:10EA2800284614F0B1FC002840F0B181AE494FF4FB
:10EA38009973AE4AAE4819F064F829469DE0022859
:10EA480003F0070140F07D81284619F0D9F905281F
:10EA580000F2FA8001A353F820F000BF27EA000073
:10EA68004BED000051EC0000F5EA00008FEB0000D0
:10EA7800EFEB000002F00702531F012B1AD8002306
:10EA8800062A2E68A4B2C5E9003309D1334603E04B
:10EA9800EA8B0132EA831B68002BF9D144F00204A7
:10EAA8002846AC8319F0ACF9002800F05A8144F0EC
:10EAB800200455E1042A0DD1A4B22846AC8319F0EC
:10EAC8009FF90646002800F04C8144F020040026F7
:10EAD800AC8346E1874940F21B13874A844819F002
:10EAE80010F840F21B11844819F002F849B1834923
:10EAF8004FF4AB73804A7E4819F003F84FF4AB71BA
:10EB0800F1E72B684BB97E4940F257137A4A7848A7
:10EB180018F0F7FF40F25711E5E72B691F684FB966
:10EB280078494FF4AD73744A714818F0EAFF4FF40E
:10EB3800AD71D8E70E468A464FF00609AC8B24F033
:10EB4800070444F00604A4B2AC83AB68002B00F0C1
:10EB58000F814FF0010B44F00804AC8305F1140455
:10EB6800204614F011FC002878D15F494FF49973BE
:10EB78005E4A5F4818F0C5FF2146634818F0C1FF98
:10EB88004FF499718EE0022909D0604940F25D1373
:10EB9800594A574818F0B5FF40F25D11A3E7EE8BCC
:10EBA8004EB15B494FF4AF73534A514818F0A9FF6F
:10EBB8004FF4AF7197E72B695F684FB9514940F23D
:10EBC80061134D4A4A4818F09CFF40F261118AE7E8
:10EBD800AC8BB24624F0070444F00404A4B24FF00E
:10EBE8000409AC83B1E7012909D04A494FF4B2734B
:10EBF800414A3F4818F085FF4FF4B27173E72B681C
:10EC08004BB93F4940F265133B4A394818F079FF40
:10EC180040F2651167E72B699F684FB939494FF48E
:10EC2800B473354A324818F06CFF4FF4B4715AE7A0
:10EC38000026AC8BB24624F0070444F00504A4B2C5
:10EC48004FF00509AC8380E72A4940F26B132A4A42
:10EC5800274818F056FF40F26B1144E788F31188F3
:10EC6800BFF36F8FBBF1000F1ED1002E33D117B148
:10EC780028462949B847EFF31188402383F31288BF
:10EC8800BFF36F8F204614F071FB00284AD184230C
:10EC9800164A2249164818F034FF2146204818F031
:10ECA80030FF842111481FE7A9680029DDD0D1F879
:10ECB80000800029D9D053464A462846D1F804B0E6
:10ECC800D847B8F1000F04D0D8F80030414698462C
:10ECD800EFE74346FAE7314653464A462846366840
:10ECE80019F0BAF8C1E700BFA9F6020042F602001F
:10ECF80004F3020029470300E0F6020014F70200BB
:10ED080020F7020043F70200C0F602005AF702009B
:10ED180070F702007FF70200A5ED00007EF6020002
:10ED280093F60200204614F045FBAC8B24F008044F
:10ED3800A4B2AC83E20621D524F01003AB8304F01F
:10ED48000701D5F818A0AA8BBAF1000F22F0070422
:10ED5800BFF690AE00232E68C5E9003344F00104E5
:10ED6800AC8304F0070989454FF000077FF4EDAE46
:10ED78000EB9002FDED04FF0000BECE6A3067FF5AE
:10ED88004EAE24F02003AB8304F007015CE688F361
:10ED98001188BFF36F8FBDE8F88F00BFF8B5044640
:10EDA8000D4600F11406EFF31187402383F3128810
:10EDB800BFF36F8F304614F0D9FA68B984230C4A30
:10EDC8000C490D4818F09DFE31460C4818F099FE84
:10EDD8008421074818F08CFE304614F0EBFAA56140
:10EDE8003A462046BDE8F8400121FFF709BE00BFBA
:10EDF80042F602007EF6020004F3020093F60200D7
:10EE08002DE9F04704460E4619F016F8051E66DB94
:10EE180004F11409EFF3118A402383F31288BFF336
:10EE28006F8F484614F0A2FA804660B98423374AA7
:10EE38003749384818F065FE4946374818F061FEEA
:10EE48008421324843E0484614F0B4FA4FF6FF7282
:10EE5800E38BA78B934207F0070743D0062F2CD8E4
:10EE6800DFE807F01F43092B1F041F006FF085051B
:10EE78004FF0000802E002250133E383484614F00E
:10EE880083FA002834D14FF49973204A2349214842
:10EE980018F037FE4946224818F033FE4FF49971AE
:10EEA800CFE700233360636823B9C4E9006687B1FC
:10EEB8003D46DDE71E606660F9E71A4915484FF4DC
:10EEC800E473194A18F01DFE4FF4E471164818F05F
:10EED8000FFE524602212046FFF792FD3D46284686
:10EEE800BDE8F0876FF00A05C2E76FF00405BFE7D9
:10EEF8008AF31188BFF36F8FB8F1000FEFD00023AA
:10EF08003A463146204618F0A7FFE8E742F60200E5
:10EF18007EF6020004F3020093F60200A9F602004E
:10EF2800C0F602007FF70200E0F6020008B542686A
:10EF3800034602F00302032A81600AD06AB908492D
:10EF480008484523084A18F0DCFD4521064818F012
:10EF5800CFFD006800225A6008BD0020FAE700BF14
:10EF68002947030004F3020095F70200002200235A
:10EF78002DE9F04F00279FB0CDE9082300F12803C1
:10EF8800039305464FF0FF324FF0FF33283018F057
:10EF9800EBFFB8463E460DF1480A0DF1580BEB69F8
:10EFA800B3420DD8EB69434555D1002F53D16FF0CB
:10EFB8008504039819F008F920461FB0BDE8F08FC2
:10EFC8006A6CA9695000884294BF3346731EA1EB4E
:10EFD80042022846CDE900BACDE9082318F09CFF83
:10EFE80004460028E5D19DF8593085F82430199B4E
:10EFF80003F47023B3F5803F2BD252465946284676
:10F0080019F014F828B3199B08F1010803F47F429A
:10F01800B2F5844F0BD1DBB2012B07D00121AA4AEC
:10F02800AA4818F096FF6FF07A04C2E70746284608
:10F0380008A918F066FFDDE908232846CDE900BADB
:10F0480019F01AF8041EB4DB9DF8593085F82430FD
:10F05800A8D00136A3E7B34248D16B6C089A0EAE2C
:10F06800D21A099B2846009663F1000318F03FFF67
:10F07800044600289DD1304695F8241018F076FFF4
:10F0880018B9284608A918F03CFFDDE9086712AB53
:10F098000DF15808019332463B462846CDF80080CA
:10F0A80018F03AFF0446002883D1199B03F4702313
:10F0B800B3F5803F3AD2404618F069FFB0B3199BC8
:10F0C80003F47F42B2F5844F02D1DBB2012BA5D104
:10F0D80005F12403009332463B46284618F06BFF9F
:10F0E800811C044636D1002385F8243000266B6C39
:10F0F800089A5B00B2EB0309099BB04663F1000B69
:10F108005F46CDE9089BCDF810B00DF1680ACDF83F
:10F1180014B0049B4E4573EB0B011ED3DDE90823A5
:10F12800C5E90487C5E902230AAE4EE02B6A13F04D
:10F13800010309D1009332463B46284619F097F857
:10F1480004460028C4D034E70121614A5F4818F01A
:10F1580000FF2CE70028C9D02BE74A465B46284623
:10F16800CDF800A018F0C3FE044600287FF421AFB4
:10F17800504695F8241018F0F9FE70B1BDF86A10E1
:10F188002646082907D9286C19F014F81C99059FF8
:10F1980008440619B046CDE9089B696CB9EB010132
:10F1A80089466BF1000BB4E7D5E904879F4208BF95
:10F1B800904504D1BDF82A10002940F0A880696C58
:10F1C800521A63F10003C5E90223424573EB0707AE
:10F1D80010D32846009618F08AFE044600287FF4CB
:10F1E800E8AE304695F8241018F0C0FED5E90223A1
:10F1F8000028D9D16A6CAB695200E9689B1A61F1A1
:10F208000001CDE90831284608A918F07AFE12ABAA
:10F21800019316AB00932846DDE9082318F02CFF6C
:10F22800041EFFF6C6AE012C10D000246B6CAA6930
:10F23800A96803EB4303D21AA44208BF91427FF4A2
:10F24800B8AE284619F08DF80446B2E60021D5E993
:10F2580002636A6C07919DF85910961985F8241075
:10F2680043F100081AAFA969CDE90868A1EB42018A
:10F278008E4231D30321174A144818F06AFE07ABAF
:10F2880000932846D5E9022318F0B0FE044610B1D1
:10F29800A31C7FF48EAE079B28460093D5E9022372
:10F2A80018F0E5FF044600287FF483AE6A6CAB696A
:10F2B80002EB42029B1AEA681B18C5E90402AB601C
:10F2C800284619F0D7F846E0CAF7020000DF020026
:10F2D800E7F7020013F80200324643462846009733
:10F2E80018F005FE044600287FF463AE38469DF802
:10F2F800691018F03BFE28B1BDF86A3013B91B9BA2
:10F30800013307D06A6C961948F10008ABE76FF033
:10F318001C044EE6124A0321124818F01AFEEB6844
:10F32800284608A9CDE9084318F0EBFDDDE9086790
:10F3380007AB009332463B46284618F057FE044672
:10F3480010B1A21C7FF435AE079B324600932846C5
:10F358003B4618F08CFF044600283FF466AF28E6C9
:10F368003AF8020000DF02002DE9F04782B00C46AF
:10F37800054602AF48B93F4A01213F4818F0E9FD68
:10F388006FF01500BD46BDE8F08728301CF0E5F9A0
:10F39800E86B83681B6998470246286408B9374AAE
:10F3A800EAE7102118F006FF68641368013B1F2B79
:10F3B80001D9334AE0E7AA6900EB80039A4205D2F3
:10F3C8000121304A2C4819F0EFF9D9E7EB69012BF4
:10F3D80001D82D4AD0E72846FFF7C8FD002838D1C4
:10F3E800012385F82530D5E9062303210092224818
:10F3F800264A19F0E3F9D5E90232E9468AB002AEA5
:10F4080000244FF0060AB0462149C6E90624C6E999
:10F418000834716148F810AF4FF44351234642460F
:10F42800154800F019FDD5E90432CD468AB01949CE
:10F43800C6E90743C6E905127462C6F810A00E486B
:10F44800234642464FF4435100F006FD2046CD4680
:10F4580098E7002C96D0022103460F4A064819F077
:10F46800A3F9284618F05CFF2846FFF77FFD00281F
:10F47800B6D087E74FF8020000DF02005AF8020012
:10F488007CF8020099F80200C5F8020006F90200AB
:10F498001DF9020033F9020048F902002DE9F04F86
:10F4A800894617461E46044685B038B901214C4A9C
:10F4B8004C4818F04EFD6FF0150509E090F825301E
:10F4C80053B90121484A474818F043FD6FF00C052D
:10F4D800284605B0BDE8F08F3146006C18F06AFE8A
:10F4E800636CA26903EB8301521A96428246E2D802
:10F4F800B6F5803FDFD20EB1002FDCD0BAF1000F95
:10F5080003D0082E94BF9A469A4404F128084FF075
:10F51800FF324FF0FF33404618F026FD4FF0000B46
:10F52800E3695B4558D0D4E90221002A3DD0D4E9EB
:10F5380004531AEB050043F100038242994134D386
:10F54800636C9A4200D186BB1022002168461DF0E8
:10F55800E6FD94F82430082ECDF80490ADF802604A
:10F568008DF8013018D90295684618F0F4FC082E79
:10F5780006D932463946204618F062FF054638B9A2
:10F588006946204618F05AFE002814BF054635463D
:10F59800404618F019FE9BE7731E072BE4D8324645
:10F5A800394602A81DF095FDDEE7204618F0F2FE68
:10F5B800054630B103460D4A01210A4819F0F4F80E
:10F5C800E6E7204618F056FF054610B1084A0346FC
:10F5D800F2E70BF1010BA3E76FF01B05D8E700BFBB
:10F5E8004FF8020000DF02006FF9020083F9020001
:10F5F800ADF902002DE9F04F15461E460022002302
:10F608008BB088460446CDE9042348B93048012127
:10F61800304A18F09EFC6FF015000BB0BDE8F08F73
:10F6280090F825303BB92A4801212B4A18F091FC63
:10F638006FF00C00F1E74FF00009D0E9022304AFA6
:10F648000DF1180BCDE902B7D4E90201CDE90001AB
:10F6580041462046CDE9042318F04CFD0028DCDBA8
:10F6680011D039462046DDF814A009F1010918F037
:10F6780013FD0028D1D1DDE9042314994945E1D2CD
:10F68800079A424502D06FF00100C6E7BDF81A702C
:10F69800002FF8D0082F0AD83DB1BE42324628467E
:10F6A80028BF3A4608A91DF014FD3846B5E7002DD5
:10F6B800FBD0089A53460244B74294BF019701967B
:10F6C8002046009518F003FC0028EED0A5E700BFFF
:10F6D80000DF02004FF802006FF9020008B558B9C0
:10F6E8000749084840F23513074A18F00AFA40F269
:10F6F8003511054818F0FCF94368587908BD00BF72
:10F7080024FA020004F30200DDF9020010B548B93A
:10F7180008490948A023094A18F0F3F9A021074825
:10F7280018F0E6F903681B6913B1BDE810401847E3
:10F73800184610BD24FA020004F30200DDF90200A5
:10F748002DE9F843044606460127DFF8408094FA7D
:10F75800A4F5B5FA85F507FA05F308EB05156FEA80
:10F76800030924EA03042B7B5BB12846FFF7CEFF8D
:10F7780038B96B6804222846196806EA090618F0A1
:10F788009AFF002CE3D13046BDE8F88378DF020009
:10F7980010B5002288B00E490E481CF05AF9002214
:10F7A80000230024CDE906230E234FF40062CDE99F
:10F7B8000334CDE90144084B08490094084812F085
:10F7C80091FB084906481CF074F8204608B010BDA3
:10F7D800D1F80000C81E00201DFC000008410020D0
:10F7E800381A00203BFA02002DE9F047DFF8B890FC
:10F7F8002E4C8046A9EB04038F2B0F460BD92C49BE
:10F8080040F253132B4A2C4818F07BF940F253115D
:10F81800284818F06DF9294818F03FFF064660B3EC
:10F8280000252846BDE8F087237B8BB12368DB6879
:10F838000BB1204698476368204683F806A0FFF777
:10F8480065FFB0B9636804222046196818F033FFD1
:10F85800013610344C4514D9194940F25F13154A42
:10F86800154818F04EF9174818F04BF940F25F1197
:10F87800CEE70AFA06F31D43EAE705464FF0010A08
:10F88800E8E7D1D3B8F1000FCBD0002DC8D0284677
:10F89800FFF756FF0546002FF7D0002140F2391038
:10F8A80013F0ECF9F1E700BF88DF020078DF02000F
:10F8B8007FFA020043FA020004F30200B430002089
:10F8C800AFFA0200D0FA0200014811F009BA00BFED
:10F8D800640C0020014B53F820007047D4E3020069
:10F8E80008B5034608462BB1044A136000F024FD0E
:10F8F800002008BD6FF01500FBE700BFF0070020EF
:10F9080010B5044C237813B9034811F0E9F9012321
:10F91800237010BD25390020640C002010B5044662
:10F92800094818F0BAFE3CB1084BD3E8EF1F01397B
:10F93800C3E8E21F002AF8D1054814F007F9BDE82A
:10F948001040044811F0CCB9AC300020B030002091
:10F95800C81E0020640C00200022044BD3E8EF0FDF
:10F96800C3E8E12F0029F9D1704700BFAC3000206F
:10F9780070B5FFF7F1FF0546104C114EB4421AD985
:10F98800104940F21623104A104818F0BAF81048E7
:10F9980018F0B7F840F216210B4818F0A9F82046DD
:10F9A800FFF79CFE28B123685B6813B129462046FF
:10F9B80098471034E2E7F2D370BD00BF78DF020049
:10F9C80088DF0200AFFA020043FA020004F30200E3
:10F9D800D0FA020010B5044C04492046FEF76CFD2D
:10F9E800034B1C6010BD00BF100B0020C0E30200D9
:10F9F800A03000200023154A10B51370144A154989
:10FA08001360154A15481360FFF76AFFFFF7E2FF16
:10FA1800134B144918468B4215D9134940F22B133E
:10FA2800124A134818F06DF8124818F06AF840F2B4
:10FA38002B110E4818F05CF81A1A5C681211013282
:10FA480022711033E7E7F7D310BD00BF2639002035
:10FA5800AC30002040420F00B03000209F860200EA
:10FA680078DF020088DF0200AFFA020043FA0200E2
:10FA780004F30200D0FA02000146002200230148E4
:10FA8800FEF74CBD100B00200148FEF763BE00BF17
:10FA9800100B0020024B01461868FEF7EDBE00BFB0
:10FAA800A03000200148FEF759BF00BF100B00200E
:10FAB800F8B5314B1B78002B5BD0FFF7E5FF044608
:10FAC800002846D12D4B2E4D1B68002B19DD1BF04D
:10FAD80078FF4FF47A76A0FB060747F61222002338
:10FAE80006FB0171F9F74EFAD5E90032C01A40F267
:10FAF800E93361EB0201984271F1000101D3FFF78C
:10FB080037FFD5E9003213F57A7342F10002C5E9EF
:10FB1800003274B3BDE8F840FFF7C4BF2846FFF7CA
:10FB2800DDFD20B12B68214628461B689847103513
:10FB3800B54211D9134940F20A23134A134817F062
:10FB4800E0FF134817F0DDFF40F20A210E4817F0D6
:10FB5800CFFF104D104EEBE7E0D32046FFF79AFF9A
:10FB68000E4BD3E8EF1F0139C3E8E21F002AA9D0E2
:10FB7800F7E70020F8BD00BF25390020AC30002091
:10FB8800C01E0020AFFA020043FA020004F302008C
:10FB9800D0FA020078DF020088DF0200B0300020CF
:10FBA80070B5154D297831BB0120FFF71DFE134CA8
:10FBB800134EB44218D9134940F2CF13124A1348CE
:10FBC80017F09FFF124817F09CFF40F2CF110E4824
:10FBD80017F08EFF2046FFF781FD18B123682046F5
:10FBE8009B6898471034E4E7F4D3FFF761FF0028D7
:10FBF800FBD101232B7070BD2639002078DF02006D
:10FC080088DF0200AFFA020043FA020004F30200A0
:10FC1800D0FA02002DE9F843374F384BFB1A1B097D
:10FC28000AD137494FF46F73364A374817F069FFDE
:10FC38004FF46F71334819E000210846FFF7D4FDEF
:10FC48000446A8B140F21B684FF000092F4B1B78FF
:10FC58009BB92F4940F246332E4A2B4817F051FFE3
:10FC68002D4817F04EFF40F246312A4817F040FF62
:10FC78004FF0FF384FF0FF39E8E701F0D3FC274B8E
:10FC8800274A1B58136033B1264B1B68092B02DD2A
:10FC9800254811F025F8002544B12046FFF750FD0E
:10FCA800044618B94FF0FF384FF0FF39FFF700FF4F
:10FCB800064628B935B91C4842464B4611F08EF81D
:10FCC8003546E9E70D4D08E0F5D22B689B691BB175
:10FCD80000222846114698471035BD42F4D91349E9
:10FCE8004FF46C73074A084817F00BFF104817F0D9
:10FCF80008FF4FF46C719DE788DF020078DF02008F
:10FD0800EFFA020043FA020004F30200063D002065
:10FD1800D8F502009EF50200EBF50200080000008D
:10FD2800A8300020B0300020640C0020AFFA020098
:10FD3800D0FA020013B52C4818F0AFFC2B4B1B78F7
:10FD4800002B35D0EFF31184402383F31288BFF3DF
:10FD58006F8F274813F00AFB68B98423254A264980
:10FD6800264817F0CEFE2249254817F0CAFE8421FE
:10FD7800204817F0BDFE1E4813F01CFBFFF798FE45
:10FD88001B4813F001FB68B94FF49973194A1D49D0
:10FD98001A4817F0B6FE16491B4817F0B2FE4FF482
:10FDA8009971E5E784F31188BFF36F8F02B010BD36
:10FDB800164B1B68002BF9D050B9002200231448B9
:10FDC800CDE9002347F61222002313F051FEEDE798
:10FDD8000928EBD10E4813F0B9FE0E4802B0BDE871
:10FDE800104010F07DBF00BFB03000202639002041
:10FDF800A430002042F602007EF6020004F302005E
:10FE080093F60200A9F60200C0F60200A83000200E
:10FE1800C81E0020640C002010B5064B04461B6861
:10FE280098472146A0600448FEF73CFCBDE8104016
:10FE3800FFF780BFF0070020100B0020044A054B95
:10FE48009B1AB1EBD30F34BF52F831000020704732
:10FE580030DE020078DF02002DE9F04F8FB0C1F3E9
:10FE68004A2604AF0D469046B8607B600C0D002E04
:10FE780066D04FF000090A234FF0040B07F1140A6B
:10FE8800FE60C7E90799C7F824900093CDF808B039
:10FE9800CDF804A007F11C034A464046F968FEF76E
:10FEA8008FF8B0F5006F03461CD36C468AB0D8F8BB
:10FEB800041004AB2B481A46C3E9050140F2FF7150
:10FEC800D9614FF400711984274B42F8103F4FF461
:10FED80012514B462548FFF7BFFFA5462C37BD46B4
:10FEE800BDE8F08FC0F30A0604F11700184420F0AB
:10FEF800070080083B60FFF7BFFD66F35325044603
:10FF080030B33B6800F11001C7E908390A23F961E9
:10FF1800CDE901AB00934046154AF96807F11C0387
:10FF2800FEF74EF8002813DA1249134840F2491335
:10FF3800124A17F0E6FD40F24911104817F0D8FDB3
:10FF480004F1170020F007008008FFF795FD04462C
:10FF580066F353252A4620467B68B96818F0CBFB20
:10FF6800BCE700BF18FB02000400000108DF020024
:10FF7800D186020092FB020004F3020057FB020044
:10FF8800406820B1034BC01A40F3CF0070474FF0D0
:10FF9800FF30704730DE02000EB403B503AB53F8F0
:10FFA800042B01460448019301F0F4FD02B05DF80A
:10FFB80004EB03B0704700BFE1FF0000CA0605D498
:10FFC8008B064CBF02490349FFF7E6BF704700BFE5
:10FFD8008F49030097F0020038B54B6805461A6848
:10FFE800CB680C469A4202D1084618F001FC6368B7
:08FFF800D3E8EF2F511CC3E810
:020000021000EC
:10000000E01F0028F8D1A3689D5463681A68E3686C
:100010009A4209D9054906487223064A17F075FD28
:100020007221044817F068FD002038BDD9FB02009A
:1000300004F302009BFB02002DE9F04F89B09946C2
:100040009DF85080159B044606930D46DDE916A3E6
:10005000189F05920493B8F1000F00F0A180B8F149
:10006000040F0BD988494FF41573884A884817F054
:100070004CFD4FF41571854817F03EFD07F4807371
:10008000079318F01AFB07F0020B0246002856D01F
:1000900020468049FFF784FF0646BBF1000F08D0D9
:1000A00017F0440F4DD12A4620467B49FFF778FFD1
:1000B000064407F0010353B1784B204653F828203B
:1000C000774B7849002A08BF1A46FFF769FF07F403
:1000D0008073002B07F0080318BF4FF00009002BB6
:1000E0005BD0714B204653F828207049FFF758FF2A
:1000F0000546059B2BB11A4620466D49FFF750FF78
:100100000544B9F1000F05D04A4620466949FFF77A
:1001100047FF054468483544069B002B47D02246DC
:10012000664917F08CFC002841DA654940F2B1239A
:10013000564A574817F0E9FC40F2B1219BE70646C2
:10014000ABE7604B18680028B2D05F4B4FF47A7B66
:100150001B684FF03C0CB5FBF3F5B5FBF0F14FF429
:10016000616300FB11550BFB05F5B1FBF3F2B5FB29
:10017000F0FE03FB121100FB1E55B1FBFCF30BFB61
:1001800005F5B5FBF0F50CFB131120460091CDE908
:1001900001E54E49FFF704FF8AE707F00805A8E7E5
:1001A000B9F1010F45460CBF43484948B4E7049BE9
:1001B000002B54D0DDF810903946B9F1100F2046CD
:1001C00028BF4FF010090026FFF7FCFEB54218DCEF
:1001D0000026334620461AF803203E49FFF7E0FE8A
:1001E0000136102E13D0710703D120463A49FFF78C
:1001F000D7FE4E453346EDD320463849FFF7D0FEB3
:10020000EEE720463449FFF7CBFE0136DEE7002655
:1002100020463349FFF7C4FE33461AF80320204630
:10022000A2F120035F2B28BF2E222E49FFF7B8FE34
:100230000136102E0DD0720703D120462649FFF754
:10024000AFFE4E453346E8D320462349FFF7A8FECC
:10025000EEE7049BCA44B3EB09030493AAD1B8F1B7
:10026000000F0AD0FB0704D520460D4A0D49FFF7C1
:1002700097FE39462046FFF7A5FE204609B0BDE8A7
:10028000F04F18F0B9BA00BF0EFC02009BFB020051
:1002900004F3020019FC02001DFC0200E4E302006A
:1002A00009FC020008100300F8E3020042FC02000F
:1002B00048FC02004CFC0200E1FF00009D1B010015
:1002C00051FC0200BC300020B830002026FC0200A7
:1002D000138802005AFC020062FC020060FC02006B
:1002E00064FC020066FC020042F20F7373B58B429D
:1002F00028BF0B4605680446052168460D4A16F0DE
:10030000E5FF0646636828460B225B680A4918F039
:1003100065FA63683246694628465B6818F05EFAFB
:1003200063681B2228465B68044918F057FA02B03C
:1003300070BD00BF28EE0200A75603008B560300D5
:1003400000210123064A904206D8064A01B901233A
:100350001360054B18607047012140085B00F2E70D
:1003600040420F00B8300020BC3000200122014B79
:100370001A70704727390020014B00201960704720
:10038000D43000200148FFF7AFBF00BF28E40200CF
:1003900010B5064B0C461868FFF7A0FA2146BDE8D9
:1003A000104003460F220248184700BFD4300020F7
:1003B00028E402000122F8B5084B094D094E1A70D5
:1003C000D5E900470CB92C60F8BD214630463A46C5
:1003D00000F01EF8241A0644F4E700BF2839002074
:1003E000C83000202939002010B9074B1870704719
:1003F000064B1B781BB141F288301BF067B99D207A
:10040000002112F03FBC00BF27390020283900200E
:100410002DE9F04780460F460425DFF87C901F4EFB
:1004200099F80040ACB91BF044F93A46824641467F
:1004300020460FF0B3FC044650461BF042F9ECB1E5
:100440000123337099F800307BB93C462046BDE863
:10045000F0873A46414600200FF0A0FC0446EEE744
:1004600028466C1EFFF7C0FF254600200FF0E0FC79
:100470000028EAD03378002BF2D1E6E7337833B1A5
:10048000013D2846FFF7B0FF3378002BC8D1337801
:10049000002BDAD0DAE700BF283900202739002006
:1004A000014B03600020704738E4020070B5104B28
:1004B0000D461C68B4B10F4B196800238B4202DB58
:1004C0006FF0010070BD224612F8106B864202D018
:1004D00014460133F2E7E0681BF0FCF828B1002075
:1004E0002C60EFE76FF00C00ECE76FF01200E9E72B
:1004F000F407002038E4020010B5436888B0029386
:1005000083680C46CDE9033200230A68C068CDE950
:100510000623054901AA05931AF013FB079808B9A9
:10052000059B236008B010BD9D88020010B54FF4F4
:100530002814DFF820C086B0CDE904C40824029452
:1005400004AC0194BDF82040009419F069FE06B097
:1005500010BD00BF180028002DE9F0410C4B0546E6
:100560001C680E4617467CB100F098F96368204677
:10057000D3F8108032463B462946C047044600F077
:1005800097F92046BDE8F0816FF00104F9E700BF5C
:10059000D830002000230360044B5A6812B9C3E925
:1005A0000000704710605860704700BFDC300020CA
:1005B000014B1860704700BFD8300020002330B5D1
:1005C00085B0CDE902330546019000F067F9094B8B
:1005D0001C6844B9284600F0EBF8044600F068F9BE
:1005E000204605B030BD636820461B6801A99847C6
:1005F0002468EEE7DC3000201FB5CDE9010103924D
:1006000000F04CF9074B1C6824B900F051F9204662
:1006100004B010BD636820461B6801A99847246890
:10062000F2E700BFDC3000200022024BC3E90022C9
:10063000704700BFDC3000200022024BC3E90022DB
:10064000FFF7F2BFE43000202DE9F74307460C46E0
:1006500009B100230B600026254DDFF898904D4529
:1006600024D925499D23254A254817F04EFA2548C7
:1006700017F04BFA9D21214817F03EFAD5F800807B
:100680003846414601AA18F07FF950B116B954B95D
:100690002E4606E000224046316818F075F9002821
:1006A000F5D11835DBE7019B2360F1E7E6D3164B64
:1006B0001D68C5B155F8188C3846414601AA183D49
:1006C00018F062F950B116B954B92E4606E000226E
:1006D0004046316818F058F90028F5D1AD69E8E7CF
:1006E000019B2360F1E7304603B0BDE8F08300BF13
:1006F00088DF020018E00200DAFC020099FC020028
:1007000004F30200D0FA0200E43000202DE9F047A3
:1007100084B002AFD7F8289004460D461646984696
:100720007860B9F1000F07D0D9F8001031BBD9F8C3
:1007300004A0BAF1000F28D12046391DFFF784FF2D
:1007400008B3D0F80C904346324629467868C8472B
:10075000C8B16D468AB002AA124BD061C2E9053415
:100760004FF400731384104B42F8103F00234FF4F2
:1007700011510E48FFF774FBAD4604E03A1D18F026
:1007800003F90028D3D1002007E0D9F80830324619
:100790000093294643467868D0470837BD46BDE8F0
:1007A000F08700BF02FD02000400000158DF0200D4
:1007B0002DE9F04780464FF000470026DFF8C09053
:1007C000DFF8C0A03D46304C4C452FD92F494FF49F
:1007D00089732F4A2F4817F098F92F4817F095F989
:1007E0004FF489712A4817F087F92F46EAE7B8F1E4
:1007F000000F03D122694AB91834E5E700224146C7
:10080000206818F0C1F80028F4D1F5E76368BB420E
:1008100006DDAF4202D0AB42A8BF2B461D46EBE738
:10082000EAD19047002E08BF0646E5E7DFD3DAF8A5
:100830000040FCB1183CB8F1000F03D122694AB95D
:10084000A469F6E700224146206818F09DF80028C8
:10085000F4D1F5E76368BB4206DDAF4202D0AB429C
:10086000A8BF2B461D46EBE7EAD19047002E08BFF4
:100870000646E5E7AF42B8D13046BDE8F08700BF95
:1008800018E00200E430002088DF0200DAFC0200F9
:1008900099FC020004F30200D0FA02004FF0FF328C
:1008A0004FF0FF3301480FF01BBF00BF400C00208A
:1008B00001480FF0DDBF00BF400C002038B5094DE6
:1008C000FFF7ECFF2B785BB9FFF7B6FE00F032F9CB
:1008D000044608B901232B70FFF7EAFF204638BD14
:1008E0000024F9E7393900202DE9F04F00F108061E
:1008F0009BB00746894608234FF00041304607AABF
:1009000017F0A5FE002827DB089D0DB9284623E037
:1009100025F0010A492307AA5146304617F097FEF1
:100920000AF1804B59460446304617F09DFE0823D5
:1009300080462946304605AA17F089FE00280BDBC1
:10094000002C069D02DDB8F1000F08DC5146384648
:1009500018F0B2F80028D8D01BB0BDE8F08F04F131
:1009600068030DEB03040023414604F84C3C054AA0
:10097000CDF8009003AB07A8CDE9036BFFF7C6FEE7
:10098000E8E700BFF98902002DE9F04F9BB004466B
:100990008846CDE90123002900F0BC804A21404669
:1009A0001CF0F3FB019B814693B3029BB3FA83F5E2
:1009B0006D094FF0000B49464046FDF7ADF84FF08A
:1009C000FF36DA4620F0404020F01F0040F00043A0
:1009D000009304F10803039394F85C305B4519DA43
:1009E00053454AD3009F760006F01E0637436DB983
:1009F0000125DDE9012304F10806304607F18041B5
:100A0000FEF750FD002842DB002D50D100203EE0D3
:100A10000125CEE7009B039803EB4B07394649239A
:100A200007AA17F014FE831C06D1B6F1FF3F08BFDA
:100A30005E460BF1010BCFE7002828DB49280BD9D4
:100A4000364937484FF4DF73364A17F05EF84FF4F3
:100A5000DF71344817F050F8002200F168036B444E
:100A6000484503F84C2C05D14A46404607A91CF0DE
:100A700069FBA8B10AF1010ADBE7BAF10F0F09D946
:100A800029480121294A17F08AFE6FF01B001BB08C
:100A9000BDE8F08F009B84F85CA043EA4A07A6E714
:100AA000002DA6D03946204618F006F8EFE70023BF
:100AB0000693636D002B22DA636D47F00105059301
:100AC00029460823304605AAFEF7ECFC0028DEDBA9
:100AD000A36D30460593616D082305AA0695FEF7C0
:100AE000E1FC0028D3DB636D4246C4E91553394667
:100AF0004B463046FEF7D6FC00EAE070C7E70A48EE
:100B000002210B4A17F04BFE204617F07BFF00280E
:100B1000D2D0BCE76FF01500B9E700BF6CFD020052
:100B200004F3020027FD020058DF020080FD0200EE
:100B3000A0FD02007FB50123694603200193FFF762
:100B4000B5FC044668BB032002AA01A917F0C8FE41
:100B5000044610B110F10C0F23D1009B03999A6841
:100B6000134DB2FBF1F2C5E908125A68DB68AA60BE
:100B70002B656B64C3B105F1080017F061FD0446F5
:100B800078B985F85C00284617F03CFF044640B968
:100B9000084E28466E60FFF7FDFC28466E60FFF7A2
:100BA00007FD204604B070BD6FF01204F9E700BFE6
:100BB000001F002008E5020008B5054816F08FFF69
:100BC000044816F08CFF044816F089FF002008BD89
:100BD000D4FD020009FE020045FE0200034B9B68A3
:100BE0001BB1481E18BF012018477047EC30002089
:100BF00010B51C46034B11461B680BB122469847A3
:100C0000204610BDEC300020024B5B6803B1184752
:100C1000704700BFEC30002030B1044B02681A600E
:100C200042685A6082689A6000207047EC30002069
:100C300070B50E461546044686B000211822684657
:100C40001CF071FA0B490C4BCDE90116ADF80C50B4
:100C500004932CB96946204608F050FE06B070BDDA
:100C60000122204608F074FB0028F3D16FF0150034
:100C7000F4E700BF4CE50200090C010008B5034889
:100C8000034A0021121A17F0D9FF08BD180E0020E0
:100C9000083D0020074808B5074A0849121A17F00E
:100CA000CFFFBDE808400648064A0749121A17F068
:100CB000C7BF00BF20050020140E00204C590300C0
:100CC0001805002020050020445903002DE9F047B5
:100CD00006460C4600AF002936D0D1E90012E9469D
:100CE0008AB06D46A3684FF0050AE8461F48CDE973
:100CF0000723CDE9050148F810AF002342464FF421
:100D000021511B48FFF7ACF8D4E90312CD466369C3
:100D1000AD461848C5E90723C5E90501C5F810A087
:100D2000002342464FF421511148FFF799F8CD4670
:100D3000E3690121104A0E4817F03AFDA369012129
:100D40000E4A0B4817F034FD012E07D1EFF305834F
:100D50000B4A31460648103B17F02AFD2146304623
:100D60000FF0C6F8BD46BDE8F08700BF79FE02006F
:100D700040DF0200A8FE0200D7FE0200E6FE0200ED
:100D800014FF020030BFFFF7FDBF00BF2DE9F041A7
:100D900005460B4EDFF82C80324606EB0807CC1BCD
:100DA000204609491CF099F9A01942460021083C47
:100DB0001CF0B9F9AC6707F10800BDE8F08100BF8D
:100DC000000000000800000018E0020010B5244CEC
:100DD0002449254817F041FFA36A99013ED52248CE
:100DE000224917F03AFF1E20A36ADA0104D51E48F3
:100DF0001F4917F032FF1F20194CA36ADB0204D5EC
:100E000019481C4917F029FF0220A36A1C0304D5C6
:100E10001548194917F021FF2120114CA36A5903E5
:100E200004D51148154917F018FF2220A36A9A0328
:100E300004D50D48124917F010FF2320084CA36A6F
:100E4000DB0304D508480F4917F007FF2420A36AE5
:100E50006FEA03436FEA1343A36210BD1D20C3E78B
:100E600000ED00E027FF020040DF02003FFF02002C
:100E700052FF02006CFF020096FF0200B4FF020066
:100E8000D9FF0200F3FF020070B506460D46334C51
:100E90003349344817F0E1FEA36AD9064DD53148ED
:100EA000314917F0DAFE1120A36A1A0704D52D483C
:100EB0002E4917F0D2FE1220284CA36A9B0712D5A8
:100EC0002B49284817F0C9FE636BA26A110609D5A1
:100ED0000121284A234817F06BFC1EB1A36A23F0B6
:100EE0008003A36213201D4CA36ADA0704D51D48B2
:100EF000214917F0B2FE1420A36A9B0604D51948B5
:100F00001E4917F0AAFE1520144B9A6AD60602D481
:100F10009A6A940713D59B6AD90610D5184940F2EE
:100F20002D13184A184816F0F0FD184816F0EDFD7C
:100F300040F22D11134816F0DFFD1020B4E7074BE7
:100F40009A6A920642BF5A6A22F400525A629A6A18
:100F500042F0FF029A6200232B7070BD00ED00E0AA
:100F60001E00030040DF020034000300670003009E
:100F70007A00030092000300A8000300C7000300EA
:100F800037010300F600030004F3020081010300AF
:100F900070B506460D46284C2849294817F05DFED5
:100FA000A36AD9043CD52648264917F056FE1720D7
:100FB000A36A1A0504D52248234917F04EFE1820CB
:100FC0001D4CA36A9B0512D51D48204917F045FE0C
:100FD000A36BA26A100409D501211D4A184817F015
:100FE000E7FB1EB1A36A23F40043A3621920124C4D
:100FF000A36A590504D51248164917F02EFE1A2087
:10100000A36ADA050ED50E48134917F026FE1B20F9
:10101000094A936A43F47F43936200232B7070BDA7
:101020001620C5E7A36A9B04F2D505480B4917F0C3
:1010300014FE1C20ECE700BF00ED00E0E50103001A
:1010400040DF0200FB010300670003000C02030005
:10105000250203003A02030055020300C700030003
:10106000F0B58BB07A4B04465868002500AFC0F34A
:10107000080385F31188BFF36F8F02F07F46B6F146
:101080007F4F07D102F00C06082E12D17149724829
:1010900017F0E3FD714940F21B43714A714816F0A5
:1010A00034FD714816F031FD40F21B416C4816F0DA
:1010B00023FD16074CBF0C460125002CEAD0002268
:1010C000FA71DA1E092A00F2A280DFE802F0059820
:1010D0009B7BA0A0A0A0A09E64495F4817F0BDFD27
:1010E00000235B4EFB71F36A9A0705D560495A48A5
:1010F00017F0B3FD00232DE0F36A002B01DA5D4900
:10110000F5E7F36A5B006DD55B49534817F0A5FD21
:101110007369A26943F480737361BFF34F8FBFF3A8
:101120006F8F32F8023C726922F480727261BFF3F1
:101130004F8FBFF36F8F03F47F42B2F55F4F2AD119
:10114000DBB2022B27D1236801214C4A424817F019
:101150002FFB2368FA79DAB907F1080604F1200CAD
:10116000324620686168083403C264451646F7D1E8
:101170007A6A002D68D0C2F3080121B96FEA5222C1
:101180006FEA42227A62184607F10801FFF79EFDD6
:101190002C37BD46F0BD2E4B9A6AD2B22AB101203F
:1011A000F91DFFF771FE0346D4E79A6A12F47F4FE8
:1011B00004D00120F91DFFF7EBFEF4E79B6AB3F5BD
:1011C000803F02D3FFF702FEEDE72D4940F2ED2309
:1011D000234A244816F099FC2A4816F096FC40F25F
:1011E000ED2163E726494FF43C731D4A1D4816F074
:1011F0008CFC254816F089FC4FF43C7156E7002022
:10120000F91DCEE70020F91DD5E720496FE7204AF8
:101210006E4610F4F87F8AB01E4918BF11466A4620
:10122000103B07934FF400731B48ADF820301B4B65
:10123000CDE9050142F8103F00234FF41151064853
:10124000FEF70EFEB54655E76FF308029AE700BFBA
:1012500000ED00E09B02030040DF0200C602030035
:10126000F600030004F30200D90203001703030091
:101270002E0303004F0303005D0303007C03030000
:101280002947030098030300BC030300EC03030099
:10129000820203006D020300100403000400000139
:1012A000064B5A6942F010025A615A6942F4806250
:1012B0005A615A6922F008025A61704700ED00E055
:1012C000EFF30880EFF3098101B57246FFF7C8FE1E
:1012D00001BD00BF002080F31488BFF36F8F002092
:1012E00080F30A8880F30B880F4880F308880DF09C
:1012F00081FA00200D490860BFF34F8F00F02CF8F1
:10130000402080F311880A484FF40061401880F3B0
:101310000988EFF314800221084380F31488BFF397
:101320006F8F00F0B7F80000C079002094ED00E066
:1013300080620020002318460649D1F89020C2F3AD
:101340000722934200DB7047C1F89830C1F8A00033
:101350000133F6E700ED00E010B572B6002484F327
:101360001388FFF7E7FF23464FF0FF300C4A03F1E5
:1013700020010133102B42F82100F8D100234FF057
:10138000FF30074A03F160010133102B42F82100BE
:10139000F8D162B6BFF34F8FBFF36F8F10BD00BFA0
:1013A00000E100E01EF0040F0CBFEFF30880EFF344
:1013B0000980816911F8021C0229FFD001B572462B
:1013C00017F040FC01BD00BF00B2002807DB01237D
:1013D0004109034A00F01F00834042F82130704762
:1013E00000E100E000B200280CDB012206494309BD
:1013F00000F01F008240203341F82320BFF34F8FBD
:10140000BFF36F8F704700BF00E100E038B5D3072E
:1014100004460D4612D48B1C072B10D96B23114A9E
:101420001149124816F071FB29461148062322463D
:1014300016F06BFB6B210B4816F05EFB002320B20D
:101440000028ACBF00F160400A4A4FEA4313DBB208
:10145000ABBF00F5614000F00F0080F8003313547B
:1014600038BD00BF230403006904030004F3020035
:101470008404030014ED00E0044B054A23F07F03CD
:101480009360BFF34F8FBFF36F8F70470000000072
:1014900000ED00E008B5FFF7EFFF074AD2F888300B
:1014A00023F47003C2F88830FFF7E8FBFFF7F2FB84
:1014B00000F09CF80EF078FE00ED00E042F8203CD1
:1014C000009B0B4942F81C3C019B21F0010142F8B2
:1014D000183C029B42F8081C42F8143C4FF0807301
:1014E00042F8043C0023203A0265C367704700BFFE
:1014F00055E4000000B50D4B15469860826F0C4B0B
:101500000E461A60836E83F30B882C4686F3098897
:101510000020044B98472046002100220023024C63
:1015200020470000798C020055E400009C34002024
:10153000F83000201022014B1A61704700ED00E0E6
:10154000054B5A699B689A421FBF044A536843F08F
:1015500080535360704700BF9C34002000ED00E0D2
:10156000084B9B6883420BD1EFF3058343B1064BD5
:101570005A6842F080525A605A6A22F400425A6213
:1015800011F014BC9C34002000ED00E014498A687E
:101590004FF030001044EFF3098C80E8F01F40203A
:1015A00080F31288BFF36F8F0E4F4FF000664A69C9
:1015B0008A603E60906F0C4C2060D06F0023D36730
:1015C00080F3118802F1300090E8F01F8CF3098855
:1015D00002F1000004B517F048FBBDE80440704775
:1015E0009C34002004ED00E0F8300020002340216E
:1015F0000448C2180133B3F5917F82F80013F8D183
:10160000704700BF00E100E008B5EFF30583064A2C
:10161000103B02EBC30152F8330049688847BDE82C
:101620000840FFF78DBF00BFF4D3020001480068F7
:1016300070470000F83000201FB50121094B0A4A0D
:101640000A4800F00FF90023064A0393084B0121D2
:10165000019301A8D31A029300F028F905B05DF8B0
:1016600004FB00BF00FC0220000000209CE50200FB
:10167000180E00200A7A0B6810B562F304031C46AA
:10168000CB68520923F01F0343EA4203044A43F0A4
:101690000103C2F89800C2F89C40C2F8A03010BD07
:1016A00000ED00E010B50A4BD3F89030C3F30723E8
:1016B000013B984208D901210346064A064817F023
:1016C00077F86FF0150010BDFFF7D4FFFBE700BF00
:1016D00000ED00E0C804030020DF02002DE9F04F18
:1016E0008946144606464FF000084F4D85B0C84560
:1016F00027DAD6F804A0BAF1000F44D0BAF11F0FD0
:1017000017D91AF01F0F14D1D6F800B01BF01F0F15
:101710000FD1584617F0D3FA07460AEB0B000138F1
:1017200017F0CDFA874210D06FF015073F4A3B46BD
:1017300001E043463E4A01213E4817F039F86FF078
:101740001504204605B0BDE8F08F17F1160FEDD057
:10175000BC42EBDDC5F89870D5F89C10C5F89870C0
:10176000D5F8A03021F01F0143F01F0BD6E900325D
:101770001A44994202F1FF3A1AD1D34507D13146B2
:10178000F8B217F0A5FA08F101080C36AFE73146B8
:10179000C5F89870D5F89C30E0B263F30402C5F840
:1017A0009C2017F095FA10F1160FC8D0441CEAE7F8
:1017B000C5F89870D5F8A020013B23F01F0302F074
:1017C0001F021343D3453146E0B2C5F8A030E8D03C
:1017D00017F07EFA10F1160FB1D0C5F89870D5F851
:1017E0009C209DF808300BF1FF3B62F304038DF859
:1017F0000830D5F8A0309DF808205B0863F3471245
:101800008DF80820D6E900321344009323F01F031B
:101810005B44A3EB0A03013023F01F036946C0B207
:101820000393FFF73FFFBEE700ED00E01405030060
:10183000EE04030020DF02000522044BC3F89420CD
:10184000BFF34F8FBFF36F8F704700BF00ED00E015
:10185000BFF35F8F0022024BC3F89420704700BF94
:1018600000ED00E038B50C4D0C462A78FFF736FF46
:10187000287016300FD140F28913084A08490948E8
:1018800016F043F92146084816F03FF940F2891155
:10189000024816F031F938BD3A3900203705030007
:1018A0002947030004F30200750503002DE9F74FF3
:1018B000314D894606464FF00008AB462F4FC845CC
:1018C00002DB03B0BDE8F08FD6F804A0BAF1000F38
:1018D0004CD031680846019117F0F1F9019904469E
:1018E0000AEB0100013817F0EAF984424FF01402C4
:1018F000234B15D002FB08F36FF015024BF80320C1
:1019000040F299131F4A2049204816F0FEF8494634
:101910001F4816F0FAF840F299111A4816F0ECF840
:1019200014F1160F2C60EBD01978A142E8DD02FB10
:1019300008B0C7F89840C7F89840D7F89C4000F125
:101940000801007B64F304000871D7F8A0000C794B
:10195000400860F347140C71D7F89C1021F01F0168
:101960006960D7F8A01021F01F01296108F1010872
:1019700014350C36A3E700BFFC30002000ED00E07A
:101980003A390020370503002947030004F3020019
:10199000A10503002DE9F0416B4D6C4ED5F8903058
:1019A0003468C3F307239C4286B013D940F2022364
:1019B000674A6849684816F0A8F8D5F8902021468B
:1019C0006648C2F3072216F0A0F840F202216048F0
:1019D00016F092F80020FFF73BFF614BC5F8C030CE
:1019E00084421BD15F4D01A82C70FEF759FD0026E3
:1019F00007464FF061085C4CB74216D100202B78A7
:101A00005149D1F89020C2F307229342C0F2958049
:101A10000020FFF711FF06B0BDE8F081716801EB0F
:101A20000011FFF727FE0130DAE7019A300102EBDF
:101A30000613D3F80CC00CEA0401B1F1807F57D033
:101A40000AD8B1F5001F29D0B1F5800F43D0B1F508
:101A5000801F14D00136CFE7B1F1006F48D0B1F14B
:101A6000805FF7D159689B681258013B21F01F0035
:101A70000344CDE9021223F01F0301220BE0596851
:101A800012589B68CDE902122122013B21F01F0070
:101A9000034423F01F038DF8102036E059681258D4
:101AA0009B68CDE902124122013B21F01F00034453
:101AB00023F01F031CF0010F8DF81020059325D093
:101AC0002A498423224A244816F01FF8284816F091
:101AD0001CF884217BE759689B681258013B21F070
:101AE0001F000344CDE9021223F01F030222D2E7B4
:101AF000596812589B6821F01F00013BCDE9021282
:101B0000034423F01F038DF810800593287802A961
:101B1000FFF7C8FD00280CDA0E4940F235230C4AC5
:101B20000D4815F0F2FF134815F0EFFF40F2352194
:101B30004DE72B7801332B708CE7C1F89830C1F852
:101B4000A00001335DE700BF00ED00E0A8E5020062
:101B5000370503002947030004F30200D005030002
:101B6000AAFF44003A3900200000F0FF04060300F9
:101B70002A0603005906030008B5054905481B233A
:101B8000054A15F0C2FF1B21034815F0B5FF00BF41
:101B90002947030004F3020092060300F0B587B062
:101BA00007460E4614460021102268461D461BF0CB
:101BB000BAFA02238DF80230054B2A4621466846C0
:101BC000CDE90476019315F011FC07B0F0BD00BF1C
:101BD000038D020008B5024815F058FBFEE700BF70
:101BE000CF06030008B5024B1B689847002008BDCC
:101BF00010310020034B044A1860937843F002032D
:101C000093707047103100203808002008B506494D
:101C1000064821F00701C1F1005202F53F32FCF7FE
:101C200041F9002008BD00BF3B9500201431002081
:101C300070B541690446867A0A4D59B1437ADB078B
:101C400006D42C2303FB06535B6A1B689B689847EA
:101C5000002363612C20214600FB0650BDE8704044
:101C600019F0A6BDE00C00202C22024B02FB003034
:101C7000704700BFE00C00202C21827A054B01FB4D
:101C800002339A6A1B7F801A1B3323F00303B0FBD5
:101C9000F3F07047E00C002038B52C24827A064B14
:101CA00004FB02335B6AD3E901240C601568FFF77B
:101CB000E3FF04FB005038BDE00C002008B543688A
:101CC0004BB1074907485A23074A15F01EFF5A210E
:101CD000054815F011FF03824369C36008BD00BFCA
:101CE0000807030004F30200D40603002DE9FF47B0
:101CF0000546684617461C46039119F068FEDDE963
:101D0000008955B95C4940F201135C4A5C4815F002
:101D1000FCFE40F20111594818E005F11406EFF3FA
:101D2000118A402383F31288BFF36F8F304611F07E
:101D300021FB68B98423534A5349514815F0E5FE05
:101D40003146524815F0E1FE84214E4815F0D4FE8C
:101D5000304611F033FB6B8B002B5AD02A8B9A4202
:101D600039D90022002328460EF032FF044600280D
:101D700031D0304611F00CFB68B94FF49973414AE9
:101D800043493F4815F0C1FE3146424815F0BDFEBB
:101D90004FF49971D9E78AF31188BFF36F8F039DD0
:101DA000002D59D042464B46684619F035FE2C218D
:101DB000A27A394B204601FB02335B6A03A91B68F8
:101DC0001E68DDE90023B0476061002837D1204656
:101DD000FFF72EFF2EE06C8B3046631E6B8311F0F5
:101DE000D7FA0028C9D08AF31188BFF36F8F2B7FF1
:101DF0002A8B1B33121BAC6A23F0030302FB034440
:101E0000254B264AEB1A9B105343A3722B7FE37298
:101E1000C5E7304611F0BCFA0028AED08AF311882D
:101E2000BFF36F8F23463A4628460EF0D1FE044694
:101E30000028B4D10024204604B0BDE8F087039BFD
:101E40009D420BD916494FF4AB730C4A0C4815F060
:101E50005CFE4FF4AB715EE72B4665610021012209
:101E6000616022816382E27A04F118001BF05BF961
:101E70002046FFF723FFDEE7BF230300D40603005D
:101E800004F3020042F602007EF6020093F602001E
:101E9000A9F60200C0F60200E00C0020A38B2EBAC7
:101EA0002207030070B50C46054658B9284940F290
:101EB0009D13284A284815F028FE40F29D11254818
:101EC00015F01AFE49B925494FF4CF73214A22482B
:101ED00015F01BFE4FF4CF71F1E7EFF311864023AD
:101EE00083F31288BFF36F8F1D4811F043FA60B976
:101EF00084231C4A1C49184815F007FE18491B4842
:101F000015F003FE84211748DAE7154811F056FA58
:101F1000002323606B689BB9C5E90044104811F0A9
:101F200037FA80B94FF499730E4A11490A4815F0EF
:101F3000ECFD0B490F4815F0E8FD4FF49971E2E70D
:101F40001C606C60EAE786F31188BFF36F8F70BD89
:101F500032160300D406030004F30200420E03000D
:101F60002031002042F602007EF6020093F60200C5
:101F7000A9F60200C0F6020070B5044658B923491C
:101F800023484FF4D573234A15F0BFFD4FF4D571A4
:101F9000204815F0B1FDEFF31186402383F312883A
:101FA000BFF36F8F1C4811F0E5F960B984231B4A19
:101FB0001B49174815F0A9FD17491A4815F0A5FD4A
:101FC00084211648E5E7144811F0F8F925682DB189
:101FD00062682B689542236008BF63600E4811F069
:101FE000D7F968B94FF499730C4A0F49084815F0AE
:101FF0008CFD09490D4815F088FD4FF49971E0E713
:1020000086F31188BFF36F8F284670BD3216030028
:1020100004F30200D40603002031002042F602003F
:102020007EF6020093F60200A9F60200C0F6020056
:10203000F8B5054698B12C27184E2C46237A6D68C2
:10204000CBB940F2C113164A1649174815F05DFD89
:102050002146164815F059FD40F2C11108E0144917
:1020600040F2BB130E4A104815F04FFD40F2BB1171
:102070000B4815F041FD013BDBB2237253B9E3601D
:102080006360A37A204607FB03631B6A1BB1984772
:10209000002DD2D1F8BDFFF7CBFDF9E7E00C002011
:1020A000D40603003307030004F302003C070300D7
:1020B000420E030008B558B9074908484FF4F373B6
:1020C000074A15F022FD4FF4F371054815F014FD91
:1020D000027A0132027208BD420E030004F30200CC
:1020E000D406030008B5034658B90849084840F229
:1020F0003123084A15F009FD40F23121054815F059
:10210000FBFC18465B68002BFBD108BD420E0300A8
:1021100004F30200D406030070B50D46044658B916
:102120000F494FF40F730F4A0F4815F0EEFC4FF4B0
:102130000F710C4815F0E0FC49B90C4940F23D2301
:10214000084A094815F0E1FC40F23D21F1E74668F4
:102150001EB10846FFF7C6FF4660656070BD00BF50
:10216000FF0A0300D406030004F302005107030032
:1021700038B505460C4659B90C490D484FF4127351
:102180000C4A15F0C2FC4FF412710A4815F0B4FC69
:1021900020B9BDE838400846FFF78CBFFFF7A2FF23
:1021A0002146FFF7B9FF284638BD00BF510703009D
:1021B00004F30200D406030008B548B90B492B23E9
:1021C0000B4A0C4815F0A1FC2B21094815F094FC92
:1021D00083883BB108492C23054A064815F095FC35
:1021E0002C21F2E783680B44036008BD420E030014
:1021F0005E07030004F3020099070300034670B56D
:1022000005688288DC889E68A818A41AAD1B641B28
:10221000A14209D9064907483E23074A15F075FC33
:102220003E21054815F068FC0A449A8070BD00BF45
:10223000A807030004F302005E07030008B5034685
:1022400000689A68821A91420BD90949094840F2FC
:102250005513094A15F059FC40F25511064815F07E
:102260004BFC9A88401A11441860998008BD00BF41
:10227000DC07030004F302005E07030008B5828850
:1022800003468A420BD20949094840F2C313094A5E
:1022900015F03BFC40F2C311064815F02DFC521A14
:1022A000828000680844186008BD00BFCC070300A6
:1022B00004F302005E07030008B503469A8800682D
:1022C0008A420BD20849094840F2CF13084A15F058
:1022D0001CFC40F2CF11064815F00EFC521A0144C6
:1022E0009A80196008BD00BFCC07030004F3020008
:1022F0005E07030008B5244A244B1A6009F03AFC33
:102300004FF47A612248D0F82436C3F30802C3F3AD
:1023100009434B4382F480721E49883201FB023329
:102320004FF4FA215B00B3FBF1F201FB12331A49BF
:10233000B3F57A3F28BF0132C1F80429D0F820361E
:102340004FF47A60C3F30802C3F30943434342F2F4
:102350001C5082F4807202F2172200FB02334FF409
:102360007A701B0AB3FBF0F200FB12330020B3F5C6
:10237000FA7F4FF0010328BF0132C1F81C27C1F8D2
:102380000009C1F8003608BD0020A1074C0A002052
:1023900000C0FF00F82A00800000125048B1054B31
:1023A000054A1B68B3FBF2F35843044B43F00103A7
:1023B000184770474C0A002040420F0090E302008B
:1023C00070B50B7892B006460C4607AD032B31D89A
:1023D000DFE803F0022A2C2E19492846FAF732FAD0
:1023E00005956378174A0493A3781E210393E37835
:1023F0000AA80293237910AD019363790093A3791E
:1024000014F064FF32460AAB1C4603CCAC421060A9
:102410005160234602F10802F6D120681060304670
:10242000A388938012B070BD0749D6E70749D4E767
:102430000749D2E70A212846064A14F047FFCFE7AA
:1024400059ED02007BED020060ED020067ED020035
:1024500071ED0200EB2E03000E4B402928BF4021F6
:1024600070B51D460C4C4618B04203F1020304D16E
:10247000002305F81130074870BD02781209A25CEC
:1024800003F8022C10F8012B02F00F02A25C03F8F3
:10249000012CE9E73B390020225703002DE9F341E5
:1024A000064617469846214DD5E8AF3FDA0720D5B6
:1024B00038B901211E4A1F4816F071F96FF001006A
:1024C00018E001A916F084FA02280446F6D1024663
:1024D000194930461AF036FE0028EFD1D5E8AF3F53
:1024E000C3F3C0061B0708D5144A2146114816F04D
:1024F00056F9002002B0BDE8F081A5F1D40407220E
:1025000021464046B84706280AD801210C4A094806
:1025100016F045F945F8D46CE671C4F80360E8E7B5
:102520000723B0FBF3F0E071E3E700BF740600207F
:102530001A080300B0DE02006EED02003B08030043
:102540005F0803002DE9F04389B0DDF840909D79E4
:102550005E791F7993F803C093F802E093F8018045
:102560000C461B78B9F1000F15D0CDE90639CDE93D
:1025700004E81346CDE9027CCDE900560D4A14F07B
:10258000A5FE002813DBA0422CBF6FF01500002031
:1025900009B0BDE8F083CDE90583CDE903CE13464C
:1025A000CDE90167044A009514F090FEE9E76FF069
:1025B0001500EDE784080300A808030010B5FEF736
:1025C0007DF9044628B101210346034A034816F069
:1025D000EFF8204610BD00BFC9080300B0DE0200BE
:1025E00070B504461E4615468CB0AAB129B10A46FC
:1025F00002A8042115F097FB02A900912B46224660
:10260000242103A8FFF79EFF70B93146109A03A852
:10261000FDF7A2FF0CB070BD03462421044A03A8B5
:1026200014F054FE2328F0D96FF01500F2E700BF34
:10263000EE08030007B50B4B0B48DA79C2EBC20278
:10264000009200221146FFF7CBFF034638B101216B
:10265000064A074803B05DF804EB16F0A9B803B0CA
:102660005DF804FBA00500206EED0200F4080300F5
:10267000B0DE020030B5044615468DB09AB129B1DE
:102680000A4602A8042115F04EFB02A900912B4630
:102690002246242103A8FFF755FF60B903A816F0CE
:1026A0006FF90DB030BD03462421044A03A814F08D
:1026B0000DFE2328F2D96FF01500F2E7EE080300B3
:1026C00007B5009313460A4601460348FFF788FF03
:1026D00003B05DF804FB00BFD02B03000A4601469F
:1026E0000148FFF7C7BF00BFD02B030007B5009319
:1026F00013460A4601460348FFF772FF03B05DF830
:1027000004FB00BFCA2B030007B5009313460A461B
:1027100001460348FFF764FF03B05DF804FB00BF08
:10272000372A030007B500220346009103481146EB
:10273000FFF756FF03B05DF804FB00BFC22B030098
:1027400008B502480EF072FF002008BD28090020DD
:10275000F8B5194DD5E8AF3F13F0010F2E4628D03C
:1027600015F8CD3CA5F1D4078BB902F03FF804462B
:1027700030B10121114A124816F011F82046F8BD77
:10278000FB7923B902F042F804460028F1D1D5E8DC
:10279000AF3F5A0701D400F0C3FFD6E8EF3F23F460
:1027A0000062C6E8E12F0029F7D11B0501D5FFF72C
:1027B000C7FF0024E2E700BF740600200F090300F2
:1027C000B0DE020007B5009313460A4601460348EF
:1027D000FFF706FF03B05DF804FB00BFE53103001F
:1027E0000A4601460148FFF745BF00BFE531030037
:1027F00010B50024094B86B009480393CDE9044481
:102800000EF0A8FF03AB009340F638020A230549F7
:1028100003480EF0B9FF204606B010BD4209030080
:10282000601F002008490020014601480FF048B809
:10283000601F00200146014819F029B8601F0020E0
:10284000884208B501F1100310D9984213D20E49FD
:1028500040F2B3230D4A0E4815F057F90D4815F014
:1028600054F940F2B321094815F046F9EFD000F1D0
:1028700010029142EAE7013813F8012D8B4200F86B
:10288000012FF9D108BD00BF8C0903004B090300DB
:1028900004F30200E3090300034630B41A78084643
:1028A000012A11D0022A20D062B9124A02F1100482
:1028B00052F8045BA24241F8045BF9D15B881A0A22
:1028C0008270C37030BC70470A4A02F1100452F89B
:1028D000045BA24241F8045BF9D15B681A0C190E43
:1028E00042700170C3F30722EAE7591C30BCFFF7BE
:1028F000A7BF00BF3357030010B516F003FB18F055
:10290000D6FF044608B90FF071FF064BD3E8AF3F7E
:102910000BB10A2098471CB9BDE810400FF0D8BF92
:1029200010BD00BF24310020811EC9B21E2938B558
:10293000044604D81A4820FA01F1C9070CD41949F1
:102940007A23194A194815F0E0F8194815F0DDF80E
:102950007A21154815F0D0F8164816F0DEF905462C
:10296000D0B1082C1AD00CD8022C10D0042C15D0C1
:1029700011490E485223114A15F0C7F852210F4849
:10298000E8E7102C01D0202CF2D1052100E0042131
:1029900005F10C0016F0D8F9284638BD0221F7E7FA
:1029A00041000040530A0300150A030004F302002B
:1029B000980A0300BC0D002029470300B80A030051
:1029C000034BD3E8EF2FC3E8E10F0029F9D170479B
:1029D000243100200F2810B50CD80D280CD90A4836
:1029E00016F09BF9044618B104210C3016F0ACF92E
:1029F000204610BD1328F2D009B10448F0E70220A8
:102A0000BDE81040FFF790BFE80D0020380D002012
:102A100038B50B6805460C464BB90E490E48FA23EB
:102A20000E4A15F072F8FA210C4815F065F84A685C
:102A3000DA600B684A895A820868FFF7F9FA20467B
:102A4000102200211AF06FFB2846BDE8384016F02E
:102A500059BA00BFF90A030004F30200150A030083
:102A60002DE9F84305460C461F4616464AB9264945
:102A7000D623264A264815F048F8D621234815F0D3
:102A80003BF838B92349D723204A214815F03DF8AF
:102A9000D721F3E7CA684B699A4207D11E49DB2365
:102AA0001A4A1B4815F031F8DB21E7E7084616F013
:102AB00041FA804638B11949DD23144A144815F00B
:102AC00024F8DD21DAE701F10C09484605F10C0193
:102AD00016F027F9E368626931469B1A13FA86F308
:102AE0006B82012348466B722E82FFF7C7FBE368B7
:102AF00028467B60638AC4F80C807B81A4F812802E
:102B00003C60BDE8F88300BFFC070300150A030022
:102B100004F30200060B03000B0B0300280B030059
:102B2000C3681B780221024A024816F043BA00BF6C
:102B3000500B030070DE020038B5C5682B7893B9DE
:102B4000B5F801400F21204603F00CF8EB7805465C
:102B500050B90A4A118831B96FEA04506FEA10502F
:102B60001080074A137038BD0373012102F006FF7D
:102B70002846BDE8384002F073BE00BF043900208B
:102B8000BC39002070B5C3681D78BDB9B3F80160C9
:102B90000F21304602F0E6FF044638B901213346E2
:102BA000BDE87040064A074816F004BA294602F00C
:102BB000E5FE2046BDE8704002F052BE70BD00BF89
:102BC000780B030070DE020010B5C3680121B3F872
:102BD0000140204602F0C6FF38B901212346BDE876
:102BE0001040044A044816F0E5B9BDE8104002F070
:102BF00037BE00BF9E0B030070DE020010B5C36835
:102C000001211C88204602F0ADFF38B9012123467E
:102C1000BDE81040034A044816F0CCB9BDE81040A6
:102C200002F01EBE9E0B030070DE020010B50121F3
:102C30000C30FFF741FB03780121BDE81040024A48
:102C4000024816F0B7B900BFC20B030070DE0200E5
:102C5000014610B50848FFF725F90849084818F05B
:102C600016FE031E06DABDE810400121054A06489B
:102C700016F0A0B910BD00BFD406002048090020FE
:102C8000B0200020E40B030070DE020010B5002429
:102C900086B003AB00934FF480624FF0FF330549D9
:102CA0000548CDE9034405940EF06EFD204606B0BC
:102CB00010BD00BF405100200820002010B5084C76
:102CC0000146062294F86F0003F008FC38B994F826
:102CD0006F000522BDE81040024903F0FFBB10BDA4
:102CE000A0050020085703000121024A024816F0FF
:102CF00054B900BF010C030070DE02000B46B0B5F2
:102D00000D8A00AF04462946D868FFF7A5FB8AB0B4
:102D10006A46094BCDE90750CDE9053440F202433C
:102D2000ADF82430054B4FF43251054842F8103FBE
:102D300016F042F9BD46B0BD1B0C030005000001B2
:102D400070DE020070B5C5680121B5F8016030463B
:102D500002F008FF044638B901213346BDE870404F
:102D60000B4A0C4816F026B92B783BB9D5F803303E
:102D7000C0F89930D5F80730C0F89D30201D4FF4C9
:102D8000803116F00CF92046BDE8704002F068BDB5
:102D90009E0B030070DE020037B50446084602EBC6
:102DA000C3039A4202D16FF05E0010E0114611F8A1
:102DB000085BA54211D1038A5178994209D9084884
:102DC0000121084A009415F0FDFC6FF0150003B0D6
:102DD00030BD536898470020F9E70A46E1E700BF95
:102DE00070DE02003D0C03002DE9F0470C460FF0A9
:102DF000FDFCE5682B78022B75D0042B0AD001214D
:102E00003D4A3E4816F0D6F82046FFF711F96FF01C
:102E100015040EE0B4F81080B8F1020F0ED8434646
:102E2000374A3648012116F0C5F82046FFF700F969
:102E300000240FF04DFD2046BDE8F08768783E285D
:102E40000CD1B8F1030F02D12E4A4346E9E7EB78E3
:102E5000012B01D00A2B46D1032704E016F08BF892
:102E60000746F8073FD504F10C0601213046D4F897
:102E700014A0FFF703FA02213046FFF71DFA81463E
:102E800000783E2807D1E3681B78012B01D00A2B7C
:102E900006D1032614E016F06EF8C10706460FD4DB
:102EA00041F26813184A1949194814F02EFE0023FC
:102EB00083F31188BFF36F8F0323184602DF0226C6
:102EC000144A0623214699F8000016F0ACF8B20720
:102ED0000DD56369A5EB0A0513FA85F5E560A4F83D
:102EE0001080BB07A4D52046FFF7B2FEA0E720461E
:102EF000FFF79EF8F5E700BFF70C030070DE020055
:102F00005F0C03007B0C03009B0C0300DE0C030032
:102F100004F3020058E6020010B5012104460C300B
:102F2000FFF7CAF92146BDE810400223014A0078A4
:102F300016F079B888E6020073B53E48FFF71CF832
:102F40000446002873D000F10C05284615F00AFF4E
:102F50000228034603D0042847D0374A03E0238AD7
:102F6000032B05D8354A0121354816F023F813E024
:102F700004212846FFF7A0F9FF234288068823761C
:102F8000238AC6F30B009A42608309D00121009284
:102F90002B482C4A15F016FC2046FFF749F812E0A2
:102FA0000F2102F0DFFD054610B9638B264ADAE7F0
:102FB00002F0FEFD21462076320B284602F0ACFBE3
:102FC000284602F04DFC214BD3F834317BB3204925
:102FD000204818F05CFC031E29DA01211E4A18481B
:102FE00002B0BDE8704015F0E5BF28460221FFF7AA
:102FF00063F9054600783E2812D015F0BCFF10F0AA
:1030000002060DD140F69A43144A1549154814F0AA
:103010007CFD86F31188BFF36F8F0323184602DF10
:1030200006232146104A287815F0FDFFB4E702B0C8
:1030300070BD00BFD4060020A00D03000B0D0300DF
:1030400070DE02002C0D0300500D0300A0050020CF
:1030500048090020B0200020E40B03009B0C030073
:10306000720D030004F3020098E6020010B501217E
:1030700004460C30FFF720F92146BDE81040082334
:10308000014A007815F0CFBFC8E60200F8B501216B
:10309000044600AF0C30FFF70FF9067800232146F5
:1030A0003046104AFFF778FE5F3019D1258AE06874
:1030B0002946FFF7D1F96C468AB06A460A4BCDE93A
:1030C0000750CDE9053640F20243ADF82430074BF6
:1030D0004FF43251064842F8103F15F06DFFA546F7
:1030E000BD46F8BD08E70200B40D0300050000016D
:1030F00070DE02002DE9F347002307468846164696
:10310000DFF81091D9E8EF4FC9E8E23F002AF9D182
:1031100044B901213B46404A404802B0BDE8F0476F
:1031200015F048BF2046FEF7A7FD4FF00C0A3C4DB6
:103130000AFB00504388BB4220D02046FEF79CFD8E
:103140000AFB0050438801210093364A3B4633482E
:1031500015F038FBD9E8EF3FC9E8E24F002AF9D172
:10316000002B54D03049314840F6EE13304A14F069
:10317000CCFC40F6EE112E4814F0BEFCA64208D05E
:103180002046FEF79BFD328AF16804F10C0015F031
:10319000CFFD2046FEF770FD0C2606FB005043686D
:1031A000ABB1B8F1000F12D12046FEF765FD012149
:1031B00006FB00504268536803F01F00814010680E
:1031C0005B0900EB8300137AEBB115F0E8FE2046B3
:1031D000FEF752FD0C2606FB005083686BB12046BB
:1031E000FEF74AFD704305F800802046FEF744FDD7
:1031F00006FB0055A8680DF077FD204602B0BDE83B
:10320000F047FEF715BFC94315F0D9FEDFE702B05E
:10321000BDE8F087D0060020E60D030070DE020056
:10322000283100200E0E0300410E030004F30200BB
:103230009B0C030073B5C5680121B5F801603046E9
:1032400002F090FC044640B9012133463B4A3C4819
:1032500002B0BDE8704015F0ADBE2B78061D1A2BEC
:1032600019D1C378012B50D14FF48041304615F06D
:1032700096FE42040FD4D4F88C3069460093D4F8FB
:1032800094302046019303F04DFD204602B0BDE886
:10329000704002F0E5BA2B78BBBB40F2E242B5F8D1
:1032A000033028495343C4F88830B5F80520A4F802
:1032B0009020B5F80720A4F89220A3F5EA520C3A22
:1032C0008A4204D90221204A1D4815F073FEB4F841
:1032D0009030B3F5FA7F04D302211C4A184815F048
:1032E00069FE40F67641B4F89230A3F10A0292B238
:1032F0008A4204D90221164A114815F05BFE6FF488
:103300008051304615F05BFE13E0D6E8AF3FDB049A
:10331000F5D52B78202BF2D194F89830002BEED0F5
:10332000013B84F898300B4A002304F140000EF072
:103330004BFB204602F010FFA7E700BF9E0B0300E7
:1033400070DE020095F03C00460E03006D0E030097
:10335000940E03005A620200B0B53C28044600AF48
:103360001AD101F0B7FB6FF48071103015F027FE11
:103370000020FFF7A3FC054630B90121114A12488D
:1033800015F00BFEBD46B0BD0473002102F0F6FA45
:10339000284602F065FAF5E76D468AB06A460B4B9F
:1033A0004FF41251CDE90530094B0748079340F21D
:1033B0000133ADF82030074B42F8103F15F0FCFD0B
:1033C000AD46DFE7C00E030070DE0200E10E030031
:1033D00090490300040000012DE9F84FD0F80C904B
:1033E000018A99F8004000AFA30001338B4278D9DD
:1033F0006D468AB06A46CDE9073105233A484FF455
:103400002151CDE90504394842F8103F15F0D4FDAB
:10341000AD46BD46BDE8F88F01212B46344A3348FE
:1034200015F0C8FD013699F800309E42F1DA09EB3B
:103430008603B3F801500F212846B3F8038002F049
:1034400091FB04460028E7D000F1C00AB8F1000F54
:1034500003D1204602F004FAE4E7656985B9012149
:10346000244A224815F099FD234940F28723234A34
:10347000234814F04AFB40F28721204814F03CFB1B
:10348000A2692B6895422046636108BFA36102F0E0
:10349000CFF80DF029FCC5F800B0236A93B9C4E950
:1034A0000755DAE8AF3F08F1FF381FFA88F863B92B
:1034B00014494FF42473114A114814F026FB4FF4B9
:1034C0002471DAE71D602562EBE7DAE8EF3F013BA4
:1034D000CAE8E23F002AF8D10021204602F0B4F801
:1034E000B4E70026B3469EE7FD0E030070DE02003F
:1034F000280F0300440F0300294703009B0C03001F
:1035000004F302005B0F0300054BD3E8AF2F02F07A
:103510000B02D3E8EF1FC3E8E02F0028F9D1704772
:103520007406002010B5C1E900239DF808300C4650
:103530000B72FEF7A1FB0C22024B02FB00335C6016
:1035400010BD00BF28310020F8B502460B461048D8
:1035500015F0E3FB0446C0B104210C30FEF72CFE4D
:103560002046FEF789FB0C2700260A4D07FB00507A
:1035700046802046FEF780FB07FB00508660204611
:10358000FEF77AFB07FB00556E602046F8BD00BFD2
:10359000900D00202831002029289ABF014B185C8B
:1035A000092070474D57030070B5C3680F21B3F869
:1035B00001601D78304602F0D5FA044638B9012181
:1035C0003346BDE87040184A184815F0F3BC65B1A1
:1035D0002846FFF7E1FF29460246204602F0BCFEDE
:1035E0002046BDE8704002F03BB98378012B07D13B
:1035F00007F0C2FD204615F0A6FC002808BF0525EF
:103600002846FFF7C9FF29460246204602F0A4FEDD
:10361000002DE5D00121064A044815F0BEFC052125
:10362000204602F04DFBDBE7780B030070DE020062
:10363000740F03002DE9F041C6680F21B6F8017040
:103640003578384602F08EFA044638B901213B46F7
:10365000BDE8F0411E4A1F4815F0ACBC65B12846D4
:10366000FFF79AFF29460246204602F075FE2046E3
:10367000BDE8F04102F0F4B8F278C37A934205D184
:103680000221154A134815F095FCF0E78378C272C1
:10369000012B08D10AB107F06FFD204615F053FC4D
:1036A000002808BF05252846FFF776FF2946024671
:1036B000204602F051FE002DD9D00121074A0548CD
:1036C00015F06BFC0521204602F0FAFACFE700BFA7
:1036D000780B030070DE02009A0F0300740F0300E2
:1036E00010B5044692B048226846064919F0F5FC28
:1036F000112C9DBF12AB03EB840454F8480C024814
:1037000012B010BD34E00200C90F0300034B0146A4
:10371000D3F8500182689268104700BFA0050020CE
:103720002DE9F04F91B0042100AF4A4815F037FC65
:103730006D4688B06A46484B4FF4E6510593474BB7
:10374000474806934FF40073ADF81C30454B464C88
:1037500042F8103F15F030FCAD46E179434B444E42
:1037600007F12008012998BF1E4640462146FEF772
:1037700027FE8AB06A463F4BCDF81C80CDE905365E
:103780003D4B4FF4235108933C4B354842F8103FD2
:1037900015F012FCA246AD460125394EDFF8E48053
:1037A000E3790AF1070A9D423BDB94F870506E46BC
:1037B0002846FFF795FF8CB06A46B4F87210B4F84B
:1037C0007630CDE907514FF40075DFF8BCC009939E
:1037D0002E4BCDE905C0ADF828504FF4535142F8B7
:1037E000103F1F4815F0E8FBB54694F8716030466D
:1037F000FFF776FF8AB06A46B4F874302449CDE901
:103800000763244BCDE90510ADF824504FF4335134
:10381000134842F8103F15F0CFFB4437BD46BDE8D2
:10382000F08F51463846FEF7CBFDE9468AB06A462E
:1038300040F20133CDE905650797ADF820304FF42C
:103840001351074842F8108F15F0B6FB0135CD46ED
:10385000A6E700BF74060020D50F0300E70F0300A2
:1038600070DE020003000001A00500209049030063
:10387000D10F0300EB0F030000020103040000025C
:10388000FA0F0300040000010B1003000600000102
:10389000491003000500000108B50848C37933B991
:1038A0000321074A074815F078FB002008BD0821CE
:1038B000D43015F074FBFFF733FFF6E7A0050020C6
:1038C0007010030070DE020000487047B1F1020082
:1038D00010B50B490B4817F0DAFF041E0FDA41F25E
:1038E0005F43094A09490A4814F00FF9214609487B
:1038F00014F00BF941F25F41034814F0FDF810BDDC
:1039000038090020082000209B0C030051FC020015
:1039100004F302009D10030070B505460C4639B152
:10392000CB684A699B1A032B0ED86FF0150509E086
:103930004FF0FF304FF0FF31FFF706FE044618B995
:103940006FF06805284670BD2046FEF795F90C22F9
:10395000164BA61802FB0033032130465D80FEF7AC
:103960006DFC0580238A0121033B8370304615F0EE
:10397000F2F940F635439D420FD12046FFF7C6FECF
:1039800005460028DED001210346094A094815F002
:1039900011FB2046FEF74CFBD4E72146064817F002
:1039A000FCFE0025FFF794FFCCE700BF2831002084
:1039B000A210030070DE0200DC0600202DE9F047B3
:1039C00084B0804691460C4600AF71B94FF0FF308D
:1039D0004FF0FF31FFF7B8FD0446C0B96FF068053E
:1039E00028461037BD46BDE8F087887AFEF73CF9D7
:1039F0003A4B83420BD03A493A484FF4D7733A4A8C
:103A000014F083F84FF4D771374814F075F8012299
:103A10000021384617F0DAFE2046FEF72DF90C2378
:103A2000DFF8C8A003FB00A087602046FEF742FB3A
:103A300001464046FFF770FF054618B12046FEF7E5
:103A4000F7FACDE700233846294A0DF0CBF90646B0
:103A500090B14FF4F173244A2649224814F055F8E6
:103A600032464146244814F050F885F31188BFF3DC
:103A70006F8F0323184602DF2046FEF7FDF80C2364
:103A800058431AF80060FEB16D468AB06A461B4B77
:103A90000796CDE905381A4B4FF43251089340F29E
:103AA0000243ADF82430174B174842F8103F093E47
:103AB00015F082FA2046AD46F6B2FEF7B9FA092EA5
:103AC00008D8124B9D578BE7B9F1000FB6D0C9F853
:103AD000004085E76FF0040582E700BF900D0020ED
:103AE0002947030004F302009B0C03002831002047
:103AF000B4C40400C12D0300C41003000911030065
:103B0000904903000500000170DE020043570300E6
:103B100073B506460D4642F22F00002101AAFFF7B9
:103B20004DFF044638B10121144A154815F035FA05
:103B3000204602B070BD0198C368B3F801203280FE
:103B4000B3F803302B80FEF773FA3388A3F11B021E
:103B5000E02A04D902210B4A094815F02BFA44F255
:103B600048112B88A3F5A47292B28A42E0D90221AF
:103B7000054A034815F01EFADAE700BF28110300D2
:103B800070DE0200481103006D1103002DE9F04FB3
:103B90008DB00478054600AF5CB16349634840F2DC
:103BA0008153634A13F0B1FF40F28151604813F032
:103BB000A3FF604BB0F80190198849F4704291421C
:103BC00005BF1C805C4BA24693F800A000F092FC5D
:103BD000EB7805F10408012B08BF584B404608BF9D
:103BE00093F86F4015F08AF907F10806414680B353
:103BF0004FF0010B304615F076F9D5F81130C7F8C3
:103C00000130B5F81530A7F80530EB78012B35D029
:103C100007F1100441462046FEF7D2FB6D4688B0FE
:103C20006A46474B4FF4E251CDE905344FF4007337
:103C3000ADF81C30434B444842F8103F15F0BCF936
:103C40001321AD46484615F029FA3437BD46BDE884
:103C5000F08F204615F054FB0346006895F804B039
:103C6000B8609A889B796868B280B371B8F804200C
:103C700098F806303860BA80BB71C6E73046FFF767
:103C80001DF804460028C3D00346B5F8012023F8E8
:103C9000702BB279B868B18820679A7140F2E2421D
:103CA0009980B5F8173053430022C4F88830B5F82E
:103CB0001930A4F89030B5F81B30A4F89230EB78A6
:103CC0002273012BE3701AD187F800B0BA88BB7950
:103CD0003868A4F87B2084F87D30C4F8770000F0C1
:103CE000F9FE237A1549C3EBC3035A18CB58C4F81D
:103CF0007E309388A4F88230937984F88430072149
:103D0000204601F03BFEBAF1000F05D0012120460C
:103D100084F80CA001F032FE204601F0C1FF2046DD
:103D200001F09EFD91E700BF9011030004F3020033
:103D30009B0C030004390020BC390020A0050020A2
:103D4000A41103000300000170DE020000B5C36887
:103D500089B0187820B109B05DF804EBFFF7FCBA20
:103D6000B3F801208DF80000ADF80120DA788DF865
:103D70000320B3F80B20ADF81720B3F80D20ADF8F1
:103D80001920B3F80F20ADF81B205A7C8DF81D20A8
:103D9000586801901A899B7AADF808208DF80A308E
:103DA000084B68461A689B88CDF80B20ADF80F3099
:103DB000CDF81120ADF81530FFF7E8FE09B05DF839
:103DC00004FB00BF1C57030010B5F8F7A9FE034B16
:103DD0001B6813B1BDE81040184710BD4C310020DE
:103DE00073B52D4D0646D5F8500117F073FC48B950
:103DF00001212A4A2A4815F0D0F86FF01204204613
:103E000002B070BD6FF0020105F1D40015F0D7F8D3
:103E1000012115F0C4F8C3073AD4FEF7CFFB0446DE
:103E20000028ECD11F4B1E60012205F59070114651
:103E300017F0CCFC05F59E7017F0A6FC1A480DF0A3
:103E400089FC6FF0070340F6980218491648009461
:103E50000DF09AFC1649144817F02FFDD5F85001C3
:103E6000144983681B689847044630B10121034612
:103E7000114A0B4815F09EF8C1E726B902B0BDE81B
:103E80007040F8F74DBE05F1C4000DF0CFFBB6E76A
:103E90006FF07704B3E700BFA005002021130300F3
:103EA00070DE02004C310020B02000204055002080
:103EB00039130300E92D010042130300F0B5C56872
:103EC00001212F8887B0BCB2204601F04BFE064688
:103ED00040B901212346274A274807B0BDE8F040F2
:103EE00015F068B802ACD5F80220D5F80630019478
:103EF0006989009116F02DFC48B34FF0FF304FF068
:103F0000FF31FFF721FB054648B901211B4A1A483A
:103F100015F043F8304601F0A3FC07B0F0BD1221C4
:103F20000C30FEF76BF90346224623F8027B144659
:103F300003CC596006A98C421860224603F108039D
:103F4000F5D1294642F21A00FFF7E6FCE2E74FF00E
:103F5000FF304FF0FF31FFF7F7FA04460028D4D0C6
:103F600002210C30FEF74AF92146078042F21B007D
:103F7000EAE700BF9E0B030070DE02005E13030041
:103F800073B5C368D9789A781E8842EA0122ADF8E1
:103F9000002059791A79B4B242EA0122ADF8022020
:103FA000D9799A79204642EA0122ADF804201A7A9A
:103FB0005B7A012142EA0323ADF8063001F0D2FD1D
:103FC000054658B901211D4823461D4A14F0F2FF49
:103FD0000221204615F0C0F802B070BD694602F01B
:103FE0001FF938B91E21204615F0B6F8284601F011
:103FF00037FCF1E74FF0FF304FF0FF31FFF7A4FA45
:1040000004460028F2D00E210C30FEF7F7F800230A
:104010000680C0F80A30BDF8003021464380BDF864
:1040200002308380BDF80430C380BDF806300381C0
:1040300042F22000FFF770FCD8E700BF70DE0200FC
:104040009E0B030038B5042104460C30FEF734F90A
:10405000034640885D7818B122461978FFF74AF880
:1040600035B104480CF040FEBDE83840FFF730BCE5
:1040700038BD00BFC0060020B0B50446032100AF24
:104080000C30FEF719F9E2680346117840F6354224
:10409000B0F80100904216D16C468AB06A46104BC7
:1040A0001048CDE90531104B4FF41251079340F2FF
:1040B0000133ADF820300D4B42F8103F14F07CFF77
:1040C000A546BD46B0BD1D7810B12246FFF712F8D7
:1040D000002DF6D006480CF007FEFFF7F9FBF0E7DD
:1040E0007513030070DE0200904903000400000114
:1040F000C006002038B50EF079FB2F4DD5F83C31C5
:10410000002B56D00022002305F590700CF06AFEBB
:1041100000284ED10022002305F59E700CF058FDBA
:10412000044668B940F6AA43244A2549254813F0B5
:10413000ECFC84F31188BFF36F8F0323184602DF72
:10414000D5F830315BB101211F4A204814F025FF1A
:10415000D5F83001FDF76CFF0023C5F8303120465B
:10416000FDF7A8FFC5F830012046FFF7CFFA034658
:10417000C8B10121164A154814F01CFF15480CF06F
:10418000B3FD2046FDF778FD0C22134B02FB0033F4
:10419000588818B122461F21FEF7ACFF2046FDF7D4
:1041A00047FFFFF795FBFFF793FBBDE838400EF0A4
:1041B0008FBB01F0C1FDF8E7A00500209B0C0300B8
:1041C000420E030004F30200AD13030070DE020090
:1041D000A2100300C006002028310020F8B50646D2
:1041E0000024094DEF79E3B29F4202D86FF001003D
:1041F00007E02946304614F0CBFF0735631C08B1B1
:104200002046F8BD1C46EEE7A005002037B5044661
:104210000D46B9B12846164914F0BAFF90B929469F
:104220001448C4EBC404204414F0BCFF124814F03A
:10423000C0FF430703D5FEF783FA14F0F7FD002013
:1042400003B030BD684614F040FE0028F8D168463F
:10425000FFF7C4FF0028F5DA064BC4EBC40069463B
:10426000184414F09FFF002DE0D001462846DBE7FC
:104270000F570300A00500207406002070B51A4EE9
:1042800006223146054618F05DFF38B34FF0FF3087
:104290004FF0FF31FFF758F9044608B306222946CC
:1042A0000C3014F045FD2146002242F20500FFF7D4
:1042B00085FB044648B110F10D0F04D102210B4AD1
:1042C0000B4814F06DFF204670BD33462A6843F852
:1042D0006929AA88B280012283F868200024F2E7C5
:1042E0006FF06804EFE700BF09060020ED1403003B
:1042F00078DE020038B505460C4659B9204940F22F
:10430000DD33204A204813F000FC40F2DD311D4827
:1043100013F0F2FB086848B91C4940F2DE33194A31
:10432000194813F0F2FB40F2DE31F0E74DB91849BD
:1043300040F2DF33134A144813F0E7FB40F2DF3159
:10434000E5E7037A5A0709D5124940F2E1330D4AED
:104350000D4813F0DAFB40F2E131D8E74B686BB956
:104360000B7A13B92B7A5B0708D52A7803789A421F
:1043700004D0294614F089FF00B1656038BD00BF44
:1043800039150300FC14030004F302005115030067
:10439000741503008C150300064BD3E8EFCF4CF4E3
:1043A000806CC3E8E2CF002AF7D1037A1943017287
:1043B000704700BF74060020F7B5002104460222B2
:1043C000084602F08BF8064648B120460121FFF767
:1043D000E3FF304603B0BDE8F04001F041BA3B4D89
:1043E00001463B4800F070FB95F813317BB1304635
:1043F00014F01FFF58B10221364A374814F0D0FE9E
:104400000021364803B0BDE8F04000F05DBB95F8F0
:10441000132195F812319A4218D10221304A2E48C0
:1044200014F0BEFE002242F229001146FFF7C6FA40
:1044300010B101212B4AE0E795F81331013385F8DB
:104440001331237A43F004032372D9E72246671C11
:10445000394612F82E0B14F0AFFE064610B1224A70
:1044600001210EE095F81331013385F81331237AD9
:1044700043F00403237295F8A7305B0708D40221A8
:104480001A4A154814F08CFE012014F0D2FEB7E74A
:104490003946684614F086FE01234FF0FF304FF096
:1044A000FF318DF80730FFF74FF8044660B108225E
:1044B00069460C3014F03CFC3246214642F24E0074
:1044C000FFF77CFA0028DFD0094AC9E7A0050020E1
:1044D000D1920200C115030078DE0200659202004D
:1044E000E6150300171603003716030057160300DE
:1044F00081160300084BD3E8EF2F22F48061C3E854
:10450000E01F0028F7D1530504D5002202200349FB
:1045100006F04EBF704700BF740600205F93020094
:104520001FB500230190CDE9023302208DF80C1055
:1045300001AA034906F03CFF029805B05DF804FBB0
:10454000F5420100034610B470B10A4991F81241D6
:1045500091F813210CB1944208D2013281F8132151
:104560001A7A42F004021A7210BC704710BCFFF7AE
:1045700023BF00BFA00500202DE9F041044660B331
:10458000424D95F8122195F8133192B101329342C0
:104590001CDC00210222084601F0A0FF0646F0B113
:1045A00020460221FFF7F8FE3046BDE8F04101F059
:1045B00057B95BB93649374840F2E543364A13F0FC
:1045C000A4FA40F2E541344813F096FA013B85F82D
:1045D0001331237A23F004032372BDE8F0810146EE
:1045E0002E4800F071FA304614F023FE064688B1DA
:1045F000012103462A4A2B4814F0DAF895F81331C2
:1046000013B1012014F015FEBDE8F0410021264849
:1046100000F05ABA95F8133195F812219A420CD24B
:10462000013B85F81331237A024623F0040302206C
:104630001E49237206F0BCFEE0E74FF0FF304FF05A
:10464000FF31FEF781FF04F10108074668B1072139
:104650000C30FDF7D3FD414614F0A4FD3246394637
:1046600042F22800FFF7AAF928B10121104A0D48AB
:1046700014F096FDC2E795F81331013B85F813312C
:10468000237A23F004032372B8E700BFA0050020BB
:104690009C16030004F30200FC140300D1920200F4
:1046A000B516030078DE0200659202001D9202003A
:1046B000E216030070B5044611BB20B3254914F07F
:1046C00067FD00BB2046FFF789FD00283BDA237811
:1046D00053B92148C279002A35D1214614F062FD30
:1046E0000123C371104670BD012B04D1A37903F0DF
:1046F000C003C02B07D00121184A194814F050FDFF
:104700006FF01500EFE7144DEB79012B1ED005F18A
:10471000D40014F04EFDC30707D4002CF0D020467F
:104720000C4914F035FD0028EAD1EE792146731CBE
:104730003046EB71FFF76AFD08B93046D3E7EB79F5
:10474000013BEB71CFE76FF07700CCE76FF00B0028
:10475000C9E700BF0F570300A0050020071703009B
:1047600078DE02002DE9F341044640B91A4A0221DD
:104770001A4814F015FD002002B0BDE8F0810021B8
:1047800041F2090001AAFFF719F9054608B1144AD8
:10479000EDE7019E0622D6F80C80124908F10107C8
:1047A000384618F0CFFC28B1062238460E4918F0DA
:1047B000C9FC18B93046FDF73BFCDCE7D8F80130FE
:1047C0003046C4F80130BB882570A4F80530FDF7E9
:1047D0002FFC0120D0E700BF3517030078DE020070
:1047E0004E1703001C5703001657030007B5684611
:1047F000FFF7B8FF044BD87118B169460020FFF7E6
:1048000005FD03B05DF804FBA00500202DE9F04193
:10481000304E88B0F179002954D196F8C24014F096
:10482000010411D12C4A02212C4814F0B9FC0024B7
:10483000F471162500240127F379E0B283422BD8C6
:10484000002B3FD000203AE06A464FF60940FFF7C0
:10485000B5F808B1224AE6E7DDF800C0DCF80C50F4
:1048600095F80180B8F1000F0ED0AB1C02AA1235EA
:10487000174618685968083303C7AB423A46F7D160
:10488000186838609B88BB806046FDF7D1FBB8F1A3
:10489000000FCDD1134AC6E708AB05FB003353F830
:1048A000182C33F8143C6946CDF80120ADF80530DA
:1048B0008DF80070FFF7AAFC01340028BCD008B0C6
:1048C000BDE8F0810021084608B0BDE8F041FFF7DF
:1048D000F1BE00BFA00500206C17030078DE0200C7
:1048E00098170300B81703002DE9F0411D460E4646
:1048F0001746034648B145B10A0311D54C0708D500
:104900000121284A284814F04BFC6FF01500BDE83F
:10491000F08114F009FD0028F9D101232B70F6E78E
:10492000B107047824D021492FB1B20603D591F8FC
:10493000D820500632D5C4EBC40411F80480B8F175
:10494000010F09D101341846214414F0E5FC002878
:10495000DDD185F8008002E0B8F1000FF9D02FB169
:10496000B30642BF2B7843F002032B700020CEE742
:10497000720710D50D49C4EBC4040F5D012F07D198
:104980000134214414F0C8FC0028C0D12F70E7E79F
:10499000002FE5D1FAE714F0C7FCBEE76FF0850001
:1049A000B5E700BFE117030078DE0200A005002094
:1049B0002DE9F74F884601904FF0FF314FF0FF305F
:1049C000FEF7C2FD044600284ED020210C30FDF732
:1049D00015FC002706460021202218F0A4FB3946CA
:1049E000D8F8005006F1010BD8F804309F4208D3E4
:1049F000317000222146019803B0BDE8F04FFEF768
:104A0000DDBF6A78881C13181F2B95F800C05FFA69
:104A100080F915D9BCF1090FC9F11F0201D1002A93
:104A20000CDC0121124A134813F0B9FE2046FDF7B1
:104A3000FFFA6FF0150003B0BDE8F08F4FF0080CDF
:104A40005FFA82FA0AF1010E0BF801E00131C9B2F6
:104A50000BF801C069685844D14418F03EFB013797
:104A60005FFA89F10835BFE76FF06800E3E700BF40
:104A70000618030030DE0200F7B5CDE900016946F3
:104A800042F2080016461D469DF82070FFF790FF81
:104A9000044648B95FB90B4BD3E8EF1F41F004015E
:104AA000C3E8E21F002AF7D1204603B0F0BD6946F3
:104AB00042F20900CDE90065FFF77AFF0028EAD04D
:104AC0000446F1E7C805002003460148184700BF27
:104AD000B805002000487047B80500202DE9F04FC8
:104AE000D0F8109089B0B9F100040546A04818BF6D
:104AF00001240291039314F044FC4607924640F1CE
:104B00008C816E6870050CD56FF01504002240F2A0
:104B10000110029B924540F08981204609B0BDE812
:104B2000F08FD5F81080B8F1000F01D0B107EBD0AD
:104B3000904F2878FB798342E6D9C0EBC00007226A
:104B40008D49384418F0FEFA0028DDD0B20706D1AE
:104B500097F87030082B02D8AB689F2BD4D916F089
:104B6000300F7AD0B8F1000FCED0F30678D406F427
:104B70006036B6F5603FC7D0284614F0ECFB80469F
:104B80000028C1D07D4814F0FCFB10F4807F7B4EE0
:104B900040F0468106F1AC0014F0F3FB10F4806F96
:104BA00006F1AC0B01D0FFF7A5FC0023CDE90533DE
:104BB000CDF81B30AB686A68ADF81030EB6812F4C2
:104BC000004FADF8123014BF06230723D00348BFAF
:104BD00003F00503910348BF03F0FB038DF81D307C
:104BE000DBE8EF3F23F48073CBE8E23F002AF7D104
:104BF0002B7822463B7687F86F30696860480DF164
:104C00001503FFF771FE044600287FF47FAF5D4B6C
:104C1000B9F1000F31D02A6911684BF8B31C9188A3
:104C2000998092799A716B689A0728D0B9F1000F30
:104C30002CD013F0100F0CBF012304238DF8143077
:104C40002B691A68CDF816209A88ADF81A209B793E
:104C50008DF81C304FF000081BE0B8F1000F86D132
:104C6000D5E902239A423FF64FAF1F2A7FF64CAF99
:104C7000B3F5804F7FF67BAF46E73F4ACCE79B0515
:104C800002D4039B002B3CD0022300E04B468DF85E
:104C900014304FF0FF304FF0FF31FEF755FC044663
:104CA000002800F0C0800F2204A90C3014F040F856
:104CB0002146002242F20600FEF780FE044600284C
:104CC0007FF424AFB9F1000F1FD0686810F0030023
:104CD00027D1074601212A4814F056FB0446002834
:104CE00058D00121284A294813F059FD002F3FF4DC
:104CF0000DAF3846002100F041FE384600F0B0FD0F
:104D000004E703238DF81430A4E75146129B039A5D
:104D10000298CDF80080FFF7AFFE04460028D4D0FB
:104D2000F4E63C7E07221449164887F86F4018F0D5
:104D300009FA60B92046164901F04EFB074610B942
:104D40006FF00B04E2E6052100F018FEC2E72046F2
:104D50000C4901F087FB00287FF4D6AE387E094964
:104D600001F03AFB07460028EAD00621ECE700BF35
:104D700074060020A00500200F570300C80500207E
:104D8000B8050020C10500201F18030030DE020016
:104D90000857030017B1384600F062FD6B689F07A3
:104DA0001FD0D6E8EF3F43F40073C6E8E23F002A85
:104DB000F7D1B8F1000F1DD0D6E8EF3F43F4806380
:104DC000C6E8E23F002AF7D16B6858071BD5D6E842
:104DD000EF3F43F48053C6E8E23F002A3FF496AE2B
:104DE000F5E7D6E8EF3F23F40073C6E8E23F002A78
:104DF000DFD0F6E7D6E8EF3F23F48063C6E8E23F72
:104E0000002AE1D0F6E7D6E8EF3F23F48053C6E866
:104E1000E23F002A3FF47AAEF5E76FF00A0475E648
:104E20006FF0770472E66FF068046FE619888142CC
:104E300004D1596811B10978C90702D40132083385
:104E400068E6054905480CF00FFD0023044A0348B5
:104E50000CF042FE61E600BFE14E0100D0050020EB
:104E60001C4E0E0010B5184814F0B6FA174814F08E
:104E700088FA0346DA05C0F3002023D5134814F05E
:104E800080FA830515D512490722124818F05AF9FD
:104E900003461149087E93B90522104901F01EFB13
:104EA000044630B10021017300F068FD204600F097
:104EB000D7FCBDE810400021034814F065BA062273
:104EC0002131EBE710BD00BFB8050020C805002068
:104ED0000F570300C1050020A0050020085703005C
:104EE00010B5FFF7BFFF034630B1BDE81040022107
:104EF000024A034813F05CBC10BD00BF3A1803001F
:104F000030DE0200884208B501F1200310D9984232
:104F100013D20E4940F2B3230D4A0E4812F0F5FDAC
:104F20000D4812F0F2FD40F2B321094812F0E4FD01
:104F3000EFD000F120029142EAE7013813F8012D89
:104F40008B4200F8012FF9D108BD00BF8C09030086
:104F50004B09030004F30200E309030070B59AB0A3
:104F60001822002103A818F0DEF847F21213ADF85A
:104F700008304FF4807344F20102ADF80A30364B2A
:104F8000694602A8CDE904230FF0A6FC034618B336
:104F9000324A0121324813F00BFC1F25314BD3E874
:104FA000EF1F21F00101C3E8E21F002AF7D12E4EC6
:104FB0000DF01CFC346804B1043C002D2B4D18BFCF
:104FC0000025002C41D023680BB12846984764681F
:104FD000002C3AD0043CF6E701AB4122009809A925
:104FE00016F0EEFE034608B1214AD2E7214A0DF140
:104FF00025030DF1650153F8040B8B4242F8040BB5
:10500000F9D101AB20221C49009816F0B6FE0346E8
:1050100008B11A4ABDE700980FF046FB054610B1EB
:10502000174A0346B5E713491048FFF76BFF1549C8
:105030001548FFF767FF154BD3E8EF1F41F010014C
:10504000C3E8E21F002AA9D0F6E70023C6E900332F
:105050000DF03EFC1AB070BD00000209601803009C
:1050600060DE020050310020583100201D3A00203F
:105070007E180300DD390020BD390020A11803008F
:10508000C5180300FD3900203D3A002074060020B9
:1050900030B5A7B01822002107A818F044F804235F
:1050A0003D22002116A8159318F03DF847F212137F
:1050B000ADF818304FF4807344F20102ADF81A30A5
:1050C000284B2949CDE9082306A804AB20220FF07C
:1050D00037FB0346E0B1254A0121254813F068FB60
:1050E0006FF004040DF082FB224B1D6865B10020B7
:1050F0001860214BD3E8EF1F21F00201C3E8E21F43
:10510000002AF7D144B3A8470DF0E2FB27B030BD29
:105110001A4B0DF15502194603F1400053F8044BA8
:10512000834242F8044BF9D105AB029320230D488A
:10513000CDE9001315AA4123049916F010FF034688
:1051400008B10F4AC8E704980FF0AEFA04460028E9
:10515000C8D00C4A0346BFE70DA80849FFF7D2FEA6
:105160000DA8D0E700000209BD390020E5180300B2
:1051700060DE02005431002050310020DD39002073
:105180001B19030037190300402208B5034917F023
:10519000D9FFB0FA80F0400908BD00BF775703007F
:1051A00010B59AB004461822002103A817F0BBFFDF
:1051B00044F21213ADF808304FF480734FF480427C
:1051C000ADF80A30144B2146CDE9042304230DF138
:1051D00025008DF82430FFF795FE04F120010DF134
:1051E0004500FFF78FFE412201AB09A902A80FF08D
:1051F000A7FA044602A816F0FEFE2CB901980FF09B
:1052000053FA01201AB010BD044823460121044A74
:1052100013F0CEFA0020F5E70000020960DE02007C
:105220005419030010B5002834D01D4A136823B167
:10523000043B984231D05B68F9E71A4BD3E8AF1FC3
:10524000890707D518480221184A13F0A8FA6FF009
:105250000F0010BD1468011D44605068116000B952
:105260005160D3E8EF2F42F00101C3E8E01F0028AE
:10527000F7D1D30701D50020EBE70D4BD3E8EF1FA3
:1052800021F01001C3E8E21F002AF7D10948FDF719
:10529000D1FAF0E76FF01500DBE76FF07700D8E7A1
:1052A000583100205031002060DE020078190300E0
:1052B0007406002068090020044BD3E8AF3F13F0C8
:1052C000100F034808BF0020704700BF740600207D
:1052D0001D3A002070B50546194803688B4228D056
:1052E000184BD3E8AF3FDA0626D5036813B16FF049
:1052F0000F0070BD144AD2E8AF3FDB07F7D4D2E805
:10530000EF3F43F00204C2E8E64F002EF7D113F05E
:105310000204ECD1016029460C48FFF7F3FD0C486C
:1053200005F12001FFF7EEFD0A48FDF783FA20465C
:10533000DFE76FF07700DCE76FF07C00D9E700BFB4
:10534000543100207406002050310020DD39002047
:10535000FD3900205809002010B50446FCF78CFCEC
:10536000044901EB00112046FDF752FBBDE8104057
:10537000FEF7AEBA6031002070B50546134B1C68CD
:1053800044B154F81C3C1C3C13B12846297B984777
:10539000E469F5E70E4C0F4EB44215D90E4940F2C0
:1053A000B6730E4A0E4812F0B0FB0E4812F0ADFB79
:1053B00040F2B671094812F09FFB236813B12846EA
:1053C000297B98472034E7E7F7D370BD943100205C
:1053D000D8DD020018DE0200E5190300A61903005B
:1053E00004F30200D0FA020008B50B4B1B7873B926
:1053F0000A4940F246330A4A0A4812F086FB0A4834
:1054000012F083FB40F24631054812F075FBFCF7C1
:105410000DF9064B185808BD063D0020D8F50200CE
:105420009EF5020004F30200EBF502000800000004
:1054300010B50C46817801290BD00C490C4840F27C
:10544000EE330C4A12F061FB40F2EE31094812F0E3
:1054500053FBA16904F118001160E26900211A6090
:10546000E27ABDE8104017F05EBE00BF001A0300EC
:1054700004F30200A619030037B5051D04464FF4D6
:105480008061284613F0BDFF40053CD4D5E8AF3F0E
:10549000D90326D5E37823B902211C4A1C4813F00E
:1054A000AEFF637B072B2ED11A4B93F8D8309B06A7
:1054B00029D513F0C6FD30B30DF1060101A8FEF7A2
:1054C00027FB00BB2046BDF80620BDF8041013F0F2
:1054D00024FE0346B8B101210F4A0D4813F08FFF97
:1054E00011E00C4B93F8D8301A07D3D5204613F0AF
:1054F000F9FD034620B10121084A054813F07FFF5A
:10550000637B072BC6D003B030BD00BF331A030046
:1055100048DE0200A00500204C1A0300121A030006
:1055200070B505460022002316480BF05BFC38BB23
:10553000154B1C6834B154F8143C1C3C03B198471B
:10554000E469F7E7114C124EB44213D9114940F205
:105550007C63114A114812F0D8FA114812F0D5FABA
:1055600040F27C610C4812F0C7FAA36803B1984777
:105570002034E9E7F9D32846BDE870400CF056B86E
:1055800070BD00BF740C002094310020D8DD0200F3
:1055900018DE0200E5190300A619030004F3020057
:1055A000D0FA02002DE9F0410446FFF71DFF1B4B26
:1055B000D3F88830834223D140270025EFF31182AE
:1055C00087F31288BFF36F8FE16929B1206A0B68F6
:1055D0008142E36108BF236282F31188BFF36F8FBA
:1055E000D1B1D1E901680E48C1E9015516F0D5F8ED
:1055F0001EB1002241462046B047FEF769F9DDE7BB
:10560000084909484FF49373084A12F07EFA4FF4A0
:105610009371064812F070FABDE8F081F02E002078
:10562000CC0C0020681A030004F30200A619030042
:105630000448B0F8FC3000F58070002B08BF002053
:10564000704700BFA005002070B588B004460E4624
:10565000FFF7CAFE144BD3F88820824205D12046BA
:1056600008B0BDE87040FFF79DBF243421461846BE
:1056700016F00DF9051E0FDA4FF4AF730B4A0C4903
:105680000C4812F042FA29460B4812F03EFA4FF449
:10569000AF71064812F030FA1EB1694620460BF091
:1056A000CBFF08B070BD00BFF02E0020A61903008C
:1056B00051FC020004F30200AE1A030038B50022C8
:1056C00004468A4202D10024204638BD012004F15C
:1056D000C803D3E8EF5F002D04D1C3E8EC0FBCF1A1
:1056E000000FF6D102D0D0340244EAE7002CEAD011
:1056F000C8220021204617F016FD04F1400004499D
:105700000CF0B2F8034904F124000BF067FEDBE76C
:105710003D66010025940200F7B516460D460121AD
:105720000446FFF791FF012E23D0022E52D12369A8
:105730003BB131480121314A13F031F8204613F0D2
:105740008FFE256121690B8A012B53D9CA68128803
:10575000043292B293424DD343D90121009226489C
:10576000274A13F02FF8204603B0BDE8F04013F0AD
:1057700077BE206940B9234A31461F4813F00FF81D
:10578000204613F06DFE01E02A8A2AB9284603B0AC
:10579000BDE8F040FCF74CBC018A438A47695B1ABC
:1057A000C168C91B5B1A9A420CD9174A3146124884
:1057B00012F0F5FF00222046216901F087FA00234C
:1057C0002361E3E7E9680C3013F0B2FA2846FCF7EE
:1057D0002FFCB7E7012133460C4A074813F00FFEB0
:1057E000CEE7002301222046236103B0BDE8F0404C
:1057F00001F06CBA03B0F0BD48DE0200C91A030024
:10580000491B0300E61A0300041B03002B1B0300C3
:1058100010B580B100F1C802D2E8AF3FBBB1591C4E
:10582000D2E8EF4F9C4204D1C2E8EC1FBCF1000F5C
:10583000F6D1F1D110BD0749074840F2B553074AE8
:1058400012F063F940F2B551044812F055F91846C8
:10585000F0E700BF671E030004F30200A61903006F
:1058600038B5044670B9284940F2DF53274A284822
:1058700012F04BF9274812F048F940F2DF51234863
:1058800012F03AF924300BF01FFE04F1C803D3E8FC
:10589000EF2F511EC3E8E51F002DF8D1002A0CDCC4
:1058A0001D494FF4BE63194A194812F02EF91B48DE
:1058B00012F02BF94FF4BE61E1E7012A23D160B168
:1058C000174940F2F953114A114812F01EF91548D0
:1058D00012F01BF940F2F951D1E7134B9C4212D35D
:1058E00003F1D00294420ED2E41AD023B4FBF3F2B7
:1058F00003FB12443CB90D480BF0F6F9BDE8384003
:105900000B480BF093BE38BD671E0300A6190300B9
:1059100004F30200641B0300831B03008B1B0300C2
:10592000A91B0300BD1B030058210020740C00209C
:105930008809002010B50446FFF76AFF0CF056FFF7
:105940000C4B04F1BC01D3F8143143B90A4813F0ED
:1059500046FD0CF0BDFFBDE81040FDF7B9BF994210
:1059600001D01B68F1E70CF0B3FF2046FFF778FF8A
:10597000F1E700BFA0050020B40600202DE9F843A0
:10598000467B04468E420D4600AF1DD1082E98BFBF
:10599000594B6C4688B094BF53F82630574B6A4633
:1059A0005749CDE905134FF40073ADF81C30554B42
:1059B00042F8103F00234FF4E4515348FAF750FAED
:1059C000A546BD46BDE8F88341730EB9FFF720FF39
:1059D000637B082B00F28D8001A252F823F000BFF8
:1059E0002D5A0100835A0100C3590100C359010017
:1059F000C3590100C3590100C3590100055A0100F0
:105A0000C35901000023C4E90D33E378012BD8D139
:105A1000A3783E4A012B08BF032304F1400008BFCE
:105A200084F8983000230BF0CFFFCAE7082EC8D8BF
:105A3000DFE806F02005171C1C1C1720200004F1CD
:105A4000400528460CF04EF801212046FFF7FCFDEA
:105A5000204613F005FD0022002328460CF03CF8F8
:105A6000AFE7237B13B12046FFF786FC2046FFF704
:105A7000F7FEA6E72B46264A0221234813F0BFFC77
:105A80009FE7237B3E2B0FD16D4688B06A46214BA2
:105A9000CDE90534032342F8103F00234FF4C451ED
:105AA0001948FAF7DDF9AD461B4D05F580786169B7
:105AB00011B9FDF70DFF84E7A2690B68914208BF99
:105AC000A36163610023D1E901691448C1E901338D
:105AD00015F063FE26B16FF06D0249462046B047CF
:105AE000B5F8FC30002B14BF404600200BF0FCF84A
:105AF000DDE70B4A2B46BFE71CE70200F41B03005F
:105B0000FE1B03000300000148DE02005A6202008F
:105B10000F1C0300261C0300A0050020CC0C002055
:105B20004D1C0300F8B5074609480D461646FFF719
:105B30006FFE044650B183781F4203D1BDE8F840A0
:105B4000FFF78EBE3146A8472046F7E7F8BD00BFF5
:105B500058210020002201200149FFF7E3BF00BFC8
:105B60001994020070B505460E480E46FFF750FE28
:105B70000446A0B1437B012B02D0073B012B0CD87C
:105B80002388AB4208D1A3781E4209D102212B46BB
:105B9000054A064813F033FC2046FFF761FE002457
:105BA000204670BD58210020691C030048DE020019
:105BB00008B5114B98420AD303F1D002904206D2A5
:105BC000D022C01AB0FBF2F302FB130373B10B49EE
:105BD00040F21B630A4A0B4811F097FF0A4811F084
:105BE00094FF40F21B61064811F086FF074B00113D
:105BF0005843C0B208BD00BF58210020801C0300DC
:105C0000A619030004F30200F71D0300C54EECC4FF
:105C10002DE9F84305460F4616461C469046994620
:105C200015F045FE58B11749174840F23763174A37
:105C300011F06BFF40F23761144811F05DFF3443FF
:105C40000BD0FFF7D1FB124BD3F88830834207D13A
:105C50000221104A104812F0A2FD4FF00008C14680
:105C60000E4942464B46002D14BF2846084613F005
:105C700054F8044618B1791D0C30FCF79DFA204603
:105C8000BDE8F883111E030004F30200A619030007
:105C9000F02E0020201E030048DE0200E00C002051
:105CA00010B5044605480BF0C1FC204600F016FF75
:105CB0002046BDE81040FFF75FBB00BF7809002019
:105CC00010B5437B0446023B062B29D8DFE803F0DE
:105CD0000B042828281E0900017300212046FFF725
:105CE0004DFE002010BD8378012BFAD04FF4F463F1
:105CF0000D4A0E490E4811F008FFA1780D4811F029
:105D000004FF4FF4F461084811F0F6FE008813F028
:105D1000C5F90028E6D1637B072BE2D10821DDE736
:105D20006FF07F00DEE700BFA619030029470300DC
:105D300004F30200491E03002DE9F04F002387B051
:105D400000AFFB607B619D4B5A8B3AB19C4DD5F8FF
:105D500014413CB91C37BD46BDE8F08F1B68002BD1
:105D6000F4D1F7E754F8BC3903B1BC3B00269549A0
:105D700013E01346B5F8FC20002A00F0D881D5F8CE
:105D80000821C2B904F1BC06002BE3D0D3F8BC2033
:105D90001C46002AEDD0A2F1BC039C42EAD18A49FC
:105DA00040F2B933894A8A4811F0AFFE40F2B93166
:105DB000864811F0A1FE0A68002AE3D0D4F8A82092
:105DC000002ADFD0D4F8AC20002ADBD0D4F8B020F1
:105DD000002AD7D0637B072B41D12046904700286B
:105DE0003DD004F1C003D3E8AF3F022B37DC20469F
:105DF000FFF70EFD04460028ACD0637B072B40F074
:105E000093812046D4F8A830B5F8FC1007F11002B1
:105E100098478046002800F07581B5F8FC203B6962
:105E20009A4208D30146D4F8AC60204607F1140327
:105E300007F10C02B0473B69D7F80CA07B60B8F8BB
:105E40001030D7F81490002B3BD162494FF42473E3
:105E50005E4A5F4811F059FE4FF42471A8E704F13F
:105E6000BC03B34209D15C4940F2D633574A584883
:105E700011F04BFE40F2D6319AE7D4F8BC20C6B9F7
:105E8000D5F81811C5F814218B4201D1C5F8182195
:105E900000232046C4F8BC30D4F8B030984700281E
:105EA000ABD0637B072B40F03F812046FFF742FDDC
:105EB000A3E73260D5F81821934208BFC5F81861EE
:105EC000E6E7404613F036F848B1424940F29723DE
:105ED0003E4A3F4811F019FE40F2972168E7B5F8B5
:105EE000FC303E48002B08BF0020002200230AF0AF
:105EF00079FF60B1374940F2A723344A344811F0A2
:105F000004FE374811F001FE40F2A72150E70022BD
:105F100000232C480AF05CFE064660B92D4940F289
:105F2000B2232A4A2A4811F0F0FD2E4811F0EDFD67
:105F300040F2B2213CE7C0E901A97B68B5F8FCB0AA
:105F40005B4598F8083098BFB7F804B0013B012BC7
:105F500009D9254940F2D2231C4A1D4811F0D5FD2C
:105F600040F2D22124E7404612F0E4FF814638B1E6
:105F70001E49AC23154A164811F0C7FDAC2117E79E
:105F80000146002200230D48FBF7B0FE824658B1BF
:105F9000FBF772FE164B414603EB00135A46504680
:105FA000FCF75EFD804638BB124940F2DB23074A0E
:105FB000074811F0AAFD40F2DB21F9E6640D00204C
:105FC000A0050020CC0C0020601E0300A6190300D1
:105FD00004F30200294703006C1E0300A006002002
:105FE000871E03009C1E0300AC1E0300D41E03008A
:105FF00060310020EE1E03007B68B5F8FC2094F8A9
:10600000C4B093428CBF4FF001090BF1020384F836
:10601000C49098BF5FFA83FB04F1C009D9E8EF2F61
:106020000132C9E8E12F0029F8D104F11403314607
:1060300018467B6013F0D3F994F802A0BAF1010F6F
:1060400064D108F10C02042110467A60FCF7F6F8DE
:1060500021880BF0FD0341EA03330380B8F81030C8
:106060007A68043B43800221104612F074FE4046D9
:10607000FDF74CFB002857D07860D9E8EF2F013AA4
:10608000C9E8E12F0029F8D1314604F1140013F0DA
:10609000CCF9284A51467B68274813F0B0F94046AE
:1060A000FBF7C6FFD6E9018900233146C6E9013373
:1060B000224815F072FBB8F1000F04D06FF06D02AA
:1060C00049462046C047B5F8FC301D48002B08BFA4
:1060D00000200AF009FE6D4688B06A46194B059308
:1060E0006FF00403CDE90634042342F8103F4FF467
:1060F000015111480023F9F7B3FE1321AD462046A4
:10610000FFF7DEFD2046FFF7ABFB23E640F2FF235F
:106110000D4A0E490E4811F0F8FCA1780D4811F017
:10612000F4FC40F2FF2143E6FDF7D2FBEAE7936877
:10613000FFDE00BFA210030048DE0200CC0C0020EE
:10614000A00600201F1F0300A61903002947030013
:1061500004F30200021F030040F2E2432DE9F04184
:10616000D0F888600446B6FBF3F6031DB6B2D3E858
:10617000AF2F920413D5B0F88C20B2420FD8B0F8EC
:106180008E20B2420BD3D0E92412914207D1D3E83A
:10619000EF1F21F40051C3E8E21F002AF7D1194B89
:1061A0001D6865B155F80C7C1C3D37B13146204661
:1061B000B4F89230B4F89020B847ED69F1E7124D89
:1061C000DFF84880454519D9114940F2FC73114A5E
:1061D000114811F09AFC114811F097FC40F2FC7143
:1061E0000C4811F089FC2F6937B131462046B4F8CC
:1061F0009230B4F89020B8472035E3E7F3D3BDE8F8
:10620000F08100BF94310020D8DD020018DE0200CA
:10621000E5190300A619030004F30200D0FA0200F6
:106220002DE9F041074608460D4612F00CFF0646E0
:1062300018B900263046BDE8F0811C4B1C6884B1BB
:1062400054F8103C1C3C0BB9E469F8E72946384681
:1062500098470028EDD0284612F0F5FE0028F3D12B
:10626000E7E7134CDFF84C80444518D9124940F653
:106270003D03124A124811F048FC124811F045FC47
:1062800040F63D010D4811F037FC29463846984745
:106290000028CED0284612F0D6FE20B9C9E7C9D2D0
:1062A000E368002BF1D12034DEE700BF94310020F9
:1062B000D8DD020018DE0200E5190300A61903006C
:1062C00004F30200D0FA02002DE9F041C37804463D
:1062D0008BB900F17E06194B1D687DB11C3D04F1A0
:1062E00070076B691BB13A46314620469847ED6905
:1062F00025B11C3DF5E700F17706ECE7104D114F95
:1063000004F17008BD4216D90F4940F6C5130F4A73
:106310000F4811F0FAFB0F4811F0F7FB40F6C511DA
:106320000A4811F0E9FB6B691BB142463146204631
:1063300098472035E6E7F6D3BDE8F0819431002098
:10634000D8DD020018DE0200E5190300A6190300DB
:1063500004F30200D0FA0200F8B5437A05468372CE
:10636000164613F0B1F9154B1C684CB154F8043CB7
:106370001C3C1BB132462846697A9847E469F4E729
:106380000F4C104FBC4216D90F4940F61E230F4A3E
:106390000F4811F0BAFB0F4811F0B7FB40F61E2171
:1063A0000A4811F0A9FBA3691BB132462846697A55
:1063B00098472034E6E7F6D3F8BD00BF94310020BB
:1063C000D8DD020018DE0200E5190300A61903005B
:1063D00004F30200D0FA020038B505460C460F4817
:1063E0000121FFF76BF9C0B1057223680367A38829
:1063F000A0F87430A37980F8763001234372837259
:106400008370074BC0F8A830064BC0F8AC30064B81
:10641000C0F8B030054BC0F88C3038BD5821002092
:106420009969010031540100F3930200180028001B
:1064300070B505460A480E46FFF7EAF9044620B152
:106440008378012B04D0FFF70BFA0024204670BD9F
:106450003246294613F05BF80028F7D12046F2E7D0
:1064600058210020F0B589B000AF0D46FFF7E0FFDE
:10647000044618B329463846FBF7A2FF637B6D46F6
:10648000082B98BF0F4A8AB094BF52F823300E4BA6
:106490006A46CDE907730D4B0D4909930D4BCDE9C4
:1064A000051442F8103F00234FF442510A48F9F70F
:1064B000D7FC2046AD46FFF7D3F901202437BD466F
:1064C000F0BD00BF1CE70200F41B0300010302043F
:1064D000421F03000500000248DE0200F8B5054631
:1064E0000E480E461746FFF793F9044620B183780D
:1064F000012B03D0FFF7B4F900240DE036B132468A
:10650000294613F004F808B92046F3E7637BBB4241
:10651000FAD1237AAB42F7D12046F8BD58210020AA
:1065200070B58B780646012B0C4692B042D191F89B
:10653000703007AD032B37D8DFE803F00230323478
:106540001E492846F6F77EF9059594F871301E210C
:10655000049394F872301A4A039394F873300AA89B
:10656000029394F87430019394F87530009394F882
:10657000763010F0ABFE32460AAB10AD1C4603CCB1
:10658000AC4210605160234602F10802F6D1206847
:1065900010603046A388938012B070BD0949D0E7DF
:1065A0000949CEE70949CCE70A212846084A10F0F4
:1065B0008DFEC9E700238DF82830DCE759ED020095
:1065C0007BED020060ED020067ED020071ED02005C
:1065D000EB2E030038B5044608460D4612F033FD95
:1065E00038B3154B93F8D830990707D4E37873B1D3
:1065F00029462046BDE8384000F094BB94F8993015
:106600009A07F3D5231DD3E8AF3F5B04EED42946A8
:10661000204612F0A2FF58B92B88A4F88C306B8862
:10662000A4F88E30AB88A4F89430EB88A4F89630A8
:1066300038BD6FF01500FBE7A0050020F7B510F896
:10664000333C0446A0F140068BBB304612F0DFFF1E
:10665000394B1D684DB155F8183C1C3D1BB13046F7
:1066600014F8341C9847ED69F4E7344D344FBD42BB
:1066700016D9344940F2C573334A344811F045FA0B
:10668000334811F042FA40F2C5712F4811F034FA44
:106690006B681BB1304614F8341C98472035E6E788
:1066A000F6D3304603B0BDE8F040FFF7D9B810F894
:1066B0003E3C012B3ED1A0F13C05D5E8EF3F23F451
:1066C0000052C5E8E12F0029F7D199041FD5E36CEA
:1066D00069460093636D30460193FFF77BFF0346E5
:1066E00078B9D5E8EF3F23F48053C5E8E23F002AAC
:1066F000F7D14FF40061284603B0BDE8F04012F036
:1067000080BE144A0221144812F079FEF1E74FF4DA
:106710002813124A69463046CDE90023FFF75AFF95
:10672000034628B94FF48051284612F06AFEE0E78C
:106730000B4AE7E703B0F0BD94310020D8DD02003A
:1067400018DE0200E5190300A619030004F3020095
:10675000D0FA02007B1F030048DE02001800280068
:10676000A01F03000C4B10B91860002070471A6876
:1067700072B90269002AF7D1026832B9426822B9B7
:10678000826812B94269002AEED06FF01500704796
:106790006FF07700704700BFA431002008B568B1E2
:1067A000094B00F10C011A6822B9074812F017FED4
:1067B000104605E0914204D01268F5E76FF015002D
:1067C00008BD6FF07700FBE79C31002010B50E4844
:1067D00014F0DAFF0D490C4814F0DFFF0C490A48A9
:1067E00014F0DBFF0B49084814F0D7FF13F052FBFD
:1067F00003F064FA044628B904F06CFD044608B9B5
:1068000012F0C4FF204610BDCC0C002070310020D7
:106810007C3100208831002010B50268D2F8B430F5
:106820005BB90D490D484FF43C730D4A11F06DF9F9
:106830004FF43C710A4811F05FF9D2F8B84019687A
:10684000A34200F1440008BFC2F8B8108342C2F866
:10685000B410E6D110BD00BF9320030004F3020082
:106860005320030003460121014A024811F0A0BF52
:10687000AD20030088DE020080B500AF88B06A4614
:10688000074BCDE90530032342F8103F00234FF4B6
:10689000C2510448F9F7E4FA6FF00B00BD4680BD21
:1068A000D520030088DE020008B5064A136823B924
:1068B0000548506018460A6008BDFFF7DDFF6FF01D
:1068C0000B00F9E7A831002068E7020070B5044624
:1068D00052EA030007D1002213462046BDE870406B
:1068E0000431FFF795B90E48007870B90D4940F2B0
:1068F00046330D4A0D4811F008F90D4811F005F91D
:1069000040F24631084811F0F7F8FAF78FFE094DCA
:10691000094ED5F8885030588542DED1DBE700BFFC
:10692000063D0020D8F502009EF5020004F30200A7
:10693000EBF50200F02E00200800000073B50546BC
:1069400018462B680BB35B7B072B1ED1002A0CBFAC
:10695000012302230E7A9E4209DD01210C4A0D48D3
:10696000009611F02FFF6FF0150002B070BDCB7ACA
:10697000072BF8D9C8618A6105F1300014F00DFFCA
:10698000284612F024FE0020EFE76FF07F00ECE7CE
:10699000FC20030088DE02002DE9F84F06468846F9
:1069A0009146D0F8B44000AF3CB1443C236B5BB996
:1069B0002046FFF731FF646CF6E7FCF789FF0026FD
:1069C0003046BD46BDE8F88F04F1300A504614F059
:1069D000F9FE05460028F0D0737B072B0BD0384911
:1069E00040F2D633374A384811F08FF840F2D631AA
:1069F000344811F081F812F09DFA80B16C4688B0ED
:106A00006A46324BCDE90535032342F8103F002397
:106A10004FF4C2512E48F9F723FAA546CFE728468E
:106A2000FBF748FBA56C06469DB9A38C058A403B45
:106A30009BB23F2B03D8238D9D4228BF1D460421C6
:106A400006F10C00FBF7FAFB0580A38C04354380AC
:106A5000A56445452AD8B6F810B0AB4512D100223E
:106A6000002350460AF0B4F8864209D019494FF481
:106A70008163144A144811F048F84FF48161B7E774
:106A8000FBF7D6FAA38CA3F140023F2A06D8AB4508
:106A90001ABF00221346104AF361B2612046FFF785
:106AA000BBFE236B13B1204612F091FDA36C9845F9
:106AB0002CBF0021A3EB0801C9F80030A1647FE7D7
:106AC0001C2103005320030004F302003D210300B6
:106AD00088DE0200552103003F9702002DE9F341B3
:106AE00004464FF000083D4D3D4FBD4271D93D4930
:106AF0004FF4D3733C4A3D4811F007F83C4811F07D
:106B000004F84FF4D37110E029884B1E3E2B0FD9A7
:106B100040F2A913344A3749344810F0F6FF298867
:106B2000354810F0F2FF40F2A9112F4810F0E4FFB1
:106B3000204612F0FBFD0646019068B140F2AD130D
:106B4000294A2E49294810F0E0FF29882C4810F0E6
:106B5000DCFF40F2AD11E8E720466B6801A99847D9
:106B6000002831DB019B2A889A829A8403F1100263
:106B7000D2E8EF1FC2E8E06F0028F9D15E649E649E
:106B80009E60A16B03F1080201BBC4E90D221C60E9
:106B9000C3F80C8003F1300014F0F6FD019843684F
:106BA0001B6803B19847019B1033D3E8EF1F41F0F6
:106BB0000101C3E8E21F002AF7D101984368DB69AD
:106BC00013B100F11001984708358EE70A60A263FF
:106BD000DDE799D302B0BDE8F08100BFC0DD02005F
:106BE000D8DD0200FE2103005320030004F302005D
:106BF000D0FA02006521030094210300BF210300A5
:106C0000D321030073B50D460646042105F10C009F
:106C1000FBF752FB2B8A428804469A4207D0009227
:106C20001C4A01211C4811F0CDFD02B070BD437813
:106C30003BB90121194A184802B0BDE8704011F073
:106C4000AEBD0378012BF0D0132B06D1022AECD075
:106C5000022300931346124AE3E70221114A0E4829
:106C600011F0A6FD617802220120356812F044FD82
:106C700004460028D9D002210C30FBF7BFFA0023CC
:106C8000214603704370284602B0BDE8704012F000
:106C900063BD00BF2522030088DE020046220300F8
:106CA000672203009222030008B50B8A032B06D843
:106CB0000121044A044811F072FD002008BDFFF7CD
:106CC000A1FFFAE7BA22030088DE020038B50B8A7A
:106CD0000546032B0C4609D801210F4A0F4811F035
:106CE0005EFD2046BDE83840FBF7A2B9042104F15F
:106CF0000C00FBF7E1FA4188284612F03EFD30B95E
:106D0000074A0B460548022111F052FDE9E74368A6
:106D100021465B699847E4E7D822030088DE020039
:106D2000F522030070B5134A0C461378064601336A
:106D300013F0FF010ABF01230B46194613701220FE
:106D4000082212F0D9FC054688B108210C30FBF767
:106D500055FA22882946028062884280A288828071
:106D6000E288C2803046BDE8704012F0F5BC6FF09A
:106D70000B0070BD5D3A002023281FD81A2804D8C4
:106D8000431E182B0ED906207047A0F11B03082BB9
:106D90001ED8DFE803F0051D1B231D19251D050066
:106DA0000320704701230F4A83401A40C2B90E4A9C
:106DB0001A40002A0CBF06200120704700F07F0314
:106DC000522B05D1002070470120704705207047E5
:106DD00010F0400F14BF00200620704704207047B9
:106DE00002207047AAAA8A025455450138B50446C4
:106DF000EFF31185402383F31288BFF36F8F24488C
:106E00000CF0B8FA68B98423224A2349234810F0C9
:106E10007CFE1F49224810F078FE84211D4810F0A6
:106E20006BFE1B480CF0CAFA002323601D4B5A6806
:106E30009AB9C3E9004416480CF0AAFA80B94FF495
:106E40009973144A1849154810F05FFE1049174805
:106E500010F05BFE4FF49971E0E714605C60EAE7C4
:106E600085F31188BFF36F8F11480AF0DFFB031E13
:106E70000CDA01210F4A104811F09AFC002383F329
:106E80001188BFF36F8F0323184602DF38BD00BFA0
:106E9000FC31002042F602007EF6020004F30200FC
:106EA00093F60200F4310020A9F60200C0F60200B9
:106EB000C00900203123030038DE0200011F014811
:106EC00009F02EBB700B002008B50B4B1B7873B973
:106ED0000A4940F246330A4A0A4810F016FE0A48A8
:106EE00010F013FE40F24631054810F005FEFAF7A7
:106EF0009DFB064B185808BD063D0020D8F5020042
:106F00009EF5020004F30200EBF502000800000009
:106F100010B50446807AFAF7A7FE0B4B83420BD0DC
:106F20000A490B484FF4B5730A4A10F0EEFD4FF4CE
:106F3000B571084810F0E0FD2046FAF79DFE1822D2
:106F4000054B02FB003010BD0C0D00209823030000
:106F500004F302005A230300003200202DE9F84F09
:106F6000074608460C46FFF7D3FFE3680646D0F80D
:106F7000089007F15002D2E8AF2FD20709D40121BF
:106F8000294A2A4812F025FC6FF015052846BDE86D
:106F9000F88F228A5AB9264926484FF4DA73264ACE
:106FA00010F0B3FD4FF4DA71234810F0A5FDE2684C
:106FB00012780271002202601B78D22B0FD13B683D
:106FC0002146186813F032FC054640B101211B4AE6
:106FD000164812F0FEFB2046FBF72AF8D6E70023FE
:106FE000D4F80C80D4F814B0B4F810A01A46214696
:106FF000B760381DFFF7A2FC05460028C6D010F187
:10700000690F04D101210E4A084812F0E2FB6369BE
:10701000A8EB0B0813FA88F3E360A4F810A0C6F8F5
:1070200008903560B2E700BFC423030038DE0200D9
:10703000DE23030004F302005A23030004240300A8
:10704000172403000121024A024812F0C2BB00BF0C
:107050003A24030038DE020010B5044600F14C0368
:10706000D3E8EF1F41F00101C3E8E21F002AF7D186
:10707000201F12F045FC04F16C0004490AF0F4FBF7
:107080002068BDE8104002F05DBD00BF8D800100AA
:1070900073B50E46438D418B01328B4228BF0B46A0
:1070A0009A42054609D9022100921A481A4A11F05B
:1070B00089FB0024204602B070BD3046FFF75CFE1D
:1070C0006FF01403034113F001030ED0FFF7FCFE31
:1070D000124BD3F88830834219D0114B1B681A1A0F
:1070E00018BF4FF0FF32134600E00E4A00210E4851
:1070F000FFF7ECFB04460028DCD0FFF709FF012175
:10710000856004F10C00FBF779F80670D2E70022E5
:10711000E9E700BF38DE020057240300F02E00200C
:10712000483200201C4E0E000C0D0020F0B51D460C
:1071300003680E460039044618BF012187B018685D
:10714000174613F0A5F940B904F1500012F07DFC88
:10715000002846D0002007B0F0BD002D43D01822F3
:107160000021684615F0DFFF6FB100221321204691
:10717000FFF78EFF019030B91C4801211C4A12F024
:1071800028FB1120E7E7236829461B68284600935F
:107190000023ADF812300C9B164A0393BDF834302F
:1071A0008DF80860ADF8103001238DF814306B466F
:1071B00012F027FC9DF8143063B1002FCAD001985B
:1071C000FAF736FF2A46314620469DF8143012F071
:1071D00047FCBFE701990029BCD0204612F003FC10
:1071E000B8E71220B7E70120B5E700BF38DE02009C
:1071F0007C240300D79702002DE9F3410B8A044653
:107200000D4643B90121294A294812F0E2FA00202B
:1072100002B0BDE8F0810768012105F10C00FBF721
:107220004BF87B7B0646072BF1D154F8043C002B2E
:10723000EDD0002203781F4F043C17F832004FEACC
:10724000C208984207EBC20114D12A8A48789042BA
:1072500026D90121009316481346174A11F0B2FAB5
:1072600004234744BA78012AD1D1002BCFD0002281
:10727000317811E001320C2ADFD1104A02210C488A
:1072800011F096FA31780846FFF776FD2122C240C8
:1072900012F00102BBD10623204612F0E1FBB6E753
:1072A0004B682046294698470346DAE795240300B1
:1072B00038DE020090E70200CA240300B024030075
:1072C000F8B5104A074600230F480D4611F025FD7A
:1072D000044638B901212B460C4A0D4811F068FAD2
:1072E0002046F8BD00F10C0609213046FAF764FF8C
:1072F0002046FFF70DFE012187603046FAF77EFF3A
:107300000570EDE71C4E0E000C0D0020AD200300B3
:1073100038DE02002DE9F0410E8A0446043EF6B242
:10732000022E08468CB001D0102E64D104210C30FE
:10733000FAF7C2FF0DF1080805884788011D32469B
:10734000404611F0A2FD002857D0A5B300268FB308
:10735000AF4230D34FF42053404601A98DF804606A
:10736000ADF8063011F064FD48BB1422002107A8D7
:1073700015F0D9FE11212046FFF7A2FF0990002841
:1073800037D001210C30CDE90748FAF737FF002349
:107390000A90394603701A4A0B93284607AB12F03D
:1073A00030FBDDE909131B78FBB90846FAF740FE0C
:1073B0000A2301E03D4601232A4610210EE042F651
:1073C0000103404607A98DF81C60ADF81E3011F08E
:1073D0002FFD0028C9D010232A461946204612F056
:1073E0003FFB00200CB0BDE8F081204612F0FBFA14
:1073F000F7E71120F6E70420F4E70E20F2E700BFDC
:10740000597901002DE9FF41036804460D461868CB
:10741000012113F03DF840B904F1500012F015FBC2
:10742000A0BB122004B0BDE8F08110220021684604
:1074300015F079FE21212046FFF742FF029038B374
:107440004FF00108009405F10C072B8A012B04D89A
:107450002046029912F0C7FA18E0384611F08AFC6B
:107460006B4601460B4A06468DF80C8012F0C9FAAD
:107470009DF80C30002BE8D00298FAF7D9FD32467F
:10748000202120469DF80C3012F0EAFA0020C9E7CE
:107490001120C7E7B39C02002DE9FF4103680446B1
:1074A0000D461868012112F0F3FF40B904F15000B5
:1074B00012F0CBFAA0BB122004B0BDE8F08110227C
:1074C0000021684615F02FFE0F212046FFF7F8FE39
:1074D000029038B34FF00108009405F10C072B8A95
:1074E000012B04D82046029912F07DFA18E03846A4
:1074F00011F040FC6B4601460B4A06468DF80C80A5
:1075000012F07FFA9DF80C30002BE8D00298FAF7C1
:107510008FFD32460E2120469DF80C3012F0A0FA65
:107520000020C9E71120C7E7379D0200F0B51D46CE
:10753000036804460E4685B001211868174612F00C
:10754000A7FF38B904F1500012F07FFA50BB1220A7
:1075500005B0F0BD65B310220021684615F0E3FDCB
:1075600039462046FFF7ACFE029018B3BDF828302C
:107570002946ADF80430012328468DF80C300E4A18
:107580006B46009412F03DFA9DF80C3002995BB105
:107590000846FAF74DFD2A46314620469DF80C3044
:1075A00012F05EFA0020D3E7204612F01CFAF9E749
:1075B0000120CDE71120CBE7379D02002DE9F041F6
:1075C0000E8A0446043EF6B2022E08468CB001D064
:1075D000102E76D104210C30FAF76EFE0DF104085E
:1075E00005884788011D3246404611F04EFC0028B0
:1075F00069D085B377B3BD422DD80121606812F000
:1076000047FF064678BB42F602038DF80000694644
:107610004046ADF8023011F00BFC20B342F60303F4
:10762000404606A98DF81860ADF81A3011F000FC3C
:10763000C8B1012D03D14FF6FF739F4213D004F15F
:10764000500012F002FA002814BF002012200CB0E3
:10765000BDE8F0813D4601232A460821204612F06C
:10766000FFF90020F3E7182200210DEB020015F0CE
:107670005AFD09212046FFF723FE0890F8B10121A9
:107680000C30CDE90648FAF7B9FD002309900370E4
:107690000A2339468DF82C30284606AB0B4A12F0E7
:1076A000B0F99DF82C3008992BB10846FAF7C0FCC8
:1076B0009DF82C30D0E7204612F095F9D1E7112043
:1076C000C5E70420C3E70E20C1E700BF117A01001F
:1076D0002DE9F0430F460446062187B007F10C0060
:1076E000FAF7EAFD0588EDB1B0F80280B8F1000FB5
:1076F00017D0454516D8002382888DF800308DF8C4
:1077000004304FF42053684601A9D7F80C90ADF827
:107710000220ADF8063011F08BFB064660B10A235B
:1077200001E0454601232A460621204612F098F939
:10773000002007B0BDE8F0830146142201A83F7C79
:1077400015F0F1FC07212046FFF7BAFD0290D8B1F1
:107750000A2341468DF81530284601AB0B4ACDE986
:10776000036901948DF8147012F04BF99DF81530EF
:1077700002992BB10846FAF75BFC9DF81530D2E769
:10778000204612F030F9D3E71120D2E7FD7701004F
:107790007FB5CB6804461D888DB15E8876B1B54251
:1077A0000DD810220021684615F0BDFC05212046A9
:1077B000FFF786FD019058B9112007E035460123F7
:1077C0002A460421204612F04BF9002004B070BD77
:1077D0006B4631462846084A009412F012F9DDE95A
:1077E000011323B90846FAF723FC0A23E8E72046E9
:1077F00012F0F9F8E9E700BF499802002DE9F043DB
:1078000042F60103002591B0D2F8008006460F46EB
:1078100000680BA9D8F8049014468DF82C50ADF8E8
:107820002E3011F005FB00286DD04FF42053306846
:107830000BA98DF82C50ADF82E3011F0F9FA38B1B3
:10784000A3681BB15A88BA4200D25F80012010E0C1
:107850006168084611F0A5FFB8F82A20B8F81A3078
:107860009A4294BFC0EB0200C0EB0300032803D888
:10787000002011B0BDE8F0830846FAF733FC054656
:107880006168084611F08DFF6B8A2A8AA3EB020C0F
:107890006B69EA68D21AACEB0203B8F82AC0B8F8F0
:1078A0001A20944594BFC0EB0C00C0EB0200834249
:1078B00028BF03466BB9887AFAF7D6F9002200236D
:1078C00011F02BFA05460028D2D001466068FAF77D
:1078D0004FFC002300933146D6F80480102348461D
:1078E00002AAC047061E0EDB227CE068964227D023
:1078F00001460BA811F0C9FA40B9237C134A0221B2
:10790000134810F055FF0023A3609FE7F2B202A9CD
:1079100006A811F0BAFA10B90E4A3346EFE706A9E5
:107920000BA811F085FA0028EDD10023042163741F
:1079300005F10C00FAF762FCA0600780A36884E7F9
:10794000324602A915F0FEFBEDE700BFE924030073
:1079500038DE0200082503002DE9FF414FF0000842
:107960004FF4205305460E46006802A914461768D6
:107970008DF80880ADF80A3011F05AFAA0B142F63D
:107980000103286803A98DF80C80ADF80E3011F0C2
:107990004FFA48B123691BB15A88B24200D25E80C7
:1079A000012004B0BDE8F0816168286811F040FA58
:1079B00010B100232361F3E7E368A0681A786AB185
:1079C000B7F81AC0798D038A8C4594BFC3EB0C03BA
:1079D000C3EB0103934201DA0020E2E704210C30FB
:1079E000FAF70CFC20610680236929465E80074B6C
:1079F0000194009338460023A26812F0D1F80028C1
:107A0000EADB2069003818BF0120CAE76999020043
:107A10002DE9F34717680546894600685168144602
:107A2000D7F804A011F004FA804600284BD1952223
:107A30002946504612F0BAFC0646207540B1E3686C
:107A40001B780BB184F81480002002B0BDE8F087E9
:107A50002946504612F056FD10B908232375F3E766
:107A6000A0682675FAF73EFB02210C30FAF7C6FB38
:107A7000164B2061A0F800900093019433462946EC
:107A80003846A26812F08CF8002807DA10F1FF0FD0
:107A900032BF0E204042C0B22075D5E72369002BCB
:107AA000D2D0A06811F07DFE7B8D7A8B9A4294BF74
:107AB000C0EB0200C0EB0300E3681B78984294BF60
:107AC00000200120C1E70120BFE700BFB3970200FB
:107AD0002DE9F04182B000AF044688460022002321
:107AE00039463A4808F090FC0546B0B16D4688B07A
:107AF0006A46374BCDE90534032342F8103F002393
:107B00004FF4C2513348F8F7ABF9AD466FF00B06AE
:107B100030460837BD46BDE8F081FFF7D5F92E4B5A
:107B2000282218602946386815F0FDFA3B680022C3
:107B30001C603C680023C4E90155C4E90855274886
:107B4000391D7D6008F060FC064688B123686C46EC
:107B500088B06A462249CDE90513032342F8103F55
:107B60004FF4C4512B461B48F8F77AF9A546CDE7E8
:107B70000146A822786815F0D6FA7868194B836018
:107B8000583013F001FE7B685033D3E8EF2FC3E881
:107B9000E16F0029F9D17B681C60236A7D681BB9FD
:107BA00004F10C0013F0F0FD226A05F1A003C5F802
:107BB000A020626A236202B9636217227B685A8539
:107BC0005A830433C8F80030A2E700BF500B0020EE
:107BD0002725030038DE020048320020700B002009
:107BE0004C2503009809002008B5437B072B06D0DD
:107BF00002210C4A0C4811F0ECFD002008BD0421C4
:107C000011F0BBFD10B9094A0121F3E700F14C0363
:107C1000D3E8AF3FDB0701D4054AF5E750F8040C81
:107C2000ECE700BF7125030038DE02007F2503006A
:107C3000C42303002DE9F04F85B000AFB860EFF327
:107C40001188402383F31288BFF36F8F6D480BF0C8
:107C500091FB68B984236C4A6C496D480FF055FF5D
:107C600068496C480FF051FF842167480FF044FFCA
:107C7000694D64480BF0A2FB284611F088FD0446CC
:107C800060482E680BF084FB68B94FF499735E4A24
:107C900062495F480FF039FF5A4961480FF035FFDC
:107CA0004FF49971E1E788F31188BFF36F8F002CCF
:107CB0005CD02046FFF72CF903690021D0E9025877
:107CC0001822FB60D0F800A090F80490B0F806B03D
:107CD00015F029FAA07AF9F7C7FF6169034659B18F
:107CE000627AD00706D45A6A204612687B6092688E
:107CF00090477B68002262612146184613F058FDC8
:107D0000B9F1000F0DD065B12B6853B11B6843B1B9
:107D1000BAF1000F2ED001215346424A424810F0DA
:107D200047FD1EB30020B96813F0B1FD00281DDA2D
:107D30006C468AB06A463D4B05933D4BCDE9063013
:107D40004FF40073ADF820303A4B42F8103F002357
:107D50004FF411513448F8F783F80023A54683F314
:107D60001188BFF36F8F0323184602DF1437BD4617
:107D7000BDE8F08F281D12F00EF84846FEF7FCFF14
:107D8000012101FA00F010F01404CAD110F0090F1B
:107D900005F1500315D110F0220F23D0D3E8AF3FE7
:107DA000DA0704D4244A204811F013FDB9E76B6DBB
:107DB000002BB6D00023214A05F1700009F08CFE9B
:107DC000AFE72A681568D3E8AF3FDB07EAD5B8F11B
:107DD000000FA6D0A3B29B45A3D92846F968C04797
:107DE0000134F7E740F21633154A164908480FF0F8
:107DF0008CFE062114480FF088FE40F21631104820
:107E000034E700BFFC31002042F602007EF602009B
:107E100004F3020093F60200F4310020A9F60200F8
:107E2000C0F602009A25030038DE0200D2250300C6
:107E3000B757030004000001C42303001C4E0E00CA
:107E40005A23030029470300B9250300F8B50F465C
:107E50001646FFF7C9FEB0B1046A20461CB150F8BF
:107E6000A04904B1A03C731C194638B1428B458D22
:107E7000AA4228BF2A469A4207D264B902210A4A76
:107E80000A4810F095FC0020F8BD32463946BDE89E
:107E9000F840FFF7FDB8D4F8A05005B1A03D20464A
:107EA0000B462C46E2E700BFED25030038DE02005A
:107EB000002337B5054601930C46FFF705F80E4B36
:107EC0001B68834204D00D4BD3F88830834201D124
:107ED00000252C4601A92A462346094808F094FAB1
:107EE000014630B91C22019815F01DF9019803B024
:107EF00030BD0020FBE700BF48320020F02E0020FC
:107F0000900B002010B50446806818B1FAF790F87D
:107F10000023A3602146BDE81040014808F000BBE3
:107F2000900B00202DE9F743044670300F46904631
:107F30001E4609F0D7FD606D50B90221144A15485C
:107F400011F047FC204603B0BDE8F04300F086B8CE
:107F5000114B98424FF0000317D045684360606DA5
:107F6000D0F81890FFF7CEFF00232068636511F06A
:107F700043FF3DB12068CDF8009043463A46314674
:107F80000068A84703B0BDE8F0831D46ECE700BFDA
:107F90000826030038DE02004C320020F7B550F806
:107FA000044C0546002C55D000F19C0104F1200042
:107FB00011F032FD2E1F05F1540700220023384630
:107FC00008F006FE024658BB2B6D2BB101466FF040
:107FD00067033046FFF7A6FF002345F8043C05F190
:107FE0004C03D3E8EF1F21F00101C3E8E21F002A90
:107FF000F7D1236A73BB04F10C060022002330463C
:1080000008F0E6FD78B9666886B921461248266010
:1080100008F086FA286803B0BDE8F04001F012BE0F
:10802000FAF706F8C9E7FAF703F8E6E7A268336853
:108030009642636008BFA36077683FB1B3696FF091
:1080400067010093002320681A46B8473046FFF7BF
:1080500059FFD8E703B0F0BD500B002010B504461F
:108060000430FFF79BFF13216068FDF729FE0346EC
:1080700030B1BDE810400121024A034810F098BB1E
:1080800010BD00BF1F26030038DE0200F0B589B026
:10809000044654F8703D00AF38461968FEF740FAC0
:1080A0006E4688B06A460B4BCDE905374FF4007336
:1080B000ADF81C30084B42F8103F00234FF4E2515A
:1080C0000648F7F7CDFE2046B546FFF7C7FF243731
:1080D000BD46F0BD3D2603000300000138DE02006E
:1080E00070B550F8043C0446061F002B3BD039B154
:1080F000036D002B37D01B7CDA0734D505231CE039
:108100000568284601F086FD6B7A012B2BD0246D83
:108110004CB3237CDB0726D5E368002BEED030463A
:108120006269617CFEF7B4FF054668B9637C012192
:108130000D4A0E4810F03CFB0E2300223046BDE8ED
:1081400070401146FFF7EEBEE368D4E90512984788
:1081500018B12846F9F76CFFEEE729463046FEF7DE
:10816000FDFE0028F5D170BD6926030038DE02004F
:1081700070B50D4658B9224940F6CA73214A2248C3
:108180000FF0C3FC40F6CA711E480FF0B5FC49B9A8
:108190001E4940F6CB731B4A1B480FF0B6FC40F655
:1081A000CB71F1E7FFF720FD044628B92846F9F71F
:1081B0003FFF6FF07F0070BD00F10C06294630468E
:1081C00013F0EBFA246AC4B154F8A05905B1A03DEC
:1081D0000022104607E022467DB1D5F8A03003B159
:1081E000A03B2C461D46831C01D1002AF4D1314608
:1081F000204611F07CFC0028EDD10020DBE700BF19
:10820000671E03005A23030004F30200420E03001A
:1082100038B50C46054658B9184940F6DF73184A78
:1082200018480FF072FC40F6DF7115480FF064FC3F
:1082300049B915494FF47E63114A12480FF065FCA5
:108240004FF47E61F1E70AF0D1FA2846FFF7CCFC43
:1082500020B90AF03DFB6FF07F0038BD002323609A
:1082600083683BB9C0E9014411F0C6FD0AF030FB58
:108270000020F2E71C608460F6E700BF671E030081
:108280005A23030004F302008926030008B513F003
:108290001AFE38B101210346034A044811F052FE88
:1082A0006FF0040008BD00BF9426030068DE0200E2
:1082B00010B51846144607491022A047041E07DAD5
:1082C00001212346044A054811F03CFE204610BD1A
:1082D0000024FBE780220020AA26030068DE0200BB
:1082E00070B50D4C064623780D46834204D12846CE
:1082F000611C11F07FFE58B9237CB3420AD1284695
:10830000064911F077FE10B1012004EB001070BD9A
:108310000020FAE70020FAE78032002091320020A6
:1083200070B50D4C064623780D46834204D128468D
:10833000611C11F05FFE58B9237BB3420AD1284675
:10834000064911F057FE0028054808BF002070BDFF
:108350002046FCE70020FAE72822002035220020F2
:108360003422002070B50E4C054623780E46834219
:1083700003D1601C11F03EFE68B9237BAB420CD1E7
:108380003146084811F036FE20B10120404200F08D
:108390000C00204470BD0020F8E70020FAE700BF81
:1083A0000A3900201739002070B5204B1446826826
:1083B0009A420FD1A568C66875B9227930462168FE
:1083C00011F020FE024628B11949013011F03FFE9C
:1083D00015701581012070BDE0680028FBD02B8846
:1083E0008B420AD0F6D2E068A36801380433E0601B
:1083F000003818BF0120A360EDE7256822792946DF
:10840000304611F0FFFD024660B93046084911F0D0
:10841000F9FD02460028E6D02946013011F017FE8A
:1084200023791370A3685B881381DCE7518901000D
:108430000F570300102110B50648FAF773F90346E9
:1084400030B1BDE810400121034A044811F07ABD63
:1084500010BD00BF70220020CB26030068DE0200A2
:1084600038B5054648B1154B1A4613F8011C5C1E79
:1084700011F04DF858B1204606E011490F4811F0AF
:10848000B9FD78B10D4B581E38BD0020FCE72846D9
:10849000217C04F1110211F03AF80028F5D004F122
:1084A0001000F1E7054B064903F1100011F0A2FDA1
:1084B0000028EAD0014B03F10F00E5E781320020EC
:1084C0000F57030010B54A1C0C4628B1097811F06B
:1084D0001EF830B1204610BD1046034911F08AFD48
:1084E000F7E70020F7E700BF0F5703002DE9F0473B
:1084F00007468946904610F0C8FD00283ED0494600
:108500003846FFF70DFF0546C0B91D4811F0A6FD1E
:108510001C4E044608B306F1140011F09FFDF0B99B
:10852000012406F10C05604200F00C0001304946C0
:10853000304411F08CFD0C235C433755012105F1CB
:10854000080001FA08F111F06CFDBDE8F04747F6AC
:10855000122200230C4809F0BFBA3546E3E70B4965
:1085600040F22A530A4A0B480FF0CFFA0A480FF09C
:10857000CCFA40F22A5106480FF0BEFABDE8F08767
:108580003022002028220020402200203027030033
:10859000F126030004F302004227030002460146CD
:1085A00010B5042311F8010B0832FAF789F80346D5
:1085B00030B1BDE810400121024A034811F0C2BCAD
:1085C00010BD00BF6127030068DE02002DE9F04105
:1085D00080460F4616461D46FFF7C4FE044680B986
:1085E0001749FFF7BFFE044630B9BDE8F04101214D
:1085F000144A154811F035BD394600F8018B11F0C9
:1086000026FD238973B9628972B926816581214665
:1086100011F8010B10F039FD80B12046BDE8F041A2
:10862000FFF7BCBF9E4204D36289AA4206D29E4293
:10863000ECD263892681AB42E9D2E7E7BDE8F0815D
:108640000F5703007D27030068DE020008B50121F3
:10865000024A034811F005FD002008BD9C270300D5
:1086600068DE020038B514460E4B82680D469A4209
:1086700015D122792168C06811F0C4FC78B1D4F812
:10868000C8302F2B03D9FFF7E1FF002038BD04EBE2
:1086900083021581018901335181C4F8C83001205A
:1086A000F4E700BF5189010008B50121034A0448DD
:1086B00011F0D7FC6FF0150008BD00BFF0270300D4
:1086C00068DE020038B51546084B82689A420AD126
:1086D000C46829680134204611F08CFC18B120468A
:1086E000696811F0B4FC012038BD00BF5189010058
:1086F00008B513468168074A914209D11A79196869
:10870000C06811F07FFC18B100230360436003814F
:10871000012008BD5189010040F2391200230148AF
:1087200009F0DAB90023002008B50421084811F047
:1087300078FC6FF00201064811F07EFC044811F04D
:108740008DFCC30701D5FFF7E7FF002008BD00BF80
:1087500030230020024608B50749013011F077FCAC
:1087600000230C3202F8043CD2E8EF1FC2E8E03FDD
:108770000028F9D108BD00BF0F57030010B5FFF75F
:10878000F1FD044678B1014611F8010BF9F7A6FF97
:10879000034620B10121044A044811F0D3FB002311
:1087A00023606360A36010BDFC27030068DE020045
:1087B0002DE9F04385B00E4690469946044600AF39
:1087C00058B90121344A354811F04BFC6FF01505BA
:1087D00028461437BD46BDE8F08307F1080110F0C4
:1087E00001FB0546A0B16D4688B06A462C4BCDE929
:1087F00005344FF40073ADF81C302A4B42F8103F9B
:1088000000234FF4E2512548F7F72AFBAD46DDE798
:108810002046391D10F0DCF8786858B10A22294644
:108820000EF07EFD034628B101211F4A1B4811F0BE
:1088300089FBCBE7002007F10801FFF793FD044611
:1088400020BB002EC4D01949FFF78CFD044638B96F
:108850000121174A114811F004FC6FF00B05B7E72E
:10886000002307F1080100F8013B11F0F0FB04F1CF
:10887000080104224846C047041EA9DA0121234604
:108880000C4A064811F05EFB2546A1E7002EEED10A
:108890000660466086609BE71A08030068DE0200F7
:1088A0001928030003000001352803000F570300B7
:1088B00050280300AA2603002DE9F041214B15465C
:1088C000826807469A4202D1C4686389E3B90120ED
:1088D000BDE8F08105F170084146287A10F0D5FB1B
:1088E00068B9194B9C4202D1284611F038FC304639
:1088F000164911F0ACFB00232370238119E0414697
:10890000304611F0A4FB14E0238993B1264616F8F3
:10891000011B2846324610F0FAFD0028DAD1314614
:108920002078FDF785FD20B1457BFCF799FF072DE9
:10893000CDD00021E3686181002BC8D0384698472C
:10894000C5E700BF51890100F80900200F57030057
:108950002DE9F0471F46BDF8203006468846D1F87D
:108960000C90002B4ED17B1E012B4ED8012F494677
:108970000CBF15781588FFF7A5FD0446B8B915B9E1
:108980003846BDE8F0874946FFF79CFD044638B9F4
:108990001F4802211F4A11F064FB6FF01000F0E73E
:1089A00006F17001013011F052FB337A2370D9F8CF
:1089B0001030DBB9B4F808A02581B9F80A30AB4211
:1089C00003D04946404611F04EFBAA4505D000228F
:1089D000307A06F17001FFF789FD002DD0D10E49E4
:1089E000601C11F034FB25702581C9E72A464146F9
:1089F000304698470028C4DB01380128DAD96FF0E7
:108A00000D00BEE76FF00600BBE76FF00C00B8E7A3
:108A100068DE0200722803000F57030008B5012129
:108A2000114811F0FEFA10F0010F104B0AD1104A54
:108A30009A610D4811F012FB830713D4BDE808407A
:108A4000FFF76ABE1A8B588B012A4FF6FF7205D8C2
:108A5000904207D04FF6FF725A83EAE7904219839B
:108A6000E7D0F7E708BD00BF30230020E022002058
:108A70000100FFFF2DE9F0419846BDF81830064689
:108A8000012B174636D84344012B454635DCFFF70A
:108A9000E7FC044668B9FFF7E3FC044648B9022145
:108AA000194A1A4811F0DDFA6FF010052846BDE8A2
:108AB000F081B8F1000F11D00023217A21FA03F2DE
:108AC000D00703D53A78DA40D20719D50133032B02
:108AD000F4D13B7803F007031943217206F17001CA
:108AE000601C11F0B4FA337A01212046237011F092
:108AF0006CFBDBE76FF00605D8E76FF00C05D5E7F8
:108B00006FF01205D2E700BF8C28030068DE020078
:108B100010B56FF0020104460E4811F08DFA0D48B1
:108B200011F09CFAC20704D5002200230A4808F07D
:108B3000D3FF204611F0B8F958B12046FFF790FC5A
:108B400038B1037ADB0704D5BDE81040012111F0EC
:108B50003CBB10BD30230020002300202DE9F04352
:108B600085B0894616469846044600AF58B901219B
:108B7000414A424811F075FA6FF01505284614373E
:108B8000BD46BDE8F08307F1080110F02BF905465A
:108B9000A0B16D4688B06A46394BCDE905344FF433
:108BA0000073ADF81C30374B42F8103F00234FF4F0
:108BB000E2513248F7F754F9AD46DDE72046391D5A
:108BC0000FF006FF786858B10A2229460EF0A8FB7C
:108BD000034628B101212C4A284811F0B3F9CBE70C
:108BE000002007F10801FFF77BFB044690B9FFF76F
:108BF00037FC044638B90121244A204811F031FAE3
:108C00006FF00B05BAE7002307F1080100F8013BFC
:108C100011F01DFAB9F1000F2AD002223946404660
:108C2000B047061E07DA01213346194A134811F0EE
:108C300089F93546A2E73B78022E237209D002213A
:108C4000144A0E4811F00DFA0021204611F0BDFA29
:108C500094E77B78012B05D90F4A3146074811F07C
:108C600071F9F1E7204603F0010111F09EFA85E762
:108C70002046FFF76FFD81E71A08030068DE020057
:108C8000192803000300000135280300B828030059
:108C9000AA260300DA2803002E29030037B504466C
:108CA0000D46FFF71DFB0246D0B1037A0C308DF85C
:108CB000043011F0D3F910F0010318BF01238DF82F
:108CC0000530022301AA29462046F9F70FFD034685
:108CD00020B10121034A044811F034F903B030BD3A
:108CE0000346F0E77F29030068DE0200104908B55B
:108CF000104811F07FF9014640B90E4B581E11F093
:108D000054FA0C4911F8010CFFF7C8FF08490A484A
:108D100011F070F9014650B9084811F046FA084BB5
:108D2000187C03F11101BDE80840FFF7B7BF08BD8B
:108D30000F57030081320020913200209032002032
:108D400080320020012110B5234811F06AF9C307D1
:108D500040D40221204811F064F908401FD11F4976
:108D60001F4A0B881F4CA24216D900B10B801E4926
:108D700040F26B531D4A1E480EF0C7FE1D480EF010
:108D8000C4FE40F26B5119480EF0B6FE506808322E
:108D900003449BB20120E6E7F8D300B10B801649EB
:108DA000164808F061FD40F2391200231348F9F724
:108DB0003BFD1349134808F057FD0221124811F0FA
:108DC00030F91248124908F04FFDBDE81040114833
:108DD000FDF7E4BC10BD00BFA03200202239002006
:108DE00018DE020030DE0200AF290300F126030086
:108DF00004F30200D0FA0200FDA20200902200203B
:108E00005197010000230020302300204022002041
:108E10008DA30200D009002003462DE9F04198B34C
:108E2000008A88BB01244FF0140C1949DFF864E074
:108E3000714528D9184940F2E763184A18480EF0DE
:108E400064FE18480EF061FE40F2E76113480EF030
:108E500053FED1E90076BB4204D30CFB0672143AF0
:108E600093420ED93444A2B214460831E0E70CFB19
:108E7000057843450AD001356219B54292B2F6D160
:108E8000F2E70025F8E7E4D3BDE8F0811046FBE700
:108E900018DE020030DE0200A8290300F1260300DC
:108EA00004F30200D0FA02002DE9F74F99464FF67D
:108EB000FF73BDF830500746002D08BF1D462B4BF1
:108EC00090461B880091834232D203B0BDE8F08FF8
:108ED0004046895801930FF0ABFF019B90B10134DC
:108EE0000AF1010AA4B2736853452CD9009B9C4235
:108EF000EBD8BC42F3D30BFB0AF231688B18B8F104
:108F0000000FE5D1B9F1000F0BD1013D1846ADB20C
:108F100021460E9A0D9B9847002DD6D00028DED111
:108F2000D3E7DA689145DAD1EFE74FF0000ADAE7E4
:108F300001244FF0140B0E4E06E0C6D27368234492
:108F4000BB42F2D29CB208360A4B9E42F5D90A497E
:108F500040F2AF73094A0A480EF0D7FD09480EF0F7
:108F6000D4FD40F2AF7105480EF0C6FD2239002055
:108F700018DE020030DE0200A8290300F1260300FB
:108F800004F30200D0FA020030B5F1B01022002143
:108F9000684614F0C8F81822002105A814F0C3F898
:108FA0004FF41053ADF8103080231022ADF812307A
:108FB0004FF48063244C6946CDE906340DEB020082
:108FC0006EAB0BF0BDFB0BAD034630B11F4A012168
:108FD0001F4810F0B7FF71B030BD01464FF4C672A4
:108FE000284614F0A0F822462846D5F88C1112F035
:108FF00067FF034608B1174AE9E72B464FF6FF71B2
:109000000120154A11F06FF910222846134904ABCC
:1090100012F06BFF0446D5F88C010BF045FB14B140
:109020000F4A2346D3E721460C4B03F11002187870
:1090300012F8014D0131082903F8014B1070F6D1E7
:10904000084810F0EEFFC6E70002C003D72903006E
:1090500068DE0200002A0300499F020070220020FF
:109060001E2A0300302300202DE9F0411849044650
:10907000A1F1300015461E46BDF8187008F08EFDAF
:10908000144810F0EBFF010705D4FFF77DFFFFF751
:109090002DFEFFF7CFF92046FFF7E2F968B1037A1A
:1090A000DA070AD500F10C04204610F0D7FFC307F9
:1090B00003D40221204610F0B4FF10233A46069351
:1090C00031462846BDE8F041034B10F0E4BF00BF35
:1090D000C0220020302300207022002010B51A4842
:1090E00010F0BCFFC0F3C00080F0010408B9FFF726
:1090F0004BFF154810F0B2FF0346134810F0AEFFC7
:10910000DA061FD5830606D5E4B1FFF7EFFDBDE80B
:109110001040FFF78FB920210B4810F082FF10227A
:109120000A49881814F00EF848B9094808F0DAFC22
:10913000BDE810406FF00101034810F07DBFFFF75C
:109140006DFCE2E710BD00BF30230020702200203C
:109150000023002008B51021034810F062FFFFF73C
:10916000BDFF002008BD00BF302300202DE9F04FD7
:10917000B9B000AF0C46904638493A46D7F80801D6
:1091800099460FF001FC40B9FFF78EFA6FF0150514
:109190002846E437BD46BDE8F08F3E68391D3046AD
:1091A0000FF016FC3EB901212D4A2E4810F059FF50
:1091B0006FF015043FE0786800BB4FF0000B07F13B
:1091C000080A5146304687F814B00FF00BFE0546EA
:1091D00008B36C4688B06A46234BCDE905364FF498
:1091E0000073ADF81C30214B42F8103F4FF4E251B0
:1091F0005B461C48F6F734FEA546D9E70A22002153
:109200000EF08EF803460028D7D00121184A1548E1
:1092100010F098FECCE7C7F810A0E4B1C022484691
:1092200007F12001C047041E07DA01212346114A35
:109230000C4810F087FE2546AAE7A40807F1200392
:10924000C7E906344FF6FF7101200B4A07F11003FE
:1092500011F049F89CE72346F2E700BF342A0300E7
:109260001A08030068DE0200192803000300000149
:1092700035280300AA260300A9830100002330B586
:10928000B5B001918DF808003393044601AB0D464B
:1092900001204FF6FF710B4A11F025F8339B73B193
:1092A0009B0003AA29462046F9F72EFA034620B16F
:1092B0000121054A054810F045FE35B030BD1A467B
:1092C000F0E700BF658601003B2A030068DE02006C
:1092D0002DE9F34100F17008CDE9001204460F4674
:1092E000007A414616460FF0D0FE05466B464FF613
:1092F000FF7101200C4A10F0F6FF1DB14146207AA3
:10930000FFF7BCFF3946207AFEF7EAFF40B131464D
:10931000013010F09CFE1DB14146207AFFF7BEFCE3
:1093200002B0BDE8F08100BFC5860100002307B58B
:109330000193FFF771FD411C89B20846034A01AB56
:1093400010F0D1FF019803B05DF804FB059F020007
:109350002DE9F04387B00C461546804602AF70B940
:10936000744940F60E53744A74480EF0CEFB7448AC
:109370000EF0CBFB40F60E516F480EF0BDFB61B90D
:10938000704940F60F536C4A6C480EF0BEFB6C48B7
:109390000EF0BBFB40F60F51EEE7437B072B40F08E
:1093A000C38000233B7342F60303206807F10C01DE
:1093B000FB810FF03DFD0646002843D1D4F8049010
:1093C000B9F1000F05D101215F4A604810F049FE54
:1093D000AAE001232146009007F10802C847031EB6
:1093E00011DA6D4688B002AAD36104235849C2E954
:1093F000051442F8103F4FF4015133465348F6F735
:109400002FFDAD4690E0012B05D00121514A4F4878
:1094100010F098FD88E03B7A13F0300F00F0848064
:109420002046FFF783FF044660B9464940F62D53B6
:10943000414A42480EF069FB47480EF066FB40F691
:109440002D5199E7002320683B7342F6021307F180
:109450000C01FB810FF0ECFC88B12046FFF766FFA2
:10946000044660B9374940F63353334A33480EF067
:109470004CFB39480EF049FB40F633517CE700269F
:1094800042F60219206839463E70A7F802900FF0A4
:10949000CFFC18BB002320683B7342F6021307F190
:1094A0000C01FB810FF0C4FC064600283CD1D4F827
:1094B0000490B9F1000F86D0022300902146404667
:1094C00007F10C02C847031E8BDB022B9DD1BB8921
:1094D00005EA0300003818BF012026E042F6030326
:1094E0002068391D3E71FB800FF0A2FC0028D1D00E
:1094F0004FF42053206807F108013E727B810FF082
:1095000097FC0028C6D042F60103206807F10C0141
:109510003E73FB810FF08CFC0028BBD02046FFF788
:1095200005FF04460028ADD100201437BD46BDE834
:10953000F08300BF671E0300F126030004F302005E
:10954000592A03006E2A0300732A030068DE020012
:10955000872A0300AD2A0300C62A03002DE9F84339
:109560001546894694226968064610F01FFF80461A
:10957000002841D1022230466968FFF7E9FE002841
:109580003DD000211F48AF8AFEF792FC0237044607
:1095900080B11D211C4B47613A464174C0F80C80D4
:1095A000436085613046FEF751FC074638B92046D6
:1095B000FEF7A8FC6FF00B052846BDE8F8830123F1
:1095C0004246414610F092FCA98A07F10C00023194
:1095D000F8F714FE20F8029BAA8A296913F07DFD92
:1095E00021463046A760FEF713FE05460028E3D06B
:1095F0002046FEF787FCDFE74FF0FF35DCE76FF032
:109600001505D9E71C4E0E000B9F020030B505462C
:109610000C468BB071B9464940F6B333454A4648CB
:109620000EF073FA45480EF070FA40F6B331414837
:109630000EF062FA4B6873B90B6863B9404940F6A3
:10964000B4333C4A3C480EF060FA3C480EF05DFAF8
:1096500040F6B431EBE73B4810F000FD420761D51E
:1096600015B16B7B072B60D160680590FFF7D4FBC9
:109670002268ADF818003AB305A9029132490023D7
:109680000191012100914FF6FF710593FFF70CFC4A
:10969000059B1BB96FF001000BB030BD6360059BEB
:1096A00004A9186800238DF8103042F60303ADF8C2
:1096B00012300FF0BDFB70B90598C3689B799B060B
:1096C00005D46FF01500E7E70028E8D1E2E710F0D5
:1096D000C3FDADF81800BDF818003DB101230146E7
:1096E00022462846A375FFF739FFD5E76FF07F03C1
:1096F00007930223ADF8203042F60213ADF8123082
:1097000005ABA5750293114B4FF6FF710193012331
:1097100004AA00932B4609948DF81050FFF7C4FB60
:109720000798B9E76FF00A00B6E76FF07F00B3E77C
:10973000DC2A0300F126030004F30200E32A0300FD
:10974000F92A030074060020399F0200399A0100AB
:10975000F7B500F130050446A0F12007284610F0C7
:109760007DFC8307C0F340060ED5194940F2BA4389
:10977000184A19480EF0C9F918480EF0C6F940F217
:10978000BA4114480EF0B8F954F8083C6FF00101E2
:109790002846019310F050FC114B394644F81C3C0C
:1097A000104B304644F8183C01AB44F8103C0423FD
:1097B00024F8086C24F8066C24F80C3CFFF726FF0C
:1097C00018B90221284610F02CFC03B0F0BD00BFF0
:1097D000162B0300F126030004F30200472B0300BD
:1097E0002CE80200118B01002DE9F84316463A4B94
:1097F000826805469A4200AF24D1D0F80C803468C4
:10980000B8F80830F3B14246204612F8011B0FF0B9
:109810007EFEB8B14FF495722946204610F0C6FD81
:1098200028B3032812D16C4688B06A462B4BCDE989
:10983000053542F8100F00234FF4C4512848F6F7BD
:109840000FFBA5460120BD46BDE8F883052820464C
:109850000CBF4FF003094FF002090FF052FE814593
:1098600005D933794B45EDD286F80490EAE74146B5
:10987000284610F0F8FB1B4B9845E3D1207A04F101
:109880007001FEF76FFD05460028DBD0038913B990
:109890004389002BD6D02046FCF78AF92A89124B3F
:1098A000124923F820206A8903EB80035A8018228A
:1098B00002FB00110B6104230D4A20464A600D4A49
:1098C0008B828A60FFF7A2FE0028BBD001210A4AE2
:1098D000034810F0C6FBB5E751890100622B030075
:1098E00068DE0200F80900200639002068320020F6
:1098F0002CE80200E7A10200762B030030B50546F4
:109900000C468BB071B9444940F6D223434A4448CF
:109910000EF0FBF843480EF0F8F840F6D2213F482D
:109920000EF0EAF84B6873B90B6863B93E4940F62C
:10993000D3233A4A3A480EF0E8F83A480EF0E5F8F0
:1099400040F6D321EBE7394810F088FB42075DD59C
:1099500015B16B7B072B5CD160680590FFF75CFA53
:109960002268ADF818003AB305A9029130490023E6
:109970000191012100914FF6FF710593FFF794FAD1
:10998000059B1BB96FF001000BB030BD6360059BF8
:1099900004A9186800238DF8103042F60303ADF8CF
:1099A00012300FF045FA70B90598C3689B79DB0651
:1099B00005D46FF01500E7E70028E8D1E2E710F0E2
:1099C0004BFCADF81800BDF818002DB10146224639
:1099D000284610F026FDD7E76FF07F0342F602120B
:1099E00007930123ADF8122005AA0292114AADF89F
:1099F0002030CDE900324FF6FF712B4604AA0994BE
:109A00008DF81050FFF750FA0798BDE76FF00A0085
:109A1000BAE76FF07F00B7E7DC2A0300F126030006
:109A200004F30200E32A0300F92A0300740600206D
:109A3000399F0200399A01002DE9F0413D4B15464E
:109A4000826807469A4203D001273846BDE8F08174
:109A5000D0F80C80384B984512D0B8F80820AB8964
:109A60009A42F1D1414611F8010BFCF7E1FC0646A0
:109A70000028E9D0437B072B24D0FBF7F1FEE3E776
:109A800000262E4C20462E4910F0B4FA78B9072251
:109A9000214614F8010CFCF721FD80B92B69214601
:109AA0001A6914F8010C53881288FEF78FFD731C95
:109AB000022B4FF0010604F10C04E3D1CDE7FBF7D4
:109AC000CFFEF4E7D8F8143023B13946984708B9E7
:109AD0003046D2E739469422304610F067FC0746FC
:109AE0000028F5D1AB89022B15D1B8F808309A07B8
:109AF0001ED530462A69A988FFF730FD044618B9FB
:109B00002A69937D013393753046FBF7A9FE002C3B
:109B1000AC609ADB98E7012B0AD1B8F80830DB0774
:109B200006D530462A69A98810F07BFC0446EBE78D
:109B30003C46E9E751890100F80900200B39002073
:109B40000F570300012370B500F170058EB0044675
:109B500003902946007A8DF810300FF096FA90B1F4
:109B6000227A52B302AE042130460EF0DCF80096A1
:109B70002421134A2B4605A8F8F7E4FC05AA104651
:109B80001049F6F739FD4FF6FF7101200E4A03AB7D
:109B900010F0A9FB20460FF0B4FC9DF8101088428D
:109BA00009D220460FF07CFC034620B10221074A6F
:109BB000074810F0C7F90EB070BD0092D8E700BF9B
:109BC000372A03006D910100E9970100932B0300F0
:109BD00068DE02002DE9F0410D4B06461B680F467A
:109BE000904623B153F8044904B1043C0BB9BDE8D5
:109BF000F0811B681BB142463946304698472CB16C
:109C0000656805B1043D23462C46EFE72546FAE793
:109C1000A432002013B50446009001204FF6FF71D6
:109C20006B46074A8DF8040010F05DFB00212046CA
:109C300010F02EFC08B9FEF7F1FE02B010BD00BF17
:109C4000E997010073B5044603464FF6FF71012002
:109C5000184A04F1700610F046FB3146207A10F0E5
:109C60005FFB3146207A0FF010FA50B1237A4FF69D
:109C7000FF718DF8043001206B460F4A009610F0FA
:109C800032FB2046FEF7ECFB054688B13146207AD0
:109C90000FF0FBF928B9284602B0BDE87040FEF786
:109CA00059BD3146681C02B0BDE8704010F0CFB914
:109CB00002B070BDB9880100F18601007FB54FF494
:109CC00020520023ADF8162004AA02920A4A01206D
:109CD000CDE900324FF6FF7105AA04938DF81430D8
:109CE000FFF7E2F8049B012B14BF6FF01500002072
:109CF00007B05DF804FB00BF0DA50200014608B5E2
:109D0000054810F01CFC044B0028A3F1040314BF09
:109D10001846002008BD00BF3C230020084B00F57A
:109D2000B4701A68074BD0E8EF1F994204D1C0E81D
:109D3000EC2FBCF1000FF6D1D0E8AF0F704700BF99
:109D4000A43100203823002008B5FFF7E7FFB8B1A1
:109D5000036843B1426832B1826812B90B4A127883
:109D60003AB904200BE0094A127812B10BB18268AB
:109D700042B9426842B9002B14BF0020032008BD3D
:109D80000320FCE70120FAE70220F8E75E3A002012
:109D900008B50121024A034810F0CFFB002008BD9E
:109DA000DB2B0300B8DE02000221024A024810F059
:109DB000C4BB00BFF62B0300B8DE0200002370B561
:109DC0001A460446EC300D46FCF7B8FD58B1693030
:109DD00004D10121084A094810F0AFFB2846BDE82C
:109DE0007040F8F725B904F59C700023BDE8704079
:109DF000034A07F071BE00BF17240300B8DE02005B
:109E00001C4E0E0038B50446051D0821284610F0EA
:109E1000EDFB084904F15700FBF75CFA48B1082153
:109E2000284610F0C7FB04480121044A10F085FBC6
:109E3000082038BD93A80200B8DE02000F2C0300F2
:109E400038B50546EC22002113F06DF9102105F11B
:109E5000270004F0FDF9044648B90521284610F012
:109E6000C5FBFBF729FA034B1860204638BD0824D0
:109E7000FBE700BFAC32002070B5051D0E4628463A
:109E8000042110F05CFB68B1002200210023084689
:109E9000FCF71CFD044638B90421284610F0A6FB47
:109EA000204670BD034AF0E701210C30F8F7A6F90F
:109EB0000670F5E71C4E0E0070B504460E4686B0DF
:109EC000FFF72CFF04F137021146F368054603F152
:109ED000100053F8046B834241F8046BF9D1237AE4
:109EE000052B00F29580DFE803F017232303936A24
:109EF00002AB4B490093096804F1270304F15700B2
:109F000001F0ACFD58BB0A21201D10F06FFBAB68BF
:109F10000299D4F8EC00984720460D2110F066FB1A
:109F2000201D102110F062FB204610F06FFB17E09F
:109F300094F8DC10D4F8D83002ADCB40384903F0A7
:109F400001030095096843F0800304F1570010F005
:109F500028FD38B10121334A334810F0EEFA0820C9
:109F600006B070BD1022294604F1170013F0EAF87C
:109F700008B10420F4E70321204610F037FB10F06D
:109F800045FB0028EBD194F8DC300133DBB2142B15
:109F900084F8DC3009D10D21204610F027FB102178
:109FA000201D10F023FB0020DAE7102104F1270028
:109FB00004F04EF9003818BF0120C000D0E710218E
:109FC00004F1270004F044F90028C8D135B3EB6848
:109FD00023B3164BE27A1B8812F0010FADF808305C
:109FE000A37C08BF0320DB0703D5002814BF012092
:109FF000022000238DF80900C4E93833201D0C210C
:10A0000010F0F4FAEB68D4F8EC0002A99847CAE71C
:10A010000121074A044810F0D8FAA0E702209FE780
:10A02000AC320020282C0300B8DE020054E302000A
:10A03000412C03002DE9F047044690B00CAD1022EE
:10A040000021284613F06FF8237A052B34D8DFE877
:10A0500003F0060303063323D4F8D8300C93D4F866
:10A06000EC3004F1470204F1C707CDE9017204F1B5
:10A07000370803F17E0204F12709009241464A465F
:10A08000773304F1970001F081FCF0B1454A0121DA
:10A09000454810F052FA14E0D4F8E430002BDED03A
:10A0A0002E4603F11007324618685968083303C278
:10A0B000BB421646F7D1D2E701213C4A3A4810F09C
:10A0C00084FA082010B0BDE8F087D4F8EC3008AE70
:10A0D00003F177027E33019304F11103029200939E
:10A0E00042462B4649463846039610F07FFC08B19D
:10A0F0002F4ACCE7237A052B0ED1D4F8E01011B308
:10A100000B46AC4601F1100E6246186859680833D8
:10A1100003C273459446F7D1D4F8EC300DF1100A20
:10A1200003F17E027733019304F10A030292009354
:10A130004A462B4641463846CDF80CA010F056FC56
:10A1400030B11C4AA3E71022284612F0ECFFE3E7E7
:10A150001022514604F1B70012F0F4FFF8B90D21B6
:10A160002046FFF789FE07460028AAD010210C30B0
:10A17000F8F744F832460346164603CEAE4218605E
:10A180005960324603F10803F6D139462046FFF7FD
:10A1900015FE201D012110F029FA002092E70B2066
:10A1A00090E700BF5D2C0300B8DE0200412C0300E5
:10A1B000722C0300952C030073B5047A0546022C1B
:10A1C00023D844B190F8DC30D0F8D840DC4004F01B
:10A1D000010444F0800403212846FFF74DFE0646A3
:10A1E000D8B110210C30F8F709F800901248234636
:10A1F000006805F1270205F1570110F0D2FB044673
:10A2000080B13046F7F714FF07E0032C08D0012196
:10A2100023460A4A0A4810F0D8F9082002B070BD57
:10A220000024D8E731462846FFF7C8FD281D2146FF
:10A2300010F0C0F92046F1E7AC320020412C0300B9
:10A24000B8DE020070B5061DCD6804460B2130460D
:10A2500010F0B0F92B4604F1170205F1100153F884
:10A26000040B8B4242F8040BF9D1237A012B09D05D
:10A27000022B13D12046042110F0B8F9BDE870403C
:10A28000FFF79ABF0A21304610F059F90028F1D0A3
:10A290003046002110F0AAF9002070BD03480121CA
:10A2A000034A10F092F90820F7E700BFB8DE020079
:10A2B000412C0300F7B50446FFF730FD261D054687
:10A2C0000E21304610F03BF978B94E4B2022196828
:10A2D00004F1570012F036FF38B902214A4A4B48C0
:10A2E00010F02BF9082003B0F0BD0C212046FFF739
:10A2F000C3FD07460028F5D040210C30F7F77EFF5C
:10A30000404B02461B68014603F1200053F804CB82
:10A31000834241F804CBF9D1203203F1200153F8F4
:10A32000040B8B4242F8040BF9D139462046FFF763
:10A3300045FD237A052B5DD8DFE803F003491A03B6
:10A340005C590421204610F051F9FFF735FF002831
:10A35000C8D13046072110F049F90820FFF7CEFC9C
:10A3600000284DD1204603B0BDE8F040FFF74ABDBC
:10A370002046D4F8EC70FFF7D1FC04214FF0FF33F6
:10A3800005460DEB0100019303F062FF0028A9D1FF
:10A39000019B1F4A84F8DC00B3FBF2F102FB11338E
:10A3A0000193C4F8D83055B12B6843B10B21304626
:10A3B00010F01CF938462B68D4F8D81098470321C0
:10A3C000204610F013F90E2110F010F9C1E72046D5
:10A3D000032110F00BF90E2110F008F930460A2184
:10A3E00010F004F96B68D4F8EC009847B1E7042149
:10A3F0002046E9E70121074A044810F0E6F871E732
:10A40000002070E7AC320020B92C0300B8DE020057
:10A4100040420F00412C030070B505460E4605F181
:10A420005704FFF77BFC2246F36803F1200153F841
:10A43000040B8B4242F8040BF9D105F1770203F1CA
:10A44000200153F8040B8B4242F8040BF9D120464B
:10A45000FAF79AFEF0B103211C4A1D4810F06DF87E
:10A46000281D0E2110F0C2F8D5F8EC40D4F8A40055
:10A4700038B9207A04F1700100F084FFC4F8A40018
:10A4800098B1438A03F024037BB1437C9B070CD42F
:10A49000032070BD2046FAF783FE30B90C48022134
:10A4A0000C4A10F04AF80B20F3E70B4B1C682CB950
:10A4B000281D062110F09AF82046EAE72846FFF703
:10A4C000F9FE003818BF0120C000E2E7D42C0300D9
:10A4D000B8DE0200F52C0300AC32002038B504468B
:10A4E0000D49A0F1EC054C3007F0BEF9284610F0FC
:10A4F000F1F80A4A04F17C03D3E8EF1FC3E8E02F28
:10A500000028F9D14FF0FF338034D4E8EF2FC4E8AE
:10A51000E13F0029F9D138BD3DB1010038230020C9
:10A5200080B500AF88B06A46074BCDE905300323FC
:10A5300042F8103F00234FF4C2510448F5F790FC55
:10A540006FF00B00BD4680BD112D0300B8DE020088
:10A5500008B5074AD2F8EC302BB90648EC32506007
:10A5600018460A6008BDFFF7DBFF6FF00B00F9E744
:10A5700038230020A4E802002DE9F04188B0064607
:10A580000B4600AF0D2104300FF0D9FF90B3DD680A
:10A59000D6F8EC30022003F170084246197A00F038
:10A5A000EDFF0446E0B941463846F7F709FF6E462D
:10A5B00088B06A46124BCDE905374FF40073ADF809
:10A5C0001C30104B42F8103F0F4823464FF4E25125
:10A5D000F5F746FC0820B5462037BD46BDE8F081BA
:10A5E0002B462E3405F1100253F8041B934244F815
:10A5F000041BF9D1304609210FF0F8FF0020EBE7EA
:10A60000362D030003000001B8DE020038B5134BFD
:10A6100005461B78E3B101F00F042846FFF794FBD1
:10A620000F4B03281B780CBF04F00B0444F0040408
:10A6300005F5B670D0E8EF2F013203D1C0E8E13F55
:10A640000029F7D1D0E8AF3F2BB144F0010038BD6D
:10A6500001F00704E1E704F0FE00F8E75E3A0020AD
:10A66000FD0A0020F8B50D460446D0F8EC70FFF75F
:10A6700055FBED68EB78102B01D00620F8BDD7F81C
:10A68000A430002B73D0261D0F2130460FF057FF4A
:10A6900020B92046FFF7D4FB002871D10123637253
:10A6A0002B682046C4F80A30AB88E3810223237468
:10A6B000A978FFF7ABFFE0742046FFF745FB1023B6
:10A6C000607423752B7903F0030363756B7903F0D2
:10A6D0000103A375E37C1A0754D4052130460FF01B
:10A6E0002EFF00285CD0574B1B78A374E37C9806A0
:10A6F00006D5AB78990603D5142130460FF076FFC6
:10A70000E37CDA074ED5AB78DB074BD50D2130461D
:10A710000FF06CFFA37D032184F8E830637D3046A1
:10A7200084F8E9300FF062FF237BE17C2D7803EAA7
:10A730000102100704D5E27AA07C0243D20735D487
:10A74000042D35D80B4313F0040307D02046FFF740
:10A75000FBFA3D4B05EB85052B441B5C2372204621
:10A76000D7F8A4100FF0F1FE20BB032086E7387A5B
:10A7700007F1700100F006FEC7F8A400002882D19E
:10A7800008207BE7AB781B07A7D5052130460FF0E3
:10A790002DFF637D03F0020363750023A3759CE71F
:10A7A0002A4BA1E700236375A375B3E70523D5E71B
:10A7B0000023D3E7D4F8EC309B7A032B33D022D894
:10A7C000013B012BDCD8052130460FF0B8FE0028F4
:10A7D000CBD00C2120460FF009FF0221FFF74CFBE4
:10A7E00005460028CCD006210C30F7F707FDD4F839
:10A7F000113029460360B4F8153083802046FFF7F6
:10A80000DDFA00203AE7042BBAD1237D627B934224
:10A8100028BF1346102B7FF430AF052130460FF0D0
:10A820008EFE0028A1D0237A002B9ED00521304631
:10A830000FF085FE0028C6D1237A013B012BC2D838
:10A8400093E700BF603A0020F35703005F3A00200F
:10A850002DE9F041C7780446012F04D06FF01504AC
:10A860002046BDE8F0810FF0B2FE0546002800F05A
:10A87000A980061D042130460FF061FE002840F03B
:10A88000A480032130460FF05AFE10B16FF00F0480
:10A89000E6E7394630460FF052FE0028F6D128464A
:10A8A000FFF73CFAD5F8EC3007469B7A032B40D0F3
:10A8B00030D8013B012B46D90F21201D0FF03FFE60
:10A8C0000028CBD1D4F8A40090B904F170073A461F
:10A8D0002020217A00F09AFDC4F8A40040B93A463D
:10A8E0000420217A00F092FDC4F8A4000028B5D01D
:10A8F000438A13F0240FB1D0A27A022A23D9417CD3
:10A90000C907ABD5032A1ED09B06A7D5037C102B05
:10A91000A4D118E0042BCFD12846FFF715FA03285D
:10A9200004D1002FC8D0FB68002BC5D0284B1B7862
:10A9300007E02846FFF708FA032804D1002FBBD010
:10A94000FB68002BB8D0D4F8A4303BB12846FFF701
:10A9500077FA044670B16FF0680481E7207A04F159
:10A96000700100F00FFDC4F8A4000028EED16FF0D4
:10A970000B0475E70B212846FFF77EFA07460028EF
:10A98000E9D001210C30F7F739FC0921804628462F
:10A99000FFF73CFE2346224688F80000394605F1C1
:10A9A000EC00FBF7CBFF044618B13846F7F740FB45
:10A9B00056E730460F210FF019FE012128460FF00F
:10A9C00015FE4DE76FF07F044AE76FF0040447E798
:10A9D0005E3A0020F8B5D0F8EC400546D4F8A43033
:10A9E000061D002B3DD102213E4A3F480FF0A5FD38
:10A9F00007213E4B5F5CD4F8A4304BB11B7C002B8D
:10AA000066D1D4F8A40000F0DDFD0023C4F8A43022
:10AA1000022130460FF093FD48B9072F94BF344B05
:10AA20001F213A46204698BFD95DFBF795FC0321CC
:10AA300030460FF084FD40B32E4B1B682BB353F808
:10AA40000C6906B10C3E03B35B6813B1394620466E
:10AA50009847002E43D0F26802B10C3A33461646AE
:10AA6000F1E779BB0D2130460FF069FD074620B1B3
:10AA7000D4F8A40008B100F033FF1E4B1B6823B1CB
:10AA800053F80C6906B10C3E73B928460FF022FE4C
:10AA9000637B072B25D1627AA37A9A4221D0204684
:10AAA000BDE8F840FFF7D4BE1B6813B13946204615
:10AAB00098472EB1F26802B10C3A33461646E3E7E6
:10AAC0003246FAE70139C9B20E2992D9092792E72D
:10AAD000022130460FF033FD002892D198E732462C
:10AAE000BCE7F8BDE82D0300B8DE0200E457030020
:10AAF000D35703009C310020F8B5031D06460F46CE
:10AB0000184602210FF01BFD044620B1B6F8E840BC
:10AB1000B4FA84F46409032118460FF010FD80B1E3
:10AB200039463046FFF756FFC4B1022119481A4A88
:10AB30000FF003FD0521D6F8EC00FBF7C1F800206B
:10AB4000F8BD012118460FF0FAFC0028E8D10F21CA
:10AB500018460FF0F4FC0028E2D1E5E70521304665
:10AB6000FFF78AF9054688B101210C30F7F746FB5B
:10AB7000234607702246294606F1EC00FBF7DEFE6D
:10AB80000028DCD02846F7F753FAD8E76FF06800C2
:10AB9000D6E700BFB8DE0200122E03001E4B10B530
:10ABA000044618604FF0FF324FF0FF331B4805F0AA
:10ABB00097FD58B11A4941F23B331A4A1A480CF032
:10ABC000A4FF41F23B3117480CF096FF174807F0FD
:10ABD00095F8124805F04CFE48B111494FF49A53CC
:10ABE000104A11480CF091FF4FF49A51EBE72CB149
:10ABF0000F4CD4E8AF3F5B0604D410BDBDE8104055
:10AC0000FFF7D2B8201FFFF755FB0028F5D0082129
:10AC1000201FFFF771FFF0E7AC320020100A002080
:10AC2000C12D0300502D030004F30200240A00206C
:10AC30003C23002010B50FF0CAFC044610B96FF099
:10AC4000150010BD0A2104300FF031FD0028F6D0A8
:10AC5000237A062B11D8DFE803F00E04040A100C47
:10AC60000C0001212046BDE81040FFF745BF04213C
:10AC7000F8E70221F6E70821F4E703480121034A37
:10AC80000FF0A3FC0020DCE7B8DE0200412C03003B
:10AC90002DE9F3410B8A04460E4643B901212D4AA2
:10ACA0002D480FF04AFC002002B0BDE8F0810121E0
:10ACB00006F10C00F7F700FBA4F1EC05E83C0746B1
:10ACC000042120460FF03BFC3B7828B1234A0221A7
:10ACD00021480FF07AFCE6E70E2B01D9204AF6E76F
:10ACE000DFF8808058F833204AB902211E4A1A48FA
:10ACF0000FF06BFC07212846FFF7FEFED3E719464D
:10AD000028460FF0D4FC3B7860B902211248174A5C
:10AD10000FF05BFC032120460FF011FC0028C2D08D
:10AD20000821E8E708EBC301328A0979914208D08B
:10AD300001210093084813460D4A0DF043FD0A21F6
:10AD4000D9E73146284658F833309847014600285D
:10AD5000A9D0D0E76A2E0300B8DE0200852E0300DA
:10AD6000B62E0300CCE80200D82E0300F22E03001A
:10AD7000CA2403002DE9F04F99B090F8E930D1F8DA
:10AD80000C8023F0020380F8E930D0F8EC6098F8EA
:10AD90000030054600AF06F17009002B3BD098F853
:10ADA000063003F0C003C02B35D041463846F7F7D4
:10ADB00007FB6E4688B06C464FF4007A6D46704BC8
:10ADC000DFF8C081CDE90537ADF81CA045F8108F3C
:10ADD00000232A464FF4E2516B4807F1200BF5F7A8
:10ADE0003FF84946B5465846F7F7EAFAA546674B95
:10ADF000A4F81CA0C4E9053BC4F8108062480023F5
:10AE00002A464FF4E251F5F72BF80A20B54664378D
:10AE1000BD46BDE8F08F07224146484612F092F940
:10AE200068B14146307A00F06BFB044638B1014608
:10AE300028460FF08AFB50B3204600F0C3FB0D21DB
:10AE4000281D0FF07CFB002800F088804A46022075
:10AE5000317A00F093FB0446D8B907F14005494622
:10AE60002846F7F7ADFA6E4688B06A46484BCDE9FA
:10AE700005354FF40073ADF81C30424B42F8103FDB
:10AE80004FF4E25123464048F4F7EAFFB546082064
:10AE9000BDE7F378002B41D106F17E031878012835
:10AEA0002BD19A7902F0C002402A26D1D3F8012092
:10AEB000C4F83E20B3F80530A4F8423096F870305C
:10AEC000DBB196F8763003F0C003C02B15D03149C2
:10AED00007F14002C7E91098BC64FAF723FED8F8DE
:10AEE00000303046C4F80130B8F80430A4F805301A
:10AEF00098F80630E371FBF7E7F995F8E91011F0DF
:10AF000002010ED0244941F22803244A24480CF0BF
:10AF1000FCFD41F2280121480CF0EEFD06F177031B
:10AF2000BCE72046F9F7FCFA014630B11648022189
:10AF30001C4A0FF002FB032069E72046F9F7F0FAFC
:10AF400048B1194941F24C03144A15480CF0DDFD93
:10AF500041F24C01DFE72046F9F7F4FA95F8E930C1
:10AF60005B0703D50A2128460FF040FBB5F8E8102F
:10AF700009B100204BE72846FFF72CFDF9E700BF99
:10AF80000D2F030003000001B8DE0200C82F0300EC
:10AF9000362D03000BA70200212F0300502D0300C4
:10AFA00004F302003C2F0300772F03002DE9F0414A
:10AFB0000E460446D0F8EC80FEF7B0FEF668054673
:10AFC000337801210F48104A271D0FF0FEFA0A219D
:10AFD00038460FF06CFB38B16DB920463178FFF779
:10AFE000F9FC0020BDE8F0810B2138460FF05FFB33
:10AFF0000028F1D1F1E72B69002BEED040469847AD
:10B00000EBE700BFB8DE0200992F03002DE9F04303
:10B0100089B00546A0F1E8060446884600AF012144
:10B02000304655F8EC990FF042FB38B3B8F1000FF9
:10B0300019D0032130460FF082FAF8B14046F8F7F4
:10B04000ABFA0138C0B208288CBF0024374B4FF050
:10B05000020198BF1C5C30460FF0C8FA2146284612
:10B06000FFF7B8FC0AE099F80B303BB103213046FA
:10B070000FF065FA30B928460FF02CFB2437BD4697
:10B08000BDE8F083052130460FF059FAB8B114F845
:10B09000043C1B0707D514F8033C180703D51121FE
:10B0A00030460FF0A3FA14F8043C23F0080304F828
:10B0B000043C14F8033C23F0080304F8033C14F8A0
:10B0C000033CD90710D5062128460FF08FFA02213C
:10B0D00030460FF08BFA2168D1F8A46066B134F8DD
:10B0E000041C0029CAD1BAE79A0701D50821EBE769
:10B0F0005B07ECD50A21E7E738467031F7F760F9CE
:10B100006D4688B06A460A4BCDE905374FF40073A7
:10B11000ADF81C30074B42F8103F4FF4E251334674
:10B120000548F4F79DFEAD46A8E700BFDB570300D6
:10B13000BB2F030003000001B8DE020037B5A0F505
:10B140009C75A0F59A74D4E8AF3FD5E8AF2F0121E4
:10B1500000920748074A0DF035FB28460821FFF703
:10B1600039FC0421204603B0BDE830400FF03EBA60
:10B17000B8DE0200D02F03002DE9F04389B000AF04
:10B1800004460FF024FA054680B3061D032130461D
:10B190000FF0D5F950B3D4F8A40008B100F012FABA
:10B1A00004F170094946207A00F0ECF88046C4F8B2
:10B1B000A400F8B949463846F7F702F96E4688B058
:10B1C0006A46414BCDE905374FF40073ADF81C30AA
:10B1D0003E4B42F8103F4FF4E2513D484346F4F7EE
:10B1E0003FFE0821B5462846FFF786FC2437BD46BA
:10B1F000BDE8F0830E2130460FF0A1F928B1D4F854
:10B20000A420537C43F0020353742B7A032B0DD8F4
:10B21000002B4DD1D4F8A420537C23F02003537489
:10B22000D4F8A420537C23F001030DE0053B012B4F
:10B23000F0D8D4F8A420537C43F020035374D4F8FE
:10B24000A420537C43F0010353742B7D697BD4F815
:10B25000A4208B4228BF0B463046137405210FF003
:10B260006EF9D4F8A420537C48B343F010030D21A9
:10B27000304653740FF063F90028B7D02021D4F87A
:10B28000A40000F063F9D4F8A43005F147021E339E
:10B29000573552F8041BAA4243F8041BF9D1002386
:10B2A000D4F8A42053619361D4F8A42093839DE73C
:10B2B000052130460FF043F90028ABD0BFE723F05B
:10B2C0001003537492E700BF362D03000300000102
:10B2D000B8DE0200012208B5034B04481A70F9F7E2
:10B2E000A1FF002008BD00BF5E3A00202C0A00200C
:10B2F00008B558B90A490B4840F249230A4A0CF0EC
:10B3000004FC40F2492108480CF0F6FB437C5B0644
:10B3100004D4BDE808400121F9F73EB808BD00BFDC
:10B320004530030004F302000630030070B5054603
:10B3300011480C4603780126AB4204D10722304461
:10B3400011F000FFA0B12EB107220C490C4811F0FA
:10B35000F9FE78B9084A134603F8015B2168C2F880
:10B360000110A1889980A179997140F21123D360CD
:10B37000014870BD0020FCE7B03200200F570300E9
:10B38000B132002008B549B9064907487123074A78
:10B390000CF0BBFB712105480CF0AEFBBDE808408A
:10B3A000FFF7C4BF5930030004F302000630030066
:10B3B000F8B5054616460C4699B90B490B48CD23FE
:10B3C0000B4A0CF0A2FBCD2109480CF095FB3BB1D8
:10B3D00031463846A04701227B8A2B40002AF6D00E
:10B3E000F8BD0022034FF7E76D30030004F30200BD
:10B3F00006300300B032002008B5002202200249C6
:10B40000FFF7D6FF002008BDF1B2010070B50D4670
:10B4100011463AB10E4C0026638A227803400BD1C4
:10B42000184670BD0B490C48DA230C4A0CF06DFB32
:10B43000DA210A480CF060FB954204D10722601C17
:10B4400011F080FE08B13046EBE72046E9E700BF87
:10B45000B03200205930030004F30200063003002C
:10B46000F8B506460C4659B91F49204840F2031367
:10B470001F4A0CF04AFB40F203111D480CF03CFB44
:10B480000B78012B01D00020F8BD8B7903F0C003AD
:10B49000402BF8D1174D002329466F8A11F83E2B17
:10B4A000BF0704F1010006D5B24204D1062211F013
:10B4B00049FEB8B10023002BE5D16B8A9B07E2D58A
:10B4C0002B78B342DFD1661C31460B480DF077FC78
:10B4D0000028D8D0D4F80130C5F83E30B4F80520A3
:10B4E000064B9A800348CFE75930030004F302006B
:10B4F00006300300B0320020DE320020EE320020A1
:10B5000010B529B10D4C237883420DD0002010BD19
:10B510000B490C484FF49A730B4A0CF0F6FA4FF4AF
:10B520009A7109480CF0E8FA0722601C11F00AFE33
:10B5300000280CBF20460020E9E700BFB032002001
:10B540005930030004F302000630030008B558B96F
:10B55000074908484FF4A273074A0CF0D6FA4FF493
:10B56000A27105480CF0C8FA438A1943418208BD0C
:10B570004530030004F3020006300300F8B5064628
:10B580000F4615464AB90C490C48EC230C4A0CF0FE
:10B59000BCFAEC210A480CF0AFFAFFF737FF04467B
:10B5A00040B929463846FFF7EDFE044610B1314652
:10B5B000FFF7CCFF2046F8BD5930030004F302002A
:10B5C0000630030010B5044658B90E490E484FF432
:10B5D000AA730E4A0CF099FA4FF4AA710B480CF0BA
:10B5E0008BFA037A5B0701D5F8F7C6FF214611F8FD
:10B5F000010BF7F7F5F82046BDE810404422002182
:10B6000011F091BD4530030004F302000630030041
:10B610002DE9F043BDB01546044602AF38B901210B
:10B62000A34AA4480DF0BBF86FF0150642E038229B
:10B63000184607F1B001A847051E06DA2B469E4AB8
:10B6400001219C480DF0B4F8EEE7204607F108010F
:10B650000DF0C8FB064698B16D4688B002AA974B1C
:10B66000C2E905344FF400739383954B42F8103FC1
:10B6700000234FF4E2518F48F4F7F2FBAD46D3E7D5
:10B680002046391D0DF0A4F9786838B10A223146F8
:10B690000BF046FE034608B18A4AD1E755BB29465E
:10B6A0003F2007F10802FFF7B1FE40B144222946CE
:10B6B00011F039FD3046EC37BD46BDE8F08307F1A7
:10B6C0001004204607F10801F6F77AFEE84688B034
:10B6D00002AA7D4BC2E905344FF400739383784B83
:10B6E00042F8103F4FF4E4512B467248F4F7B8FB90
:10B6F000C546DFE7002007F10801FFF717FE044603
:10B70000E0B907F13005284607F10801F6F758FEC1
:10B710006E4688B002AA6D4BC2E905354FF400733E
:10B720009383674B42F8103F4FF4E2512346614840
:10B73000F4F796FBB5466FF00B06BBE7382D97F88C
:10B74000B0304FD0102B41D8342D3FD140F21123CF
:10B7500007F1B005C36007F1E00C00F110032A46C1
:10B7600003CA624518605960154603F10803F6D113
:10B7700010681860E27BB4F80D3043EA0243022BF4
:10B780007BD1637CDA0795D513F0300592D107F1B0
:10B790009008404607F10801F6F712FEE94688B026
:10B7A00002AA4B4BC2E905384FF400739383444B14
:10B7B00042F8103F4FF4E4512B463E48F4F750FB5B
:10B7C000637CCD4623F00103637473E738230121C2
:10B7D0000093404A2B4637480CF0F4FF2046FFF711
:10B7E000F1FE21E7102B35D840F2112307F1B00507
:10B7F000C36007F1E00C00F110032A4603CA62455A
:10B8000018605960154603F10803F6D110681860F6
:10B81000638A03F0220213F020056282AAD107F1A5
:10B820005006304607F10801F6F7CAFDE84688B031
:10B8300002AA294BC2E905364FF400739383204BCB
:10B8400042F8103F4FF4E4512B461A48F4F708FB36
:10B85000C546C3E707F1B00300F10C051A4603CA59
:10B86000696007F1E8018A422860134605F108057E
:10B87000F4D1237B112B3FF47DAF07F170052846EF
:10B8800007F10801F6F79CFD6E4688B002AA134B3B
:10B89000C2E905354FF400739383094B42F8103F1A
:10B8A00000234FF4E2510348F4F7DAFAB54695E77E
:10B8B0001A08030080DE020081300300192803000B
:10B8C0000300000135280300A0300300C33003004B
:10B8D00060310300E2300300003103002031030037
:10B8E000024610B558B90E490E4840F289130E4A67
:10B8F0000CF00BF940F289110B480CF0FDF80146F1
:10B90000382311F8010B0C32F6F75CFF044628B11E
:10B9100001210346054A06480CF04AFF204610BDA7
:10B920004530030004F3020006300300C531030074
:10B9300080DE0200884210B500EB020311D98C189A
:10B94000A04211D20D4940F2B3230D4A0D480CF02C
:10B95000DCF80D480CF0D9F840F2B32108480CF09F
:10B96000CBF8EFD09942ECE7013A114411F80129E4
:10B9700000F8012B8342F9D110BD00BF8C090300F0
:10B980004B09030004F30200E30903002DE9F0432F
:10B990008446894616462F4C9BB01D46DDE9238719
:10B9A0000CAB04F1300E1A4620686168083403C2FB
:10B9B00074451346F7D1206861461060227904A8C7
:10B9C0001A712022FFF7B6FF6B462022224804A9F5
:10B9D00000F072F80446C0BB102249460DF1350054
:10B9E000FFF7A8FF102231460DF14500FFF7A2FF37
:10B9F000294611F8013B06220DF156008DF855300D
:10BA0000FFF798FF2299062211F8013B0DF15D0026
:10BA10008DF85C30FFF78EFF4346352268460CA94F
:10BA200000F04AF8044680B940460EF0ACFF01230E
:10BA300035228DF8303068463B460CA900F03CF8C2
:10BA4000044610B938460EF09EFF20461BB0BDE8F4
:10BA5000F08300BF56E302000C58030070B50E4699
:10BA60001D46144698B00146202204A8FFF762FF45
:10BA7000202231460CA8FFF75DFF1022294614A8AA
:10BA8000FFF758FF102221466846FFF753FF6B4629
:10BA90005022684604A900F00FF840B9039B054AFC
:10BAA0001BBAB3FBF2F102FB11331C9A136018B0FE
:10BAB00070BD00BF40420F002DE9F0418EB0074637
:10BAC0000C4615460021182208A81E4611F02BFB33
:10BAD0004FF41053ADF81C308023ADF81E304FF4F6
:10BAE0004063DFF854801022CDE90938394605ABB0
:10BAF00007A808F025FE034648B1104A1048012166
:10BB00000CF056FE6FF004000EB0BDE8F08106ABFD
:10BB10000293102322464146CDE9006305982B4647
:10BB200010F010FA0446059808F0BEFD2043EBD053
:10BB3000044A2346E2E700BF0002C003FC310300D1
:10BB400050DE02001832030010B5094C0A4491423D
:10BB500000D110BD11F8013B58400309E35C00011E
:10BB6000C0B243401809205C1B01DBB25840EEE72D
:10BB70001C5803000122024BC3F80424704700BF85
:10BB8000002008E037B540230C460A490093411ACB
:10BB9000491105462346084A08480EF077FF01463A
:10BBA00028B12846234603B0BDE83040184703B00B
:10BBB00030BD00BF08330020F9AA020030D30200D4
:10BBC000C9B2012908B509D9084909487E23094A9B
:10BBD0000BF09BFF7E2107480BF08EFF0C220369C0
:10BBE00001FB0233986C00F0070008BD88320300A7
:10BBF00004F302003C32030070B5C9B201290346C8
:10BC000000690BD9184919484FF4E873184A0BF02A
:10BC10007CFF4FF4E87116480BF06EFFEFF31186CE
:10BC2000402484F31288BFF36F8F0C2505FB0104B9
:10BC3000A46C14F0C00401D0A24211D1012205FB72
:10BC400001008264002086F31188BFF36F8F30B942
:10BC50000C225B6802FB01335B689847002070BDD3
:10BC60004FF0FF30EFE700BF8832030004F302001B
:10BC70003C32030070B50D4606490446411A49118D
:10BC800040220548FFF7B8FF2B4601462046BDE895
:10BC9000704018470833002030D30200F8B5002266
:10BCA000012105464FF48770F5F7B0FB0F4802F00D
:10BCB00043FC0446B8B90FF097FB2F690C4938468E
:10BCC0000CF0E4F8031E09DB0126BE642D69084967
:10BCD00005F120000CF0DAF8031E02DA1C462046BB
:10BCE000F8BD6E65FBE76FF00404F8E7A5BD010041
:10BCF00044E902001FB5002201236C46CDE902236E
:10BD00006B46074ACDE900440EF0EFFE28B943F632
:10BD100009520023684605F065F804B010BD00BF65
:10BD200005AB020010B5EFF31184402383F31288B2
:10BD3000BFF36F8F074A136823F00201DB0711601E
:10BD400002D4012002F0D8FB84F31188BFF36F8F77
:10BD500010BD00BF603300200C22104B014602FBD7
:10BD60000033002030B4D3E910521864EFF311808F
:10BD7000402484F31288BFF36F8F9C6C04F0C004DE
:10BD800044F002049C6480F31188BFF36F8F1DB1EF
:10BD90002B4630BC0248184730BC7047083300209F
:10BDA00030D3020008B506281CD8DFE800F02525AE
:10BDB0000D0F04252500114B986C10F007001BD1C6
:10BDC000BDE80840FFF7C8BF0120F9E70C4940F281
:10BDD000FA230C4A0C480BF098FE40F2FA2109486D
:10BDE0000BF08AFE06494FF44173064A06480BF0F1
:10BDF0008CFE4FF44171F2E708BD00BF083300200C
:10BE0000294703003C32030004F3020010B4EFF3AF
:10BE10001180402282F31288BFF36F8F16490B689E
:10BE200043F0020413F001030C6017D0134BD3F856
:10BE30000C3413F4803311D0EFF3118182F31288A4
:10BE4000BFF36F8F0E4A936C03F0C00343F00203FD
:10BE5000936481F31188BFF36F8F012380F31188FE
:10BE6000BFF36F8F1BB1002010BCFFF775BF01201F
:10BE700010BC02F017BB00BF6033002000E0105080
:10BE8000083300202DE9F041012206464149D1E85E
:10BE9000EF3FC1E8E02F0028F9D1A3B93E493F4860
:10BEA0004B60CB608A60F2F7AFFF00280BDA3C49A9
:10BEB00040F2A3233B4A3C480BF027FE40F2A3216B
:10BEC00038480BF019FE002E4DD0731E012B56D8AA
:10BED000012E06D1354BD3F8503403F00303012B68
:10BEE00041D00FF0E4FC054650B1EFF31188402338
:10BEF00083F31288BFF36F8F01252C4C2C4F21E068
:10BF00002C4B1B78002BF0D00422284B8046C3F822
:10BF10000823F2E74DB340460CF0C2FED4F840349B
:10BF200013F0FF030ED1D4F808215AB1C4F8083138
:10BF3000D4F808314FF480420123C4F84034C7F8E4
:10BF4000A0212361D4F84C24D4F84C34D203E1D599
:10BF500003F00303012B01D0012EDBD155B188F38F
:10BF60001188BFF36F8FBDE8F0810021202006F01B
:10BF700089FED3E704220D4BC3F80423F3E70E49EF
:10BF800040F2B523074A08480BF0BFFD40F2B52147
:10BF900096E700BF04330020F4320020283300204D
:10BFA00051FC02003C32030004F3020000E0105098
:10BFB00000E100E0063D00202947030008B50748DE
:10BFC0000FF088FB38B10648F5F714FE0448F2F785
:10BFD00023FA002008BD6FF01200FBE7A0D3020097
:10BFE000E5BF01000A2838B50446074D04D1AB6807
:10BFF0000D212846DB699847AB680348DB69E1B24D
:10C000009847204638BD00BFA0D3020000487047C3
:10C0100068E90200024B0B6001231360704700BF08
:10C0200070E9020008B50122054811460FF0CEFB69
:10C0300002F002FB034B044A0020C3F80C2508BDA4
:10C040006433002000E004508000008070B51C467E
:10C0500041F201030E4D1646C5F80035224699B14E
:10C0600011F03BF8BFF35F8FD5F81834DB0705D428
:10C07000E4B21CB10123AB60BFF35F8F4FF4805279
:10C08000034BC3F8002570BD314611F04CF8E9E7C9
:10C0900000E004502DE9F04106460F4690461C464C
:10C0A00086B00BB34FF0FF324FF0FF33144804F06B
:10C0B00099FE0FF09CF90546D0B101238DF815309B
:10C0C000104B4FF47A60009302AB04940193CDE9D6
:10C0D00002768DF8148002F0B7FA684602F0BAFAD8
:10C0E0000446074804F000FE204606B0BDE8F08193
:10C0F0002346424639463046FFF7A8FF2C46F0E774
:10C1000064330020A9AB020038B5036961B9214945
:10C110006423214A21480BF0F8FC21480BF0F5FC80
:10C1200064211D480BF0E8FC486850B91D4965239F
:10C13000194A1A480BF0E9FC1B480BF0E6FC652194
:10C14000EFE7586800B30024884219D108688CB919
:10C150009C685860A14200D19860002008602AB114
:10C160005A680A609A68596002B9996000200FE025
:10C170002846E9E720609868814208BF9C60ECE7A8
:10C1800005680446002DF3D1002AE9D16FF01500AF
:10C1900038BD00BF6BF002000333030004F302005C
:10C1A0004E3303005D3303006F33030008B50368AB
:10C1B000590914D0012906D16FF07C4203F01F0306
:10C1C000DA40D2070DD40A490A484FF482630A4A7A
:10C1D0000BF09BFC4FF4826107480BF08DFC1F2293
:10C1E000ECE70360054B0648012908BF184608BD67
:10C1F000C833030004F302008633030000820D50AD
:10C2000000A0105070B5446801F01F05207C86B076
:10C2100045EA4015A068002872D0B2F5001F04D18D
:10C22000294602F015FF00204EE06068667CB2F5FA
:10C23000800F46624FF0000601A80196466032D199
:10C24000B3F1007F14BF052304238DF804300023CD
:10C25000CDE904030393E3686E46CB4013F0010F6E
:10C2600034D1B2F1A07F31D168460095FFF79EFF2F
:10C27000009B203350F82330DB0727D46A46294639
:10C28000A06802F075FD163018D002962946A06805
:10C2900003AA02F00DFC002816DB01222946A06843
:10C2A00002F054FEBFE7B3F1C06F05D0B3F1007FD9
:10C2B00014BF01230223C8E70323C6E76946A06829
:10C2C00002F020FE0028E0DA06B070BD32462946B2
:10C2D000A06802F04DFD0028D8D19DF80010A0689C
:10C2E00002F0F0FD0028D1D00749084840F2ED13D4
:10C2F000074A0BF00AFC40F2ED1105480BF0FCFB7D
:10C300006FF08500E0E700BFC12D030004F30200D9
:10C31000EB3303002DE9F043466840F20635337CE9
:10C32000D00601F01F0747EA431748BF032302EA7C
:10C33000050558BFC2F3401387B0B5F5837F144697
:10C340008DF8033043D00DD8062D42D005D8A5B1C5
:10C35000022D12D06FF0150036E0B5F5807FF9D1CF
:10C3600001250AE040F20222954234D0B5F5407F23
:10C3700033D0B5F5007FEDD1042522032FD501235D
:10C3800072688B405360B06880BB03A80397FFF7C7
:10C390000DFF039B00EB8300C4F3004383F0010314
:10C3A000C4F34044D0F8802044EA43049DF80330AD
:10C3B00022F4706244EA830422F00F0244EA052367
:10C3C0001343C0F88030002007B0BDE8F083092592
:10C3D000D3E70825D1E70625CFE70525CDE7630399
:10C3E00041BF012372688B409360CCE739460DF161
:10C3F000020202F0BDFC14F4403F804617D13946DA
:10C40000B06802F047FDB8F1000FDCD19DF80210D2
:10C41000B06802F057FD0028D5D01E491E48F82309
:10C420001E4A0BF072FBF8211C480BF065FB4FF025
:10C43000000901ABCDE90199CDE90439CDF80C90A3
:10C440003946B06803AA02F033FB4845BBDB14F45D
:10C45000003314D09DF80330C4F3004484F0010489
:10C460008DF80E308DF80C508DF80D404B46394646
:10C47000B06803AA02F0DEFB0028C4DAA3E7CDE926
:10C4800004330DF1030303933946B06803AA02F0A5
:10C490000FFBF1E7C12D030004F30200EB330300AF
:10C4A0004209012A034670B501D0F2B170BD144EA5
:10C4B000326951680029F9D0012503F01F030C6887
:10C4C0009D400029F2D08A682A4012D04B6873B987
:10C4D0000C4989230C4A0D480BF017FB0C480BF054
:10C4E00014FB892108480BF007FB0A4EE0E73046B1
:10C4F00098471CB1236821461C46E2E72346FAE729
:10C5000068D30200263403000333030004F302005F
:10C510006F3303004CD3020038B54568A868C0B13A
:10C5200002F09EFC0146A0B9A86802F055FC044642
:10C5300088B902460949A86802F002FC2246012196
:10C54000DB20F4F763FF2246012140F20D10F4F7DF
:10C550005DFF002038BD6FF00400FBE7A1C40100BF
:10C5600008B50368590914D0012906D16FF07C423F
:10C5700003F01F03DA40D2070DD40A490A484FF4EA
:10C5800082630A4A0BF0C1FA4FF4826107480BF04C
:10C59000B3FA1F22ECE70360054B0648012908BFE8
:10C5A000184608BDC833030004F3020086330300B5
:10C5B00000820D5000A010502DE9F04F1746834621
:10C5C00040F2FF193D4E85B000EB8108D84501D1FE
:10C5D00000201DE0DBF80020C2F3C323082BC2F3C8
:10C5E000080468D836494C4508BF4FF0FF34B2F113
:10C5F000806FCD5C4FEA126306D2013B022B0AD852
:10C60000DFE803F03C404300382B41D06FF0850059
:10C6100005B0BDE8F08FC7F80446621C2BD003A814
:10C620000394FFF79DFF0121039B01FA03F343608D
:10C63000DBF800300394180448BF002103A858BF5A
:10C640008A46CDE9003148BF4FF0010AFFF788FF65
:10C65000039C009B00EB8400D0F88040C3F3412C86
:10C6600001992B0243EA8C030B433440234343EAF2
:10C670004A03C0F880300BF1040BA7E7C7F80C465B
:10C68000002115E0C7F81046C7E7C7F80846F7E7E6
:10C6900003A80394FFF764FF0121039B00EB8300D1
:10C6A000D0F8803023F0E04343F08043C0F880307E
:10C6B000631CBDD1DFE76FF01500A9E7F0F0FCFFC8
:10C6C0002C58030070B5036986B0456804461422EF
:10C6D000002101A81E6810F026FD05238DF8043006
:10C6E000002386F8633063680D4A1B68C3F808238B
:10C6F0006B689B070ED5EFF31185402383F31288F7
:10C70000BFF36F8F022120460EF0F0FB85F31188F6
:10C71000BFF36F8F204601A90EF012FB06B070BD6B
:10C720003002180038B50446002201214FF482700F
:10C73000F4F76CFE4FF48270F4F746FE6568012151
:10C74000E8680EF0C4FB636819686B69C1F82435AA
:10C75000EA8BAB8BA87E13432A8C13436A8C13435A
:10C760006A7E9BB20243287E02431343C1F86C35B4
:10C770002569286878B100221A4908300FF06DF950
:10C780002B68DC6328680022174968300FF065F9D0
:10C790002B68C3F89C4061680B68D3F8002242F410
:10C7A0008022C3F800220822C3F80025CA6A0121AA
:10C7B000C3F83C270022C3F840271965D3F830118D
:10C7C0000029FBD0C3F800256368596811F0020105
:10C7D00006D1D8681C680EF07AFB0823C4F800352F
:10C7E000002038BD23B0020073AE02002DE9F843EB
:10C7F00004460E4645680FF05AF8D0B9304B1B7806
:10C8000083F001036268D2F80080A3B94FF04009B9
:10C81000642763681B68D3F83031002B3ED10120B8
:10C820000EF0F7FD013FF4D10021202006F02AFA96
:10C83000EEE70123E6E740222369EFF3118782F355
:10C840001288BFF36F8F61680968D1F8301121B980
:10C8500087F31188BFF36F8FEFE71B6853B1D3F8ED
:10C86000A4203AB1D3F8B420002A03DAD8F8442738
:10C87000C3F8B420EB6A01221E702046E96A0EF06C
:10C880005BFB6B689B0744BF4FF48053C8F80433CD
:10C8900087F31188BFF36F8FBDE8F883EFF311833F
:10C8A0001F4689F31288BFF36F8F62681268D2F84F
:10C8B0003021002ADED183F31188BFF36F8FB3E7F5
:10C8C000063D00202DE9F04F1F46D0F80490036983
:10C8D00085B01C68029399F808308346884616464E
:10C8E000D9F8005073B15D4940F206735C4A5D4867
:10C8F0000BF00BF95C480BF008F940F20671584850
:10C900000BF0FAF894F86330002B40F0A38094F811
:10C91000642002F0FF03002A40F09C80791C7DD047
:10C92000D9F810104FEAE77CA1FB070E00234F4A0D
:10C9300001FB0CE1ECF72AFB40F2FF33984228BFE1
:10C940001846C5F87805D5F8003243F00053C5F80D
:10C95000003227EAE773DA171F3342F100025B095E
:10C9600043EAC26352094FF0000AC4E91632C4E92F
:10C970001086C4E912AAC4F850A0D9F8042092077E
:10C980005CD5EFF311824021039281F31288BFF34B
:10C990006F8F022158460EF0BEFA039A82F3118877
:10C9A000BFF36F8FD9F80420930747D594F861201F
:10C9B000002A43D0B24228BF324693464046D9F8B7
:10C9C000281010F08AFBB6EB0B06D84428D194F857
:10C9D0006120A2EB0B02D2B284F86120D9F82800C2
:10C9E00000EB0B0110F086FB029B03F1080ADAE86A
:10C9F000EF3F43F00403CAE8E23F002AF7D10122E7
:10CA0000C5F34343C5F3043502FA05F5184A40332C
:10CA100042F82350002005B0BDE8F08F1A46A2E787
:10CA200001370BD0C5F810A1D5F81031D4E9162381
:10CA3000CDE9002304F1080007F01EF80D4BC5F8FE
:10CA40000487C5F80867C5F80433012384F8633008
:10CA5000AB62DFE76FF00F00DDE700BF294703009F
:10CA60004934030004F302008C34030040420F00F9
:10CA700000E100E0200218002DE9F04F43688DB07E
:10CA80001D680369D5F8047304461E6803934FF4C8
:10CA900000723B464FF4BA7128460EF00CFA20B1F2
:10CAA000F36C13B9012386F862303B464FF40072F1
:10CAB0004FF4927128460EF0FEF9814608B196F8BF
:10CAC00062903B464FF400224FF4A67128460EF0C8
:10CAD000F2F93B4610224FF48871804628460EF04A
:10CAE000EAF93B464FF480124FF4A87104902846AF
:10CAF0000EF0E1F93B46824620224FF48A71284627
:10CB00000EF0D9F920B3636814221B68002107A82E
:10CB1000D3F880B4059310F006FB06221BF0010F3A
:10CB2000059B8DF81C2042D11BF0020F41D11BF058
:10CB3000040F40D10BF0080220468DF8202007A9F1
:10CB4000C3F880B40EF0FCF8002120460EF029FA5C
:10CB5000049B93B1002123696268D2F800B01A687F
:10CB600082F860101868D0E91623CDE90023083058
:10CB700006F082FF1023CBF80833B8F1000F02D182
:10CB8000BAF1000F3FD0F36C33B3B8F1000F18D1F6
:10CB9000D5F84C318BB99849984840F6C313984A58
:10CBA0000AF0B3FF40F6C31195480AF0A5FF012231
:10CBB000C2E70222C0E70422BEE7C5F84C81D5F8DF
:10CBC0004C314A46514620460EF062FABAF1000F47
:10CBD00019D04FF0000802E0BAF1000F0BD000218D
:10CBE000142207A810F09FFA0323204607A98DF806
:10CBF0001C300EF0A5F8B8F1000F04D0002220463A
:10CC000011460EF045FAB9F1000F35D0002386F831
:10CC100062302369D4F8049053F8088BD3E8EF2FDF
:10CC200022F48031C3E8E01F0028F7D1D30303D5F5
:10CC300008F1080006F08EFFD8F8401029B1204610
:10CC40000EF085F80023C8F8403098F86430002BC7
:10CC50006FD0002388F86430636820461B68D3F8DF
:10CC6000002222F00052C3F800220022C3F8102153
:10CC7000D3F81031FFF726FDF9043DD5D5F8303152
:10CC8000002B39D063682569D3F80080EFF3118950
:10CC9000402282F31288BFF36F8F2A685B68D2F854
:10CCA000B4100029ACBFD2F8B470D8F844779A0712
:10CCB00007D54FF4805301212046C8F808330EF001
:10CCC00015F989F31188BFF36F8F2868D0F8A03069
:10CCD00093B190F8B820002A4ED0EFF3118740238B
:10CCE00083F31288BFF36F8F294620460EF039F97F
:10CCF00087F31188BFF36F8F039B0833D3E8EF2FBF
:10CD000022F00401C3E8E01F0028F7D153076FD5D4
:10CD10002046716C0EF02FF82046316C0EF017F89B
:10CD200000232046C6E910330DB0BDE8F04FFFF7F1
:10CD3000C9BCD9F8043098078ED562681368926A26
:10CD4000C3F804270522C3F808270122DA61D3F8C3
:10CD50004C21002AFBD00021C3F84C11D3F84C2100
:10CD6000D3F850212AB1C3F85011D3F85021D3F889
:10CD70000C2788F861206FE7D0F8A820934210D0E4
:10CD8000D0F8AC20D0F8B030BA423B442ED1C0F835
:10CD9000B03020460EF070F800289ED12868D0F8F8
:10CDA000B070683006F0D6FE1422002107A810F0FB
:10CDB000BAF92B682046D3F8A03007A9CDE9083787
:10CDC0002B68D3F8A4309F421CBF01238DF81C3080
:10CDD0004FF48053C8F8083300232A68C2F8A03003
:10CDE0002A68C2F8A4300DF0ABFF85E71F46D8E7EC
:10CDF0000DB0BDE8F08F00BFA534030004F30200BE
:10CE00004934030070B50F48D0E90015541A63EB9C
:10CE10000506640944EAC6642026E4FB0615C0E959
:10CE2000001509490020C1E900230021074BC3E98F
:10CE3000000106F0D9FC01462046BDE8704006F02E
:10CE40003BBC00BF882500207025002080250020E5
:10CE500008B500220121E420F4F7D8FA164A002090
:10CE6000D2F8183723F44033C2F8183702F02AFBFF
:10CE7000002820DB0120114902F0D4FB00281ADB36
:10CE800002F0E0FA0E4B20F01F00C3E900010D4B49
:10CE90000022C3E900014FF0FF304FF0FF310A4B91
:10CEA000C3E90001094B0A49187A02F0F5FA672232
:10CEB0000020084B1A6008BD00200E50480A0020D0
:10CEC000882500206825002070250020400A0020C9
:10CED00005CE01008C33002008B502F0B3FA064AF3
:10CEE000D2E90032C01A054B61EB0201C3E900012F
:10CEF000400940EAC16008BD882500208025002047
:10CF0000F7B5224B0146224F187A224BD7E900563B
:10CF1000D3E900239E4208BF954211D1B1F1806F41
:10CF20000ED24901012938BF012101224D1946F1D4
:10CF30000006C7E9005603B0BDE8F04002F01ABC95
:10CF4000154BDFF858C0D3E90043DCE9002CA418E6
:10CF500043EB0C0C4FF0200E22466346C1FB0E2320
:10CF6000954276EB0301C7E900230DD2291B66EB3E
:10CF70000C04C82974F10004B4BF01210021009100
:10CF800002F0B8FB03B0F0BD0021F8E7400A002032
:10CF9000782500207025002088250020802500208D
:10CFA0002DE9F04112F0FC6F1346D0E90147066904
:10CFB0000ED044494FF47D73434A44480AF0A5FD1E
:10CFC00043480AF0A2FD4FF47D713F480AF094FDFA
:10CFD00002F03002302A0CD13E4940F2F7333A4A8F
:10CFE0003A480AF092FD3C480AF08FFD40F2F731D2
:10CFF000EBE73A4A3A4D1A40AA420CD1394940F27D
:10D00000FB33314A31480AF080FD37480AF07DFD94
:10D0100040F2FB31D9E703F00602042A09D1334973
:10D0200040F2FE33284A29480AF06FFD40F2FE31F3
:10D03000CBE713F440221ED09D030CD42C4940F2C0
:10D040000143214A21480AF060FD2A480AF05DFDAB
:10D0500040F20141B9E7B2F5402F0CD1264940F228
:10D060000543194A19480AF050FD24480AF04DFDBD
:10D0700040F20541A9E7DD0205D522B143F30002E4
:10D0800002F440225340012524688D40254223F4B8
:10D0900080120CD11A4940F211430B4A0B480AF096
:10D0A00034FD18480AF031FD40F211418DE7346833
:10D0B000DB074CBF2C43AC4334603B68BDE8F04118
:10D0C000184700BF35350300F534030004F30200B0
:10D0D000A4350300C8350300013603000200030035
:10D0E000020001003E3603008B360300DA360300EF
:10D0F0000D3703005C37030097370300E437030064
:10D10000103803004E38030070B5D0E901539C6914
:10D11000002C67D002F4C003B3F5C00F0ED1334921
:10D120004FF46373324A33480AF0EFFC32480AF096
:10D13000ECFC4FF463712E480AF0DEFC63B92F4912
:10D140004FF464732A4A2B480AF0DFFC2C480AF09B
:10D15000DCFC4FF46471EEE702F0E863B3F1C86FF2
:10D160000CD1284940F29333214A22480AF0CDFCE1
:10D1700025480AF0CAFC40F29331DCE702F0C863AC
:10D18000B3F5800F0CD121494FF46873184A194840
:10D190000AF0BBFC1E480AF0B8FC4FF46871CAE7FD
:10D1A00001232D688B402B420CD11A4940F2A53344
:10D1B0000F4A10480AF0A9FC17480AF0A6FC40F2F2
:10D1C000A531B8E7150205D505692D682B4218BFB2
:10D1D00082F0C062114BA446BDE87040134002F0DB
:10D1E000B07260476FF0570070BD00BF6038030039
:10D1F000F534030004F30200AD380300D93803000E
:10D200000939030034390300C73903001B3A03000E
:10D21000823A0300103803004E3803004000000635
:10D22000012310B503FA01F1436804691B68194230
:10D230000ED10E4940F2A2630D4A0E480AF065FC79
:10D240000D480AF062FC40F2A26109480AF054FC61
:10D250002368194203D022B183681B6903E0002AC6
:10D26000FAD08368DB68BDE8104018471038030027
:10D27000F534030004F302004E3803002DE9F843AF
:10D2800007460026164DDFF85C80DFF85C902868C2
:10D29000CFB140451AD048450CBF4FF098634FF0CE
:10D2A000E863EA88297902F040021A43FFF72CFF6D
:10D2B000044670B1012103460C4A0D480BF078FA80
:10D2C0002046BDE8F8834FF40013EAE74FF0986377
:10D2D000E7E70136042E05F10805D8D1F0E700BFD5
:10D2E00018EA02004CD3020068D30200C73A0300D8
:10D2F000E0DE020008B5034903480DF098FF6FF027
:10D30000150008BDE73A0300E0DE020070B50446F0
:10D31000EFF31186402383F31288BFF36F8F234806
:10D3200006F028F868B98423214A224922480AF0E5
:10D33000ECFB1E4921480AF0E8FB84211C480AF056
:10D34000DBFB1F4D194806F039F82B78BBB91D4B94
:10D350009C4202D01C4B9C420AD10020FFF78EFF5A
:10D3600018B11A491A480DF062FF0022194B1A70C1
:10D37000012320222B701848002304F0ADFB0B483A
:10D3800006F006F868B94FF49973094A13490A4838
:10D390000AF0BBFB054912480AF0B7FB4FF499713C
:10D3A000CCE786F31188BFF36F8F70BDB4330020D4
:10D3B00042F602007EF6020004F3020093F6020039
:10D3C000713A00204CD3020068D30200023B0300F4
:10D3D000E0DE0200703A002090250020A9F602004D
:10D3E000C0F6020008B5034903480DF020FF0020F5
:10D3F00008BD00BF1E3B0300E0DE02002DE9F7433D
:10D4000000244FF0010825461B4E306837794368E9
:10D4100008FA07F71B681F420ED1184940F249630A
:10D42000174A18480AF071FB17480AF06EFB40F2E1
:10D43000496113480AF060FBD0F81090836801A995
:10D440005B689847002807D00CDAFFF7CBFF002471
:10D45000204603B0BDE8F083D9F80020019B53407B
:10D460003B4202D008FA05F31C430135042D06F1B6
:10D470000806CAD1ECE700BF18EA02001038030022
:10D48000F534030004F302004E3803002DE9F041A7
:10D49000074688460025104E27FA05F212F00102D1
:10D4A00010D128FA05F3DB070ED531793068FFF784
:10D4B000B7FE044640B1094909480DF0B8FE2046C0
:10D4C000BDE8F0810122F0E70135042D06F10806E0
:10D4D000E2D10024F3E700BFF8E90200333B030088
:10D4E000E0DE02002DE9F041444F3B7853B10020CB
:10D4F000FFF7C4FE28B142494248BDE8F0410DF0B3
:10D5000096BE3870FFF77AFF04463F4BD3E8EF2F03
:10D51000C3E8E14F0029F9D13C4BDFF8F4801A78D9
:10D5200042BBD8F80060A64219D03A4B66401B684F
:10D530000BB1314698474FF0FF334FF0FF3236487A
:10D5400003F0CEF8354B1D6835B1043D2B683146EC
:10D55000204698476D68F7E72F4803F089F9C8F827
:10D56000004054B1BDE8F04140F2391200232C488C
:10D5700004F0B2BA00221A70F1E7EFF311864023EB
:10D5800083F31288BFF36F8F264805F0F3FE68B966
:10D590008423254A254926480AF0B7FA2149254817
:10D5A0000AF0B3FA842120480AF0A6FA1D4805F0D3
:10D5B00005FF214B1D78012D05D128461C70FFF772
:10D5C0005DFE04463D70174805F0E2FE68B94FF471
:10D5D0009973154A194916480AF097FA11491848DB
:10D5E0000AF093FA4FF49971DDE786F31188BFF3DF
:10D5F0006F8F0CB113497FE7BDE8F081703A0020CE
:10D60000493B0300E0DE0200C4330020FE0A002094
:10D6100094330020C833002098330020AC3300201E
:10D6200090250020B433002042F602007EF602006E
:10D6300004F3020093F60200713A0020A9F60200FA
:10D64000C0F60200623B030070B500260C4CE28875
:10D650002068217942F40032FFF7A2FC054648B960
:10D660000136042E04F10804F1D1BDE870400F2109
:10D67000FFF70CBF034904480DF0D9FD284670BDE3
:10D68000F8E902007A3B0300E0DE0200054BD3E834
:10D69000AF3F00B10360044811B102685A400A600C
:10D6A00003607047C4330020903300202DE9F84315
:10D6B0003A4B18603A4D3B480EF053F82E464FF067
:10D6C00000082F46F288306812F0010F0CBF2023AB
:10D6D000102331791A4342F48032FFF761FC04468B
:10D6E00030B1314931480DF0A2FD2046BDE8F88344
:10D6F00008F10108B8F1040F06F10806E2D1064668
:10D7000080464FF00109EA88286802F04002297932
:10D7100042F40012FFF7F8FC044608B12449E1E79F
:10D720002B7908F1010809FA03F3B8F1040F46EA6E
:10D73000030605F10805E6D10546DFF878801E4BA3
:10D74000C8E9013657F835008368DB6933B1012237
:10D7500041469847044620B11849C3E76FF0570483
:10D76000FAE70135042DEDD11549164804F07CF88F
:10D770000122154B13481A700023002204F024F9EB
:10D7800021462046FFF782FFFFF738FE0F4BD3E814
:10D79000EF2FC3E8E10F0029A7D0F8E7C833002036
:10D7A00018EA020098330020943B0300E0DE0200F8
:10D7B000B13B0300B83300200DD30100CC3B030084
:10D7C000E5D4010090250020713A0020C4330020E8
:10D7D00003280A4610B505D9FFF78CFD6FF0150434
:10D7E000204610BD074B03EBC001097953F8300008
:10D7F000FFF716FD04460028F2D0034903480DF058
:10D8000016FDEDE7F8E90200333B0300E0DE02001D
:10D8100002460B46014802F063BF00BF2C0C0020FB
:10D82000014803F025B800BF2C0C00201FB50023D1
:10D830000A2201930293CDF80B300091014601A812
:10D840000FF090FC4FF4B773074A084908480AF0F4
:10D850005CF9084801A9009A0AF057F94FF4B7712A
:10D8600001480AF049F900BFF43B030029470300CF
:10D8700004F302003C3C030003460A4610B511487D
:10D8800081680C6864B910496623104A10480AF090
:10D890003CF910480AF039F966210C480AF02CF9D5
:10D8A0001946A04768B10C4940F203330B4A0848B7
:10D8B0000AF02BF90A480AF028F940F20331074828
:10D8C000ECE710BD84D30200A73C0300643C0300D6
:10D8D00004F30200C73C0300C12D0300F43B030026
:10D8E000ED3C030008B50A490A480DF0D0FF0028B6
:10D8F0000CDA09492F23094A09480AF006F90948B0
:10D900000AF003F92F2105480AF0F6F808BD00BF18
:10D91000D0330020382D002029470300273D030085
:10D9200004F302005F3D0300094B93F84A30042BD7
:10D9300002D1810709D47047022B02D1020704D417
:10D940007047082B03D1830601D5FFF7CBBF704783
:10D95000723A0020F0B589B0064600AF0D46344853
:10D96000344903F03BFD07F10C00EBF732FB6C464A
:10D9700088B06A46304B0593304B06934FF40073E2
:10D98000ADF81C302E4B42F8103F2E492E4807F1BF
:10D990000C03F2F765FAA5462C480DF09BFE50B932
:10D9A00001212B4A28480AF0FAFE6FF012042046A3
:10D9B0002437BD46F0BD274B381D7B60E3F782FA64
:10D9C000034638B10121244A1F480AF0F1FE6FF0E6
:10D9D0001504ECE74FF0FF304FF0FF31FFF718FF71
:10D9E00004460028E3D11D491D48E2F7C1FE044664
:10D9F00010B1FFF715FFDAE741F64C5307F10800C5
:10DA0000BB60E4F7D9FA20B1FFF70AFF6FF0850495
:10DA1000CDE7012338463B70ECF7BAFA0028F3D182
:10DA2000FFF7FEFE33690F481D60F4F7C9FFBEE73C
:10DA3000D0330020F9B2020008100300823D030039
:10DA400003000001C01C4001A8DE020084D30200D4
:10DA5000A93D030079D80100C93D0300C02500207D
:10DA600039DB010029D9010030B5304887B0E2F731
:10DA700003FE0446002854D10125E2F7B7FEE2F781
:10DA8000C1FEEBF7A8FAEBF7A8FAEBF7A8FAEBF769
:10DA9000A8FA0221204603AA8DF80C50E2F71AFEDC
:10DAA00000283DDB08230721204603AAADF80C30EF
:10DAB000E2F710FE002833DB4FF04513039340F2EA
:10DAC00003230321204603AAADF81030E2F702FE3B
:10DAD000002825DB0421204603AA8DF80C50E2F72C
:10DAE000F9FD00281CDB1F230621204603AAADF800
:10DAF0000C30E2F7EFFD002812DB40F2767398421B
:10DB000012D90B4A009029460A480AF05BFE84F3BA
:10DB10001188BFF36F8F0423184602DF6FF00B00EC
:10DB20000446204607B030BD2046F9E72DD8010055
:10DB3000ED3D0300A8DE020073B5484C94F84A306E
:10DB40002BB394F84A30042B57D120783E2831D19A
:10DB5000A678B31E5E425E41637802334A2B2BD90E
:10DB60004A22009201213E4A3E480AF02BFE6FF005
:10DB70000B0301213C4A3B480AF01AFE002383F3C1
:10DB80001188BFF36F8F0423184602DF1DE04FF0AA
:10DB9000FF304FF0FF31FFF73BFE48B9204604F15C
:10DBA0004A0100F03FFB0546FFF73AFE002DC8D0C2
:10DBB00002B070BD0026CFE7002200233146F4F703
:10DBC00009FF054648B9002EF2D0002384F84A30F8
:10DBD00002B0BDE87040FFF785BE61780C300231BD
:10DBE000F4F70CFB62781D490232EEF7D0FC2946AF
:10DBF0001E4B1B681E489847E7E7022B0FD10022F7
:10DC000000230820F4F790FE06460028D0D065884F
:10DC100004354A2D0FD94A2300932B46A2E7082B3F
:10DC200016D1002200232020F4F77EFE65880646E8
:10DC30000028EDD1BCE7294606F10C00F4F7DEFA26
:10DC400006492A46EEF7A3FC084B31461B68D1E78C
:10DC50000121084A03480AF0ABFDB6E7723A0020FA
:10DC6000103E0300A8DE02006A3E0300CC33002011
:10DC7000BCD30200313E03002DE9F341A94D074614
:10DC80002C78002C40F0C68204238DF80730A64B78
:10DC90000688D3F80080B8F1000F15D1B6F5105FF3
:10DCA0004FEA96230BD2002B00F0A782013B072BF3
:10DCB00062D8DFE803F026614D95616161DD3F2B9D
:10DCC00000F0DE81012019E20DF106030DF10702DB
:10DCD000691CC0470128E1D09DF8063013B901281E
:10DCE00040F08E820F236B700423AB700123E87029
:10DCF0002B71A5F80560012300202B7002B0BDE850
:10DD0000F081384640F2064230F9033B934219D085
:10DD100040F21D42934218D0012042F219039E4264
:10DD200000F2588242F20C039E4200F24C8240F212
:10DD3000064340F21D429E4218BF964214BF012482
:10DD4000002430E0E3F7E6FEE7E7E3F759FFE4E716
:10DD5000384640F6634230F9033B934234D00EDC40
:10DD600040F60342934223D040F62D42934222D004
:10DD700040F60142934213D00120044613E040F6DE
:10DD80007B42934223D040F67C429342F4D19DF8EB
:10DD90000730664902338DF80730ECF796F801E05A
:10DDA000E2F76EFD012484F001038DF8063093E75D
:10DDB000EBF706F9F6E79DF807305C4903338DF879
:10DDC0000730EBF7B6FEEDE7E2F76CFDEAE79DF80A
:10DDD0000730564904338DF80730ECF768F8E1E76F
:10DDE0003B88A3F58053013B082BC5D801A252F80C
:10DDF00023F000BF19DE01002BDE01003FDE010031
:10DE000079DD010079DD010079DD010079DD0100B6
:10DE100079DD01005FDE01009DF8073043480833DB
:10DE20008DF80730EBF773FEBCE79DF807303F48ED
:10DE300040338DF807300DF061FA0020B2E7002280
:10DE40009DF8073008338DF80730384B1A605A6058
:10DE5000EB7A23F0600343F06003EB72EDE79DF88B
:10DE60000730324806338DF80730EBF797FE99E715
:10DE7000384630F8033BA3F50053013B4D2B00F22D
:10DE80009381DFE813F0550062006B00910174008C
:10DE9000770091017A007D0080009101910191014C
:10DEA00091019101910191019101910191019101E2
:10DEB000830086008F0091019800A100AA009101C3
:10DEC0009101910191019101B5009101BE00910173
:10DED0009101C100C400C700CA0091019101D300A3
:10DEE000D600D900E200EB00EE0091019101910112
:10DEF0009101910191019101910191019101910192
:10DF00009101910191019101910191019101910181
:10DF100091019101910191019101F1009101910112
:10DF2000FA0000BFBD3A0020E0330020C43A0020D0
:10DF3000E2F7C2FC42F264039E423FF434AF42F285
:10DF400064039E4200F2DA80E7E69DF80730B348AA
:10DF500003338DF80730E3F7D3FDEBE79DF8073087
:10DF6000AE4808338DF80730EBF72FFFE2E7EBF709
:10DF700031FEDFE7E3F720FFDCE7EBF753FFD9E7FC
:10DF8000EBF72BFFD6E7E3F771FFD3E7EBF70DFFD6
:10DF9000D0E79DF80730A14910338DF80730EBF733
:10DFA000F4FDC7E79DF807309C4808338DF807302B
:10DFB000EBF7B9FDBEE79DF80730984902338DF8BD
:10DFC0000730EBF754FFB5E79DF80730934902336C
:10DFD0008DF80730EBF75CFFACE79DF807300020C9
:10DFE00008338DF807308F23EB71C023EB72A1E764
:10DFF0009DF80730894902338DF80730EBF7F9FDBA
:10E0000098E7E3F7B9FD95E7EBF716FD92E7EBF735
:10E0100036FD8FE7EBF769FD8CE79DF807307F4809
:10E0200001338DF80730EBF76EFD83E7EBF74DFD1D
:10E0300080E7EBF741FD7DE79DF80730774808332F
:10E040008DF80730EBF705FE74E79DF8073073494C
:10E0500004338DF80730EBF727FE6BE7E3F7A4FDF9
:10E0600068E7EBF76BFE65E79DF807306B48023316
:10E070008DF80730EBF778FD5CE7EBF7FAFD59E731
:10E0800038464FF60C5230F8033B934222D84FF6F5
:10E090000252934212D803F2FF3292B20A2A3FF69A
:10E0A00011AEA3F57C43013B0A2B7FD8DFE803F0D8
:10E0B0001E347E7E7E5B7E7E49525E00A3F57D43EC
:10E0C000033B092B72D8DFE803F05A715D7171715F
:10E0D000607171634FF6145293425CD04FF6165242
:10E0E00093427FF4EFADE3F76FFF07E09DF8073051
:10E0F0004A480C338DF80730EAF775FF42F2850382
:10E100009E4274D842F267039E4251D842F266039F
:10E11000F41A18BF012446E600209DF8073040336A
:10E120008DF807303D4B1880EB7923F0230343F043
:10E130002303EB712B7A23F0070343F007032B72C1
:10E14000DCE79DF80730354817338DF80730EAF7DC
:10E1500065FFD3E79DF80730304820338DF807304E
:10E16000EAF780FFCAE7EAF757FFC7E79DF80730ED
:10E170002A4801338DF80730EAF791FFBEE7EBF745
:10E1800007FFBBE7E3F718FFB8E7EAF79EFFB5E73D
:10E19000EBF7E7FEB2E79DF80730204904338DF82E
:10E1A0000730EAF796FFA9E70120C3E60120C6E69B
:10E1B000A6F50153283B9AB2194BD34003F0010353
:10E1C00083F00104EFE5A6F500530D3B9AB241F24E
:10E1D0004123F2E742F232039E423FF4E4ADA6F55A
:10E1E0000153033B012B94BF00240124DBE54FF6D0
:10E1F000025226F008039C1A8BE701242046D2E540
:10E200009DF807300E22AB7001236A70EB70AE8070
:10E21000A87170E54FF0FF3070E500BFC43A0020F0
:10E220002F80402038B5094C0D4623781BB9BDE836
:10E230003840EBF72FB8A278611C02320EF04DFF88
:10E240000020042320702B7038BD00BFBD3A002091
:10E2500070B506460C460F4D28460DF03BFAA8B1A6
:10E26000A2B2AB681B6863B90B4966230B4A0C4822
:10E2700009F04BFC0B4809F048FC6621074809F0FF
:10E280003BFC31462846BDE8704018476FF012004D
:10E2900070BD00BF84D30200A73C0300643C0300B0
:10E2A00004F30200C73C03004FF40071014805F07D
:10E2B000C7BE00BF053B00201FB500230A22019303
:10E2C0000293CDF80B300091014601A80EF04AFFF1
:10E2D0004FF4AD73074A0849084809F016FC08488E
:10E2E00001A9009A09F011FC4FF4AD71014809F041
:10E2F00003FC00BFC23E03002947030004F30200F1
:10E30000FE3E0300322337B50125ADF8043000236B
:10E310001C216846134A8DF80630ADF800508DF880
:10E320000230EAF7D5FB0446C8B90CF0F5FB80B221
:10E33000E9F784F829460C48EEF789F8044670B9E5
:10E3400001462A468520F3F761F82A462146E52052
:10E35000F3F75CF82A4621468A20F3F757F820465F
:10E3600003B030BDB9E20100E833002008B54FF03A
:10E37000FF304FF0FF31FFF74BFA48B1074908482B
:10E38000E223084A09F0C1FBE221064809F0B4FB88
:10E39000EEF78FF9BDE80840FFF742BA153F0300DA
:10E3A00004F30200C23E0300024608B50A480B46C9
:10E3B0000A4903F085FA00280CDA09494723094A7B
:10E3C000094809F0A2FB094809F09FFB47210548CD
:10E3D00009F092FB08BD00BF382D0020F806002090
:10E3E00029470300273D030004F30200223F0300F6
:10E3F00008B50A490A480DF04AFA00280CDA09491A
:10E400002F23094A094809F080FB094809F07DFBE0
:10E410002F21054809F070FB08BD00BF4C340020D7
:10E42000382D002029470300273D030004F3020094
:10E430005F3D03000122054B05491A63A3F5402304
:10E44000D3F818050860C3F81825704700E010508D
:10E45000483400200122044B5A63044B1A68044BD1
:10E46000C3F81825704700BF00E010504834002062
:10E4700000E0045003460221014A02480AF098B91C
:10E480008F3F030038DF020028B1022806D10420A4
:10E49000034B1B681847024B1B68FBE7FFF7EABFFB
:10E4A0005C34002010B538B101280BD1BDE8104014
:10E4B00000200B49E8F7D2BE0A4B0220BDE810400D
:10E4C0001B68184708494C23084A094809F01DFBF6
:10E4D000084809F01AFB4C21044809F00DFB00BF65
:10E4E00089E401005C34002029470300AB3F0300AE
:10E4F00004F30200F73F030008B598B1012804D1E6
:10E50000BDE808400020E8F7C5BE07495F23074A79
:10E51000074809F0FAFA074809F0F7FA5F210348BB
:10E5200009F0EAFA08BD00BF29470300AB3F03002A
:10E5300004F30200F73F0300014B1860002070470E
:10E540005C34002038B5304C0D46237C834209D022
:10E550002E495D232E4A2F4809F0D7FA5D212C4819
:10E5600009F0CAFA04F13803D3E8AF3F2BBB0929FD
:10E570003DD8DFE801F0053C3C3C3C24241F3C2214
:10E58000A369D3E900209047012808D0224B984284
:10E5900003D00223606384F82C3020480EE042F25E
:10E5A0001073A362032384F82C301D4B84F82100E0
:10E5B0002363F2E7144802F097FB002038BD0023E4
:10E5C00084F82130174B207C1549A362EDF780FFBA
:10E5D00004460028F1D055230D4A13490D4809F08F
:10E5E00094FA2146114809F090FA5521B7E7902393
:10E5F000074A0F49074809F088FA29460D4809F0EB
:10E6000084FA9021ABE700BF603400206040030033
:10E610001740030004F302001F6466028C340020DC
:10E620007C340020FF3F420F824003008B400300F8
:10E6300029470300AE4003000122002101480DF0EC
:10E64000C5B800BF60340020014B5861704700BF5F
:10E6500060340020F8B54FF0FF3106464FF0FF3030
:10E66000FFF7D6F8054648B14849BC23484A49480F
:10E6700009F04BFABC21464809F03EFA46494748A2
:10E68000EAF766F90446FFF7CBF8002C08DA4448AD
:10E6900023460121434A0AF08BF86FF00B00F8BDC6
:10E6A00040F20113404C23846369A66164336362C2
:10E6B00042F21073A3626FF073032577636304F172
:10E6C0003806D6E8EF3FC6E8E25F002AF9D1A36832
:10E6D00037463BB13549D2232D4A2E4809F015FA69
:10E6E000D221C8E74FF0FF304FF0FF31FFF790F82D
:10E6F00038B12649D523264A264809F006FAD521FD
:10E70000B9E7207C04F11C01EDF7E2FE054658B1A3
:10E71000D7231F4A26491F4809F0F7F929462548FB
:10E7200009F0F3F9D721A6E7FFF77AF8002320468E
:10E73000214A02F057FB00280BDA01211F4A184832
:10E740000AF02DF80123D7E8EF2FC7E8E13F0029B1
:10E75000F9D14FF0FF304FF0FF31FFF759F838B1E2
:10E760000A49E2230A4A0B4809F0CFF9E22182E77D
:10E77000207CEDF78FFEFFF753F8D6E8AF3F13B1DB
:10E78000094802F0A9FB606B89E700BF153F030051
:10E790001740030004F302007034002045E5010037
:10E7A000F8DE0200C640030060340020EC400300A5
:10E7B000824003008B4003000E720B00E02D03002B
:10E7C00003689A070CD50368DB070DD50922074BB0
:10E7D000C3F80C250F22C3F8042501221A60FEE7B6
:10E7E000034B0360EF3B0360704700BF0080105095
:10E7F000F000FA5008B50123304A3148C2F8003819
:10E80000A2F55722D2F800242E4AD2F84023372A04
:10E8100004BF2D4AC2F80C34FFF7D2FF0830FFF7CF
:10E82000CFFF0830FFF7CCFF0830FFF7C9FF00F536
:10E83000F470FFF7C5FF254AD2F88C3043F44063EB
:10E84000C2F88C300022D30003F57F0303F5404368
:10E85000D3F8001401310AD0D3F8001439B1D3F839
:10E8600000140132D3F80434402A0B60EBD1184B6A
:10E87000D3F80026D2071CD4164B1449D3F8182518
:10E8800022F00302C3F81825D3F8182542F003023A
:10E89000C3F81825D1F88C2042F44062C1F88C20CE
:10E8A0000022C3F8A0250C4AD2F80034012BFBD07B
:10E8B00008BD6FF00102C3F80026DDE7000012502A
:10E8C00000F50E5000C0FF000030055000ED00E0E4
:10E8D00000E0105000E0045000900450034A430947
:10E8E000D35C00F01F001844C0B2704735580300D5
:10E8F00010B504460846FFF7F1FF04EB4000838A99
:10E90000DA051CD5C3F3432123F4F853838204F1C1
:10E91000120204F1500032F8023F13F4807F03D05A
:10E92000C3F3432399420AD09042F4D1002204EB6E
:10E93000C1035A6004F158000CF087FD00B910BD06
:10E94000054906484FF4DB73054A09F0DEF84FF439
:10E95000DB71034809F0D0F8C12D030004F3020075
:10E960002841030008B50268014610460CF086FDF8
:10E9700058B910494FF482630F4A104809F0C5F89E
:10E980004FF482610C4809F0B7F802F01F035209F6
:10E990000B600BD0012A0BD0094940F21943064AFB
:10E9A000064809F0B2F840F21941EBE7054808BD06
:10E9B0000548FCE7C83303008633030004F3020074
:10E9C0002947030000A0105000820D50072808B509
:10E9D0000BD90849084840F2A733084A09F095F8CE
:10E9E00040F2A731054809F087F8800000F58070F3
:10E9F00008BD00BFB941030004F3020075410300E4
:10EA0000024611F0010010B50BD18B07C1F3400095
:10EA10000DD50749086A50600862003818BF012008
:10EA200005E0044C236A13602362002BEDD010BD77
:10EA300000820D5000A01050F7B504460846FFF7BD
:10EA40004DFF04EB4006B38A0D46DB072AD520466E
:10EA50000CF005FE294620460CF021FD50B1204661
:10EA60000CF04CFD0023276807EB8000C0F8103540
:10EA7000C0F81035204600242946FFF739FFB4823C
:10EA800001A80195FFF76EFF019B00EB8300D0F812
:10EA90008020064B134043F00203C0F8803020462C
:10EAA00003B0F0BD6FF01500FAE700BFF0F0FCFF17
:10EAB0002DE9F0430E461746044685B058B95A4929
:10EAC0005A4840F25E435A4A09F01FF840F25E414C
:10EAD000574809F011F80846FFF700FFD7F8008003
:10EAE0000546B8F1000F19D020460CF0FCFC18BB0D
:10EAF0004346CDE900008DF80E008DF80F000DF1B2
:10EB00000F0230460DF10E010CF021FD04EB450221
:10EB1000938A23F0020343F0010393827B689BB343
:10EB20003146204693F80080D3F804900CF0D0FCD6
:10EB300028B1B9F1000F1FD06FF0150027E004EBEA
:10EB40004500838A23F4604323F020038382B9F1D4
:10EB5000000F11D0B8F1030FEED87B6821685B6815
:10EB600093F800C04FEA8C031944B8F1000F11D19B
:10EB7000C1F81085C1F8108504EB4502938A23F093
:10EB80001C0343EA88039382BB684BBB002005B09B
:10EB9000BDE8F083D1F8102522F00302C1F810255A
:10EBA00022681344D3F8102522F4473222F47C72F1
:10EBB000C3F8102541F6F072D3F8101502EA0612D8
:10EBC00042EA08420A43C3F8102504EB4C03A3F8B9
:10EBD0005C60838A43EA4C3343F020038382CBE7B3
:10EBE0003146D3E900782046FFF782FE002FCDD0D2
:10EBF00063689F4206D004F158000CF00CFC00281A
:10EC000004DAC4E7A3689845F5D1002004EBC003FB
:10EC1000C3E9017804EB4505AB8AC0B243EA40235F
:10EC200043F48073AB82B1E7C341030004F30200F5
:10EC3000284103002DE9FF410D4616461F460446B4
:10EC400058B93B493B484FF48D633B4A08F05DFFA0
:10EC50004FF48D61384808F04FFF0846FFF73EFE3D
:10EC6000804616B320460CF033FC18B920460CF051
:10EC700016FC08BB294620460CF01CFC10B173782A
:10EC8000012B19D001238DF80F300023721CCDE920
:10EC900000632846B31C0DF10F010CF058FC04EB87
:10ECA0004802938A43F003039382002F3ED0294603
:10ECB00020460CF00DFC20B96FF0150004B0BDE843
:10ECC000F08100223E78236804EB480003EB8603C2
:10ECD000C3F81025C3F81025838A4FEA860C23F465
:10ECE000604323F0200383827978F9B12268134BC3
:10ECF0006244D2F81045BF782340C2F8103541F67F
:10ED0000F073090401F4403103EA05130B4339059C
:10ED1000D2F8104501F480110B432343C2F810359B
:10ED2000838A43EA463343F0200383820020C5E709
:10ED3000C341030004F30200284103000FE0ECFF8D
:10ED400008B558B90749084840F27143074A08F026
:10ED5000DCFE40F27141054808F0CEFEC0E9031226
:10ED600008BD00BFC341030004F3020028410300B3
:10ED700070B51546044658B9134940F27A43134A10
:10ED8000134808F0C2FE40F27A41104808F0B4FE81
:10ED90004AB9104940F223330C4A0D4808F0B5FE39
:10EDA00040F22331F1E70CF07AFB48B10846FFF757
:10EDB00095FD04EB40040020A38A5B0B2B7070BD13
:10EDC0006FF01500FBE700BFC341030028410300BB
:10EDD00004F30200CE410300F8B5044658B91B49BC
:10EDE0001B484FF491631B4A08F08FFE4FF491616A
:10EDF000184808F081FE90F86C5090F86D7015BBC3
:10EE00003E22294614300EF08EF9134B266853F833
:10EE10003770AF4212D1002540F20D10C6F84451B0
:10EE2000D6F844310D4B9E4208BFDB20F2F7CCFAF6
:10EE30000123284684F86C30A365F8BDE8B2FFF7DB
:10EE4000C5FD0135E5E76FF07700F6E7C341030044
:10EE500004F302002841030044EA020000A00D5020
:10EE600008B558B90849094840F28F43084A08F0E4
:10EE70004CFE40F28F41064808F03EFE90F86C00D0
:10EE8000003818BF012008BDC341030004F302008D
:10EE90002841030008B558B90749084840F29D4386
:10EEA000074A08F032FE40F29D41054808F024FE72
:10EEB000BDE80840FFF7C0BDC341030004F30200F2
:10EEC0002841030008B558B90A490B4840F2A44349
:10EED0000A4A08F01AFE40F2A441084808F00CFE65
:10EEE000074B90F86D0003EB8000BDE808400CF084
:10EEF000ACBA00BFC341030004F302002841030081
:10EF0000500A002010B50C4658B90C490C4840F284
:10EF1000AB430C4A08F0F9FD40F2AB41094808F058
:10EF2000EBFD094B90F86D0003EB80000CF073FAD9
:10EF30000028A4BF2070002010BD00BFC341030003
:10EF400004F3020028410300500A00202DE9F34198
:10EF50000D461646044658B938494FF4A563384A59
:10EF6000384808F0D2FD4FF4A561354808F0C4FDDB
:10EF70000CF0A0FA48B9344940F23543304A3148E0
:10EF800008F0C3FD40F23541EFE720460CF087FA68
:10EF90002768F8B120460CF09BFA8046D0B920468D
:10EFA0000CF0ACFA0546FFF711FD47F800803B581E
:10EFB000236803EB8503D3F8102542F00102C3F860
:10EFC000102526B101232268AB40C2F8143302B0E9
:10EFD000BDE8F081D7F814339B035CBF4FF40033D6
:10EFE000C7F814334EB9194940F24F43144A154833
:10EFF00008F08BFD40F24F41B7E72846FFF76EFC63
:10F0000004EB4004A38AC3F38203042B11D0052B25
:10F0100011D001A80195FFF7A5FC019BC168D9405B
:10F0200001F001010231284602B0BDE8F0410CF0C8
:10F03000DBBA0321F7E70221F5E700BFC341030074
:10F040002841030004F30200D8410300F941030002
:10F0500008B558B90749084840F22F53074A08F045
:10F0600054FD40F22F51054808F046FDBDE8084028
:10F070000CF0F5BAC341030004F302002841030079
:10F080002DE9F04F07468DB058B97349734840F2E7
:10F090005C63734A08F039FD40F25C61704808F027
:10F0A0002BFD804658F804AB90F86D40DAF8141345
:10F0B0006C4BC9B253F83420504641F400310CF087
:10F0C000A2FA8203054639D50023CDE90A33654B00
:10F0D000E60003EBC40463680AA819460193FFF72E
:10F0E0008FFC331D04934FF0000B5F4B0DF128098B
:10F0F0000393039A5B4912F8013B0392049A02EBD3
:10F10000D3028A5C03F0070322FA03F3DB071BD464
:10F110000BF10103022B4FF0010B09F10409E8D1B7
:10F120004FF40031002250460CF06DFA01990AA804
:10F13000FFF766FC0028D6D125F400350124002D08
:10F1400074D10DB0BDE8F08F484B5B440593D9F8FE
:10F1500000100029DCD091FAA1F1B1FA81F1059BF0
:10F160001C7841EA44142046FFF7B8FB07EB400047
:10F17000828AC808C2F38203CDE9062302930123E1
:10F1800019F8006001F0070103FA01F126EA010114
:10F1900009F8001009A80994FFF7E4FB0999069AF9
:10F1A000203150F8216012F0100F079BC6F3014682
:10F1B00023D021464046029A0CF0AAF909A80994E6
:10F1C000FFF7D0FB099BF6B2203350F82330C3F38E
:10F1D00001439E4207D1002120460CF005FA31463A
:10F1E00020460CF001FA09A80994FFF7BBFB0122A5
:10F1F000099B02FA03F30362A9E7022E14BF02215E
:10F200000321204606930CF0EFF9069B032B03D055
:10F21000022E07D1012BE6D121464046029A0CF07E
:10F2200077F9E0E7032EDED1022BF4E795FAA5F398
:10F23000B3FA83F304FA03F225EA020503F5A27296
:10F240005AF8222007EB43034046B3F85C10C2F3A0
:10F2500001420CF05DF972E7C341030004F30200C0
:10F260002841030044EA02004558030045580300C2
:10F270000123034A03FA00F0936803439360704745
:10F280002807002073B504460191EFF3118640234F
:10F2900083F31288BFF36F8F0B4D019B6A6801A83F
:10F2A000134001930CF0B7F8002807DB01226B68CC
:10F2B000824023EA02036B602070002086F31188ED
:10F2C000BFF36F8F02B070BD2807002008B5154B43
:10F2D000027AD3F8101521F001010A43C3F8102572
:10F2E0000268B2F5803F0BD30F4940F2B9730F4A61
:10F2F0000F4808F00AFC40F2B9710C4808F0FCFB1A
:10F30000C3F8A4264268FF2A09D90A4940F2C47307
:10F31000064A074808F0F9FB40F2C471EDE7C3F86C
:10F32000AC2608BD00200E504642030004420300F4
:10F3300004F302006E4203000B2808B501D800292F
:10F340000BDA0B490B4840F216530B4A08F0DDFB71
:10F3500040F21651084808F0CFFB000100F1A04030
:10F3600041EAC27100F56220C0F8281508BD00BF4F
:10F37000A842030004F30200044203000B2808B56E
:10F380000BD90B490B4840F20B530B4A08F0BDFB5D
:10F3900040F20B51084808F0AFFB000100F1A0401B
:10F3A00000F56220D0F82415D0F8200508BD00BF74
:10F3B0009442030004F30200044203000B2808B542
:10F3C0000BD911494FF4A063104A114808F09DFB76
:10F3D0004FF4A0610D4808F08FFBB3F5801F09D3EF
:10F3E0000C4940F20253094A094808F08EFB40F2EA
:10F3F0000251EFE7000100F1A04000F56220C0F8E3
:10F400002025C0F8243508BD9442030004420300BF
:10F4100004F30200E4420300012303FA00F010F0B9
:10F42000670F0AD0064B5B68DB4303F067030342B8
:10F430000CBF6FF01500002070474FF0FF30704791
:10F440002807002038B50F4B1B78012B0ED14FF049
:10F45000FF306FF040410C4CD4E90023904271EB37
:10F460000305F9D31046C3F3130138BD0749084813
:10F4700040F21913074A08F048FB40F219110548F9
:10F4800008F03AFB2807002040270E504C430300A9
:10F4900004F302000143030030B50C25074B1C1890
:10F4A00094F8544005FB0433C3E903121875012393
:10F4B000034A8340C2F8243330BD00BF2807002030
:10F4C00000200E50F0B5504D85B02C78002C40F047
:10F4D00095804E4A01AB07CA83E807004C4918469D
:10F4E000D1F8102522F00202C1F81025FFF7EEFE38
:10F4F0000723672202F001012144013BCCB24FEA0D
:10F500005202F7D1052C7CD119464FF0010C3E4E2A
:10F5100000246720CFB204E00CFA02F220EA0200D5
:10F52000013490FAA0F25FFA84FE7745B2FA82F2D3
:10F53000F2D80131327505292A4482F8547006F157
:10F540000C06E5D10121002432489A0801FA02F2A2
:10F5500012F0670F18BF1C500433302BF5D1E42094
:10F56000F1F732FF2A4B0024D3F81025012622F0B0
:10F570000202C3F8102540F6FF72C3F82823C3F82F
:10F580008041C3F88040C3F88441C3F88440C3F885
:10F590008841C3F88840C3F88C41C3F88C40C3F855
:10F5A0009041C3F89040C3F89441C3F89440C3F825
:10F5B0009841C3F89840C3F89C41C3F89C40C3F8F5
:10F5C000A041C3F8A040C3F8A441C3F8A440C3F8C5
:10F5D000A841C3F8A840C3F8AC41C3F8AC401E66CC
:10F5E0000D4B0E4A1B685D20B3FBF2F358430C4BE6
:10F5F0003343984720462E7005B0F0BD6FF077007A
:10F60000FAE76FF08B00F7E7280700207CE00200A4
:10F6100000200E5000210E504C0A002040420F00E6
:10F62000A0E3020038B52C4B0D461B78012B0BD004
:10F630002A492B4840F206232A4A08F066FA40F28B
:10F640000621284808F058FA274BD3F810259407CC
:10F650003CD4D3F8102542F00202C3F81025C0B103
:10F66000D3F8482712F0010202BFD3F8481741F03F
:10F670000101C3F848171C4BD3F84017D3F84417BF
:10F680004800F9D42AB9D3F8482722F00102C3F878
:10F690004827164B164A1B68B3FBF2F3124A03EBDA
:10F6A0004313B3B1D2F84017D2F8441749000BD432
:10F6B0004FF0FF312846FFF7E5FD044610B92878E2
:10F6C000FFF7D6FD204638BD013BEAE76FF077042F
:10F6D000F8E76FF07304F5E7280700204C430300B8
:10F6E00004F302000143030000200E504C0A0020E6
:10F6F00040420F002DE9F04104461D46FFF78CFE05
:10F70000904607469DF8186058B11549154840F2D3
:10F71000BB23154A08F0F9F940F2BB21124808F062
:10F72000EBF912490B1993F854300C3301EBC30079
:10F7300041F8332045602B4620466EB10C4EA400A4
:10F74000FFF73CFE33592BB1FFF77CFE4045A94142
:10F7500000D23751BDE8F081BDE8F041FFF72EBE81
:10F760007543030004F3020001430300280700204F
:10F7700000210E50F8B50546FFF74EFE58B111496D
:10F78000114840F21933114A08F0BFF940F219311B
:10F790000E4808F0B1F90E48431993F854300C3371
:10F7A00050F8334000EBC30CDCF80460641846F1F9
:10F7B000000640F83340CCF804602846BDE8F84025
:10F7C000FFF7BABD7543030004F3020001430300D1
:10F7D000280700202DE9F7432C4B2D4FD3F82C633D
:10F7E00007F1880916B903B0BDE8F08396FAA6F8C8
:10F7F0000123B8FA88F803FA08F3D94326EA030686
:10F8000007EB080393F854500C2303FB0573187D92
:10F8100040450BD01F49204840F2B7331F4A08F03B
:10F8200074F940F2B7311D4808F066F91C4CDB68EA
:10F830004FEA880214441BB3D9E8EF3F03EA010200
:10F84000C9E8EC2FBCF1000FF6D123FA08F3DB076F
:10F8500011D5FFF793FD02460B4621680029C1D060
:10F86000002121600C2101FB0575296940460091AA
:10F87000E9688847B6E707EBC503D3E91823ECE747
:10F880002268002AAED02360ACE700BF00200E50F3
:10F89000280700209443030004F3020001430300FF
:10F8A00000210E5000220F4BC3F80021D3F80011A5
:10F8B000C3F80421D3F80411C3F80821D3F80811C0
:10F8C000C3F80C21D3F80C11C3F81021D3F8101190
:10F8D000C3F81421D3F81411C3F81821D3F8183140
:10F8E000704700BF0090045070B54FF4FA7500F1F6
:10F8F000A044144E04F5922423682BB123689BB1D5
:10F90000FFF7D0FF00200EE0D6F80831002BF5D12C
:10F91000D6F80C31002BF1D10A200BF07AFD013D15
:10F92000EAD16FF0730070BD064BD3F8083123B1F4
:10F93000FFF7B8FF6FF00C00F5E7FFF7B3FF6FF0CC
:10F940000D00F0E700900450F92808B50BD90849DC
:10F9500008484FF4DA73084A08F0D7F84FF4DA7120
:10F96000054808F0C9F8054BC3F8000508BD00BFFD
:10F97000F943030004F30200B8430300009004506D
:10F980002DE9F04104460D464FF4FA76114FD7F8B1
:10F990000084B8F1000F08D00A200BF03AFD013EB8
:10F9A000F5D16FF00A00BDE8F0812046FFF7CCFFEB
:10F9B00001234FF48870FB60FFF796FF10F1740F7E
:10F9C000F1D010F10E0F14BF002001202870404626
:10F9D000E9E700BF0090045010B5054C207820B92D
:10F9E000FFF760FF0123237010BD6FF07700FBE786
:10F9F000053D0020F8B5164B06461B780D46012B39
:10FA000002D108B1F92909D912491348BE23134A72
:10FA100008F07BF8BE21114808F06EF84FF4FA7731
:10FA20000F4CD4F800343BB10A200BF0F2FC013F3C
:10FA3000F7D16FF00A00F8BD0123C4F80465C4F8DB
:10FA4000005523604FF48070BDE8F840FFF74CBFCD
:10FA5000053D00205444030004F302000A4403005F
:10FA6000009004502DE9F0411B4B04461F78012FF4
:10FA70000CD1F9280AD84618731EF92B06D829B1DB
:10FA8000DFF85880A6420BD8002015E0144915482D
:10FA9000D423154A08F039F8D421134808F02CF87B
:10FAA0004FF4FA75D8F8003443B10A200BF0B1FCDA
:10FAB000013DF7D16FF00A00BDE8F0812046FFF765
:10FAC00043FF4FF48270C8F80470FFF70DFF002861
:10FAD000F2D10134D6E700BF053D0020009004506C
:10FAE000A744030004F302000A4403002DE9F04197
:10FAF0001C4B04461F78012F0CD1F9280AD8461850
:10FB0000731EF92B06D829B1DFF85C80A6420DD808
:10FB1000002017E0154916484FF49C73154A07F06A
:10FB2000F4FF4FF49C71134807F0E6FF4FF4FA75A9
:10FB3000D8F8003443B10A200BF06BFC013DF7D13B
:10FB40006FF00A00BDE8F0812046FFF7FDFE4FF49C
:10FB50008470C8F80870FFF7C7FE0028F2D101349E
:10FB6000D4E700BF053D002000900450A7440300E7
:10FB700004F302000A440300F8B5184B05461B784D
:10FB80000E46012B02D1F92800D859B9144915485D
:10FB900040F25913144A07F0B8FF40F259111248C5
:10FBA00007F0AAFF4FF4FA77104CD4F800343BB1B9
:10FBB0000A200BF02EFC013FF7D16FF00A00F8BDD0
:10FBC0000123C4F800554FF48870E360FFF78CFE02
:10FBD0000028F4D1D4F808353360F0E7053D002063
:10FBE0001B45030004F302000A4403000090045084
:10FBF00070B5134B04461B781546012B07D1F92825
:10FC000005D84618731EF92B01D801B162B90D4908
:10FC10000D484FF4BE730D4A07F077FF4FF4BE71E5
:10FC20000A4807F069FF0134A64207D92946204651
:10FC3000FFF7A6FE18B92B78002BF4D1002070BD79
:10FC4000053D00206945030004F302000A44030057
:10FC50002DE9F843214B044693F800801546B8F18E
:10FC6000010F18D1F92816D847187B1EF92B12D886
:10FC700089B182B1DFF86890A7422AD94FF4FA76A9
:10FC8000D9F800349BB10A200BF0C3FB013EF7D139
:10FC90000120BDE8F883134913484FF4CB73134A8E
:10FCA00007F033FF4FF4CB71104807F025FF2046D3
:10FCB000FFF74AFE4FF48870C9F80C80FFF714FE76
:10FCC00010F1740FE4D00D300CBF012300232B7012
:10FCD00001D00020DDE70134CEE700BF053D002064
:10FCE00000900450EB45030004F302000A440300B3
:10FCF00008B50649064840F2D623064A07F005FF34
:10FD000040F2D621034807F0F7FE00BFB2460300D9
:10FD100004F302006F460300102908B501D9FFF76C
:10FD2000E7FF054B40EA0120C3F80005D3F80024A3
:10FD3000D207FBD508BD00BF00E0045008B5124B48
:10FD4000A822002118460DF0EEF903220F490261A6
:10FD500042610F4A8161C2614FF4806202620022F7
:10FD600082624262C26201660A490346416610210C
:10FD7000816609490267C266426711F8010D98540D
:10FD80000132102AF9D108BD70040020D8460300C2
:10FD90007000002060000020575803002DE9F74F45
:10FDA0001826DFF88880814606FB008700FB066680
:10FDB0007D6AD7F828C046447368AC458B46144624
:10FDC00003EB050025D83B6AA3EB050A0AF1FF3EC9
:10FDD000724507D82C440DF080F97C62012003B0F5
:10FDE000BDE8F08FE64472451ED8524601930DF0EF
:10FDF00074F9019B2C44E41A05D0224670680BEB81
:10FE00000A010DF06AF9182303FB0988C8F8244099
:10FE1000E4E70CF1FF3CACEB050C944504D325441E
:10FE20000DF05BF97D62D9E70020D8E7700400206F
:10FE30001822034B02FB00339A6A586A801A7047F3
:10FE400070040020002310B4074A0849C85C12F867
:10FE5000014D844204D10133102BF7D110BC7047FF
:10FE600010BCFFF76BBF00BF5758030070040020A1
:10FE700038B5436905463BB90024EA6860425378C7
:10FE800043F00103537038BD984704460028F3D06F
:10FE900000F1FF03FE2B0ED92123094A09490A4824
:10FEA00007F033FE29680948224607F02EFE21217B
:10FEB000034807F021FEEB6844421C70DDE700BFF9
:10FEC000E14603001347030004F302002B4703003D
:10FED00010B50446EFF768FE03480121034A08F015
:10FEE0005EFC20460BF001FC40DF0200504703009F
:10FEF0002DE9F84304460D4600AFEFF31188402387
:10FF000083F31288BFF36F8F0428324A98BF324BB5
:10FF1000E9468AB09668117C98BF53F820306A464B
:10FF200088BF2E4BCDE9073140F201332C48ADF8A4
:10FF300024302C4BCDE9050442F8103F00234FF448
:10FF400031512948EFF78CFFCD4645B1EB69C3F33A
:10FF5000080323B10121254A234808F020FC2EB1D3
:10FF600030460BF0ADFC08B1037803B92048E946F0
:10FF70008AB06A461F4B0790CDE9053640F201333F
:10FF8000ADF820301C4B42F8103F00234FF41151C4
:10FF90001548EFF765FF2946CD462046FFF798FF45
:10FFA000042C0CD115498723154A164807F0ADFDDE
:10FFB000154807F0AAFD8721114807F09DFD88F339
:10FFC0001188BFF36F8F3046F1F7CAFABD46BDE81E
:10FFD000F88300BF9C34002054EA02005F4703000E
:10FFE0006D4703000500000140DF02009547030054
:10FFF000C90F0300B647030004000001FF470300D8
:020000022000DC
:10000000CE47030004F302001C48030038B50A4B36
:1000100053F82040013053F82050A54200D838BD95
:10002000606830B1037EDB0701D4FFF721FF08349D
:10003000F3E723689847FAE768EA0200012270B5FF
:10004000364B86B003201A70FFF7E0FF0BF018FD67
:100050000420FFF7DBFF324C324DAC42264628D954
:1000600031494423314A324807F04FFD314807F007
:100070004CFD44212D4807F03FFD54F80C3C0593FE
:1000800054F8103C049354F8143C039354F8183C6F
:10009000029354F81C3C019354F8203C009354E91B
:1000A0000A2354E90C0101F0BDFE54F8303C5E65B2
:1000B000D3E7AE4204F13004DFD302F097FB184CD3
:1000C000AC421FD918496823184A194807F01DFD8A
:1000D000184807F01AFD6821CCE7D4E90A23B3F1E8
:1000E000FF3F08BFB2F1FF3F05D052EA030120688D
:1000F00003D102F0FDFD3034E2E70F49183003F080
:1001000093F9F8E7E9D302F0E3FBEDF737FC0B4A8C
:10011000938923F00103938106B070BD063D002052
:1001200008DD020038DD0200CB4803009B480300D5
:1001300004F30200D0FA0200D9230200682E002046
:10014000882370B5134E012203FB0066002386B09E
:10015000CDE904230F220193CDE9023214234FF499
:10016000A0720D4D0D4903FB0055044602FB001122
:100170000B4B3046009501F055FE337C2C7423F078
:1001800004033374074B013403EBC423EE606B604C
:1001900006B070BDE02D00209C340020806A002055
:1001A00099060200806200207FB50020FFF72EFF35
:1001B000344B03F5006282F3088883F30A88E02356
:1001C000314C84F822302023E377002323766376B2
:1001D000A37684F82030626A42F4E022626284F8F6
:1001E0002330F1F75DF8F1F7A5F94FF0FF33A36283
:1001F000E362F1F7CFFBF1F71FFAEFF7FFFB2348BC
:1002000001F0BAFE224B234A93420ED92249CC2355
:10021000224A234807F079FC224807F076FCCC21DB
:100220001E4807F069FC1C33EEE7FCD30120FFF702
:10023000EDFE02201C4CFFF7E9FE02F003FC1B4B15
:1002400000255C611A4B4FF4606205930123194944
:10025000CDE903532046184BCDE90155009501F037
:10026000E1FD0646237C204623F00403237402F0BC
:1002700025F82846FFF764FF314620460E4AF1F77D
:1002800039F900BF8062002000ED00E0982F0020C7
:1002900030D30200F4D30200F84803009B48030067
:1002A00004F30200D0FA0200682E00209C340020E3
:1002B00010490300C06B00203D00020038B50D4C12
:1002C0000D4DAC4213D90D4925230D4A0D4807F0B9
:1002D0001CFC0D4807F019FC2521094807F00CFC0F
:1002E0002046D4E901120BF008FA1834E9E7F7D3F5
:1002F000002038BDB00B0020C80B0020914903003E
:100300001849030004F30200D0FA0200F8B50546CC
:100310000E4600F11404EFF31187402383F3128893
:10032000BFF36F8F204603F025F868B984231B4A7A
:100330001B491C4807F0E9FB21461B4807F0E5FB79
:100340008421164807F0D8FB204603F037F82846EA
:100350003146EDF7FBFC05F10C0002F02BFB28B158
:1003600039462046BDE8F8400BF0EEBA204603F0CF
:100370000FF868B94FF49973084A0C49094807F017
:10038000C4FB21460A4807F0C0FB4FF49971D8E737
:1003900087F31188BFF36F8FF8BD00BF42F60200EC
:1003A0007EF6020004F3020093F60200A9F60200B2
:1003B000C0F6020038B50E4C0E4DAC4212D90E49B3
:1003C000A2230E4A0E4807F0A0FB0E4807F09DFB43
:1003D000A2210A4807F090FB20460BF098F920B9BB
:1003E0002034EAE7F8D3002038BD6FF01500FBE7B2
:1003F000500B0020B00B0020DE490300AA49030087
:1004000004F30200D0FA02002DE9F74305460F4637
:1004100091461C4600F10806EFF31188402383F350
:100420001288BFF36F8F304602F0A4FF60B98423B7
:10043000314A3249324807F068FB3146314807F00B
:1004400064FB84212C4826E0304602F0B7FF2B697C
:100450001BB33B601C68EB692C610133EB6114B981
:100460006A6993421FD0EB68E41A09D4D5E90523E1
:100470005A43A24204D9B4FBF3F203FB124494B1F1
:100480002149F723214A1E4807F03FFB204807F087
:100490003CFBF7211D4807F02FFB59EA040214D159
:1004A0006FF00B043B60304602F072FFF0B94FF47E
:1004B0009973114A1749124807F027FB314616482D
:1004C00007F023FB4FF49971BCE7CDE900942A466D
:1004D0004146304601F0C8FF044618B90F4B9B68EF
:1004E0005B693B60204603B0BDE8F08388F3118868
:1004F000BFF36F8FF6E700BF42F602007EF6020000
:1005000004F3020093F60200FB490300AA4903002A
:10051000774A0300A9F60200C0F602009C340020CE
:100520002DE9F843C3680546CB1A0E4623D4D0E91B
:100530000512514399421ED9B3FBF2F102FB11336C
:10054000CBB900F10807EFF31189402484F3128836
:10055000BFF36F8F384602F00DFFD8B98423414AAC
:100560004149424807F0D1FA3946414807F0CDFAEF
:1005700084213C480CE03F4940F21F133E4A3B486F
:1005800007F0C3FA3D4807F0C0FA40F21F113A489D
:1005900007F0B2FA384602F011FFD5F81080B8F132
:1005A000000F40D1EFF3118384F31288BFF36F8FF4
:1005B00083F31188BFF36F8F5BB93149BB23314A95
:1005C0002A4807F0A2FA304807F09FFABB212D48CD
:1005D000DEE72C68A54226D02CB3A3683BB92B4993
:1005E000A423284A214807F090FAA421EFE7D4E990
:1005F000003213605A60237CC4E9008823F00203B0
:100600002374C4F8088004F1180002F0E9FF2046C2
:10061000C4F88080666101F051FE49463846BDE865
:10062000F8430BF091B92B6938463360EB692E61C2
:10063000013BEB6102F0ACFE68B94FF49973094AD3
:1006400013490A4807F061FA3946124807F05DFA83
:100650004FF499718DE789F31188BFF36F8FBDE86F
:10066000F88300BF42F602007EF6020004F30200A7
:1006700093F6020029470300AA490300924A0300A7
:10068000EE4A0300B44A03008E490300064B030000
:10069000A9F60200C0F6020008B50D4B9B6893F95D
:1006A0000E30002B09DB4024EFF3118384F3128812
:1006B000BFF36F8F08F0E7FAF6E7064906481C23F8
:1006C000064A07F022FA1C21044807F015FA00BF79
:1006D0009C3400204D4B030004F302001D4B03002B
:1006E0002DE9F341044617461E46EFF3058565B133
:1006F00054497323544A554807F007FA544807F001
:1007000004FA7321504807F0F7F9EFF311884023FA
:1007100083F31288BFF36F8F4E4802F02BFE60B94F
:1007200084234D4A4D49494807F0EFF949494C485F
:1007300007F0EBF984214848E5E7464802F03EFE21
:10074000484BE2689B6892B1A068984227D057EA6C
:1007500006022CD13F4802F01BFE90B188F31188AD
:10076000BFF36F8F6FF00F0002B0BDE8F08193F917
:100770000E100132C4E902323648216102F008FE4F
:1007800078B94FF49973344A3749304807F0BDF9C6
:100790003049364807F0B9F94FF49971CBE7216930
:1007A000E7E788F31188BFF36F8F0020DCE793F948
:1007B0000E1090F90E30994205DA9942A8BF1946F9
:1007C0000AF0C7FF054622464146CDE9007621489A
:1007D00001F04AFE0028E8D0EFF31186402383F3AE
:1007E0001288BFF36F8F1B4802F0C4FD002897D01A
:1007F000184802F0E3FDA068C0B1236821699C425B
:100800000AD04BB193F90E309942A8BF19466FF048
:100810007F039942B8BF19460AF09BFF30B13146B9
:100820000C480BF091F86FF00A009DE7002DF6D10F
:10083000084802F0ADFD0028A3D086F31188BFF36D
:100840006F8FF0E7A64B0300754B030004F3020023
:10085000B84B0300BC34002042F602007EF60200D2
:1008600093F602009C340020A9F60200C0F60200B4
:10087000F8B50546EFF3058363B15649EA23564AB6
:10088000564807F042F9564807F03FF9EA21524826
:1008900007F032F98368002B00F09580514A926886
:1008A000934240F09380C3684BB94F494FF4817332
:1008B000494A4A4807F029F94FF48171E7E7012BCB
:1008C00003D0013BC3600020F8BDEFF31187402443
:1008D00084F31288BFF36F8F444802F04BFD60B978
:1008E0008423434A43493D4807F00FF93F494248B2
:1008F00007F00BF984213E48CAE73C4802F05EFD50
:100900002969A8680AF025FFEFF3118384F31288A0
:10091000BFF36F8F83F31188BFF36F8F5BB93749D4
:10092000BB23374A2D4807F0F0F8364807F0EDF8BA
:10093000BB213348ACE72C68AC4215D100232B48CF
:10094000C5E9023302F024FD002837D14FF4997332
:10095000274A2D49214807F0D8F824492B4807F0A9
:10096000D4F84FF49971C6E7002CE7D0A3683BB9DF
:100970002749A423224A194807F0C7F8A421D8E739
:100980000026D4E9003213605A60237CC4E9006673
:1009900023F002032374A66004F1180002F020FE85
:1009A000AC6094F90E3020462B61C4F8806001F0F1
:1009B00085FC39460D480AF0C7FF84E787F31188A4
:1009C000BFF36F8F7FE76FF015007DE74FF0FF30CB
:1009D0007AE700BFA64B0300754B030004F3020047
:1009E000B84B03009C340020DD4B0300BC340020D6
:1009F00042F602007EF6020093F60200EE4A030081
:100A0000B44A03008E490300A9F60200C0F60200B2
:100A1000064B030008B583684BB90B490B48A42368
:100A20000B4A07F072F8A421094807F065F8D0E9ED
:100A3000003213605A600023027CC0E9003322F0C8
:100A400002020274836008BD064B030004F3020037
:100A5000B44A03002DE9F04704460D4691469A46F4
:100A60009DF8206000F10807EFF31188402383F31D
:100A70001288BFF36F8F384602F07CFC60B9842384
:100A80004A4A4B494B4807F040F839464A4807F074
:100A90003CF8842145481BE0384602F08FFC06B143
:100AA0006568EFF31183402282F31288BFF36F8FE2
:100AB00083F31188BFF36F8F63B94049BB23404A6A
:100AC0003C4807F022F83F4807F01FF8BB213C489C
:100AD00007F012F8234653F80C6F9E4216D0AEB1C1
:100AE00000243046FFF796FF06F1180002F078FD6B
:100AF0003046C6F88040C6F8149001F0DFFB41464E
:100B000038460AF021FF2046BDE8F087BAF1000F11
:100B100014D0082003F03AF900283FD00122C0F891
:100B200004900260016801F003015DB922680A4384
:100B30000260626820606AB960600BE04846C9F8EC
:100B400000A0EFE72A68032A1DD801606168A1B9F7
:100B5000C4E900000024384602F01AFC08BB4FF438
:100B60009973124A1849134806F0CFFF39461748BF
:100B700006F0CBFF4FF499718CE70A6802F003028C
:100B800002430A60D8E722F003020A4302602A689F
:100B900002F0030240EA02032B60DBE76FF00B0474
:100BA000D9E788F31188BFF36F8FACE742F60200F4
:100BB0007EF6020004F3020093F60200EE4A030000
:100BC000B44A03008E490300A9F60200C0F60200F1
:100BD0002DE9F743064690461F4600F10805EFF35E
:100BE0001189402383F31288BFF36F8F284602F0E8
:100BF000C1FB68B98423254A2549264806F085FFAC
:100C00002946254806F081FF8421204806F074FF1C
:100C1000284602F0D3FB3468FCB12368726823F0E5
:100C20000303944220464FF00101336008BF736014
:100C30000AF09EFD0446284602F0AAFBE8B94FF4EC
:100C40009973124A1549134806F05FFF2946144864
:100C500006F05BFF4FF49971D7E758EA0703EAD033
:100C600049462846CDE9008706F10C0201F0FCFB5D
:100C700038B90C4B9B685C6903E089F31188BFF3BA
:100C80006F8F204603B0BDE8F08300BF42F602003C
:100C90007EF6020004F3020093F60200A9F60200B9
:100CA000C0F602009C34002008B583684BB90B499C
:100CB0000B48A4230B4A06F028FFA421094806F09C
:100CC0001BFFD0E9003213605A600023027CC0E9A8
:100CD000003322F002020274836008BD064B030059
:100CE00004F30200B44A030070B50446EFF3118622
:100CF000402585F31288BFF36F8F304802F03AFB2E
:100D000060B984232E4A2F492F4806F0FEFE2B4956
:100D10002E4806F0FAFE8421294818E0274802F000
:100D20004DFBEFF3118385F31288BFF36F8F83F3CD
:100D30001188BFF36F8F63B92549BB23254A224829
:100D400006F0E3FE244806F0E0FEBB21214806F051
:100D5000D3FE2568AC4213D095B12846FFF7A4FF17
:100D600005F1180002F03CFC00232846C5F880304D
:100D700001F0A4FA3146BDE8704010480AF0E4BD25
:100D8000D4E902329A4218BF01330C48A36002F042
:100D9000FFFA68B94FF49973094A10490A4806F0F6
:100DA000B4FE06490E4806F0B0FE4FF49971B3E761
:100DB00086F31188BFF36F8F70BD00BFC034002071
:100DC00042F602007EF6020004F3020093F60200EF
:100DD000EE4A0300B44A03008E490300A9F602005C
:100DE000C0F60200F7B5044616461D46EFF305832C
:100DF0007BB152EA05030CD02D4988232D4A2E4899
:100E000006F083FE2D4806F080FE8821294806F072
:100E100073FEEFF31187402383F31288BFF36F8FC4
:100E2000274802F0A7FA60B98423264A26492248B7
:100E300006F06BFE2249254806F067FE8421214812
:100E4000E5E71F4802F0BAFAA368D3B1013B1C489A
:100E5000A36002F09DFA68B94FF49973194A1C49CE
:100E6000154806F052FE16491A4806F04EFE4FF499
:100E70009971E4E787F31188BFF36F8F002003B007
:100E8000F0BD56EA05030BD10D4802F081FA0028A7
:100E9000E2D087F31188BFF36F8F6FF00F00EEE79A
:100EA00022463946CDE90065054801F0DDFAE6E75E
:100EB000234C0300F44B030004F302008E490300AB
:100EC000C034002042F602007EF6020093F60200D3
:100ED000A9F60200C0F602002DE9F0410546EFF345
:100EE0001188402787F31288BFF36F8F314802F0D3
:100EF00041FA064660B984232F4A3049304806F04B
:100F000004FE2C492F4806F000FE84212A4819E0EF
:100F1000284802F053FA0023EFF3118287F3128876
:100F2000BFF36F8F82F31188BFF36F8F62B92649C9
:100F3000BB23264A224806F0E8FD254806F0E5FDD9
:100F4000BB21224806F0D8FD2C68A54210D07CB108
:100F50002046FFF7A9FE04F1180002F041FB6FF0F4
:100F60000A032046C4F8803001F0A8F93346D3E7DD
:100F70000022AA608BB90F4802F00AFA98B94FF420
:100F800099730D4A13490E4806F0BFFD09491248EE
:100F900006F0BBFD4FF49971B8E74146BDE8F0415A
:100FA00004480AF0D1BC88F31188BFF36F8FBDE805
:100FB000F08100BFC034002042F602007EF602003D
:100FC00004F3020093F60200EE4A0300B44A030061
:100FD0008E490300A9F60200C0F6020007B5074BD0
:100FE0004FF40062009306494FF0FF33054800F0CC
:100FF000CBFB002003B05DF804FB00BF80EA0200D9
:10100000C0790020F02E00202DE9FF410446794EE2
:10101000EFF31187402383F31288BFF36F8F764875
:1010200002F0A8F968B98423744A7549754806F036
:101030006CFD7149744806F068FD84216F4806F024
:101040005BFD6D4802F0BAF9D4F88C50F5B9022175
:1010500004F1A4000AF0C6FB002840D004F19C056E
:1010600000220121284601F0D5FF0028F8D10023F5
:101070004FF0FF3202934FF0FF333946CDE90023A2
:101080005D4804F1940202F023F8C1E7D4F89020FF
:101090002B68954208BFC4F89030C4F88C30D4F85F
:1010A000A430554843F00203C4F8A430EB68D5F8E7
:1010B000048023F0040343F00103EB6002F068F9BD
:1010C000F8B94FF499734D4A50494E4806F01DFD4A
:1010D00049494F4806F019FD4FF49971AEE7D4F82D
:1010E000A430DD06C3D5C4F8A400434802F050F98B
:1010F0000028E6D087F31188BFF36F8F04B0BDE8F6
:10110000F08187F31188BFF36F8FB8F1000F0AD118
:1011100040493C4840F2F3233F4A06F0F6FC40F2D7
:10112000F3213D488BE72846C047EFF31187402362
:1011300083F31288BFF36F8F2F4802F01BF900284A
:101140003FF471AF2C4802F039F9EB68D90623F06F
:10115000010236D4EA60EB689A0716D5306823F0AE
:101160000203EB6088B10022036870B141688D42D0
:1011700035D103686ABB72683360904200D17360F6
:10118000002340F8083BFFF7AFFDD4F8A43023F06C
:101190000203C4F8A430DB0529D4D4F88C50003DF8
:1011A00018BF0125144802F0F3F8002889D087F30E
:1011B0001188BFF36F8F002D3FF42AAF01F04AFC76
:1011C00026E723F01103EB6005F11000FFF78CFD1B
:1011D000C1E713607368984208BF7260D0E70246A7
:1011E0001BB1196818460B46BFE71946FAE70025F8
:1011F000D8E700BFC4340020CC34002042F60200FF
:101200007EF6020004F3020093F60200A9F6020043
:10121000C0F60200CA4C0300794C030070B5C368E5
:101220000546C3F340069B070C460DD5012200215D
:1012300004F108000AF0CAFA00232360054B656038
:101240005A681AB9C3E90044304670BD14605C6046
:10125000FAE700BFC4340020F8B5C36804469A0713
:101260000E46C3F340054FD45F074FD40B680BB94C
:1012700083680B60E368D80736D5A3685BB9254956
:10128000254840F25713254A06F03FFC40F257111B
:10129000224806F031FC02253360376867B3204BE3
:1012A0009A68D7F888309A4220D10AF000FB80F083
:1012B0000100C0B2D7F8A430D907C3F380021ED50D
:1012C00002B308B300232360D7F8903083B9C7E98D
:1012D000234438460AF0A1FAE36843F00403E360CC
:1012E0003368A3602846F8BD0125D6E70020E1E772
:1012F0001C60C7F89040ECE76FF0150506E06FF052
:10130000120503E01B07DDD56FF00F0500233360E6
:10131000E8E700BFA94C030004F30200794C030086
:101320009C34002073B50446EFF31185402383F30A
:101330001288BFF36F8F224802F01CF868B984232B
:10134000204A2149214806F0E0FB1D49204806F0CB
:10135000DCFB84211B4806F0CFFB194802F02EF875
:1013600000230193D4E90423B3F1004F08BF012AFD
:1013700011D0134802F00CF8E0B94FF49973114AF8
:101380001449124806F0C1FB0D49134806F0BDFB95
:101390004FF49971DEE70321201FA4F110060AF033
:1013A00021FA0028E5D0A369304601A90193FFF78F
:1013B00053FFDEE785F31188BFF36F8F02B070BD76
:1013C000CC34002042F602007EF6020004F3020054
:1013D00093F60200A9F60200C0F6020038B50D46E9
:1013E000044648B90C499C230C4A0D4806F08DFB75
:1013F0009C210A4806F080FB39B90A499D23074A17
:10140000074806F082FB9D21F3E7102200210BF034
:101410008AFE656038BD00BF654D0300794C03004E
:1014200004F30200CA4C0300F8B5C368064603F093
:101430000503002B0C4614BF0127002729D085681F
:101440005DB91D491D4840F2C1131D4A06F05DFB00
:1014500040F2C1111A4806F04FFB0122002104F1AD
:1014600010000AF0B3F920461649FFF7B7FFE3680A
:1014700043F01003E360F3685B0712D53368236021
:101480006BB9D5F8903033B9C5E9234428460AF042
:10149000C4F93846F8BD1C60C5F89040F6E73460E2
:1014A000F4E7D5F88C302360D5F89030C5F88C403F
:1014B000002BEBD1F0E700BFAF4C030004F30200B8
:1014C000794C0300FBB7020038B50446EFF31185F1
:1014D000402383F31288BFF36F8F184801F04AFF4F
:1014E00068B98423164A1749174806F00EFB1349BA
:1014F000164806F00AFB8421114806F0FDFA0F4851
:1015000001F05CFFE4680D4804F01F0401F040FFA7
:1015100068B94FF499730A4A0D490B4806F0F5FA79
:1015200006490C4806F0F1FA4FF49971E4E785F3A7
:101530001188BFF36F8F204638BD00BFCC34002028
:1015400042F602007EF6020004F3020093F6020067
:10155000A9F60200C0F6020037B50C46019059B951
:10156000284940F27D13284A284806F0CEFA40F276
:101570007D11254806F0C0FA4B684BB924494FF459
:10158000BF73214A214806F0C0FA4FF4BF71F0E75B
:10159000EFF31185402383F31288BFF36F8F1D484B
:1015A00001F0E8FE60B984231B4A1C49174806F085
:1015B000ACFA18491A4806F0A8FA84211648D9E767
:1015C000144801F0FBFE204601A9FFF745FE044642
:1015D000104801F0DDFE68B94FF499730E4A1149C5
:1015E0000A4806F092FA0B490F4806F08EFA4FF4BB
:1015F0009971E3E785F31188BFF36F8F204603B03D
:1016000030BD00BF654D0300794C030004F30200B8
:10161000C44C0300CC34002042F602007EF60200E7
:1016200093F60200A9F60200C0F602000146014846
:101630000AF02DB9F02E002070B50C46054658B9B9
:10164000384940F2CD13384A384806F05EFA40F285
:10165000CD11354806F050FAC368DB0509D5344989
:101660004FF4E773304A314806F04FFA4FF4E77110
:10167000EFE70AF01CF948B12E4940F2CF132A4A8D
:101680002A4806F042FA40F2CF11E2E74CB92A4963
:101690004FF4E873244A254806F037FA4FF4E8710E
:1016A000D7E7EFF31186402383F31288BFF36F8FE0
:1016B000224801F05FFE60B98423214A21491B487A
:1016C00006F023FA1D49204806F01FFA84211C4821
:1016D000C0E71A4801F072FE28462146FFF7A4FE33
:1016E0000546164801F054FE68B94FF49973144A40
:1016F00016490E4806F009FA1049154806F005FA91
:101700004FF49971E3E786F31188BFF36F8F3DB112
:101710004FF0FF324FF0FF3304F11000FFF762FB90
:10172000284670BD654D0300794C030004F30200A8
:10173000E14C0300111E0300104D0300CC340020C7
:1017400042F602007EF6020093F60200A9F60200BD
:10175000C0F6020008B558B90849094840F22633D6
:10176000084A06F0D2F940F22631064806F0C4F9DC
:10177000A82200210BF0D7FC08BD00BFAF4C03002E
:1017800004F30200794C0300F0B589B004460E9DC5
:1017900058B92F4940F253332E4A2F4806F0B5F975
:1017A00040F253312B4806F0A7F949B92B494FF4C1
:1017B0005573284A284806F0A8F94FF45571F1E707
:1017C000D0F8A40010F0010009D0254940F25533AB
:1017D000204A214806F099F940F25531E2E7C4E980
:1017E000230004F19400C4E9250004F19C00C4E93D
:1017F000270055B32879002840F2011008BF0120C6
:10180000C4F8A40000204FF0FF364FF0FF37CDE9B9
:101810000330CDE90100CDE906672046114B009465
:1018200000F064FB55B1296811B120460AF045F873
:101830006B791BB1A38943F00103A381204601F01A
:1018400057FAC4F8884009B0F0BD0120D8E700BFBE
:10185000584D0300794C030004F302005E4D030071
:10186000244D03000910020038B50D46044658B94E
:101870000F4940F20F430F4A0F4806F046F940F275
:101880000F410C4806F038F949B90C494FF482630E
:10189000084A094806F039F94FF48261F1E730222D
:1018A00000210BF040FC4FF480736560E36038BDAD
:1018B000644D0300794C030004F30200CA4C03009A
:1018C000F7B50C4616461D46019058B9334940F20B
:1018D0008643334A334806F018F940F286413048CF
:1018E00006F00AF949B9304940F287432C4A2D489D
:1018F00006F00BF940F28741F1E7EFF3118740233F
:1019000083F31288BFF36F8F284801F033FD60B96D
:101910008423274A2749234806F0F7F82349264815
:1019200006F0F3F884212248DAE7204801F046FD6A
:10193000E36813F01E0F27D155EA060216D12046A0
:1019400001A9FFF789FC0446184801F021FDE8B918
:101950004FF49973164A1949124806F0D6F81349FC
:10196000174806F0D2F84FF49971DCE743F008030A
:10197000E360019B04F11000A36232462B4611493B
:1019800001F052FD0124DFE70024DDE787F3118831
:10199000BFF36F8F204603B0F0BD00BFAF4C030014
:1019A000794C030004F30200644D0300CC340020A2
:1019B00042F602007EF6020093F60200A9F602004B
:1019C000C0F602002513020001460148FFF778BF68
:1019D000F02E0020F7B50C4616461D46019058B96A
:1019E000324940F2A943324A324806F08EF840F2BA
:1019F000A9412F4806F080F849B92F4940F2AA437F
:101A00002B4A2C4806F081F840F2AA41F1E7EFF3A7
:101A10001187402383F31288BFF36F8F274801F0AB
:101A2000A9FC60B98423264A2649224806F06DF8AD
:101A30002249254806F069F884212148DAE71F4841
:101A400001F0BCFC204609F0D9FE55EA060316D188
:101A5000204601A9FFF700FC0446184801F098FC55
:101A6000E0B94FF49973164A1849124806F04DF838
:101A70001249174806F049F84FF49971DDE7E36819
:101A800004F1100043F00803E360019B3246A362B7
:101A900010492B4601F0C8FC0124DEE787F31188CA
:101AA000BFF36F8F204603B0F0BD00BFAF4C030003
:101AB000794C030004F30200644D0300CC34002091
:101AC00042F602007EF6020093F60200A9F602003A
:101AD000C0F602002513020001460148FFF77ABF55
:101AE000F02E002038B5044658B92349234840F267
:101AF000CB43234A06F009F840F2CB41204805F0D9
:101B0000FBFFEFF31185402383F31288BFF36F8F40
:101B10001C4801F02FFC60B984231B4A1B4917485D
:101B200005F0F3FF17491A4805F0EFFF8421164826
:101B3000E5E7144801F042FC204609F05FFE20462C
:101B400009F072FE04460F4801F022FC68B94FF418
:101B500099730D4A0F49094805F0D7FF09490E4806
:101B600005F0D3FF4FF49971E1E785F31188BFF3D6
:101B70006F8F204638BD00BF644D030004F30200A0
:101B8000794C0300CC34002042F602007EF60200BD
:101B900093F60200A9F60200C0F602002DE9F0411A
:101BA0000E46054658B93A4940F2DC43394A3A48AC
:101BB00005F0ABFF40F2DC41364805F09DFF49B926
:101BC000364940F2DD43334A334805F09EFF40F288
:101BD000DD41F1E709F06BFE044648B1304940F2BF
:101BE000DE432C4A2C4805F090FF40F2DE41E3E74B
:101BF000EFF31188402383F31288BFF36F8F2948D6
:101C000001F0B8FB60B98423274A2849224805F02F
:101C10007CFF2449264805F078FF84212248CCE740
:101C2000204801F0CBFBEB6803F01F03002B14BF2F
:101C3000012700270AD0284609F0E0FD284609F0D0
:101C4000F3FD31462846FFF7E9FA0446154801F04E
:101C50009FFB68B94FF49973134A16490E4805F073
:101C600054FF1049144805F050FF4FF49971D5E71F
:101C700088F31188BFF36F8F3CB14FF0FF324FF004
:101C8000FF3306F10800FFF7ADF83846BDE8F081F4
:101C9000644D0300794C030004F30200104D03006F
:101CA000111E0300CC34002042F602007EF6020032
:101CB00093F60200A9F60200C0F6020008B5836898
:101CC0004BB90B490B48A4230B4A05F01EFFA42176
:101CD000094805F011FFD0E9003213605A60002373
:101CE000027CC0E9003322F002020274836008BD66
:101CF000064B030004F30200B44A03002DE9F84345
:101D00000546EFF31188402787F31288BFF36F8FE2
:101D10003A4801F02FFB60B98423394A39493A48DF
:101D200005F0F3FE3549394805F0EFFE84213448CB
:101D300018E0324801F042FBEFF3118387F3128879
:101D4000BFF36F8F83F31188BFF36F8F63B930498F
:101D5000BB23304A2C4805F0D8FE2F4805F0D5FEAD
:101D6000BB212C4805F0C8FE2C68A54227D034B30F
:101D700000262046FFF7A2FF04F1180001F030FC16
:101D8000B1462046C4F8809000F098FA0136EFF38F
:101D9000118387F31288BFF36F8F83F31188BFF32A
:101DA0006F8F002BD3D02C68A54222D00CB32046D5
:101DB000FFF784FF04F1180001F012FCE1E70F487F
:101DC00001F0E6FA68B94FF499730D4A13490E48C9
:101DD00005F09BFE0949124805F097FE4FF49971F2
:101DE000A5E788F31188BFF36F8F00263046BDE862
:101DF000F8834146014809F0A7FDF7E7D0340020F9
:101E000042F602007EF6020004F3020093F602009E
:101E1000EE4A0300B44A03008E490300A9F602000B
:101E2000C0F602002DE9F04385B00F9D04460F2D4A
:101E30000E46984637D1274B984538D104F15803C0
:101E4000C4E91633109B0027A38104230732A5732E
:101E500022F0070506EB0509494623742046C4E92C
:101E60000677A760E773EEF791FF0E9B073020F02F
:101E700007002067C4E91A6502930D9BA9EB0009CE
:101E800001930C9B4A460093314643462046EFF7A8
:101E900015FB114B67659B6803B15B6F4846636731
:101EA00005B0BDE8F08305F110031E2BC6D940F242
:101EB0004B230A4A0A490B4805F027FE29460A48DF
:101EC0006FF00F030E2205F020FE40F24B21034875
:101ED00005F012FE990602009C340020794D0300A3
:101EE000AB4D030004F302002B4E0300F0B587B0A6
:101EF0000446DDE91276EFF3058575B1194940F224
:101F00001733194A194805F000FE194805F0FDFD80
:101F100040F21731144805F0EFFD0595109D04952A
:101F20000F9D03950E9D02950D9D01950C9D0095AD
:101F3000FFF778FFB6F1FF3F08BFB7F1FF3F05D0CD
:101F400056EA070305D1204600F0D2FE204607B02E
:101F5000F0BD3A46334604F11800064901F064FA30
:101F6000F4E700BFA64B0300794D030004F3020021
:101F70005C4E0300D9230200012310B50374838152
:101F800000230446C0E91A3301F0FAFE014B9C60BD
:101F900010BD00BF9C34002070B590F91020037C68
:101FA000002A49DBD90647D163F07F030374264B2F
:101FB000984209D1254926485223264A05F0A5FD15
:101FC0005221244805F098FD234C224652F8183F30
:101FD000E169934207D1C0E900210860E0610FE0A8
:101FE0008B42F8D01B68002BF5D093F90E6090F966
:101FF0000E50AE42F4DD5968C0E900310860586007
:10200000A569954200D005B9E568A3685BB9134995
:10201000EA23134A0E4805F078FD124805F075FDD5
:10202000EA210F48CEE71A7CD20606D1DA897F2A48
:1020300003D9AA690AB9636170BDAB4202D02846D0
:1020400001F012F96561F7E7E02D0020B24E0300C0
:1020500004F30200814E03009C3400200E4F030065
:10206000D34E03008E49030038B590F91020014685
:10207000002A037C1BDA224A03F07F039042037498
:1020800009D120495A23204A204805F03EFD5A2113
:102090001D4805F031FDDC0707D51D495B231A4AB1
:1020A0001A4805F032FD5B21F2E709F00BFC194DEF
:1020B0002A4652F8184FAB68944200D004B9EC6835
:1020C0008B4214D05BB91449EA23144A0F4805F037
:1020D0001CFD134805F019FDEA211048D9E71A7CC8
:1020E000D20604D1DA897F2A01D9A2692AB1A34292
:1020F00002D0204601F0B8F823466B6138BD00BF1E
:10210000E02D0020B24E0300814E030004F30200D4
:10211000354F03009C3400200E4F0300D34E0300C4
:102120008E49030008B5134A936880B1197C11F0F9
:10213000090F0CD11049D923104A114805F0E5FCCC
:10214000104805F0E2FCD9210C4805F0D5FC6FF0F1
:102150000A01C3F880100C49D8674B6843F08053DC
:102160004B60002383F31188BFF36F8F9368D3F81C
:10217000800008BD9C340020874F03004E4F0300B1
:1021800004F30200F04F030000ED00E070B50446D8
:102190000D46F9B9EFF30586E6B91A4B5A699B6803
:1021A0009A4217D001F0F4F878B940F26D13164A4C
:1021B0001649174805F0A9FC2146164805F0A5FC6C
:1021C00040F26D11104805F097FC3046BDE87040B4
:1021D000FFF7A8BF204601F0DBF868B94FF4997308
:1021E000094A0A490A4805F090FC2146094805F0C9
:1021F0008CFC4FF49971E5E785F31188BFF36F8F7D
:1022000070BD00BF9C34002042F60200A9F6020017
:1022100004F30200C0F6020008B583684BB909490F
:102220000948A423094A05F070FCA421074805F0D9
:1022300063FC09F047FB037C23F0020303740023D3
:10224000836008BD064B030004F30200B44A030098
:1022500038B5184CA168E0690B68814214BF1A4672
:10226000002249680B605960A368E1692AB9124AE3
:10227000C3E900210B60E3610AE092F90E5093F983
:102280000E00854212DD5168C3E900210B605360E6
:10229000A569094B9D4200D005B9E568A3689D4238
:1022A00002D0284600F0E0FF656138BD8A42DED0EA
:1022B0001268DBE79C340020B434002038B50446B3
:1022C000EFF31185402383F31288BFF36F8F174814
:1022D00001F050F868B98423154A1649164805F0EC
:1022E00014FC1249154805F010FC8421104805F033
:1022F00003FC0E4801F062F82046FFF74DFE0B4844
:1023000001F046F868B94FF49973094A0C490A4834
:1023100005F0FBFB05490B4805F0F7FB4FF49971FD
:10232000E4E785F31188BFF36F8F38BDD434002004
:1023300042F602007EF6020004F3020093F6020069
:10234000A9F60200C0F6020038B50446EFF3118585
:10235000402383F31288BFF36F8F184801F00AF807
:1023600068B98423164A1749174805F0CEFB13496C
:10237000164805F0CAFB8421114805F0BDFB0F4843
:1023800001F01CF8A36813B12046FFF745FF0B4886
:1023900000F0FEFF68B94FF49973094A0C490A48E6
:1023A00005F0B3FB05490B4805F0AFFB4FF49971FD
:1023B000E2E785F31188BFF36F8F38BDD434002076
:1023C00042F602007EF6020004F3020093F60200D9
:1023D000A9F60200C0F6020038B5A0F11804EFF328
:1023E0001185402383F31288BFF36F8F174800F0E5
:1023F000C1FF68B98423164A1649174805F085FBC2
:102400001249164805F081FB8421114805F074FB40
:102410000E4800F0D3FF204609F082FA0B4800F086
:10242000B7FF68B94FF49973094A0D490A4805F096
:102430006CFB06490B4805F068FB4FF49971E4E723
:1024400085F31188BFF36F8F38BD00BFD4340020EF
:1024500042F602007EF6020004F3020093F6020048
:10246000A9F60200C0F602002DE9F047DFF8D4A07B
:10247000354D1746DDE90898DAF80820334BA842B5
:1024800004460E461A600BD13149324840F2B92356
:10249000314A05F03AFB40F2B9212F4805F02CFBF8
:1024A000EFF31183402383F31288BFF36F8F284625
:1024B00000F060FF60B98423284A2949254805F0C7
:1024C00024FB2946274805F020FB84212348E5E723
:1024D000284600F073FFDAF808503946284609F01C
:1024E000F9F9B8F1FF3F08BFB9F1FF3F06D04A46FE
:1024F00043461D4905F1180000F096FF204600F004
:1025000047FF68B9194940F26D13144A114805F0A4
:10251000FCFA2146164805F0F8FA40F26D11D5E7AD
:10252000094800F035FF40B9104940F26D130B4ADD
:10253000084805F0EAFA0449ECE73046BDE8F04700
:10254000FFF7F0BD9C340020D4340020D8340020A4
:102550001850030004F30200814E030042F602000B
:102560007EF6020093F60200D9230200A9F60200CB
:10257000C0F6020070B50546EFF31186402383F3E1
:102580001288BFF36F8F1B4800F0F4FE68B98423F4
:10259000194A1A491A4805F0B8FA1649194805F0B7
:1025A000B4FA8421144805F0A7FA124800F006FF97
:1025B0002C68A54215D014B12046FFF72DFE0D481A
:1025C00000F0E6FE78B94FF499730B4A0E490C48B7
:1025D00005F09BFA07490D4805F097FA4FF49971F9
:1025E000E0E70024EBE786F31188BFF36F8F204606
:1025F00070BD00BFD434002042F602007EF6020017
:1026000004F3020093F60200A9F60200C0F60200ED
:102610002DE9F04104460D46EFF31187402383F383
:102620001288BFF36F8F594800F0A4FE60B984236D
:10263000574A5849584805F068FA5449574805F030
:1026400064FA8421524818E0504800F0B7FE237C19
:1026500003F01F02002A0CBF0126002662D103F0FE
:102660007F0323744E4B9C4209D14E495A234E4A54
:10267000494805F04AFA5A214B4805F03DFA2046F0
:1026800009F020F9237C6DB243F08003DA07A573CB
:10269000237407D545495323434A3F4805F035FA8B
:1026A0005321E9E7DFF80881424652F8183FD8F88D
:1026B0001C10934208D1C4E900210C60C8F81C40EA
:1026C0000DE08B42F7D01B68002BF4D093F90E007D
:1026D000A842F6DD5968C4E900310C605C60D8F8A6
:1026E0001840944200D00CB9D8F80C40D8F8083003
:1026F0009C4202D0204600F0B7FDC8F814402348A1
:1027000000F046FE00283AD14FF49973204A294937
:10271000214805F0FAF91D49274805F0F6F94FF46C
:1027200099718FE79B0728D5A16841B923491A48B9
:10273000A423234A05F0E9F9A42121489DE7204676
:102740006DB209F0BFF8A5730B68994209D14B68C7
:10275000C4E900131C604C60D1E74A689342F6D08C
:102760001B68002BF3D093F90E20AA42F5DD5A68BE
:10277000C4E9003214605C60C1E7A573BFE787F36A
:102780001188BFF36F8F3046BDE8F081D43400204C
:1027900042F602007EF6020004F3020093F6020005
:1027A000E02D0020B24E0300814E0300354F0300A0
:1027B0009C340020A9F60200C0F60200064B03007C
:1027C000B44A0300034648B9EFF3058232B9064A1A
:1027D00051699268914201D0FFF7A4BC83F311883C
:1027E000BFF36F8F704700BF9C34002010B5EFF32C
:1027F0001184402383F31288BFF36F8F284800F0C1
:10280000B9FD60B98423274A2749284805F07DF996
:102810002349274805F079F98421224812E020480D
:1028200000F0CCFDEFF3058373B1224940F23B3356
:10283000214A1E4805F069F9204805F066F940F282
:102840003B311D4805F058F91D4B9A68D37B012B8D
:102850000CD11C494FF44F73174A144805F055F931
:10286000164805F052F94FF44F71EAE7013BD37374
:102870000B4800F08DFD68B94FF49973094A12496D
:102880000A4805F042F90649104805F03EF94FF4B0
:102890009971C2E784F31188BFF36F8F10BD00BF39
:1028A000D434002042F602007EF6020004F3020057
:1028B00093F60200A64B0300814E03008E490300ED
:1028C0009C34002051500300A9F60200C0F602001B
:1028D00070B5EFF31186402383F31288BFF36F8F37
:1028E0002A4800F047FD68B98423294A29492A4823
:1028F00005F00BF92549294805F007F984212448FA
:1029000005F0FAF8264D214800F058FDAB68DA7B57
:102910006AB9244940F24D33234A1F4805F0F5F8BF
:10292000224805F0F2F840F24D311F48E8E7EFF396
:10293000058161B11E4940F24E331B4A164805F02D
:10294000E4F81A4805F0E1F840F24E31EDE70132C3
:10295000DA732A4652F8184F944200D004B9EC6852
:102960001A7CD20604D1DA897F2A01D9A2692AB158
:102970009C4202D0204600F077FC23466B61314632
:10298000BDE870400148FFF701BC00BFD43400200F
:1029900042F602007EF6020004F3020093F6020003
:1029A0009C34002082500300814E03008E490300B6
:1029B000A64B030038B50446EFF31185402383F39B
:1029C0001288BFF36F8F184800F0D4FC68B98423D5
:1029D000164A1749174805F098F81349164805F0A4
:1029E00094F88421114805F087F80F4800F0E6FCC0
:1029F000204608F0ABFF04460B4800F0C9FC68B95C
:102A00004FF49973094A0D490A4805F07EF80649C2
:102A10000B4805F07AF84FF49971E3E785F31188D4
:102A2000BFF36F8F204638BDD434002042F6020039
:102A30007EF6020004F3020093F60200A9F60200FB
:102A4000C0F60200024B03F11802C3E906227047E8
:102A50009C34002070B5EFF3058373B138494FF40F
:102A60009063384A384805F050F8384805F04DF87A
:102A70004FF49061334805F03FF8EFF3118640239F
:102A800083F31288BFF36F8F314800F073FC60B995
:102A90008423304A30492C4805F037F82C492F4818
:102AA00005F033F884212B48E5E72D4C284800F049
:102AB00085FCA168E0690B68814214BF1A460022B8
:102AC00049680B605960A368E1692AB9254AC3E9DE
:102AD00000210B60E3610AE092F90E5093F90E00B9
:102AE000854223DD5168C3E900210B605360A5696D
:102AF0001C4B9D4200D005B9E568A3689D4202D0F9
:102B0000284600F0B1FB1248656100F041FC88B92D
:102B100040F26D130F4A14490B4804F0F6FF0C49BC
:102B2000124804F0F2FF40F26D11BCE78A42CDD0AA
:102B30001268CAE73046BDE87040FFF7F3BA00BF3D
:102B4000A64B0300814E030004F302008E490300EC
:102B5000D434002042F602007EF6020093F6020012
:102B60009C340020B4340020A9F60200C0F6020014
:102B70002DE9F04106460C46EFF3058777B134495D
:102B80004FF49363334A344804F0BFFF334804F0F2
:102B9000BCFF4FF493612F4804F0AEFF50EA0103ED
:102BA00004D1FFF757FF0020BDE8F081EFF3118853
:102BB000402383F31288BFF36F8F294800F0DAFBBC
:102BC00060B98423274A2849234804F09EFF2449FA
:102BD000264804F09AFF84212248DDE7244D20484E
:102BE00000F0ECFBA868234B1860FFF73DFAA868DB
:102BF000234632462049183000F016FCAA680446E5
:102C0000137C174843F00403137400F0C1FB68B948
:102C100040F26D13134A19490F4804F076FF10492A
:102C2000174804F072FF40F26D11D5E74046FFF7F8
:102C300079FAAB68D3E90A23B3F1004F08BFBA426F
:102C4000B1D108F0BEFE201A20EAE070ACE700BF68
:102C5000A64B0300814E030004F302008E490300DB
:102C6000D434002042F602007EF6020093F6020001
:102C70009C340020D8340020D9230200A9F6020099
:102C8000C0F60200F8B507460E46EFF3058474B1AE
:102C9000134940F2C643134A134804F036FF134861
:102CA00004F033FF40F2C6410E4804F025FFFFF761
:102CB0005FFFB6F1FF3F08BFB7F1FF3F05460CD0FD
:102CC000214647F611204FF47A7447F6122200236A
:102CD000E5FB0401E6F75AF9F8BD4FF0FF30FBE7DA
:102CE000A64B0300814E030004F302008E4903004B
:102CF00038B50446EFF31185402383F31288BFF300
:102D00006F8F204800F036FB68B984231E4A1F49A4
:102D10001F4804F0FAFE1B491E4804F0F6FE842109
:102D2000194804F0E9FE174800F048FB237C5B07D4
:102D300010D504F1180000F053FC237C204623F04A
:102D400004032374FFF728F92946BDE838400D48ED
:102D5000FFF71CBA0B4800F01BFB68B94FF49973DE
:102D6000094A0D490A4804F0D0FE06490B4804F010
:102D7000CCFE4FF49971D3E785F31188BFF36F8FC1
:102D800038BD00BFD434002042F602007EF60200B7
:102D900004F3020093F60200A9F60200C0F6020056
:102DA000014B9868704700BF9C3400202DE9F84320
:102DB00004468789EFF31185402383F31288BFF31C
:102DC0006F8F824800F0D6FA68B98423804A81491F
:102DD000814804F09AFE7D49804804F096FE8421E3
:102DE0007B4804F089FE794800F0E8FA237C180754
:102DF00017D5764800F0CCFA68B94FF49973744A45
:102E00007749754804F081FE7049764804F07DFEEC
:102E10004FF49971E4E785F31188BFF36F8FBDE834
:102E2000F883D90943F0080240F083802274A36834
:102E300013B12046FFF7F0F904F1180000F0D0FBC1
:102E4000A66D04F15808B04511D04FF0000976B1D5
:102E50003046FFF7E1F906F1180000F0C1FB3046FB
:102E6000C6F88090FFF798F8A66DB045EFD1DFF86F
:102E70007881D8F808309C427AD1EFF30589B9F10E
:102E8000000918BF4FF00109D8F81860574A964258
:102E900000D00EB9D8F80C60B34202D0304600F032
:102EA000E3F92046C8F8146005F0E3FEB9F1000F1D
:102EB00002D04F48FFF760F8D8F808309C426AD13A
:102EC000EFF30586002E66D1A389DA071FD53F48A8
:102ED00000F05EFA002890D085F31188BFF36F8F61
:102EE00086F31188BFF36F8F0423184602DFEFF3D8
:102EF0001185402383F31288BFF36F8F334800F0AE
:102F000039FA00283FF461AF304800F057FA2F48F3
:102F100000F03EFA78BB40F26D132D4A30492E483E
:102F200004F0F3FD29492F4804F0EFFD40F26D1144
:102F300056E7304A03F07F0343F0080394422374BA
:102F400008D12D495A232D4A234804F0DEFD5A2189
:102F50002A4846E7D90707D529495B23274A1E484F
:102F600004F0D3FD5B21F3E7204608F0ABFC5EE7FD
:102F70004FF0000988E72846FFF7D4F821494FF4BD
:102F8000EE731E4A144804F0C0FD1F4804F0BDFD56
:102F90004FF4EE71DCE70D4800F0FAF900283FF439
:102FA0002CAF85F31188BFF36F8FFB077FF537AF29
:102FB00040F2A253114A1549074804F0A6FD2146E4
:102FC000134804F0A2FD40F2A251C1E7D43400201E
:102FD00042F602007EF6020004F3020093F60200BD
:102FE000A9F60200C0F602009C340020B434002090
:102FF000982F0020E02D0020B24E0300814E0300E8
:10300000354F0300B3500300BE500300E0500300EF
:10301000EB5003002DE9F843064688461746EFF3C8
:103020001189402383F31288BFF36F8F214800F08A
:10303000A1F9054668B984231F4A2049204804F0B5
:1030400064FD1C491F4804F060FD84211A4804F007
:1030500053FD184800F0B2F93468A6421FD004B3FB
:103060002046C4F880806761FFF7D6F804F11800A5
:1030700000F0B6FA2046FEF78FFF0E4800F088F900
:1030800088B94FF499730C4A0F490D4804F03DFD7F
:1030900008490E4804F039FD4FF49971D6E7002530
:1030A000EBE72546E9E789F31188BFF36F8F2846E0
:1030B000BDE8F883D434002042F602007EF6020018
:1030C00004F3020093F60200A9F60200C0F6020023
:1030D000D3B5DDE90667089CCDE90067FFF7C4F9C1
:1030E0001CB1034B9B685B69236002B0D0BD00BF7D
:1030F0009C3400202DE9F0470546884616461F46B9
:10310000EFF31189402383F31288BFF36F8F2848B0
:1031100000F030F968B98423264A2749274804F08B
:10312000F4FC2349264804F0F0FC8421214804F0F3
:10313000E3FC1F4800F042F92868854208D038B106
:103140006B6898420CBF4FF0000AD0F800A0B0B9ED
:10315000002416B139462046B047154800F018F94A
:10316000F8B94FF49973134A1649144804F0CDFC8A
:103170000F49154804F0C9FC4FF49971D6E7394658
:10318000C04704460028E4D1BAF1000F07D06B68AD
:10319000534501D0DAF800405046A246D7E75446DE
:1031A000FAE789F31188BFF36F8F2046BDE8F087F7
:1031B000D434002042F602007EF6020004F302003E
:1031C00093F60200A9F60200C0F60200027C034654
:1031D00012F01F0210D10A4988420DD0094908682F
:1031E00068B1D9897F2909D893F90E20064B1B684D
:1031F0009A42B8BF002070470020704710467047C1
:10320000E02D0020580A0020DC34002008B568B109
:103210000F4B98420AD303F11802904206D21822AB
:10322000C01AB0FBF2F302FB13034BB109490A4881
:103230003F230A4A04F069FC3F21084804F05CFC83
:103240000122074BC0105843064B1A5408BD00BF5B
:10325000203000204051030004F302000951030014
:10326000ABAAAAAA073D002070B50C4B0C4D1E7CE2
:10327000FFF7ACFF182303FB06550446284600F071
:10328000AFF90022074B9A553CB1621E2846BDE8B3
:1032900070400549D31700F0C7B870BD9C340020BA
:1032A00020300020073D00200D32020038B5EFF33A
:1032B0001185402383F31288BFF36F8F234800F0FA
:1032C00059F868B98423224A2249234804F01DFC96
:1032D0001E49224804F019FC84211D4804F00CFC0E
:1032E0001A4800F06BF81E4B1E4A9C681068A042FA
:1032F00013D1FFF7B9FF154800F04AF800BB4FF4AF
:103300009973134A1849144804F0FFFB0F491748F2
:1033100004F0FBFB4FF49971DFE700211B7C116087
:10332000134AD35C002BE6D02046FFF74FFF00285E
:10333000E1D0237CDB0601D1FEF78AFF2046D8E7E7
:1033400085F31188BFF36F8F38BD00BFD4340020E0
:1033500042F602007EF6020004F3020093F6020039
:103360009C340020D8340020A9F60200C0F60200E8
:10337000073D0020006838B1044B00F003001B7CBF
:10338000C01A18BF01207047012070479C340020EC
:10339000002302680360EFF30581074B986811B1C1
:1033A000017CC90705D41B7C1843831A5842584135
:1033B00070470120704700BF9C340020024B1A7CEC
:1033C0009B681343036070479C340020024B1868CD
:1033D000984208BF002070475C0A0020034B1B681E
:1033E0000BB9F9F779BD0020704700BFE034002029
:1033F00030B570B10B4B5B6898420AD0036843B19B
:10340000D3E90421D0E90445121941EB0501C3E9D0
:103410000421D0E9003213605A600023C0E9003370
:1034200030BD00BF5C0A0020B3F1FF3F08BFB2F11E
:10343000FF3F2DE9F84F04469B4615461F4600F016
:10344000B280D0F80090B9F1000F0CD05749642336
:10345000574A584804F059FB574804F056FB64217A
:10346000534804F049FB8160EFF31188402383F354
:103470001288BFF36F8F5148FFF77CFF824660B917
:1034800084234F4A4F494B4804F03FFB4B494E4879
:1034900004F03BFB84214A48E3E74848FFF78EFFEE
:1034A000BBF1000F494A1FDBFFF798FF06460135C5
:1034B0004BF1000B454A2D184BEBE073D2E9001796
:1034C000C4E904536D1843EB0707FFF77FFF03467A
:1034D000DFF8FCE0DEF80490EBB9C4E900E9C9F8D4
:1034E0000040CEF8044028E06FF00103D2E900125A
:1034F0005B1A4FF0FF3161EB02025B1B62EB0B02C8
:10350000012B72F10001BCBF01234A464FF0000AB3
:10351000C4E90432D9E7D3E9041CD4E904208A427F
:1035200070EB0C0B2EDA891A5A686CEB0000C3E9B9
:103530000410C4E9003214605C60FFF747FF844266
:103540000ED1244B1B685BB9BAF1000F02D1FFF713
:1035500045FF0646304608F01DFA0021F9F7D0FC79
:103560001648FFF715FFB0B94FF49973144A1A497A
:10357000104804F0CAFA1149184804F0C6FA4FF48A
:10358000997188E7521A60EB0C004B45C4E904209E
:10359000A3D01B68A0E788F31188BFF36F8F28467C
:1035A0003946BDE8F88F00252F46F8E71E53030083
:1035B000EB52030004F302008E490300E4340020C0
:1035C00042F602007EF6020093F602003830002038
:1035D0005C0A0020E0340020A9F60200C0F60200D8
:1035E00070B50446EFF31186402383F31288BFF3CE
:1035F0006F8F2A48FFF7BEFE68B98423284A2949FD
:10360000294804F082FA2549284804F07EFA8421EA
:10361000234804F071FA2148FFF7D0FE23683BB33A
:10362000FFF7D4FE05462046FFF7E2FE00224FF0EA
:103630000043A542C4E9042312D000241748FFF731
:10364000A7FE20BB4FF49973154A1949164804F098
:103650005CFA1249174804F058FA4FF49971D7E709
:10366000FFF7BCFE08F096F90021F9F749FCE4E702
:10367000D4E90423B3F1004F08BF012A04D100228A
:103680004FF00043C4E904236FF01504D6E786F336
:103690001188BFF36F8F204670BD00BFE434002057
:1036A00042F602007EF6020004F3020093F60200E6
:1036B000A9F60200C0F602002DE9F047DFF80491F8
:1036C0000246C9F80000FFF781FE8846044600263E
:1036D0000027DFF8F4A04FEAE27CDAE9001354B1E6
:1036E000D4E90450AA427CEB000E1EDAAD1A60EB5E
:1036F0000C00C4E904500024521843EB0C0320468C
:10370000CAE90023C9F8004008F044F92146F9F756
:10371000F7FB2E48FFF73CFED0B188F31188BFF3CA
:103720006F8FBDE8F047FFF7C1BD691843EBE57344
:103730002046C4E90467CAE90013FFF759FE0122D5
:103740004FF000432148C4E90423FFF721FE78B974
:103750004FF499731E4A1F491F4804F0D6F91B49BC
:103760001E4804F0D2F94FF49971194804F0C4F9D5
:1037700088F31188BFF36F8F2046A3689847EFF353
:103780001188402383F31288BFF36F8F0F48FFF730
:10379000F1FD58B984230E4A11490F4804F0B5F9D8
:1037A0000A49104804F0B1F98421DEE70748FFF721
:1037B00005FED9F80020521BC9F80020FFF706FECD
:1037C000044688E7E034002038300020E43400204C
:1037D00042F60200A9F6020004F30200C0F602005D
:1037E0007EF6020093F6020010B5EFF31184402339
:1037F00083F31288BFF36F8F0B48FFF7BBFD68B9E7
:1038000084230A4A0A490B4804F07FF906490A480A
:1038100004F07BF98421054804F06EF90248FFF7B3
:10382000CDFD204610BD00BFE434002042F602006A
:103830007EF6020004F3020093F6020070B5EFF387
:103840001186402383F31288BFF36F8F1A48FFF766
:1038500091FD68B98423194A19491A4804F055F9A9
:103860001549194804F051F98421144804F044F929
:103870001148FFF7A3FDFFF7B1FD144AD2E9004557
:10388000041945EBE0750C48FFF782FD68B94FF469
:1038900099730A4A0E490B4804F037F906490D4856
:1038A00004F033F94FF49971DFE786F31188BFF321
:1038B0006F8F2046294670BDE434002042F6020096
:1038C0007EF6020004F3020093F602003830002076
:1038D000A9F60200C0F60200F8B50446EFF311871E
:1038E000402383F31288BFF36F8F5B48FFF742FDDD
:1038F00068B98423594A5A495A4804F006F9564986
:10390000594804F002F98421544804F0F5F852486B
:10391000FFF754FDD4E90423B3F1004F08BF012A97
:1039200013D04D48FFF734FD002840F08F804FF44E
:1039300099734A4A4D494B4804F0E7F846494C48C8
:1039400004F0E3F84FF49971DEE7D4E90A566A1CF3
:1039500046F10003022A73F1000334D3013D46F11E
:10396000FF36002EBCBF00252E4608F02EF8013091
:1039700041F10001401946EB0101012871F10001FC
:103980005BDB08F022F86FF00203013041F1000127
:10399000401946EB010183426FF000438B4151DB3C
:1039A00008F013F8013041F100016FF001024019F5
:1039B00046EB01034FF0FF31121A61EB030320467F
:1039C0002C49FFF731FD236B256A01332363D5B101
:1039D0002148FFF7DDFC0028A9D087F31188BFF349
:1039E0006F8F2046A847EFF31187402383F3128897
:1039F000BFF36F8F1848FFF7BDFC00283FF479AF85
:103A00001548FFF7DBFC54F8185FA54289D0002D5C
:103A100087D02846FEF798FC00230F48C5F8803071
:103A2000FFF7B6FC002882D087F31188BFF36F8FB1
:103A30002846BDE8F840FEF741BC6FF001024FF0A8
:103A4000FF33BCE700224FF00043B8E787F311884B
:103A5000BFF36F8FF8BD00BFE834002042F60200CC
:103A60007EF6020004F3020093F60200A9F60200BB
:103A7000C0F60200D93802002DE9F8430646144684
:103A80001D4691469846EFF31187402383F3128831
:103A9000BFF36F8F2748FFF76DFC68B98423264A70
:103AA0002649274804F031F82249264804F02DF829
:103AB0008421214804F020F81E48FFF77FFCB5F16F
:103AC000FF3F08BFB4F1FF3F11D11A48FFF760FC78
:103AD00050BB4FF49973184A1B49194804F015F864
:103AE00014491A4804F011F84FF49971E1E7002DD8
:103AF0000ADB012C75F100032246BCBF0122002520
:103B000012F1FF3945F1FF383046FFF769FDDDE975
:103B10000823C6E90A2300234A4633633046434656
:103B20000B49FFF781FCD0E787F31188BFF36F8F54
:103B3000BDE8F883E834002042F602007EF6020079
:103B400004F3020093F60200A9F60200C0F6020098
:103B5000D938020070B50546EFF31184402686F38C
:103B60001288BFF36F8F2D48FFF704FC68B98423D8
:103B70002B4A2C492C4803F0C8FF28492B4803F056
:103B8000C4FF8421264803F0B7FF2448FFF716FC42
:103B90002846FFF725FD90B12048FFF7F9FB0028E4
:103BA00037D14FF499731E4A21491F4803F0ADFFE6
:103BB0001A49204803F0A9FF4FF49971E2E76B6AB4
:103BC000CBB11648FFF7E4FB0028EAD084F3118854
:103BD000BFF36F8F28466B6A9847EFF3118486F323
:103BE0001288BFF36F8F0D48FFF7C4FB0028BED0CB
:103BF0000A48FFF7E3FB05F11800FEF7BBFC0028BD
:103C0000CAD0FEF75BFB2146BDE87040034807F0D1
:103C10009BBE84F31188BFF36F8F70BDE834002022
:103C200042F602007EF6020004F3020093F6020060
:103C3000A9F60200C0F602002DE9F84F4F1E0F4210
:103C400006460D469A460BD02F4918232F4A304876
:103C500003F05BFF2F4803F058FF18212B481CE0AE
:103C6000141D4DD241F0040B00F11408EFF311893B
:103C7000402383F31288BFF36F8F4046FFF77AFB30
:103C800068B98423244A2549214803F03EFF414670
:103C9000234803F03AFF84211F4803F02DFF4046DC
:103CA000FFF78CFB224659463046D0470446404633
:103CB000FFF76EFB68B94FF49973174A1949144816
:103CC00003F023FF4146184803F01FFF4FF499719A
:103CD000E2E789F31188BFF36F8F8CB144F8046B6E
:103CE0007DB13C420DD03523084A1049084803F005
:103CF0000CFF21462A460E4803F007FF3521ADE7A9
:103D000000242046BDE8F88FE9F202003E5303008C
:103D100004F3020021F3020042F602007EF60200E4
:103D200093F60200A9F60200C0F6020071530300E8
:103D3000A35303002DE9F04105460E46174607F050
:103D4000B6FD28B9074B9B685C6F14B9BDE8F081DC
:103D5000054C3B46324629462046BDE8F041FFF778
:103D60006BBF00BF9C340020B00B00200246002136
:103D7000014B0248FFF760BF397A0200B00B002008
:103D8000014B4367704700BFB00B00200146024A59
:103D90000020FFF7CFBF00BF397A020001680E4A4A
:103DA0000346914215D1C169A2F11022A2F1EF128E
:103DB00091420ED18268012A0BD8C26812B1016902
:103DC0008A4206D0586928B19B691B1A584258414B
:103DD00070470120704700BF55AA00FF70B50E4B19
:103DE0009E68B6B13046FFF7D9FF044618B9F368AC
:103DF0007BB935690DB9204670BD2846FFF7CEFF67
:103E000028B9EB68B34204D12E462D69F2E7044687
:103E1000F1E70124EFE700BFEC3400202DE9F04189
:103E2000404D06466869884607F02DFE18B100240B
:103E30002046BDE8F0812C68DCB1AC68CCB1002E26
:103E40006AD0B8F1000F69D008FB06F7B7FBF6F6A9
:103E5000B04565D1391D63D8BA0710D027F00302E9
:103E60000432EC6803E0616891420AD2A469002C34
:103E7000F9D1686907F00DFE0028D9D0D7E73A4696
:103E8000EFE7D4F808C0BCF1000F02D0012009F020
:103E900052F9891A232904F120061CD80123A360B2
:103EA000D4E90523AAB19361A3690BB162695A6190
:103EB0000023C4E905332B69DB0703D5FFF78EFF29
:103EC0000028E3D13A4600213046344609F02BF968
:103ED000CFE7EB60E8E702F1200023182039C3E9BF
:103EE000011CDC602169DFF840C0196144F800C0A2
:103EF0000E48D86101B1CB6061695961A0699861D0
:103F000041B18B61996901B14B6101212361C4E920
:103F10000121CDE7EB60F5E73446AAE74446A8E780
:103F20000446A6E7EC34002055AA00FF669911EE7E
:103F300070B5424E0546706907F0A5FD00287BD19B
:103F4000002D5FD03368002B5CD0B268002A59D0B6
:103F50009D4203D3726813449D4202D3012009F0AD
:103F6000EAF8A5F120042046FFF718FF0028F5D154
:103F700055F8183C012BF1D155F8143C45F8180CB4
:103F8000C3B19A68002A42D155F81C2C02F12001D5
:103F90005A680A445A6055E905321A6155F8145CAA
:103FA0002B6903B1DD6020462022002109F0BBF817
:103FB00023462C462069002836D08268002A33D157
:103FC0006368426820331344636003692361D4E962
:103FD0000523F2B923BB436963618269A2610BB314
:103FE0009C61A36903B15C61236903B1DC60202299
:103FF000002109F098F833699B0703D5FFF7EEFE1F
:104000000028ABD17069BDE8704007F042BD0023C5
:10401000D0E79361A369002BDDD062695A61DAE7CA
:10402000F360F7E7F460DCE7002BE4D1F368A36109
:1040300003B15C61F460DEE770BD00BFEC340020CA
:1040400070B50C46164E142200210546304609F084
:104050006AF81448706107F014FD1349134800F022
:1040600035F8232C1BD915F003031FBF043CE418BB
:10407000C3F10403ED1822460021284609F053F845
:10408000C6E90054203CB5606C60B368084A1A6009
:10409000B368A2F11022A2F1EF12DA61F36070BDF1
:1040A000EC340020640A0020313F02001D3E020073
:1040B00055AA00FF014B1B68184700BFC80A002023
:1040C000014B1B68184700BFC40A0020024B186050
:1040D000024B002019607047C80A0020C40A002063
:1040E00010B50A46044619B1024B00211B689847D7
:1040F00010BD00BF8CEA02000E4B0340B3F1607F9D
:1041000006D1B1F5885F0CBF00206FF086007047C4
:10411000B3F1707F0BD101F4E043B3F5005F06D13A
:1041200011F4E06F14BF00206FF0860070476FF04D
:10413000860070470000C07F8A42F8B506460D46EB
:1041400000F00A8101F0FE41B1F1C06F61D1884CED
:1041500022F4FF7121F00101A14222F0FF0014D0EE
:1041600004F58854A04210D022F47F7626F003068E
:10417000A4F57064A64208D004F5A064A04204D05F
:1041800004F57454A14240F0EB80D1B2784E19B9D5
:1041900022F48061B14224D125F4FF7424F001049B
:1041A000B44225F0FF0112D0724EB1420FD025F477
:1041B0007F7727F00307A6F57066B74207D006F5AC
:1041C000A066B14203D006F57456B44209D115F089
:1041D000FF0406D0684E44F00074B44204BF0246A7
:1041E0000D468BB122F4FF7323F00103B3F1062FC8
:1041F00006D0624B22F4FF6121F00701994203D1FE
:1042000022F4807225F48075954214BF00200120AD
:10421000F8BDB1F1A06F16D102F0FE43B3F1A06F6B
:1042200040F0888082EA050333F47E1340F08280F8
:1042300028047FD5C5F30540C2F3054290428CBFE8
:1042400000200120E4E74E4B9D4209D1A3F5004335
:104250009A4200F081804B4B22F47E109842D4E7C2
:10426000B1F1407F60D102F0FE43B3F1407F5BD1FA
:1042700082EA050030F47E1456D131462846FFF715
:104280003BFF00286AD1404912F47C1701EA020181
:1042900013D0B1F1607FC2F3054333D1D1B241F005
:1042A000007101F17E410339122901D83748445C7D
:1042B00015F47C1F2DD19C42A7E7B1F1607F0AD194
:1042C000D3B243F0007303F17E43033B122B4BD870
:1042D0002F49CB5CE2E7B1F1707F17D106F4E043E0
:1042E000B3F5005F42D10123C6F302218B4006F4EF
:1042F000E041B1F5005FDBD10120C6F3022600FAF0
:1043000006F4D5E7B1F1707FD2D1F0E7002423465F
:10431000CEE71FB9C5F30541A1421DD0290403D53D
:10432000C5F3054098428AE71A4B9D4202D1B2F18B
:10433000082F6AE725F0004323F47F03B3F1106FE1
:104340000CD102F0FE43B3F1106F07D112481040B8
:1043500040F01060A84258E7012059E7002057E7D5
:10436000002B7FF446AF4FE7002397E70023BEE71B
:104370000002000600130006FF00000200400006D5
:104380000093C004000140050000C07F585803009E
:10439000585803000002C0030000FFF670B5054640
:1043A0000F480E4607F06FFB044618B16FF08F04FC
:1043B000204670BD6B6933602B7F012B0ABF02233F
:1043C00030602B77064818BF6FF0960407F061FB4A
:1043D0000028EDD0002CE9D06FF09604E8E700BF8C
:1043E000AC0A002038B50C4C0C4807F04CFB657843
:1043F0000A4807F04EFB0A4807F045FB022D08D19A
:104400002478E31F5C425C41054807F042FB2046EC
:1044100038BD0024F8E700BF043500207C0A0020E6
:10442000940A00202DE9F047894615461C4600F005
:10443000C5FC0646002851D1D9F80070B7F800A095
:104440000AF4E043B3F5804FBB6808BF25F00105CF
:1044500035EA03033AD1002C40D0B5F5006F40D0C7
:10446000A5F5005255425541284A24F4FF7323F024
:104470000103934213D0264924F0FF028A420ED052
:1044800024F47F7020F00300A1F57061884206D00B
:1044900001F5A0618A4202D01E4A934223D114F052
:1044A000FF0304D01C4A43F00073934222D02B46F2
:1044B00022465046F968FFF73FFE804670B92B460A
:1044C000224650463969FFF737FEE0B96FF084069F
:1044D00000233846C9F8003000F03AFD3046BDE808
:1044E000F0870125C0E704F0FE43B3F1407F04D11B
:1044F0002304DCD56FF08606EAE7B3F1A06FF7D0AE
:10450000054B9C42D2E74646E8E700BF00020006A2
:104510000013000600460006FF00000238B500F058
:10452000FE43B3F1407F04460D4602D06FF0860093
:1045300038BDFFF7E1FD0028F8D114F47C1F18D036
:10454000C4F30543032B137022D9224A2240B2F14F
:10455000607F31D1E4B244F0007404F17E44033C46
:10456000122CE3D81C4A125D9342DFD8202BDFD9EE
:104570000EE0184B2340B3F1607F0FD1E3B243F05C
:10458000007303F17E43033B122B04D90023137005
:104590006FF08500CCE71149CB5CD3E7B3F1707FB6
:1045A000F4D101F4E043B3F5005FEFD10123C1F38F
:1045B00002218B40DBB2C5E7B2F1707FB6D105F4C2
:1045C000E042B2F5005FB1D10122C5F30225AA4055
:1045D000CAE700BF0000C07F5858030058580300C6
:1045E0002DE9F3414768D0F81480044638460E465A
:1045F00007F027FD0546E8B9FFB22FB9B8F1000F63
:1046000005D06FF0860515E0B8F1000FF9D0A3686A
:1046100023F0031323F47F43002BF2D14FF6F873FA
:1046200062889A4228D81648277907F02CFA28B1D0
:104630006FF08F05284602B0BDE8F08107B901A8E8
:10464000314600F071FB05460D4807F022FA10B123
:10465000002DEFD1ECE7002DECD10FCCD6F800C047
:1046600066460FC694E8070086E80700002FE1D1F0
:10467000019BCCF81430DDE76FF08505DAE700BF69
:10468000AC0A002010B5044650B1064807F0FBF90B
:10469000204607F02FFBBDE81040024807F0F9B9AB
:1046A00010BD00BFAC0A002013B5044610B301A929
:1046B00000F084FB0446E8B91F4807F0E4F958B15C
:1046C0000024019807F0A8FC002818BF04461A48E7
:1046D00007F0DFF970B10AE00198037F032B11D1D5
:1046E00007F09AFC0446144807F0D3F928B10CB936
:1046F0006FF08F04204602B010BD002C08BF6FF091
:104700008704F7E7022B10D1032303770379FF2BEC
:104710000ED04369094A03F14043A3F58053934205
:10472000CED800F0BFFD0446CBE76FF09604C8E793
:104730006FF08404C5E700BFAC0A0020FFDFFF3F35
:104740002DE9F04190461E46002288B003880546B8
:104750000F460592CDF81C803260B8F1000F65D08D
:10476000B8F1005F80F0A18023F0FF03B3F5E24FC2
:1047700002D0B3F5824F25D1284607F099F90446B7
:10478000002840F08680EB6883B16A8872B12B887C
:1047900003F44F41B1F5824F02D0B1F5884F05D1F6
:1047A000DBB2222B36D02CD8122B38D03A4600233D
:1047B00008EB070112F8010B8A4243EA0003F9D122
:1047C000002B33D0284605A9FFF70AFF0446A0B9FD
:1047D000059B9B6A6BB3059B39465A88284606920F
:1047E00006AA029203F1280201929A6A00925B6A79
:1047F000424600F01BFC044680B30598FFF742FFD9
:1048000047E0273BDBB21B2BD0D8294921FA03F321
:10481000DB07CBD50732B8EBD20FC7D206E040F2A8
:1048200009239A42F6D1B8F1400FBFD86FF0860441
:104830002FE06B681B0A07D10799059807F01AFA51
:1048400004460028C7D0D8E742463946284607AB79
:1048500000F094FB04460028EED0CEE70599069BB5
:104860004A88D2B94B804FF6F873069A9A4219D803
:104870002B88059813B102889A4210D16B8813B126
:1048800042889A420BD13146FFF788FD0446002842
:10489000B3D1204608B0BDE8F0819A42E3D06FF072
:1048A0008604AAE76FF08504A7E76FF08504F0E7B8
:1048B0000102000C38B504460D46FFF793FD30B1F8
:1048C0002A462146BDE83840024807F0E4BB6FF0B5
:1048D000880038BD08350020002273B503880A60BF
:1048E0000092428804460D46002A00F0FF800288AC
:1048F00002F4E042B2F5804F00F0F88023F0FF03AD
:10490000B3F5E24F02D0B3F5824F04D1204607F051
:10491000CFF80646D0B969462046FFF761FE064645
:1049200060BB009B9B6AA3B10099204601F128035C
:10493000D1E9091200F052FB06460098002E40F023
:10494000D2802946FFF72AFD0646B8B9304602B0A4
:1049500070BD63681B0A40F0BD802288618802F444
:10496000E043B3F5805F0DD0B3F5005F0AD002F4E9
:104970004F40B0F5824F1ED06FF085060098FFF7CC
:1049800081FEE3E7104607F046F906460028F5D118
:1049900047F201039A4220D14B080133DB0803EBB5
:1049A000C3033B330193DDE9000107F063F90646D9
:1049B0000028B9D0E2E7B3F5E04FDDD147F20103BB
:1049C0009A42E9D022F0FF03B3F5884F15D1CB1DF1
:1049D000DB0803EB43030133E4E744F201039A42AB
:1049E00002D1CB081033DDE722F0FF03B3F5E84F27
:1049F000EAD1CB1DDB085B00D4E7B3F5EE4F67D0FF
:104A0000B3F58E4F02D1CB1DDB08CBE702F44F404C
:104A1000B0F5824F02D0B0F5884F06D1D0B242280F
:104A200001D1CB08D7E74128EDD0B3F5E24FEAD06A
:104A3000B3F5824F03D1CB1DDB085B00CBE744F21B
:104A40000D039A4224D844F201039A42DBD9A2F51D
:104A50008042023A0B2AD6D801A353F822F000BFB5
:104A6000A54A0200074A0200B14A0200074A0200B2
:104A7000074A0200B94A0200C14A0200074A02007E
:104A8000074A0200C94A0200074A0200C94A020056
:104A900047F202039A421BD047F204039A42B2D172
:104AA00040237FE74FF4A0724B095343203379E74B
:104AB0004FF4C0720B0AF8E7CB1DDB08183371E71F
:104AC000CB1DDB081C336DE7CB1DDB08023392E7FF
:104AD000202367E7204601A900F068FA064600286F
:104AE0003FF461AF4AE707F0FAF847E76FF0860650
:104AF0002CE700BF10B51B4C1B4806F0C4FF237801
:104B0000590744BF03F0FB0323709A0705D500F053
:104B1000F1F8237823F002032370134806F0B9FF5D
:104B2000124806F0B0FF637813B1114807F0B6FAE7
:104B3000002304210E486370FFF7D2FA0B4806F0F9
:104B4000A8FF094806F09FFF2378DB0705D507F08B
:104B500081FA237823F0010323700348BDE8104055
:104B600006F097BF04350020940A00207C0A00203C
:104B70000835002070B5FFF735FC10B10024204641
:104B800070BD344806F07FFF044620B16FF08F04FB
:104B9000FFF7B0FFF3E7304D2B789E0706D400F007
:104BA000A1F804462B7843F002032B70294806F045
:104BB00070FF10B1002CE9D0EAE7002CE8D12548BD
:104BC00006F061FF04460028E0D12B78D80706D410
:104BD00007F03EFA04462B7843F001032B701D4882
:104BE00006F057FF0028E5D1002CD1D1194806F076
:104BF0004AFF0028CAD117482E7806F04AFF00283D
:104C0000C4D1164806F03FFF04460028BED16B7899
:104C10003BB9F10705D5124807F03AFA02230446DA
:104C20006B700E4806F035FF0028C3D1002CAFD1C1
:104C3000084806F028FF0028A8D12B7805485A0715
:104C40005CBF43F004032B7006F023FF002895D0CF
:104C50009CE700BF940A0020043500207C0A002055
:104C60000835002038B500F140430F2B0CD82C221A
:104C70001A4C02FB0344237F022B02D16369834257
:104C800024D06FF08B001AE06FF04042441E944233
:104C90000ED2124B00221C461D7F022D02D15D69EF
:104CA000854210D00132102A03F12C03F4D1E8E739
:104CB0000B4AA3F580539342EBD96FF0870038BDC0
:104CC0006FF09600FBE72C2303FB0244204607F01D
:104CD00096F90028F4D10C60F1E700BF0C350020F4
:104CE000FFDFFF3F0122024B002083F8C022704704
:104CF0000C3500202DE9F0410A4C002526464FF0E6
:104D0000010803272046C4F820802777013506F0E4
:104D1000F1FF102D04F12C04F4D1002386F8C032E9
:104D2000BDE8F0810C350020F8B5214D064621483C
:104D30000F4606F0A8FE95F8C0421E4806F0A9FEF0
:104D40007CB300242B462246197FD1B13CB90229FD
:104D500005D1196A19B91979002918BF1C46013201
:104D6000102A03F12C03EFD114B96FF08C0006E088
:104D7000204607F044F9204606F0BCFF10B100249D
:104D80000DE01C46237F7BB90123237736B10A4B04
:104D9000651BAD105D4305F18045356000203C602A
:104DA000F8BD6FF08800EAE76FF09600E7E700BF14
:104DB0000C350020940A0020A38B2EBA0023F0B5F6
:104DC000054691B05E480B600E4606F05CFE5D4BFA
:104DD0005B4893F8C04206F05CFE002C00F0AC800B
:104DE000594806F050FE074620B16FF08F04204668
:104DF00011B0F0BD31462846FFF734FF10F18C0F9B
:104E0000044607D0504806F044FE0028EFD0002C9E
:104E1000EDD1EAE73846FFF787FF074620B14A4859
:104E200006F037FE3C46E2E70122336801465D6149
:104E3000336809A85A601C22356808F074F900220A
:104E400000236869CDE90623404A00F14043A3F5F9
:104E500080539342CDE9047703971DD806AA03A98E
:104E600007F01FF90446B8B9039B6A690A93DBB2DD
:104E7000002B08BF00220346CDE90000DDE9060152
:104E80000E9209AA00F060F910F18A0F04460ED0C4
:104E9000002808BF6FF09604306806F02BFF14F16D
:104EA0008C0F08BF6FF0870400233360AAE704A9C2
:104EB00009A800F07BF804460028EDD128460499A3
:104EC00006F0D8FE04460028E6D1DDE9060105AB70
:104ED0000193AB6A09AA00936B6A00F035F90446A6
:104EE00018B1284606F0FBFED6E72C46059BAB62C0
:104EF00009AD0FCD0FC495E8070084E807003268BC
:104F00009368D80414D4990444BF43F400639360B5
:104F100033681A7F012A04BF02221A77306807F02B
:104F20006EF8044600283FF46DAF6FF09604BBE7BF
:104F300043F480639360E6E76FF0880457E700BFAF
:104F4000940A00200C350020AC0A0020FFDFFF3F50
:104F500010B50446084806F096FD40B9204607F013
:104F60005BF80446044806F094FD10B10CB96FF0EC
:104F70008F04204610BD00BFAC0A002010B41946B3
:104F8000002443680C60074C1A0AB4EB132F02D0BC
:104F9000054B9A4202D110BC00F074BA6FF0860043
:104FA00010BC7047004E80004B4E800010B40024AF
:104FB00043680C60074C1A0AB4EB132F02D0064B5F
:104FC0009A4202D110BC00F05DBA6FF0860010BCAE
:104FD000704700BF004E80004B4E80002DE9F0412D
:104FE000456804462D0A0E461746984606D00E4CD4
:104FF000A54214D06FF08600BDE8F08105886D04ED
:1050000007D443463A4631462046BDE8F04106F013
:10501000E1BF00F05FFD10F1860FEDD1F1E7BDE8D3
:10502000F04100F057BD00BF4B4E80002DE9F04F1E
:10503000DFF880B0D0F804E085B0BBEB1E2F04464B
:10504000DDE90E890D4616461F46DDF840A04FEA01
:105050001E2C1CD0DFF860E0F44518D0BCF1000F26
:1050600022D1CDE9019ACDF8008000F0A5FC10F125
:10507000860F1BD13B46324629462046CDE90F9A82
:10508000CDF8388005B0BDE8F04F06F006BE3B46CF
:10509000324629462046CDE90F9ACDF8388005B032
:1050A000BDE8F04F00F088BC6FF0860005B0BDE8A9
:1050B000F08F00BF004E80004B4E800030B444683B
:1050C000240A06D0064DAC4206D030BC6FF08600F4
:1050D000704730BC06F02BBE30BC00F07FBD00BF77
:1050E0004B4E80002DE9F7430D46DDE90A8916464F
:1050F000134942681F46B1EB122F04464FEA1223B0
:105100000ED0104A934200D0ABB93B4632462946F6
:105110002046CDE9008900F005FC10F1860F0CD186
:105120003B46324629462046CDE90A8903B0BDE810
:10513000F04300F0F7BB6FF0860003B0BDE8F083EA
:10514000004E80004B4E8000F0B4DFF82CC0546855
:10515000DDE90456BCEB142F4FEA142702D0074CAC
:10516000A74204D1CDE90456F0BC00F025BD6FF094
:105170008B00F0BC704700BF004E80004B4E80009B
:105180002DE9F043DFF84490DDB2446845F0007546
:105190004D45DDF82C804FEA1424DDE90767DDE991
:1051A00009CE0CD014B10A4DAC420CD1CDE90AE8BD
:1051B000CDE9087C0796BDE8F04307F03BB86FF0F7
:1051C0008500BDE8F0836FF08600FAE70500000275
:1051D0004B4E8000F7B5089E0E4FF5B2044645F0E1
:1051E00000754868BD424FEA10200DD010B10A4D3D
:1051F000A8420CD1009604F1080007F010F808B995
:105200000523236003B0F0BD6FF08500FAE76FF06F
:105210008600F7E7050000024B4E8000F7B5089EB8
:105220000E4FF5B2044645F000754868BD424FEA9E
:1052300010200DD010B10A4DA8420CD1009604F1F7
:10524000080006F0EEFF08B90523236003B0F0BDA7
:105250006FF08500FAE76FF08600F7E705000002BF
:105260004B4E80002DE9F04144681D46DDE9087C85
:10527000DDE90636240ADDF828E003D0DFF82080D7
:10528000444508D1CDE909E5CDE9077C0696BDE89E
:10529000F04101F00BB86FF08600BDE8F08100BF6F
:1052A0004B4E80004268044BB3EB122F01D107F044
:1052B000B1B86FF0850070474B4E800010B50D4CB3
:1052C000206801F0ADFE0C4A1368591C11605BB9EF
:1052D0000A4A5920D2F8003443F00703C2F80034D8
:1052E000ECF772F801F0A8F92068BDE8104001F071
:1052F000B1BE00BFD00A0020D0370020009005507A
:1053000038B5164D286801F08BFE154B1C68013C22
:105310001C60ECB95920ECF765F80722114BC3F873
:105320000823D3F8002422F00702C3F80024C3F8AE
:105330000041D3F80021C3F80441D3F804214FF011
:105340000072C3F80841D3F80831074BC3F888212D
:105350002868BDE8384001F07DBE00BFD00A0020BB
:10536000D03700200090055000E100E070B5144DEA
:10537000144E2B68B34221D0FFF7A0FF01F0D4FAFE
:1053800001F066FB38B106F08EFE0446FFF7B8FF69
:1053900044B92E6006E0FAF71FFB28B1FFF7B0FF13
:1053A0006FF09204204670BD00F03AFE044610B142
:1053B000FFF7A6FFF6E707F0E4F8E6E70024F1E7D9
:1053C000CC0A002011736500F8B505460E46184654
:1053D0001C2117461C4607F049FE6B6821491A0A32
:1053E000B1EB132F1BD1204A337822611F4A13F0EF
:1053F0000303E26066610CD0023303F00303012B68
:1054000026D86B880733DB086360194B23600020C4
:10541000F8BD6B880733DB086360164BF6E7164B65
:105420009A4212D16A69154B1344022B13D90023F7
:10543000224642F8183FC4E9033362616A69104B9F
:105440009A4201D12023E7E747B1C4E90067DEE7CC
:105450006FF08400DCE76FF08500D9E76FF096000D
:10546000D6E700BF4B4E8000855C02005BC50200A2
:105470000000002000FF0220004E8000FF3F00805F
:1054800004C0FF7F10B5114C4368B4EB132F4FEAF3
:10549000132219D142690E4B9A420CD003F5FF43F7
:1054A0007D331344012B03D80388B3F5105F07D075
:1054B0006FF0860007E047F2121302889A42F6E77F
:1054C000022300200B6010BD024BF7E7004E800066
:1054D00001C0FF7F4B4E800000212DE9F0430646BE
:1054E00095B0084601F09AF90DF12705044625F01C
:1054F0001F0520B115B0BDE8F04306F0D4BD4FF054
:105500001009DFF88080012210211F4806F037FEC5
:105510001D4A2B19009320211023CDF80490A2F1ED
:10552000200000F021FF074650B1002001F064F98F
:10553000384606F0B8FD0746384615B0BDE8F0839A
:10554000D8E90C321034013342F10002302CC8E9A2
:105550000C32D8D101F050F926B122463146284606
:1055600006F000FE2E46074C0FCE0FC496E80F0043
:10557000203584E80F0095E80F00103484E80F0010
:10558000DAE700BF4030002060300020F0B5194D50
:10559000194FAB6B8DB0BB4229D0184E306801F06B
:1055A0003FFD402300221946284607F054FD3021D4
:1055B000684606F00AFE044678B96846FFF78CFF95
:1055C000044690B9302302461946684607F043FD69
:1055D00001220023C5E90C23AF63306801F03AFDD6
:1055E000204606F060FD0DB0F0BD0E24F5E700206A
:1055F000F9E700BF40300020B4A5B4A5D40A0020CC
:105600002DE9F04F99B00DF1570902F10F0A044648
:105610008846154629F01F094FEA1A1A32B10029A7
:1056200000F08780B2F5005F00F28380424F434E66
:10563000386801F0F5FCD6E90C32134308D1204656
:10564000FFF7A4FF044618B1386801F003FD5CE0E1
:10565000D6E90C231AEB020A43F10003BAF5803FA6
:1056600073F1000314D3302102A806F0AEFDF8B99F
:1056700002A8FFF731FF04460028E5D13023024697
:10568000194602A807F0E7FC00220023C6E90C2314
:105690000021084601F0C2F8044660B910249DB903
:1056A000284601F0A9F82846FFF716FF0446CBE785
:1056B0006FF09204C8E7386801F0CCFC204619B0BE
:1056C000BDE8F04F06F0EFBC102D4FF001024FF097
:1056D00010011B48AB4628BF4FF0100B06F04FFDE2
:1056E000174A10232021CDE90094A2F1200000F0F8
:1056F0003BFE824668B1002001F07EF8386801F078
:10570000A9FC504606F0CFFC0446204619B0BDE87F
:10571000F08F5A464046494607F0DFFCD6E90C3286
:10572000013342F10002C6E90C32A5EB0B05D84467
:10573000B5E76FF08604E8E7D40A00204030002087
:10574000603000202DE9F041069C04F0FE45B5F1E3
:10575000407F09D0204921481A23214A02F0D5F977
:105760001A211F4802F0C8F905686DBB14F47C16B5
:1057700004600BD0C4F305461A4D24F47E14AC42E9
:10578000466025D1BDE8F04100F07CB8164D2540BB
:10579000B5F1607F0AD1E5B245F0007505F17E45AF
:1057A000033D122DE8D8114E765DE5E7B5F1707F27
:1057B000E2D10D8805F4E047B7F5005F02BF01268E
:1057C000C5F30225AE40D7E76FF08800BDE8F08151
:1057D0006FF08500FAE700BF3754030004F30200BE
:1057E000D25303000002C0030000C07F6B580300C7
:1057F00010B4046844B15AB1084B24F47E149C429E
:1058000008D110BC06F04EBD6FF0880010BC704788
:105810001046FBE76FF08500F8E700BF0002C00309
:10582000F8B51E46036805460F4603B311B3416839
:10583000914222D8124A23F47E13934211D106F0EA
:10584000B1FD044678B905F10C0138466A6807F0E5
:1058500044FC6B684FF4C2712846336007F006FCC5
:1058600003E06FF09604002333602046F8BD6FF02C
:105870008804FAE76FF08604F7E76FF08904F4E72D
:105880000002C0032DE9F0410E461C463388054650
:10589000B3F5105F11463DD10F2C0BD873681F482C
:1058A0001A0AB0EB132F07D01D4B9A4204D06FF0A9
:1058B00086042CE0202CFAD805F5B277224638462B
:1058C00005F5A47807F009FC2246434639463046E0
:1058D000FFF77AFD0446D0B905F164060121304690
:1058E00000F09CFF18B1BDE8F04106F0DCBB41467A
:1058F00005F1500000F088FD0446304600F07CFFC2
:105900000CB12046EFE7102385F84C40AB602046F1
:10591000BDE8F0816FF08504F9E700BF4B4E8000D1
:10592000004E80002DE9F0410E46DDE906EC1746F9
:105930001C464BB91C4920231C4A1D4802F0E5F8BF
:1059400020211A4802F0D8F8BCF1000F07D11949FC
:105950002123164A164802F0D8F82121F1E74FF02A
:1059600000080588CCF80080BEF1000F15D025F0A6
:10597000FF05B5F5E24F03D1BDE8F04101F00ABAE9
:10598000B5F5824F0DD17346224639463046CDF8E3
:1059900018C0BDE8F04107F0FBB96FF08600BDE824
:1059A000F0816FF08500FAE7261B030084540300A2
:1059B00004F30200F45403002DE9F04F8DB00446C7
:1059C000DDE91678894692461D46189E4BB93B493B
:1059D00078233B4A3B4802F098F87821384802F097
:1059E0008BF8B8F1000F07D137497923344A35488D
:1059F00002F08BF87921F1E73EB934497A23304A35
:105A0000304802F082F87A21E8E74FF0000CB0F855
:105A100000E0C6F800C0C8F800C0002F47D0D0F89A
:105A200004C0DFF8ACB04FEA1C2CCDF80CC0D0F8A5
:105A300004C0BBEB1C2F26D104A9D0F814B0FFF78B
:105A400021FD0146C0B9049B9F4219D35FFA8BFB2D
:105A5000594653464A46204600F064F9014658B973
:105A60002B465846CDE9007805AA00F03BFB0146DD
:105A700010B9BDF81630336008460DB0BDE8F08FA0
:105A80006FF08901F8E7039CA4B92EF0FF04B4F588
:105A9000E24F04D10DB0BDE8F04F07F007B9B4F5FF
:105AA000824F07D10DB0BDE8F04F07F026B96FF077
:105AB0008601E1E76FF08501DEE700BF00550300D6
:105AC0008454030004F302000B5503001D5503002A
:105AD0004B4E80002DE9F0430546164698460F468A
:105AE00093B049B92F49EA232F4A304802F00DF804
:105AF000EA212D4802F000F83BB92D49EB232A4A50
:105B00002A4802F002F8EB21F3E7D0F804C0DFF8EE
:105B1000A4900488B9EB1C2F4FEA1C2E2DD142888B
:105B20000732B2F5C47F4FEAD20937D224F0FF0220
:105B3000B2F5E24F11D14A4606A907F04BF848B931
:105B400005ABCDE901834A463B462846009606A9A7
:105B5000FFF732FF13B0BDE8F083B4F5105F06D055
:105B6000B4F5885F03D042F204039C4216D14A4642
:105B700006A90020FFF744FDE1E7BEF1000F0DD1BB
:105B80004AB124F0FF04B4F5E24F07D113B0BDE8E9
:105B9000F04307F01FB86FF08600DBE76FF0850079
:105BA000D8E700BF005503008454030004F302004B
:105BB0000B5503004B4E800030B4074C041961F1C3
:105BC0000005032C75F1000502D330BC00F08ABA41
:105BD0006FF0850030BC7047FF3F00802DE9F8432F
:105BE00004881E4604F44F43B3F5824F9046DDE926
:105BF00008270D4602D0B3F5884F10D1E4B2A4F1C6
:105C00004103012B01D9122C0CD1424629463046C2
:105C100007F063FA0020C7F80080BDE8F883B4F508
:105C2000885FF1E743880733B2EBD30F4FEAD3091C
:105C300021D3DFF84880D8F8000001F0F1F92846B8
:105C400006F08BFC044630B94A4630460C4907F052
:105C500044FAC7F80090284600F014F80546D8F832
:105C6000000001F0F7F9002D14BF28462046BDE8DA
:105C7000F84306F018BA6FF08900CEE7D80A002082
:105C80000000002008B503789B0705D00548602177
:105C900007F0ECF9002008BD06F073FC0028F5D0F1
:105CA0000220F8E70000002030B51D49436885B0A8
:105CB000B1EB132FDAB230D1032A03D16FF0840095
:105CC00005B030BD406903AA02A906F0E5FB002833
:105CD000F6D1DDE9024529462046F9F7C3FE002842
:105CE000ECD19DF8043005F0070223F01F0343EACE
:105CF000820301A88DF804308DF80540FFF7C2FF3C
:105D00002946204606F0A7FB20B905B0BDE8304083
:105D100006F0FABB6FF09200D2E76FF08B00CFE78E
:105D20004B4E80002DE9F04F8BB01C4607460D46C8
:105D3000164606F0E9FB0346002840F0F680029084
:105D40007869C0F3013161F305138DF8083013F061
:105D5000300308D1BA68920710D06FF08608404629
:105D60000BB0BDE8F08F102B08D1BDF80A3023F43A
:105D7000F87343F4A873ADF80A308BE0D7F80CC081
:105D80000CF0FE42B2F1A06F0CD0DFF878E23A8856
:105D9000F4450AD0DFF870E2F44516D0DFF86CE283
:105DA000F4450ED0C0B2F82807E04FF0140C02986A
:105DB0006CF393300290B2F5105F1BD06FF0850842
:105DC000CDE74FF0240C0298F2E7B8684004F5D50F
:105DD00002F44F40B0F5824F02D0B0F5884FEDD1BC
:105DE000D2B2122A01D0412AE8D13820029A60F3B7
:105DF0009332029200224FF0010B904610469446D7
:105E0000D7F808E0DFF8089259F804AB1EEA0A0F49
:105E100008D00BFA0CF242EA080202F07F080122D5
:105E200040EA0A000CF1010CBCF1070FECD12AB1D9
:105E30009DF80B2068F347028DF80B203EEA000026
:105E4000BCD17A88FF2A39D005D8802A38D0C02A18
:105E5000B4D1022206E0B2F5807F33D0B2F5C07F24
:105E6000ACD106229DF80A0062F306108DF80A00F4
:105E70001BB91EF0030F7FF470AF3B79022B2ED0BD
:105E800022D8012B7FF469AFBDF80A2063F3C81252
:105E9000ADF80A2001293AD0032925D000297FF442
:105EA0005CAF3B88B3F5105F88D1182C04D0202C50
:105EB00002D0102C7FF451AF564F2CE00322D1E7D3
:105EC0000122CFE70422CDE7032B02D0FF2B7FF482
:105ED00044AF0222BDF80A3062F3C8134BE7BDF8A5
:105EE0000A3043F4C07346E7202C05D006D8102CA6
:105EF00002D0182C7FF431AF474F0CE024F0200380
:105F0000412B01D0302CF5E70136013CF4E7302C71
:105F10007FF423AF414F0F344FEA14194946284606
:105F20000DF10702F9F764FE10B16FF0920816E761
:105F30009DF807306BB94946284603AAF9F788FE51
:105F40000028F2D19DF80C30002BEED16FF08A08BA
:105F500005E71F2C39D11C22002103A807F0E3F824
:105F60004FF0000B4FF0FF3A07EB0B124FEA0B1309
:105F70000892BBF1000F2FD1029A0992BDF80A20B6
:105F80003344C2F3C11207920DF10C0C03F1100E51
:105F9000624618685968083303C273459446F7D1BE
:105FA0000021012005EB0B0805F07BFB414603A80F
:105FB000F9F720FD00218046084605F072FBB8F194
:105FC000000F0CD006F0A0FAAFE74946284606F0CD
:105FD00042FA0028BFD0A8E7CDF824A0CEE71C21C4
:105FE00003A80BF1010B07F041F8D945BCD11F2CD8
:105FF0003FF4B5AEBA2006F076FA00283FF4AFAE13
:1060000093E700BF00444004000002090002C003FF
:1060100090EA020000FF02200000002010940550CA
:1060200010B590B01C22002101A807F07CF80221D5
:10603000F8200DF10302F9F7DBFD044620BB9DF8C3
:106040000330F3B120220DEB0201FFF7D9FA044629
:10605000B8B94FF480710E4A0E4B01A8CDE9012367
:106060000D4BCDE903130D4BF821069320230DEBC7
:106070000302FFF757FE202104460DEB010006F056
:10608000F5FF204610B010BD6FF09204F9E700BF95
:1060900000240001014B4E800010C004F800FF7F77
:1060A00073B5C5B20E46284601A9144606F0B4F9E8
:1060B00088B9BDF80630C3F3C113013BDBB2022B34
:1060C0008FBF6FF08600054AD25C054B9EBF13431D
:1060D0003360C4E9005002B070BD00BF7E580300B9
:1060E000004B4E802DE9F3410F4669468046144629
:1060F0001E4606F091F948B9B8F1F80347F1FF37A9
:10610000022B77F1000704D26FF0860002B0BDE8E1
:10611000F08106F0F9F910B16FF09200F6E7002C6B
:10612000F2D09DF8007017F00F0340F0A480BDF886
:106130000220C2F3C112013AD2B2022A00F29E80BA
:10614000534907F03007895C524A102F42EA010296
:10615000626030D1504B2360204601A9FFF792F9CD
:106160000028D3D1019B089A934200F28D80099AAE
:1061700013609DF800303278C3F3011363F301021A
:1061800032709DF80220C2F30212072A64D0042A5A
:106190006FD8012A05D0063202F00702022A5BD826
:1061A00002223378202F08BF023262F38403337057
:1061B00086F80180AAE71A469DF803103748490877
:1061C000B1B9D00454BF134642F48063990448BF68
:1061D00043F40063A360009BC3F38533242B2BD0CF
:1061E000382B0FD0142B97D14FF410532C4915E0B6
:1061F000CD0704D5062B44D850F823502A4349082C
:106200000133DDE747F2121347F241109DF8021007
:1062100001F07001302908BF03462249E1609DF872
:1062200002102380C1F302110139052914D8DFE8D7
:1062300001F01E071618131B4FF410531A49EDE70F
:10624000C0216180002F87D1B3F5105F01D1930782
:1062500082D06FF0960059E76FF0980056E7FF2163
:10626000EFE74FF48071ECE74FF4C071E9E780216C
:10627000E7E7032295E76FF0880047E76FF09100AA
:1062800044E76FF0830041E76FF089003EE700BF0D
:106290007E580300004B4E800110800190EA0200FE
:1062A00000444004000002090002C0032DE9F04749
:1062B0000688174606F44F4286B0B2F5824F9946DB
:1062C000DDE911A3884602D0B2F5884F1DD1F6B2A0
:1062D0000024224D41881D4023F0004323F47F0316
:1062E000B3F1106FCAF800401D4B45F010650ED198
:1062F0009D420ED1038823F0FF03B3F5E24F0ED089
:106300006FF0860006B0BDE8F0870026E0E79D420A
:1063100002D0144B9D42F3D16FF08500F2E7304676
:1063200005AA00F027FCB8B9059B5B68BB42E7D122
:10633000304600F05FFC0028EED0109B3A460293F6
:106340000F9B414601930E9B05980093CDF80CA03E
:106350004B4600F07BFDD5E72046D3E70000FFF673
:10636000000002090000010937B54FF48074019460
:10637000214C41F00051A16140F6110143F000535E
:10638000A3622123E16104F1200161610121226204
:10639000E362069A194B01AD1A60079A256042F034
:1063A00000521125C3E901122022DFF854C02061F8
:1063B000C4E902C504F1100565606162DA60BFF3EB
:1063C0005F8F104A1460BFF35F8FBFF35F8F13615D
:1063D000BFF35F8FBFF35F8F03235363BFF35F8F01
:1063E000BFF35F8F9363BFF35F8F00F0E7F8431C49
:1063F000FBD003B030BD00BFE4370020D43700200D
:10640000040000200000015038B504460D4619B1C3
:106410000A688B681AB953B96FF0210029E033B9C3
:106420004B6823F00802102A01D0202B36D12561B9
:10643000EB68D3B91B4B04F178012360012363603F
:10644000AB6804F114009A069B01DBB202F0E04253
:106450001A4342F48032112300F026F8AB684BB1A6
:1064600000201023C4E9020303E06869984700286C
:10647000E0D038BD2A68A3691A606B68A26943F04E
:10648000005393602268A36992699268DA60A369F5
:106490001033A361636801336360E1E76FF041008B
:1064A000E7E700BFACEA0200026100F1140282607B
:1064B00000F110024160C2600A60426803499160C5
:1064C0004268D36043681033436070470400002083
:1064D0004368A3F11001914240D8012243F80C2CEB
:1064E00053F8042C42F0200243F8042C53F8082CF3
:1064F00042F0005243F8082C836800F11402A3F123
:10650000100191422ED8012243F80C2C53F8042C90
:1065100042F0200243F8042C53F8082C42F00052B9
:1065200043F8082CC36803F15402BFF35F8F0F4B8D
:106530001A60BFF35F8FC2680432BFF35F8F1A61C6
:10654000BFF35F8FBFF35F8F03225A63BFF35F8F89
:10655000BFF35F8F9A63BFF35F8F7047103242F8CB
:106560000C2CB8E7103242F80C2CCAE7000001509E
:1065700038B5BFF35F8F104CE569BFF35F8FBFF392
:106580005F8F10236363BFF35F8F012006F03AFD36
:10659000BFF35F8F00236363BFF35F8FBFF35F8F32
:1065A000E36BBFF35F8F5B06F8D425B1BFF35F8F5A
:1065B000E561BFF35F8F38BD0000015008B500F002
:1065C000C7F9104A20B9BFF35F8F906ABFF35F8F9E
:1065D000BFF35F8FD36BBFF35F8F10F0240F03F017
:1065E000230304D0FFF7C4FF6FF01F0008BD4FF076
:1065F000FF30002BFAD1BFF35F8F1063BFF35F8FC3
:106600001846F3E700000150BFF35F8F094A136893
:10661000BFF35F8F43F48071BFF35F8F1160BFF3EF
:106620005F8F23F48073BFF35F8F1360BFF35F8FBF
:10663000704700BF00100150BFF35F8F1522064B5B
:106640005A62BFF35F8FBFF35F8F40F237129A62D7
:10665000BFF35F8F704700BF0010015008B5FFF710
:10666000D3FFBFF35F8F064A1368BFF35F8F43F01A
:106670000103BFF35F8F1360BFF35F8F08BD00BFDF
:106680000010015070B50026C0E9006605460C46B2
:10669000FEF714FE01232B70FFF7B6FFBFF35F8FE9
:1066A000204BDB68BFF35F8F9B08013BACB32268D4
:1066B00042B19A4205D9FEF723FE6FF03F002E70DB
:1066C00070BD1346D4E90115E068002908BF4FF4F6
:1066D0000071002808BFF1202469BFF35F8F114AC1
:1066E0009360BFF35F8FBFF35F8F1564BFF35F8F5E
:1066F000BFF35F8F5064BFF35F8FBFF35F8F516352
:10670000BFF35F8F44F4802444F00104BFF35F8F34
:106710001460BFF35F8F0020D2E74FF40071F120C7
:106720002546DAE70010015070B503780D4614468F
:10673000002B52D0BFF35F8F2C4A136BBFF35F8FD8
:1067400003F00E010A294BD013F00C0F02D14FF0C9
:10675000FF3070BD4368D3B9BFF35F8F5368BFF399
:106760005F8F032BF3D9224B2249BFF35F8FD2F8FF
:106770008060BFF35F8FBFF35F8F43F8046BBFF39D
:106780005F8F8B42F1D1FFF769FF01234360BFF3B5
:106790005F8F164B9A68BFF35F8F0132B4EB021F15
:1067A00021D8BFF35F8F5A68BFF35F8FB4EB820FBE
:1067B000CDD884B1BFF35F8FD3F88020BFF35F8F54
:1067C000291D05F8012BA9424FEA122204F1FF34DA
:1067D000EFD0002CF5D10020BBE76FF02000B8E728
:1067E0006FF05100B5E76FF03F00B2E700100150C5
:1067F000101001502010015010B5044608B1037864
:1068000043B1FEF77DFD044B186800F023FC0CB18A
:106810000023237010BD00BFD80A002037B50546FD
:106820000C46FEF74BFD1A4B186800F0F9FB0DB152
:1068300001232B70BFF35F8F0022164BDA61BFF389
:106840005F8FBFF35F8F4FF0FF321A63BFF35F8F2D
:10685000BFF35F8F3422DA61BFF35F8F012203F54C
:106860009223C3F80423E30703D40024204603B093
:1068700030BD01A800F05AF9044628B9019806F085
:1068800098FA04460028F0D02846FFF7B5FFEDE758
:10689000D80A00200000015038B51B4CD4F8005134
:1068A000BDB1BFF35F8F194B996ABFF35F8FBFF321
:1068B0005F8F4FF0FF321A63BFF35F8F0023C4F87E
:1068C0000031D4F80031124B1868BDE8384006F0AA
:1068D00097BBD4F8083153B100F08AF805F0F9FFFE
:1068E000C4F80851D4F8083101210A4BECE70A49F1
:1068F00050230A4A0A4801F008F90A4801F005F94C
:106900005021064801F0F8F80090055000000150B1
:10691000E00A0020DC0A0020294703002655030076
:1069200004F302009B55030008B5074B186806F0F6
:1069300056FB064B186806F052FBBDE808400022E3
:1069400059201146EAF762BDE00A0020DC0A002067
:1069500038B5094B1C7864B1084B4FF0FF311D6806
:10696000284606F03EFB4FF0FF310446284606F06D
:1069700045FB204638BD00BF063D0020E00A002050
:1069800010B5064CE36C3BB9214651F84C3B986975
:1069900006F0ECF80123E364014810BD1438002030
:1069A0006038002010B504460E4B186800F038FB24
:1069B0000D4B1A68236122605A6862609A68A2606F
:1069C0000A4A12689A660023A364FEF777FC204601
:1069D00005F070FF0028FAD1204605F070FF00286E
:1069E000F5D110BDE40A002014380020E8EA0200C6
:1069F000004870471438002010B50446054A036962
:106A000012689A6606F0A5F82046BDE8104005F029
:106A100068BF00BF00EB020010B50446FFF7ECFFB3
:106A20000422084BC3F80823FEF76AFC064A2369D0
:106A300012689A6600236364044BBDE8104018682E
:106A400000F008BB00900550E8EA0200E40A0020CC
:106A500010B50E4B0E4C236003F5C04363602461F8
:106A6000FFF78EFF236D2046B3F5007FCCBF4FF4B8
:106A700080634FF40073A360FFF794FF2046FFF795
:106A8000BBFF2046FFF7C8FF002010BD00200150CB
:106A900014380020244B0340B3F5806F30D016DC4F
:106AA000402B2FD008DC102B2ED0202B2ED0181EE0
:106AB00018BF012040007047B3F5807F28D0B3F5A0
:106AC000007F27D0802B14BF02200B207047B3F526
:106AD000804F21D00BDCB3F5805F1FD0B3F5005F92
:106AE0001ED0B3F5006F14BF022006207047B3F527
:106AF000004F17D0B3F5803F14BF0220032070472A
:106B0000112070470A2070470C20704709207047F9
:106B100008207047072070471420704705207047F1
:106B2000042070470F207047F0FF010070B50E4D34
:106B30000E4E0446286800F073FA306828B98022A7
:106B40000B49FEF75DFD60B92020094A013852F873
:106B50002020306022600024286800F07BFA204664
:106B600070BD0224F8E700BFE80A0020803800204A
:106B70008438002012281BD0A0F11203302B2DD80E
:106B800026280DD81738C3B20B2B27D81648184122
:106B900000F00100C0F1FF2000F57F007A3070475F
:106BA0002738C3B21148D84000F001008738704739
:106BB000B1F5807F0ED006D8E02914BF6FF08600B3
:106BC0006FF085007047B1F5C07F0AD040F209230D
:106BD0009942F2E7064B0020136070476FF0860081
:106BE00070476FF085007047EEF7FFFF1102000C51
:106BF000D8EA0200A0F11203DBB21E2B9DBF0348AE
:106C0000D84000F001000020704700BF210221425F
:106C100070B50446A4B0466811A80D46FFF7C2FE41
:106C2000174B11A8196805F074FE21466B46002227
:106C300011A805F02BFF044680B911A805F0CAFE83
:106C4000DDE900120346284606F013F911A805F005
:106C500080FF11A805F045FE044648B111A8FFF7D2
:106C6000DBFE204605F01FFA0446204624B070BD26
:106C700011A8FFF7D1FE3146684606F0F7F9F4E7B0
:106C800094EC020070B5D51D1C78ED080646042C66
:106C9000084611464FEA450286B002F101021DD1B5
:106CA0000A9C94421AD1104C104A344044F01064AB
:106CB00094424FF0000414D15A1CCDE902526A1CD0
:106CC000134401AACDE904530194FFF753FF18B907
:106CD000019802A9FFF79CFF06B070BD6FF0860017
:106CE000FAE72046F8E700BF0000FFF600000209BF
:106CF0002DE9F041038803F44F44B4F5824F02D0EC
:106D0000B4F5884F22D1DEB2C56803F4E0401F4BD2
:106D100000241F4693F800C0B4451BD1D2F8008070
:106D2000B0F5804F0CBFD3F80CC0D3F808C0D3F82F
:106D300004E0B8F1000F0BD18C4509D1C2F800E096
:106D40008C450DD06FF08600BDE8F0810026DBE7B2
:106D5000F045F5D00134132C03F11403DAD1F1E737
:106D6000142303FB04773B7C13B96FF08500EBE73A
:106D7000422E09D1064B9D4206D003F20B139D42D1
:106D800002D00A339D42DDD10020DDE718EB02007E
:106D9000000800062DE9F34105881F4605F44F431E
:106DA000B3F5824F0E468046418802D0B3F5884F36
:106DB0001BD1EDB2422D3DD8402D13D8A5F11203C1
:106DC000DBB21E2B36D81E4A42FA03F3DA0731D45F
:106DD000CC1DE40864000134089BA34207D26FF085
:106DE000890024E0CC1DE408F6E700242546284667
:106DF00001AAFFF7BFFED0B9D8F80420114BB3EBBE
:106E0000122F19D0123DEDB21E2D15D80E4BEB40AE
:106E1000DB0711D539460423019A01F8013B3046BE
:106E200000F0A6F805F03FF908B9099B1C6002B014
:106E3000BDE8F0810024DAE76FF08500F7E700BFD6
:106E4000DEFFFFBF004E8000210000402DE9F04131
:106E50001546C4B003AC1E460DF104080FABC8E9DB
:106E60000021C4E90132226020AB10220746002134
:106E700007A8E36006F057F94A9A6B0001339A427B
:106E80006DD13378042B6AD14C9B9D426AD8731C18
:106E9000CDE907536B1C1E44384607A9CDE90956B6
:106EA000FFF7B6FE0546002855D131A8FFF77AFD59
:106EB0002E4B31A8196805F02CFD0A260022394610
:106EC0000BAB31A805F0E2FD0546002834D131A80E
:106ED00005F080FD054602460B99404605F0A0FFEF
:106EE000DDE90C122B4607A805F0C3FF31A805F019
:106EF00030FE31A805F0F5FC0546E8B9013EDDD1CC
:106F000031A805F0A4FD064631A805F063FD23462F
:106F10000246D6E9000105F09CFF636822680C93E5
:106F2000A3684B990D93E3680BA80B920E9305F0A1
:106F300077FF4D9B0B9A1A60D4E9001006F096F883
:106F4000D4E9021006F092F8284605F0ACF80546A0
:106F500031A8FFF761FD284644B0BDE8F0816FF02D
:106F60008605F8E76FF08905F5E700BFACEC020095
:106F70002DE9F04796B0814603A80E46154657689E
:106F8000FFF710FD254B03A8D3F800A04FF0000831
:106F9000514605F0BEFC6B460022294603A805F0C9
:106FA00075FD044618B103A8FFF736FD21E03A4607
:106FB0004946009805F09EFFDDE90123294603A814
:106FC00005F033FD03A805F0C4FD03A805F089FC16
:106FD0000628044611D108F10108B8F10A0F04D0BF
:106FE000514603A805F095FCD5E703A8FFF714FD6B
:106FF0006A24204616B0BDE8F0870028D3D103A844
:1070000005F025FD05463A460168304606F065F86C
:107010003A466968F01906F060F8C4E7ACEC020083
:1070200008B54FF0FF324FF0FF33F9F759FB48B185
:10703000054906481723064A00F067FD1721044852
:1070400000F05AFD08BD00BF8240030004F30200B7
:10705000B355030008B5F9F70BFC48B105490648DC
:107060001F23064A00F051FD1F21044800F044FD93
:1070700008BD00BF8240030004F30200B3550300C3
:107080002DE9F74305460C46914600F10C06EFF357
:107090001188402383F31288BFF36F8F3046FCF7CB
:1070A00069F968B98423164A1649174800F02DFD7E
:1070B0003146164800F029FD8421114800F01CFDDE
:1070C0003046FCF77BF9AB6828465C4004EA0902CD
:1070D00003EA09075340002200930D496B460192D1
:1070E000FCF708F8DDE9003223EA020330464146A6
:1070F000AB6004F029FC384603B0BDE8F08300BF64
:1071000042F602007EF6020004F3020093F602004B
:1071100085D002002DE9F04F85B08846DDE90E1BD1
:1071200005461746EFF305838BB151EA0B030ED0EA
:10713000404940F22113404A404800F0E6FC4048F4
:1071400000F0E3FC40F221113B4800F0D5FC029135
:10715000B8F1000F56D007F001030393FBF720FEB0
:1071600005F10C048146EFF3118A402383F3128862
:10717000BFF36F8F2046FCF7FDF8029960B98423B6
:10718000304A31492D4800F0C0FC21462F4800F01C
:10719000BCFC84212B48D8E720460291FCF70EF96D
:1071A00017F0020F1CBF0023AB60AB6807F00102B1
:1071B000029903EA0806BAB1B04517D17A0744BF6D
:1071C000B343AB602046FCF7E3F8E8B94FF499739A
:1071D0001C4A1F49194800F098FC21461D4800F040
:1071E00094FC4FF49971D5E7002EE7D151EA0B03D7
:1071F00012D12046FCF7CCF80028E7D08AF311889A
:10720000BFF36F8F002603E08AF31188BFF36F8FFF
:10721000304605B0BDE8F08FC9E918872A46CDE9A8
:10722000001B20465146FBF71FF90028EAD1D9F888
:107230006060EDE7234C03000756030004F30200EF
:107240008E49030042F602007EF6020093F6020029
:10725000A9F60200C0F6020008B5EFF305834BB1B2
:10726000074908483A23084A00F04FFC3A210648EB
:1072700000F042FCC0E90233C0E9000008BD00BFD5
:10728000A64B030004F3020007560300F8B50E4BAB
:1072900006461D68AB789B0712D56F6816F8014B40
:1072A00029462CB90A20B847002805DB204609E00A
:1072B0002046B8470028F1DAAB7843F00403AB70FE
:1072C0004FF0FF30F8BD00BFD0E502000CB430B580
:1072D0008BB004460D462022002102A805F023FFB2
:1072E0000223002D06948DF80A300C4B039312DB19
:1072F00001D06B1E1C440FAA0E9902A8079401929C
:1073000000F074F815B1069B00221A700BB0BDE8AE
:10731000304002B070470024EDE700BF4FD20200BA
:10732000242AF0B5044601D8012A40D12E4B16225A
:10733000EAF77CF91A5001B10C600020F0BD2F462D
:107340003D4615F8010B2028F9D0A0F109060346A7
:10735000042EF4D92B282CD02D282CD101262B78C3
:10736000BD1C302B2DD1287840F02000782824D166
:1073700032F0100021D16B782C461022023500200B
:10738000392B82BF03F1FF3343F02003263B303B10
:107390009A421AD9A0FB02040CB9C01801D346F0D6
:1073A00002062F462C4617F8013B3D46E8E7074604
:1073B000C6E70026D3E70026D3E7002A08BF082245
:1073C000DDE7002A08BF0A22D9E701B10C60F20705
:1073D00048BF4042B307B1D5034B2222EAF726F952
:1073E0001A504FF0FF30A9E70C0000002DE9F04FD4
:1073F00043688BB080469246009383789C0740F1A7
:10740000F98000250878002800F0F68025280AD0A9
:107410004B1C019301354146009B98470028C0F260
:10742000E3800199EEE74E788B1C252E0193F1D075
:1074300000270A22B9463C461F2C22D8A6F1200379
:10744000102B20D8DFE803F0141F1F1A1F1F1F0B7B
:107450001F1F1F121F171F1F090044F00104019B6B
:1074600013F8016B0193002EE6D13AE044F00204D8
:1074700044F00404F3E744F00804F0E744F0100497
:10748000EDE77F2C24D8A6F13003092B08D860063D
:107490004EBF02FB073744F0200402FB0939DEE748
:1074A0002A2E0DD161065AF8043B53D4002BA7BFF6
:1074B00044F020049946C3F1000944F02804CEE7C3
:1074C0002E2E05D1630600F1978044F04004C6E7F4
:1074D0006C2E2ED028D8682E32D06A2E37D04C2E63
:1074E00035D0002F46F02003B8BF24F04004A3F1AC
:1074F0006502BCBF0027A4B2022A01D9612B2BD19F
:107500000AF1070A07279D4E2AF0070A0AF1080A1E
:10751000210760D506EB070B34465C455DD1AE1BF9
:10752000A9EB0709A21959E1742E98D07A2E96D0AA
:10753000D7E7260648BF44F4007444F080048EE781
:10754000E00548BF44F4007444F4807487E744F4D1
:10755000207484E71F4682E7A6F16302122A00F234
:10756000D880DFE812F013004D00D600D600D60018
:10757000D6004D00D600D600D600D600D600E800D2
:10758000D100D600D6001A00D600A0005AF8043B5D
:10759000012704AE8DF81030BAE75AF8046B784B27
:1075A000002E08BF1E4614F0400F304614BF394667
:1075B0004FF0FF3105F0E9FD0746A9E741462020DD
:1075C000009B984700280FDB013CA742F6D34D44AF
:1075D000A1462D1B9EE74C46F7E7414614F8010BE8
:1075E000009B9847002898DA98F8023043F004038B
:1075F00088F802304FF0FF3528460BB0BDE8F08F19
:10760000220630D5A3052AD50AF1070A2AF0070376
:107610009A4659685AF8080B24F0100B00291FFAF3
:107620008BFB2FDA40424BF4806B61EB410104ACE1
:107630000A23224605F0B5FD1BF0400FA0EB040223
:1076400000F08E802BF001049742A4B240F38F80AB
:10765000002E40F08E802BF01104A4B21DE05AF8E9
:10766000040BC117D8E7E0055AF8041B01D40846FB
:10767000F7E7A20547BF48B241F3C01108B241F392
:10768000C031C9E750EA0103D1D16306CFD5002F3D
:10769000CDD124F011043A46A4B23B4640F2064153
:1076A0000C4262D124E024F010040A23A4B214F0A6
:1076B000800243D014F4007117BF0AF1070A5AF888
:1076C000040B2AF0070292461CBF51685AF8080BB7
:1076D00050EA01023ED124F0160B62061FFA8BFB22
:1076E0003CD5002F3AD124F017043A463B46A4B2C9
:1076F00021075AD4E10705D5994572DDA9EB0303AB
:107700009F184B469B464AE044F01004102378260D
:10771000CDE7782B04D1C6F1780343F01003C6E718
:1077200041462520009B98470028FFF65DAF0235B3
:107730004146304670E608230026B8E714F480710D
:107740005AF8040BC4D014F400711ABFC0B2114629
:1077500080B2BDE724F006041FFA84FB04AC68E79E
:1077600013465C46E10699D52EB90133C0E71346AE
:10777000F8E73B46F6E70233BAE700BF835603005B
:107780007C560300CDE9023241462020009B9847F9
:107790000028FFF629AF0BF1010BDDE90232D945D4
:1077A000F0DCEB1A03EB0B055B46E10627D54146FF
:1077B0003020CDE90232009B98470028FFF614AF35
:1077C000DDE902327EB901352F44791B8A4229DB7B
:1077D000144604AE94BB2A44A9EB03091546914410
:1077E00040E017468EE7023541463046CDE9023289
:1077F000009B98470028DDE90232E5DAF4E640F222
:1078000006410C42E0D014F0020F05F1010541469B
:1078100014BF2B20202014F4806FCDE9023218BF52
:107820002D20E5E7CDE902324146009B30200135AD
:1078300098470028DDE90232C7DAD5E6013C414627
:10784000CDE90232305D009B98470028DDE9023225
:10785000C0DAC9E641462020009B01359847002840
:10786000FFF6C2AEA9EB0503002BF3DCD9E500BFA0
:1078700038B5044C044DAC4200D138BD54F8043D39
:107880009847F8E70000000000000000704700F093
:1078900086BF0023E8F7E4BA10B483682822DC68C6
:1078A0004CF25033A44610BC604710B483685C6847
:1078B0004FF0FF33A44610BC604700210F2008B5ED
:1078C00003F0B9FC002147F61220FBF7DBF9F9E7DA
:1078D00000EBC10040884008704708B5FFF7F8FF8B
:1078E000084408BD08B50346FFF7F2FFB0FA80F27E
:1078F0001846BDE80840C2F11F02E6F7EDB92DE9D0
:10790000F843B1FA81F3C3F11F0800EB8809D9F8F5
:10791000106005460A46A6B94FF0FF34C3F12003B4
:107920009C40EB681C401CD094FAA4F6B6FA86F68C
:10793000331D55F8234028462146E6F7A3F9324681
:107940000BE03446032721462846FFF7C1FF824259
:107950000AD82846E6F796F9424621462846E6F731
:10796000BBF92046BDE8F88305EBC404E488013F79
:10797000C9F81040D0D0B442E5D1CDE738B50446BF
:10798000FFF7A6FF0D46034611462046FFF7A0FF6E
:107990001A1892B2530004EBC50520466B80FFF71E
:1079A0009CFF24F8302038BD70B50B460546FFF724
:1079B0008FFF511A89B205EBC3049B1A03444E0092
:1079C00066809CB2600005EBC203588025F8321037
:1079D00028461146FFF781FF25F8304070BD70B58D
:1079E00009B9002070BD056801F007030B33CC080E
:1079F00004EBD304AB6828469C4228BF1C462146B2
:107A0000FFF77DFF06460028EBD001462846FFF72A
:107A10005FFFA04207D928463219FFF7C5FF11467C
:107A20002846E6F7E7F805EBC6021046538804300F
:107A300043F001035380D5E71146FFF7D0BF2DE98E
:107A4000F04706460D46174698462BB34FF0000AFE
:107A500098F8004093F80190DB78A40004EB43040D
:107A600098F802301C444444CA4509D3394630468C
:107A7000AC46D8F8042008F10803BDE8F047604799
:107A800014F8013B0AF1010A204648F82340E4F7C4
:107A9000E1FE01300444E7E76FF01500BDE8F08730
:107AA00030B502460024002012F8013B43B178B102
:107AB0008C4207D1702B04D0A3F140053A2D07D892
:107AC000002030BDA3F140053A2D01D80134EAE78A
:107AD000252B08BF80F00100E6E7002070470FB4B7
:107AE00007B504A951F8040B0191E6F79BFC03B01C
:107AF0005DF804EB04B07047002383F31188BFF3F3
:107B00006F8F0423184602DF70470FB407B504A92E
:107B100051F8040B0191E6F785FC03B05DF804EB26
:107B200004B0704710B50369024613F0080009D18C
:107B30001368D4689C429BBF0120526AE31AD31A8F
:107B40000B6010BD00231846FAE713B501A90446DF
:107B5000FFF7E8FF20B1019BE268013B134401936A
:107B6000606A019BC01A013802B010BD10B504460E
:107B700050182269636AD20702D5013B184010BD34
:107B8000984228BFC01AFAE710B504460A46C168F1
:107B9000FFF7ECFF2369E06023F00803236110BDC9
:107BA00038B50D46026A8B00016843F002030446B3
:107BB00042F8213001682A46FFF7D8FFE368616880
:107BC000984208BF2369206008BF43F008032A4693
:107BD000204608BF2361FFF7C9FF606038BD2DE96B
:107BE000F74F0F460021D0F80CB0066A009216F845
:107BF0002B209A4602F00302022A14BF894656F847
:107C00002B2006EB8B030193009B08BFC2F39D0959
:107C100019600446CAF80010B9F1000F07D04946B0
:107C2000FFF7B2FFE368A3604FF0010804E00169C9
:107C30008A0705D44FF00008404603B0BDE8F08F36
:107C4000C16906EB8B00884716F82B10054611F02A
:107C50000108EFD08B071DD51FB139462046FFF72D
:107C60009FFF61682A462046FFF780FFD4E9021390
:107C70008B42606007D12A462046FFF777FF4FF01E
:107C800000080146A0602369216043F00803E16019
:107C90002361D1E701462046FFF776FFE168A16046
:107CA0001FB12068216A41F82090EA19CAF8002023
:107CB00021682046FFF75AFF2269206042F008023F
:107CC000226116F82B2022F0010206F82B20DDE9B4
:107CD00000321A60A8E770B504461546FFF746FF64
:107CE0002368834205D12369216023F008032361BF
:107CF00070BD226AAB0043F0020342F82130616894
:107D00002A462046FFF732FF6060F1E738B5036985
:107D100004465B0706D5856AFFF717FF85422CBF2F
:107D2000A562A06238BDF0B5642304460425002096
:107D30004FF00A0C11B1013D01D12570F0BDB2FB2D
:107D4000F3F79A42FEB202D2012B00D030B13036A6
:107D50000139013004F8016BC9B2C0B203FB17222C
:107D6000B3FBFCF3D2B2E5E7A0F13003DBB2092BA1
:107D700002D80B7000207047A0F16103052B02D8D8
:107D800057380870F6E7A0F14103052B01D83738C2
:107D9000F7E76FF015007047F7B5054601F00100F1
:107DA00000EB51069E424FEA510703D900263046A8
:107DB00003B0F0BD58B128780DF10701FFF7D4FFEB
:107DC0000028F3D19DF80730013502F8013B013559
:107DD0001744BA42EBD015F8010C0DF10701FFF77B
:107DE000C3FF0028E2D19DF807402401E4B21470DB
:107DF00015F8020BFFF7B8FF0028D7D19DF8073020
:107E00001C4402F8014BE4E7838B13F0070306D10F
:107E10000368002B18BF032008BF00207047022B07
:107E200005D1C08BB0FA80F0400980007047012B6B
:107E300004D10368002B18BF0520EDE70020704730
:107E400010B50C4600B111B96FF0150010BD081D3A
:107E500000F02FF80028F9D1A368032BF6D9F3E737
:107E60002DE9F0410D4607461946281D90461E464D
:107E7000E7F760F8044638B13346424629463846AB
:107E8000A446BDE8F0416047BDE8F08138B50C4636
:107E9000054658B151B10B6843B14B6833B120224C
:107EA000002105F040F900202C6138BD6FF015006D
:107EB000FBE7034658B1426802F00302012A03D0EF
:107EC000032A04D1026812B10020986070476FF055
:107ED00015007047704770B41E461546DDE9032350
:107EE00081690468C06B06FB0141294484682468E9
:107EF000A44670BC604707B5102101910499009118
:107F0000FFF7E9FF03B05DF804FB00224B68013383
:107F10004B60C069924208BF834208BF4A60704705
:107F2000F7B5426C85695200AD1A63F10006099BF2
:107F30002A46009333460446089FFFF7DCFF50B9FA
:107F40002046626C0897521946F1000303B0BDE861
:107F5000F040FFF7D0BF03B0F0BD00F020BC10B57B
:107F6000411C04460F22FF20F3F7EEFD207010BDE8
:107F7000F8F7B6BB10B5437804468B4209D1411CD3
:107F80000F22FF20F3F7E0FD23781B1A58425841D7
:107F900010BD0020FCE710B541780446FFF7EAFF6A
:107FA00040B14FF6FF7362889A4206D16068431C65
:107FB0005842584100F0010010BD0020FAE710B50A
:107FC0008269416C86B0521A02AC63F100030094DE
:107FD000FFF791FF002808DB2046FFF7DCFF30B1F8
:107FE00000209DF80920089B1A7006B010BD6FF0A4
:107FF0000100FAE730B58269416C87B0521A02ADD0
:1080000063F1000300950A9CFFF775FF00280ADB67
:108010002846FFF7C0FF50B1049B33B99DF80920F3
:108020001AB12260002007B030BD2360FAE76FF07C
:108030000100F8E770B5064608460D461446FFF7FE
:10804000AAFF08B9002070BD20466178FFF792FFB3
:108050000028F7D06388002BF4D163680133F1D195
:10806000A268B3699B1A726CB3FBF2F102FB113385
:10807000002BE7D168786378C31A58425841E2E789
:1080800073B5DDE90656CDE900560446FFF748FF13
:1080900020B9324629462046FFF7CCFF02B070BD1A
:1080A00030B50C46D1E900130546426C8BB052182E
:1080B00043F10003C4E90023406CA969A1EB40012E
:1080C0008A4213D1ABB9E9699A184B1E06A9C4E9D3
:1080D0000023019102A928460091FFF7D1FF002853
:1080E00005DB08D1D5E90223C4E9002300200BB049
:1080F00030BD013BEAE7089B2360F7E72DE9F04F2D
:1081000099460646884614464FF0FF378DB0CDE9B4
:108110000629DDE916A308AD02930DF1170B2246DF
:108120004B4630460095FFF7E6FE024600283FD159
:10813000304606A9FFF7B4FF00283DD1099A424511
:108140001AD1FA17904208BFB94503900CD02246C5
:108150004B463046CDF800B0FFF731FF831C024696
:10816000039923D18DF8171028469DF81710FFF7B3
:1081700001FF024640B94F46DDE90612029B9A42D2
:1081800008BF51450FD10022189F2E460CAB03CEDD
:108190009E4238607960354607F10807F5D1199B92
:1081A000C3E9004904E00C469146B8E70028DBD05B
:1081B00010460DB0BDE8F08F0246F9E70368012BC9
:1081C00081BFC91801F1FF315B4219400846704771
:1081D000F8F74EBB2DE9F04389B00746DDE910857D
:1081E0001DB9002009B0BDE8F0838169066803FB72
:1081F0000166036C16441C6864422C400DD0C06BB1
:1082000083684246D3F8049031462346C847002885
:10821000E8D12D1BE5D02644A0442A4641466846B5
:1082200004F05BFF3C6C0DEB050022686179521B8A
:1082300004F079FFF86B23688268314654686A4617
:10824000A047CFE737B51025CDE90015D0E90223C7
:108250000446FFF7BFFF024650B92946206CFFF7DE
:10826000ADFFD4E902311B1A61F10001C4E902310A
:10827000104603B030BD2DE9F0414FF0FF3200262B
:108280008CB004960592ADF8122044F201220792B8
:108290000DF10F02009232461D4604460696FFF786
:1082A0008EFE831CB0463AD18DF80F60A269616CD6
:1082B00012EB08024FEA410145F10003521A08A9E6
:1082C00063F1000320460091FFF715FE002828DB2C
:1082D0009DF80F209DF82110531CDBB2994204BF7A
:1082E0000232D3B2129A04A8013206928DF81130EC
:1082F000FFF735FED4E90267A369626C13EB08034C
:1083000045F100059B1A65F100052046C4E90235D8
:1083100004A9FFF797FF20B9C4E9026701E000282C
:10832000C4D00CB0BDE8F081F0B500240546264667
:1083300085B003AFEB69A34202D8002005B0F0BDC1
:1083400000222346284600970396FFF753FE08B104
:10835000831CF3D1039B0022009328462346FFF79A
:108360008AFF0028EAD10134E4E71FB50446102251
:10837000FF21684604F0D7FE0023ADF802302369E0
:108380006846029394F824308DF80130FFF7E7FD3A
:1083900069462046FFF756FF04B010BD30B58BB0DC
:1083A00004461022FF2102A804F0BDFE0023A268AB
:1083B000ADF80A30636C06A89B18049394F8243037
:1083C00010228DF80930236C597904F0ACFED4E901
:1083D000021341BB626CA1695000884288BF013B17
:1083E000A1EB4202C4E9022302A8FFF7B8FD02A9EB
:1083F0002046FFF727FF204604F10801FFF785FD1F
:1084000004F124030093D4E902232046FFF7D7FDAB
:10841000831C4FF0000514D184F82450E368002039
:10842000C4E904530BE0D4E90402814273EB020275
:10843000D0D3204606A9FFF705FF0028C7D00BB010
:1084400030BD0028EAD0FAE737B5CDE9001215466D
:10845000D0E904230446FFF7BDFE00280CDB2946C3
:10846000206CFFF7ABFED4E904321B184FF000007C
:1084700042F10002C4E9043203B030BD2DE9F04FEF
:108480000026ABB000F124050095D0E90223044694
:108490000B96FFF794FD821C0CD100962046D4E980
:1084A0000223FFF7E8FE60BB00952046D4E90223D3
:1084B000FFF785FD28BB002294F824302046069360
:1084C000E3680CA9CDE90C23FFF71FFD0C9BA56900
:1084D00004930D9B20460593049BED18059B43F1E7
:1084E0000006636CED1A12AB66F1000601931EAB39
:1084F00000932A463346CDE90E56FFF7C1FD00280A
:1085000002DA2BB0BDE8F08F2CD09DF879300DF158
:10851000580984F82430636C5B00EB1A089366F109
:1085200000030993149BCDE90E36DDE90EA7204622
:1085300052463B46CDF80090FFF7DDFC0028E0D125
:1085400020460EA9FFF7ACFD0028DAD1484694F882
:108550002410FFF70FFDF8B9DDE908239F4208BF9B
:108560009245E2D1069B204684F82430FFF7FDFEB9
:108570000028C6D10BAB00932046DDE90423FFF7AA
:1085800039FD08B1831CBCD10B9B20460093DDE96B
:108590000423FFF770FEB4E7BDF85A30002BDBD0A0
:1085A000D4E9022310A903911AA902912046CDE92A
:1085B00000231799CDE910A7FFF7A0FD0028A0DB45
:1085C000DDE91023BB4208BF5245C5D1BDF85A6052
:1085D000082E28D9B8462269DDF860B01892226CBE
:1085E0001268524202F020030793079D22ABB54266
:1085F00028BF354600935A46434620460195FFF76B
:108600006AFC00287FF47DAF2A46204622A9FFF7A6
:108610001BFF00287FF475AF15EB0B0248F1000833
:10862000761B9346E1D1069B48468DF85930FFF7FB
:1086300096FC49462046FFF705FE00288CD060E7EF
:108640000021E6F795BE00231A46E6F72BBF37B5A3
:10865000002500951C46E6F7D1FF002802DBA0426A
:1086600028BF204603B030BD002307B51A4600934B
:10867000E6F7C4FF03B05DF804FB03785B075FBF58
:1086800003684288C3F34A2303EB12105DBF17301F
:1086900020F007008008002070470020704702F09B
:1086A000C2BD0346D3E8EF0F421CC3E8E12F002907
:1086B000F8D170470120E7F735B9002070474368CB
:1086C000DA7101224368196043685A71E7F71CB9EF
:1086D00070B515460C4669B1D2E901369B1B99422B
:1086E0000AD813680A460146981904F0F6FCAB68EC
:1086F0002344AB60204670BD6FF01B00FBE770B5F4
:108700000E4615461946044618B9BDE87040E7F70D
:1087100009B933B1C2F34A231030120D184404F0E2
:10872000DCFCC4E900562046BDE87040E7F778BBA2
:108730002DE9F3415F1C4FEA8708064608F1170050
:1087400020F0070080080C461546E7F799F900234A
:108750008DF80470ADF805308DF8073068B1034628
:10876000019AA8F1040143F8102F2A46294452F82F
:10877000045B8A4243F8045FF9D100233146A20129
:1087800002F4E07242EA482222F07F4222F47002B0
:1087900022F03F0202B0BDE8F041FFF7B0BF07B5DD
:1087A0000123019201AAFFF7C3FF03B05DF804FBA8
:1087B00007B5CDE9002302236A46FFF7B9FF03B0EE
:1087C0005DF804FB1FB5CDE90123069B01AA0393C5
:1087D0000323FFF7ADFF05B05DF804FBF8B50646CF
:1087E0000D4614461F4604B9F8BD214628463A46B0
:1087F000B047241A0544F6E710B542680446D2E9AA
:10880000002381680068FFF7E9FF002263681A60AF
:1088100010BD0A2838B504460D4602D10D20E7F7F1
:10882000DFFB29462046E7F7DBFB002038BD2DE9BA
:10883000F043054689B008460E8891F800900C4632
:10884000D1F808801746E7F79FFB011EC6F3821692
:10885000C9F3C2091FDB4846E7F7F4FA034621468D
:1088600051F8102B6088C2F34A22002A01EB02045F
:1088700008BF00210022C0F30B10CDE90507CDE9A8
:10888000031428464146CDE900220296E7F7D4FBBF
:1088900009B0BDE8F0830023E1E7704730B54C68CC
:1088A0000368A34201D2012030BD8A68224493426A
:1088B00001D30020F8E7D1E90452954203D36FF0C9
:1088C0000B038B61F5E7CA681B1B42F83530436820
:1088D000086902EBC00253600B6901330B61E2E7E8
:1088E00037B50C46C0B201A91546E7F7DFFD0028F1
:1088F0000CDB019850B121462A46E7F7FDFD0446FE
:108900000198FFF7CAFF204603B030BD6FF0150491
:10891000F9E7F0B587B01F4604460D46164600F04D
:10892000B2FB022302930DF116030193BDF8303020
:10893000ADF81600009332463B462946204601F02A
:108940006FFC07B0F0BD2DE9FF411F460D461646EE
:108950000446EAF7B9FF8046E3F77CFFBDF828300C
:1089600080B2CDE90180009332463B46294620463D
:1089700001F056FC04B0BDE8F0810020E7F71EBE10
:1089800000221146E7F7E8BD034610B508460AB1D4
:108990000021116053B1D0B1411E11F8010F80B117
:1089A00013F8014BA04201D13D28F6D100200EE082
:1089B000013313600AE03D2808D0B0FA80F0400986
:1089C00005E018782F28F6D1002AF1D1012010BD3A
:1089D00010B509B100230B6058B103461A781C4644
:1089E00001332AB13D2A03D02F2AF7D101B10B6000
:1089F000201A10BD0830704713460A46D0E900011E
:108A0000FFF725BEF0B5002704464FF0004585B0BE
:108A100000F1080680F85C7008236A462946304653
:108A2000FFF715FE831C21D1B5F1004F4FF0000771
:108A30000FD10823294630460DEB0302CDE902771A
:108A4000E6F730FD002802DB3846C4E9155705B0CB
:108A5000F0BDA36D3046CDE902370823616D0DEB03
:108A60000302E6F71FFD00EAE070F0E70028EEDB06
:108A70000099B9420ED194F85C20C5F343039342A8
:108A800017D8009B01982F466565A3650028DED0A6
:108A90000546C1E73046FFF7D6FD0028D7DB08239F
:108AA0006A46294630460097E6F7FCFC0028E2DAE1
:108AB000CDE784F85C30E4E77FB500F108050446B3
:108AC00028460E46FFF7BFFD002818DB284606F1B2
:108AD0008041FFF7B8FD002811DB46F001060823AE
:108AE0006A4631462846FFF7B2FD002807DB0099A9
:108AF00039B931462846FFF7A6FD002818DA04B038
:108B000070BD082328460DEB0302FFF7A0FD0028E7
:108B1000F5DB019B0BB9029AA26503930823284653
:108B200000990DEB0302E6F7BDFC0028E1DAE6E769
:108B30000199C1B1082328460DEB0302FFF787FD19
:108B40000028DCDB009B28460293082301990DEBEB
:108B50000302E6F7A7FC0028D1DB039B0BB9009BBF
:108B6000A3650020CBE7009B6365FAE72DE9F041A0
:108B70000D4607464A2194B0284604F006FB0146FC
:108B80002846E4F7C9FF002620F0404424F01F04E3
:108B900007F1080897F85C30B34201DA002417E0C7
:108BA00066F344044923404601AA44F00041FFF71C
:108BB0004EFD031E01DC0136ECE7002250336B440E
:108BC000284601A903F84C2CE3F732FE0028F2D125
:108BD000204614B0BDE8F08110B5044661B1FFF73E
:108BE000C5FF58B140F0004101F1804104F1080097
:108BF000BDE81040FFF738BD6FF0150010BDF8B5A7
:108C0000044616461D46B1B1AAB1FFF7AFFFA0B1A9
:108C100040F0004000F1804708342B463246394688
:108C20002046FFF714FDA84207D139462046BDE88B
:108C3000F840FFF719BD6FF01500F8BD04F073BAE6
:108C400004F04BBA01460068E8F740B808B5E8F709
:108C500099F8BDE80840E8F773BC0A460121FFF720
:108C60009EBD00210120E8F731B8836E83F30B88A5
:108C700070476FF08500704761B662B680F3118867
:108C8000BFF36F8F704772B6002383F31188BFF371
:108C90006F8FBFF34F8F30BF62B6BFF36F8F7047D8
:108CA00072B6002383F31188BFF36F8FBFF34F8F2A
:108CB00020BF80F31188BFF36F8F62B6704740E822
:108CC00000F313F4803FD8B208BF6FF0150070476F
:108CD00030B50C684B6885B00A894D890094013B1A
:108CE00024F01F04234402F01F0242EA451223F03D
:108CF0001F0369468DF808200393E8F7D3FC05B0FD
:108D000030BD08B5D1E904319847002008BD08B549
:108D1000E8F768FF002008BD7047416A8968E8F7F6
:108D2000E5BF03680B6043684B6083688B607047E6
:108D300038B50D4614461146E9F760FA2246294631
:108D4000BDE8384004F0C9B910B50C460121E9F777
:108D500055FA047010BD10B50C460121E9F76EFA02
:108D6000047010BD10B5036801211C78E9F786FA7C
:108D7000204610BD10B5036802211C88E9F77EFA71
:108D8000204610BD7FB5064614460A888B78ADF89C
:108D9000002000210D220DF103008DF8023004F0B7
:108DA000C2F96A466946304602F0DAFA28B9BDF8D7
:108DB00000209DF802302280A37004B070BD13B56E
:108DC0000C4601AA0331FFF7DDFF48B90322204614
:108DD00001A904F0B7F9B0FA80F0400902B010BD63
:108DE0000020FBE770B50D4600210446FFF7F0FDBB
:108DF0000D2818D1237B302B13D1002305F8063B17
:108E000004F10C062A462046012302210234FEF713
:108E1000C3FFB44205F1FF35F4D1002070BD01233A
:108E2000ECE7312BFBD06FF01500F7E7002070471F
:108E300010B50C460178227888B08A420ED0694677
:108E4000E9F72AFD204604A9E9F726FD1022684625
:108E50000DEB020104F076F908B010BD012A06D02E
:108E6000022A07D072B940886388C01AF4E74068C4
:108E70006368FAE71022611C013008B0BDE81040B9
:108E800004F060B96FF01500E6E7042A0AD0102A52
:108E90000DD0022A4FF0000315D103700B884380D8
:108EA00001207047012303700B684360F8E7022339
:108EB00000F8013B01F1100351F8042B994240F8EE
:108EC000042BF9D1ECE718467047012310B50621B1
:108ED000044600F8013BF5F7BBF918B9A37963F034
:108EE0003F03A37110BD0B6803608B8883808B796F
:108EF0008371037823F00203037070470078C0F396
:108F00004000704738B50446807AE8F7ADFE6169E5
:108F1000054649B1637ADB0704D4436A20461B68DF
:108F20009B6898470023636121462846BDE8384086
:108F300002F03EBC438A23B9C068B0FA80F0400911
:108F4000704700207047D0F8A43083B15A7CD10715
:108F50000DD5D2060DD51B7C102B0CBF042303238B
:108F60004372807A98428CBF002001207047022310
:108F7000F6E70323F4E70F2806D80D280BD80528B9
:108F800014BF022003207047132804D01A2814BFEE
:108F900002200120704701207047FFF700BC034604
:108FA00010B5D3E8EF0F40EA0102C3E8E42F002C2C
:108FB000F7D110BDFFF7FCBB0023E6F751BFD0E8A7
:108FC000EF3F0B40C0E8E23F002AF8D1704710B5F0
:108FD000EBF780FD04466FF480711030FFF7EFFF70
:108FE0002046BDE8104000F0F7B9C368DB78012BDC
:108FF00001D1FFF7ECBF7047C0F307235370002384
:109000001070000ED070C1F30720090E9370137119
:1090100050719371D1717047C368DB78012B01D116
:10902000FFF7D5BF704738B504460D46E9F7B4FEE3
:109030005F3005D129462046BDE83840E9F75EBEDD
:1090400038BD0020704710B5028843889A4218D86E
:10905000052A16D9B3F5486F13D88488B4F5FA7F7A
:109060000FD2C18840F67640A1F10A0292B2824244
:1090700007D804FB0333B3EB810F34BF012000207A
:1090800010BD0020FCE70020704708B5F2F738FA61
:1090900018B1408A003818BF012008BD70B50646D7
:1090A0000D464FF0FF304FF0FF31EAF74DFA04461E
:1090B00068B103210C30E9F7A1F8068085702146DC
:1090C000BDE87040002240F20640EAF777BC6FF03E
:1090D000680070BDC368187808B1EAF73DB9184652
:1090E000EAF754BD38B54FF0FF3105464FF0FF3079
:1090F000EAF72AFA044668B102210C30E9F77EF853
:109100002B88214603800022BDE8384042F2160039
:10911000EAF754BC6FF0680038BDF8B507460E4654
:109120004FF0FF304FF0FF311546EAF70DFA0446D5
:1091300078B106210C30E9F761F83B88468003805E
:1091400085802146BDE8F840002242F22200EAF77D
:1091500035BC6FF06800F8BD70B506460D464FF09F
:10916000FF304FF0FF31EAF7EFF9044618B9BDE8D8
:109170007040E9F7B9BD03210C30E9F73FF80680EC
:1091800085702146BDE8704042F22100EAF7C4BB79
:10919000072208B503F0D6FFB0FA80F0400908BDF9
:1091A000FFF7FDBA0B6803608B8883808B7983712E
:1091B0007047D0E8AF0F7047F8B50F46144638BB7C
:1091C0004FF0FF304FF0FF31EAF7BEF9054610B31C
:1091D00027210C30E9F712F8224606463946FFF7F8
:1091E000E1FFC31D04F1100152F8040B8A4243F859
:1091F000040BF9D11022002106F1170003F093FFB0
:109200002946BDE8F840002242F22700EAF7D6BB23
:109210006FF01500F8BD6FF06800FBE7037A0246B7
:109220005B0705D501462E3211F8010BFFF7C4BFCD
:10923000704738B54FF0FF3105464FF0FF30EAF781
:1092400083F9044658B129460C30FFF77DFD2146CD
:10925000BDE83840002242F22D00EAF7AFBB6FF0C4
:10926000680038BD10B400F11003D3E8EF2F22F4EA
:109270000051C3E8E41F002CF7D1930403D501216A
:1092800010BC00F0A7B810BC704770B5044686B09B
:109290000E4601300131FFF77BFF2E3416220021EC
:1092A0000546684603F03FFF10226946204603F05A
:1092B00049FF40B11022204606F12E0103F042FF83
:1092C000B0FA80F04009284300F0010006B070BDFC
:1092D00000F1100208B503461046FFF76AFFC1050A
:1092E0000DD5D2E8EF0F40F40050C2E8E10F00299D
:1092F000F7D11846BDE80840002100F06BB808BD62
:1093000010B50C4630B919B1F2F7AAF800B1441CF7
:10931000204610BD0024FBE718B111B10846EAF75A
:10932000ADBF6FF01500704713B5044680B106213C
:109330006846F4F78DFF48B99DF80530694603F09B
:109340003F0320468DF80530FFF7E6FF02B010BD61
:109350006FF01500FAE7003818BF01207047037A54
:10936000D90704D523F001030372EBF7EBB8990793
:1093700004D523F002030372EBF7FEB87047002018
:109380007047D0E8AF0F704770B506460D464FF0F6
:10939000FF304FF0FF3186B0EAF7D6F80446B0B19F
:1093A0000C3095B10121FFF7CFFC204606F11002E9
:1093B00003A908230095EAF7B5F80022214642F2F6
:1093C0000A00EAF7FBFA06B070BD2946EBE76FF03A
:1093D0006800F8E7FFF7D8BF1830F8F783BB002321
:1093E0000B60436813B9C0E9001170471960416010
:1093F0007047D0F8B400003818BF01207047FFF75D
:10940000D7B9034610B5D3E8EF0F40EA0102C3E82D
:10941000E42F002CF7D110BD437B072B01D1ECF7D3
:109420002BB870472438ECF7BDB8002203680BB99D
:10943000184670478B4210D10B6842B942680360EE
:10944000914200D14360002301200B6070471360FC
:109450004368994208BF4260F5E71A461B68E6E791
:1094600010B50446006918B1E8F7E2FD0023236156
:1094700010BD10B50446D0F8A40028B9207A04F134
:109480007001F2F73DF838B1E278438A2AB903F067
:109490002100003818BF012010BD03F02400F8E7B8
:1094A00038B583780446012B23D1437B072B23D186
:1094B0000B0601F07F050CD54FF400410430FFF797
:1094C000A0FF2046A572F1F7C3F908B1637AA37231
:1094D00038BD437AAB4212D2837AAB420FD2031D1E
:1094E000D3E8EF1F21F40041C3E8E21F002AE8D0CF
:1094F000F6E76FF01500EBE76FF07F00E8E700207C
:10950000E6E78378012B0CBF407A0020704738B51E
:10951000037A04468B42154615D100F170010722EB
:10952000284603F00FFE80B1E378072243B904F127
:109530007E01284603F006FEB0FA80F0400938BDEF
:1095400004F17701F5E70020F9E70120F7E78378D8
:10955000012B0CBF703000207047F8B507460D4650
:109560004FF0FF304FF0FF31E9F7EEFF0646D0B184
:109570000E210C30E8F742FE04460E22002103F0D3
:10958000D2FD3B88314623802B88002263806B8884
:1095900042F21300A380AB88E380EB882381BDE80F
:1095A000F840EAF70BBA6FF06800F8BD8378012B3A
:1095B00001D101F03EB96FF0150070478378012B9F
:1095C00001D1F1F737BB6FF015007047704710B548
:1095D0000446F9F70BF9234653F8442BD2F8B4109C
:1095E00061B96164D2F8B81061B9C2E92D33F9F7F5
:1095F0006FF92068BDE81040ECF79CB98B42F6D0BB
:109600000968EDE70B60C2F8B830F0E770472DE964
:10961000F843446B2CB154F8085905B1083D0027B4
:109620000CB9BDE8F883D4E900682EB3F9F7DEF889
:109630000022D6F8B43004F1440163B1994233D129
:10964000636C4ABBD6F8B820C6F8B430914201D159
:10965000C6F8B8306764F9F73BF904F13009002225
:1096600000234846F7F7B4FA064600BBD8F80430A2
:109670000BB1204698472760E3680BB12046984716
:10968000D8F820300BB120469847DDB1AB6803B164
:10969000083B2C461D46C3E71360D6F8B830994204
:1096A00008BFC6F8B820D5E71A461B68C5E7B369F6
:1096B00023B16FF06D02F169206898473046E8F7F2
:1096C000B7FCCCE72B46E4E738B5406B0D4620B13C
:1096D00050F8084904B1083C00B938BD43689B689C
:1096E0000BB1294698472CB1A36803B1083B20462B
:1096F0001C46F1E72346FAE7F8B50F460021054678
:10970000164600234FF224420846EDF7DFF80446E0
:1097100020B92846EDF7A6F82046F8BD04210C3004
:10972000E8F76CFD057047704680F5E7406B28B19F
:10973000838B08388B4201D08068F8E7704710B5FA
:109740004AB989B2FFF7F2FF28B143689B6913B1A8
:10975000BDE81040184710BD38B50D460521FFF78C
:10976000E5FF002329461A46EDF7E8F8044610B154
:109770002846E8F75DFC204638BD406B28B1838958
:1097800008388B4201D08068F8E77047704703467D
:10979000006828B15968026888421A6008BF5A6098
:1097A00070470346002003B970471A8A5B6810446B
:1097B000F9E710B5D4680231237813B9217001207C
:1097C00010BD8B42FBD0038A023B03820020106154
:1097D000F6E7FEF7E4BF73B51446014605464FF4BD
:1097E0009572206800F0E2FD207530B929462068A6
:1097F00000F08AFE20B908232375002002B070BD56
:10980000237AB3B1A3F11802534253419B00019351
:10981000638A29460093AE68238AE2682068B047CD
:10982000002808DB238A98420CD1002301202375ED
:10983000E4E70223EBE710F1FF0F03D34042C0B28D
:109840002075DAE70E20FBE7F8B5936805460F466A
:109850001446166863B9506801210C30E8F7CEFC55
:10986000A0602B681B78002B14BF02230123037018
:10987000A3681B78012B03D0022B1FD000201CE013
:109880002B681B78002BF9D1606804210C30E8F7B5
:10989000B5FCE06007802A68E36852885A806168F6
:1098A000728D738B088A9A4294BFC0EB0200C0EBA2
:1098B0000300042894BF00200120F8BD2B681B780A
:1098C000022BDBD1606812210C30E8F797FCE060D6
:1098D00007802B68E268591C0232113351F8040BDF
:1098E000994242F8040BF9D16168728D738B088A32
:1098F0009A4294BFC0EB0200C0EB03001228D9E7E4
:1099000070B40668326A5AB3144654F8A03903B1E9
:10991000A03B002211467CB9438D408B8B4201D87D
:1099200090421FD9824238BF02469942306838BF00
:10993000194670BCF0F74EB9844207D0658D648B30
:10994000A94238BF2946A24238BF224633B1D3F8D4
:10995000A05005B1A03D1C462B46DCE71D46FAE7AA
:109960001146D9E770BC7047D0680431037813B949
:109970000170012070478B42FBD0002091680B8A58
:10998000043B0B82106170472DE9F0410446886862
:10999000FFF707FF638D628B0D46934228BF134686
:1099A00083421DD300276165D1F808808F60F8F7E6
:1099B0001DFF41462046EDF7D1FA064638B1C5F8FD
:1099C00008806765F8F784FF3046BDE8F081618D57
:1099D000638B2846994228BF194600F092FDF1E7B3
:1099E0006FF07906F0E738B504460D46EDF7B6FAA4
:1099F00030B1294604F15800BDE8384001F0CDBE31
:109A000038BD1FB5CDE9012300231A460093EFF7B7
:109A10004BFA05B05DF804FB0022036803B97047F8
:109A20008B420FD10B683AB942680360914200D172
:109A3000436000230B60704713604368994208BF7E
:109A40004260F6E71A461B68E8E7D0E8EF3F43F0CC
:109A50000802C0E8E12F0029F7D1C3F3C000704726
:109A60002DE9F041064690461F460D46B9B1042245
:109A70000121EDF70DFB044618B9BDE8F041EDF703
:109A8000E1BA04210C30E8F7B9FB0570A0F80180B9
:109A9000C77021463046BDE8F041FFF7A4BFBDE8DE
:109AA000F08137B50C46054601F10C00FFF762F96D
:109AB000228A03460192E26812210092284613226C
:109AC000EDF734FB03B030BD37B50C46054601F168
:109AD0000C00FFF74FF9228A03460192E2682846FC
:109AE000009200221146EDF721FB03B030BD70B5A6
:109AF00004460E46002200230846F7F769F805469B
:109B000058B101462046EDF729FA044618B1294616
:109B1000304601F04DFE204670BD6FF00104FAE7BB
:109B200007B5CA680C211388528800920D22EDF700
:109B3000FDFC03B05DF804FB07B50022CB680A21E9
:109B40001B8800920B22EDF7F1FC03B05DF804FBDB
:109B50002DE9F041CB6805461F88BBB2162B1BD9F7
:109B60000321EDF7ADFB0646C0B102210C30E8F74A
:109B700045FB00244FF04108314680F800804470D6
:109B80002846FFF730FF2846A5F81A806F85FFF7B3
:109B9000B7FE2046BDE8F0810420FBE70E20F9E780
:109BA0002DE9F04F064685B0104690469946FFF7DE
:109BB000F8FD738B728D8B46934228BF1346834208
:109BC00075D9736840460393E8F78CFA4FF0000AA2
:109BD00004464046FFF7E5FDE168228A658A63692D
:109BE000AD1ACB1AED1A778B738D9F4294BFC0EBE1
:109BF0000700C0EB0300854228BF054625BB98F847
:109C00000A00E8F731F800220023FFF786F804463F
:109C100008B9574627E001464046E8F7A9FA40460A
:109C2000FFF7BFFDE168228A658A6369AD1ACB1A26
:109C3000ED1A778D738B9F4294BFC0EB0700C0EB8A
:109C40000300854228BF0546CDF80090DBF804707C
:109C50000A4403985946ABB2B847071E07DABAF16F
:109C6000000F18BF5746384605B0BDE8F08F0E9B71
:109C7000ABB9394604F10C00E8F7C0FA4046FFF7EB
:109C800090FD738D728BB944934228BF1346834273
:109C9000BA441FFA89F9BCD9AF429AD0B9E739461C
:109CA00020460F9A0E9B98470028E2D1B1E7002783
:109CB000D9E700232DE9F34117681446D7F804804B
:109CC0000146137306469522404600F06FFB054699
:109CD000207330B93146404600F014FC28B90823FF
:109CE0002373002002B0BDE8F081A068798D7A8BE3
:109CF000038A914294BFC3EB0103C3EB0203012B20
:109D0000EFDD02210C30E8F779FACDE90055804605
:109D1000A38831463846A268FFF742FF031E06DAE1
:109D200013F1FF0F2ABF5B420E23DBB2D8E70120FD
:109D3000A8F80030D6E700232DE9F3411768144650
:109D4000D7F804800146137306469522404600F07A
:109D50002DFB0546207330B93146404600F0D2FB5A
:109D600028B908232373002002B0BDE8F081CDE9B3
:109D7000005531463846A388A268FFF711FF002836
:109D800007DA10F1FF0F32BF0E204042C0B220733D
:109D9000E9E70120E8E7F8B5054650F8044C071F4D
:109DA00000F14C03D3E8EF1F21F00401C3E8E21FE8
:109DB000002AF7D1FCB12B6D83B9636873B1201D04
:109DC000FFF7E5FC064601463846FFF7DDFD90B19A
:109DD00063683360A368666003B9A660384605F11E
:109DE0005401FFF784FE30B1384604F10C01BDE8A0
:109DF000F840FFF77CBEF8BD2DE9F041046A074644
:109E000044B154F8A06906B1A03E0022154607F1FE
:109E100004080CB9BDE8F081636D9BB905B98AB936
:109E20004046FFF7B4FC054658B101462046FFF70F
:109E3000ABFD0028EED07B682B60BB687D6003B96A
:109E4000BD60224636B1D6F8A03003B1A03B3446FF
:109E50001E46DEE73346FAE738B50546D1E8AF3FA0
:109E6000DB0716D550F8040C98B12B6D8BB9043074
:109E7000FFF78DFC044660B10146281FFFF784FD03
:109E800038B155F8043C5A6822609A685C6002B99F
:109E90009C6038BDEEF756BF08B500230A8AC96832
:109EA000EEF740F8002008BD0120704708B5EDF737
:109EB0009BFE78B1036A6BB1A03B03F15002D2E87C
:109EC000EF0F20F00800C2E8E10F0029F7D1D3F826
:109ED000A030F0E708BD08B50421FFF74EFC20B123
:109EE0004C30D0E8AF0FC0F3C00008BD70B51C46C1
:109EF0000E461546EDF70CF80123C0E90365C38053
:109F0000047570BD10600020704710B5029CA368F6
:109F100033B1B1F5807F28BF0E21CAB221469847E0
:109F2000A37DE268013BDBB2A37522B11BB92046D9
:109F3000BDE81040104710BD1060918000207047B0
:109F400000207047FEF734BCF0B5076806463D7840
:109F5000144689B0E5B97B88B3F5245F04D011D8E5
:109F6000A3F52053032B13D8ADF80A100222204684
:109F70000DF10A01EEF78AF970B16FF01503C4F81C
:109F8000903106E003F55643FF339BB2042B20D9F2
:109F90000125284609B0F0BD7B88022220460DF13C
:109FA0000A01ADF80A30EEF771F90028E5D100900A
:109FB00003AA132331467768B847021E02DAC4F8B1
:109FC0009021E6E703A92046EEF760F90028DFD0EC
:109FD000D3E7ADF80A10022220460DF10A01EEF790
:109FE00055F90028C9D17B880222ADF80A300DF15D
:109FF0000A01E8E7072208B503F0A4F8B0FA80F0F8
:10A00000400908BD10B503780446934207D10130DA
:10A01000FFF7F0FF002814BF2046002010BD0020ED
:10A02000FCE7034610B5D3E8EF0F40EA0102C3E8AE
:10A03000E42F002CF7D110BD034610B5D3E8EF0F85
:10A0400000EA0102C3E8E42F002CF7D110BD0B6831
:10A0500003608B8883808B7983717047D0E8AF0F62
:10A060007047FEF79CBB70B50D46064611F8010B14
:10A07000ECF7DEF9044610B12C89EBF7F1FB6B89A4
:10A08000A34207D0EB686C8123B121463046BDE87E
:10A090007040184770BD38B5BDF810401546A24253
:10A0A0000CD84CB16BB1A41A8C42A8BF0C46A4B218
:10A0B0002246591903F011F8204638BD6FF0060406
:10A0C000FAE76FF00D04F7E730B585B0C9681446BC
:10A0D0001D46EEF7F7F900B100890223ADF80E0036
:10A0E000009329462046BDF820200DF10E03FFF70E
:10A0F000D2FF05B030BD1FB50C461946E3681046C7
:10A100001C78BDF818203CB110240133069404B02B
:10A11000BDE81040FFF7BFBF5B88ADF80E300223EB
:10A1200000930DF10E03FFF7B6FF04B010BD30B57C
:10A130001D46002385B014468DF80C30EEF790F9DB
:10A1400010B1037A8DF80C30012329460093204684
:10A15000BDF8202003ABFFF79EFF05B030BD70B502
:10A1600000F1700605463146007AFEF78EFF044680
:10A170003146287A1CB1BDE87040EEF7FFBAEEF721
:10A18000F1F810B104604460846070BD022A10B51B
:10A1900008D1002300F170011A46007AEEF716FA92
:10A1A000022010BDFFF7DBFFFAE708B50C3029B13C
:10A1B0000121FFF736FFC043084008BD6FF00101E1
:10A1C000FFF73AFF00F00100F7E710B50446FFF78C
:10A1D000ECFF38B12146BDE81040012211F8010B17
:10A1E000EEF784B910BD38B504461546FFF75CFE9E
:10A1F00048B12046EEF734F928B1037ADB0702D5DF
:10A200000121FFF7E2FF55B9207A04F17001EEF762
:10A21000A9F820B18560BDE83840EEF7BFB938BD78
:10A2200038B5BDF81010BDF818401046A142059D84
:10A230000CD84CB16DB1641A9C42A8BF1C46A4B2A4
:10A240002246294402F049FF204638BD6FF006043B
:10A25000FAE76FF00D04F7E713B5044610B90020D4
:10A2600002B010BD00238DF8043042F603030068ED
:10A2700001A9ADF80630FEF7DBFD0028EFD1E36859
:10A2800098880028ECD12046EEF7C6FD013080B258
:10A29000E6E770B5CC681E46A37988B008468DF80D
:10A2A0000C301546FFF7D8FFADF80D002468237871
:10A2B0006BB96388ADF80F3005230093314628460B
:10A2C000BDF8302003ABFFF7E6FE08B070BD631C9D
:10A2D0000DF10F02113453F8041BA34242F8041B82
:10A2E000F9D11323E9E71FB5CDE9012300231A466D
:10A2F0000093EEF7D9FD05B05DF804FBEEF7EEBE76
:10A3000038B5044659B100F170052946007AEEF7D8
:10A31000B5FF2946207ABDE83840EEF7BFBC38BD0E
:10A32000F8B506460F46EDF7FBFF394604463046C2
:10A33000FEF7ABFE48B344B304F108056FF001012A
:10A340002846FFF779FEC20703D539463046EEF7B7
:10A3500095FF6FF002012846FFF76EFE830703D5D5
:10A3600039463046EEF79AFC2846FFF777FE60B98B
:10A37000234603F8010BC4F80100C3F80300D5E835
:10A38000EF3FC5E8E20F002AF9D1F8BD10B5044649
:10A39000A0F1170110F8180CFFF7C2FF14F80C0C0D
:10A3A000A4F10B01BDE81040FFF7BABF38B54C8AE5
:10A3B000D3070546C4F30E0404D514F0950F2AD034
:10A3C0004B6843B3900704D514F4957F25D08B6870
:10A3D0001BB3144014F4DE7F0DD0EB7A2BB9284662
:10A3E000FFF747F8D8B9052038BD14F0300F04D175
:10A3F00014F4C07F07D10020F6E72846FFF781F864
:10A400000228F5D8EFE7D5F8A430002BEBD05B7C21
:10A41000DB06E8D5EFE70220E6E70320E4E70F20BC
:10A42000E2E7F8B514460F46942261680646FFF746
:10A43000BDFF20BB012230466168EEF789FF08B3FB
:10A44000A2891B2130460232EDF700FD0546E0B13E
:10A45000A1890C300231E7F7D1FE20F8027BA289F6
:10A46000A16802F03AFED4E9041228460123FFF75E
:10A470003DFD29463046BDE8F840EDF779BE4FF086
:10A48000FF30F8BD6FF01500FBE76FF00B00F8E749
:10A490002DE9F04105468846EDF7E2FF0446E0B1BC
:10A4A000037ADB0719D500F10C073846FFF7D6FD14
:10A4B00010F0010611D1B8F1000F0FD06FF00201BA
:10A4C0003846FFF7B9FD10F0020F284609D0FFF714
:10A4D000EDFC01212046FFF778FE01263046BDE85D
:10A4E000F081FFF7E1FC0028F8D02846FFF7F3FCE5
:10A4F0000028F3D06FF002013846FFF79DFD284693
:10A50000E5E77047012070470120704713B5C06828
:10A51000144668B100238DF804304FF4C05301A9EC
:10A52000ADF80630FEF784FC10B9236801332360D0
:10A53000012002B010BD07207047FEF730B9D0E807
:10A54000AF0F084100F00100704738B50A460346D6
:10A5500009B9012038BD488A10F0240FF9D0197DBF
:10A560005D7B147CA94228BF29468C4201D900207A
:10A57000F0E7800607D4517CC9070BD4187A00385D
:10A5800018BF0120E6E70521181DFFF7D8FF0028B6
:10A59000F1D1ECE7197A0029E9D00521181DFFF760
:10A5A000CEFF18B9197A01390129E0D9527CD207B6
:10A5B000CFD4E3E701238B40DB43D0E8EF2F1A40F1
:10A5C000C0E8E12F0029F8D17047FEF7F1B810B5C7
:10A5D0000621FFF7D2F8044618B9EFF7D9FB204659
:10A5E00010BDA0F1EC04FAE70720704701238B406F
:10A5F000D0E8EF2F1A43C0E8E12F0029F8D17047C7
:10A6000008B50E21FFF7F2FF002008BD38B5042180
:10A610000446EFF731FC054698B110210C30E7F7FE
:10A62000EDFD04F1270304F1370253F8041B9342B4
:10A6300040F8041BF9D120462946EFF7BFFB002064
:10A6400038BD0820FCE770B5D0F8EC300446DB7864
:10A65000012B19D1CD68061D10213046FFF7AAFF46
:10A660002B4604F1B70205F1100153F8040B8B429D
:10A6700042F8040BF9D107213046FFF760FF28B1FB
:10A6800009213046FFF7B2FF002070BD0A21304695
:10A69000FFF755FF0028F3D12046BDE87040EFF7E3
:10A6A000C9BC072070470720704707207047012367
:10A6B00003FA01F1CA4330B5D0E8EF3F03EA0204E0
:10A6C000C0E8E54F002DF7D101EA0300003818BFBC
:10A6D000012030BD38B504460025031DD3E8EF2F17
:10A6E000C3E8E15F0029F9D104F59C70F7F7FAF9A6
:10A6F0002572D4E8EF3FC4E8E25F002AF9D1204692
:10A70000BDE838400121FFF771BF70B500F1700658
:10A7100005460C4607223046096802F013FDB8B919
:10A7200063681A682A679A88A5F874209B7985F867
:10A730007630D5F8A4305BB1A268934208D0626845
:10A740001168C3F801109188A3F805109279DA71A5
:10A7500070BD2DE9F84FDDF82C80044692461F4667
:10A76000BDF82890FFF733FF054600285CD0061D92
:10A77000B9F1000F27D15AEA070324D1032130464B
:10A78000FFF7DDFEF8B101213046FFF7D8FED0B16A
:10A790002C7D6B7B05F147019C4228BF1C4622465D
:10A7A000404602F09AFC0F2C06D84946C4F110022C
:10A7B00008EB040002F0B7FC30460121FFF716FF5A
:10A7C0000120BDE8F88FD4F8A43083B904F1700BF0
:10A7D0005A462020217AF0F719FEC4F8A40030B9B7
:10A7E0005A460120217AF0F711FEC4F8A400B9F10D
:10A7F000000F0CD15AEA070709D1D4F8A41031B1DF
:10A800004B8A9B0603D50C7C1E312246C8E70F21DC
:10A810003046FFF794FE20B1022206212046EBF7D6
:10A820009BFD2846FFF756FF0020CAE76FF0850022
:10A83000704738B5FFF7CBFE044610B96FF015002E
:10A8400038BD051D0A212846FFF731FF0028F5D045
:10A8500007212846FFF773FE28B109212846FFF794
:10A86000C5FE0020ECE710212846FFF768FE09210D
:10A870000028F3D12846FFF762FE0028F1D02046D9
:10A88000EFF7D8FB01460028EBD02046F0F734F96B
:10A89000E7E770B504460820EFF730FA0546E0B167
:10A8A000061D08213046FFF785FEBCB30721FFF7E0
:10A8B00081FE234605F1970204F1200153F8040BB1
:10A8C0008B4242F8040BF9D10A213046FFF737FEDC
:10A8D00070B109213046FFF789FE0720EFF70EFA25
:10A8E0000446E8B1EFF78EFAD0B10821204612E015
:10A8F00010213046FFF723FE09210028EAD1304617
:10A90000FFF71DFE0028E8D02846EFF793FB01462D
:10A910000028E2D02846F0F7EFF8DEE70B21F9E750
:10A9200070BD70B50446A0F1EC0650F84C3BE83C15
:10A93000D3F8A450F7F7D6F803212046FFF7FFFD20
:10A94000A0B108213046F0F745F83DB16B8A13B14C
:10A950006B7C9B0702D52846F0F734FE3046BDE8F5
:10A9600070404FF4B872002102F0DDBB0121204697
:10A97000FFF7E5FD0028E4D10F212046FFF7DFFDBA
:10A980000028DED1E1E710B5431E00F110020730C8
:10A9900013F8011F12F8014D83421C701170F7D19A
:10A9A00010BDF0B50E4614461D4697B00146202254
:10A9B00005A81C9FF0F7BEFF202231460DA8F0F736
:10A9C000B9FF2146102201A88DF85450F0F7B2FFCC
:10A9D0003B46412205A901A8F1F76EF8044610B9DB
:10A9E0003846FFF7D0FF204617B0F0BD2DE9F04301
:10A9F00016461D4697B00446DDE91F98102205A8AB
:10AA0000219FF0F797FF1022314609A8F0F792FF37
:10AA1000102229460DA8F0F78DFF03221E9911A8D8
:10AA2000F0F788FF494611F8013BD9F801008DF88D
:10AA300047308B880622129012A8ADF84C30F0F700
:10AA400079FF414611F8013B06228DF84E30D8F8C7
:10AA500001300DF14F00CDF84F308B88ADF85330F9
:10AA6000F0F768FF2146102201A8F0F763FF3B468C
:10AA7000412205A901A8F1F71FF8044610B938468C
:10AA8000FFF781FF204617B0BDE8F083F8B5069FB9
:10AA900005460469C9B2EFF3118C402080F3128897
:10AAA000BFF36F8F0C2606FB0146B06C00F0070E5B
:10AAB000BEF1010F10D1B76400268CF31188BFF3EB
:10AAC0006F8F3EB90C2041430C44C4E910236B68DE
:10AAD0005B5898473046F8BD00F0C00087420CBF75
:10AAE0006FF077064FF0FF36E7E713B58024009448
:10AAF000FFF7CCFF02B010BD0069CBB200EB4310F2
:10AB0000002110471046F6F7EFB800F069BC00F0DE
:10AB100068BC8022F1F770B840F272607047084656
:10AB200008B51146F9F7C6FE002818BF6FF00400FB
:10AB300008BD08B5FAF71EF8002818BF6FF004002A
:10AB400008BD2DE9F0470024836886B08846914609
:10AB50009B6902AA01A99847A2462546029BAB42DF
:10AB600002D806B0BDE8F0870026019F07EBC507B5
:10AB70007B6804933A680AEB0603B24202D89A460D
:10AB80000135EBE749460394059303A8C047002825
:10AB9000E7D0049B01361C44ECE74FF47D220023F0
:10ABA0000020C1E90023704770B5437B04460BB118
:10ABB00000F029FC0026A06800B970BDB0F5807FC8
:10ABC00028BF4FF4807005460346D4E90010227B6D
:10ABD000F1F73CFA63682B44636023680BB12B44A4
:10ABE0002360A3685B1BA360002BE4D0637B01366A
:10ABF000002BE0D0304600F007FC0028DBD001201D
:10AC0000DBE7084630B4114682B140EA030212F095
:10AC10000F020BD1002809DBB0F57D2F06D2C0F55D
:10AC20007D25AB4202D830BCF1F734BA6FF0150085
:10AC300030BC704710B50C1E10461A460ADBB4F53E
:10AC40007D2F07D2C4F57D24A34203D802F045FA34
:10AC5000002010BD6FF01500FBE770B410460E46E3
:10AC60008BB142EA030515F00F010FD1002A0DDB6D
:10AC7000B2F57D2F0AD2C2F57D22934206D8324624
:10AC800070BCF1F707BA184670BC70476FF015003A
:10AC9000FAE7084613467AB11143C1F30B0169B9CB
:10ACA00000280BDBB0F57D2F08D2C0F57D22934242
:10ACB00004D8FF22F1F7EEB9104670476FF0150087
:10ACC0007047436800205B68DB680B60704743682F
:10ACD00002EA01005B6821EA0201586000209960E5
:10ACE0007047436800205B685960704743680020E4
:10ACF0005B689960704743685B681A6821EA0200E4
:10AD000011405860002099607047F4F7B9B930B528
:10AD100043681360057A446804EBC504A34202D378
:10AD20006FF0010030BD5C7908338C42F1D1002016
:10AD3000F8E743681B68D3F88004C3F880047047C1
:10AD400003691A6813680BB152681847704730B529
:10AD500087B004460D461422002101A802F0E3F951
:10AD6000042320460DEB03018DF804300295FFF714
:10AD7000E7FF07B030BD70B586B0066904460D46E2
:10AD80001422002101A802F0CEF902238DF804302C
:10AD9000336820461B6C01A9029333689B6CCDE994
:10ADA0000335FFF7CDFF06B070BD30B503691C68F1
:10ADB00043681B68EFF31185402080F31288BFF3CE
:10ADC0006F8F206CA8B1E06CB0B90020C4E91312F9
:10ADD000042AC3F80417C3F8082782BFD3F8002257
:10ADE00042F02002C3F8002285F31188BFF36F8F71
:10ADF00030BD6FF00C00F7E76FF00F00F4E7036968
:10AE0000186820B101601B6800205A6070476FF01D
:10AE10008500704710B5426800691368006860B922
:10AE2000D3F84C4164B1126B12780A70C3F84C012C
:10AE3000D3F84C2101229A6210BD6FF08500FBE728
:10AE40004FF0FF30F8E738B54268036915681A68B3
:10AE5000D2F8A01051B1002482F8B84018686830C8
:10AE6000F8F778FE012320466B6538BD6FF00D00C2
:10AE7000FBE7406BFFF7E7BF10B503691968D1F82E
:10AE8000A420D1F8B040121B13D0082A28BF0822F2
:10AE90004068C1F8AC201968406AC1F8A8001B6876
:10AEA000D3F8A010D3F8B030194402F016F90120FD
:10AEB00010BD1046FCE710B5044612EA030005D0A9
:10AEC000605818B1002301206350635810BD13B5BA
:10AED00001AA0446FFF71BFF002805DB019B22683F
:10AEE00019791868F1F768FB02B010BD10B4026957
:10AEF0004468936823EA0101916011F0030108D1CD
:10AF000043681B68C3F80015E068012110BCFFF717
:10AF1000DEBF10BC704710B5026993681943916099
:10AF200013F0030107D14368D8681C68FFF7CFFF0F
:10AF30000823C4F8003510BD10B543681C68C4F878
:10AF40003C17C4F840270022C4F830215B68D4F8CD
:10AF500030219B0702D50121FFF7DDFF0123236587
:10AF600010BD10B5436804461B68D3F830210B6848
:10AF70004AB9012283F8B8204FF4805263681B68F5
:10AF8000C3F8042310BD002283F8B8204FF0FF322D
:10AF90000B68C3F8B4200B68D3E92A12FFF7CCFF83
:10AFA000EAE7F8B5036904461D6843680F461E6862
:10AFB00005F10800F8F7CEFDEFF31182402383F38B
:10AFC0001288BFF36F8FEB6C53B1D6F8003223F0C9
:10AFD0002003C6F800320023C6F85031D6F85031AD
:10AFE000002385F8633017B1012385F864302369A5
:10AFF0001968012381F8623061680968CB6282F3C5
:10B000001188BFF36F8FF8BD08B503691B681B6C0F
:10B0100023B10121FFF7C5FF002008BD6FF00D002F
:10B02000FBE7F7B5426B53681C681369D4F810113D
:10B0300053F8085BD3E8EF6F26F01007C3E8EC7F06
:10B04000BCF1000FF6D1F3060FD561B1D5E9162397
:10B0500000260027CDE90067F8F70EFD0023C4F8AD
:10B060001031D4F8103103B0F0BD0029FBD11369C1
:10B070001968CB6CB3FA83F35B0981F862305368CB
:10B0800001221B68DA6203B0BDE8F040F8F762BD48
:10B090002DE9F347174600224368D0F810901E6848
:10B0A000D9F80040884694F86130D6F80C1784F837
:10B0B0006120A26C05469B1A1944002901DDFFF7A7
:10B0C0005AFE2846216CFFF742FEE36C2364236D91
:10B0D00063640023C4E91333A36494F8633003F07A
:10B0E000FF029BB3EFF3118A402383F31288BFF36F
:10B0F0006F8F236C6BB3D6F8003223F02003C6F8B1
:10B100000032B8F1000F34D19FBB0123B362C6F8FF
:10B110002471D6F8243184F86270D9F8083043F0ED
:10B120001003C9F808308AF31188BFF36F8F6AB132
:10B13000D4E91632134309D0D4E9162300200021A4
:10B14000CDE9000104F10800F8F796FC02B0BDE873
:10B15000F087D4E91632134303D004F10800F8F75E
:10B16000F9FC2B691A68012382F862306A68126858
:10B17000D3620022D7E72DE9F341064617461C4665
:10B180000569EFF31188402383F31288BFF36F8FB3
:10B190002B68D3F8A42042B188F31188BFF36F8FD6
:10B1A0006FF00F0002B0BDE8F081C3F8A4702B6807
:10B1B00001F0604CC3F8A010BCF1005F2B6814D103
:10B1C000C3F8A8102B68C3F8AC7029463046FFF7C7
:10B1D000C8FE88F31188BFF36F8F73681B7E012B45
:10B1E00001D1631C06D10020DCE7C3F8B020FFF7D3
:10B1F00043FEEAE724EAE4722868D3171F3243F1DA
:10B200000003520942EAC36268305B09002400254A
:10B21000CDE90045F8F730FCE5E708B50220F0F786
:10B2200031FE002008BD08B5F4F70CF908BD0A4648
:10B230000121FDF7B4BA40EA01030F2B01D8F2F760
:10B2400025B96FF0150070470121F2F7C1BA00214E
:10B25000F2F7BEBA10B54FF0FF304FF0FF31F2F702
:10B26000D7FA044628B9D5F7B1FA044618B1F2F76F
:10B27000D7FA204610BDF2F7D3FA2046E7F7A0FB35
:10B28000F7E738B50B8A0D463BB101F10C00FDF72D
:10B2900069FD012818D0022803D06FF0150420465C
:10B2A00038BD4FF0FF304FF0FF31F2F7B1FA0446EE
:10B2B0000028F4D1E868DDF7E2FF0446F2F7B0FABF
:10B2C000ACB1F2F70FFBEAE74FF0FF304FF0FF3180
:10B2D000F2F79EFA04460028E1D1E868F2F7CCFCC8
:10B2E0000446F2F79DFA002CD9D1F2F7FBFA284672
:10B2F000E6F79EFE0024D2E7F2F71EBC10B532221C
:10B300000021044601F00FFF202323708023A37047
:10B310006FF03F0363710423A3722823A3730223F6
:10B32000E3730423A3756FF0480363760323A376C6
:10B330006FF01F03E3760E232377302384F8203049
:10B34000402384F82130792384F822307E2384F846
:10B350002330802384F82630042384F8273010BD5E
:10B3600008B50323E1F79DF9002008BD08B5F2F701
:10B370009BFF002008BD08B5F9F7FCFB48B100238E
:10B3800083F31188BFF36F8F0423184602DF6FF039
:10B39000040008BD684620F007018D4601B5DCF7C2
:10B3A00095FEBDE8014085467047684620F00701DC
:10B3B0008D4601B5DCF77CFEBDE80140854670474F
:10B3C000684620F007018D4601B5DDF7AFF9BDE80D
:10B3D00001408546704708B5E0F78EFD002008BDA6
:10B3E00070470020F3F75EB87047DBF797BD08B5EC
:10B3F000DDF7D2FB30B1EFF305800338032894BFAB
:10B400000020012008BD704701207047034600203E
:10B41000184700F05BB9024610B5116891B1B1FA56
:10B4200081F3C3F11F000123834021EA0303D2E823
:10B43000EF4F8C4204D1C2E8EC3FBCF1000FF6D1D3
:10B44000EBD110BD6FF00B00FBE710B50368CB40EC
:10B45000DB0710D401238B40026843EA0201D0E8E5
:10B46000EF4F944204D1C0E8EC1FBCF1000FF6D1BD
:10B47000F2D1002010BD6FF01500FBE743090AD0A0
:10B48000012B0AD16FF07C4300F01F0023FA00F07B
:10B4900000F0010070471F23F6E70020704710B549
:10B4A00004460846F3F71AFA04EB4004207DC0F383
:10B4B000401010BD10B504460846F3F70FFA04EB30
:10B4C0004004A08A00F01C00003818BF012010BD05
:10B4D00010B504460846F3F701FA04EB4004207D5A
:10B4E000C0F3400010BD10B50446FFF7F1FF20B1D6
:10B4F0002046BDE81040FFF7D2BF10BD10B504468E
:10B500000846F3F7EBF904EB4004A08A400B10BDAA
:10B5100070B5044608461646F3F7E0F9083034F8EB
:10B5200010300D46DA0509D5C3F3432304EBC302FB
:10B530003146284654F8333052689847A3682BB1F7
:10B5400031462846E268BDE87040184770BD2DE9D5
:10B55000F3411746DDE90858019001A80C461E4644
:10B56000F3F700FA019B391E18BF012100EB83009D
:10B57000231E18BF0123002E43EA41030CBF002104
:10B580000C21002D43EA01030CBF00214FF4706130
:10B59000B8F1000F43EA01030CBF00214FF4403122
:10B5A000D0F880200B4322EA030304B124780FB1C2
:10B5B0003F787F001C430EB13678B6003C438DB116
:10B5C000297809023443B8F1000F03D098F80080BD
:10B5D0004FEA0848214341EA0801C0F8801002B050
:10B5E000BDE8F0812946EDE71FB50DF10F0301938A
:10B5F00000238DF80F101A4619460093FFF7A7FF96
:10B6000005B05DF804FB2DE9F047002504468846A7
:10B6100017462E464FF00109AA46BE420CD1D4F877
:10B62000443133B10023C4F84431D4F8443145F4F3
:10B6300000352846BDE8F087F0B2F3F7C7F9A0F56A
:10B6400080739B0809FA03F318EA030F05D0225808
:10B650001AB144F800A022581D430136DDE738B581
:10B6600004460D46FFF71BFFA8B12046FFF730FF49
:10B6700088B92046FFF742FF012322688340C2F8C1
:10B680001833236803EB8000D0F8103523F0030350
:10B69000C0F8103538BD2846BDE838400021FFF716
:10B6A000A3BFC9B2F4F738BB08B5F4F7CBFB002051
:10B6B00008BDEFF31180402383F31288BFF36F8F2F
:10B6C000704780F31188BFF36F8F704708B1E6F7BA
:10B6D00065BE704740B1C368587810F001001EBFC6
:10B6E0001878B0FA80F040097047EFF311834023D7
:10B6F00083F31288BFF36F8FFEE710B400F10C04E0
:10B70000C0E903440024446110BCE2F7CBBB10B590
:10B7100082696AB1C36842EA0301890708D14169B5
:10B72000A2FB011424B95B182CBF0121002102D314
:10B730006FF0150005E001619B1A42698A4201D849
:10B74000002010BD026901311A60826903619B1AF1
:10B75000F3E790F90E308B4201D0F6F759BF002085
:10B76000704703460020C3E90033C3E90200704775
:10B7700010B5044630B10268930703D0446809B19C
:10B7800000F077F9204610BD0023C0E90033836044
:10B7900000F10C03C0E903337047012307B50093A0
:10B7A00000230A461946F5F755F903B05DF804FB86
:10B7B000002307B50A4600931946F5F74BF903B085
:10B7C0005DF804FB00210068FFF7D2BF3AB18A425E
:10B7D00005D3C0E90212C0E90000002070476FF0F5
:10B7E00015007047012302688B4022EA03030360BF
:10B7F00022FA01F000F001007047704710B50321F4
:10B8000004460C30FFF7EEFF30B104F11000F7F7FB
:10B81000E7FEB0FA80F0400910BD20B1002294305C
:10B820001146F7F7F7BB704770B5C3680446C3F31A
:10B8300040069B0716D4856802210C30FFF7D2FF23
:10B8400080B1D5F88C206AB194421DD122689EB98E
:10B85000D5F89030C5F88C209C4201D1C5F89020D5
:10B8600000232360E36813F01F001EBF43F00203B0
:10B87000E36040F0020070BD3260D5F89020944241
:10B8800008BFC5F89060EBE716461268DBE710B515
:10B89000F5F762FE041E08DDEFF31180402383F309
:10B8A0001288BFF36F8FF6F78DFF204610BDEFF3C0
:10B8B0000580003818BF012070476FF057007047AF
:10B8C00000207047D0E9003213605A600023C0E9BD
:10B8D0000033704738B504460D46F6F7C5FB237CA8
:10B8E00043F002032374D5B1A5602B689D4209D1B2
:10B8F0006B68C4E900531C606C6010E06A689A428F
:10B90000F6D01B68002BF3D093F90E1094F90E209B
:10B910009142F3DD5A68C4E9003214605C6038BDBE
:10B9200010B5037C044613F0280F0CD183680BB1CB
:10B93000F6F772FC237C204623F004032374BDE851
:10B940001040F6F729BB10BDF6F720BC38B5054608
:10B9500004680020AC4200D138BD002CFCD0204649
:10B96000F6F75AFC04F11800F7F73AFE2046F6F70E
:10B9700013FB2C680120A542EDE708B5C3171F3063
:10B9800043F10003400940EAC360C117F7F7F0F83C
:10B99000400108BD08B50246F7F718FD70B1D0E9BF
:10B9A00004319B1A61EBE272B3F1004F72F10001B6
:10B9B00004DA002AACBF1846002008BD6FF0004032
:10B9C000FBE708B5F7F73AFF08BDF7F737BFB3F164
:10B9D000FF3F08BFB2F1FF3F70B506461D46144653
:10B9E00014D01A4316D0002B08DBF7F727FF0419F1
:10B9F00041EB0501C6E90041304670BD6FF001031F
:10BA00001C1B4FF0FF3363EB0501F3E74FF0FF34EE
:10BA10002146EFE70024FBE7B3F1FF3F08BFB2F197
:10BA2000FF3FF8B5074616461C4610D054EA0203FD
:10BA300011D0F7F703FFB0420A46A14103460AD2EC
:10BA4000F31A64EB0204C7E900343846F8BD4FF03E
:10BA5000FF331C46F7E70023FBE70023C0E9081289
:10BA600000F11802C0E90622C0E900330363436312
:10BA7000704720B1011F50F8040CF4F747BC704721
:10BA80007047FFF76EBE4FF0FF324FF0FF33F4F711
:10BA900027BEF4F7EDBE00207047704710B504468E
:10BAA00008B1F8F71DFB2046BDE81040F8F708BBC9
:10BAB0000346C068F8B15888E8B11B8803F44F42C8
:10BAC000B2F5824F02D0B2F5884F09D1DBB2272BF5
:10BAD0002AD008D8172B0FD0222B34D0122B16D0F7
:10BAE0006FF085007047302B2FD0413B012BF7D8EA
:10BAF000FF2839D100207047C028FBD0E128F9D0B9
:10BB0000B0F5807F14BF6FF086000020704720F0F2
:10BB10002003C02BEED020F08003B3F5807FE9D066
:10BB200040F209239842EDE7E928E3D0EF28E1D07D
:10BB300040F21B139842DDD040F299139842D9D0BD
:10BB400040F23B23EEE7E928F1E720F02003C02B89
:10BB5000D0D020F04003B3F5807FCBD0B0F5C07FCC
:10BB6000C8D0B0F5007FCDE7B0F5E07FCAE73AB1C5
:10BB7000002918BF00232121D21A184401F0D3BA9A
:10BB800070472DE9F04F9B46002389B08DF81B309C
:10BB9000159B9146DDE912A7002B0D460B460CBF05
:10BBA0004FF400624FF4806207A9DDF85080F8F787
:10BBB00039FC0446D0B9079E284631880DF11B0296
:10BBC000F8F7ACFC044688B99DF81B30BB421FD87F
:10BBD000CDE90338CDE901BACDF800902B46D6E97E
:10BBE00009123046F9F7CCFA044608B1C8F80070DB
:10BBF0003A4621465046D8F80030FFF7B8FF07987C
:10BC0000F9F7A6F9002C18BF204609B0BDE8F08F5F
:10BC10006FF08904EAE741F2062398421AD8B0F59A
:10BC2000905F09D241F2010398420CD0B0F5885FD1
:10BC300009D06FF0850070476923A0F5905080B25D
:10BC4000C340DB07F5D511F0070F14BF6FF0860076
:10BC500000207047B0F5105FEBD121F04003802B3E
:10BC600006D0B1F5807F14BF6FF0860000207047CA
:10BC70000020704770B5446A05460E463CB9012065
:10BC8000F8F718FA686228B12046AE6270BD6FF00E
:10BC90008A00FBE76FF08C00F8E7F8B51E460F4608
:10BCA00015460388C2B103F4E043B3F5805F02D0C8
:10BCB000B3F5005F10D1089BE90019600088FFF719
:10BCC000AAFF044630B92A463946304601F005FA43
:10BCD000079B1D602046F8BD6FF08504FAE710B59C
:10BCE0000446406A10B1A16AFFF7D8FE0020C4E9FB
:10BCF000090010BD38B50446FFF7F1FF237F012B83
:10BD00000FD0023B012B0FD8236A012B14BF6FF019
:10BD1000960500252C220021204601F004FA284631
:10BD200038BD236A002BF1E76FF09605F2E738B5CE
:10BD300014460288049D02F4E040B0F5805F07D00D
:10BD4000B0F5005F04D002F44F42B2F5824F0ED13D
:10BD5000AC420FD81846224601F0BFF900212A1B39
:10BD6000204401F0E0F90020059B1C6038BD6FF015
:10BD70008500FBE76FF08900F8E7F0B50F461E4637
:10BD8000154685B0CAB100230122336003A9F8F734
:10BD900049FB044670B9CDE9005603983B46D0E90B
:10BDA0000912F9F78BF904460398F9F7D1F8002C3A
:10BDB00008BF0446204605B0F0BD6FF08904F9E7DE
:10BDC000F0B50F461E46154685B0FAB1002303A90B
:10BDD0001A463360F8F726FB044688B903980388AF
:10BDE0005B0410D5CDE900563B46D0E90912F9F7BE
:10BDF00079F904460398F9F7ABF8002C08BF04461C
:10BE0000204605B0F0BD6FF08604F3E76FF08904BB
:10BE1000F6E710B50368044643B100F031F900239A
:10BE20002360A3886FF30803A38010BD1846FCE7C6
:10BE30002DE9FF41984600230C4601680546164649
:10BE40000393002939D14FF4C272083001F06BF925
:10BE5000B8F1000F204633460CBF4FF400624FF498
:10BE6000806203A9F8F7DEFA0446B8B9039F3046AA
:10BE700039882A1DF8F752FB044678B96B793946A0
:10BE800068F300036B71D7E9092328460096B8F1DF
:10BE9000000F0FD0F9F79EF9044610B12846FFF7BE
:10BEA000B8FF0398F9F754F8002C18BF204604B0E7
:10BEB000BDE8F081F9F7B2F9EEE76FF08804EDE73D
:10BEC0000123FFF7B5BF38B50368054614464BB1EB
:10BED00032B100F0C0F8044610B12846FFF799FFD0
:10BEE000204638BD6FF08804FAE72DE9F041164688
:10BEF000026805460F469846F2B14279D2071BD533
:10BF00000279CAB1B2421AD800F0AEF8044618B1AC
:10BF10000023C8F800602B7137B1324621463846FD
:10BF2000D8F80030FFF723FE2846FFF772FF002CF9
:10BF300018BF2046BDE8F0816FF08804E8E76FF095
:10BF40008904E5E71FB501240394089C0294079C2B
:10BF50000194069C0094FFF714FE04B010BD2DE977
:10BF6000F04705469A46002388B0079325F0004322
:10BF700023F47F03B3F1106F0846DDE910961746EE
:10BF8000DDF8488023D12B464FF4804207A9F8F70B
:10BF900049FA044660B9CDE90368CDE901A90798DB
:10BFA00000972B46D0E90912F9F75CF9044628B14D
:10BFB00031464846F8F77EFCC8F800600798F8F765
:10BFC000C7FF002C18BF204608B0BDE8F0876FF00F
:10BFD0008604EDE703461B88084603F4E043B3F507
:10BFE000805F114602D0B3F5005F01D1F8F762BC63
:10BFF0006FF0850070471C22002101F094B8037F88
:10C00000022B06D1036A5A1C03D0013303620020BD
:10C0100070476FF096007047034668B1017F8A1E33
:10C02000012A0BD80329026A03D1012A01D1FFF7A3
:10C0300061BE1AB1013A1A62002070476FF0960093
:10C040007047C0B2FF280CBF6FF086000020704719
:10C05000F9F78CB970470368052B02D10830F9F75E
:10C06000C7BB6FF08600704710B40468052C03D17D
:10C0700010BC0830F9F7D4BB6FF0860010BC7047D5
:10C080000368052B02D1083000F0CDB800207047BE
:10C090000020F9F77BBA0020F9F7B2BA002000F0CF
:10C0A000BCB8E1F73DB80A2842DCC31C1FDA10F126
:10C0B000400F45D010F13F0F2BDA10F1410F42D065
:10C0C00010F1550F42D010F1490F14BF6FF08600E8
:10C0D0006FF08400704709282DD8DFE800F0052CA8
:10C0E0002C2F172C372C2C3A6FF098007047033008
:10C0F0000D2820D8DFE800F00A331F221F1F1F1F62
:10C100001F1F071F1F076FF0940070476FF0850017
:10C11000704710F1210F1FD00DDB10F1200F1ED042
:10C1200010F1100F14BF6FF086006FF0940070478D
:10C1300064380928CFD96FF0860070470020704717
:10C140006FF0840070476FF0890070476FF09300C4
:10C1500070476FF08C0070476FF0880070476FF089
:10C160009200704710B501380A44914200D110BDC9
:10C1700010F8013F11F8014B63400370F5E70144EB
:10C18000814200D1704711F8013D1A440A70120A29
:10C19000F6E730B5002503F58073013A002A0ADA84
:10C1A000D8B2284303D0FF2B94BF00200120FF2BDF
:10C1B00098BF013830BD845C1C448B5C013AE41AA2
:10C1C000230AE4B2FF332543E8E7F7B506460D46F8
:10C1D000202D2F46A8BF202700216846FAF752FAE3
:10C1E000044670B93A4631466846FAF79DFA10F1AE
:10C1F000520F044608D0431CF4D0684600F050FBB0
:10C2000034B1204603B0F0BD684600F049FBE3E7D7
:10C21000EC1B3E44F5D02546DAE700207047F9F7DD
:10C2200091BAF9F78FBA08B54FF4C27100F01EFF4A
:10C23000002008BDF0B504461F460D461646E5B081
:10C240004FF4C272002103A800F06DFF214633466F
:10C250002A46009703A8F9F775FA044670B9DDE994
:10C260006A1203A8F9F7C4FA044638B9DDE96D2368
:10C270006C9903A8F9F7D4FA044610B103A8FFF7A4
:10C28000D2FF204665B0F0BD90F84C3013B150306D
:10C2900000F03EBAD0F8543113B1D0F85C01184721
:10C2A000184670472DE9F047044680688946904259
:10C2B000174609D3201A1C3000F00FFFA368DB1BC0
:10C2C000A3600020BDE8F08704F1640A0121504614
:10C2D000FAF7A4FA064618B1BDE8F047FFF7E3BE47
:10C2E0002046FFF7D1FF054600284BD1A26832F067
:10C2F000100309D0A01A49461C3000F0EEFE2A4671
:10C30000A368A5609944FF1A07F1FF3828F00F08C9
:10C31000A7EB080662B9102204F10C0104F15000E9
:10C3200000F066F980BB1023A360012384F84C3031
:10C33000B8F1000F1CD04246494604F1500000F00D
:10C3400057F90546C0B9012384F84C3004F1500771
:10C35000384600F03BFA054670B9384600F093FACB
:10C36000054648B9402104F10C0000F07FFE03E0CF
:10C3700094F84C30002BE9D15046FAF73DFA2DB134
:10C380002846A9E7B046F7E70546F5E7002E98D01E
:10C39000324609EB080104F10C0000F09EFEA36890
:10C3A0009B1B8DE7F8B543680546102B2FD800F18D
:10C3B000640601213046FAF731FA18B1BDE8F840B9
:10C3C000FFF771BE2846FFF75FFF0446D0B9AA68A1
:10C3D00005F15007102A05F10C050AD12946384607
:10C3E00000F037F9044668B9384600F04CFA0446C4
:10C3F00008E029463846C2F1100200F0F9F8044678
:10C400000028EBD03046FAF7F7F92046D6E76FF070
:10C410008600F8BDF9F748BC13B50C466946F3F73A
:10C42000ABFB002805DA0D3012D06FF08B0002B0A4
:10C4300010BD009B042223604FF0FF3321460DEB1B
:10C440000200019300F07EFE0028EED00020EEE70F
:10C450006FF08400EBE730B589B0182205460C4632
:10C4600001A8002100F05FFE012044EA052400211C
:10C4700007940590FFF715F9BA2101A8F3F7BAFA66
:10C48000002104460846FFF70CF9002C0CBF20469B
:10C490006FF0920009B030BD13B5C0B2086001A9B9
:10C4A0001446FFF7B9FFB8B99DF80630C3F302137D
:10C4B000072B15D0042B11D8012B05D0063303F020
:10C4C0000703022B0CD802239DF8042002F030024F
:10C4D000202A08BF0233236002B010BD0323F3E714
:10C4E0006FF09800F8E710B5044600210120FFF72F
:10C4F000D8F801212046F3F7F9FA0021044608464E
:10C50000FFF7CFF8204610BDF7B5BA2001A9F3F721
:10C5100033FB044610B1002003B0F0BD019D2F0A8B
:10C52000EDB2AC4205D1BA20FFF7DDFF0028F2D012
:10C530000EE0E6193046FFF7D6FF60B10121304624
:10C540000DF10302F3F754FB10B99DF8033013B952
:10C550006FF09200E0E70134E3E708B50178CB1C07
:10C5600003F00303012B09D94078C1F38201F3F7EB
:10C5700079FA003818BF0120400008BD6FF0210093
:10C58000FBE707B50221F8200DF10702F3F730FBB6
:10C590009DF8073003B920B16FF0920003B05DF849
:10C5A00004FB0221F820F3F75DFA0028F6D0F3E748
:10C5B000026913690BB1506918471846704708B5EE
:10C5C000826803465AB902681169426A114206D06C
:10C5D000FFF7EEFF002808BF6FF0530008BD03F11E
:10C5E0001400702103F17802F9F772FF0020F5E7DB
:10C5F00010B5047D03464CB3B2F1807F06D3FFF73C
:10C60000D7FF002808BF6FF03F0010BD4468062C1C
:10C6100006D9FFF7CDFF002808BF6FF04400F4E70C
:10C620000AB90020F1E78069016099698A60186899
:10C6300099698069C068C8609969103199615968C1
:10C6400001315960996811449960EAE76FF0200060
:10C65000DBE710B4037D002B56D08368C3B9836930
:10C6600000F124021A60036882691B68013343F0F9
:10C6700000539360046882692368A4690133E46805
:10C680001B0203F4F8532343D3608369103383619F
:10C69000036882681C68131923EA040384699B1ADF
:10C6A00054F8042C42EA032244F8042C826952F81C
:10C6B000084C234443F0005342F8083C03681A68CE
:10C6C000C368134423EA0203C2691160C269C168E6
:10C6D0009160C26902F11001C161C1688B420AD048
:10C6E00000211161C168C2695B1A43F08043936005
:10C6F000C3691033C3610368DA68436A23EA02033B
:10C70000436210BCFFF75BBF6FF0200010BC7047A6
:10C7100038B5037D0446002B52D003685B69002BBB
:10C7200051D00269D3685BB150699847054638B16A
:10C730002046FFF73DFF002818BF0546284638BDB4
:10C74000214651F8783B626A9B6904F114001B682A
:10C75000F9F7AAFE0123636023699A689AB9A2696E
:10C760001B6813602369A2695B6843F00053936000
:10C770002268A36992699268DA60A3691033A361A1
:10C780006368013363600025236AA269C4331360C0
:10C790002368A2695B6943F0005393602268A36930
:10C7A00092695268DA60A36922681033A3616368F2
:10C7B000013363601269636AA56013436362BDE776
:10C7C0006FF02005BAE76FF04705B7E738B5027D8F
:10C7D0000346002A40D00268816894688C4206D9DA
:10C7E000FFF7E6FE002808BF6FF0530038BD54681D
:10C7F000B1FBF4F504FB151434B1FFF7D9FE0028A2
:10C8000008BF6FF04500F1E7416AD0680143596203
:10C81000D3E90701C431526901601868D9694069D8
:10C820000F328860D96922F00F0201F11000D8613F
:10C830001868406990420AD00C611868D96940694B
:10C84000121A42F080428A60DA691032DA611846C0
:10C85000BDE83840FFF7B3BE6FF02000C6E738B53B
:10C86000037D054663B1F9F7A9FE431C044605D0D4
:10C870002846FFF79DFE002818BF0446204638BD15
:10C880006FF02004FAE710B5037D04462BB1204673
:10C89000FFF7E5FF431CFAD010BD6FF02000FBE767
:10C8A00010B5037804461BB1F8F72AFD0023237066
:10C8B000002010BD0368D868C0F3004070470368CB
:10C8C00003F58053586A00F4A020003818BF0120F7
:10C8D0007047022203689A6070470368D868FAF7C5
:10C8E000D9B8024608B5136803F580535B68C62BB8
:10C8F00009D01046FFF7DEFF0028F4D11046BDE84E
:10C900000840FFF7EABF6FF0010008BD03685A5006
:10C9100070470369996670470369986E704770B5F0
:10C9200006460D461446FFF7F7FF013D026844EA4C
:10C930000524304622430421BDE87040FFF7E6BFDE
:10C9400073B50546D0E90146CDE90023FFF7E4FFC2
:10C950000068ED68C0009DF800209DF8073004EBEA
:10C960000614A5F1080114D502F03F0242F020029E
:10C9700043F00103601B8DF800208DF8073000F0B4
:10C980009DFA083C08226946204600F0B3FA02B03E
:10C9900070BDA41B03F03F0342F0010243F02003EB
:10C9A00004F108008DF800208DF8073000F086FAB9
:10C9B000E8E710B50446FFF7AFFFC2684AB142F49A
:10C9C00020222046BDE81040002142F40062FFF71B
:10C9D0009DBF10BDC06870472DE9F8430A680C463A
:10C9E00012F4700F15D1D0E90159D1F80880FFF782
:10C9F00093FF03682046DB0048BF63684FF00007E1
:10CA000044BFA9EB0303ED1800F0D6F80646B74281
:10CA100001DBBDE8F88341462846626800F06AFA07
:10CA200063684D4498440137F1E770B50C461E46E3
:10CA30001046D1E9012505EB4205294600F05AFAD6
:10CA400062683046A918BDE8704000F053BA38B5A6
:10CA50000446FFF761FFD4E9013501684268C90067
:10CA600042BFE168691A5B18002112B904F1140091
:10CA700038BDD00707D50B2901D9E5F77DF804EBC0
:10CA80008100436101312B445210EEE72DE9F04F54
:10CA9000044685B00E4691460193FFF73DFFD4F85A
:10CAA00048A00546BAF1000F07D02046F9F7B4FFB9
:10CAB0001025284605B0BDE8F08F8768D4E9018BC2
:10CAC000F9F75EFF326811064CBFC26842687168B0
:10CAD000914204DD2046F9F79FFF0D25E9E7E1606B
:10CAE0003268204649EA02092A6949EA0202FFF748
:10CAF00016FF2A68D20003D5E268ABEB020290442D
:10CB00003FB931462046FFF767FF2B696BB9002517
:10CB1000CFE7FB0748BF019B4FEA670744BF43F8D5
:10CB20002A800AF1010AD844EAE702A800F0B0F925
:10CB3000054618B12046F9F76FFFBAE72046DDE950
:10CB40000223FFF7FDFE08210DEB010000F08EFA35
:10CB5000DDE710B50446FFF72CFFBFF35F8F03221C
:10CB60002046BDE810400821FFF7D0BEC0F30B03FC
:10CB7000482B4B6028BF482310F4003F8B6008BF50
:10CB80000023CB6010F4803308BFC1E9013300F407
:10CB90007003B3F5700F14BF00238B6800284FF0AB
:10CBA000010C4FF008028B60B8BF0023C1E905C239
:10CBB000B8BFC1E9053370470368024613F4700F2C
:10CBC00006D1806828B1D368506893FBF0F07047B5
:10CBD000002070472DE9F0479946058843888AB0C0
:10CBE00003F10708009305F44F43B3F5824F044661
:10CBF0008A4617464FEAD80602D0B3F5884F3FD190
:10CC0000EDB22022002102A800F08DFA0023BE42DE
:10CC1000C9F8003041D8B8F5847F41D220466A4631
:10CC20003946FAF765F8044630BB2846009901AA50
:10CC3000F9F7A0FF0446F8B9A5F14103012B21D86B
:10CC4000324602A9F8F7DCFC28BB314602A800F006
:10CC5000DBF940BB412D04D1202E02D102A800F007
:10CC600057F93246504602A900F037FA202102A8AF
:10CC700000F0FCF9C9F8006020460AB0BDE8F08772
:10CC80000025BEE73A465146019800F04CF90028CD
:10CC9000ECD0FFF708FA0446EEE76FF08904EBE703
:10CCA0006FF08504E8E76FF09304E5E72DE9F341C1
:10CCB000DDF820801E46438842450F461546019305
:10CCC00015D8294601AAFAF713F8044658B92B4695
:10CCD0003A464146304600F0ACF958B10A9B019AF9
:10CCE0001A60099B1D60204602B0BDE8F0816FF01C
:10CCF0008904F8E76FF08604F5E72DE9F0431F4655
:10CD00000688438895B0029306F44F43B3F5824FEB
:10CD10000546144602D0B3F5884F2FD1F6B20A4625
:10CD20002346412103A8D5F80C9000F082F938B3CE
:10CD30001C9B9C4227D82846214602AAF9F7D8FF17
:10CD40000546B8B9122EDDF8088001D0302E07D183
:10CD5000424631464846009403ABF9F793FFA8B921
:10CD60002246384603A900F0B8F91E9BC3F800809C
:10CD70001D9B1C60284615B0BDE8F0830026CEE759
:10CD80006FF08605F6E76FF08905F3E70546F1E7F2
:10CD90008B4238B505460C46104607D30A4629464D
:10CDA00000F09BF90020049B1C6038BD6FF08900E7
:10CDB000FBE710B59EB0024646F611031AA901A87A
:10CDC000F9F772FB0023039A10211360039A01A85C
:10CDD0009360039B1AAA10330393F9F779FBF9F7D1
:10CDE000EDFB431C0446FAD001A8742100F03EF983
:10CDF00020461EB010BDF8B50668054696420C46A2
:10CE0000A2EB060701DDE4F7B7FE3946204600F045
:10CE100055F832466968E019BDE8F84000F06AB894
:10CE2000FFF7E9BFF8B507461646D2E900208A4267
:10CE30000C460BDB551A294600F040F822463946CD
:10CE400070682844BDE8F84000F047B9891A3944B1
:10CE5000F8E770B514460E461D4621461A46FFF700
:10CE6000E1FF2146304605F10802BDE87040FFF7BA
:10CE7000D9BF70B5054616461C461A46FFF7BBFFDC
:10CE80002246314605F10800BDE87040FFF7B3BF08
:10CE900010B50446F9F774FD436963B12046F9F70C
:10CEA00045FE50B9D4E900321343F7D0201DBDE848
:10CEB0001040F9F73BBE6FF0020010BD38B50346D5
:10CEC0000C4699B10022590703D0013C03F8012B0D
:10CED000F9D124F00F052A460021184600F023F965
:10CEE00003460021421923449A4200D138BD02F87A
:10CEF000011BF9E78B18991A12B110F00F0F01D12D
:10CF000000F0EBB80978013AC9B200F8011BF2E76A
:10CF1000037823F007030370C37F03F07F0343F01C
:10CF20004003C37770470B46D0E901108A4208449A
:10CF300002D31A4600F003B86FF0400070472DE9A5
:10CF4000F0470446104639B122460023164612F82F
:10CF5000015B35B98B4202D16FF0530435E00133E8
:10CF6000F4E78B42F8D04A1E9A4201D1022DF3D940
:10CF7000A25CD2072FD5FF2415EA040228D1E4438E
:10CF8000A1EB0308C71800F066F8E5B208EB070A42
:10CF9000424639460020F8F733FB0446E8B93B78AF
:10CFA00081462B403B703B4613F8012B9A4549EADA
:10CFB0000209F9D10023424631463846FFF7E9F825
:10CFC000B9F1000FE4D00028E2DA2046BDE8F0878E
:10CFD0006400E4B2D0E76624F7E70224F5E7FAF745
:10CFE0003BB907B54FF0FF334FF0FF32CDE90023D7
:10CFF000002200F06FF803B05DF804FB00F066B8A3
:10D0000000F060B8FEF7B9BC002313B58DF8073007
:10D010008B4206D19DF80700B0FA80F0400902B0BB
:10D0200010BDC45C9DF80720013322438DF8072012
:10D03000EEE78B4230B50CD8002421469C4203D148
:10D04000081E18BF012030BD155D05552943013468
:10D05000F4E70020F7E710B58B4294BFC4184418DA
:10D06000A04200D110BD00F8012BF9E700231A46B9
:10D0700082B001908B4201D102B070470198C25436
:10D080000133F7E710B50B680446D0E9180212F037
:10D09000010F03EA000301D0984211D183B1236646
:10D0A000520748BF4A6804F1180044BF1A434A6057
:10D0B000F6F796FA00232046C4F88030FEF730FCDD
:10D0C000002010BD4FF0FF32F9F7DABF0A46002109
:10D0D000F9F7D6BF5200FAF71DB80A44431E914231
:10D0E00000D1704710B511F8014B914203F8014F80
:10D0F000F9D110BD884210B501EB020402D9844277
:10D10000234607D8431EA14207D011F8012B03F88C
:10D11000012FF8E70244824200D110BD13F8011D2F
:10D1200002F8011DF7E702440346934200D170471D
:10D1300003F8011BF9E7044608B5FAF799FB204606
:10D14000E4F748FD0139024410B5904201D10020B6
:10D1500005E0037811F8014FA34201D0181B10BD60
:10D160000130F2E70139034610B532B111F8014F31
:10D17000013A03F8014B002CF7D11A4400219342E5
:10D1800000D110BD03F8011BF9E70246014410B5B8
:10D190008A42134603D01C780132002CF8D1181AA9
:10D1A00010BDF0B5C3F13707044603F01F03104666
:10D1B000FFB2082BE6B232D0102B3DD06508A40890
:10D1C00045EAC17544EA81748A082D1942EB51027F
:10D1D000290941EA02716D1842EB1212290A41EA4B
:10D1E00002616D1842EB1222290C41EA02416D18CE
:10D1F00042EB1242AD1842F10002EC0844EA4274DC
:10D20000D10804EB8402A6EB4205EDB2092D0CD93E
:10D210000134A5F10A0541F10001EDB212E0E40884
:10D2200006F0070544EA4174C908303554EA0102A2
:10D2300000F8015BBDD1F0BD240906F00F0544EAFA
:10D2400001740909092D84BFED19EDB2EDE7D1E9AB
:10D25000043293421EBF5A1C0A61187070470000C6
:08D2600004F6FD7F010000004F
:10D26800F52201000000000051CE0100000000007E
:10D278000000000030D30200A9B602000000000040
:10D28800BD02020000000000B5030200000000001B
:10D298000000000068D30200000000004CD3020028
:10D2A80005E3010000000000D7B302000000000001
:10D2B8000000000084D3020000000000A0D3020098
:10D2C800BDBF0100000000001BB20200000000000A
:10D2D80099F70000000000000D1C0100000000008C
:10D2E80000000000BCD30200B1D000000000000024
:10D2F800DD0F02000000000000000000D8D302008B
:10D30800F1270100000000006DB3020000000000DA
:10D3180077B30200000000008D2C0100000000001F
:08D32800B90B01000000000038
:10D33000AC32030050E9020080DD0200000B002047
:10D34000083300209DBC01000000000032340300BF
:10D3500078E902005CDD0200060B00207433002037
:10D3600019C50100000000003E3403008CE90200F2
:10D370005CDD0200080B00208033002019C501008D
:10D3800000000000D33203000000000038DD02007E
:10D39000020B00200000000033AB02000000000080
:10D3A000D9340300A0E902009CDD02000A0B002032
:10D3B000340A002025C7010000000000973E03004A
:10D3C0000000000038EA02000C0B0020CC330020E3
:10D3D00069DA010000000000DB32030000000000F9
:10D3E00040DD0200040B00200000000025C0010009
:04D3F0000000000039
:10D3F40000000000638C020000000000638C020047
:10D4040000000000638C020000000000638C020036
:10D4140000000000638C020000000000638C020026
:10D4240000000000638C020000000000638C020016
:10D4340000000000638C020000000000638C020006
:10D4440000000000638C020000000000638C0200F6
:10D4540000000000638C020000000000638C0200E6
:10D4640000000000638C020000000000638C0200D6
:10D4740000000000638C020000000000638C0200C6
:10D4840000000000638C020000000000638C0200B6
:10D4940000000000638C020000000000638C0200A6
:10D4A40000000000638C020000000000638C020096
:10D4B40000000000638C020000000000638C020086
:10D4C40000000000638C020000000000638C020076
:10D4D40000000000F1E3010000000000638C020082
:10D4E40000000000638C020000000000638C020056
:10D4F40000000000638C020000000000638C020046
:10D5040000000000638C020000000000638C020035
:10D5140000000000638C020000000000638C020025
:10D5240000000000638C020000000000638C020015
:10D5340000000000638C020000000000638C020005
:10D5440000000000638C020000000000638C0200F5
:10D5540000000000638C020000000000638C0200E5
:10D5640000000000638C020000000000638C0200D5
:10D5740000000000638C020000000000638C0200C5
:10D5840000000000638C020000000000638C0200B5
:10D5940000000000638C020000000000638C0200A5
:10D5A40000000000638C020000000000638C020095
:10D5B40000000000638C020000000000638C020085
:10D5C40000000000638C020000000000638C020075
:10D5D40000000000638C020000000000638C020065
:10D5E40000000000638C020000000000638C020055
:10D5F40000000000638C020000000000638C020045
:10D6040000000000638C020000000000638C020034
:10D6140000000000638C020000000000638C020024
:10D6240000000000638C020000000000638C020014
:10D6340000000000638C020000000000638C020004
:10D6440000000000638C020000000000638C0200F4
:10D6540000000000638C020000000000638C0200E4
:10D6640000000000638C020000000000638C0200D4
:10D6740000000000638C020000000000638C0200C4
:10D6840000000000638C020000000000638C0200B4
:10D6940000000000638C020000000000638C0200A4
:10D6A40000000000638C020000000000638C020094
:10D6B40000000000638C0200000000009968020072
:10D6C40000000000638C020000000000638C020074
:10D6D40000000000638C020000000000638C020064
:10D6E40000000000638C020000000000638C020054
:10D6F40000000000638C020000000000638C020044
:10D7040000000000638C020000000000638C020033
:10D7140000000000638C020000000000638C020023
:10D7240000000000638C020000000000638C020013
:10D7340000000000638C020000000000638C020003
:10D7440000000000638C020000000000638C0200F3
:10D7540000000000638C020000000000638C0200E3
:10D7640000000000638C020000000000638C0200D3
:10D7740000000000638C020000000000638C0200C3
:10D7840000000000638C020000000000638C0200B3
:10D7940000000000638C020000000000638C0200A3
:10D7A40000000000638C020000000000638C020093
:10D7B40000000000638C020000000000638C020083
:10D7C40000000000638C020000000000638C020073
:10D7D40000000000638C020000000000638C020063
:10D7E40000000000638C020000000000638C020053
:10D7F40000000000638C020000000000638C020043
:10D8040000000000638C020000000000638C020032
:10D8140000000000638C020000000000638C020022
:10D8240000000000638C020000000000638C020012
:10D8340000000000638C020000000000638C020002
:10D8440000000000638C020000000000638C0200F2
:10D8540000000000638C020000000000638C0200E2
:10D8640000000000638C020000000000638C0200D2
:10D8740000000000638C020000000000638C0200C2
:10D8840000000000638C020000000000638C0200B2
:10D8940000000000638C020000000000638C0200A2
:10D8A40000000000638C020000000000638C020092
:10D8B40000000000638C020000000000638C020082
:10D8C40000000000638C020000000000638C020072
:10D8D40000000000638C020000000000638C020062
:10D8E40000000000638C020000000000638C020052
:10D8F40000000000638C020000000000638C020042
:10D9040000000000638C020000000000638C020031
:10D9140000000000638C020000000000638C020021
:10D9240000000000638C020000000000638C020011
:10D9340000000000638C020000000000638C020001
:10D9440000000000638C020000000000638C0200F1
:10D9540000000000638C020000000000638C0200E1
:10D9640000000000638C020000000000638C0200D1
:10D9740000000000638C020000000000638C0200C1
:10D9840000000000638C020000000000638C0200B1
:10D9940000000000638C020000000000638C0200A1
:10D9A40000000000638C020000000000638C020091
:10D9B40000000000638C020000000000638C020081
:10D9C40000000000638C020000000000638C020071
:10D9D40000000000638C020000000000638C020061
:10D9E40000000000638C020000000000638C020051
:10D9F40000000000638C020000000000638C020041
:10DA040000000000638C020000000000638C020030
:10DA140000000000638C020000000000638C020020
:10DA240000000000638C020000000000638C020010
:10DA340000000000638C020000000000638C020000
:10DA440000000000638C020000000000638C0200F0
:10DA540000000000638C020000000000638C0200E0
:10DA640000000000638C020000000000638C0200D0
:10DA740000000000638C020000000000638C0200C0
:10DA840000000000638C020000000000638C0200B0
:10DA940000000000638C020000000000638C0200A0
:10DAA40000000000638C020000000000638C020090
:10DAB40000000000638C020000000000638C020080
:10DAC40000000000638C0200B80800200BAD0200C7
:10DAD40000000000638C020000000000638C020060
:10DAE40000000000638C020000000000638C020050
:10DAF40000000000638C020000000000638C020040
:10DB040000000000638C020000000000638C02002F
:10DB1400D5F701000DB4020000000000638C020080
:10DB240000000000638C020000000000638C02000F
:10DB340000000000638C020000000000638C0200FF
:10DB440000000000638C020000000000638C0200EF
:10DB540000000000638C020000000000638C0200DF
:10DB640000000000638C020000000000638C0200CF
:10DB740000000000638C020000000000638C0200BF
:10DB840000000000638C020000000000638C0200AF
:10DB940000000000638C020000000000638C02009F
:10DBA40000000000638C020000000000638C02008F
:10DBB40000000000638C020000000000638C02007F
:10DBC40000000000638C020000000000638C02006F
:10DBD40000000000638C020000000000638C02005F
:10DBE40000000000638C020000000000638C02004F
:10DBF40000000000638C020000000000638C02003F
:10DC040000000000638C020000000000638C02002E
:10DC1400A0D3020079CA010000000000638C020056
:10DC240000000000638C020000000000638C02000E
:10DC340000000000638C020000000000638C0200FE
:10DC440000000000638C020000000000638C0200EE
:10DC540000000000638C0200480800200BAD0200A5
:10DC6400EBB302000DB4020000000000638C02005C
:10DC740000000000638C020000000000638C0200BE
:10DC840000000000638C020000000000638C0200AE
:10DC940000000000638C020000000000638C02009E
:10DCA40000000000638C020000000000638C02008E
:10DCB40000000000638C020000000000638C02007E
:10DCC40000000000638C020000000000638C02006E
:10DCD40000000000638C020000000000638C02005E
:10DCE40000000000638C020000000000638C02004E
:10DCF40000000000638C020000000000638C02003E
:10DD080080190020083D002000040000BDD7000055
:10DD180000000000000000000000000007000000F4
:10DD2800000000009DF1020000000000000000005B
:08DD38001FAB02000000000017
:10DD400035AC020003AC020093AC02005BAC0200F5
:0CDD50000DC001009BAB020015C00100DB
:10DD5C0015C30100C3AC0200CFAC0200E3AC02005F
:10DD6C00EDAC0200F7AC020005C2010009C10100D4
:04DD7C0000000000A3
:10DD8000F5BC010013AB0200EBAA0200000000008A
:0CDD9000C1BB010000000000000000000A
:10DD9C00FFAD020077B1020047AE0200C5C801001A
:10DDAC00ABAD020009B0020015AE0200EDC70100D8
:04DDBC0033AD020081
:10DDC00005000000A96801000600000051A501003F
:08DDD00004000000D17A0100FB
:10DDD800ADD40000C1D3000075D8000000000000D9
:10DDE800000000000000000051D200000000000008
:10DDF800000000000000000000000000000000001B
:10DE080000000000D19201000000000000000000A6
:10DE180004E80200080000007CE40200070000009B
:08DE280024E5020006000000E1
:10DE300059180300030000008D26030003000000B2
:10DE4000410B0300030000004B200300030000000F
:10DE5000F231030003000000480B03000300000040
:10DE60009F19030003000000D32B030003000000F0
:10DE7000E114030003000000001803000300000089
:10DE8000EA31030003000000282303000300000020
:10DE900072FE0200030000001308030003000000EC
:10DEA000B43E030003000000A23E03000300000094
:10DEB0003609030003000000FF2F030003000000E9
:10DEC00031320300030000008DF502000300000062
:10DED000C532030003000000CB5303000300000021
:10DEE000E03B0300030000005908030003000000AA
:10DEF000F432030003000000184103000300000097
:10DF0000D6F90200030000000BFB02000300000032
:10DF10000FFB020003000000523F0300030000005B
:10DF2000C4040300030000005607030003000000C0
:10DF30000008030003000000074003000300000086
:10DF40001549030003000000F9F30200030000007C
:10DF5000C5F10200030000003909030003000000BE
:10DF60000F08030003000000D5F6020003000000C4
:08DF7000E5340300030000008A
:10DF78000CE40200C030002089FC0200010000000F
:10DF88003309030000000000000000009D24010088
:10DF98005127010000000000342A0300010000009E
:10DFA80000000000419F0200000000000000000087
:10DFB800C72B030001000000000000005D8B01007A
:10DFC8000000000000000000BF2B0300010000005B
:10DFD80000000000B182010055910100000000001E
:10DFE800E2310300010000000000000011B601004A
:10DFF800F9B3010000000000CD2B03000100000070
:10E0080000000000B187010029870100000000001E
:10E020000000000003000000A0000000F00000005D
:10E0300000000000C8130300CD130300D113030038
:10E04000D5130300D9130300DD130300E11303000C
:10E05000E5130300E9130300ED130300F1130300BC
:10E06000F5130300F9130300FD130300011403006B
:10E0700005140300091403000D140300050000003B
:10E080000400000001000000010001000001010087
:10E0900000010001000001000100000001000B0070
:10E0A00002000A00050009000A0008001400070029
:10E0B0001E000600320005004B000400640003004F
:10E0C00096000200FA000100F4010000F401FA00D9
:10E0D000960064004B0032001E0014000A00050088
:10E0E000020001000C0802170D01010209090101DB
:10E0F0000602091818030101090983838503020137
:10E10000230202240910040405050B0B040B2B1B2E
:10E110001B159A9A1C021D16130501490D150508B9
:10E12000061B1B0F01010000FEFEFEFEFEFEFEFEB2
:10E13000FEFEFEFEFEFEFEFEFEFEFEFEFE16FEFEE7
:10E14000FEFEFEFEFEFEFEFEFEFE1F1FFE26FEFE85
:10E15000FEFEFEFEFEFEFEFEFEFEFEFEFEFEFEFEDF
:10E160003E3EFEFEFEFE3B3BA201B003BE05EE02BC
:10E170004806A209C405F40B24120000281400204C
:10E180000200000B0100000007000000000000007A
:10E1900000000000000000000406080A0C0E101227
:10E1A0001416181C1E20222426282A2C2E30323425
:10E1B00036383A3C3E40424446484A4C4E021A5099
:10E1C000000000002800000018000000000000000F
:10E1D000F0230000241300000000000040060000AF
:10E1E00040060000000098086B03000000000000DB
:10E1F000F0230000241300000000000048A30000EA
:10E2000014A00000000040060C0300005C05002084
:10E210000200000B8A1400200200000CEE14002003
:10E220000200000BEE1400200100000CEC14002092
:10E230000100000C000000000000010101010101CB
:10E2400001010101010102020202020203030404AE
:10E250000505060607070808090A0B0C0D0E0F1026
:10E260001112131415161718191A1B0010010000AB
:10E27000D200000030010000D800000001000000C2
:10E28000E400000002000000EA00000002000000BC
:10E29000EC00000003000000EE000000040000009D
:10E2A000F000000005000000F20000000600000081
:10E2B000F400000007000000F60000000800000065
:10E2C000F700000009000000F80000000A0000004C
:10E2D000F90000000B000000FA0000000D00000033
:10E2E000FB0000000F000000FC0000001100000017
:10E2F000FD00000013000000FE00000015000000FB
:10E30000FF00000018000000000000001B000000DB
:10E31000010000001F0000000200000023000000B8
:10E320000300000028000000040000002D00000091
:10E330000500000033000000060000003900000066
:10E34000070000003F00000008000000001002006D
:10E35000FA00000001030062746C65000000000018
:10E3600000000000000000000000000000000000AD
:10E37000000000000000000000000000000000009D
:10E38000000000000000000000010000000000008C
:10E390000338FDD8704700000000000000000000B6
:10E3A0000338FDD87047000007100000EC0A002079
:10E3B00001010000FC0A002009130000B1F1020075
:10E3C000C01A002000010000B58602007B86020012
:10E3D000020000002F880200000000000000000082
:10E3E000000000000000000069FC020071FC020057
:10E3F00000000000000000000000000079FC0200A6
:10E400007DFC020081FC020085FC020091030100FA
:10E4100085030100B50301006D0301000000000049
:10E42000790301000000000011040100C830002041
:10E430002939002010000000040000000000000046
:10E440000000000000000100D8D30200010000001D
:10E450000000010000200700D8D3020002000000E5
:10E460000020080000200700D8D3020003000000AD
:10E4700000400F0000900000D8D30200ECEC020036
:10E48000F7A0020000000000E8EC0200000001001C
:10E49000E4EC020093A20200000000000808002043
:10E4A00000000100DCEC02004789020000000000CF
:10E4B0000000000000000100D8EC020093A202005E
:10E4C000000000000008002000000100D0EC020065
:10E4D000138902000000000000000000000001009D
:10E4E000CCEC020093A2020000000000F80700201C
:10E4F00000000100C4EC02002D0501000000000036
:10E500000000000000000100E9080100FF8B02008C
:10E51000D98B020000000000890901000000000002
:10E52000F5890200FCEC0200F7A0020000000000E8
:10E53000F756030000000100F8EC020093A202006D
:10E54000000000003008002000000100D556030044
:10E5500000000000000000000000000000000100BA
:10E56000F4EC0200C9A00200518901001808002043
:10E5700000000300F0EC020093A202000000000083
:10E580001008002000000100B35603000000000046
:10E59000F10B010000000000000003002005002036
:10E5A000000000000600010002000000B0E50200CB
:10E5B000000000008306030002000000E0CF0F000F
:10E5C000000000208B06030021000000E0FB022079
:10E5D00038080020991C010000000000198D02007D
:10E5E000D4E50200F0E502004A000000000000004F
:10E5F000048A0020D4E5020004E602002E00000098
:10E6000000000000CC8E0020D4E5020018E60200D5
:10E610000201000000000000A08F00201114030080
:10E620002F1403004A1403005A1403006714030054
:10E6300070140300771403007E1403008514030094
:10E640008D1403006714030095140300A71403003E
:10E65000BC140300CF1403000E0300007940010036
:10E660000F040000454001001A010000212B0100A9
:10E6700005040000392B010013010000D93301000B
:10E680003E010000192F010001120000EB8F020073
:10E690000A1E000019900200FF0100008D300100E9
:10E6A0003E0100006D30010005040000852B0100D3
:10E6B000080400003536010030030000A9350100D0
:10E6C000100100002D2C0100011200004D3D010041
:10E6D0000A1E0000D5900200030900003532010037
:10E6E000040B0000452D0100060A0000813F0100D7
:10E6F000070A0000FD2B01000C050000C92B0100DA
:10E70000050C0000BD3E0100D4E5020018E7020040
:10E710004700000000000000BC900020CA1F03005A
:10E72000D71F0300F71F0300EB1F030002200300A5
:10E730001920030029200300752503003D20030054
:10E74000D4E5020050E702000000000000000000D5
:10E75000DC910020D4E5020064E702004A000000DA
:10E760000000000004920020CD9502000D960200EA
:10E77000000000000000000000000000A96C010083
:10E780000000000000000000000000000000000089
:10E7900002020100519B0200040401009177010074
:10E7A00006060100D176010008040100BD750100D4
:10E7B0000A020100399B02000C040100219B0200A7
:10E7C0000E04010099740100200401000574010089
:10E7D000100401001573010012020100A39A020047
:10E7E0001E000400999E020052020000C99A020015
:10E7F000D4E5020000E802004C0000000000000028
:10E800005C9300202CED0200F7A002000000000045
:10E8100028ED02000000010024ED020093A2020096
:10E8200000000000F0090020000001001CED0200C3
:10E8300000000000000000000000000000000000D8
:10E8400018ED0200C9A0020051890100F80900205A
:10E850000000030014ED020093A20200000000007B
:10E86000E8090020000001000CED02002FA10200C9
:10E87000758A0100000000000000030008ED02009E
:10E8800093A2020000000000E00900200000010047
:10E8900000ED02006990010000000000000000008F
:10E8A00000000100DDA4010023A902000DB0010059
:10E8B000000000000000000091AC0100000000001A
:10E8C0000000000000000000000000000000000048
:10E8D0000000000065A6010006000000A7A60200D7
:10E8E0000600000045A2010010000000B99E0100D2
:10E8F00010000000ADAF01000100000037A50200CC
:10E9000010000000A3A602000A00000079A5010083
:10E910001000000075AD010007000000ABA602006A
:10E9200010000000E9A502000100000019A4010088
:10E930004000000047A602001000000001A60200EF
:10E940000100000085BB010075BC01000000000053
:10E950000DBE010025BD0100B93203000FAB02005E
:10E960000BAB0200BF3203001000000001FF0000EB
:10E97000FD000000001000001F00000000A010506B
:10E98000480800200000000000000000FFFFFF0317
:10E9900000820D50B80800200000000001000000B7
:10E9A000004010500200000000000000D4E9020006
:10E9B00000C201000000D60100000000000000407D
:10E9C00000100000683A0020633A0020623A0020FC
:10E9D000613A002000401050E0E902000100000010
:10E9E000E8E902000400000000000000020000024C
:10E9F000010600010306000368D3020018000000AE
:10EA000068D302000A00000068D302001900000069
:10EA100068D302001600000068D302001500110040
:10EA200068D302000900110068D302000800110039
:10EA30004CD302000400110055D9010055B2020068
:10EA400083B2020008000000020000000400000081
:10EA500001000000514803005F48030073480300B1
:10EA6000824803008E48030068D2020078D2020078
:10EA7000D0D20200D8D2020028D3020030D3020044
:10EA8000704C0300000100008813000027D1020031
:10EA90000001010000020200001400000028000034
:10EAA0000040000001000000020000000F00000014
:10EAB0001000000010000000200000001000000006
:10EAC00010000000C8EA0200110000001128000038
:10EAD00011080000010000000000100020000000EC
:10EAE00081580300C0000000ECEA020000000000B2
:10EAF0000000000000000000000000000000000016
:10EB000004EB02000F000000000000000000000005
:10EB1000060000000000000030000000C0000000FF
:10EB2000180000003100000000000000300000006C
:10EB3000E00000001C0000003900000000000000A0
:10EB40003000000000010000200000004100000033
:10EB5000000000003000000040010000280000001C
:10EB600051000000000000003000000080010000A3
:10EB700030000000610000000000000030000000D4
:10EB800000020000400000008100000000000000C2
:10EB900017000000C0000000180000003100000055
:10EBA0000000000017000000E10000001D00000050
:10EBB0003B00000000000000170000000001000002
:10EBC00020000000410000000000000012000000D2
:10EBD000C00000001800000031000000010000002B
:10EBE00012000000E00000001C00000039000000DE
:10EBF00001000000120000000001000020000000E1
:10EC0000410000000100000012000000400100006F
:10EC10002800000051000000010000001200000068
:10EC200080010000300000006100000001000000D1
:10EC300012000000090200004200000085000000F0
:10EC40000100000041000000FF0000002000000063
:10EC5000200000000000000041000000C001000092
:10EC600038000000380000000000000042000000F2
:10EC7000FF00000020000000200000000000000055
:10EC800042000000C001000039000000390000000F
:10EC90000000000098EC02002600001000000000B8
:10ECA000003000000C00000000000000B0EC02008A
:10ECB00022000010000C0000003100000C000000D9
:10ECC000000000030000042A0000042A00000328BA
:10ECD0000000012A0000012A000003280000002A89
:10ECE0000000002A0000032800000018000000288F
:10ECF000000003280000022900000328000000286B
:10ED000000002A2B00002A2B000003280000292BDA
:10ED10000000292B00000328000002290000052A1A
:10ED20000000052A00000328000001180000002848
:10ED30004E6F742061626C6520746F20616C6C6F23
:10ED4000636174652055415254207265636569762C
:10ED50006520627566666572007075626C69630035
:10ED600072616E646F6D007075626C69632D6964A9
:10ED70000072616E646F6D2D696400253032583AFF
:10ED8000253032583A253032583A253032583A2513
:10ED90003032583A253032582028257329005365DF
:10EDA000637572697479206368616E6765643A207F
:10EDB0002573206C6576656C202575005365637539
:10EDC00072697479206661696C65643A20257320E4
:10EDD0006C6576656C20257520657272202564202F
:10EDE00025730050616972696E67206661696C65A0
:10EDF0006420636F6E6E3A2025732C2072656173F8
:10EE00006F6E2025642025730050616972696E67FA
:10EE100020636F6D706C657465643A2025732C20D7
:10EE2000626F6E6465643A20256400506173736B91
:10EE3000657920666F722025733A2025303675007B
:10EE4000446973636F6E6E65637465643A202573FD
:10EE50002C20726561736F6E2030782530327820F7
:10EE6000257300507265737320427574746F6E2041
:10EE70003020746F20636F6E6669726D2C2042754E
:10EE800074746F6E203120746F2072656A656374CC
:10EE90002E00436F6E6E656374696F6E20666169E4
:10EEA0006C65642C206572722030782530327820B1
:10EEB000257300436F6E6E6563746564202573006F
:10EEC00050616972696E672063616E63656C6C6521
:10EED000643A202573005265636569766564206431
:10EEE0006174612066726F6D3A202573004E6F74F5
:10EEF0002061626C6520746F20616C6C6F6361745B
:10EF00006520554152542073656E642064617461BC
:10EF100020627566666572004661696C656420747E
:10EF20006F2073656E642064617461206F76657212
:10EF30002055415254004661696C656420746F200D
:10EF400073656E642064617461206F76657220421F
:10EF50004C4520636F6E6E656374696F6E00436F1E
:10EF60006E6E656374696F6E206F626A656374208C
:10EF7000617661696C61626C652066726F6D20708C
:10EF8000726576696F757320636F6E6E2E204469AB
:10EF900073636F6E6E65637420697320636F6D7049
:10EFA0006C65746521004E756D65726963204D61F5
:10EFB0007463682C20636F6E6E202570004E756D33
:10EFC000657269632052656A6563742C20636F6E95
:10EFD0006E202570004164766572746973696E678E
:10EFE000206661696C656420746F2073746172744B
:10EFF0002028657272202564290041647665727448
:10F000006973696E67207375636365737366756C86
:10F010006C7920737461727465640043616E6E6F05
:10F020007420696E697420627574746F6E73202821
:10F030006572723A202564290043616E6E6F7420F8
:10F04000696E6974204C45447320286572723A20B9
:10F050002564290043616E6E6F7420696E6974695E
:10F06000616C697A6520554152542063616C6C6211
:10F0700061636B005374617274696E67204E6F72C6
:10F0800064696320554152542073657276696365E3
:10F090002073616D706C650D0A0043616E6E6F7454
:10F0A00020646973706C61792077656C636F6D653E
:10F0B000206D65737361676520286572723A20253B
:10F0C00064290043616E6E6F7420656E61626C65C9
:10F0D000207561727420726563657074696F6E204B
:10F0E000286572723A20256429004661696C65645E
:10F0F00020746F207265676973746572206175741E
:10F10000686F72697A6174696F6E2063616C6C629A
:10F1100061636B732E20286572723A202564290082
:10F120004661696C656420746F20726567697374E9
:10F13000657220617574686F72697A6174696F6E47
:10F1400020696E666F2063616C6C6261636B732E05
:10F1500020286572723A2025642900426C75657416
:10F160006F6F746820696E697469616C697A65642F
:10F17000004661696C656420746F20696E6974690A
:10F18000616C697A652055415254207365727669C5
:10F19000636520286572723A2025642900626C65D7
:10F1A0005F77726974655F7468726561645F6964D2
:10F1B000004E6F726469635F554152545F536572CC
:10F1C00076696365007065726970686572616C5F0D
:10F1D00075617274006865617020636F727275701A
:10F1E00074696F6E202866726565206C697374207F
:10F1F0006C696E6B61676529006865617020636F7B
:10F200007272757074696F6E20286672656520630E
:10F2100068756E6B206C696E6B6167652900686547
:10F22000617020636F7272757074696F6E20286EE2
:10F230006F7420696E207573653F292061742025E5
:10F2400070006865617020636F7272757074696FA9
:10F250006E2028627566666572206F766572666CD0
:10F260006F773F29206174202570006865617020E8
:10F27000636F7272757074696F6E20286C65667446
:10F28000206E65696768626F723F2920617420256E
:10F2900070006865617020636F7272757074696F59
:10F2A0006E2028646F75626C6520667265653F2903
:10F2B000206174202570002E2E2F2E2E2F2E2E2F03
:10F2C0002E2E2F2E2E2F2E2E2F2E2E2F2E2E2F2E59
:10F2D0002E2F7A65706879722F6C69622F6865616C
:10F2E000702F686561702E630028616C69676E20FD
:10F2F000262028616C69676E202D20312929203D48
:10F300003D203000415353455254494F4E20464111
:10F31000494C205B25735D20402025733A25640A03
:10F320000009616C69676E206D75737420626520D9
:10F330006120706F776572206F6620320A006279F3
:10F34000746573202F203855203C3D203078376677
:10F350006666550009686561702073697A65206981
:10F360007320746F6F206269670A00627974657335
:10F37000203E20686561705F666F6F7465725F62C2
:10F380007974657328627974657329000968656109
:10F39000702073697A6520697320746F6F20736DB4
:10F3A000616C6C0A00686561705F737A203E20634F
:10F3B00068756E6B737A2873697A656F66287374E3
:10F3C00072756374207A5F686561702929006368CB
:10F3D000756E6B305F73697A65202B206D696E5F87
:10F3E0006368756E6B5F73697A65286829203C3D98
:10F3F00020686561705F737A006F735F6865617024
:10F40000002E2E2F2E2E2F2E2E2F2E2E2F2E2E2F45
:10F410002E2E2F2E2E2F2E2E2F2E2E2F7A65706809
:10F4200079722F6C69622F6F732F63627072696ECD
:10F4300074665F7061636B616765642E6300095376
:10F440007472696E67207769746820746F6F206DBD
:10F45000616E7920617267756D656E74730A00095B
:10F460007374725F7074725F706F735B5D20746F22
:10F470006F20736D616C6C0A0009746F6F206D6191
:10F480006E7920666F726D617420617267730A0015
:10F49000696E5F7061636B6167656420213D202840
:10F4A00028766F6964202A2930290028756E7369CF
:10F4B000676E6564292063686172202A2075736510
:10F4C0006420666F722025257020617267756D65F6
:10F4D0006E742E2049742773207265636F6D6D659D
:10F4E0006E64656420746F20636173742069742096
:10F4F000746F20766F6964202A206265636175737A
:10F5000065206974206D6179206361757365206D74
:10F5100069736265686176696F7220696E206365E0
:10F52000727461696E20636F6E666967757261746B
:10F53000696F6E732E20537472696E673A22257359
:10F540002220617267756D656E743A25640073637D
:10F5500070795F636E74203C2073697A656F6628EA
:10F560006370795F7374725F706F7329006B656588
:10F57000705F636E74203C2073697A656F66286BD8
:10F580006565705F7374725F706F7329006362707A
:10F5900072696E74665F7061636B616765002E2EC1
:10F5A0002F2E2E2F2E2E2F2E2E2F2E2E2F2E2E2F75
:10F5B0002E2E2F2E2E2F2E2E2F7A65706879722FD9
:10F5C000696E636C7564652F7A65706879722F6BEC
:10F5D00065726E656C2E6800216B5F69735F707277
:10F5E000655F6B65726E656C282900096B5F6375DA
:10F5F0007272656E745F6765742063616C6C6564BC
:10F60000207072652D6B65726E656C0A002E2E2F50
:10F610002E2E2F2E2E2F2E2E2F2E2E2F2E2E2F2E05
:10F620002E2F2E2E2F2E2E2F7A65706879722F6C2A
:10F6300069622F6F732F6D7073635F706275662ED2
:10F6400063002E2E2F2E2E2F2E2E2F2E2E2F2E2ECF
:10F650002F2E2E2F2E2E2F2E2E2F2E2E2F7A657000
:10F660006879722F696E636C7564652F7A6570684E
:10F6700079722F7370696E6C6F636B2E68007A5F9E
:10F680007370696E5F6C6F636B5F76616C69642821
:10F690006C290009496E76616C6964207370696E2B
:10F6A0006C6F636B2025700A007A5F7370696E5F00
:10F6B000756E6C6F636B5F76616C6964286C290092
:10F6C000094E6F74206D79207370696E6C6F636B77
:10F6D0002025700A007379735F6765746F7074001A
:10F6E0002E2E2F2E2E2F2E2E2F2E2E2F2E2E2F2E35
:10F6F0002E2F2E2E2F2E2E2F2E2E2F7A65706879DC
:10F70000722F6C69622F7574696C732F6F6E6F66E0
:10F71000662E63007374617465203D3D2030550092
:10F72000217379735F736C6973745F69735F656D5F
:10F7300070747928266D67722D3E636C69656E74EE
:10F740007329007472616E73697420213D2028282A
:10F75000766F6964202A29302900737461746520EA
:10F760003D3D202831554C203C3C202831292900A2
:10F770006D67722D3E72656673203D3D20300073CB
:10F7800074617465203D3D202831554C203C3C205F
:10F7900028302929002E2E2F2E2E2F2E2E2F2E2EC2
:10F7A0002F2E2E2F2E2E2F2E2E2F2E2E2F2E2E2F73
:10F7B0007A65706879722F6C69622F7574696C73E1
:10F7C0002F6E6F746966792E63005A4D532056650B
:10F7D0007273696F6E206973206E6F742073757019
:10F7E000706F72746564004E6F2076616C6964207E
:10F7F000656D7074792041544520666F756E642084
:10F80000696E20746865206C61737420736563741D
:10F810006F72004E6F20474320446F6E65206D610C
:10F82000726B657220666F756E643A2072657374D0
:10F83000617274696E6720676300474320446F6E8E
:10F8400065206D61726B657220666F756E6400492C
:10F850006E76616C696420667300436F756C64201A
:10F860006E6F74206F627461696E20666C6173687C
:10F8700020706172616D657465727300556E737589
:10F8800070706F7274656420777269746520626C41
:10F890006F636B2073697A6500496E76616C696489
:10F8A00020736563746F722073697A652C207368A6
:10F8B0006F756C64206265206174206C656173747F
:10F8C00020257A7500436F6E666967757261746989
:10F8D0006F6E206572726F72202D20736563746F76
:10F8E0007220636F756E742062656C6F77206D692E
:10F8F0006E696D756D20726571756972656D656E85
:10F90000742028322900257520536563746F727343
:10F91000206F6620257520627974657300616C6CB8
:10F920006F63207772613A20256C6C752C20256CF2
:10F930006C780064617461207772613A20256C6C88
:10F94000752C20256C6C78005A4D5320696E6974B3
:10F95000206661696C656420282564292C207769FC
:10F9600070696E6720706172746974696F6E007A75
:10F970006D73206E6F7420696E697469616C697A49
:10F980006564004661696C656420746F20636C6F08
:10F9900073652074686520736563746F722C2072C0
:10F9A000657475726E6564203D2025640047617240
:10F9B0006261676520636F6C6C656374696F6E204C
:10F9C0006661696C65642C2072657475726E65641D
:10F9D000203D2025640066735F7A6D73002E2E2F04
:10F9E0002E2E2F2E2E2F2E2E2F2E2E2F2E2E2F2E32
:10F9F0002E2F2E2E2F2E2E2F7A65706879722F695A
:10FA00006E636C7564652F7A65706879722F6C6FA0
:10FA10006767696E672F6C6F675F6261636B656EA6
:10FA2000642E68006261636B656E6420213D20284E
:10FA300028766F6964202A293029006C6F6767690E
:10FA40006E67002E2E2F2E2E2F2E2E2F2E2E2F2E87
:10FA50002E2F2E2E2F2E2E2F2E2E2F2E2E2F7A653E
:10FA6000706879722F7375627379732F6C6F676723
:10FA7000696E672F6C6F675F636F72652E63006CD2
:10FA80006F675F6261636B656E645F636F756E74F1
:10FA90005F6765742829203C2028283332202F20D6
:10FAA000335529202D202831202B20302929006290
:10FAB00061636B656E64203C3D205F6C6F675F62C5
:10FAC00061636B656E645F6C6973745F656E64001F
:10FAD00009756E6578706563746564206C6973740C
:10FAE00020656E64206C6F636174696F6E0A006CD0
:10FAF0006F675F6261636B656E645F636F756E7481
:10FB00005F6765742829203E2030006C6F67006CA9
:10FB10006F675F6D676D74004D6573736167652016
:10FB20002822257322292064726F70706564206218
:10FB300065636175736520697420657863656564C4
:10FB4000732073697A65206C696D69746174696F7B
:10FB50006E2028257529002E2E2F2E2E2F2E2E2F8B
:10FB60002E2E2F2E2E2F2E2E2F2E2E2F2E2E2F2EB0
:10FB70002E2F7A65706879722F7375627379732F7F
:10FB80006C6F6767696E672F6C6F675F6D73672E49
:10FB900063006C656E203E3D2030002E2E2F2E2EF1
:10FBA0002F2E2E2F2E2E2F2E2E2F2E2E2F2E2E2F6F
:10FBB0002E2E2F2E2E2F7A65706879722F73756214
:10FBC0007379732F6C6F6767696E672F6C6F675FF0
:10FBD0006F75747075742E63006F75745F637478DD
:10FBE0002D3E636F6E74726F6C5F626C6F636B2D12
:10FBF0003E6F6666736574203C3D206F75745F636D
:10FC000074782D3E73697A65001B5B306D006C65FE
:10FC100076656C203C3D203400257320005B253048
:10FC2000386C755D20005B253032753A25303275B1
:10FC30003A253032752E253033752C253033755DDD
:10FC400020003C25733E200025732F0025733A20A9
:10FC500000657272203E3D20300025303278200051
:10FC6000202020007C002563001B5B313B33316D7D
:10FC7000001B5B313B33336D006572720077726E2F
:10FC800000696E6600646267006C6F675F62616343
:10FC90006B656E645F727474002E2E2F2E2E2F2EC5
:10FCA0002E2F2E2E2F2E2E2F2E2E2F2E2E2F2E2E6F
:10FCB0002F2E2E2F7A65706879722F737562737983
:10FCC000732F73657474696E67732F7372632F7308
:10FCD000657474696E67732E63006368203C3D2011
:10FCE0005F73657474696E67735F68616E646C6579
:10FCF000725F7374617469635F6C6973745F656E5E
:10FD000064007365742D76616C7565206661696C3D
:10FD10007572652E206B65793A20257320657272A5
:10FD20006F7228256429002E2E2F2E2E2F2E2E2F77
:10FD30002E2E2F2E2E2F2E2E2F2E2E2F2E2E2F2EDE
:10FD40002E2F7A65706879722F7375627379732FAD
:10FD500073657474696E67732F7372632F73657440
:10FD600074696E67735F7A6D732E63007263203CF3
:10FD70002073697A656F662872646E616D6529000B
:10FD80004D6178696D756D206861736820636F6C73
:10FD90006C6973696F6E7320726561636865640076
:10FDA0004C696E6B6564206C69737420666F722099
:10FDB0006861736865732069732062726F6B656E2A
:10FDC0002C20547279696E6720746F207265636F9E
:10FDD000766572002A2A2A20426F6F74696E672046
:10FDE0004D79204170706C69636174696F6E207623
:10FDF000332E332E39392D663632643665636631DB
:10FE0000623135202A2A2A0A002A2A2A20557369B3
:10FE10006E67206E524620436F6E6E65637420538A
:10FE2000444B2076332E352E302D70726576696501
:10FE300077312D663632643665636631623135203E
:10FE40002A2A2A0A002A2A2A205573696E67205A0C
:10FE50006570687972204F532076342E342E302D01
:10FE6000623166643037353566633865202A2A2A60
:10FE70000A0062745F6E75730072302F61313A2030
:10FE800020307825303878202072312F61323A20A6
:10FE900020307825303878202072322F61333A2094
:10FEA000203078253038780072332F61343A2020A2
:10FEB000307825303878207231322F69703A20201E
:10FEC000307825303878207231342F6C723A202007
:10FED0003078253038780020787073723A202030DE
:10FEE0007825303878004661756C74696E672069D2
:10FEF0006E737472756374696F6E20616464726589
:10FF0000737320287231352F7063293A2030782599
:10FF100030387800556E68616E646C6564204952B3
:10FF2000516E3A202564002A2A2A2A2A2055534154
:10FF30004745204641554C54202A2A2A2A2A002087
:10FF4000204469766973696F6E206279207A6572E0
:10FF50006F002020556E616C69676E6564206D6569
:10FF60006D6F727920616363657373002020537431
:10FF700061636B206F766572666C6F772028636FA4
:10FF80006E746578742061726561206E6F7420767E
:10FF9000616C6964290020204E6F20636F70726F5E
:10FFA000636573736F7220696E73747275637469BD
:10FFB0006F6E73002020496C6C6567616C206C6FFC
:10FFC0006164206F66204558435F52455455524E38
:10FFD00020696E746F205043002020496C6C656767
:10FFE000616C20757365206F6620746865204550CC
:10FFF0005352002020417474656D707420746F201A
:020000023000CC
:100000006578656375746520756E646566696E658F
:100010006420696E737472756374696F6E002A2A46
:100020002A2A2A204D5055204641554C54202A2A30
:100030002A2A2A002020537461636B696E67206549
:1000400072726F722028636F6E74657874206172AB
:100050006561206D69676874206265206E6F742029
:1000600076616C696429002020556E737461636B3E
:10007000696E67206572726F72002020446174613E
:10008000204163636573732056696F6C6174696F97
:100090006E0020204D4D46415220416464726573CC
:1000A000733A2030782578002020496E7374727579
:1000B0006374696F6E204163636573732056696F63
:1000C0006C6174696F6E002020466C6F6174696E9C
:1000D000672D706F696E74206C617A79207374611A
:1000E000746520707265736572766174696F6E20D5
:1000F0006572726F72002E2E2F2E2E2F2E2E2F2E07
:100100002E2F2E2E2F2E2E2F2E2E2F2E2E2F2E2E0A
:100110002F7A65706879722F617263682F61726DD2
:100120002F636F72652F636F727465785F6D2F66D2
:1001300061756C742E6300212828285343425F5454
:10014000797065202A2920282830784530303045BC
:10015000303030554C29202B203078304430305509
:100160004C2920292D3E4346535220262028315524
:100170004C203C3C20283055202B2034552929295F
:100180000009537461636B696E67206F722044616C
:100190007461204163636573732056696F6C617489
:1001A000696F6E206572726F7220776974686F75FF
:1001B0007420737461636B2067756172642C2075A1
:1001C0007365722D6D6F6465206F72206E756C6C37
:1001D0002D706F696E7465722064657465637469EF
:1001E0006F6E0A0A002A2A2A2A2A204255532046DC
:1001F00041554C54202A2A2A2A2A0020205374616F
:10020000636B696E67206572726F72002020507296
:10021000656369736520646174612062757320652C
:1002200072726F7200202042464152204164647213
:100230006573733A2030782578002020496D7072FC
:1002400065636973652064617461206275732065FC
:1002500072726F72002020496E73747275637469D4
:100260006F6E20627573206572726F7200526573D3
:10027000657276656420457863657074696F6E2079
:10028000280053707572696F757320696E7465729A
:100290007275707420284952512000535053454CB8
:1002A00020696E20746872656164206D6F646520DA
:1002B000646F6573206E6F7420696E646963617426
:1002C00065205053500065736620213D2028287614
:1002D0006F6964202A293029000945534620636F3D
:1002E000756C64206E6F742062652072657472692B
:1002F00065766564207375636365737366756C6C8E
:10030000792E205368616C6C206E65766572206F63
:10031000636375722E0A002A2A2A2A2A204841522B
:1003200044204641554C54202A2A2A2A2A002020BB
:10033000427573206661756C74206F6E20766563FC
:10034000746F72207461626C652072656164002054
:10035000204465627567206576656E7400202046CE
:1003600061756C7420657363616C6174696F6E2074
:10037000287365652062656C6F7729004152434898
:100380005F45584345505420776974682072656111
:10039000736F6E2025780A00094661756C742065BC
:1003A0007363616C6174696F6E20776974686F75CF
:1003B000742046535220696E666F0A0009486172C4
:1003C000644661756C7420776974686F7574204831
:1003D00046535220696E666F205368616C6C206EC4
:1003E00065766572206F636375720A002A2A2A2A6D
:1003F0002A204465627567206D6F6E69746F722084
:10040000657863657074696F6E202A2A2A2A2A002B
:100410002A2A2A2A2A20257320256429202A2A2AE2
:100420002A2A002E2E2F2E2E2F2E2E2F2E2E2F2E1E
:100430002E2F2E2E2F2E2E2F2E2E2F2E2E2F7A6554
:10044000706879722F617263682F61726D2F636FAC
:1004500072652F636F727465785F6D2F6972715F5B
:100460006D616E6167652E63007072696F203C3D3F
:1004700020282831554C203C3C2028332929202D88
:100480002031290009696E76616C69642070726997
:100490006F7269747920256420666F72202564204C
:1004A000697271212076616C756573206D75737446
:1004B000206265206C657373207468616E20256C02
:1004C000750A0A006D7075004661696C6564207478
:1004D0006F20616C6C6F63617465206E6577204D71
:1004E000505520726567696F6E2025750A0050614E
:1004F00072746974696F6E2025753A20636F686540
:1005000072656E636520636865636B206661696C04
:1005100065642E00496E76616C696420756E646551
:10052000726C79696E6720726567696F6E20696E9B
:10053000646578202575002E2E2F2E2E2F2E2E2F1F
:100540002E2E2F2E2E2F2E2E2F2E2E2F2E2E2F2EC6
:100550002E2F7A65706879722F617263682F6172CD
:100560006D2F636F72652F6D70752F61726D5F6D8A
:1005700070752E630009436F6E6669677572696EE8
:100580006720257520737461746963204D50552070
:10059000726567696F6E73206661696C65640A0ACB
:1005A00000094D61726B696E672025752061726567
:1005B000617320666F722064796E616D6963207269
:1005C0006567696F6E73206661696C65640A0A000D
:1005D000095265717565737420746F20636F6E6660
:1005E00069677572653A20257520726567696F6E57
:1005F000732028737570706F727465643A20257566
:10060000290A0A002128726567696F6E5B69647840
:100610005D2E64745F617474722026202831554CFD
:10062000203C3C202830292929000952414D5F4EA9
:100630004F434143484520776974682044545F4DD7
:10064000454D5F434143484541424C4520617474E8
:100650007269627574650A0A00094661696C6564AD
:1006600020746F20616C6C6F63617465204D505510
:1006700020726567696F6E732066726F6D204454D7
:100680000A0A00464C4153485F30005352414D5FC7
:1006900030002E2E2F2E2E2F2E2E2F2E2E2F2E2EA2
:1006A0002F2E2E2F2E2E2F2E2E2F2E2E2F7A6570A0
:1006B0006879722F6C69622F6C6962632F7069634D
:1006C0006F6C6962632F6173736572742E6300656A
:1006D000786974002E2E2F2E2E2F2E2E2F2E2E2F99
:1006E0002E2E2F2E2E2F2E2E2F2E2E2F2E2E2F7AD9
:1006F00065706879722F6C69622F6E65745F6275C0
:10070000662F6275662E63006275662D3E667261A5
:100710006773203D3D202828766F6964202A2930A0
:1007200029007265715F73697A65203C3D207369A9
:100730007A65006275662D3E7265660009627566AF
:1007400020257020646F75626C6520667265650A8D
:100750000066726167006E65745F627566002E2EBA
:100760002F2E2E2F2E2E2F2E2E2F2E2E2F2E2E2FA3
:100770002E2E2F2E2E2F2E2E2F7A65706879722F07
:100780006C69622F6E65745F6275662F6275665F55
:1007900073696D706C652E63006275662D3E6C65C5
:1007A0006E203D3D203055006E65745F6275665F5A
:1007B00073696D706C655F7461696C726F6F6D28C1
:1007C00062756629203E3D206C656E006275662D5F
:1007D0003E6C656E203E3D206C656E006E65745FFC
:1007E0006275665F73696D706C655F686561647280
:1007F0006F6F6D2862756629203E3D206C656E0026
:100800006E65745F6275665F73696D706C650073A9
:100810006F630062745F72706100496E7375666623
:10082000696369656E74206E756D626572206F66AE
:1008300020617267756D656E74730049676E6F72C3
:10084000696E67206964656E746974696573207385
:10085000746F72656420696E20666C61736800490C
:100860006E76616C6964206C656E677468204944BB
:10087000206164647265737320696E2073746F7293
:100880006167650062742F25732F2530327825301B
:10089000327825303278253032782530327825305C
:1008A000327825752F25730062742F25732F25301C
:1008B000327825303278253032782530327825303C
:1008C00032782530327825750073657474696E67E7
:1008D000735F7375627379735F696E6974206661A3
:1008E000696C656420286572722025642900627431
:1008F0002F2573004661696C656420746F207361F5
:1009000076652049442028657272202564290055A7
:100910006E61626C6520746F207365747570206100
:100920006E206964656E74697479206164647265AF
:1009300073730062740062745F73657474696E67C8
:1009400073004254204C57205751002E2E2F2E2E2C
:100950002F2E2E2F2E2E2F2E2E2F2E2E2F2E2E2FB1
:100960002E2E2F2E2E2F7A65706879722F696E6366
:100970006C7564652F7A65706879722F7379732F3F
:10098000627974656F726465722E680028287073CE
:100990007263203C207064737420262620287073B4
:1009A0007263202B206C656E67746829203C3D20A3
:1009B0007064737429207C7C202870737263203EDD
:1009C0002070647374202626202870647374202B92
:1009D000206C656E67746829203C3D2070737263DB
:1009E00029290009536F7572636520616E64206464
:1009F000657374696E6174696F6E20627566666591
:100A00007273206D757374206E6F74206F766572CB
:100A10006C61700A002E2E2F2E2E2F2E2E2F2E2E92
:100A20002F2E2E2F2E2E2F2E2E2F2E2E2F2E2E2FE0
:100A30007A65706879722F7375627379732F626C3F
:100A40007565746F6F74682F686F73742F62756645
:100A50002E630074797065203D3D2042545F4255FD
:100A6000465F455654207C7C2074797065203D3D5E
:100A70002042545F4255465F41434C5F494E207CC3
:100A80007C2074797065203D3D2042545F4255467C
:100A90005F49534F5F494E0009496E76616C696446
:100AA0002062756666657220747970652072657162
:100AB0007565737465640A002E2E2F2E2E2F2E2E30
:100AC0002F2E2E2F2E2E2F2E2E2F2E2E2F2E2E2F40
:100AD0002E2E2F7A65706879722F696E636C75643B
:100AE000652F7A65706879722F626C7565746F6FA7
:100AF00074682F6275662E68006D6574612D3E7096
:100B00006172656E740076696577006E65745F6208
:100B100075665F68656164726F6F6D28706172657C
:100B20006E7429203E2030002162745F6275665F1A
:100B30006861735F7669657728706172656E742984
:100B40000062745F6275660062745F646174610064
:100B50004461746120627566666572206F766572A5
:100B6000666C6F7720286C696E6B207479706520D5
:100B70003078253032782900556E61626C652074BA
:100B80006F206C6F6F6B20757020636F6E6E2077B7
:100B90006974682068616E646C6520257500556E07
:100BA00061626C6520746F206C6F6F6B7570206371
:100BB0006F6E6E20666F722068616E646C652025B2
:100BC00075004861726477617265206572726F7238
:100BD0002C20686172647761726520636F64653A86
:100BE00020256400436F756C64206E6F74207375EC
:100BF000626D69742072785F776F726B3A2025643A
:100C000000556E61626C6520746F20616C6C6F635F
:100C10006174652062756666657200556E68616E06
:100C2000646C6564206576656E742030782530329A
:100C300078206C656E2025753A20257300546F6FFF
:100C400020736D616C6C2028257520627974657342
:100C500029206576656E7420307825303278004919
:100C60006E76616C696420484349206576656E74D0
:100C70002073697A65202825752900496E76616C94
:100C80006964204C45206D657461206576656E74DD
:100C90002073697A652028257529002E2E2F2E2E87
:100CA0002F2E2E2F2E2E2F2E2E2F2E2E2F2E2E2F5E
:100CB0002E2E2F2E2E2F7A65706879722F73756203
:100CC0007379732F626C7565746F6F74682F686FBA
:100CD00073742F6863695F636F72652E6300657656
:100CE000745F666C6167732026202831554C203C68
:100CF0003C202830292900496E76616C69642062A5
:100D00007566207479706520257500496E76616C72
:100D10006964204843492041434C207061636B65FE
:100D2000742073697A6520282575290041434C2079
:100D300064617461206C656E677468206D69736DA1
:100D4000617463682028257520213D2025752900C0
:100D5000556E61626C6520746F2066696E642063F5
:100D60006F6E6E20666F722068616E646C65202500
:100D7000750062745F6863695F6576745F67657448
:100D80005F666C616773286864722D3E65767429AE
:100D90002026202831554C203C3C20283129290090
:100DA000556E6B6E6F776E20627566207479706514
:100DB00020257500556E68616E646C6564207665EB
:100DC0006E646F722D737065636966696320657602
:100DD000656E7420307825303278206C656E202561
:100DE000753A202573004E6F20636F6D6D616E64E0
:100DF0002073656E7420666F7220636D6420636F6C
:100E00006D706C65746520307825303478004F70D3
:100E1000436F64652030782530347820636F6D70BF
:100E20006C6574656420696E7374656164206F66B7
:100E30002065787065637465642030782530347877
:100E4000002162756600696E74657276616C20655A
:100E5000786365656473207468652076616C696485
:100E60002072616E6765202575207573006C617452
:100E7000656E637920657863656564732074686561
:100E80002076616C69642072616E67652030782518
:100E900030347800737570765F74696D656F757442
:100EA0002065786365656473207468652076616C7D
:100EB00069642072616E676520307825303478006F
:100EC0004E6F2070656E64696E6720706572697020
:100ED000686572616C20636F6E6E656374696F6EB6
:100EE00000556E6578706563746564207374617411
:100EF000757320307825303278202573006576743C
:100F0000206E756D5F68616E646C657320283D2589
:100F1000752920746F6F206C617267652028257AAF
:100F200075203E20257529004E6F20636F6E6E651B
:100F30006374696F6E20666F722068616E646C65A1
:100F4000202575007061636B65747320636F756E27
:100F500074206D69736D617463680061746F6D698D
:100F6000635F6765742826636F6E6E2D3E696E5FE2
:100F70006C6C29004661696C656420746F20736530
:100F8000742072657175697265642073656375722A
:100F9000697479206C6576656C004E6F20636861BA
:100FA0006E676520746F20656E6372797074696F07
:100FB0006E2073746174652028656E637279707435
:100FC000203078253032782900756E6B6E6F776E21
:100FD000005B305D00484349207472616E73706F2E
:100FE00072743A20257300534443004964656E745B
:100FF00069747925733A202573004964656E7469B4
:1010000074795B25645D3A202573004843493A2092
:1010100076657273696F6E202573202830782530CD
:10102000327829207265766973696F6E2030782571
:101030003034782C206D616E7566616374757265ED
:101040007220307825303478004C4D503A20766547
:101050007273696F6E2025732028307825303278BE
:1010600029207375627665722030782530347800D7
:101070004E6F20494420616464726573732E204171
:101080007070206D7573742063616C6C207365746F
:1010900074696E67735F6C6F616428290009256449
:1010A0000A00556E61626C6520746F2073656E6412
:1010B00020746F20647269766572202865727220D0
:1010C0002564290009436F6E74726F6C6C65722021
:1010D000756E726573706F6E736976652C20636FC1
:1010E0006D6D616E64206F70636F6465203078256C
:1010F0003034782074696D656F7574207769746811
:10110000206572722025640A006F70636F64652029
:10111000307825303478207374617475732030789A
:1011200025303278202573004661696C656420742F
:101130006F207265616420444C45206D61782064A5
:10114000617461206C656E0074785F6F63746574A0
:1011500073206578636565647320746865207661C3
:101160006C69642072616E67652025750074785F14
:1011700074696D652065786365656473207468655E
:101180002076616C69642072616E67652025750048
:101190006576742D3E737461747573203D3D203007
:1011A000783030004E6F2070656E64696E67206322
:1011B0006F6E6E20666F72207065657220257300F9
:1011C0004E6F6E2D4C452063617061626C652063CB
:1011D0006F6E74726F6C6C65722064657465637495
:1011E000656421004E756D206F6620436F6E7472CA
:1011F0006F6C6C657227732041434C207061636B88
:1012000065747320213D2041434C2062745F636FFD
:101210006E6E5F747820636F6E74657874732028C7
:10122000257520213D202575290041434C2042523F
:101230002F4544522062756666657273206E6F7426
:1012400020696E697469616C697A65640056656EBF
:10125000646F722048434920657874656E73696FC6
:101260006E73206E6F7420617661696C61626C656B
:1012700000485720506C6174666F726D3A20257378
:10128000202830782530347829004857205661725C
:1012900069616E743A2025732028307825303478BF
:1012A00029004669726D776172653A20257320289E
:1012B000307825303278292056657273696F6E2038
:1012C00025752E2575204275696C642025750046AC
:1012D00061696C656420746F207265616420737548
:1012E00070706F727465642076656E646F722063CF
:1012F0006F6D6D616E6473004661696C6564207426
:101300006F207265616420737570706F72746564AC
:101310002076656E646F72206665617475726573A0
:101320000048434920647269766572206973206EB3
:101330006F742072656164790042542052582057BE
:10134000510048434920647269766572206F706568
:101350006E206661696C65642028256429004F75DC
:1013600074206F6620636F6D6D616E6420627566B8
:101370006665727300556E65787065637465642088
:10138000484F53545F4E554D5F434F4D504C45545D
:1013900045445F5041434B4554532C207374617452
:1013A00075732030782530327820257300556E63B0
:1013B0006C65617265642070656E64696E67207328
:1013C000656E745F636D6400312E306200312E31C2
:1013D00000312E3200322E3000322E3100332E30CA
:1013E00000342E3000342E3100342E3200352E30B1
:1013F00000352E3100352E3200352E3300352E3497
:1014000000362E3000362E3100362E3200362E3386
:10141000005374616E6461726420426C7565746F10
:101420006F746820636F6E74726F6C6C65720056B7
:10143000656E646F722073706563696669632063AB
:101440006F6E74726F6C6C6572004669726D776155
:101450007265206C6F6164657200526573637565B7
:1014600020696D61676500726573657276656400F9
:101470006E5246353178006E5246353278006E52E3
:1014800046353378006E524635344878006E524601
:1014900035344C7800496E74656C20436F72706F00
:1014A000726174696F6E004E6F7264696320536578
:1014B0006D69636F6E647563746F72004E5850206F
:1014C00053656D69636F6E647563746F7273004505
:1014D00073707265737369662053797374656D7385
:1014E0000062745F6863695F636F726500636D6457
:1014F00020646973616C6C6F776564002E2E2F2EEB
:101500002E2F2E2E2F2E2E2F2E2E2F2E2E2F2E2EF6
:101510002F2E2E2F2E2E2F7A65706879722F7375CD
:10152000627379732F626C7565746F6F74682F685E
:101530006F73742F69642E6300636F6E666C6963EA
:101540007420213D202828766F6964202A293029BB
:1015500000636F6E666C6963742D3E63616E6469CF
:101560006461746520213D202828766F6964202AF3
:10157000293029007265736964656E7420213D20ED
:101580002828766F6964202A2930290028636F6E25
:10159000666C6963742D3E63616E64696461746531
:1015A0002D3E737461746520262042545F4B45596B
:1015B000535F49445F414444454429203D3D203028
:1015C000004661696C656420746F206469736162B0
:1015D0006C652061646472657373207265736F6CEF
:1015E0007574696F6E005265736F6C76696E6720F3
:1015F0006C6973742073697A6520657863656564C6
:1016000065642E20537769746368696E6720746F10
:1016100020686F73742E004661696C656420746F76
:1016200020636C656172207265736F6C7574696F8D
:101630006E206C697374004661696C656420746F18
:10164000206164642049524B20746F20636F6E7474
:10165000726F6C6C6572005365742070726976618C
:101660006379206D6F646520636F6D6D616E6420BA
:101670006973206E6F7420737570706F7274656417
:10168000004661696C656420746F20736574207016
:10169000726976616379206D6F64650062745F645E
:1016A00065762E6C652E726C5F656E7472696573FB
:1016B000203E20300044697361626C696E6720616E
:1016C000646472657373207265736F6C7574696F8F
:1016D0006E206661696C65642028657272202564DD
:1016E00029004661696C656420746F2072656D6FB6
:1016F00076652049524B2066726F6D20636F6E7461
:10170000726F6C6C6572004F6E6C792072616E64E2
:101710006F6D20737461746963206964656E7469A8
:101720007479206164647265737320737570706F6F
:101730007274656400496E76616C696420696E70CC
:10174000757420706172616D6574657273004661B5
:10175000696C656420746F207265616420707562C5
:101760006C696320616464726573730052656164BF
:101770002053746174696320416464726573736596
:101780007320636F6D6D616E64206E6F742061767F
:1017900061696C61626C65004661696C65642074A6
:1017A0006F20726561642073746174696320616481
:1017B00064726573736573004E6F2073746174692E
:1017C00063206164647265737365732073746F72F0
:1017D000656420696E20636F6E74726F6C6C6572E5
:1017E0000043616E27742073657420626F746820F3
:1017F0004944454E544954592026204E52504100E8
:1018000062745F696400546F6F206269672061646D
:10181000766572746973696E6720646174610046ED
:1018200061696C656420746F2073746172742061E7
:10183000647665727469736572004661696C65648B
:1018400020746F2073746F702061647665727469A0
:1018500073696E673A2025640062745F6164760084
:101860004661696C656420746F2067656E6572619E
:10187000746520454343206B6579202564004661EB
:10188000696C656420746F206578706F7274204590
:101890004343207075626C6963206B657920256411
:1018A000004661696C656420746F206578706F72A2
:1018B00074204543432070726976617465206B65BE
:1018C00079202564004661696C656420746F20642A
:1018D000657374726F7920454343206B65792049A5
:1018E00044202564004661696C656420746F20693A
:1018F0006D706F727420746865207072697661749F
:1019000065206B657920666F72206B657920616751
:101910007265656D656E7420256400526177206B79
:1019200065792061677265656D656E7420666169B1
:101930006C6564202564004661696C656420746F81
:101940002064657374726F7920746865206B6579A3
:10195000202564007073615F696D706F72745F6BD6
:10196000657928292072657475726E6564207374B8
:1019700061747573202564004275737920706572F7
:10198000666F726D696E6720616E6F746865722034
:1019900045434448206F7065726174696F6E0062E0
:1019A000745F656363002E2E2F2E2E2F2E2E2F2E6A
:1019B0002E2F2E2E2F2E2E2F2E2E2F2E2E2F2E2E42
:1019C0002F7A65706879722F7375627379732F62DD
:1019D0006C7565746F6F74682F686F73742F636FA5
:1019E0006E6E2E63006362203C3D205F62745F6315
:1019F0006F6E6E5F63625F6C6973745F656E6400C7
:101A000069735F61636C5F636F6E6E28636F6E6E88
:101A100029004661696C65642072656164207265A5
:101A20006D6F746520666561747572657320282515
:101A300064290050485920307825303278206E6F64
:101A40007420737570706F72746564004661696CA0
:101A5000656420746F207365742064617461206C08
:101A6000656E2028256429006B5F63757272656E50
:101A7000745F6765742829203D3D206B5F776F7226
:101A80006B5F71756575655F7468726561645F67CA
:101A900065742874785F6E6F746966795F776F72AA
:101AA0006B71756575655F67657428292900096321
:101AB0006F756C646E2774207375626D697420286D
:101AC000657272202564290A00556E657870656319
:101AD000746564206669727374204C3243415020EF
:101AE0006672616D6500556E6578706563746564D6
:101AF000204C3243415020636F6E74696E7561747F
:101B0000696F6E004E6F7420656E6F756768206236
:101B1000756666657220737061636520666F7220FA
:101B20004C32434150206461746100556E65787099
:101B300065637465642041434C20666C6167732063
:101B400028307825303278290041434C206C656E6E
:101B5000206D69736D6174636820282575203E20AF
:101B60002575290009496E76616C696420636F6E82
:101B70006E656374696F6E207265666572656E630B
:101B8000650A006F6C64203E20300009436F6E6E62
:101B9000207265666572656E636520636F756E742D
:101BA000657220697320300A0021636F6E6E5F7466
:101BB000785F69735F70656E64696E670009747839
:101BC0005F636F6D706C6574655F776F726B2069B2
:101BD000732070656E64696E67207768656E206338
:101BE0006F6E6E206973206465616C6C6F636174E5
:101BF00065640A0028756E6B6E6F776E29006E6FD4
:101C0000207472616E736974696F6E202573004968
:101C10006E76616C69642028257529206F6C6420BC
:101C2000737461746500636F6E6E20257020666149
:101C3000696C656420746F2065737461626C69738C
:101C4000682E205246206E6F6973653F006E6F20CC
:101C500076616C6964202825752920737461746528
:101C6000207761732073657400696E636F6D7061B6
:101C70007469626C652068616E646C65202575000E
:101C80002828636F6E6E2920262620282875696E05
:101C9000747074725F74292861636C5F636F6E6E19
:101CA000732929203C3D20282875696E7470747250
:101CB0005F742928636F6E6E292920262620282824
:101CC00075696E747074725F742928636F6E6E2903
:101CD00029203C20282875696E747074725F7429FD
:101CE00028262861636C5F636F6E6E73295B2828FA
:101CF00073697A655F7429282828696E7429736965
:101D00007A656F6628636861725B31202D20283206
:101D1000202A202128215F5F6275696C74696E5FDB
:101D200074797065735F636F6D70617469626C65FF
:101D30005F70285F5F747970656F665F5F286163AD
:101D40006C5F636F6E6E73292C205F5F74797065B2
:101D50006F665F5F28262861636C5F636F6E6E73CA
:101D6000295B305D292929295D29202D2031292051
:101D70002B202873697A656F662861636C5F636FD7
:101D80006E6E7329202F2073697A656F662828612B
:101D9000636C5F636F6E6E73295B305D292929293F
:101DA0005D29292026262028282875696E747074DC
:101DB000725F742928636F6E6E2929202D202828D0
:101DC00075696E747074725F74292861636C5F63E7
:101DD0006F6E6E7329292920252073697A656F66D5
:101DE000282861636C5F636F6E6E73295B305D29B9
:101DF000203D3D2030290009496E76616C696420E0
:101E000062745F636F6E6E20706F696E7465720AC4
:101E100000216B5F69735F696E5F697372282900C7
:101E200054696D656F75742064697363617264656C
:101E3000642E204E6F20626C6F636B696E67206941
:101E40006E2073797377712E0009496E76616C6923
:101E50006420636F6E6E20747970652025750A00AA
:101E6000746D7020213D20636F6E6E007072657618
:101E700020213D2026636F6E6E2D3E5F636F6E6E78
:101E80005F726561647900094E6F20636F6E7472D2
:101E90006F6C6C657220627566730A00094E6F2064
:101EA000545820636F6E746578740A0030207C7C0F
:101EB00020286275662D3E726566203D3D203129E1
:101EC000207C7C20286275662D3E726566203D3D33
:101ED000203229002162745F6275665F6861735FFA
:101EE00076696577286F7574736964652900667211
:101EF000616720213D202828766F6964202A2930D7
:101F0000290009496E76616C696420636F6E6E65A5
:101F10006374696F6E20747970652025750A0046B8
:101F20006174616C206572726F7220282564292E9D
:101F300020446973636F6E6E656374696E672025F4
:101F40007000466F756E642076616C696420636F03
:101F50006E6E656374696F6E20282570292077691D
:101F60007468206164647265737320257320696EE0
:101F7000202573207374617465200053656E64209E
:101F80004C4520706172616D2075706461746520CC
:101F90006661696C65642028657272202564290079
:101FA00053656E64206175746F204C4520706172BA
:101FB000616D20757064617465206661696C65642B
:101FC00020286572722025642900646973636F6E2E
:101FD0006E656374656400646973636F6E6E6563D8
:101FE000742D636F6D706C657465007363616E2D25
:101FF0006265666F72652D696E6974696174696E78
:102000006700696E6974696174696E672D66696CD1
:102010007465722D6C697374006164762D636F6EE4
:102020006E65637461626C65006164762D646972CB
:102030002D636F6E6E65637461626C6500646973B5
:10204000636F6E6E656374696E670062745F636F61
:102050006E6E002E2E2F2E2E2F2E2E2F2E2E2F2E4A
:102060002E2F2E2E2F2E2E2F2E2E2F2E2E2F7A6508
:10207000706879722F7375627379732F626C7565EE
:10208000746F6F74682F686F73742F6C3263617034
:102090002E630073203D3D20266C655F6368616E92
:1020A0002D3E5F7064755F726561647900556E6185
:1020B000626C6520746F20616C6C6F636174652065
:1020C00062756666657220666F72206F7020307868
:1020D00025303278004E6F20617661696C61626CE8
:1020E00065204C3243415020636F6E7465787420D4
:1020F000666F7220636F6E6E202570004578706584
:102100006374696E6720757020746F202564207277
:102110006566732C20676F7420256400636F6E6E94
:102120002D3E7374617465203D3D2042545F434FE2
:102130004E4E5F434F4E4E454354454400616C72D2
:102140006561647920686176652076696577206FBE
:102150006E202570006669666F5F706475203D3D76
:10216000207064750028666368616E2D3E63696443
:10217000203E3D20307830303031202626206663E6
:1021800068616E2D3E636964203C3D2030783030BC
:102190003366290009434944202575206973206E60
:1021A0006F7420696E2074686520666978656420A4
:1021B0006368616E6E656C2072616E67650A0063AC
:1021C00068616E203D3D202828766F6964202A29A9
:1021D000302900094669786564206368616E6E6520
:1021E0006C20776974682043494420257520616C10
:1021F0007265616479206578697374730A00666337
:1022000068616E203C3D205F62745F6C3263617078
:102210005F66697865645F6368616E5F6C6973743B
:102220005F656E64004C32434150206C656E67748C
:1022300068206D69736D617463682028257520219D
:102240003D2025752900496E76616C6964206964BA
:10225000656E742076616C756520696E204C324322
:1022600041502050445500496E76616C6964204CA1
:102270004520636F6E6E20706172616D20727370A5
:102280002073697A652028257520213D20257A75DF
:10229000290052656A656374696E6720756E6B6E9E
:1022A0006F776E204C324341502050445520636F6D
:1022B00064652030782530327800546F6F20736D5C
:1022C000616C6C204C32434150207369676E616CC5
:1022D000696E672050445500546F6F20736D616CB8
:1022E0006C204C3243415020504455207265636548
:1022F000697665640049676E6F72696E6720646114
:10230000746120666F7220756E6B6E6F776E2063DE
:1023100068616E6E656C20494420307825303478D1
:1023200000636F6E6669670062745F6C3263617030
:10233000004661696C656420746F207375626D6915
:1023400074206174745F74785F64657374726F79FC
:102350005F776F726B3A202564002E2E2F2E2E2F62
:102360002E2E2F2E2E2F2E2E2F2E2E2F2E2E2F2E88
:102370002E2F2E2E2F7A65706879722F73756273E7
:1023800079732F626C7565746F6F74682F686F73E3
:10239000742F6174742E63006E65745F6275665F7E
:1023A000706F6F6C5F676574286275662D3E706F25
:1023B0006F6C5F696429203D3D20266174745F70F5
:1023C0006F6F6C00415454206368616E6E656C20C1
:1023D0006E6F7420636F6E6E656374656400627502
:1023E000662D3E6C656E203E3D2073697A656F6692
:1023F000287374727563742062745F6174745F68AB
:10240000647229004572726F72207369676E696E1B
:102410006720646174610052616E206F7574206F73
:10242000662054582062756666657273206F72204C
:10243000636F6E74657874732E00556E61626C659F
:1024400020746F20637265617465206572722072FA
:1024500073702050445500415454204D545520650C
:10246000786365656465642C206D61782025752C22
:102470002077616E74656420257A7500556E6162FF
:102480006C6520746F20637265617465207273706F
:102490002050445500546F6F20736D616C6C204167
:1024A0005454205044552072656365697665640014
:1024B000556E68616E646C65642041545420636F8E
:1024C00064652030782530327800496E76616C6919
:1024D00064206C656E20257520666F7220636F64C2
:1024E000652030782530327800556E61626C652049
:1024F000746F2063726561746520555549443A20B4
:1025000073697A6520257500556E61626C6520746B
:102510006F2063726561746520555549443A207394
:10252000697A65202564004E6F20617661696C616F
:10253000626C652041545420636F6E74657874201A
:10254000666F7220636F6E6E202570004E6F206183
:102550007661696C61626C652041545420636861E6
:102560006E6E656C20666F7220636F6E6E202570D4
:10257000004E6F7420636F6E6E6563746564005502
:102580006E61626C6520746F2066696E64204154D0
:1025900054206368616E6E656C00476F74206572CD
:1025A000722025642C206E6F742063616C6C696EE0
:1025B00067204154542063620009556E6B6E6F773B
:1025C0006E206F7020747970652030782530325815
:1025D0000A004661696C656420746F2072652D7312
:1025E00075626D69742025733A202564004E6F2052
:1025F000415454206368616E6E656C20666F722072
:102600004D545520257A75004E6F2070656E6469B3
:102610006E6720415454207265717565737400446F
:102620006973636F6E6E656374696E672066616956
:102630006C65642028657272202564290041545419
:102640002054696D656F757420666F7220646576BD
:102650006963652025732E20446973636F6E6E6510
:102660006374696E672E2E2E00556E61626C652054
:10267000746F20637265617465207265747279206D
:102680005044552028257529007265710062745FD9
:1026900061747400434D414320757064617465201A
:1026A0006661696C6564202564004661696C6564D7
:1026B00020746F206465636F64652076616C756556
:1026C000202865727220257A6429004661696C654C
:1026D0006420746F20736176652044617461626167
:1026E000736520486173682028657272202564290B
:1026F000002E2E2F2E2E2F2E2E2F2E2E2F2E2E2F23
:102700002E2E2F2E2E2F2E2E2F2E2E2F7A657068E6
:1027100079722F7375627379732F626C7565746F3C
:102720006F74682F686F73742F676174742E630001
:10273000656C20213D202828766F6964202A293085
:1027400029000943616E2774207361766520434632
:10275000202F2043434320746F20666C6173680A06
:10276000006661696C656420746F2073746F7265B4
:1027700020534320286572722025642900756E61FC
:10278000626C6520746F20736176652053433A2034
:102790006E6F20636667206C65667400546F6F20EF
:1027A0006D616E7920436C69656E74204368617257
:1027B0006163746572697374696320436F6E6669DF
:1027C0006775726174696F6E2E2053656520434F83
:1027D0004E4649475F42545F53455454494E475310
:1027E0005F4343435F53544F52455F4D41580A0086
:1027F000496E76616C6964206B6579006661696C0D
:10280000656420746F2064656C6574652053432093
:10281000286572722025642900556E61626C6520FE
:10282000746F206465636F646520616464726573AE
:102830007320257300496E76616C6964206C6F6348
:10284000616C206964656E7469747920256C75000B
:10285000556E61626C6520746F20726573746F725F
:10286000652053433A206E6F20636667206C65666F
:1028700074004E6F20737061636520746F207374F1
:102880006F72652043434320636667004E6F207379
:102890007061636520746F2073746F726520436C80
:1028A00069656E7420537570706F7274656420462C
:1028B0006561747572657300556E61626C65207434
:1028C0006F20726573746F72652043463A206E6F95
:1028D00020636667206C656674004368616E676597
:1028E0002D617761726520737461747573206E6FEA
:1028F0007420666F756E6420696E207365747469E8
:102900006E67732C2064656661756C74696E6720F0
:10291000706565722073746174757320746F2063C1
:1029200068616E67652D756E6177617265005265CD
:102930006164206261636B20626164206368616E20
:1029400067652D61776172652076616C75653A20E7
:10295000307825782C2064656661756C74696E67C3
:1029600020706565722073746174757320746F20B4
:102970006368616E67652D756E617761726500468B
:1029800061696C656420746F2073746F7265204395
:102990006C69656E74204665617475726573202874
:1029A00065727220256429007374617469635F73B2
:1029B0007663203C3D205F62745F676174745F736F
:1029C0006572766963655F7374617469635F6C696E
:1029D00073745F656E6400556E61626C6520746F20
:1029E00020696D706F727420746865206B65792042
:1029F000666F722041455320434D414320256400BA
:102A0000434D4143206F7065726174696F6E206938
:102A10006E6974206661696C656420256400434DAD
:102A200041432066696E697368206661696C6564FC
:102A30002025640062742F636363004661696C65DE
:102A40006420746F2073746F726520434343732056
:102A500028657272202564290009696E76616C69A7
:102A60006420706172616D657465720A0A00617438
:102A700074720052656164206D6574686F64206EC5
:102A80006F7420736574004661696C656420746FAF
:102A90002072656164206174747269627574652066
:102AA0002570202865727220257A642900496E7687
:102AB000616C69642072656164206C656E6774681E
:102AC0003A20257A6400094E6F206D6F726520618F
:102AD0007474726962757465730A0A007061726158
:102AE0006D730009696E76616C6964207061726152
:102AF0006D65746572730A0A00706172616D732D81
:102B00003E61747472207C7C20706172616D732DE3
:102B10003E75756964002161746F6D69635F7465EA
:102B200073745F6269742873632D3E666C616773AA
:102B30002C2053435F494E4449434154455F50451F
:102B40004E44494E47290009496E646963617465C2
:102B500020616C72656164792070656E64696E676E
:102B60000A00434343202570206E6F7420777269FA
:102B70007461626C6500534320726573746F726593
:102B800020696E6469636174696F6E206661696C47
:102B90006564004661696C656420746F20736574B8
:102BA00020736563757269747920666F7220626F35
:102BB0006E64656420706565722028256429006252
:102BC000742F686173680062742F63660062742FEB
:102BD00073630062745F6761747400556E61626C48
:102BE0006520746F2066696E6420534D50206368C1
:102BF000616E6E656C005075626C6963206B6579FF
:102C0000206E6F7420617661696C61626C6500464C
:102C100061696C656420746F2067656E65726174AC
:102C2000652044484B65790043616C63756C617441
:102C30006520636F6E6669726D206661696C65649C
:102C400000556E6B6E6F776E2070616972696E678A
:102C5000206D6574686F6420282575290043616CB8
:102C600063756C617465204C544B206661696C65BA
:102C7000640043616C63756C617465206C6F6361A3
:102C80006C2044484B657920636865636B206661FE
:102C9000696C65640043616C63756C617465207276
:102CA000656D6F74652044484B6579206368656382
:102CB0006B206661696C65640052656D6F74652098
:102CC0007075626C6963206B65792072656A6563F3
:102CD0007465640052656D6F746520697320757347
:102CE000696E67204465627567205075626C696320
:102CF000206B657900526563656976656420696E4D
:102D000076616C6964207075626C6963206B6579AB
:102D1000004E6F20617661696C61626C6520534D75
:102D20005020636F6E7465787420666F7220636FD5
:102D30006E6E20257000556E61626C6520746F2088
:102D4000676574206B65797320666F722025730048
:102D50002E2E2F2E2E2F2E2E2F2E2E2F2E2E2F2E8E
:102D60002E2F2E2E2F2E2E2F2E2E2F7A6570687935
:102D7000722F7375627379732F626C7565746F6FE0
:102D800074682F686F73742F736D702E63005075A5
:102D9000626C6963206B65792072652D67656E656D
:102DA000726174696F6E20726571756573742066E7
:102DB00061696C65642028256429006D75746578E7
:102DC0005F657272203D3D2030005075626C696312
:102DD000206B65792067656E65726174696F6E201E
:102DE00074696D656F75740054686520696E2D7027
:102DF000726F67726573732070616972696E6720A4
:102E0000686173206265656E2064656C65746564D5
:102E10002100534D5020646F6573206E6F742061E4
:102E20006C6C6F7720612070616972696E672066D3
:102E300061696C75726520617420746869732070B3
:102E40006F696E742E204B6E6F776E206973737589
:102E5000652E20446973636F6E6E656374696E6777
:102E600020696E73746561642E00546F6F20736DFA
:102E7000616C6C20534D5020504455207265636541
:102E80006976656400534D5020636F6D6D616E64AB
:102E90002028636F646520307825303278292072CD
:102EA000656365697665642061667465722074691E
:102EB0006D656F757400526563656976656420722F
:102EC0006573657276656420534D5020636F646549
:102ED0002030782530327800556E68616E646C65FC
:102EE0006420534D5020636F646520307825303264
:102EF0007800556E657870656374656420534D5035
:102F000020636F64652030782530327800496E7612
:102F1000616C6964206964656E74697479202573D5
:102F2000002128736D702D3E72656D6F74655F644E
:102F30006973742026203078303229005265667516
:102F400073696E67206E65772070616972696E675C
:102F50002E20546865206F6C6420626F6E64206D53
:102F600075737420626520756E7061697265642086
:102F700066697273742E002162745F69645F6669AA
:102F80006E645F636F6E666C696374286E65775FED
:102F9000626F6E642C2030290070616972696E67FF
:102FA000206661696C6564202870656572207265B1
:102FB00061736F6E203078257829004E6F206B6525
:102FC000797320737061636520666F7220257300CA
:102FD000534D502054696D656F75742028666C617F
:102FE00067733A30782530387820616C6C6F77657C
:102FF000645F636D64733A307825303878290062F5
:10300000745F736D70002E2E2F2E2E2F2E2E2F2ECE
:103010002E2F2E2E2F2E2E2F2E2E2F2E2E2F2E2ECB
:103020002F7A65706879722F7375627379732F6266
:103030006C7565746F6F74682F686F73742F6B6530
:1030400079732E63006B65797320213D20282876E3
:103050006F6964202A293029006164647220213D4F
:10306000202828766F6964202A2930290066756E29
:103070006320213D202828766F6964202A29302981
:10308000004661696C656420746F2072656164201C
:1030900076616C7565202865727220257A64290036
:1030A000556E61626C6520746F2066696E64206481
:1030B000656C65746564206B65797320666F72203A
:1030C0002573004661696C656420746F20616C6CC7
:1030D0006F63617465206B65797320666F7220255C
:1030E0007300496E76616C6964206B6579206C654C
:1030F0006E67746820257A6420213D20257A75004A
:1031000044726F7070696E67206B65797320666FAB
:10311000722025732C206E6F205343204C544B009B
:1031200053746F726564206B65797320666F7220CB
:10313000257320646F206E6F74206D617463682046
:1031400063757272656E7420636F6E666967206660
:103150006C616773206F722076657273696F6E00A1
:10316000546865206B65797320666F722025732023
:1031700061726520646F776E677261646564207444
:103180006F20756E61757468656E746963617465CE
:10319000642061732074686579206E6F206C6F6E97
:1031A000676572206D6565742061757468656E74FD
:1031B00069636174696F6E20726571756972656D9E
:1031C000656E7473004661696C656420746F20736A
:1031D000617665206B65797320286572722025649D
:1031E000290062742F6B6579730062745F6B657977
:1031F000730062745F63727970746F004661696C0A
:10320000656420746F20696D706F7274204145533E
:10321000206B6579202564004661696C65642074C3
:103220006F20636F6D70757465204D414320256478
:103230000063616368655F6E726678002E2E2F2EC4
:103240002E2F2E2E2F2E2E2F2E2E2F2E2E2F2E2E99
:103250002F2E2E2F2E2E2F7A65706879722F647282
:1032600069766572732F636C6F636B5F636F6E74E7
:10327000726F6C2F636C6F636B5F636F6E74726FD2
:103280006C5F6E72662E630074797065203C20431B
:103290004C4F434B5F434F4E54524F4C5F4E524640
:1032A0005F545950455F434F554E5400636C6F63F4
:1032B0006B40313065303030006866636C6B006C99
:1032C00066636C6B00636C6F636B5F636F6E7472CD
:1032D0006F6C007073612D726E67007272616D2D7C
:1032E000636F6E74726F6C6C65724035303034652C
:1032F00030303000666C6173685F6E72665F727248
:10330000616D002E2E2F2E2E2F2E2E2F2E2E2F2E95
:103310002E2F2E2E2F2E2E2F2E2E2F2E2E2F7A6545
:10332000706879722F696E636C7564652F7A657049
:103330006879722F647269766572732F6770696F2E
:103340002F6770696F5F7574696C732E6800094E22
:103350006F2063616C6C6261636B210A0063616C56
:103360006C6261636B2D3E68616E646C657200090E
:103370004E6F2063616C6C6261636B2068616E6488
:103380006C6572210A002E2E2F2E2E2F2E2E2F2E00
:103390002E2F2E2E2F2E2E2F2E2E2F2E2E2F2E2E48
:1033A0002F6D6F64756C65732F68616C2F6E6F7213
:1033B0006469632F6E7266782F68616C2F6E726617
:1033C0005F6770696F2E68006E72665F6770696F05
:1033D0005F70696E5F70726573656E745F63686558
:1033E000636B282A705F70696E29002E2E2F2E2E97
:1033F0002F2E2E2F2E2E2F2E2E2F2E2E2F2E2E2FE7
:103400002E2E2F2E2E2F7A65706879722F64726996
:10341000766572732F6770696F2F6770696F5F6E63
:103420007266782E630063622D3E68616E646C651F
:1034300072006770696F4031306130303000677002
:10344000696F406438323030002E2E2F2E2E2F2EF2
:103450002E2F2E2E2F2E2E2F2E2E2F2E2E2F2E2E87
:103460002F2E2E2F7A65706879722F6472697665B7
:1034700072732F73657269616C2F756172745F6E00
:103480007266785F75617274652E63000954582006
:103490006F6E6C7920554152544520696E7374618A
:1034A0006E63650A006E72665F75617274655F6552
:1034B00076656E745F636865636B287561727465A9
:1034C0002C204E52465F55415254455F4556454E5D
:1034D000545F454E44525829007561727440313032
:1034E0003430303000756172745F6E7266785F756B
:1034F00061727465002E2E2F2E2E2F2E2E2F2E2E23
:103500002F2E2E2F2E2E2F2E2E2F2E2E2F2E2E2FD5
:103510007A65706879722F696E636C7564652F7A4D
:1035200065706879722F647269766572732F67703F
:10353000696F2E680028666C616773202620282832
:1035400031554C203C3C202832312929207C202830
:1035500031554C203C3C202832322929207C20281F
:1035600031554C203C3C202832332929207C20280E
:1035700031554C203C3C202832342929207C2028FD
:1035800031554C203C3C202832352929207C2028EC
:1035900031554C203C3C2028323629292929203D10
:1035A0003D20300009496E74657272757074206632
:1035B0006C61677320617265206E6F742073757023
:1035C000706F727465640A0028666C6167732026E8
:1035D00020282831203C3C203429207C2028312000
:1035E0003C3C203529292920213D20282831203C18
:1035F0003C203429207C202831203C3C20352929BE
:10360000000950756C6C20557020616E64205075F7
:103610006C6C20446F776E2073686F756C64206EDD
:103620006F7420626520656E61626C6564207369E9
:103630006D756C74616E656F75736C790A00212805
:1036400028666C6167732026202831554C203C3C4D
:1036500020283136292929202626202128666C6138
:1036600067732026202831554C203C3C20283137D8
:103670002929292026262028666C616773202620A8
:103680002831203C3C20312929290009496E7075D8
:10369000742063616E6E6F7420626520656E616276
:1036A0006C656420666F7220274F70656E204472CF
:1036B00061696E272C20274F70656E20536F7572DD
:1036C000636527206D6F64657320776974686F7513
:1036D00074204F75747075740A0028666C61677386
:1036E0002026202831203C3C2031292920213D2042
:1036F00030207C7C2028666C61677320262028316E
:10370000203C3C20322929203D3D20300028666C99
:10371000616773202620282831554C203C3C202806
:1037200031382929207C202831554C203C3C202848
:10373000313929292929203D3D2030207C7C202831
:10374000666C6167732026202831554C203C3C2054
:1037500028313729292920213D203000094F75744F
:10376000707574206E6565647320746F20626520C7
:10377000656E61626C656420746F20626520696E9D
:10378000697469616C697A6564206C6F77206F7207
:1037900020686967680A0028666C616773202620C4
:1037A000282831554C203C3C202831382929207CC0
:1037B000202831554C203C3C202831392929292901
:1037C00020213D20282831554C203C3C20283138F0
:1037D0002929207C202831554C203C3C2028313997
:1037E00029292900094F75747075742063616E6E04
:1037F0006F7420626520696E697469616C697A65AD
:1038000064206C6F7720616E6420686967680A00C5
:10381000286366672D3E706F72745F70696E5F6DAE
:1038200061736B202620286770696F5F706F7274F8
:103830005F70696E735F74292831554C203C3C20C1
:103840002870696E29292920213D2030550009550D
:103850006E737570706F727465642070696E0A00A3
:1038600028666C616773202620282831554C203C3F
:103870003C202832312929207C202831554C203CFD
:103880003C202832322929292920213D202828318D
:10389000554C203C3C202832312929207C202831DD
:1038A000554C203C3C20283232292929000943610B
:1038B0006E6E6F7420626F746820656E61626C65F5
:1038C00020616E642064697361626C6520696E7446
:1038D000657272757074730A0028666C6167732074
:1038E0002620282831554C203C3C202832312929DB
:1038F000207C202831554C203C3C2028323229297C
:10390000292920213D20305500094D75737420650B
:10391000697468657220656E61626C65206F7220E3
:1039200064697361626C6520696E7465727275702A
:1039300074730A002828666C61677320262028317A
:10394000554C203C3C20283232292929203D3D205D
:103950003029207C7C202828666C61677320262013
:103960002831554C203C3C2028323429292920215B
:103970003D203029207C7C202828666C61677320DC
:103980002620282831554C203C3C20283235292936
:10399000207C202831554C203C3C202832362929D7
:1039A000292920213D20282831554C203C3C202825
:1039B00032352929207C202831554C203C3C2028B8
:1039C00032362929292900094F6E6C79206F6E65DE
:1039D000206F66204750494F5F494E545F4C4F5708
:1039E0005F302C204750494F5F494E545F4849474C
:1039F000485F312063616E20626520656E61626C94
:103A0000656420666F722061206C6576656C206944
:103A10006E746572727570742E0A002828666C6167
:103A200067732026202831554C203C3C2028323218
:103A3000292929203D3D203029207C7C202828660A
:103A40006C616773202620282831554C203C3C208F
:103A50002832352929207C202831554C203C3C2017
:103A60002832362929292920213D203029207C7C13
:103A70002028666C616773202620302920213D2094
:103A80003000094174206C65617374206F6E65208D
:103A90006F66204750494F5F494E545F4C4F575F08
:103AA000302C204750494F5F494E545F48494748A2
:103AB0005F312068617320746F20626520656E61DC
:103AC000626C65642E0A004750494F2049525120CC
:103AD000636F6E666967206661696C65642C20653A
:103AE00072723A202564004C454420696E64657802
:103AF000206F7574206F66207468652072616E6730
:103B000065004661696C65642064697361626C6913
:103B10006E6720696E7465727275707473004361AC
:103B20006E6E6F742072656164206770696F2070BB
:103B3000696E0043616E6E6F7420777269746520E0
:103B40004C4544206770696F0043616E6E6F74204E
:103B500064697361626C652063616C6C6261636B44
:103B6000730043616E6E6F7420656E61626C6520D8
:103B700063616C6C6261636B730043616E6E6F7442
:103B800020636F6E666967757265204C45442067D7
:103B900070696F0043616E6E6F7420636F6E66694B
:103BA0006775726520627574746F6E206770696FD7
:103BB0000043616E6E6F742064697361626C65208E
:103BC00063616C6C6261636B7328290043616E6E84
:103BD0006F74206164642063616C6C6261636B006C
:103BE000646B5F627574746F6E735F616E645F6C3B
:103BF000656473002E2E2F2E2E2F2E2E2F2E2E2F5D
:103C00002E2E2F2E2E2F2E2E2F2E2E2F2E2E2F6E8F
:103C100072662F7375627379732F626C7565746F3A
:103C20006F74682F636F6E74726F6C6C65722F683F
:103C300063695F6472697665722E630009536F660B
:103C40007444657669636520436F6E74726F6C6C43
:103C50006572204153534552543A2025732C202538
:103C6000640A0A002E2E2F2E2E2F2E2E2F2E2E2FB0
:103C70002E2E2F2E2E2F2E2E2F2E2E2F2E2E2F7A13
:103C800065706879722F696E636C7564652F7A65EB
:103C9000706879722F647269766572732F656E74BD
:103CA000726F70792E68006170692D3E6765745F70
:103CB000656E74726F707920213D202828766F69B7
:103CC00064202A293029000943616C6C6261636BAE
:103CD00020706F696E7465722073686F756C6420F4
:103CE0006E6F74206265204E554C4C0A0009546872
:103CF0006520656E74726F707920736F757263657D
:103D00002072657475726E656420616E20657272D2
:103D10006F7220696E206120626C6F636B696E67E1
:103D20002063616C6C0A002E2E2F2E2E2F2E2E2F2C
:103D30002E2E2F2E2E2F2E2E2F2E2E2F2E2E2F2E9E
:103D40002E2F6E72662F696E636C7564652F6D70B1
:103D5000736C2F6D70736C5F776F726B2E680009D8
:103D60006B5F776F726B5F7375626D69745F746F91
:103D70005F71756575652829206661696C65642EBB
:103D80000A00536F667444657669636520436F6EFD
:103D900074726F6C6C6572206275696C64207265F8
:103DA000766973696F6E3A2000456E74726F707930
:103DB00020736F7572636520646576696365206E34
:103DC0006F74207265616479004661696C65642076
:103DD000746F2072656769737465722072616E64B6
:103DE00020736F75726365202825642900416C6C0F
:103DF0006F6361746564206D656D6F727920746F97
:103E00006F206C6F773A20257A75203C202575004D
:103E10004576656E742062756666657220746F6F94
:103E200020736D616C6C2E20257A75203E202575DF
:103E300000556E6578706563746564206D73675FA7
:103E4000747970653A2025752E205468697320694D
:103E5000662D656C7365206E656564732061206EE8
:103E60006577206272616E636800556E6B6E6F7766
:103E70006E206572726F72207768656E2070726F47
:103E800063657373696E6720686369206D6573731A
:103E90006167652025640062745F6863695F7364AD
:103EA000630062745F7364635F6863695F6472690F
:103EB0007665720062745F7364635F6372797074B5
:103EC0006F002E2E2F2E2E2F2E2E2F2E2E2F2E2EFB
:103ED0002F2E2E2F2E2E2F2E2E2F2E2E2F6E726641
:103EE0002F7375627379732F6D70736C2F696E69A0
:103EF000742F6D70736C5F696E69742E6300094D69
:103F000050534C204153534552543A2025732C2092
:103F100025640A0A00657272636F6465203D3D2066
:103F20003000096B5F776F726B5F736368656475F0
:103F30006C655F666F725F717565756528292066AF
:103F400061696C65642E0A004D50534C20576F72A6
:103F50006B006D70736C5F696E6974004846584FF2
:103F6000206661696C75726500436C6F636B2063DA
:103F700074726C207265717565737400436C6F6345
:103F80006B206374726C2072656C6561736500559B
:103F90006E737570706F72746564204846434C4B45
:103FA000206576656E743A202564002E2E2F2E2E05
:103FB0002F2E2E2F2E2E2F2E2E2F2E2E2F2E2E2F1B
:103FC0002E2E2F2E2E2F6E72662F647269766572DA
:103FD000732F6D70736C2F636C6F636B5F636F6EA9
:103FE00074726F6C2F6E7266785F636C6F636B5F59
:103FF0006D70736C2E6300094E6F74207375707052
:104000006F727465640A006E7266785F636C6F63CA
:104010006B5F6D70736C002E2E2F2E2E2F2E2E2F79
:104020002E2E2F2E2E2F2E2E2F2E2E2F2E2E2F2EAB
:104030002E2F6E72662F647269766572732F6D70A3
:10404000736C2F666C6173685F73796E632F666C37
:104050006173685F73796E635F6D70736C2E63005C
:1040600073657373696F6E5F6964203D3D205F63A4
:104070006F6E746578742E73657373696F6E5F69A4
:104080006400726574203D3D203000096D70736CD2
:104090005F74696D65736C6F745F7265717565735C
:1040A00074206661696C65643A2025640A000975AC
:1040B0006E6578706563746564207369676E616CA2
:1040C0003A2025750A006D70736C5F74696D6573B5
:1040D0006C6F745F73657373696F6E5F6F70656E1D
:1040E000206661696C65643A202564006B5F7365C6
:1040F0006D5F636F756E745F67657428265F636FAD
:104100006E746578742E74696D656F75745F736510
:104110006D29203D3D203000666C6173685F7379C6
:104120006E635F6D70736C002E2E2F2E2E2F2E2E31
:104130002F2E2E2F2E2E2F2E2E2F2E2E2F2E2E2F99
:104140002E2E2F6D6F64756C65732F68616C2F6EEA
:104150006F726469632F6E7266782F647269766518
:1041600072732F7372632F6E7266785F6770696FF8
:1041700074652E63002E2E2F2E2E2F2E2E2F2E2ED8
:104180002F2E2E2F2E2E2F2E2E2F2E2E2F2E2E2F49
:104190006D6F64756C65732F68616C2F6E6F7264E0
:1041A00069632F6E7266782F68616C2F6E72665F1E
:1041B0006770696F74652E6800696E646578203C6D
:1041C000203800705F696E7374616E636500705FA4
:1041D0006368616E6E656C0070696E5F6861735FC5
:1041E0007472696767657228705F696E7374616E57
:1041F00063652C2070696E2900696E745F656E615D
:10420000626C65002E2E2F2E2E2F2E2E2F2E2E2F4F
:104210002E2E2F2E2E2F2E2E2F2E2E2F2E2E2F6D7A
:104220006F64756C65732F68616C2F6E6F72646953
:10423000632F6E7266782F68616C2F6E72665F678F
:104240007274632E680076616C7565203C3D202891
:1042500028307846464646554C203C3C2028305570
:104260004C2929203E3E202830554C2929007661D2
:104270006C7565203C3D20282830784646554C20FA
:104280003C3C202830554C2929203E3E20283055E2
:104290004C29290063635F6368616E6E656C203C26
:1042A00020283132554C29002863635F6368616EB2
:1042B0006E656C203C20283132554C292920262659
:1042C000202876616C7565203C3D20283078374683
:1042D000464646464646554C203C3C202830554CE8
:1042E0002929290063635F68203C3D2028307846F7
:1042F00046464646554C203C3C202830554C292902
:10430000002E2E2F2E2E2F2E2E2F2E2E2F2E2E2FF6
:104310002E2E2F2E2E2F2E2E2F2E2E2F6D6F6475BC
:104320006C65732F68616C2F6E6F726469632F6E9A
:104330007266782F647269766572732F7372632F59
:104340006E7266785F677274632E63006D5F63627E
:104350002E7374617465203D3D204E5246585F4473
:1043600052565F53544154455F494E495449414C5C
:10437000495A454400737973636F756E7465725F53
:10438000636865636B286368616E6E656C29203DA8
:104390003D2030006D5F63622E6368616E6E656CF8
:1043A0005F646174615B695D2E6368616E6E656CEC
:1043B000203D3D20696478002E2E2F2E2E2F2E2E8C
:1043C0002F2E2E2F2E2E2F2E2E2F2E2E2F2E2E2F07
:1043D0002E2E2F6D6F64756C65732F68616C2F6E58
:1043E0006F726469632F6E7266782F68616C2F6ECE
:1043F00072665F6B6D752E68006B6579736C6F7498
:104400005F6964203C20323530002E2E2F2E2E2F57
:104410002E2E2F2E2E2F2E2E2F2E2E2F2E2E2F2EB7
:104420002E2F2E2E2F6D6F64756C65732F68616C47
:104430002F6E6F726469632F6E7266782F64726973
:10444000766572732F7372632F6E7266785F6B6D11
:10445000752E6300286D5F63622E7374617465202E
:104460003D3D204E5246585F4452565F535441548E
:10447000455F494E495449414C495A4544292026F3
:10448000262028705F6B65795F736C6F745F646161
:104490007461292026262028736C6F745F6964205C
:1044A0003C203235302900286D5F63622E737461C1
:1044B0007465203D3D204E5246585F4452565F532E
:1044C000544154455F494E495449414C495A454429
:1044D000292026262028736C6F745F6964203C2095
:1044E000323530292026262028736C6F745F69646A
:1044F000202B206E756D5F736C6F7473202D2031CF
:10450000203C203235302920262620286E756D5F0C
:10451000736C6F7473203E20302900286D5F6362D6
:104520002E7374617465203D3D204E5246585F44A1
:1045300052565F53544154455F494E495449414C8A
:10454000495A4544292026262028736C6F745F69D8
:1045500064203C20323530292026262028705F6DCB
:10456000657461646174612900286D5F63622E73F4
:1045700074617465203D3D204E5246585F4452564A
:104580005F53544154455F494E495449414C495A3F
:104590004544292026262028736C6F745F696420A7
:1045A0003C20323530292026262028736C6F745F1A
:1045B0006964202B206E756D5F736C6F7473202D92
:1045C0002031203C203235302920262620286E75C7
:1045D0006D5F736C6F7473203E2030292026262077
:1045E000705F69735F656D70747900286D5F6362D9
:1045F0002E7374617465203D3D204E5246585F44D1
:1046000052565F53544154455F494E495449414CB9
:10461000495A4544292026262028736C6F745F6907
:1046200064203C20323530292026262028736C6FE8
:10463000745F6964202B206E756D5F736C6F74738B
:10464000202D2031203C20323530292026262028DC
:104650006E756D5F736C6F7473203E203029202659
:104660002620705F69735F7265766F6B6564002EDC
:104670002E2F2E2E2F2E2E2F2E2E2F2E2E2F2E2E55
:104680002F2E2E2F2E2E2F2E2E2F6D6F64756C65D4
:10469000732F68616C2F6E6F726469632F6E726620
:1046A000782F68616C2F6E72665F7272616D632E17
:1046B0006800705F636F6E6669672D3E777269741C
:1046C000655F627566665F73697A65203C3D202888
:1046D00030783130554C29005465726D696E616CCB
:1046E000002E2E2F2E2E2F2E2E2F2E2E2F2E2E2F13
:1046F0002E2E2F2E2E2F2E2E2F2E2E2F7A657068D7
:1047000079722F6B65726E656C2F6465766963656F
:104710002E63007263203E3D202D28307866662986
:10472000202626207263203C2030000964657669CB
:10473000636520257320696E69743A20696E76611D
:104740006C6964206572726F7220282564290A00E2
:1047500048616C74696E672073797374656D005578
:104760006E6B6E6F776E206572726F72003E3E3EAA
:10477000205A455048595220464154414C204552F8
:10478000524F522025643A202573206F6E204350EB
:1047900055202564004661756C7420647572696EDD
:1047A0006720696E746572727570742068616E64DA
:1047B0006C696E670A0043757272656E7420746866
:1047C000726561643A2025702028257329002E2EF9
:1047D0002F2E2E2F2E2E2F2E2E2F2E2E2F2E2E2FF3
:1047E0002E2E2F2E2E2F2E2E2F7A65706879722F57
:1047F0006B65726E656C2F666174616C2E630072FE
:104800006561736F6E20213D204B5F4552525F4BB7
:1048100045524E454C5F50414E4943000941747426
:10482000656D7074656420746F207265636F766562
:10483000722066726F6D2061206B65726E656C20F0
:1048400070616E696320636F6E646974696F6E0A6C
:104850000043505520657863657074696F6E00552C
:104860006E68616E646C656420696E7465727275E1
:10487000707400537461636B206F766572666C6F41
:1048800077004B65726E656C206F6F7073004B65BF
:10489000726E656C2070616E6963002E2E2F2E2E55
:1048A0002F2E2E2F2E2E2F2E2E2F2E2E2F2E2E2F22
:1048B0002E2E2F2E2E2F7A65706879722F6B6572CF
:1048C0006E656C2F696E69742E6300746872656121
:1048D000645F64617461203C3D205F5F7374617448
:1048E00069635F7468726561645F646174615F6C61
:1048F0006973745F656E6400646576203C3D205F7B
:104900006465766963655F6C6973745F656E640086
:104910006D61696E006F73002E2E2F2E2E2F2E2E9E
:104920002F2E2E2F2E2E2F2E2E2F2E2E2F2E2E2FA1
:104930002E2E2F7A65706879722F6B65726E656C9A
:104940002F6B686561702E630021617263685F6917
:10495000735F696E5F6973722829207C7C20282828
:1049600074696D656F7574292E7469636B73203D6E
:104970003D202828286B5F74696D656F75745F74BE
:10498000297B307D29292E7469636B732900090AFC
:104990000068656170203C3D205F6B5F68656170F9
:1049A0005F6C6973745F656E64002E2E2F2E2E2F40
:1049B0002E2E2F2E2E2F2E2E2F2E2E2F2E2E2F2E12
:1049C0002E2F2E2E2F7A65706879722F6B65726E7E
:1049D000656C2F6D656D5F736C61622E6300736C27
:1049E0006162203C3D205F6B5F6D656D5F736C6144
:1049F000625F6C6973745F656E640028736C6162DA
:104A00002D3E667265655F6C697374203D3D20289C
:104A100028766F6964202A29302920262620736C85
:104A200061622D3E696E666F2E6E756D5F75736582
:104A300064203D3D20736C61622D3E696E666F2E71
:104A40006E756D5F626C6F636B7329207C7C207365
:104A50006C61625F7074725F69735F676F6F642807
:104A6000736C61622C20736C61622D3E66726565A9
:104A70005F6C697374290009736C616220636F72E3
:104A800072757074696F6E206465746563746564B3
:104A90000A0009496E76616C6964206D656D6F72FC
:104AA0007920706F696E7465722070726F766964B8
:104AB00065640A002E2E2F2E2E2F2E2E2F2E2E2FF7
:104AC0002E2E2F2E2E2F2E2E2F2E2E2F2E2E2F7AB5
:104AD00065706879722F6B65726E656C2F696E6395
:104AE0006C7564652F6B73636865642E6800216163
:104AF0007263685F6972715F756E6C6F636B65641A
:104B0000286B657929007468726561642D3E626165
:104B100073652E70656E6465645F6F6E002E2E2F58
:104B20002E2E2F2E2E2F2E2E2F2E2E2F2E2E2F2EA0
:104B30002E2F2E2E2F2E2E2F7A65706879722F6BC6
:104B400065726E656C2F69646C652E63005F6B65C2
:104B5000726E656C2E637075735B305D2E6375725B
:104B600072656E742D3E626173652E7072696F207E
:104B70003E3D2030002E2E2F2E2E2F2E2E2F2E2E6D
:104B80002F2E2E2F2E2E2F2E2E2F2E2E2F2E2E2F3F
:104B90007A65706879722F6B65726E656C2F6D75B2
:104BA0007465782E630021617263685F69735F6961
:104BB0006E5F697372282900096D75746578657375
:104BC0002063616E6E6F742062652075736564206A
:104BD000696E7369646520495352730A006D757478
:104BE00065782D3E6C6F636B5F636F756E74203EEE
:104BF000203055002E2E2F2E2E2F2E2E2F2E2E2FE4
:104C00002E2E2F2E2E2F2E2E2F2E2E2F2E2E2F7A73
:104C100065706879722F6B65726E656C2F73656D48
:104C20002E63002828617263685F69735F696E5F35
:104C30006973722829203D3D203029207C7C202862
:104C40002874696D656F7574292E7469636B7320A0
:104C50003D3D202828286B5F74696D656F75745F12
:104C600074297B307D29292E7469636B732929008F
:104C7000737973776F726B71002E2E2F2E2E2F2E5D
:104C80002E2F2E2E2F2E2E2F2E2E2F2E2E2F2E2E3F
:104C90002F2E2E2F7A65706879722F6B65726E6574
:104CA0006C2F776F726B2E6300776F726B2D3E7176
:104CB0007565756520213D202828766F6964202A56
:104CC00029302900776F726B2D3E68616E646C65C8
:104CD0007220213D202828766F6964202A293029F6
:104CE0000021666C61675F746573742826776F7244
:104CF0006B2D3E666C6167732C204B5F574F524B98
:104D00005F44454C415941424C455F42495429005A
:104D100073796E6320213D202828766F6964202AEC
:104D20002930290021666C61675F746573742826D9
:104D300071756575652D3E666C6167732C204B5FE0
:104D4000574F524B5F51554555455F53544152544F
:104D500045445F4249542900717565756500737457
:104D600061636B0064776F726B20213D2028287689
:104D70006F6964202A293029002E2E2F2E2E2F2EE7
:104D80002E2F2E2E2F2E2E2F2E2E2F2E2E2F2E2E3E
:104D90002F2E2E2F7A65706879722F6B65726E6573
:104DA0006C2F7468726561642E630028282828704F
:104DB00072696F2929203D3D203135202626207A31
:104DC0005F69735F69646C655F7468726561645F75
:104DD000656E7472792828656E7472792929292084
:104DE0007C7C202828283135202D203129203E3D6B
:104DF0002028282D313629292920262620282870E8
:104E000072696F2929203E3D2028282D3136292915
:104E10002026262028287072696F2929203C3D20F1
:104E2000283135202D20312929290009696E766124
:104E30006C6964207072696F7269747920282564C6
:104E4000293B20616C6C6F7765642072616E6765C9
:104E50003A20256420746F2025640A000954687282
:104E600065616473206D6179206E6F7420626520C6
:104E70006372656174656420696E20495352730AD8
:104E8000002E2E2F2E2E2F2E2E2F2E2E2F2E2E2F6B
:104E90002E2E2F2E2E2F2E2E2F2E2E2F7A6570682F
:104EA00079722F6B65726E656C2F73636865642E03
:104EB0006300217A5F69735F69646C655F7468720F
:104EC0006561645F6F626A656374287468726561A6
:104ED0006429002E2E2F2E2E2F2E2E2F2E2E2F2EEB
:104EE0002E2F2E2E2F2E2E2F2E2E2F2E2E2F7A655A
:104EF000706879722F6B65726E656C2F696E636C6A
:104F00007564652F6B7468726561642E68005F6BF1
:104F100065726E656C2E637075735B305D2E6375A4
:104F20007272656E7420213D202828766F69642096
:104F30002A293029002169735F7468726561645F92
:104F400064756D6D792874687265616429002E2E10
:104F50002F2E2E2F2E2E2F2E2E2F2E2E2F2E2E2F6B
:104F60002E2E2F2E2E2F2E2E2F7A65706879722FCF
:104F70006B65726E656C2F696E636C7564652F6B03
:104F8000737761702E6800617263685F6972715F28
:104F9000756E6C6F636B6564286B657929207C7C0A
:104FA000205F6B65726E656C2E637075735B305D30
:104FB0002E63757272656E742D3E626173652E7418
:104FC00068726561645F73746174652026202828A7
:104FD0002831554C203C3C202830292929207C2090
:104FE000282831554C203C3C2028332929292900E8
:104FF00009436F6E746578742073776974636869A8
:105000006E67207768696C6520686F6C64696E678D
:10501000206C6F636B210A0073697A656F66285F85
:1050200073636865645F7370696E6C6F636B29206E
:105030003D3D2030207C7C206C6F636B20213D2027
:10504000265F73636865645F7370696E6C6F636B12
:10505000005F6B65726E656C2E637075735B305D9F
:105060002E63757272656E742D3E626173652E7368
:10507000636865645F6C6F636B656420213D2031FC
:1050800055005F6B65726E656C2E637075735B3077
:105090005D2E63757272656E742D3E626173652E4E
:1050A00073636865645F6C6F636B656420213D208A
:1050B000305500217465726D696E61746500096117
:1050C000626F72746564205F63757272656E7420BE
:1050D0006261636B2066726F6D20646561640A00B3
:1050E00021657373656E7469616C000961626F722A
:1050F00074656420657373656E7469616C2074688F
:10510000726561642025700A002E2E2F2E2E2F2E00
:105110002E2F2E2E2F2E2E2F2E2E2F2E2E2F2E2EAA
:105120002F2E2E2F7A65706879722F6B65726E65DF
:105130006C2F74696D65736C6963696E672E6300AB
:10514000282874696D656F75742920262620282803
:1051500075696E747074725F742928736C69636505
:105160005F74696D656F7574732929203C3D202833
:105170002875696E747074725F74292874696D651E
:105180006F7574292920262620282875696E747069
:1051900074725F74292874696D656F75742929208C
:1051A0003C20282875696E747074725F74292826F3
:1051B00028736C6963655F74696D656F75747329B5
:1051C0005B282873697A655F7429282828696E74BA
:1051D0002973697A656F6628636861725B31202D77
:1051E000202832202A202128215F5F6275696C7493
:1051F000696E5F74797065735F636F6D70617469F8
:10520000626C655F70285F5F747970656F665F5F61
:1052100028736C6963655F74696D656F7574732954
:105220002C205F5F747970656F665F5F2826287336
:105230006C6963655F74696D656F757473295B3044
:105240005D292929295D29202D203129202B20287D
:1052500073697A656F6628736C6963655F74696DDD
:10526000656F75747329202F2073697A656F6628BE
:1052700028736C6963655F74696D656F75747329F4
:105280005B305D292929295D292920262620282807
:105290002875696E747074725F74292874696D65FD
:1052A0006F75742929202D20282875696E747074F3
:1052B000725F742928736C6963655F74696D656FCB
:1052C00075747329292920252073697A656F6628EA
:1052D00028736C6963655F74696D656F7574732994
:1052E0005B305D29203D3D203029002E2E2F2E2EB3
:1052F0002F2E2E2F2E2E2F2E2E2F2E2E2F2E2E2FC8
:105300002E2E2F2E2E2F7A65706879722F6B657274
:105310006E656C2F74696D656F75742E63002173F3
:1053200079735F646E6F64655F69735F6C696E6BE0
:1053300065642826746F2D3E6E6F646529002E2EDD
:105340002F2E2E2F2E2E2F2E2E2F2E2E2F2E2E2F77
:105350002E2E2F2E2E2F2E2E2F7A65706879722FDB
:105360006B65726E656C2F6D656D706F6F6C2E6303
:1053700000616C69676E203D3D2030207C7C2028D8
:105380002875696E747074725F74296D656D20265E
:105390002028616C69676E202D20312929203D3D30
:1053A000203000096D6973616C69676E6564206DFA
:1053B000656D6F72792061742025702028616C6999
:1053C000676E203D20257A75290A00637261636546
:1053D0006E002E2E2F2E2E2F2E2E2F2E2E2F2E2ED7
:1053E0002F2E2E2F2E2E2F2E2E2F2E2E2F6E72661C
:1053F0002F7375627379732F6E72665F7365637551
:10540000726974792F7372632F647269766572732F
:105410002F63726163656E2F63726163656E707373
:10542000612F7372632F63726163656E5F70736166
:105430005F6D61632E6300282828616C6729202630
:105440002028287073615F616C676F726974686D82
:105450005F74292030783766303030303030292979
:10546000203D3D2028287073615F616C676F726911
:1054700074686D5F742920307830333030303030CC
:10548000302929002E2E2F2E2E2F2E2E2F2E2E2F6E
:105490002E2E2F2E2E2F2E2E2F2E2E2F2E2E2F6EE7
:1054A00072662F7375627379732F6E72665F7365A0
:1054B0006375726974792F7372632F64726976658C
:1054C00072732F63726163656E2F63726163656EC1
:1054D0007073612F7372632F63726163656E5F70A7
:1054E00073615F6B65795F6D616E6167656D656E38
:1054F000742E6300646174615F6C656E677468002C
:105500006B65795F627566666572006B65795F626F
:1055100075666665725F6C656E677468006B657949
:105520005F62697473002E2E2F2E2E2F2E2E2F2E9B
:105530002E2F2E2E2F2E2E2F2E2E2F2E2E2F2E2E86
:105540002F6E72662F7375627379732F6E72665F3A
:1055500073656375726974792F7372632F647269EE
:10556000766572732F63726163656E2F73787379DA
:105570006D63727970742F7372632F706C617466CF
:105580006F726D2F626172656D6574616C2F696EEB
:1055900074657272757074732E630009556E68615C
:1055A0006E646C656420696E746572727570742EB9
:1055B000200A002E2E2F2E2E2F2E2E2F2E2E2F2E67
:1055C0002E2F2E2E2F2E2E2F2E2E2F2E2E2F6E7272
:1055D000662F7375627379732F6E72665F7365637E
:1055E00075726974792F7372632F7574696C732F78
:1055F0006E72665F73656375726974795F6D7574D9
:10560000657865732E63002E2E2F2E2E2F2E2E2FB3
:105610002E2E2F2E2E2F2E2E2F2E2E2F2E2E2F2EA5
:105620002E2F7A65706879722F6B65726E656C2F9C
:105630006576656E74732E6300647261676F6F6E5A
:105640002F6C6962732F73636865642F7372632FA5
:1056500073636865645F68616C5F74696D65725FD0
:10566000677274632E6300579908DCB66B1D7C0962
:1056700007910908CA2BBEAA9C8C6800286E756C1D
:105680006C29002A666C6F61742A00206D65737343
:10569000616765732064726F70706564202D2D2DB5
:1056A0000D0A1B5B306D001B5B313B33316D2D2DC3
:1056B0002D2000029ECADC240EE5A9E093F3A3B5D9
:1056C0000200406E029ECADC240EE5A9E093F3A31B
:1056D000B50200406E029ECADC240EE5A9E093F3F9
:1056E000A3B50300406E029ECADC240EE5A9E09338
:1056F000F3A3B50300406E029ECADC240EE5A9E0C8
:1057000093F3A3B50100406E00FFFFFFFFFFFF0012
:10571000000000000000FFFFFFFFFFFF000000008F
:1057200000003031323334353637383961626364E2
:105730006566000000000000001000800000805F2F
:105740009B34FB91FBFBF3F4FBFBFBFBEA00090939
:1057500009090102090909090909090909090907CA
:1057600009090909090609090909090909090909AC
:1057700009090909090905E69D350E480103CCDB35
:10578000FDF4AC1191F4EFB9A5F9E9A7832C5E2CD7
:10579000BE97F2D203B0208BD28915D08E1C742410
:1057A00030ED8FC24563765C15525ABF9A32636DF5
:1057B000EB2A65499C80DC6174745F74785F646572
:1057C0007374726F795F776F726B5F68616E646C10
:1057D0006572000005061F1F291812030802030541
:1057E000080A000801030401050405090607010170
:1057F0000606080000010001000301000302020187
:105800000002000000000002030100036C88839185
:10581000AAF5A53860370BDB5A6083BE00070E0976
:105820001C1B1215383F363124232A2D0001040594
:10583000020608090F00051F1F1F1F1F1F1F1F1F24
:105840001F1F1F1F1F0001000000000000545452C2
:10585000205245474745530010141400001C2030C7
:10586000401C2000001C2030400040101414000098
:105870001C2030401C2000001C2030400040010350
:1058800002FFFFFFFF000000010000000000000019
:105890000000000000FFFFFFFFFFFFFFFFFFFFFF13
:1058A000FFFFFFFFFF00000000FFFFFFFFFFFFFF04
:1058B000FFBCE6FAADA7179E84F3B9CAC2FC632504
:1058C000516B17D1F2E12C4247F8BCE6E563A440E6
:1058D000F277037D812DEB33A0F4A13945D898C22E
:1058E000964FE342E2FE1A7F9B8EE7EB4A7C0F9EC7
:1058F000162BCE33576B315ECECBB6406837BF51D7
:10590000F5FFFFFFFF0000000100000000000000A5
:105910000000000000FFFFFFFFFFFFFFFFFFFFFF92
:10592000FC5AC635D8AA3A93E7B3EBBD55769886AC
:10593000BC651D06B0CC53B0F63BCE3C3E27D260D2
:045940004B00000018
:10594C00FFFFFFFFFF1F00001F0000000000000012
:10595C001D40000000000000FFFFFFFF1FFF0000C4
:10596C00BAABBABA1010101000000000005008506A
:10597C0000000000000000000C000000010000FF0F
:10598C007F00000000000000DF9F0000000000000E
:10599C0013A0000000000000FD1F0000000000002C
:1059AC0033A0000000000000F19F00000000000088
:1059BC00146A0000FF000000788F00000100000056
:1059CC0000000000000000000000000000000000CB
:1059DC0000000000000000000000000000000000BB
:1059EC0000000000000000000000000000000000AB
:1059FC00000000000000000000000000000000009B
:105A0C00000000000000000000000000000000008A
:105A1C00000000000000000000000000000000007A
:105A2C00000000000000000000000000000000006A
:105A3C00000000000000000000000000000000005A
:105A4C00000000000000000000000000000000004A
:105A5C00000000000000000000000000000000003A
:105A6C00000000000000000000000000000000002A
:105A7C00000000000000000000000000000000001A
:105A8C000000000000000000C93D01000000000003
:105A9C0000000000000000000000000000000000FA
:105AAC0000000000000000000000000000000000EA
:105ABC0000000000000000000000000000000000DA
:105ACC0000000000000000000000000000000000CA
:105ADC0000000000000000000000000000000000BA
:105AEC0000000000000000000000000000000000AA
:105AFC00000000000000000000000000000000009A
:105B0C000000000000000000000000000000000089
:105B1C00BCD30200000000000000000081D0000097
:105B2C000000000000010000000000000000000068
:105B3C000000000000000000000000000000000059
:105B4C0000000000000000000000000067000000E2
:105B5C000000000000000000000000000000000039
:105B6C000000000000000000000000000000000029
:105B7C000000000000000000000000000000000019
:105B8C000000000000000000000000000000000009
:105B9C0000000000000000000000000000000000F9
:105BAC0000000000000000000000000000000000E9
:105BBC0000000000000000000000000000000000D9
:105BCC0000000000000000000000000000000000C9
:105BDC00000000000000000089D50000000000005B
:105BEC000000000031D30000E1D2000000000000F2
:105BFC000000000079D300000000000041D4000038
:105C0C000000000045D5000000000000DB7A020017
:105C1C009B8602003CE40200C8EC0200000002007B
:105C2C00D4EC020000000200E0EC020000000200D4
:105C3C00C456030000000C0000000000000000002F
:105C4C0000000000DD0B010000000000000000005F
:105C5C00E656030000001000000000000F8D02004B
:105C6C00000000000000000000C010500000000008
:105C7C000000000000000000000000000000000018
:105C8C000000000000000000000000000000000008
:105C9C0000000000000000000000000000000000F8
:105CAC0000000000000000000000000000000000E8
:105CBC0000000000000000000000000000000000D8
:105CCC0000000000000000000000000000000000C8
:105CDC00000000000001000000A00D5000000000BA
:105CEC0000000000000000000000000000000000A8
:105CFC000000000000000000000000000000000098
:105D0C000000000000000000000000000000000087
:105D1C000000000000000000000000000000000077
:105D2C000000000000000000000000000000000067
:105D3C000000000000000000000000000000000057
:105D4C0000000000000000000000000035260100EB
:105D5C00000000000000000000000000F540010001
:105D6C00000000000000000000000000392F0100BE
:105D7C000000000000000000000000009150010035
:105D8C000000000000000000000000005D4F01005A
:105D9C00000000000000000000000000555B010046
:105DAC000000000000000000000000002155010070
:105DBC000000000000000000597001009D7F0100F0
:105DCC00E18001000000000000000000F9710100FA
:105DDC00979D0200599E0200BD6E0100000000005C
:105DEC0000000000357C01000000000000000000F5
:105DFC0001A30200000000000000000000000000F1
:105E0C0004ED02000000020010ED020000000A0088
:105E1C0020ED020000002000000000000000000047
:105E2C0000000000000000008DA102000000000036
:105E3C00100A0020100A00200000000000000000E2
:105E4C000E000000240A0020240A00209DAB010053
:105E5C0000000000A824002000000000000000004A
:105E6C0005CE010000000000FF0000000090D003F0
:105E7C00FF0000000F000000710200005C0A00200F
:105E8C005C0A0020640A0020640A00200000000064
:105E9C00000000000E000000000000007C0A002042
:105EAC007C0A002000000000000000000E00000032
:105EBC0000000000940A0020940A0020000000005A
:105ECC00000000000E00000000000000AC0A0020E2
:105EDC00AC0A002000000000000000000E000000D2
:105EEC00000000009BBA020097BA02006774200001
:105EFC00C80B0020180C0020F00B0020940C002084
:105F0C00840C0020DC0B0020040C00209ECADC2436
:0F5F1C000EE5A9E093F3A3B50100406E06010165
:105F2B000000000000000000000000000000000066
:015F3B000065
:105F3C000000000000000000000000000000000055
:105F4C000000000000000000000000000000000045
:105F5C000000000000000000000000000000000035
:0C5F6C0000000000000000000000000029
:045F78000000000025
:105F7C00500B0020500B002000000000B8940020B3
:105F8C0000000000010000002800000000000000DC
:105F9C00700B0020700B002000000000D85D00206A
:105FAC000000000001000000A8000000000000003C
:105FBC00900B0020900B002000000000E0940020CB
:105FCC0000000000030000001C00000000000000A6
:105FDC0000000000C0810020440800000000000008
:085FEC000000000000000000AD
:105FF400C80B0020C80B00200000000000000000B7
:106004000E000000DC0B0020DC0B00200000000070
:10601400000000000E000000F00B0020F00B002038
:1060240000000000000000000E000000040C00202E
:10603400040C002000000000000000000E0000001E
:10604400180C0020180C00200000000000000000C4
:106054000E0000002C0C00202C0C0020000000007E
:10606400000000000E000000400C0020400C002046
:0C60740000000000000000000E00000012
:10608000540C0020540C002000000000010000000F
:10609000640C0020640C00200000000001000000DF
:1060A000740C0020740C002000000000FFFFFFFFB4
:1060B000840C0020840C0020000000000000000080
:1060C000940C0020940C0020000000000000000050
:1060D000000000000000000000000000B00C0020E4
:1060E000B00C0020000000000000000000000000D4
:1060F000C40C0020C40C00200000000000000000C0
:0C61000000000000D80C0020D80C00208B
:10610C00000000000000000000000000EC0C00206B
:10611C00EC0C002000000000030003001000000045
:10612C000000000054E70200E49200200000000090
:10613C000000000000000000180D0020180D0020C9
:10614C00000000000300030010000000ED6D0100D2
:10615C00F0E7020040940020000000000000000066
:10616C0000000000440D0020440D00200000000041
:10617C00030003000000000000000000F4E5020032
:10618C00588F0020000000000000000000000000FC
:10619C00700D0020700D00200000000001000100B7
:1061AC00100000005953010040E70200DC91002070
:1061BC000000000000000000000000009C0D00200A
:1061CC009C0D0020000000000300030000000000F4
:1061DC000000000008E7020094910020000000007D
:1061EC000000000000000000C80D0020C80D0020B9
:1061FC00000000000C000C0004000000F928010055
:10620C00E0E502007C8D0020000000000000000092
:10621C0000000000F40D0020F40D00200000000030
:10622C0001000100000000000000000008E6020070
:04623C00A49000200A
:0462400015E015E070
:04000003100012D502
:00000001FF
