:1000000040610020A1F30000CF3C02008DF300000E
:100010008DF300008DF300008DF300008DF30000E0
:1000200000000000000000000000000071F400006B
:100030008DF30000000000003DF600008DF300008D
:10004000B9F60000B9F60000B9F60000B9F60000F4
:10005000B9F60000B9F60000B9F60000B9F60000E4
:10006000B9F60000B9F60000B9F60000B9F60000D4
:10007000B9F60000B9F60000B9F60000B9F60000C4
:10008000B9F60000B9F60000B9F60000B9F60000B4
:10009000B9F60000B9F60000B9F60000B9F60000A4
:1000A000B9F60000B9F60000B9F60000B9F6000094
:1000B000B9F60000B9F60000B9F60000B9F6000084
:1000C000B9F60000B9F60000B9F60000B9F6000074
:1000D000B9F60000B9F60000B9F60000B9F6000064
:1000E000B9F60000B9F60000B9F60000B9F6000054
:1000F000B9F60000B9F60000B9F60000B9F6000044
:10010000B9F60000B9F60000B9F60000B9F6000033
:10011000B9F60000B9F60000B9F60000B9F6000023
:10012000B9F60000B9F60000B9F60000B9F6000013
:10013000B9F60000B9F60000B9F60000B9F6000003
:10014000B9F60000B9F60000B9F60000B9F60000F3
:10015000B9F60000B9F60000B9F60000B9F60000E3
:10016000B9F60000B9F60000B9F60000B9F60000D3
:10017000B9F60000B9F60000B9F60000B9F60000C3
:10018000B9F60000B9F60000B9F60000B9F60000B3
:10019000B9F60000B9F60000B9F60000B9F60000A3
:1001A000B9F60000B9F60000B9F60000B9F6000093
:1001B000B9F60000B9F60000B9F60000B9F6000083
:1001C000B9F60000B9F60000B9F60000B9F6000073
:1001D000B9F60000B9F60000B9F60000B9F6000063
:1001E000B9F60000B9F60000B9F60000B9F6000053
:1001F000B9F60000B9F60000B9F60000B9F6000043
:10020000B9F60000B9F60000B9F60000B9F6000032
:10021000B9F60000B9F60000B9F60000B9F6000022
:10022000B9F60000B9F60000B9F60000B9F6000012
:10023000B9F60000B9F60000B9F60000B9F6000002
:10024000B9F60000B9F60000B9F60000B9F60000F2
:10025000B9F600003B5E0200B9F60000B9F60000F6
:10026000B9F60000B9F60000255E0200B9F60000FC
:10027000B9F60000B9F60000B9F60000B9F60000C2
:10028000B9F60000B9F60000B9F60000B9F60000B2
:10029000B9F60000B9F60000B9F60000B9F60000A2
:1002A000B9F60000B9F60000B9F60000B9F6000092
:1002B000B9F60000B9F60000B9F60000B9F6000082
:1002C000B9F60000B9F60000B9F60000B9F6000072
:1002D000B9F60000B9F60000B9F60000B9F6000062
:1002E000B9F60000B9F60000B9F60000B9F6000052
:1002F000B9F60000B9F60000B9F60000B9F6000042
:10030000B9F60000B9F60000B9F60000B9F6000031
:10031000B9F60000B9F60000B9F60000B9F6000021
:10032000B9F60000B9F60000B9F60000B9F6000011
:10033000B9F60000B9F60000B9F60000B9F6000001
:10034000B9F60000B9F60000B9F60000B9F60000F1
:10035000B9F60000B9F60000B9F60000B9F60000E1
:10036000B9F60000B9F60000B9F60000B9F60000D1
:10037000B9F60000B9F60000B9F60000B9F60000C1
:10038000B9F60000B9F60000B9F60000B9F60000B1
:10039000B9F60000B9F60000B9F60000B9F60000A1
:1003A000B9F60000B9F60000B9F60000B9F6000091
:1003B000B9F60000B9F60000B9F60000B9F6000081
:1003C000B9F60000B9F60000B9F60000B9F6000071
:1003D000B9F60000515E0200B9F60000B9F600005F
:1003E000B9F60000B9F60000B9F60000B9F6000051
:1003F000B9F60000B9F60000B9F60000B9F6000041
:10040000B9F60000B9F60000B9F60000B9F6000030
:10041000B9F60000B9F60000B9F60000B9F6000020
:10042000B9F60000B9F60000B9F60000B9F6000010
:10043000B9F60000B9F60000B9F60000B9F6000000
:10044000B9F60000B9F60000B9F60000B9F60000F0
:10045000B9F60000B9F60000B9F60000B9F60000E0
:10046000B9F60000B9F60000B9F60000B9F60000D0
:10047000B9F60000B9F60000B9F60000B9F60000C0
:10048000B9F60000B9F60000B9F60000B9F60000B0
:10049000B9F60000B9F60000B9F60000B9F60000A0
:1004A000B9F60000B9F60000B9F60000B9F6000090
:1004B000B9F60000B9F60000B9F60000B9F6000080
:0804C000B9F60000B9F60000D6
:1004C800064A074B02604FF426725B788280082246
:1004D800C371002382710372704700BF77BE0000AA
:1004E800A0080020064A074B02604FF49C725B7A12
:1004F80082800822C371FF2382710372704700BF94
:10050800B5B90000A0080020F8B5C41D00280546AC
:1005180024F007040CBF0020204600F051FA071E03
:1005280002DA6FF00B00F8BD254EB18870880331F0
:10053800F3790330B27989B280B209F021F9002841
:10054800EFDB3C4473783178002D04F1030419443F
:1005580024F0030400FB01F10CBF0020204600F04A
:10056800B3FB23180DB9002BDBDB717A184679B180
:100578000333002D728923F003040CBF00202046AA
:1005880000F014FC0028CCDB20440DB90028C8DB9F
:10059800317A91B1737A83B1C41D002D24F0070418
:1005A8000CBF0020204602F0EDFF0028B9DB0DB19A
:1005B8000020B8E72018B6D5B3E7002DF8D1B2E788
:1005C800A00800201FB572B6194BDC68ECB9BFF360
:1005D8004F8F1849184BCA6802F4E0621343CB6086
:1005E800BFF34F8F00BFFDE7B2FBF6F22B465D1C51
:1005F800002AF9D1DBB203F110056D4405F80C2C83
:100608000A2233B901A8A047E1E7024600230A26D7
:10061800EDE7013BDBB203F110050DEB0506B0FB7E
:10062800F2F502FB1500303006F80C0C2846E8E716
:10063800A008002000ED00E00400FA050A4B07B509
:10064800DA886846ADF800209A885B88ADF80420FF
:10065800ADF8023001F0BAFC18B1FB219C20FFF77D
:10066800B1FF03B05DF804FBA008002010B50446F4
:1006780028B308F001FB10B94FF0FF3010BD06F0A9
:10068800E1FEB0F5FA7FF7D80E4B00221A744FF44A
:100698008072DC601A801B225A809A8040F2032202
:1006A800DA804FF484721A811F225A81EFF3108482
:1006B80072B600F0D7FB04B962B60020DEE76FF02F
:1006C8001500DBE7A008002010B5002840D1234C16
:1006D800237C032B39D059B1002A3CD00239052993
:1006E80036D8DFE801F0031227352A2D1378637016
:1006F8000020FFF709FF0028B7BF012302236FF08E
:100708000B002374A8BF237410BD13791BB353794E
:100718000BB31188FB291ED853881B3B9BB2E02BD7
:1007280019D81A2917D913689288C4F802300C4BC3
:100738009A80DDE713786372DAE713886381D7E775
:100748001388FF2B07D82372D2E74FF0FF30DBE77F
:100758006FF02C00D8E76FF01500D5E7A00800204F
:10076800A2080020F8B50D46064620B319B311F0CB
:10077800070420D1114F3B7C012B02D16FF00B00F5
:10078800F8BD032B02D14FF0FF30F9E700F0A2FBD0
:100798000028F8D02846FFF7B7FE0028EEDB0BF05C
:1007A800BDFB3046214601F093FCFFF747FF0323CA
:1007B80020463B74E4E76FF01500E1E7A00800204D
:1007C80010B5064C237C032B03D101F097FC02F0F3
:1007D80083F909F0D7F80020207410BDA008002084
:1007E80008B501F041FC03490120BDE8084000F0CC
:1007F800DFB800BFED04000008B501F049FC03496B
:100808000020BDE8084000F0D3B800BFC9040000CC
:10081800074B4FF0FF3141F6FF72C3E9001205495B
:100828000022C1E900221F21C3E90212704700BF5C
:1008380060000020B40800203F280CD801380B4B7A
:10084800C0F3421200F01F0053F8223023FA00F0E0
:1008580000F001007047FF2806D04038044BC0F371
:10086800421200F01F00EFE70120704760000020EF
:10087800B4080020074B0146006849681A4603C2BD
:1008880040F48C2200201A6041F0107242F4FF629A
:100898005A607047600000200246034B00685168A8
:1008A80003C30020704700BFB40800200246034B72
:1008B8000068516803C30020704700BF680000202B
:1008C8000138064BC0F3421200F01F0003EB82030D
:1008D8009B6823FA00F000F00100704760000020D8
:1008E8000A8870B595B2C67CC2F30E020488023637
:1008F80002F118033444C35AA4B233442344013BDD
:10090800B3FBF4F303FB0422438892B29342044BF3
:100918008BBF2B40AB4313439BB20B8070BD00BF12
:100928000080FFFF4A1E062A08B50346084604D879
:100938004FF4D1711520FFF745FE094A914202D9BB
:1009480040F2A311F6E711B903B1196008BD2BB144
:100958001B680022C3E901211A1D1A600430F5E75B
:10096800FAFFFF7F10B5114B00EB41041A78638939
:10097800B3FBF2F303FB0223013A1A44B2F5706F9A
:100988000279807828BF00231A440B18B2FBF0F1D3
:1009980000FB11215B1AB3FBF0F100FB1133134488
:1009A8006FEA43436FEA5343638110BDBC080020DC
:1009B800024B03EB80035960704700BFBC0800205E
:1009C8002DE9F04F10F0070A85B0054604D040F233
:1009D8006F111720FFF7F6FD524F044607F10C067A
:1009E800B146B04657F8043B8DF80BA03BB101A8BF
:1009F80098479DF80A30082B01D9F521E9E79DF8B9
:100A08000B1041BB05B131604F4506F10406E9D131
:100A1800002D6FD00022DFF810910227964689F842
:100A2800002058F827A0013FBAF1000F55D09AF8D6
:100A380004609AF802C0FF2E60D039460023481C93
:100A480038D19C44BCF1FF0F3FD90AB189F800E0C6
:100A58004FF49A71BDE79DF80AC04B1D60465A00D5
:100A680004EB4303022838BF0220441E40422344BB
:100A7800BDF808406444CCF1000C0340013C04EA92
:100A88000C04B4F5803F02D340F20511A1E775B11B
:100A98009A1A0120326091701480D0709DF80C0071
:100AA800107101984FEA104C1081A2F806C004FB9F
:100AB8000134A9E758F8210028B190F804B0B345EB
:100AC80004BF80781B180139B9E7DBB2E6458AF81C
:100AD80004303CBF5FFA8CFE01227B1CA1D10AB115
:100AE80089F800E0022640F6FF6A58F82670B7B980
:100AF800013EFAD2601B05B0BDE8F08F0023E5E7A0
:100B080007EB410309F101093846A3F80AA0FFF7EA
:100B180029FF5FFA89F1BB788B42F1D8E8E74FF0FB
:100B28000009F6E7C0080020BC08002038B54FF6D9
:100B3800FF7302460380184B03EB81031869A8B1C1
:100B480084780379B3FBF4F104FB1133DBB2194663
:100B580000EB4105B5F90A50002D0EDB0131B1FB60
:100B6800F4F504FB1511C9B28B42F1D1002038BD50
:100B78006381BDE8384008F0DFBD00EB41046389BC
:100B8800C3F30E031380C278002AF1D14FF4E57144
:100B98001720FFF717FD00BFBC0800201C4B03EB14
:100BA800810370B51C69054644B3030404D54FF4AA
:100BB800EC711720FFF706FD0146204608F09FFD5F
:100BC800FF28014604D02046BDE8704008F0B4BDB7
:100BD800A078B5FBF0F300FB1353DBB219460A1DEE
:100BE80004EB4206B6F90260002E09DB0131B1FBC5
:100BF800F0F200FB1211C9B28B42F0D1002070BD97
:100C08008B4201D00023E37004EB42025580DAE7FF
:100C1800BC080020094B03EB8103014610B51C6991
:100C2800204608F06CFDFF28014604D02046BDE8A8
:100C3800104008F081BD002010BD00BFBC08002096
:100C4800F8B5104B074603EB810301461C692046A3
:100C580008F055FDFF28054611D0E288238953EA9C
:100C6800024606D00146204608F066FD0146384691
:100C7800B04720462946FFF775FE0020F8BD05203D
:100C8800FCE700BFBC08002038B50E4B044682794B
:100C980003EB8203186908B9052038BD8278E17929
:100CA8009142F9D24B1CE37100EB41035D89B3F922
:100CB8000A30002BF3DBA58008F03EFD2060002001
:100CC800EBE700BFBC08002070B5044610F0030035
:100CD8000E4603D04E211820FFF774FCFFF722FEC2
:100CE800054624B1034831460460FFF71BFE284639
:100CF80070BD00BFD80800202DE9F14FDFF870B0B3
:100D08001E4607460D46DBF8003090469DF828A0A1
:100D18009DF82C901BB960211820FFF753FC524610
:100D28000921404608F073FB4A4684B2092130463F
:100D380008F06DFB81B2DBF80000214408F0B3FC39
:100D4800386018B9286001B0BDE8F08F04445346F4
:100D5800414609222C60386808F01CFB4B460922E2
:100D68003146286801B0BDE8F04F08F013BB00BF5A
:100D7800D808002070B50E46044608F05BFB05460F
:100D8800304608F057FB044B2A1821461868BDE87E
:100D9800704008F0ADBC00BFD8080020024B1868AE
:100DA80008B108F074BC7047D80800201F2AF8B5AD
:100DB800044624D89200134D033250B1830703D060
:100DC80068210920FFF7FEFB22F003032970686001
:100DD8002B8122F0030228230127120403FB01F0D0
:100DE8006B680025120CEEB2B14200D8F8BD14B100
:100DF80026181F705E60104401352833F3E74FF062
:100E0800FF30F3E7DC080020154A002170B553686D
:100E18001578C8B2854203D8BA210920FFF7D2FB5A
:100E28001C461846013114F8286B0EB92346F0E722
:100E38000021997001241289996103F126055C70DB
:100E48009208D96103F11E04596824F8022FAC42B4
:100E580043F8041F1144F8D100234361037070BDA7
:100E6800DC080020124B01224FF0FF3000215A60AD
:100E7800C3F80803C3F80015C3F804255A6040F600
:100E8800FE72C3F808034FF48060C3F8001503F539
:100E980060330849C3F80825C1F88800BFF34F8FAD
:100EA800BFF36F8FC1F88801C3F80825704700BFEA
:100EB80000A0045000E100E002680020014B1A6025
:100EC800704700BFE8080020014B1B68184700BFA7
:100ED800E8080020024B1868003818BF0120704746
:100EE800E80800200A4606488F2302F8033BC36837
:100EF800C1F803300369536043699360704700BFCA
:100F0800EC080020024B5A8C02435A845B6A18474B
:100F1800EC080020014B00215B6A1847EC08002010
:100F280010B5154C05F020FA05F002FD208DFFF7ED
:100F3800F1FF237E63B12246104904F1190052F8EB
:100F48000C3BE36063685360A368936009F054FE48
:100F5800218DE06A02F04AFBE36AB3F8AA0002F0C6
:100F6800C7FA636B94F8301094F83100984700235F
:100F780084F8383010BD00BFEC080020ED0E0000EA
:100F8800034B93F838300BB1FFF7CABF704700BF67
:100F9800EC08002070B5184C0546E36CE66AE3637C
:100FA8004FF4817394F85000A4F84030337D96F8DC
:100FB800151100EB83002DB9FF2803D196F81431E1
:100FC8008B4201D004F032FF337D73B1606D05F0C0
:100FD80033F9616DE06B05F031FC15B9284605F071
:100FE80079F9022384F8383070BDE06B05F024F9F4
:100FF80005F09EFCF1E700BFEC08002008B5094B9E
:1010080093F83820022A04D040F257312720FFF7FE
:10101800D9FADA7A42F00102DA72BDE80840FFF73D
:101028007FBF00BFEC08002070B50F4DC9009200CB
:1010380000F00300AE6D01F0080102F004021B018C
:10104800347803F0100304F0F3040C43144304F061
:10105800EC041C4304433470B5F864307370022305
:10106800A5F85C3070BD00BFEC0800207FB50022F9
:10107800012300F180010392CDE90423074A92F885
:101088005020029200F19002CDE90032D0E91E23EF
:10109800022005F00DFB07B05DF804FBEC0800200A
:1010A800F7B5184C0646A56E0DB1636C23B940F62A
:1010B800C6012720FFF786FAB4F8483001F003018B
:1010C8002F466B702B7823F003030B4307F8033B81
:1010D8003846B4F84820616C07F038FF0DF1020279
:1010E80001A9E06EE563676408F0C7FA019808F0A3
:1010F800B2FA0122B4F848103060E06E08F05AFAEB
:1011080003B0F0BDEC0800202DE9F0412B4C064659
:101118000F4694F83830012B5FFA83F804D040F674
:101128000E112720FFF74EFAE56A2B7933B100211B
:1011380004202971FFF7E6FE85F805802B7A052B38
:101148000AD11F490220FFF7DDFE236E1B78991E86
:101158004B424B4184F870301EB1BDE8F041FFF7B7
:10116800DFBE002FF9D0636F304698470028F4D0CF
:1011780094F83030002BF0D1638C9A0714D594F88A
:101188007030002BE9D02B7DE46A13B12846FFF7B5
:101198006DFF94F81521012096210AF0E7FE002042
:1011A800BDE8F041FFF7F6BE002BD6D194F87830B1
:1011B800002BE8D194F87930E3E700BFEC08002071
:1011C8004C0900202DE9F04FA94C91B0E56A069032
:1011D80005F1A803089109930023CDE90D3394F88C
:1011E8003830022BDFB204D040F6AF112720FFF7CA
:1011F800E9F9E36B03221E785978134406F00309D2
:10120800A4F840206364069BA4F84810002B00F063
:10121800338119B1E06E08F0ADF901466A7A238D81
:101228000132A16643F40073D2B2238582EA9603A1
:10123800D80753D42B7AD3B1032B6A7211D8012B58
:1012480018BF0223B5F84420022BA5F8462012D176
:101258000DA9D4F8800008F036F9C0B940F2D6716B
:10126800C4E7053B012B04D940F2B471BEE704235F
:10127800E8E70323E6E7032B10D100F0E1FF10B9FC
:101288004FF4FC61B2E700210820FFF73BFED5E9E7
:101298001C32013342F10002C5E91C3200216B798E
:1012A80029721BB110206971FFF72CFE238D43F4BE
:1012B8000063238500230793C6F3C0082B7DCBB1B9
:1012C800B4F84830B3B105F051FB0328FBD002282D
:1012D80006D1FFF725FE11B0BDE8F08F069BEAE7BF
:1012E80040B9AB7A03F00103434503D1012384F8E5
:1012F8003130EEE7AA7A02F0010398456BD04FF03F
:10130800000AA36E002B40F0C980B4F84830B3FA45
:1013180083F35B0903EA161384F87930089B002BE2
:1013280040F0BE80628C94F88630110704D594F89A
:101338007020002A40F0B480012B00F2B180636F66
:1013480001209847002800F0AB8094F83060002E08
:1013580040F0A680EB7C83B10123039605F1800160
:101368000420CDE90463FB23029305F19003CDE942
:101378000063D5E91C2305F09BF995F81421962103
:1013880000200AF0F3FDD4F82CB094F850309BF804
:1013980014209BF8141103EB8203FF2B03D19BF855
:1013A80015318B4202D0FF2004F040FDD4F82C8088
:1013B800002398F808208DF83130ADF83230062A2D
:1013C80000F28081DFE812F0C3005C015F015F0179
:1013D8007E0171017101B4F84830EBB109F1FF31B8
:1013E800012919D8218D41F48051218594F8841060
:1013F800994206D294F8303043F0100384F8303024
:101408007DE7A16E00293FF47AAF94F8851019B1F1
:101418002020FFF77FFD72E70132B9F1030FAA72AE
:1014280010D1238D0120134943F48053287123855B
:10143800FFF768FDD5E91E32013342F10002C5E924
:101448001E325CE709F1FF32012A0CD8002B3FF469
:1014580056AFDDF818A0D5E91E32013342F100027B
:10146800C5E91E324DE7002B3FF449AFE2E700BF64
:10147800EC080020300900202B7D0BB105F090FA14
:1014880094F886304FF0000A0133CDF81CA084F898
:101498008630238D43F48063238532E7012339E7BF
:1014A80004F062FFBAF1000F4CD101230893944E67
:1014B800338D5A0606D44020FFF72CFD338D43F0B8
:1014C80040033385079B63B1B4F80720B4F80530AF
:1014D8001343EA8813431EBFB4F809300133A4F854
:1014E8000930069B002B00F00581B6F80530013362
:1014F800A6F80530002386F88630824801F0E6FF1A
:101508000D9830B108F0A7F800220272099901F08D
:10151800EBFB0E9B33B100221A720C2209990E982C
:1015280001F0B0FB089B002B7FF4D3AE338D1B0674
:101538003FF5D1AE8020FFF7EDFC338D43F08003FB
:101548003385C8E649460EA8FFF7AAFDADE7A8F817
:1015580044300DF1320194F887300FA8A8F804310F
:10156800ADF8323000F05EFE38B10F9828B105238F
:1015780088F80830BDF8323015E0E36A93F8553042
:10158800002B77D10DF131020DF13201D4F8800032
:1015980007F077FF00286DD0BDF83230002B59D105
:1015A800012288F80820A065A4F8643003B1C31CA0
:1015B800236698F809200A9298F80A2098F8088073
:1015C8000B92B8F1020F09D0A8F10508B8F1010F84
:1015D8007BD81B784FF00308022B0DD0D4F880007D
:1015E80007F0A7FF002873D1B8F1030F04D000F06B
:1015F80033FE80F00106F6B206F00103404F87F88B
:1016080078309BF81330002B64D0B7F86430002B87
:1016180060D033464046DDE90A12FFF705FD786DD4
:1016280004F00AFE0022D7E9151004F04DFF18B99E
:10163800D7E9150105F0A0F8012387F8883087F865
:101648003830BAF1000F3FF432AF49460EA8FFF721
:1016580027FD2CE79DF831201AB9032302808270F8
:1016680086E7027802F00302012A08BF032788F8F8
:10167800087098E70023ADF83230012388F8083065
:10168800214800238FE7B8F804310DF131020DF13C
:101698003201D4F88000ADF8323007F0F2FE0028AD
:1016A8007FF468AF40F2C451A0E50DF132010FA8F4
:1016B80000F0B8FD08B10F9810B940F2D35195E584
:1016C800062355E740F2DD5190E54FF0010885E724
:1016D800012691E7DDE90A1233464046FFF7A4FCEC
:1016E800B86D04F0A9FD05F023F90021B86D0AF0E2
:1016F80049FCA1E7B6F807300133A6F80730FCE645
:10170800EC0800201809002066090020064B10B5D7
:1017180093F8382002F0FF0422B91C7601F05EFF2E
:10172800204610BD0C24FBE7EC080020094B0A4AB0
:1017380010B51A60FFF7EAFF20B14FF4B171272006
:10174800FEF740FF054C00F0E9FCE06400F0EAFC1D
:10175800606510BDBC110020FC180000EC080020DA
:10176800F8B5584C054694F8386006F0FF0016B9ED
:1017780009B102B123B94FF420712720FEF722FFE7
:1017880063639DF81830616284F88530626784F875
:10179800300084F8860084F8310084F8880060847A
:1017A800208584F8780084F8790084F87000A065B2
:1017B8002066A4F86400E0636064A4F84800E56269
:1017C80004F060FB05F0B4F895F91C0104F0B4FBD3
:1017D800D5F8D060D5F8C80004F0B4FB304604F062
:1017E8001DFD95F8240004F0B7FB09F094FD95F869
:1017F800152100F17101012004F02CFC324B18680E
:1018080004F012FDD5F8BC30C4F88030D5F8C030EB
:10181800E366AB7B233B072B52D9EB7B233B072BA0
:101828004ED9B5F8E630B5F8EC0095F814119842A1
:1018380028BF184608F04FFF95F8E830834228BFC4
:10184800034698B295F8E430984200D3C3B295F8AD
:10185800151105F1DC0084F8873009F044FA2F7D72
:1018680095F81511B5F8F06008F035FF0FB9043098
:1018780080B2864228BF0646F3B284F8843084F8E2
:1018880050302B7D13B12846FFF7F0FB0120FFF7FE
:1018980081FBE36AD3F8C00104F0EAFC002323606B
:1018A8006360A360EB886380B5F8AA30238095F85D
:1018B80024302371D5F818310BB101221A60F8BD14
:1018C8001B23C4E7EC080020BC110020014B93F84F
:1018D80088007047EC080020024B93F82900C0F3F9
:1018E800C0007047EC080020014B93F88600704751
:1018F800EC08002005100000CD11000011110000B7
:10190800890F0000304BF0B55A8985B0B0F8607087
:101918000C46B0F85E6097429D8928BF17469642EC
:1019280028BF16461B2E2ED0B5F5A47F2DD040F625
:10193800480301A99D4228BF1D4608F03FF8BDF89D
:101948000A30BB4228BF3B46E380BDF80C30AB42AF
:1019580028BF2B462381BDF80630B34228BF334643
:101968006380BDF80830AB4228BF2B46A380FF2315
:101978002370E3881B3B9BB2E02B08D940F202514D
:101988003920FEF71FFE1B2FCED105B0F0BD6388AE
:101998001B3B9BB2E02B02D940F20451F0E72389AC
:1019A800A3F5A4739BB2B3F5E06F02D940F20651D8
:1019B800E6E7A388A3F5A4739BB2B3F5E06FE4D977
:1019C8004FF4A161DCE700BF7809002010B50121C0
:1019D8000020FFF71FF9044670B90121FFF7DEF870
:1019E800044620B940F21E313920FEF7EBFD034BC7
:1019F80093F9181009F0ACFF204610BD78090020B3
:101A0800014BD888704700BF78090020044BD87C68
:101A1800C0F3400080F0010000F00100704700BFF3
:101A28007809002008B508F0CDFD00F0B3FD00F0FE
:101A380099FB09F0B9F801F0B7FD03F0F3FE0022B5
:101A4800074B4FF01B1107481A60074BC3E9010108
:101A58004FF4A4711A801A82D960DA7408BD00BFE5
:101A6800C011002003021B0078090020034B41F637
:101A78004C525A611B229A74FFF7D4BF7809002090
:101A8800F7B5274D00F1A80704466B69C0F8DC30AC
:101A9800244BC0F8C430384609F0D1FD064600F0A2
:101AA80051FB8306A97C53BF1B23EB882A891A465E
:101AB800A4F806311C4BA4F808211B6884F8E4102C
:101AC800A4F8E66023B194F91C11B4F8AA00984769
:101AD8001649384608F061FB0123EA8804F1BC0086
:101AE8006979A4F8DA3003322B89019192B2297905
:101AF800033300919BB204F1C001FFF7FDF8D4F85D
:101B0800BC3023B940F2DB413920FEF75BFDD4F845
:101B1800C03013B940F2DC41F6E703B0F0BD00BFB6
:101B28007809002000093D00C41100208609002022
:101B3800024B1B6803B118470C207047C0110020E6
:101B4800034BDA8802801B7983700020704700BF3E
:101B58007809002037B5837805461A2B08D8042B56
:101B680004D9144A22FA03F3DB0705D412241AE035
:101B7800292B01D03B2BF9D12888B0F5706FF5D20D
:101B880001A908F0CCFD88B9019B93F8202102F047
:101B9800FF046AB9AA7883F82121FF2283F820215B
:101BA80001A807F0DEFF204603B030BD0224FAE7A3
:101BB8000C24F8E7200038040188A1F11B039BB22C
:101BC800E02B0CD8428844F24810A2F5A4739BB2CB
:101BD800834204D8034B002059819A817047122010
:101BE800704700BF7809002038B50278447802F0C1
:101BF800010302F0020254EA030101D1112038BDA9
:101C0800BAB98578002DF9D0002B18BF002400E060
:101C18001D46204607F0C5FE0028EFD0284607F0ED
:101C2800C0FE0028EAD0054B00209C73DD731882A3
:101C3800E5E7002BECD000242546EAE778090020E8
:101C480013B5008801A908F083FD044620B901985E
:101C580090F832311BB13A24204602B010BD90F8FA
:101C6800603003F0FF04002BF5D190F857309B0744
:101C780006D1FF2380F8323101A807F072FFEBE7A5
:101C88000249583008F0B8FFE6E700BF75B2000017
:101C9800F7B5077805460C46EF2F0FD890F90120C5
:101CA8004378002A0ADB8278900707D113F01000E6
:101CB8001DD1990603F0030202D51AB1122442E09D
:101CC800032AFBD01E07F9D42979EA78EE7942EA8B
:101CD8000122697942EA0142A97941EA06212E7A6C
:101CE80041EA06418A42E9D81F2A0FD8E6E713F0ED
:101CF800600FE3D103F00702052A05D003F00F01B6
:101D08000D22CA40D107D9D51A07DDD56A7A013A1A
:101D1800062AD3D8AA7A032AD0D813F0040102D10C
:101D2800023A012A03D8EA7A012AC7D811B9AA7C4B
:101D3800032AC3D82A7D48B1012ABFD12A7E012AA5
:101D4800BCD830B91124204603B0F0BD022AF5D121
:101D5800B4E7DB0712D46B782A7D03F01803082B4D
:101D680011D1022AEED101213846FEF753FF06466B
:101D780078B109F0A1FDB8B10C24E4E700F0A2F9AC
:101D88000028E8D1DEE7022AEDD02B7F002BEAD02D
:101D9800D8E701213846FEF701FF064640B3154B48
:101DA80093F9181009F0D4FD304609F0C1FE294610
:101DB8002070E874304609F011FEEB7E0446002BD3
:101DC800C1D00028BFD10246B16A684607F0EFFCCF
:101DD8002246B06A012107F035FDB16A684604223F
:101DE80007F0E5FC22462146B06A07F02BFDAAE77A
:101DF8000724A8E77809002030B502798BB003469C
:101E0800042A4FD84088B0F5804F4BD82649002483
:101E18008D5C1144ADF800404A798DF8084042F0D5
:101E280010028DF8244042EA45028D7AC97B42EAC5
:101E3800850242EAC102694602F01F028DF80020BD
:101E4800BDF80020ADF809201A888DF80E00000AA8
:101E58008DF80B20120A8DF80D408DF80C208DF8A6
:101E68000F008DF810405A7BD3F807008DF8112029
:101E78005A79059002A88DF812209A798DF81320C6
:101E8800B3F80B209B7BADF818208DF81A307F2310
:101E98008DF81B304FF00113CDE90734FFF7F8FE3A
:101EA8000BB030BD1220FBE7388A020073B5064636
:101EB800FFF78CFD044609F046FE33780546012BF2
:101EC8005FD1204609F077FD00287AD0204609F036
:101ED8003AFE18B115B9122002B070BD204609F0BB
:101EE800EBFC08B10C20F7E7204609F022FD064676
:101EF8000028F7D1204602F027FC0028EBD0ED019E
:101F080042F2107331462046ADB25D4309F007FE38
:101F1800204609F010FE014658B92A46204601F02D
:101F28006DFE08B90020D7E741F69A213920FEF75F
:101F380049FB31460DF10600FEF7F8FD064608B9E3
:101F48000D20C9E7BDF8061008F011FC31462046FF
:101F580009F0FDFD3046FFF793FD2A46314620463D
:101F680001F04CFE024610B141F6B621DEE7164BF1
:101F7800DB69002BD6D006F5917106F1A8009847C9
:101F8800D0E7002BA7D1204609F015FDC8B120469F
:101F980009F092FC0028C5D0204609F020FB054630
:101FA800204609F01FFB014600289BD1002DB9D01F
:101FB800B5F8AA00FEF744FE0028B3D041F6D821B0
:101FC800B4E7422088E700BF78090020027803467A
:101FD80072B1427862B142881A2A09D982881A2ACB
:101FE80006D90068034A506000209B881381704717
:101FF800122070477809002002680020014B5A61BE
:10200800704700BF780900200378A3F10A02112A5B
:102018009BBF024A00201220937470477809002061
:1020280008B5052000F082F803F0BCFB014B024A1A
:10203800DA6108BD780900200D19000008B50122F1
:10204800084B1A7002F070FB09F02AFF08F0B8FA82
:10205800FFF76CFB002007F077FBBDE8084000F0B5
:102068004BBD00BF9809002010B5064C0649201D3D
:1020780008F042F804F108000449BDE8104008F0EF
:102088003BB800BF98090020A8000020B00000203D
:1020980010B5084C0849201D08F02EF804F1080076
:1020A800064908F029F804F10C000549BDE810407C
:1020B80008F022B898090020B8000020C0000020CD
:1020C800C8000020014B1878704700BF980900200D
:1020D80010B5064C00F0ECFC606808F005F8FFF756
:1020E800C5FC00F07FFE0123237410BD9809002071
:1020F800014B187C704700BF9809002010B5064CAA
:10210800A06807F0F1FFE06807F0EEFFFFF78AFC30
:102118000023237410BD00BF9809002000487047B1
:10212800A909002000487047AB0A0020C2080449EA
:1021380000F0070001238340885C03438B547047F9
:1021480070000020014BD3E90001704770000020A7
:10215800034B1868C0F30020400040F001007047AE
:102168007000002008B505F06DF90023074A32F821
:102178002310814205D302EB83029378044A13703B
:1021880008BD01330C2BF2D10023F7E74C8A02007B
:10219800AD0B0020006808B5B0F8AA3080F86411CB
:1021A800A0F8653190F81431012B06D0022B04D029
:1021B8004FF43F710620FEF705FA80F8673190F872
:1021C8001531012B01D0022BF2D180F8683100F2D1
:1021D8005B100249BDE8084008F00EBD8DA1000063
:1021E800024B002283F822209A847047AE0B00200D
:1021F800044B93F82220012A1ABF03600120002013
:10220800704700BFAE0B0020054B024693F8221022
:1022180001291BBF01209A84002083F822007047FF
:10222800AE0B0020054B024693F8220020B1136044
:1022380009B19B8C0B800120704700BFAE0B0020BA
:10224800044B002293F822009A8410B1012083F8ED
:1022580022207047AE0B0020034B93F82200B0FAFF
:1022680080F04009704700BFAE0B002050B90A4A01
:102278000120134603F8010B0868C2F801008A8898
:102288009A807047012805D1034B0A68D8719A6073
:102298008A889A81704700BFD40B002050B90B4B35
:1022A800187888B1D3F80120B3F805300A60012006
:1022B8008B807047012806D1044BD87920B19A68E1
:1022C8009B890A60F3E70020704700BFD40B002009
:1022D80010B9044B18787047012806BF014BD8790C
:1022E80000207047D40B0020F7B58A8800238DF8AA
:1022F8000600ADF8042008680B4A8DF8073001463F
:10230800147802F5A872019DD8B2844201D8082039
:1023180007E052F8087F01335668AE4208BF8F4283
:10232800F2D103B0F0BD00BFE80B0020084B014616
:10233800002230B51C7903F20713D0B2844201D8C9
:10234800082004E013F8015F01328D42F5D130BD59
:10235800E80B00202DE9F8432B4C0746257904EBC0
:10236800000E013D9EF80861EDB2854225712BD023
:102378004FEA05184FEA001C08F108030CF1080998
:102388000CF1880C2344A144A4440FCB89E80F0026
:1023980008F1880323440FCB8CE80F00631993F8E6
:1023A80008218EF8082106225543574305F58875FC
:1023B80007F5887760596219E119E05192888A8097
:1023C80093F840318EF840313046FFF7AFFF0828C8
:1023D80018D12378013BDBB29E42237012D02B33F5
:1023E80006F12B0204EBC30304EBC20293E80300DB
:1023F80082E803002078FFF799FF08281CBF2418FB
:1024080084F80861BDE8F883E80B0020F0B5254D95
:1024180089B095F8984105F299116846224606F068
:1024280095FD2146684608F0ECF80446B8B300EB81
:10243800400102A8C9B2FEF747FD631E95F8A161E5
:102448000124DBB295F8981105E0721CB2FBF1F09B
:1024580001FB1022D6B206F120020DEB020010F8A3
:10246800202C002AF1D103EB430100F8204C06EBA5
:10247800460220312A44694411F8187C82F8A27176
:1024880011F8177C11F8161C82F8A37182F8A411B0
:10249800013BAA19DBB282F89941FF2BD2D109B0CE
:1024A800F0BD00BFE80B002070B5064688B00C46AA
:1024B800002A4ED0294A92F8A131D01890F89911E3
:1024C80019B9FF212820FEF77DF803EB43010133FA
:1024D800114491F8A251E57091F8A35191F8A41113
:1024E80025716171002180F8991192F89811B3FB58
:1024F800F1F001FB103382F8A13192F8C23123B90F
:10250800174902F5DD7008F074FB65790D2200218A
:10251800684605F03F0545F0400565710AF0BAF9CF
:10252800E37804AA69468DF80F30304623798DF890
:102538000D508DF80E3004230AF016F99DF81F305F
:1025480023709DF81E3063709DF81D30A37008B08D
:1025580070BD03216018FEF7B7FCD6E7E80B002032
:1025680015240000044B1A79824286BF1B1893F881
:1025780050010020704700BFE80B0020044B1A7977
:10258800824286BF1B1893F848010020704700BF9D
:10259800E80B0020074B00224FF461711A701A7182
:1025A80083F8C32183F8C421A3F8C61183F8C22194
:1025B800704700BFE80B00202DE9F04782468946A6
:1025C80017469846FFF790FE08280546064603D0AA
:1025D800FFF7ACFE082860D1324C2379072B5ED870
:1025E800082D15D12678731C072E237003D96C216A
:1025F8002820FDF7E7FF06F12B02D9F8000004EBCD
:10260800C20344F83200B9F8042083F806A09A807F
:10261800257907F110026B1C29012371CB1D234476
:1026280012F8010DBA4203F8010FF9D1873108F108
:102638001003214413F8012D984501F8012FF9D111
:1026480025441021404608F00CF8102185F848016F
:10265800384608F006F885F808612679002385F8D9
:1026680050013146104885F8403107F0CAFF01286B
:10267800054607D831460D4807F0C3FF002818BFA4
:102688000135EDB284F898510025284684F8A15107
:10269800FFF7BCFE2846BDE8F0871220FBE70720BD
:1026A800F9E700BFE80B0020300D0020380D0020AE
:1026B800064B10B51879013840B2002800DA10BD71
:1026C800C4B22046FFF746FE601EF5E7E80B00207F
:1026D800014B83F8C3017047E80B0020014B93F8C6
:1026E800C3017047E80B0020431E4AF2B7129BB2A1
:1026F80093429DBF024BA3F8C601012000207047FA
:10270800E80B0020014BB3F8C6017047E80B002026
:102718000A4B30B51C7984420ED9184490F8080148
:102728002B3003EBC004A5790D7053F8300010600E
:102738000120A388938030BD0020FCE7E80B00202F
:102748000246074810B590F8C34124B1017921B178
:10275800083003F089F8204610BD0C46FBE700BF9F
:10276800E80B00202DE9F74F2F4C9A468046894602
:102778002379834256D9231893F8485185F00105E7
:10278800F9B193F85031E3B945F002070135BAF1D0
:10279800000F18D1FA070AD5062104EB0810524693
:1027A80001FB0841883001F58871FFF77DFEBB0702
:1027B80034D504EB0810524649460830FFF774FE3A
:1027C8002CE02F46E3E794F8A1614FF0010B002DB0
:1027D800E0D0A31993F89911019399B90092DAB14D
:1027E80000F0D0FA019B06EB4601009A4FEA102C44
:1027F80083F899B1214481F8A201000C81F8A3C1A2
:1028080081F8A401013694F89831013DB6FBF3F143
:1028180003FB1166F6B2DAE747F00407384603B05F
:10282800BDE8F08F0027F9E7E80B0020074B1A797D
:10283800824209D91A1892F848212AB9062202FBBD
:10284800003000F58870704700207047E80B0020C2
:10285800064B1A79824281BF1B1893F84001B0FADF
:1028680080F0400998BF0020704700BFE80B0020A7
:10287800F8B50E46074606211546304607F0F1FE24
:10288800044670B10C4B0022187903F23F13D1B201
:10289800884202D801242046F8BD013203F8015FBE
:1028A800F5E73146384607F0C8FE0828F3D0024B52
:1028B800034483F84051EDE7E80B0020034B80F810
:1028C80074101B680BB1408818477047C811002066
:1028D8000B2808B504D940F229112920FDF772FE0A
:1028E800014B33F8100008BD7C8A0200036830B53C
:1028F8000024D3F8C40042F21075A3F84040A3F8AE
:102908004640B3F848404443B4FBF1F4A3F84840C8
:102918004C1E05FB0242B2FBF1F2A3F84220094A21
:10292800B2FBF1F20132A3F84C209A8F05FB024466
:102938005A6B5043B4FBF1F4B0FBF1F09C6358635D
:1029480030BD00BF005A62020346084671B13F2BF2
:102958000BD8074AD35C03F07F02914205D08CBFA5
:102968000120002000EAD31070470120704700BF03
:10297800948A0200FF230B7002234B7083238B7011
:10298800014B1B78CB707047B40D00202DE9F84F30
:10299800D0F804800C46D8F81860304606F049FE96
:1029A800054620B94FF4AA711020FDF70BFE014629
:1029B800304606F04CFEB5F800B082461FFA8BF799
:1029C80017B94FF4AC71EFE7224B00F103091B680C
:1029D800D3B998F8023098F803202370637802F08E
:1029E8000F02A4F802B023F00F03134323F0C0032F
:1029F80063709AF8003003F00303012B0FD0022B09
:102A08000DD04FF4BB71CFE73A464946B8F80200FB
:102A1800984705460028DCD12846BDE8F88F62783B
:102A2800304663F30512627006F017FE054610B9CA
:102A38004FF4C071B8E7FB2F02D940F28F11B3E70A
:102A48003A464946201D06F081FA304606F060FDF8
:102A5800E2E700BFCC11002038B5134C102200214A
:102A6800201D09F017FF0125257404F10803102221
:102A7800002104F11400C4E9013309F00BFF84F8C4
:102A8800205004F11803094AC4E90533002363629E
:102A9800A36284F82C30C4F82D30C4F8313084F89F
:102AA80035301360A36338BDB40D0020CC1100206D
:102AB80010B5084C2378FF2B04D040F29911102050
:102AC800FDF780FD06F0AEF92070BDE81040FFF775
:102AD800C3BF00BF7D00002010B5034C207806F06E
:102AE800BBF9FF23237010BD7D000020014B18782F
:102AF80006F0C2B97D000020014B024A1A607047F7
:102B0800D0110020952900002DE9F341DFF86881F4
:102B1800054608F11407D8F80830D8F81840227A82
:102B2800012A22D1D8F8382052B1137A1BB9BF2113
:102B38001020FDF747FDD8F83840C4B9002083E0DD
:102B48001A7A012AFAD01C464C4AEFF3108172B661
:102B580050680068506001B962B6A34208BFC8F85F
:102B68003840237A1BB9EE21E2E73A46EDE7267AA8
:102B7800F6B205232372731E0B2B6ED8DFE803F021
:102B88006A062235676D3E6D6D6D6D5B636813B9BE
:102B98004FF40371CCE72046294698470420EFF309
:102BA800108272B6237A052BD9B24FF0000359D19F
:102BB8002372D8F83810A14201D1C8F83830B2BB16
:102BC80062B634E0636813B940F21521B0E72946CC
:102BD800204698470346ADF80400C0B2C3F3072364
:102BE800012B2FD0022BDAD11AE0636813B940F217
:102BF8001D219DE7204698470020D0E763680BB960
:102C0800FE2195E786222A7001225988AA706A71E6
:102C180000225869A5F80310AA7106F079FC04206F
:102C2800D8F83830A34202D10023C8F83830002839
:102C38003FF471AF08E0124B294620461B689847BD
:102C4800034668B9267298B102B0BDE8F0814FF426
:102C580015716DE740F257216AE740F25A2167E79C
:102C68000220DDE711B940F27B2161E71846A6E7AB
:102C7800002B7FF450AF61E7B40D0020B80D0020A1
:102C8800D0110020134610B5027A22B140F2023169
:102C98001020FDF797FC0A4601460248BDE810409F
:102CA80007F084BFB80D0020044890F82C301BB9F9
:102CB8000349243007F097BF704700BFB40D0020C8
:102CC800A5AB00000346064890F83C203AB190F8BE
:102CD800352022B9034900F82D3B07F084BF70471F
:102CE800B40D00207D2900000A4610B5037A23B1EF
:102CF80040F20A311020FDF765FC0146072302481F
:102D0800BDE8104007F052BFC80D00201346027AF4
:102D18000AB1037270470A460146014807F046BFE8
:102D2800B80D00201B234FF01B128384038482619B
:102D38008382C260038539B94FF4A473034AC384FC
:102D48004384C261C3820261704700BF48014801E1
:102D5800014907F051BF00BF07AC00000B8BA2F878
:102D680009001046A2F80B304B8BA2F80D308B8B64
:102D7800A2F80F30CB8B0249A2F8113007F036BF0A
:102D880057AC0000094AD2E90003434083EAB01176
:102D980081EA43214FEAF34311605360044B5843DF
:102DA8004FEAF06000EB8000704700BFF40D002090
:102DB800BB79379E094AD2E90003434083EAB01140
:102DC80081EA43214FEAF34311605360044B5843AF
:102DD8004FEAF06000EB8000704700BF80000020E1
:102DE800BB79379E10B50A4C08210948FEF76CF8E4
:102DF800D4E900321343F7D0064CFFF7DBFF20601D
:102E0800FFF7D8FF236860601843F6D010BD00BFF5
:102E180080000020F40D0020174B184A9A60184AC9
:102E28005A60184A1A60184A9A62184ADA62184AA6
:102E3800DA60184A9A61184A1A63184A1A62184AD4
:102E4800DA64184A9A64184A5A62184B184A9A60FF
:102E5800184A5A62184ADA62184A1A61184A5A61B4
:102E6800184A9A61184A1A63184A9A64184ADA641E
:102E7800184A9A63704700BFD411002091AF000030
:102E8800B7AF00001DB00000D9B0000023B10000AA
:102E9800E131000035B1000049340000DD320000A6
:102EA800F9B1000011B2000029330000D41200204B
:102EB800A7AF0000CDB1000053B1000003B100007E
:102EC80073B100006D32000097B200003FB20000FD
:102ED80031B20000B7B10000044B054A5A65054BF2
:102EE800054A1A65054A5A65704700BFD411002083
:102EF80045B30000D41200202FB30000B1B3000086
:102F0800054B064A9A65064A1A66064B064A9A65AA
:102F1800064ADA65704700BFD411002079A3000083
:102F28002DA40000D4120020C9A20000ADA5000005
:102F380037B5044601A80D46FFF75AF920B94FF4F2
:102F4800AA615120FDF73EFB00212222019809F0D9
:102F5800A1FC019B194601F8035F023D232D00F2F5
:102F68008980DFE805F02587128A8A25872B878ADA
:102F7800313D418787458A8A4E4E656587878787B1
:102F8800878787878787876C778021680D20D1F8A6
:102F9800CE215A60D1F8D2219A602268D2F89420C2
:102FA800DA60FFF731F9002869D140F25751C8E7D4
:102FB800226892F8A02002201A71F2E7204600F059
:102FC80005FA0028EDD13DE0112206201A71592298
:102FD8005A7100229A718022DA7130221A72E0E75F
:102FE800226892F89A20E6E7084600F0DDF9E8E75B
:102FF800226892F89B10197192F89A2003205A714E
:10300800CFE722680920B2F800111971090A59712D
:10301800B2F8A2109971090AD971B2F8FC101972A4
:10302800090A5972B2F8A0209A72120ADA72B8E73D
:10303800226892F82E11197192F82F21DEE7114BB0
:103048001B6813B940F249517BE723202246984771
:103058000420A6E70B4B1B68002BF3D02246242044
:10306800984705209DE7074B1B68002BEAD02246AE
:103078002520F5E740F2445163E7012091E703B0CA
:1030880030BD00BFD41300203F289ABF024B53F82D
:1030980020000020704700BFD41100203F289ABFAD
:1030A800024B53F820000020704700BFD4120020C4
:1030B800F7B5056804464FF6FF77D5F8BC600DF103
:1030C80002010DF101023046ADF8027006F0D9F99F
:1030D80001A9304606F0F7F948B1019806F0BBFAA5
:1030E8002168A83100220272FFF7FEFDE7E70449D4
:1030F80005F1280003B0BDE8F04007F077BD00BF38
:1031080025AF0000F0B5044685B00D46FF2600F84F
:10311800A56C10F8A63CF3B1174F3B781BB16221A0
:103128001F20FDF74FFA0C21381DFDF7CDFE3E702C
:10313800002304F8A53C8A232A4602F8033BD4F866
:103148000930C5F80330D4F80D305360D4F8113085
:10315800936005B0F0BD01A80C21FDF7B5FEA4F5FC
:10316800F473039A1A6001AB03CB44F8AE0C44F82D
:10317800AA1C04F8A66CDBE7FC0D002010B5054C72
:1031880023782BB90C21201DFDF79EFEFF23237009
:1031980010BD00BFFC0D0020024690F8D631BBB927
:1031A80090F8D73103F0FF010BB100207047094BAD
:1031B80018780028F9D01970D9680433C2F8941027
:1031C80003CBC2F8CE01C2F8D211FF2382F8D63160
:1031D80001207047FC0D0020026838B5D37B0446F7
:1031E8000D463BB1122B05D0103B0F2B8CBF012095
:1031F800082038BD92F8563013B9204607F054FE1F
:10320800D5F80B302268C2F8C631D5F80F30C2F8AD
:10321800CA312368D5F81320C3F89020B3F8AA2040
:10322800A3F88522D5F80120C3F88722D5F8052010
:10323800C3F88B222368B5F809200025A3F88F224C
:10324800236883F89E5183F8D6512068044900F515
:103258001F7007F0C8FC236815222846DA73C8E7F0
:103268000D310000036810B5DA7B04461F2A04D02C
:1032780040F29D211F20FDF7A5F9002193F8562063
:10328800B3F8AA0083F8551082B1C3F8A91183F8DE
:103298005610A3F8AD11A3F8AA0103F5D0700B4995
:1032A80007F0A1FC23680022DA7310BD0121A3F8FE
:1032B800990183F8982103F28F1083F89B1183F802
:1032C8009F210349A3F89C21EAE700BFC1B0000091
:1032D800A9B0000038B505682B6813F0010419D1AE
:1032E800D1F801200C4BD1F8051013400B4AC5F852
:1032F8006630C3F307630A4043F00803C5F86A2041
:1033080085F8693007F0D0FD2B68204643F00103AB
:103318002B6038BD0120FCE72FC904F76FDB008064
:10332800006810B5837B042B28D1D1F801304A1CE2
:10333800D1F80540C0F86630C3F30763C0F86A40A7
:1033480043F0080380F86930002380F84E30837317
:1033580090F8713103F0FF040BB1002010BDB0F8F4
:10336800AA3000F2691044724381D1F8013004494F
:10337800C3605368036107F036FCEEE70120EDE710
:103388008DB10000006890F871314BB9B0F8AA30DF
:1033980000F26910034943811A23437207F023BCE2
:1033A800704700BF8DB1000010B50446FEF7CAFE95
:1033B800044A054B024009200B40C4F80120C4F818
:1033C800053010BD2FC904F76FDB008037B50C46F8
:1033D8000568FEF7B7FE0A4B0A4A03400A4095F80B
:1033E800661000930B4001928DF800306B4603CBBA
:1033F800C4F801000920C4F8051003B030BD00BFAF
:103408002FC904F76FDB008038B5DB04154604D5F7
:10341800037D13B10023436338BD446B0134446317
:1034280007F014FF836B9C42F6D3002303494363E0
:103438002846BDE8384007F0DFBB00BFEDB100000B
:1034480038B504680546A37B012B02D0236898078A
:1034580038D494F857309A0713D44A78D80784F8A0
:1034680061204A88A4F862208A88A4F8642043F07E
:10347800020284F857200FD5134904F1580007F0C9
:10348800BBFB94F85730D90711D423689A0708D59D
:1034980058214020FDF796F894F83231002BEBD1F3
:1034A800EFE743F002032846236007F0FDFCA37B07
:1034B800012B4FF0000301D0002038BDA37384F81E
:1034C8004E30F9E70120F8E775B2000070B50568DD
:1034D800044602F085F9054B0146E8721B681BB1EA
:1034E8002046BDE87040184770BD00BFDC130020BF
:1034F800024B1B6803B11847704700BFD813002060
:10350800F0B51F4D00242B7814709BB1013B6D68FA
:10351800DBB21E1B012E0FDC05EBC40655F8347018
:1035280076688E4208BF874227D0B84271EB0606FC
:1035380012D214700020F0BD1E197710C6F347068A
:1035480055F837C005EBC70E8445DEF804708F4187
:103558002CBF33463446DCE705EBC30455F833503B
:1035680064688C4208BF854206D0A84271EB040407
:1035780028BF01331370DDE71C4601201470DAE719
:103588001C0E002010F0070208B503D06321482064
:10359800FDF718F818B1034B197258601A70C80073
:1035A80008BD00BF1C0E0020014B00221A70704796
:1035B8001C0E0020FF23084A0B700D234B7082233A
:1035C8008B701368C1F803305368C1F807309368EB
:1035D800C1F80B30704700BF320E002016220021C0
:1035E800014809F057B900BF320E00200B4B5A7D35
:1035F80092B14A0610D5B0F8AA2009491A80D0F825
:1036080050225A60D0F854229A60C28803F10C0004
:103618005A800222FFF77ABB704700BF320E0020A3
:10362800BD350000094B53F8203003F5224370B52F
:10363800B13316464FF47A720C46B3FBF2F53444B4
:1036480002F032FF2C44204470BD00BF9C8B020066
:103658002DE9F04F8BB0044698460F46039290F838
:10366800159106F08DFD824694F81F01FFF730F999
:10367800824407F050FEE37B00F148061FFA8AFAFD
:103688000293039B002B4AD1637B032B47D1029BF8
:103698000C2B32D1B4F86C32BB422ED1D4F8F031B5
:1036A8002046B4F8C421C4F8E031D4F8C430C4F8D2
:1036B800E431B4F862321344C4F8E83102F03CF85B
:1036C800D4F8742241F64B5194F81D31C4F8C42043
:1036D8008A428CBF002303F00103D4F87012D4F897
:1036E8007822C4F8D41084F81E310223B4F86E127C
:1036F800C4F8CC20A4F8D8106373E37BA17B282BF3
:1037080001D028290BD1B4F86C32FB1A1A0406D45C
:10371800A1F1280320465942594101F0B9FBB4F8F8
:10372800605204F50C73B4F806E07D1B94F815B1EB
:10373800A7EB0E0E04932DB20FFA8EFE002D0FDAB2
:103748007546D4E99223C4E996230122637B032BAF
:1037580000F26481DFE813F0060006015A0029012F
:103768004246F3E70121002006F0C4FF8146D4F861
:10377800D4005146484403F019FE5146C4F8EC0100
:10378800D4F8C40003F012FE07A9C4F8F00108A891
:1037980002F0FAFD079B0093DDE90823D4E99601BE
:1037A80008F065FC834604F1A80007F026FED4F86B
:1037B800D420D4F8643294F81501D51802F07CFEB0
:1037C800D4F8EC1100F52240203D4FF47A73B13063
:1037D80032466D1A3031AD1BB0FBF3F04D44B4F8EE
:1037E800D830A5EB0B0503EB41012D1A94F8150110
:1037F800FFF718FFD4F86432C4F8F401EB1AB92BB8
:103808005DD840F2C6413020FCF7DCFED4F8D43055
:103818005146D4F8E401184403F0C8FD5146C4F8F1
:10382800EC01D4F8C40003F0C1FDC4F8F00104F1C0
:10383800A80007F0E2FDD4F8D430D4F8E4511D44D0
:10384800B4F8C431002B40F08980B8F1000F00F0C3
:10385800858094F8150102F02FFED4F8EC11D4F805
:10386800503200F522406D1A94F81521B130203DF0
:103878001D44854B53F822204FF47A7302F2E73245
:10388800D4E9929AB2FBF3F2A5EB0905B0FBF3F089
:103898001544AD1B2D1AD4F8E821D4F8E03194F87A
:1038A800150102FB0313B4F8D8103246303301EB8C
:1038B8004301FFF7B7FE0123C4F8F4016373D4F89A
:1038C800C430D4F8F021723B9B1A9E1B0023864219
:1038D80084F83032D4E9963228BF064604F1DC0079
:1038E8005B19C4F8C06142F10002C4E9903207F0E4
:1038F800F8F904233044A4F8607284F83932C4F823
:103908003402D4E99023C4E99623B4F8B031DB1B20
:103918001BB2002BD4BF00220122520084F83822A7
:10392800029A0C2A7DD0B8F1000F7DD1637B002B61
:1039380000F09680D4F8C41004F50C70D4F8F03177
:10394800C91A06F09AFE80B2002800F08980149BFC
:1039580003B1188001200BB0BDE8F08FD4F8EC114A
:103968006D1A98E7D4F8F001D4F8C430B4F8C4C19B
:103978001B1AD4F8E811F444D4F8E0215D43D4F8D4
:10398800EC31ACEB010C30330CF1FF3C02FB0133A2
:10399800B4F8D810324600FB0C3301EB430158460B
:1039A800FFF740FEC4F8F40189E7D4F8F0A1D4F891
:1039B800C430B4F8C4C1A3EB0A035D4332B3BCF10D
:1039C800000F23D1D4E99423D4E99201904271EBFA
:1039D800030302D340F20D5115E72B4B203A53F85D
:1039E80029304FF47A79D4E99201CDE9040103F240
:1039F800E73103F522430498B133121AB1FBF9F108
:103A0800B3FBF9F30A44D21A921B15440CEB0E01CE
:103A180032460AFB01F130314900C0E740F2255136
:103A2800F1E6B8F1000F1BD0B4F8D80110B3B4F820
:103A3800DA1194F8DC214D1CA4F8DA1101FB0222FA
:103A480090420DDD002B0BDD0023A4F8DA5184F839
:103A58003832FFF797F900F00700013084F8DC01ED
:103A680004F50C7104F5027004F048FC20B940F22A
:103A78007551C8E60146DCE7039B83F0010384F82F
:103A88000032002067E700BF9C8B02002DE9F84355
:103A98000E46044618B9D3213020FCF793FD0529BA
:103AA80000F2A780DFE801F00376413DA52E08F07B
:103AB80082FBC4E94601204600F06AFFD4F80C01F5
:103AC800A43808F0CEFA204608F03DF8054600BBB9
:103AD8000146204607F074FF00F1AE06D4F80C0149
:103AE800B04209D2301A0321192838BF192008F02A
:103AF80034FB60B108F0B7FAC4F80C61204608F04E
:103B080034F845B12046BDE8F84308F02FB8012540
:103B1800F2E70025F2E7D4E94623C4E94023BDE8EB
:103B2800F883BDE8F84302F03BBC07F054FF0423D8
:103B38008146884684F8113108F091FA07220F4629
:103B4800A9FB023102FB0811D4E940525B1941EB91
:103B58000205D4F8E8203AB159EA080204D098429C
:103B680077EB050228BF012684F81061D4E94826BE
:103B7800121A66EB070694F8301139B9012A76F162
:103B880000010BDA204600F00BFF03E0012A76F172
:103B98000006F7DB002384F82831C0E7984277EB6A
:103BA80005010FD259EA08080CD01B1A65EB07016A
:103BB8009A4276EB010005DB012B71F10000A4BFEE
:103BC8001A460E460C49012304F1C000914284F8BC
:103BD80029314FF0000384F80831B341B8BF0A46D1
:103BE80004F5847104F002FC002898D140F2B16118
:103BF80052E7EF2150E700BF0040420F2DE9F8439C
:103C080004460E46154690F8283103F0FF07002BAE
:103C180040F0918000F1C00839467822404608F00B
:103C280039FE22464549404608F037FBC4F8E860AB
:103C3800FF2384F8283166B1FFF7BCF800F00700CD
:103C480032463F49013086F8DC0106F5027008F07B
:103C580024FB40F20243A4F81031002384F8083111
:103C680003F0FAFB00F14906204607F06CFF014615
:103C7800B6B2B0B306F084FA00F12801284689B23A
:103C880003F094FB2844AE3DC4F80C0108F0E7F9B2
:103C9800301841F10001C4E94601012084F8EC0024
:103CA80007F0FBFF2D1AC4F8F0504FF0FF356FF006
:103CB80000414046D4E94623C4E94851002504F5AB
:103CC8008471C4E93E23C4E9402384F8295142F2AF
:103CD800107204F08BFB38BB4FF4DC713020FCF71A
:103CE80071FC2046DFF85C9007F06AFEAE30C4F83D
:103CF8000C01B9F8000048B1E08B38B1FFF75AF869
:103D0800B9F80030B0FBF3F202FB1300064408F0E8
:103D1800A6F9361841F10001C4E94661002DC4D066
:103D2800AD1941F10001C4E72946204607F020FFFC
:103D38003846BDE8F8830C27FAE700BF953A00003B
:103D48001DB40000480E0020F0B5002385B0CDE971
:103D5800003301238DF806306846FCF795FF70B1F3
:103D68000123104EB3700023CDE9023302A8FCF7FB
:103D78008BFF044638B10023B37005B0F0BD00983E
:103D880007F030FCE8E7029D6B7B002BEED005F5D1
:103D98000277384608F088F9384608F091F96C73CC
:103DA800E4E700BF480E0020044B0022DA709A7046
:103DB80042F210721A80FFF7C7BF00BF480E0020FA
:103DC800014BD870704700BF480E002008B502F0BC
:103DD80009F8044B5A6882422ABF9878002080F07C
:103DE800010008BD480E0020F7B5044606297BD817
:103DF800DFE801F004251523282D74003C4B9B783F
:103E080003F0FF025BB900920123B0F8B411FFF789
:103E18001FFC30B140F2CD613020FCF7D3FB042306
:103E2800637302F07FF904F055FA0023E288A4F8DE
:103E38006232A4F8FE2184F8013203B0F0BD0323F6
:103E48004373FAE708F088F8C4E99401F5E790F8B5
:103E5800150107F0C2FA6430D4F8F0319528D4F887
:103E6800C450234F8CBF0020C0F19600C218954261
:103E780088BFED1AFB7894BF00252D1A23B9D4F812
:103E8800DC309D4228BF1D46D4F8C06104F1DC0037
:103E980006F027FF0644022008F035F90221AD1B81
:103EA80025EAE575854228BF0546284608F055F9F4
:103EB80010B12E4408F0D7F80123C922314604F185
:103EC800A80006F0B9FFD4F8C0317860D4F8C4006F
:103ED800184403B0BDE8F04008F0C3B8A83003B0F8
:103EE800BDE8F04007F089BA40F29B7194E700BF43
:103EF800480E0020014B1880704700BF480E002074
:103F08000346074A1068D3F84920C0F80320B3F8DD
:103F18004D20A0F8072093F8481006F03BBD00BFDD
:103F2800500E002070B504460E461346807D658805
:103F3800324615F0040118BF04F15701FEF712FCD0
:103F48004107054621D4C2070BD50123A07D84F87B
:103F58004830FEF76BFC0368C4F849308388A4F83E
:103F68004D30AB0701D4012070BD094B0121186801
:103F7800D4F8573084F85610C0F80930B4F85B30DC
:103F8800A0F80D3006F00FFDEDE70020ECE700BFCC
:103F9800500E002038B5C38C04460F4D0133C3F3CF
:103FA8000E03C3842B7C2BB102F0BAF901F0B4FCE8
:103FB80000232B7400232B7194F869302BB1012155
:103FC8002046BDE8384007F0D8BB637C13B1E28CCB
:103FD8009A42F4D20021F3E7500E002010B5074CA6
:103FE8002379012B05D1237C1BB102F099F901F04B
:103FF80093FCA069BDE81040FFF7CCBF500E00202D
:1040080070B5254C2379012B04D040F682412D2030
:10401800FCF7D8FA98B90125237C1BB102F080F986
:1040280001F07AFC002D36D0A06907F0F6FA68B3E3
:1040380002F024F8E369BDE870409B6818472168DE
:10404800A26911F8095B02F1490392F84820E809CE
:1040580006F0B9FA0028DED00021206806F0C8FC76
:104068000028D8D02379A069012B02D040F65C4102
:10407800CDE7237905F00F01E26903F18043526926
:10408800013B52F8233098470546C5E7A069BDE8CB
:104098007040FFF77FBF70BD500E00200346074AEF
:1040A800906903B909B9FFF775BF1379D26903F1AC
:1040B80080431269023B52F823301847500E002003
:1040C80003292DE9F043054685B0174607D14388F3
:1040D800980723D40024204605B0BDE8F083428821
:1040E80090F86830D107DBB2F4D5002BF2D14FF04D
:1040F8000108DFF8D49099F81060C6B106F0A7FA65
:104108000828387016D002AA0DF10701FEF700FB47
:1041180038B940F6F7612D20FCF754FA4FF0020841
:10412800E7E702A99DF8070007F0DDF806463B78A7
:10413800082B08D1D9F8001011F8030BC0F3801030
:1041480007F0D1F80646D9F8001005F1500395F8A4
:104158004F2011F8030BC0F3801006F034FAD9F899
:104168000010044611F8030BC0F3801006F065FA3E
:104178008146FEF76DFB40B1B9F1080F1BD04846E8
:10418800FEF7F0F980F00103D8B23A78082A14D083
:104198001CB9AC7DA21A544254416A8853079AD478
:1041A800002897D176B9EC7C444518BF002C0CBF89
:1041B800012400248FE70020E7E780F00102224075
:1041C800D4B2EAE7344686E7500E00202DE9F04FD6
:1041D80085B00823052104460DF107028DF8073044
:1041E800FFF76EFF064620B90026304605B0BDE849
:1041F800F08F794F396807F112037A7C11F8030BB5
:10420800C0F3801006F0DFF980460028ECD13B6847
:1042180040F2E249A16918468D7D10F8032BC2F3DC
:1042280040122A401D468A75D3F80320C1F8AD20F4
:104238008288A1F8B12015F81F1BA269C1F380116B
:1042480082F8AC1002A9D3F81F00029028790871EF
:10425800D3F80F00C2F8C800587D1D7D000440EA5D
:104268000520DD7C2843C2F8D000B3F8190082F895
:104278001E8109FB00F0C2F8C4009D7DC5EB451006
:1042880005EB800505EB85056D00A2F8D850B3F85D
:10429800170009FB00F0C2F8D400B3F81B00A2F81D
:1042A800CC00B3F81D00A2F8CE0093F8243003F038
:1042B8001F005B0982F8220082F81F31A56994F972
:1042C80012A005F1160006F0C2FA40F20113A5F893
:1042D80014314FF0FF0B85F816B1414605F1DC00AB
:1042E800FEF720FD514605F1A800FEF7E7FAA3699D
:1042F80084F8738004F17E01B3F8AA2084F891B0A1
:10430800A4F874204FF6FF729DF80700A4F89220D5
:10431800D3F8C420B2FBF9F2A4F88A20B3F8CC2071
:10432800A4F88C20B3F8CE20A4F88E2093F81F218F
:1043380084F89020627D62B394F84820012A28D13D
:1043480094F84E2002F0C002402A22D1D4F8492025
:10435800C4F87E20B4F84D208A80082893F8AC2051
:1043680003F1AD0504F1840184F8772004F17802A3
:10437800D3F8AD3027D0C4F88430AB888B8004F1F3
:104388007701FEF7C5F940B940F6E2312D20FCF778
:1043980019F90022C4F87E20DEE794F8773043F05C
:1043A800020384F8773004F16A000C4906F01BFC1C
:1043B8000B4B0022A0691B683A71002B3FF415AF24
:1043C8002146984711E7A367AB8893800023C4F878
:1043D80084308B80E7E700BF500E0020E5B800006E
:1043E800E4130020032937B5044604D0052957D023
:1043F800012003B030BD08230DF107028DF8073006
:10440800FFF75EFE0028F3D0237C2A4D03B39DF806
:10441800070094F8B630DBB92378082804F1B9020C
:1044280084F8B7302DD004F1B801FEF771F920B93E
:104438004FF477612D20FCF7C5F894F8B83043F0B5
:10444800020384F8B8301C4904F1AE0006F0CBFB37
:104458002B68042220461A7006225A70FFF750FD76
:10446800616B94F83820286806F0B3FA03232868AB
:104478002B7101F0E1FE0021286807F083FD002080
:10448800B7E72868034613F8031BC1F3801184F8C3
:10449800B810D0F80310C4F8B9109B889380D2E7FD
:1044A800064B1B68002BEAD0984780F00100C0B289
:1044B8009FE700BF500E0020CDB80000E013002099
:1044C800F8B504460F4619B300F12005284607F051
:1044D800C1FBA0B963881A072ED5284607F0CFFB81
:1044E8000646284607F0B6FB301AC0B207F0D5FBDF
:1044F800494A936803442846936007F08AFB284694
:1045080007F08CFB01F028FD2179252001F08EFCB5
:10451800414E002394F85620306803704370638836
:10452800103B0D2B68D8DFE803F063675F0C674426
:1045380067676767676767442046BDE8F840FFF725
:1045480029BD06234370202303702046FFF7D8FCBB
:10455800638823F008039BB2152B05D094F830200C
:10456800E16A306806F026FA306801F065FE00213D
:10457800306807F007FD022321790020337101F02C
:10458800F9FC054607B9F06063881B0704D507F0F6
:1045980081FB0544C4F8F4506388103B0D2B36D8D2
:1045A800DFE803F038352F2F352F353535353535DC
:1045B800352F0C2321214370034603F8091B52B100
:1045C800D4F857200121C0F80920B4F85B209A805C
:1045D80006F0E9F9B9E7226DC0F80920B4F85420CB
:1045E8009A8094F84F10F3E7062303704370ACE702
:1045F800022303700623F9E740F259612D20FBF7E7
:10460800E1FF21790120BDE8F84001F0A3BE40F6A2
:10461800F541F3E7F8BD00BF500E002038B54388D8
:104628000446102B04D10121BDE83840FFF748BFEC
:104638000B4D2B7C23B101F049F9402001F064FEB9
:10464800286801F0F9FD608810F0040002D1217992
:1046580001F080FE002001F03DFE01232B7138BDE2
:10466800500E0020024B01219869FFF729BF00BFB7
:10467800500E002010B5124C237C1BB101F050FEE7
:1046880001F04AF9A06906F0C8FF38B12379012B77
:1046980009D040F686312D20FBF794FFA069BDE8CC
:1046A8001040FFF777BC2379E26903F18043A069E2
:1046B800D268013BBDE8104052F82330184700BFCC
:1046C800500E0020074810B5037903F0FF0433B9F2
:1046D80014222146043008F0DDF8204610BD0C24D1
:1046E800FBE700BF500E002010B50023094C2371D2
:1046F800FDF714FD2060FFF7E5FF20B14FF442718C
:104708002D20FBF75FFFE36913B940F20B31F7E7A0
:1047180010BD00BF500E0020014B024ADA617047FD
:10472800500E0020F0490000034B044A1A60044B65
:10473800044A1A60704700BFE0130020D54100000A
:10474800E413002035B70000F8B5057D0446AF1E18
:10475800FFB2002D3AD0012F2DD800F1500190F86A
:104768004F0005F06AFF0828064624D0FDF706FF2B
:1047780010BB023D18BF0125012F84F84850A675CB
:104788008CBF002701276775FDF7BCFF054607F0BA
:1047980066FC0022144B84F85620E5FB0301C4E9AB
:1047A800100111462046FFF7BDFB70B940F2A34146
:1047B8002D20FBF707FF0826022D09D104F1490136
:1047C8000020FDF76BFD60B90020F8BD0826F5E76D
:1047D80004F149010120FDF761FD0028F4D001250D
:1047E800CAE70025C8E700BF40420F00F0B5444EB5
:1047F80085B00446327902F0FF0312B90278FF2A25
:1048080004D140F6DD112D20FBF7DCFEB36080F803
:1048180069303C4B684604F1200500933A4B0193FC
:104828003A4B0293F3695B68039301F0FDFC01F0D6
:1048380029FB01F075FD01F06FF8354801F082FBA6
:10484800344801F0EBFC284607F0E3F9284607F066
:10485800E5F901F081FB2179252001F0E7FA94F9C7
:10486800120001F069FB04F12C01A06A05F008F8B8
:10487800074604F13401A06A05F029F80546DFB1BE
:10488800237FCBB1B4F92650ED43ED0F637D13B907
:1048980063885B0709D56FF00043D4E910129A4288
:1048A80008BFB1F1FF3F0DD19DB930680330FDF766
:1048B80047FF307405B0F0BD002DE7D0657F002DAF
:1048C800E0D1E3E707F0CBFBD4E91023904299410C
:1048D800EAD3012229462046FFF724FB50B1FDF711
:1048E80011FF054607F0BBFB0B4BE5FB0301C4E9D1
:1048F8001001DAE7002DD8D040F61C2183E700BF6D
:10490800500E00207D46000009400000A540000030
:10491800D6BE898E5555550040420F0073B50446E2
:10492800FFF764FF00212046FFF7CAFD236E0BB195
:1049380001221A606388DB0724D50023124EA5697B
:10494800CDE90033FF2373746846FCF79DF9C8B9B5
:10495800009CA542F8D005F1B40395F8B32004F102
:10496800B40194F8B30005F02EFE0028ECD094F8BA
:10497800AC30B4F8B1207374D4F8AD30C6F8123046
:10498800024B9A8002B070BD500E0020620E0020CB
:10499800024B9861DB691B68184700BF500E002066
:1049A80043881B0710B504460FD583693C22094983
:1049B8006A304272B3F8AA304381FF2380F8273067
:1049C8004FF6FF73038506F00EF9FF2384F869306C
:1049D80010BD00BFE5B8000031B900002546000051
:1049E80037B90000ED43000025490000E53F00000D
:1049F8006D460000E0490000E4490000EC49000071
:104A08000138022808B503D9C4212F20FBF7DAFDA5
:104A180013290A4B05D811290CD8102907D0D221FF
:104A2800F3E71529FBD103EB4003D88801E033F8FD
:104A3800100008BD03EB40039889FAE7188B0200C1
:104A4800294A38B50346948810681C43402B948043
:104A580004D10421BDE83840FFF7C6B9802B01D145
:104A68000521F7E703F00304032C04D140F6B23123
:104A78003120FBF7A7FDDD0706D50C689160247887
:104A8800062C0FD00B2C17D09C0706D5096809787F
:104A98000529117319D00B2921D09B0644BF08237F
:104AA800537338BDC47B1B2CEED100240025C0E90C
:104AB8001C450124C474E7E7C47B112C01BF002402
:104AC800C474012480F85640DEE7C17B1729E4D17D
:104AD800002400250121C0E91E450175DDE7C17BE1
:104AE8001029DAD10021F8E7700E00200C4A03469D
:104AF800517B89B910683BB9B0F80411B0F8E820C7
:104B0800914209D8FFF762B993881B0706D5007C44
:104B1800073818BF012070470020704701207047F0
:104B2800700E002073B5044600680D46036813F044
:104B3800300F49D1B1F805101A2904D9B5F8073052
:104B4800B3F5A47F06D22978204602B0BDE87040AC
:104B580006F0D3B9B5F801201A2AF4D9B5F80360DC
:104B6800B6F5A47FEFD3DC30009606F0CCF8174BEF
:104B78009A8892070DD51B7B142B0AD122681368DB
:104B880043F010031360204606F08EF9002002B0AF
:104B980070BD23689A7B202AF0D093F82331002B2C
:104BA800ECD1236893F82231002BE7D123681A68E7
:104BB80003F1DC01B3F8AA0042F020021A6003F501
:104BC800A472FEF7CBF8DEE70120E0E7700E0020C4
:104BD8002DE9F843614C0646256800287ED1A38854
:104BE8001A0725D595F89E30FE2B04D140F2FB51CB
:104BF8003120FBF7E7FCFE2385F89E30EB7B1D2B6D
:104C080005D185F85500204606F058F9EE73AB7BC0
:104C1800232B06D1EB7B233B072B94BF2A2324238A
:104C2800AB732B7C072B02BF0223A37385F89E303E
:104C3800A388DB0717D4A3885F0776D499077DD5A7
:104C4800207B012223680D2883F89F2073D0112828
:104C58007ED007287ED0FEF721FA034600286BD1C4
:104C680040F2EE51C4E7D4F80080A16898F80F30FC
:104C7800D1F80090103B99F800700F2B09D8BB1E93
:104C8800DBB2092B68D840F2333222FA03F3D80793
:104C980062D509793846FDF757FE20B939462F48BD
:104CA80006F02BF939E0012F01D9162F21D198F8F8
:104CB8000E0006F012F940B198F80E30232B04D0FC
:104CC800242B07D12A2388F80E303846FEF7DCF962
:104CD80003461BE0162F14BF02262026637B1B0702
:104CE80004D5EB7B103B0F2B98BF08263046BDE858
:104CF800F883112F15D005D8072F14D00D2FE4D124
:104D0800174B05E0142FE0D1164B1B68002BC5D0BC
:104D1800A268494611481279984700288BD0064660
:104D2800DCE7114BF4E7114BF2E72A7C062A04BFB3
:104D38000122A27382E70E4B08489847A388DA0637
:104D4800CCD52368DA7B092AC8D10A22DA73C5E7E9
:104D5800084BF1E7084BEFE70826BFE7700E002085
:104D680019BE0000E81300205DBE0000094E0000D7
:104D780043BD00008FBD0000B9BD00002DE9F04122
:104D8800A0F10E040B1E1646E4B208BF1F23172C11
:104D98000AD8012540F25121A5400D4207D115F44A
:104DA80060051FD1082C07D00020BDE8F081002144
:104DB800BDE8F04106F075BF1468A17B242906D12F
:104DC80019463046FDF7E6F984F82C5105E02A2902
:104DD800EAD1E37B233B072BF3D80023A37384F8A2
:104DE8004E30E1E7054A1468002CDDD01A4601462A
:104DF80023463046BDE8F041184700BFEC130020B9
:104E080070B54D780446A5F10E03DBB2152B0CD80E
:104E1800012140F2512201FA03F6164207D1026835
:104E2800152B927B2AD0082B07D0002070BD024694
:104E38002846BDE8704006F034BF242A01D02A2A4B
:104E4800F3D1204606F028F82368DA7B252AECD02F
:104E580093F867201A21204622F0010283F8672080
:104E6800226892F8673023F0080382F86730FDF76C
:104E780091F92368002283F82C21D6E72C2AD4D173
:104E8800024B1B68002BD0D09847CEE7F0130020C8
:104E98002DE9F04190F86E7204460D4690F86F6265
:104EA8007FBB90F8141176BB94F8153184F814116F
:104EB80084F81531FF2384F81631154B04F1A8083E
:104EC8001B680BB14046984794F82C31012B01D050
:104ED8003E4303D0237B43F001032373404605F090
:104EE80019FF18B1237B43F00203237306212046E0
:104EF800FEF77AFF002384F82C3135B1A373BDE89F
:104F0800F0813946CFE73346D0E7E573F7E700BFCE
:104F1800F413002073B5504D002604462860AE8077
:104F28006E73AE73FF2380F85030B0F8B231002BA7
:104F380000F08B8090F89E30FE2B40F0868090F831
:104F48002031002B00F08180037C063B012B7CD9AB
:104F580090F821310221A0F84860012280F8A030A1
:104F680006F0F8FE0221284684F8BA61FDF7E0FF52
:104F7800B4F8B6112046B4F8DA300139B4F8B821DB
:104F880089B2B1FBF3F31344A4F8B831B4F8403054
:104F98000B44A4F84030B4F8463001330B44A4F86D
:104FA8004630B4F8443001330B44A4F8443006F0DA
:104FB8001EFF10B1636B0B446363B4F8B231002673
:104FC800012B9CBF0133A4F8B23109B184F8BE614A
:104FD800E37B84F8BA61093B012B0FD8E388B4F866
:104FE8006C229B1A190409D404F26E2104F11600EC
:104FF80005F02DFCE673FF2384F84F30B4F8B62192
:1050080004F1A801204605F069FCE37B134A103B34
:1050180013490F2B8CBF002301230093114B2868E1
:10502800FCF79EFB2C68237BDA0703D500210A488E
:10503800FDF7B0F8237B9B0703D504F23F10FDF77B
:1050480087FE0023237302B070BD94F89E10FE29DA
:105058008ED001488AE700BF700E0020F54A000094
:10506800494A0000715000002DE9F047B24F0E4642
:105078008046B9883C688D05204655BFB4F8402065
:1050880000230132A4F840304CBF84F8BE31A4F8A4
:10509800402006F0ACFE38B10B4604F59B7204F1D3
:1050A800A8012046FEF7B0F9BB8803F4C06323B11A
:1050B800A37C002B45D0032B49D0A27CBB88012AB6
:1050C80003D1180544BF0222A274B8F1000F40F0C2
:1050D8008F80590657BFB4F8D8214246013292B2A0
:1050E800A4F8D82103F00A020A2A0CD13A7B022A32
:1050F80009D123F008033046BB80FFF769FD304330
:105108000823C6B2BB803046FFF762FD3D683043D6
:1051180095F89E30C6B2FE2B3BD1D6BB2B7C063B06
:10512800012B36D995F82031ABB195F82131012200
:105138000221A5F8486085F8A030284606F00AFE46
:1051480027E00121A1742046FEF74EFEB5E70223B1
:105158000121A374F7E795F80FA0AAF10F0A5FFAE7
:105168008AFABAF1100F40F2E9802B68DA0702D503
:1051780032460921E1E7980740F18D8032460C213B
:10518800284606F0E7FD95F8573043F0010385F807
:105198005730B4F8B83194F8BB510133A4F8B8319A
:1051A800002D00F0FB81FCF797FB10B10023A4F859
:1051B800B831A17C012940F22982237C072B40F0D9
:1051C8000582B4F84030022B40F22082B4F84250F5
:1051D8000135ADB2E3882B44A4F8B03194F8BC3162
:1051E800002B00F017820123E2881344A4F8B4319D
:1051F800BB883D685B0657BFB5F8C4310023B5F8D6
:10520800B6219B1858BF9BB2A5F8C43195F8203138
:105218001BB92B7C063B012B06D8B5F84830B5F8EE
:10522800B6211344A5F8483095F84E1031B1B5F8B9
:105238004A30B5F8B6211344A5F84A3095F95420F8
:10524800002AC1BFB5F85230B5F8B6011B18A5F849
:10525800523095F8313063B9B8F1000F40F06482EC
:10526800BB7B022B40F01C8295F8A030062B18BFA0
:10527800162395F8302022B92F4885F83130FDF7EC
:1052880017FF284606F013FE002384F85030BDE8C7
:10529800F047FCF7D5BF590702D5324613214CE732
:1052A8001A0706D595F89830324685F8A0300721B8
:1052B80043E713F0300F3AD095F82331002B5BD138
:1052C80095F82231D3B1EB7B05F1A80005F5917172
:1052D80005F26E22282B28D0AB7BA3F1280CDCF139
:1052E800000343EB0C0305F000FD2B6823F02003BB
:1052F80043F010032B60002385F822312B68DA066F
:105308003AD505F1A80005F005FD18B105F23F10E2
:10531800FDF71EFDB5F8FE3000221521A5F8A030D6
:10532800B5F80231A5F8A23007E70123DBE75B06F1
:1053380022D50022242100E7700E0020D7F8009023
:1053480099F80F30172B2DD011D8102B1DD0152BF5
:105358001FD0AB7B002B63D1EB7B0F3B102B67D9A6
:1053680095F83E30002B63D001221221E5E61F2B71
:10537800EFD1324606210AE03868C37B252B3FD09F
:10538800342BE6D100221121D8E632460B214846BB
:10539800D4E64846FDF700FF00283FF4FAAE0022A5
:1053A8000421F4E799F86832012B07D13246052128
:1053B800484606F0CFFC89F86862EAE699F8683250
:1053C800022BD9B27FF4E5AE99F8563053B10623D3
:1053D800324689F8A030484606F0BCFC002389F81C
:1053E8006832EAE73B6840F20632A3F89A20324670
:1053F80099F8663013F0040F0CBF0D211121EAE76C
:1054080090F82C31022B02D10022172196E690F851
:105418002C31012B9DD190F82D31002BF4D098E739
:10542800082B05D195F89930012285F8A0303EE780
:10543800BAF1100F7FF6ADAE3D6895F80E90B9F150
:10544800000F7FF4A6AE95F833313BB101220E214F
:10545800284606F07FFC85F83391AEE795F832319F
:1054680083B195F8579019F0030A0BD149F0010957
:1054780001220C21284606F06DFC85F8579085F826
:1054880032A19AE795F822313BB395F8233123BB33
:10549800EB7B05F1A80005F5917105F26E22282B2A
:1054A80019D0AB7BA3F1280CDCF1000343EB0C0310
:1054B80005F01BFC002385F822310122142128461F
:1054C80006F048FCB5F8FE30A5F8A030B5F8023172
:1054D800A5F8A2305DE60123EAE795F82C31012B07
:1054E8003FD195F82D31002B3BD1EA7BA2F1230364
:1054F800072B36D995F81401012806D0022804D0C4
:105508004FF43F710620FBF75DF895F81511012956
:1055180001D00229F4D1022895F82E310BD0012BA5
:1055280014BF0023012343B9093A042A7FF631AE98
:105538000122162101E6022BF2E7022995F82F3104
:105548000DD0012B14BF00230123002BECD0002128
:105558007848FCF71FFE002385F82C3119E6022B4A
:10556800F0E795F835314BB195F82D3133B9EB7B30
:10557800233B072B02D901222321DEE595F834319C
:10558800012B05D1002385F8343101222521D4E5EA
:1055980095F83431022B7FF4FCADF3E7FCF796F96C
:1055A80008B1A4F8B851FCF79FF900283FF401AE00
:1055B80094F8BE310133DBB2022B84F8BE3182BFCE
:1055C8000023A4F8B83184F8BE31F2E594F83E30EF
:1055D80013B1A37B0E2B19D1B4F840202046B4F8A0
:1055E8004630B4F842509A42A5F103052CBFAD1AD3
:1055F800ED1A06F0FCFB58B1A36B626B033B9B1AD8
:105608009D42A8BF1D46012D3FF7E3AD0125E1E509
:105618002B46F5E7012D7FF6E6ADE37B13B10A2BA8
:105628007FF4E1ADA37B002B7FF4DDAD237C002B61
:105638007FF4D9AD02297FF4D6AD94F8BE31002BA2
:105648007FF4D1ADD4F8BC00B4F8DA9003F06AFF67
:1056580000283FF4C8AD94F89E30FE2B7FF4C3AD0C
:10566800B4F8B231012B7FF6BEADB4F8B821B4F866
:10567800CC309A42BFF4B7AD013D9B1AADB29BB294
:10568800B5FBF9F59D4228BF1D4605FB09F3003D12
:1056980003F1010318BF01259BB284F8BA51A3E5B1
:1056A800012B08D16B7C002B7FF4E3AD0021284649
:1056B800FEF79AFBE8E55EB1F00633D4310733D440
:1056C800B20633D4B30733D140F61E3131201AE77E
:1056D80039B1B5F84A10B5F84C30994201D32223B4
:1056E800C7E5002A05DDB5F85220B5F84C309A42D6
:1056F800F5D2B5F84820B5F842309A4209D2AA7CCA
:10570800B5F8403052B1B5F842209A42CED80823B5
:10571800AFE595F82031002BE1D1F0E7052BC5D98D
:105728003E23A6E51E23A4E53D23A2E52323A0E509
:105738002A239EE5700E0020D0F87432D0F8C420D9
:10574800934213B50446019005D1D0F87812D0F8E9
:10575800CC20914216D0B4F8AA2004F27D1010494A
:10576800A4F8872140F2E242B3FBF2F3A4F88931AE
:10577800B4F87832A4F88B31B4F87A32A4F88D31C1
:1057880005F03AFAB4F87A2201A8D4F87412FDF7B1
:10579800ADF80023E3730323A37402B010BD00BF68
:1057A800FDAF000008B5FDF797FB024B024A1A60EF
:1057B80008BD00BFE81300202D4B0000074B93F9EC
:1057C80000301844142804DC10F17F0F03DB40B2CA
:1057D8007047142070476FF07E007047810E0020DC
:1057E8007F2307B50DF107008DF8073000F0A6FDFF
:1057F80003469DF9070053B1094B5B785B425BB2E6
:105808001844142806DC10F17F0F05DB40B203B002
:105818005DF804FB1420FAE76FF07E00F7E700BF9D
:10582800810E0020024B00221A705A70704700BF88
:10583800810E0020064BD3F8000138B1D3F80401DB
:1058480020B1D3F80801B0FA80F04009704700BFD2
:1058580000A00450034B00221A705A7010229A704C
:10586800704700BF840E0020F8B506460220144693
:105878000D4600F0CDF8114B114A01275C60191D47
:105888009A6002F1807203342D011F70DC601D8361
:10589800C3E904260022243303F80A2C0D2203F856
:1058A800092C084AC2F83015074903C983E80300E0
:1058B800C2F80875C2F83835F8BD00BF840E00205C
:1058C8000300000B00A004502C8B020008B5022036
:1058D80000F09EF80D4B01221A7000220C4BC3F801
:1058E8000021C3F80421C3F808210A4AC3F880201C
:1058F80003F56433C3F88C20A3F57C33C3F88C21FB
:10590800A3F500530822C3F8042508BD840E00201F
:1059180000A0045003000080154A08B51378FBB1B5
:1059280000231449C1F8803001F56431C1F88C3086
:10593800A1F57C31C1F88C3108210F4BC3F808154B
:10594800FFF778FF88B101235370938EFF2B03D99B
:10595800BC213B20FAF736FEDBB2937000231370AC
:105968000020BDE8084000F053B810235070F4E759
:10597800840E002000A0045000200450094B1A781F
:1059880062B1094BD3F8002152B1D3F8040140B1F8
:10599800D3F80801B0FA80F040097047587870478A
:1059A80002207047840E002000A00450064A08B563
:1059B80013782BB1FFF73EFF20B192F8340008BDF1
:1059C8009078FCE71020FAE7840E002038B5084CE0
:1059D8000025D4F80035032B04BF01236360C4F805
:1059E8000055C4F8005500F0A3FFC4F8805038BD36
:1059F80000A00450054B4FF48062C3F88820BFF321
:105A08004F8FBFF36F8FFFF7E1BF00BF00E100E0EA
:105A180010B50446FFF7DAFF012C06D0022C09D096
:105A28003CB18C213D20FAF7CDFD074B0222C3F88B
:105A3800002510BD044B0322C3F8002502F10042E3
:105A4800C3F88020F5E700BF00A00450024BD3F84C
:105A5800A00300F00100704700C0FF00084BD3F816
:105A6800A423D3F8A833511C9BB203D14FF6FF717E
:105A78008B4203D00260838001207047002070476A
:105A880000C0FF000B4B30B5D3F89053D3F89443C4
:105A9800D3F89813D3F89C2305EA04030B4013406A
:105AA800013317BF05600020446081601CBFC260DD
:105AB800012030BD00C0FF000B4B30B5D3F8805338
:105AC800D3F88443D3F88813D3F88C2305EA040366
:105AD8000B401340013317BF05600020446081600C
:105AE8001CBFC260012030BD00C0FF00064B002271
:105AF800C3F80022C3F81822C3F82022C3F80C22E6
:105B0800C3F81422704700BF00A0085070B5134DA9
:105B1800034608466E7F26B940F6C1013E20FAF7D3
:105B280051FD63B9012EAC69297F05D100F074FDE0
:105B380020442B69C01A70BD06F02AFAF8E7012B39
:105B480009D1012EAC69297F02D100F055FDEFE79C
:105B580006F029FAECE70020EBE700BFC00E0020B2
:105B68000B4B93F8290088B193F828307BB1094B87
:105B7800D3F8002442F00102C3F80024D3F820052A
:105B880000F0F600023818BF012070470120704766
:105B9800C00E002000A0085008B50128084B187155
:105BA800084B06D0022808D040F645513E20FAF7A7
:105BB80009FD0322C3F8002508BD0422FAE700BF47
:105BC800C00E002000A0085008B570B9104B28314D
:105BD8001846D9600F4900F04DFF0130012816D949
:105BE80040F2C2613E20FAF7EDFC01280CD1084BC7
:105BF80029311846D960074900F042FF01300128D1
:105C080005D940F2CC61EDE74FF4DA61EAE708BD67
:105C180088000020348B020008B50C4B5B78012B00
:105C280009D100F033FF013001280ED940F61111D7
:105C38003E20FAF7C7FC022B07D100F02DFF0130F8
:105C4800012802D940F61711F2E708BDC00E00205E
:105C58000A4B40F409000A4A1B8940F04000B3F59A
:105C6800166F36BFA3F63813A3F5166343F4807393
:105C7800C2F80837C2F84005704700BFC00E0020C0
:105C880000A0085073B50C460546134EFFF784FF75
:105C980020462146FFF7DCFF01AB96F90520284690
:105CA80000F084FE9DF8050000F0FCFE20B140F2F3
:105CB800E3513E20FAF786FC31469DF9040000F0D6
:105CC80037FC064B40F20312C3F8442E40F25B62E5
:105CD800C3F8482E02B070BDC00E002000A00850C6
:105CE8002DE9F04106460C46174606F0C4F900288F
:105CF800FBD02F4D4EBB01236B7095F828301BB994
:105D0800A9793846FFF7BEFF2A4B4FF47A7253F849
:105D1800273003F5FA73B3FBF2F3274AE41A274B4B
:105D2800C3F8002129690127234B214485F82870ED
:105D3800234DC5F84015C5F8C031FFF711FF0446DB
:105D480060BB00242046BDE8F081012E21D102234A
:105D58006B7095F82830B3B995F806803846FFF788
:105D68001BFF4046FFF774FF144BD3F8002442F0A2
:105D78001002C3F8002440F20312C3F8442E40F284
:105D88005B62C3F8482E0D4B293C0B4AC3F804212B
:105D9800C8E740F634013E20FAF714FCEF64D5F862
:105DA8004C358B42CDDA3046FFF70EFFCAE700BF0D
:105DB800C00E0020A88B02000B00008000A0085035
:105DC8000050085040220021014806F063BD00BF82
:105DD800C00E0020024B0344187D00F51660704782
:105DE800348B0200024B98691B69C01A704700BFC8
:105DF800C00E00200A4B1A7FD3E90430C01A094BA1
:105E080003EB8203DB6BC01A074B53F822304FF4C5
:105E18007A7203F2F313B3FBF2F3C01A704700BFB0
:105E2800C00E0020348B02009C8B0200FF2808B5AE
:105E380004D940F2CB213E20FAF7C4FB012904D053
:105E4800022919D04FF44F71F5E7002343F480136A
:105E580040F000700A4A43F4847340F44030C2F8BA
:105E6800203EC2F8280ED2F8203503F0F703032BA2
:105E780005D140F25631DEE74FF08073E6E708BD02
:105E880000A00850F8B5234E4FF48067C6F890700C
:105E9800BFF34F8FBFF36F8F06F0E7F804461E4D30
:105EA80006F089F90121001B1C4C2861C4F8A410D4
:105EB800FFF71CFE4FF40023C4F8401EC4F800345A
:105EC800174B187C00F000FE03F016F8154B164A25
:105ED800C4F83833154BC3F8C820013AC3F8C420B6
:105EE80040F6FE72124BC4F81433124BC3F8042563
:105EF8000023AB832B85AB614FF48073C6F8907198
:105F0800C4F888342B6C376103B19847BDE8F84072
:105F180000F0A4BD00E100E0C00E002000A0085081
:105F28008800002003000080060000800050085010
:105F38000100008000200850014B5871704700BFD5
:105F4800C00E0020020E034B0002C3F8342EC3F823
:105F58002C0E704700A00850044B054A034490716A
:105F68001B7D03F516631381704700BF348B020055
:105F7800C00E0020F8B5334C06460F4694F8293079
:105F880023B940F206713E20FAF71CFB01232E4A82
:105F980084F82830D2F8003443F00103C2F8003402
:105FA80006F069F80028FBD02EBB0123A1793846FA
:105FB8006370FFF767FE6378012B02D04FF4E96145
:105FC800E1E7224AD36402F5A04213601F4B304632
:105FD800D3F84C552946FFF7F7FD2369ED1A76BB30
:105FE8001B4B4FF47A7253F8273003F5FA73B3FB5F
:105FF800F2F35819F8BD012EE8D10223A5793846E5
:106008006370FFF7C9FD2846FFF722FE0E4BD3F851
:10601800002442F01002C3F8002440F20312C3F82F
:10602800442E40F25B62C3F8482E6278022A02D0FE
:1060380040F25171A7E7054AD6645E60C6E705F1EC
:106048002900D7E7C00E002000A0085000500850D3
:10605800A88B020008B5FFF743FE58B9064B01228A
:10606800C3F8400503F5A04302201A61BDE80840C3
:10607800FCF728BE08BD00BF0050085037B5254BB7
:106088004FF48061244A4FF0FF30D3F88844C3F8B6
:106098009004C2F890114FF40022204904F480744F
:1060A800C3F8002400221E4D2A85C1F84025C3F8F4
:1060B8000821C3F80021C3F80421D3F82015C9B278
:1060C800D1B18DF80700C3F8202201221A619DF88A
:1060D800072012B1D3F820223AB19DF807305BB9F6
:1060E80040F6FF013E20FAF76DFA9DF80720013AC5
:1060F800D2B28DF80720EAE7FFF78EFD0022054BA4
:10610800C3F820222A801CB14FF48072C3F8882477
:1061180003B030BD00A0085000E100E00050085076
:10612800C00E002070B50024254D264EC5F8484500
:10613800C5F84445C5F84045C5F84C45FFF79EFFEE
:1061480000F092FCC5F8C441C6F80841C6F8004101
:10615800C6F80441C5F8C840C5F8C440C6F80441AB
:10616800C6F8004102F0E0FE174B40F6FE72C6F892
:106178003843C6F81443C5F8C041C3F808254FF49E
:106188008062124BDC70C3E90544114BC5F84845E1
:10619800C5F84445C5F84045C5F84C45C5F84841DB
:1061A800C5F84441C5F84041C5F84C41C3F89020B2
:1061B800BFF34F8FBFF36F8FC3F8902170BD00BF3F
:1061C8000050085000A0085000200850C00E0020C1
:1061D80000E100E070B5104D06462C781CB96C70D3
:1061E800EC702C8570BD18B1BDE87040FFF746BF54
:1061F800013CAA784FF0960118BF01242046FFF70A
:1062080085FCAA7801462E80204685F82860BDE8DE
:106218007040FFF71FBF00BFC00E0020014BC3F83E
:106228004C0E704700A0085010B50FC8014C84E808
:106238000F0010BD040F00200A490B4B10B50124B4
:10624800C1F8D00E586283F82940FFF789FC40B99D
:10625800064BC3F8400503200C61BDE81040FCF76D
:1062680031BD10BD00A00850C00E002000500850DD
:10627800144A136918449369834210B5124C09D320
:106288000220FCF71FFD00230122C4F840350F4B04
:106298001A6110BD0123D3706364D4F84425053214
:1062A800824206D3094AD2F80C120029F1D11361AF
:1062B800EFE70023C4F84431054BC4F84405C4F89B
:1062C800C431E6E7C00E00200050085000A0085076
:1062D8000900008010B50B4C0346607F217F012820
:1062E80022794FF0960009D100F0A4F9A369226938
:1062F8009B1ABDE810401844FFF7BABF00F0B4F984
:10630800F4E700BFC00E0020044BC3F8940ED3F886
:10631800002442F04002C3F80024704700A008504F
:10632800054BD3F8002422F04002C3F800240022D1
:10633800C3F8942E704700BF00A00850044BD3F850
:10634800183703F07F035B4203700120704700BFDA
:1063580000A008500028034B14BF022201229970A4
:106368001A707047C00E0020054B0022C3F8402564
:10637800044AD2F82035DBB20BB101231361704710
:106388000050085000A00850044B30B5D3E90C4524
:106398009B6BC0E900450B6030BD00BFC00E0020FC
:1063A8002DE9F0473D4C4FF001083D4E05F057FEF2
:1063B8000025C4E90C01C6F84C80D6F84C35A36317
:1063C800FFF72AFC374BC3F80851C3F80051C3F84C
:1063D8000451C3F80451C3F80051D3F8002422F043
:1063E8001D02C3F80024D6F8482584F82950A26174
:1063F800D6F84425626162786277D3F81892D3F8A8
:106408002002FFF773FB6778022F2BD1E3784BB19B
:10641800D6F8443133B14046FFF7DCFE636CBDE883
:10642800F0471847B9F1000F16D0237900202377D9
:10643800FFF7D0FE1B4B0021D3F80C2ED2074CBF20
:10644800D3F81C0E0120A36C48BF00F0010080F0B7
:106458000100BDE8F0471847E8B10120FFF7BAFE90
:10646800236DDCE7012F13D123792377B9F1000FCE
:1064780006D02846FFF7AEFEE36C39462846E8E723
:1064880048B13846FFF7A6FEE36C49464846E0E7C0
:1064980008B14046E2E7BDE8F08700BFC00E002023
:1064A8000050085000A00850024B03EB8003D86B43
:1064B800704700BF348B0200024B03EB8003986CDB
:1064C800704700BF348B0200F7B501230D464778AB
:1064D8000146437004462846164600F04DF94FF42D
:1064E8007A73124AADF80630BDF806309BB243B94C
:1064F800BDF806309BB27BB940F65F513E20FAF7F3
:1065080061F8D2F80431002BF2D1BDF80630013B16
:106518009BB2ADF80630E7E7677016B9EB78A37061
:10652800AB707B1E5842584103B0F0BD00A0045028
:106538002E3008B5362854D8DFE800F050535353AE
:1065480053534D53535353535353535353534B5321
:10655800535353535853585349534753455343532D
:10656800413F3D3B39373533312F2D2B2927252303
:10657800215A1C003F231F4AC2F8103708BD332395
:10658800F9E72D23F7E72823F5E72323F3E71F236C
:10659800F1E71B23EFE71823EDE71523EBE71323B8
:1065A800E9E71123E7E70F23E5E70D23E3E70B23EB
:1065B800E1E70A23DFE70923DDE70823DBE7072311
:1065C800D9E70623D7E70523D5E70423D3E7032331
:1065D800D1E70123CFE74FF49873CCE74FF48873E2
:1065E800C9E74FF48E713F20F9F7ECFF0223C2E7A9
:1065F8003923C0E700A008504FF47A73054A58437E
:1066080032F9112000F2E7301044B0FBF3F0023801
:10661800704700BF948B02004FF47A73044A00FB62
:10662800033032F911201044B0FBF3F0704700BF7B
:10663800948B020038B51D460A4B33F9114003EB21
:10664800820305359B681C444FF47A7304F6B7340B
:1066580003FB00441046B4FBF3F42544FFF724FF82
:10666800284438BD948B020070B506460846154686
:10667800FFF722FF094B03EB85039C684FF47A73FD
:1066880004F6B73403FB0644241A2846B4FBF3F493
:10669800FFF70AFF0530204470BD00BF948B02004D
:1066A800024B00221A705A709A707047140F00201B
:1066B8002DE9F843064601200F4615469846DDF8B1
:1066C8002490FFF7A5F99DF8342006F00303264C23
:1066D80043EA0263254AC4F804350023C4F880302D
:1066E800C2F88430A2F57C32C2F884310222204BF1
:1066F800C3F80825BDF828301E4A9380FB6893FA32
:1067080083FCBB6818BA7B6819BA3B68C4F810C523
:106718001BBAC4F81405C4F81815290AC4F81C359E
:106728002D069DF8203041EA0861D9F804702DBA89
:10673800003B21F00041D9F800003FBA18BF0123FF
:10674800022E00BAC4F8207541EAC3714FF0010364
:10675800C4F8240509BAC4F82815C4F82C55537090
:1067680008BF1370BDE8F88300A00450003008503B
:1067780000200450140F00202B4B5A782DE9F047C5
:1067880004460D4622B94FF4A8716C20F9F71AFF98
:10679800264A03F1080E4F7803F1100603F1380C6E
:1067A800DFF88C904FF00E08DF809F8403F1480AD1
:1067B80004379D61C3F81C9083F82780A3F85C70A8
:1067C80092E80300C3E914498EE80300D2E9020104
:1067D80086E80300E91C0026196283F82660D2E9DE
:1067E8000401C3E90A668CE80300611C19641149B5
:1067F8005964D2E90601E21C8AE803009A6501217E
:1068080083F85E6083F85F80C3E91866AA78A2708F
:10681800094AC2F830E5C2F838C599701970C2F84B
:1068280004611160BDE8F087140F0020BC8B0200E2
:106838000100000D0100000C00A00450334B5A78F1
:106848002DE9F04105460E4622B94FF4BD716C2082
:10685800F9F7B8FE2E4A03F1380C03F1480403F1A6
:106868000807DFF8B080DFF8B0E0C3F844801E65A1
:10687800C3F854E092E80300C3E9085E8CE803001B
:10688800711C1964D2E9080184E80300F11C002492
:10689800996522495C6683F82E40C3E91714D2E94A
:1068A800040187E80300691CC3E90418D2E906015A
:1068B800EA1C03F118089A629A889A850E2288E8D9
:1068C800030083F82F200121C3E90C44B278AA7091
:1068D800134AC2F830C5C2F8387599701B780BB9DD
:1068E800A921B4E70F4BC2F80441C2F80841C2F825
:1068F80080300D4AC2F88430A2F57C32C2F8843167
:1069080002220A4BC3F80425BDE8F081140F0020C9
:10691800BC8B02000100000C0100000DE803000E12
:1069280000A00450010000800030085000200450EE
:106938000C4B1A788AB100220B490220C1F880203A
:1069480001F56431C1F88420A1F57C31C1F88421B6
:10695800A1F50051C1F808051A7000225A709A7002
:10696800704700BF140F002000A0045008B50B4B5F
:10697800D3F8082122B10420FCF7A4F9022008BDAD
:10698800D3F8042122B90520FCF79CF90320F6E787
:10699800D3F80004003818BF0120F0E700A0045025
:1069A800014B01225A60704700A004502DE9F04FB6
:1069B800264C85B0054698460E46174600F0C2F8A4
:1069C80023788146AB4211D16378B3420ED194F952
:1069D8000230BB420AD1E378834207D1A388A8F8E2
:1069E800003094F9060005B0BDE8F08F012D06D0FF
:1069F800022D10D040F289410620F9F7E3FD00206E
:106A08000DF10F033A46314600F0A2F8824620B154
:106A18004621A920F1E70120F2E730469DF90FB0A1
:106A2800FFF7D8F9A91E0346CDF800A04A425846F8
:106A38004A41414600F03CF8B8F80030A071A38004
:106A480025706670A77084F80390CAE79E0000203E
:106A5800014B1B681B681847D0000020014B1B68BE
:106A68005B681847D0000020014B1B689B681847DB
:106A7800D0000020014B1B681B691847D00000207C
:106A8800014B1B685B691847D0000020014B1B684D
:106A98009B691847D0000020014B1B68DB69184729
:106AA800D0000020014B1B689B6A1847D0000020CB
:106AB80030B4044C9DF8085024680295E468A44654
:106AC80030BC6047D000002000220D49134610B5A5
:106AD80040FA02F4E40744BFCA545C1C02F1010204
:106AE80048BFE3B2042AF3D1054AFF24D118032B87
:106AF80001D9107110BD013301F8014BDBB2F6E783
:106B080004140020EFBF0000F5BF0000F7BF00002D
:106B18001DC00000FBBF000027C0000001C000002E
:106B280031C0000007C000003DC0000013C00000D5
:106B380017C0000009C000000FC000002DC00000F1
:106B480037C00000014B187D704700BF880F002038
:106B5800042810B511D883B104280CBF10242824A8
:106B6800A1420AD2064C54F8200018B141568A4274
:106B7800A8BF0A4600201A7010BD6FF01500FBE789
:106B8800880F00200728034611DC10F12D0F10DBB9
:106B9800094A101890F82E0002EBC00292F93C2026
:106BA8009A4207D0002918BF0130C0B270471B2095
:106BB80070470020704700BFE48B0200072808B523
:106BC80007DCFFF7DFFF044B03EBC00393F93C003E
:106BD80008BD0820FCE700BFE48B0200C0B208B57E
:106BE80020B9044B01229A601A6008BD4D21B520D6
:106BF80001F0B0FF00E0105010F0FF0008B513D10D
:106C08000B4B01225A60DA600A4AC3F8000110707F
:106C1800D3F8082412F0010205D1C3F81021C3F8F3
:106C28001821C3F8142108BD7C21B52001F092FF7A
:106C380000E010509D0F0020014B01221A70704790
:106C48009D0F002008B540B9064BD3F8103113B991
:106C5800054B187808BD0120FCE7C121B52001F0DB
:106C680079FF00BF00E010509D0F0020024BD3F8C1
:106C7800080400F00100704700E01050024BD3F800
:106C8800480400F00100704700E01050024BD3F8B0
:106C98004004C0B2704700BF00E0105007490246E8
:106CA800D1F84C04D1F84C1410F4803005D0D0B28F
:106CB80001F003031B1A58425841704700E0105076
:106CC80038B51A4BD3F80C34DA0304D440F27911EE
:106CD8006D2001F03FFF164A0124164B106A5366D7
:106CE80020F03F0094645464136CDB03FCD4136AF3
:106CF800116C03F03F03C1F30A01C1F5806181EA19
:106D0800E1750B29A5EBE17509DD3F2B04D00133B3
:106D180003431362172DE6DC0023936438BD0B315F
:106D2800F8DA002BF8D0013BF2E700BF00E0105082
:106D3800000812500100008038B50B4C23781BB1B5
:106D480000232370FFF7BCFFEFF3108572B663785A
:106D580003F0FF000BB9FFF74FFF05B962B6034B0D
:106D680000225A6638BD00BFA00F0020000812504C
:106D7800F8B5104E012704460D463318DF7005F0AC
:106D88005BF960B934B90C4B11227771B560C3F85F
:106D98000423F8BD40F225116D2001F0DBFE002D23
:106DA800F7D01CB90220A847B460F2E74FF4A071ED
:106DB800F2E700BFA00F002000E01050044B0022B3
:106DC800191803EB80034A719A60CA70704700BFB4
:106DD800A00F0020014B1882704700BFA00F0020B1
:106DE800014B588A704700BFA00F0020014B188A3A
:106DF800704700BFA00F002010B5EFF3108472B6E3
:106E0800064B03445A780132D2B25A705B78012B90
:106E180001D1FFF7E3FE04B962B610BDA00F002050
:106E280038B50346EFF3108572B612490C1862782C
:106E380022B940F267216D2001F08CFE6278013A98
:106E4800D2B2627062787AB90A7D82B178B90A4B97
:106E5800D3F80C34DB0304D44B782BB9FFF7CCFE02
:106E680002E0487D02F008F805B962B638BD184658
:106E7800F4E700BFA00F002000E0105010B505F0A7
:106E8800DEF80C4C05F0D8F860B1A37D3BB90A4B8D
:106E980001229A610423E3750023237610BD05F0CF
:106EA800D1F8F9E703230122E375034BC3F8042360
:106EB800F2E700BFA00F002000E01050014B0122B4
:106EC8001A62704700E01050044B587E28B1044BFA
:106ED800D3F81001B0FA80F040097047A00F0020E5
:106EE80000E0105038B50C4B5D7E5DB901245C762E
:106EF80005F0A5F8094B1022C3F81051C3F8042374
:106F0800DC6138BDFFF7E0FF0028FAD040F2A3218A
:106F18006D2001F01FFE00BFA00F002000E0105000
:106F2800024BD87D003818BF01207047A00F002001
:106F380038B5174C237D23B940F216316D2001F086
:106F480009FE01232370A37DC3B9A37EB3B1227EBA
:106F5800013B9A4212DA05F06FF8054601F026FF68
:106F6800A37E012B82BF237E0133237655B1E369CB
:106F7800C31A0133022B09D935B1E061BDE83840A5
:106F8800FFF77CBF236AF3E72062F7E738BD00BF4D
:106F9800A00F002037B5184CA37D63B9606A00F0D4
:106FA8000300FFF77BFE30B1EFF3108372B6E27D8A
:106FB8001AB103B962B603B030BD0122E27503B954
:106FC80062B608230D4DC5F808334FF42073ADF8A9
:106FD8000630BDF806309BB25A1E92B2ADF80620B4
:106FE800002BF6D1C5F80C3184F82830FFF746FF9E
:106FF8000823C5F80433DEE7A00F002000E0105096
:107008002DE9F74F4E4C237D002B00F0968003238B
:10701800ADF804304B4BD3F80051D3F80891D3F8AE
:10702800142112B9D3F818216AB10026C3F81461E3
:10703800C3F81861C3F81061637E0BB105F002F85C
:10704800667605F050F93F4BD3F81031002B59D034
:10705800637E1BB104F0F6FF00236376637913B1F6
:1070680002238DF80430003D18BF012545F01005B6
:10707800354E0DF1040A334B4FF00008F71EC3F8E4
:1070880008531AF8010B03280AD03B7843B14FF094
:10709800000B336887F800B013B19847C6F800B002
:1070A80008F10103043601374FF00108022BE8D13B
:1070B800B9F1000F08D0234B0022C3F8082104229D
:1070C800C3F80823FFF766FF94F82860EA071D4B0A
:1070D800F6B2D3F80C7108D5E27D032A05D1A27D5A
:1070E800A2B90422E27501229A61C7B1154B0022A8
:1070F800C3F80C21E37D042B0DD040F279316D20CB
:1071080001F028FD002DD3D00125B1E704F09AFF46
:107118000223E375E9E70223E37504F093FF66B100
:10712800002384F82830E37D022B01D1FFF7A6FE67
:1071380003B0BDE8F04F04F085BF03B0BDE8F08FA1
:10714800A00F002000E01050A80F002010B5054C3B
:10715800606A00F00300FFF7A1FD0028F8D00020C6
:1071680010BD00BFA00F0020F8B5054650B1027849
:10717800022A07D8437842B9013B1F2B02D88378EB
:10718800212B07D96FF015008AE0002BFAD18378FC
:10719800002BF7D1644B4FF48042C3F8A020BFF313
:1071A8004F8FBFF36F8F614EC3F8A0217D23604CD2
:1071B800C6F808330023C6F80031C6F80831C6F807
:1071C8000C316370A370AB886382FFF74FFD10B179
:1071D8000123E3706370D6F80C0440F2563310F4C0
:1071E800803023821BD0FFF727FD524801F01AFE9A
:1071F8004E4E602360750022C6F804332B78A978B8
:10720800012B62766262A375A176227620D0022BCA
:1072180017D0F3B140F22E516D2001F09BFCC6F857
:107228001001FFF7DBFC414AD2F81031002BFBD0EC
:10723800FFF746FD0020FFF7DFFC3F4B00225A66B0
:10724800D3E704F0FCFED6F80C34D903FBD50223AF
:107258006362FFF713FD48B3FFF718FD636A03F095
:107268000303984222D1AB79DBB9FFF76FFFA37E06
:1072780063B12B7853B904F0DFFE054601F096FDA3
:107288006FF00043002D4CD0C4E9070301234FF4ED
:10729800804200202375244BE075C3F8A0211A62B0
:1072A800F8BD224B0422C3F80423E0E71F4B012258
:1072B80000215A61C3F8081194F82410C3F8401447
:1072C8001A610422C3F80423AA79002ACFD1D3F87B
:1072D8000423520702D440F2E1419DE7174A176997
:1072E800116907F0100741F010011161D3F8083156
:1072F8000BB905F045FA0D4ED6F8083173B1FFF712
:1073080025FF27B90D4A136923F0100313610423DD
:10731800C6F808330023C6F80831A8E705F02EFAA6
:10732800EAE7C4E90730B1E700E100E000E0105007
:10733800A00F0020416D00000008125000ED00E091
:1073480038B50C4B0C46197919B183216F2001F01F
:1073580001FC60B95D790DB1002038BD01225A7178
:10736800FFF74AFD21462846FFF702FDF4E76FF0D4
:107378001500F2E7CC0F002038B50B4D04462B79E9
:107388001BB19A216F2001F0E5FB50B96B790BB95D
:10739800002038BDFFF712FD20466C71FFF740FD55
:1073A800F6E76FF01500F4E7CC0F002010B501B335
:1073B800F0B14FF0FF33104A1C46E0FB0134944211
:1073C80003D9DB216F2001F0C5FB1A0DC3F30F10A1
:1073D8000A4B42EA04324FF22444B2FBF4F100EBC8
:1073E800024003FB1100B0FBF4F040EA0140013019
:1073F80010BD0846FCE700BF3F420F00000024F420
:10740800014B9B68184700BFCC0F0020014BDB687D
:10741800184700BFCC0F0020014B1B69184700BF5D
:10742800CC0F002008B5064B1B7923B140F2371169
:107438006F2001F08FFBBDE80840FFF779BD00BF62
:10744800CC0F0020034B1A790AB9FFF7C9BC988DF5
:10745800704700BFCC0F0020034B1A790AB9FFF719
:10746800C5BC988A704700BFCC0F0020024B1B791F
:107478000BB9FFF78FBD7047CC0F0020014B9B69FC
:10748800184700BFCC0F002038B51D4C237933B303
:10749800FFF7C2FF50B91B4DC5F81001FFF7B0FF49
:1074A800D5F81031002BFBD0FFF7B0FF154B602249
:1074B800C3F80423636A9847002806DB94F82E3043
:1074C80023B10123002084F8303038BDFFF7D6FF00
:1074D8000028F6DA40F28D116F2001F03BFB0A4BD1
:1074E800A3610A4BE3610A4B23620A4BA3600A4B70
:1074F800E3600A4B2361FFF737FE0028E1D0E4E799
:10750800CC0F002000E010505571000059C0000059
:10751800296F000047C000004DC0000053C00000A4
:1075280038B5084B04461D7925B140F2E1116F20AA
:1075380001F010FB00F0C6FD2046FFF74BFC284683
:1075480038BD00BFCC0F002008B5074800F0A8FDE3
:10755800054800F019F801F0CBF800F0E9FF00F059
:10756800E5F9012008BD00BF0010002008B5054B53
:107578001A781AB12721032001F0ECFA5860197023
:1075880008BD00BF08100020024B986000221A7046
:107598005A60704708100020F7B51E4C2378012B5D
:1075A800DAB204D0022A2ED0012003B0F0BD0DF1CA
:1075B8000701606800F0D8F965686B7DDB071CD5AA
:1075C800AB7F042B19D000F0FFFD0646A8B100F0F0
:1075D80001FE2B69D5E900279A18B36847F100071F
:1075E8000A332CBF012500251B1845EB01059342E2
:1075F800BD4102D3606800F0BBFA002363602370CA
:107608009DF80700D1E70DF10701606800F0B6F9B1
:10761800F3E700BF0810002073B505460C4600F0DC
:10762800D3FD0646AB7F012B1AD021462B4604F129
:10763800180251F8040B914243F8040BF9D10123C5
:107648000DF107012846AB7700F08EF916B101203D
:1076580002B070BD034B0421986804F0FDFFF6E703
:107668000020F5E708100020024B0621986804F076
:10767800F3BF00BF08100020174B1868F0B560B1C1
:1076880050F8102C50E9063418380A3344F1000435
:107698009B18826944F1000402B9F0BD52E906154D
:1076A800994275EB0406F8D2077D12F8046CB742CC
:1076B8000BD00FD90A3152F8103CA2F1180045F14D
:1076C80000055B1845F1000404E09688878BF61BDB
:1076D8003604EFD41268DFE714100020F8B5244C04
:1076E800002323716371A371E371EFF3108272B603
:1076F800A168E3606160A36002B962B600261D4D0F
:10770800636803B9F8BD9A79A3F11800032A07D171
:107718001A6801219E7153F80C3C62609847EFE7A4
:107728001B6863B1183B07462A46997F04290ED087
:107738009B7F032B04D063219F2001F00BFA2A467C
:10774800136802211B681360C3688677E6E7B0F800
:107758001CC0998BA1EB0C010904996944BF07F17E
:10776800180218460029EBD01F46A1F11803DCE7E0
:107778001410002018100020042300F11802837749
:107788000023037643768376C376044B996811B950
:107798009A60DA607047D9680A60FAE71410002026
:1077A8002DE9F041134C06460F460020236833B9F3
:1077B800E8B1114BBDE8F041187801F05DBB53E921
:1077C800061553F8082CD3F80080521845F1000527
:1077D800B242BD4109D22268A3F1180012682260A2
:1077E800FFF7CAFF01204346E1E71C46FBE7BDE877
:1077F800F08100BF14100020D4000020494B1B6802
:107808002DE9F74F044682838B46D0E9002003B167
:10781800183B94F815C0DFF80CE10CF0010C002BB4
:107828003BD0D3E90056AA4270EB060135D3BCF130
:10783800000F2CD0277D197D8F4228D399684D19C8
:1078480046F1000615F10A0846F1000E424570EBB4
:107858000E0119D22169891840F1000788457EEB8D
:10786800070901D241467746A942B7410FD22046BF
:10787800FFF782FF2C4B187801F0FEFA00238BF8F3
:10788800003003B0BDE8F08F11460746ECE703F17E
:10789800180E9B690BB1183BC3E7BCF1000F34D03D
:1078A800A168891840F10009019173B30199D3E9DE
:1078B800007611F10A0549F10001AF4276EB0101AA
:1078C80023D2257D197D8D4218D39D68ED1946F187
:1078D800000615F10A0A46F10008524570EB080146
:1078E80010D22169891840F100078A4578EB070C06
:1078F80001D251464746A942B741B8D39B6923B143
:10790800183BD3E711460746F5E7DEF80020234683
:1079180043F8182FCEF80030FFF7AEFE8442ADD101
:107928000123ACE714100020D400002010B50B4C44
:107938002378FF2B04D04FF48D719F2001F00AF9B2
:10794800074801F06FFA074B002220701A705A702E
:107958009A70DA709A60DA601A8210BDD40000203A
:10796800E576000014100020034B1A8A10B4541C4A
:107978001C8210BCFFF742BF1410002038B5044623
:107988000D46FFF779FE231A04F1180158425841B1
:107998002870044804F086FE10B100230120A37764
:1079A80038BD00BF1410002038B5114B044600F153
:1079B80018019A68B2B19A6800209AB191420ED122
:1079C80008B1A56905609D68A94204BF12689A605C
:1079D800DA68914200D1D8600023A37707E0104607
:1079E8001268EAE7034804F05DFE0028F4D138BDC8
:1079F80014100020181000202DE9F041264E0446EE
:107A08000D46FFF7CDFE3068002843D0A0F1180CD2
:107A180050E90631A34271EB050250F8102C3CBF27
:107A2800234629460A322CBF012700279B1841EB21
:107A380007020768604627B900F118037361BDE8BB
:107A4800F08157E906EC9E457CEB0201F4D290F8F0
:107A5800148017F8041C884513D019D97445234697
:107A68002A46A7F1180075EB0C0157F8101C3CBF0B
:107A7800734662465B1842F100020A3342F1000283
:107A880006E0B988B0F81C80A1EB08010904E5D428
:107A98003F68D0E70346D1E71410002010B5054C25
:107AA8006169204604F0FEFD18B1606900231838AA
:107AB800636110BD141000209C46144BF0B51D687E
:107AC800FDB115F8043C183D834218D812F10A0498
:107AD800D5E900364CF10001A34276EB01070BD241
:107AE8002F69FF1846F10006A7428E4107D3B4F16B
:107AF8000A0041F1FF31F0BD1C463146F7E7AD6998
:107B0800DEE74FF0FF300146F5E700BF1410002014
:107B180008B5837F022B1CD1437D13F0020302D0EA
:107B28000023837708BD0322037643768376C376E2
:107B38000D4B827700F11802996839B99A60DA60BA
:107B48000A4B1878BDE8084001F096B9D9680A6070
:107B5800F5E7837F012BE5D0837F042BE2D04FF438
:107B6800FF719F2000F0F6FF14100020D4000020C1
:107B780010B500F118010446084804F093FD20B937
:107B88004FF402719F2000F0E5FF2046FFF7F4FD57
:107B9800034BBDE81040187801F06EB914100020AE
:107BA800D40000202DE9F74FD0F810E0BEF1000F07
:107BB80004D040F227219F2000F0CCFF836890F882
:107BC80014800193D0E90014EFF3108972B6274BA3
:107BD800B3F810C01B686BB1019D183B0A35D3E997
:107BE80000264EF1000A6D1844EB0A0A95427AEB1A
:107BF800060707D2B9F1000F35D0C0E9001403B069
:107C0800BDE8F08F8A4276EB04070CD31F69BF18D2
:107C180046F1000BAF427BEB0A0B34BF0125002570
:107C280075B99B69D7E712F10A0A9D6846F1000702
:107C380015EB0A0547F10007A94274EB0707ECE7C3
:107C48001D7DA84509D0ECD912F10A019D6846F1BD
:107C58000004691844F10004E3E79D8BA5EB0C05CB
:107C68002D04DED5F0E762B6C7E700BF1410002088
:107C7800024B0521186804F0EFBC00BF301000204B
:107C8800064B586810B520B94FF41B71B02000F0AE
:107C980061FFC3680521BDE8104018473010002077
:107CA8002DE9F84F274C8146237BA668A3BB94F89F
:107CB8000D8018F0010803D0E3899E4238BF1E46A4
:107CC80000F054FD10EB060B05460F4641F1000A83
:107CD80058465146FFF790FE08B3D0E900329B455D
:107CE8007AEB020104D29D1B9B46924662F1000783
:107CF8000023154A284639462362C4E904BAC4E970
:107D0800065700F007FDB8F1000F02D0E3899E4244
:107D180016D002230D4A0DE04FF00008D0E7237B70
:107D28002BB1637B9B0702D5636A01209847002328
:107D3800074A237384F82830C9F80020BDE8F88F73
:107D48000123E7E730100020797C0000697E0000FD
:107D580075C200002DE9F04717463D4C002B67D04F
:107D6800E289D3E900656432864275EB01034FF07E
:107D780000033CBF06460D462362B6EB000A65EBDE
:107D8800010952451A4672EB0902C4E9046527DA6B
:107D9800237B3BB1637B9A0702D5636A012098472E
:107DA8000023237394F80D8008F00108A36803F5F5
:107DB800E1739A4579F100011DDAB8F1000F11D08D
:107DC800E089244A301A65F10001C4E9060100F08F
:107DD800A1FC0623204A84F828303A60BDE8F087E1
:107DE8009846E3E71B4A30462946C4E9066500F091
:107DF80091FC0523EEE7FFF709FBE089A368B8F1DA
:107E0800000F0BD0984209D9301A124A65F10001C7
:107E1800C4E9060100F07EFC0123DBE7F01A0D4AF5
:107E280065F10001C4E9060100F074FC0223D1E702
:107E3800237B2BB1637B9B0702D5636A012098479C
:107E480000252573FFF7E2FA2B46044AC3E700BF73
:107E580030100020797C0000697E000075C20000A7
:107E6800023970B50546032900F2D480DFE801F035
:107E780006020840694B002283F82920002024E0EC
:107E8800664C94F82830042B09D8022B28D8013BDB
:107E9800012B1BD94FF4CD71B02000F05BFE053BE0
:107EA800012BF7D8FFF778FB0028E7D000F04EFC4D
:107EB80000F05CFC06460C46FFF79EFD2A4603468A
:107EC80021463046FFF746FF022070BDFFF764FBEE
:107ED8000028D3D000F03AFC2846FFF7E1FEF3E78C
:107EE800FFF75AFB0028C9D0012384F82930C5E7D9
:107EF8004A4C94F828301A1F012A2AD8042B94F8DF
:107F080029600CD100F062FB48B900200021FFF77E
:107F180073FD08B1FFF72CFEFFF778FADCE7002EB7
:107F2800C6D1FFF7BBFD0028C2D06060C4E90B666C
:107F380000F01CFB6068022331468377C3689847CA
:107F4800D4E9040104F090F9354B84F828602B60DB
:107F5800BAE700F00BFCA369C01A236A9842ACBFC9
:107F68002062236294F82830022B19D1FFF748FACF
:107F780094F82830022BD4E904012CD1637BDB0769
:107F88001BD5237BCBB9E389264AC01A61F10001CE
:107F9800C4E9060100F0BEFB032384F828306DE72E
:107FA800637BDA0701D5207B10B140F2B31173E788
:107FB800636A984701232373DAE73238236A194A38
:107FC80041F1FF31C01841EBE371C4E9060100F04B
:107FD800A1FB0423E1E7012B0AD1A368114AC01AC7
:107FE80061F10001C4E9060100F094FB0223D4E723
:107FF800236A32380B4A41F1FF31181841EBE3711B
:10800800C4E9060100F086FB94F82830062BE0D17D
:108018000523C2E740F2F1113EE700BF301000200F
:1080280031800000797C000002392DE9F0410646D4
:1080380004292ED8DFE801F003090B2D0E00174A9A
:10804800537B003B18BF0123137300201FE0FFF789
:10805800A3FAFAE7DFF8448000F098FA00F086FB0C
:108068000C460546FFF7C8FC0746D8F80400FFF79A
:108078004FFD002300222846C8F80430002321467B
:10808800C8E904233B463246FFF764FE0220BDE8F8
:10809800F08140F21721B02000F05CFD3010002084
:1080A800064A002310B5064C0260206084F8283088
:1080B8006373FFF7D1F93230A06010BD75C20000BC
:1080C8003010002008B5074B1A681168064A91421B
:1080D80004D040F25121B02000F03CFD32309860CD
:1080E80008BD00BF3010002075C2000010B5EFF3C6
:1080F800108472B6034B0421186804F0ADFA04B971
:1081080062B610BD3010002008B5094B5A6822B974
:1081180040F27221B02000F01DFDD3E90421BDE832
:1081280008408018034A41F1000100F0F3BA00BF8B
:1081380030100020897C000008B5064B5B6823B925
:108148004FF41E71B02000F005FDBDE8084000F0B6
:10815800FDBA00BF3010002008B5054B5A6822B997
:1081680040F27E21B02000F0F5FCD86208BD00BFC7
:108178003010002008B5054B5A6822B94FF4217118
:10818800B02000F0E7FC186308BD00BF30100020E5
:10819800054B1B6B10B523B940F28A21B02000F0C3
:1081A800D9FCBDE81040184730100020054BDB6AA9
:1081B80010B523B94FF42471B02000F0CBFCBDE812
:1081C8001040184730100020014B5868704700BF16
:1081D8003010002008B5054B5A6822B940F29B219F
:1081E800B02000F0B7FCD3E9040108BD301000202E
:1081F800034B587B10F0010018BFD889704700BFA7
:10820800301000200028ADBF00F1604000F00F00E2
:10821800044B00F56140B4BF185C90F800034009B6
:10822800704700BF14ED00E02DE9F04105460E4609
:10823800E1B9114F3B681BB18621452000F08AFC4B
:1082480038600E48FFF788FF0D48FFF793FF03F0EB
:10825800B2FF6B7D04465B0708D503F006FF0A34BE
:10826800241A7C6000F094FA0028FBD02B6A31466F
:10827800686ABDE8F041184768100020AD82000028
:108288008D820000064B1B6810B51BB97221452072
:1082980000F060FC1A6A0421586ABDE810401047D3
:1082A80068100020064B1B6810B51BB96C214520CF
:1082B80000F050FC1A6A0321586ABDE810401047C4
:1082C80068100020024B00221A601A81704700BF14
:1082D8006810002008B5074B1A681AB9B92145205B
:1082E80000F038FC0449D16000221A60BDE808405B
:1082F800FFF7BAB9681000203182000030B587B0A6
:108308000C46182200210546684604F0C3FA637A31
:108318004FF000026168C3F38003029183F0010308
:1083280063F38202237A8DF81430224B8DF81520DE
:10833800039323785BBB9DF81500D4E9043240070A
:10834800CDE9003207D50A3B01F10A0142F1FF32BB
:108358000291CDE90032637A69469DF81520C3F38E
:10836800400322F003025B0043F0010313438DF83E
:108378001530114B5868C0F30800B8B11038FFF732
:1083880041FF98B92846FFF747F907B030BD236980
:10839800049303F064FE9DF815305B0744BF029B0D
:1083A8000A33CDE9000148BF0293D4E7284603F019
:1083B80064FEEAE73182000000ED00E008B50A4BF0
:1083C8001B6823B94FF4EE71452000F0C3FB5B7DB9
:1083D8005B0703D4BDE8084003F0EDBE03F0EBFEF5
:1083E8000A3041F1000108BD6810002070B50B7813
:1083F80086B023B140F21F21452000F0ABFB4C7A38
:108408004FF000060593C4F380034D6883F0010321
:10841800029563F382060B7A8DF814300F4B8DF8B2
:10842800156076070393D1E90431CDE9003107D50A
:108438000A3B05F10A0541F1FF310295CDE900310A
:108448009DF81530C4F340046946049264F341036F
:108458008DF8153003F011FE06B070BD31820000B2
:108468007FB503F0FCFD002305930B4B039340F20B
:108478001E2302934FF0FF33CDE9000169460748F8
:108488000493FFF7C9F818B99B21432000F062FB59
:1084980007B05DF804FB00BFCD840000A0100020E9
:1084A80010B5074C94F820304BB9FEF7B5FF30B93A
:1084B800012384F82030BDE81040FFF7D1BF10BD7C
:1084C800A010002008B505292DD8DFE801F0032EFB
:1084D800282C2C0D03F0BFFD144803F06EFE1E3847
:1084E800BDE8084003F0BDBDFEF796FF38B10F4B5D
:1084F800002283F82020BDE80840FFF7B5B803F054
:10850800ACFD08B903F0A7FD00214FF4007003F09B
:1085180024FE0028E0D1B921432000F01BFBBDE870
:108528000840FFF79DBFC521F6E708BDA010002051
:108538004FF000430B4A0021C2F88030A2F5802298
:10854800C2F88031012302F57832C2F80435A2F569
:108558008022C2F804352022034B184683F82010E5
:1085680004F098B900400C50A010002008B512F093
:10857800D3FB054AD2F8583743F00103C2F85837FD
:10858800BDE80840FFF78CBF00200E5008B512F078
:10859800D3FB0B4AD2F8583723F00103C2F85837F7
:1085A8000122084B5A604FF0FF32C3F808232022FB
:1085B800054BC3F89021BDE8084000F0C7B800BFDC
:1085C80000200E500050085000E100E008B5FEF70A
:1085D80023FFB0B90D4BD3F800314BB90C4A536A9D
:1085E8000133312B53620BD96C21432000F0B2FACE
:1085F80003F033FD08B17021F7E703F02AFD0120ED
:1086080008BD034B00225A62F9E700BF00E0105092
:10861800A010002040F20251014808B500F090FA7D
:10862800DFDA02001848202208B5C0F89020BFF30E
:108638004F8FBFF36F8F154BC0F89021D3F80415F7
:1086480021F00301C3F80415D3F8081541F003011C
:10865800C3F8081592FAA2F1B1FA81F1092904DDEB
:1086680040F29F310A4800F06BFAC3F81015012157
:108678005960D9604FF00041C3F880104FF0FF31C6
:10868800C3F80813026108BD00E100E0005008507B
:10869800DFDA0200134A4FF4E0632021C2F83833CE
:1086A8000023C2F8AC35C2F8BC35C2F8CC35C2F8E4
:1086B8002031C2F82431C2F828310B4AC2F89C1183
:1086C800C2F89C10BFF34F8FBFF36F8FC2F89010A2
:1086D800BFF34F8FBFF36F8FC2F89011034A136037
:1086E800704700BF00200E5000E100E0C8100020D5
:1086F80008B5FFF7CFFF054B4FF4A062C3F834234A
:108708002022034BC3F89C21DA6108BD00200E50DB
:1087180000E100E00B4B10B51C681CB14C21042093
:1087280000F018FAB1F5801F1A6001D3FFF772FF45
:10873800054B0122C3F8A005C3F8A415C3F8AC255E
:1087480010BD00BFC810002000200E50054A136855
:1087580033B100230449C1F8AC35C1F820311360A6
:10876800704700BFC810002000200E5030B54FF0F1
:10877800FF30064C6FF04041D4E90023904271EB82
:108788000305F9D31046C3F3130130BD40270E503B
:1087980008B5FFF7EBFF044BD3E902239042994158
:1087A8002CBF0120002008BDC810002008B5FFF725
:1087B80039FF024B01221A6008BD00BF0050085063
:1087C80010B5FFF72FFF0F4C0023C4F8BC35C4F8D1
:1087D8002431FFF7CBFF0A3041F10001B1F5801FCA
:1087E80001D1FFF717FF4FF00043C4F8B005C4F8F4
:1087F800B415C4F8A4310123C4F8BC35024BC3E94D
:10880800020110BD00200E50C8100020144BD3F8F0
:10881800342312F4A06F10B503D1FB21042000F01B
:1088280099F9D3F8202162B100220E49C3F8AC258A
:10883800C3F820210B6813B940F20311EEE70A6070
:108848009847074BD3F828214AB10022C3F8CC2512
:10885800C3F82821034BBDE810401B69184710BD19
:1088680000200E50C8100020034610B3007888B9C5
:108878001A79012A1ED85A79012A1BD89A680E49F2
:10888800643A8A4216D8D8680C4B98422CBF00200C
:108898000120704701280CD11A79012A09D85A7980
:1088A800012A06D8DA680449643A8A4201D89868E5
:1088B800EAE70020704700BF3C8601000040420FF5
:1088C80070B5044603F0CBFB40F2F966656AD4E95B
:1088D8000632963342F100025B1905F5DF6542F175
:1088E8000002B5FBF6F55B1942F1000283428A41AA
:1088F8000ED294F82A30052B03D0B3216A2000F059
:1089080029F90A21236A94F858009847B621F5E70F
:10891800044C236813B1984700232360BDE87040D6
:10892800FFF7D8BCDC10002070B504460D4639B9F5
:10893800012380F85930FFF7C3FF0226304670BD87
:108948000E78032E70D801A353F826F0438900004F
:1089580065890000CF890000878900004868C7281A
:1089680001D80026EAE7042103F0F7FB0028F8D035
:1089780003F079FB6968204603F0D9FCDEE790F83C
:10898800286006BB4D682846FFF76EFF00284BD0CD
:108998002B78D3B9012121702B796A79003B18BF54
:1089A8000123002A14BF0422022243F00403227286
:1089B800AA68A5326260EA6863720323226184F8B8
:1089C8002A3084F829102046B5E794F82A30052B78
:1089D80004D040F293116A2000F0BCF8267004F12C
:1089E80030002B796A79003B18BF0123002A14BF95
:1089F8000422022243F004032272EA686372A53259
:108A0800A9686260D4E906325B1842EBE17221463C
:108A1800C4E90432042384F82A30FFF76FFC0028E5
:108A2800D1D140F29511D6E7012384F85930CAE72D
:108A38002DE9F8438846074658B300F02FF84FF061
:108A4800000904465FFA89F6B44203D86FF00B00B8
:108A5800BDE8F883304609F1010900F025F890F8DF
:108A68002A50002DEED1304600F01EF80A4904467F
:108A7800058580F82A50024680F85860303003F0A7
:108A88000CFC01232762284684F82A3088F8006005
:108A9800DEE76FF01500DBE745C30000014B1879EE
:108AA800704700BFE0100020044B1A79824283BF50
:108AB8001B68602202FB003000207047E010002095
:108AC8000A4610F0030110B50AD1074C2271206044
:108AD80008B9002010BD60235A4303F0DBFEF8E715
:108AE8006FF00D00F6E700BFE0100020BFF34F8FD6
:108AF8000549064BCA6802F4E0621343CB60BFF332
:108B08004F8F00BFFDE700BF00ED00E00400FA054D
:108B1800094B01225A604FF0FF32C3F808234FF483
:108B28000062064BC3F88820BFF34F8FBFF36F8FE7
:108B3800C3F88821704700BF00B0045000E100E08E
:108B480008B572B6024B5B6803B19847FFF7CEFFD2
:108B5800E81000201FB572B6144B5C6894B9FFF793
:108B6800C5FFB2FBF6F22B465D1C002AF9D1DBB239
:108B780003F110056D4405F80C2C0A2233B901A83D
:108B8800A047ECE7024600230A26EDE7013BDBB2EB
:108B980003F110050DEB0506B0FBF2F502FB15001D
:108BA800303006F80C0C2846E8E700BFE810002033
:108BB800F8B5234F05460C4616463B78002B3CD1AA
:108BC80003F039FA7E601F4B01263C814FF4806226
:108BD800C3F8A4601C4BC3F89020BFF34F8FBFF3BA
:108BE8006F8FC3F89021FFF793FF184B002D14BF28
:108BF80028461846FEF748FC0546E0B9FFF762FB31
:108C0800FEF734FC03F077FCFEF79EFC18B9B82198
:108C18001120FFF79FFF002C0BDB04F01F036409F2
:108C2800A4009E4004F1604404F56144C4F88061E6
:108C3800266001233B702846F8BD4FF0FF35FAE760
:108C4800E810002000A0085000E100E0FC8C0200C1
:108C5800074BB3F90830002B09DB5A09012103F04F
:108C68001F03994002F14003024A42F8231070475B
:108C7800E810002000E100E0014B1878704700BFC1
:108C8800E810002050B1074B03F1140253F8041BFD
:108C9800934240F8041BF9D1002070476FF015008B
:108CA800704700BF0DDB02002DE9F84F07468946E3
:108CB80093469846374CDFF8E0A0384D2E780136B9
:108CC800F6B2D5E84F3F0133DBB2C5E8403F002894
:108CD800F7D101216160C4F80001C4F80401EFF381
:108CE800108072B62E4BC5F80490AB60C5E905B389
:108CF8003B68C4F810357B68C4F81435BB68C4F801
:108D08001835FB68C4F81C35264BC4F830351033C9
:108D1800C4F83835216000B962B6D4F800312BB9EF
:108D2800D4F8043113B92B789E421CD0B8F1000F47
:108D380009D00A9B3BB1D4F840350A9AC8F80030EC
:108D4800D4F83C351360D4F80431002BB5D1297818
:108D5800B142B2D1C4F80031C4F804310323C4F8D5
:108D68000833BDE8F88FDAF81030DB06D5D50323D1
:108D78004FF40061C4F804330B4BC3F88811D4F8DE
:108D88000031002BC9D1D4F80431002BC5D103F030
:108D9800F5FCC2E700B0045000ED00E0F41000203C
:108DA8001000000BF810002000E100E01A4B4FF40F
:108DB800000270B5C3F89820BFF34F8FBFF36F8FD1
:108DC800164C0021164DC4F80011C3F898212E69DD
:108DD8002B6906F0100643F010032B610123C4F839
:108DE80004332360D4F800319BB11EB92B6923F0FA
:108DF80010032B610123D4F808054FF400026360C7
:108E0800C4F808330023C4F80031034BC3F8982191
:108E180070BD03F0B3FCE5E700E100E000700D5021
:108E280000ED00E038B50B49042301EBC3021579C6
:108E380005F0FF042DB1013BF7D240216920FFF76F
:108E480089FE41F8330001215471D8B2947111712F
:108E580038BD00BF18110020042808B503D94721E0
:108E68006920FFF777FE034B002203EBC0031A715A
:108E780008BD00BF18110020042808B503D95021E7
:108E88006920FFF767FE094B03EBC0000379012B4C
:108E980001D05121F4E7437982790133DBB29A4258
:108EA80018BF4371BDE80840FFF7D2BE1811002073
:108EB80038B505240F4D95F8281005EBC1031A792C
:108EC800012A09D158799A79904205D05A79D2B2B3
:108ED8009A7155F83130984795F82830013C01339C
:108EE800DBB2052B28BF002314F0FF0485F82830D7
:108EF800E1D138BD18110020094B0A4AC3F80023F4
:108F08000132C3F80C230132C3F818230132C3F825
:108F180020230132C3F81C230132C3F81021704703
:108F280000A0085004000080074B0022C3F800236B
:108F3800C3F80C23C3F81823C3F82023C3F81C2351
:108F4800C3F81021704700BF00A00850844641EACA
:108F5800000313F0030359D1403A33D3F0B4F0C9F6
:108F6800F0C0F0C9F0C0F0C9F0C0F0C9F0C0403A94
:108F7800F5D2F0BC26E0403A24D300BF0B6803606A
:108F88004B6843608B688360CB68C3600B6903617F
:108F98004B6943618B698361CB69C3610B6A036267
:108FA8004B6A43628B6A8362CB6AC3620B6B03634F
:108FB8004B6B43638B6B8363CB6BC3634030403134
:108FC800403ADBD230320BD30B6803604B68436006
:108FD8008B688360CB68C36010301031103AF3D2CD
:108FE8000C3205D351F8043B40F8043B043AF9D25B
:108FF800043208D0D2071CBF11F8013B00F8013B2E
:1090080001D30B8803806046704700BF082A13D33A
:109018008B07B0D010F00303ADD0C3F10403D21A0C
:10902800DB071CBF11F8013B00F8013BA3D331F863
:10903800023B20F8023B9EE7043AD9D3013A11F8E3
:10904800013B00F8013BF9D20B7803704B78437071
:109058008B78837060467047DFC80000EBC800005B
:10906800EFC80000F7C80000FBC8000053B94AB9B0
:10907800002908BF00281CBF4FF0FF314FF0FF3018
:1090880000F00CB8ADF1080C6DE904CE03F04DFC0E
:10909800DDF804E0DDE9022304B07047704700BF43
:1090A80008B5F7F7B5FBF9F729F8F7F7C7FA00207D
:1090B80008BDFFF7E7BDF8F7B3BF01F010B801F03E
:1090C80011B801F009B810B586B0044601A8FFF739
:1090D800D9FD02230020237005236070A3709DF83A
:1090E8000430E0706371BDF805302071E380DDF86D
:1090F8000730A36006B010BD00F0FABD70B5044695
:10910800FCF7A4FC012805461AD1601CFCF7A6FC54
:10911800B0B1A3790020E61D63F03F03A371F9F70E
:10912800D7F838B110220021304603F0B3FB0020F5
:10913800257070BD3046FCF7A5FC0028F2D0F6E794
:109148000025F4E710B504461022002103F0A2FB25
:1091580004F1100310220021184603F09BFBFCF7D2
:10916800ABFC0020F9F7B4F820B12046FCF78AFCE4
:10917800002010BDFCF76AFC0028F6D0F8E710B50F
:109188000446FFF713FEB0F5007F09DA10F5007FFB
:1091980008DD031EB8BF03339B100020237010BDE9
:1091A8007F23FAE76FF07E03F7E78178008800F005
:1091B80056BF37B505460C4600880DF1060100F08C
:1091C80083FE2B882380BDF80630638003B030BD52
:1091D800F7B504462046F9F797FC022805462ED035
:1091E80004282CD123788A2B18D13E20F7F724FBAA
:1091F80078B9E37801A92279684643EA0223ADF8F1
:10920800003000F0E0FE0028E4D053210820F7F7F2
:10921800D9F90520F7F754FB0028EAD0204600F0DA
:1092280013F82678A7783046F7F706FB0028D1D040
:109238003E2E04D13846F7F743FB0028CAD028460B
:1092480003B0F0BD01F089BC10B503780446813B3A
:109258000E2B2FD8DFE803F02F3541454F676D08F7
:10926800613B71775B2E7D002920F7F729FB30B130
:109278003E232370222363702923A3701AE00A2057
:10928800F7F71EFB3E23237018B11F2363700A23D0
:10929800F3E70123A37013236370E37903F0010359
:1092A800E371D4F81A30C4F80E30E38B638294F873
:1092B8002030237510BD3E2303700423437014230C
:1092C800DBE73E2303700A2343700323D5E73E23DD
:1092D80003700D2343700523CFE705232370042370
:1092E80007E05A20F7F7A8FA08230028F6D05A22F0
:1092F80022706370DEE75B20F7F79EFA18B15B23F4
:1093080023700623F5E7302323700323F1E73E2378
:1093180003700B2343700723AFE73E230370062334
:1093280043700C23A9E71323037083789B00013350
:10933800DFE7572303700223DBE73E23037006238E
:109348004370122399E73E230370092343701323C4
:1093580093E7FF2303700D23437080238DE708B53F
:1093680010B96FF0150008BDFFF76CFF0028F8D0A2
:109378000020F8E710B50C4648B141B1FFF728FFC7
:10938800002820700CBF6FF02200002010BD6FF085
:109398001500FBE7F8B5941C0E46054617460C4425
:1093A8006343B3F5004FA8BF4FF0FF3310F003013C
:1093B8009CB203D0B0211420F7F704F9B4F5004F9C
:1093C80001D9B121F7E71422043003F063FAEF74EE
:1093D8006C802E80F8BD38B50388C4888B42058917
:1093E800C4F30E0203D2D1211420F7F7EBF884EA74
:1093F8000503C3F30E030BB9AC4206D102F11803FF
:109408000122C1528274184438BD1846FCE7023163
:1094180001444A43B2F5004FA8BF4FF0FF3290B263
:109428001B3020F00300B0F5004F34BF00B24FF0FE
:10943800FF30704740881B3020F00300B0F5004F24
:1094480034BF00B24FF0FF3080B2704738B50388A0
:109458008B4203D2F7211420F7F7B4F8857C65B165
:10946800C388C3F30E031833C25A8A4207D3C152C2
:10947800811DF7F735FA00238374284638BD002587
:10948800FBE703461830F0B59E88DD88B4B2C6F312
:109498000E06A54214D05F89DD7C845B3D44E41B45
:1094A8000235A4B2354428440D88A54284BF0C80F7
:1094B80025465989B1FA81F149091170DD81F0BD5C
:1094C80000252846FAE7F8B582880026C3890446AD
:1094D8000D4692B20E60CBB14189C2F30E020B4425
:1094E80018329BB28718825A4381934204D94FF4A9
:1094F800A2711420F7F766F804D1011DF7F7F0F907
:1095080046812F6000230120E381F8BD1846FCE75F
:109518008388014602899BB29A4202D00831F7F744
:10952800DFB970478388C0889BB2C31A5842584134
:109538007047828873B595B2C488C2F30E02AC42F4
:1095480002F1180212D04189C689835A31449942DE
:109558000EDB0DF10601ADF80650F7F7C1F9BDF8BD
:109568000600001B18BF012002B070BD0020FBE7F9
:109578000120F9E770B5C488034606891830C4F39A
:109588000E0584EA0602C2F30E020AB9B4420FD1EC
:109598009C891A880CB1465B921B914207DCDA7CE5
:1095A8002C440232224410440A461A8270BD00221A
:1095B8001046FAE7F8B5038A002B38D08B4236D329
:1095C800C48800F118038589C4F30E041E1995B9DF
:1095D8001D55757085891E5B0D443144ADB285817A
:1095E8001953D2B1811DF7F77BF90023838100233A
:1095F80003820120F8BD1E5BAE4204D04FF4F67121
:109608001420F6F7DFFFC57C2644878A02353544E7
:109618005E195F53857DB570DCE7C27C2544023254
:109628002A4499189B5A83828B788375DFE7002038
:10963800E0E78388C2889BB29A4206D0428922B961
:10964800C3F30E0318331844704700207047C37CD7
:109658000233C81870470230704738B58388C2880B
:109668009BB29A4207D045892DB9011DF7F738F901
:10967800C581012038BD0020FCE703881380C3881A
:10968800C3F30E031833034480890B6070470368E3
:10969800002223B9C0E90132031D036070475968ED
:1096A8001B680A44F5E70729034670B504D84FF448
:1096B800EC711520F6F786FF0068C0B144680646CD
:1096C8001A688C4210D0106860B901F10805AC42E4
:1096D8000DD3546850501868651A541800686560AE
:1096E800505002E01346E9E7146830461C6070BD2C
:1096F8000023C1E9003203680B600160704730B590
:1097080090B18478B1FBF4F304FB131300EB43022C
:1097180052898A4201D1D8B230BDC27822B900F14B
:109728000803D0B2844201D8FF20F5E733F8025F7E
:1097380001328D42F5D1EFE78278038805324B4339
:1097480003EB42031844704737B500240546CDE9BA
:1097580000448DF806006846ADF80440F7F794FA1F
:10976800BDF8044008B103B030BD29462046F7F7DC
:1097780067FA0028EFD040F235211720F6F722FFCC
:1097880070B51E460D460921FFF741FE04463246D4
:1097980009212846FFF73BFE40EA04031B0454BF97
:1097A80000194FF0FF3070BD01230370704710B5EA
:1097B800FF238B70C2F3800301245B00DBB2CA185D
:1097C800127D032A08BF0133CA18147503F10C046B
:1097D800002201EB830321F814205B688A70036080
:1097E800828010BDF8B50C46054611461E4684F029
:1097F80001046400E4B2FF23837003191B7D012B6D
:1098080005D00134E4B203191B7D012B0AD105EB05
:1098180044073B8B3A8C9819904205DD00232C4471
:109828003B8323750020F8BD05EB8404324660684D
:109838001844FFF78BFB3B8B1E443E830023AB7021
:109848000120F0E781F00101490010B5C9B2FF23FA
:10985800837043181C7D012C07D10C3120F811208E
:1098680002221A750023837010BD0131C9B2431852
:109878001C7D012CF1D04FF499710920F6F7A2FE56
:10988800024630B5837803F0FF00F3B9137D022B4D
:1098980019D0537D022B15D10346012089B100242C
:1098A800D5180C332C7522F81340131803241C7593
:1098B80002EB80035B680B6000F10C0332F8133095
:1098C8008B80012030BD0123E8E70020FAE703463A
:1098D80030B5827802F0FF00E2B99A7D022A17D0EB
:1098E800DC7D022C13D1032281B11D1900200C3418
:1098F800287523F8140098180324047503EB8200D4
:109908000C32406833F8123008608B80012030BD7B
:109918000324E9E70020FAE7037D012B01D1008B3E
:109928007047437D012B0CBF408B00207047837D1F
:10993800012B01D1808B7047C37D012B0CBFC08BDD
:1099480000207047027D022A01D1008B7047437DB9
:10995800022B01D1408B7047032AF6D0032BF9D094
:1099680000207047827D022A01D1808B7047C37D19
:10997800022B01D1C08B7047032AF6D0032BF9D0F4
:1099880000207047F7F76EBAF7F7CABA1FB500227A
:1099980040F6881303A90092FDF78AF805B05DF830
:1099A80004FB10B5044638B1F8F7D2FB24EA0000EE
:1099B800B0FA80F0400910BD0120FCE72DE9F04124
:1099C8000F46B0F85E60B0F8605001F038FE022132
:1099D800044600F080FE80460221204600F07BFE0F
:1099E800464540F6480328BF4646B6B21B2E38BF48
:1099F8001B26FB2E28BFFB26854228BF05467E80F6
:109A0800ADB21B2D38BF1B25FB2D28BFFB25B4F598
:109A1800A47F38BF4FF4A474FD809C4228BF1C4625
:109A2800BC803C81BDE8F0812DE9F04186B0054657
:109A3800008802A900F073FE0446002870D1029A3B
:109A480092F85031D91E4B424B418DF806301368BD
:109A580098064ABF9DF80630234683F001038DF827
:109A6800073092F866309B0603D49DF80730002B28
:109A78005CD0EB881B3B9BB2E02B59D8298944F278
:109A88004810A1F5A4739BB2834251D86B881B3B45
:109A98009BB2E02B4CD8AA88A2F5A4739BB2834250
:109AA80046D840F64807B94244D8BA4242D8029E3E
:109AB8004FF0FF0886F823819DF80630A3BB03A961
:109AC80006F1A800FFF77AFF6A88BDF81230BDF8E2
:109AD80014109342E88828BF1346B942AA88A6F80A
:109AE800283128BF3946BDF80E30834228BF0346C7
:109AF8002889A6F82431BDF81030BB4228BF3B4660
:109B0800834228BF03468A42A6F82631134628BF57
:109B18000B46A6F82A3186F82281002386F82331DD
:109B2800204606B0BDE8F0813A24F6E71A24F7E7A4
:109B38001224F5E71124F3E710B501F0A7FE60B190
:109B4800F7F744FF044601F0FAFF40B9204601F058
:109B5800F2FF80F00100C0B210BD0120FCE7002038
:109B6800FAE7006890F8BA3123B1002380F8BA31D7
:109B780001F07ABD704710B503780446012B01D96E
:109B8800122010BD01F082FE58B9207810F0FD00B7
:109B98000DD104F11703E21D611CBDE81040F8F770
:109BA8000BBDF8F79BFD0028EFD00C20E9E7A3795F
:109BB80003F0C003C02BE3D10120EAE710B5037816
:109BC8000446012B0DD801F061FE60B9214611F859
:109BD800010B00F0FD00003818BF012000F01EFD49
:109BE80038B9122010BDF8F779FD0028EED00C2006
:109BF800F8E70020F6E708B50088F8F775FD0028B3
:109C08000CBF3020002008BD38B5054601F03EFEE7
:109C1800044638B92878003818BF0120F8F758FDED
:109C2800204638BD0C20FCE708B501F02FFE18B916
:109C3800F8F73EFD002008BDF8F750FD0028F7D0E2
:109C48000C20F8E7082303700020704711224FF416
:109C580042530270C2705922A0F801308280C3803A
:109C680000207047082108B5F7F72EF9002008BD35
:109C780073B5064600880C46088001A980B200F03A
:109C88004EFD054640B9B3784BB9019B93F91C01C9
:109C9800A070FBF793FDA070284602B070BD7F202E
:109CA800FFF774FEF4E710B504466FF07F00FFF786
:109CB8006DFEFBF783FD20707F20FFF767FEFBF743
:109CC8007DFD6070002010BD0A4600F1100108B546
:109CD800072302F049FD002008BD10B501460446DF
:109CE8000020F8F7DBFA08B92060A080002010BD3A
:109CF80010B50446F8F7FCF928B900202146F8F712
:109D0800B5FA002010BDFFF717FF0028F5D10C2089
:109D1800F8E710B50446FFF70FFF28B101202146E8
:109D2800F8F7A4FA002010BD0C20FCE7FFF77CBE72
:109D38001FB502880A8044F2902183888B4215D887
:109D480040F64801ADF80420428801A88B42ADF8DE
:109D5800062028BF0B46ADF80A20ADF80830ADF84C
:109D68000C30FFF761FE05B05DF804FB1220FAE73E
:109D780037B508800D4601A900F0D1FC044620B98A
:109D880001982946A830FFF719FE204603B030BDD8
:109D9800034648210020082210B56FF004045870CB
:109DA80099701C70DA701C7158719971DA7110BD54
:109DB80010B5044601F06AFD78B92146E27911F838
:109DC800010B00F0FD00003818BF0120F8F750FD26
:109DD80080F001004000C0B210BDF8F77FFC0028F9
:109DE800EBD00C20F8E713B500880C46088001A9D1
:109DF80080B200F094FCC8B9019B83F8160193F86F
:109E08001421012A06D0022A04D04FF43F710620FB
:109E1800F6F7D8FBA27093F81521012A01D0022A7F
:109E2800F3D1E27093F81621002AE6D102B010BDF2
:109E38001FB5044603A9008800F071FC38B9A3884F
:109E4800022B14D8E078FFF7ACFD10B9112004B04C
:109E580010BDA078FFF7A5FD0028F7D0012303A8BF
:109E68000093A388E278A17800F0ACF9EFE712201C
:109E7800EDE737B58378C17803F00104027903F080
:109E8800020351EA04051DD052EA03051AD0002C3A
:109E980018BF0021002B037818BF00228DF802108C
:109EA8008DF80320427843EA0223ADF80030437965
:109EB8008279684643EA0223ADF80430FFF7B8FF19
:109EC80003B030BD1120FBE713B50C4601A900F023
:109ED80026FC18B9019BDB880133238002B010BD32
:109EE80007B5008801A900F033FC30B9019B93F84D
:109EF800332112B9FF2283F8332103B05DF804FB44
:109F080010B50446F8F71EF920600020616010BD06
:109F180037B50446F7F75AFD054623781F2B18D89E
:109F2800816A04226846FFF742FC22460021A86A9B
:109F380012F8013BFFF756FC68B1AC6A2046FFF700
:109F4800F6FC002102462046FFF77CFC002003B007
:109F580030BD1220FBE70720F9E737B50446F7F7CD
:109F680035FD054623781F2B18D8816A00226846DC
:109F7800FFF71DFC22460121A86A12F8013BFFF7F2
:109F880031FC68B1AC6A2046FFF7C6FC01210246E5
:109F98002046FFF757FC002003B030BD1220FBE736
:109FA8000720F9E710B5044634F8020B08800021B1
:109FB80080B2F6F72FFE20B12146BDE8104001F02F
:109FC80081BF022010BD008808B50880002180B23A
:109FD800F6F720FE20B10021BDE8084001F072BF6D
:109FE800022008BD13B500880C46088001A980B27C
:109FF80000F095FB10B9019B9B8F638002B010BDE8
:10A0080037B5038804460B8098B2638813B91220C9
:10A0180003B030BD01A900F082FB0028F8D16588A3
:10A0280042F21072019BA9B2D3F8C4405143B3F86D
:10A03800DA206243B3F8CC4004FB02229142E6D313
:10A04800D3F8C420D3F8C4409442F9D100229D87A4
:10A058005A63621E0A44B2FBF4F29A63D8E710B559
:10A068000C460021F6F7D6FD90B1022C12D804F068
:10A078000102C4F3400480F8BC2180F8BB4112B14E
:10A0880090F8BA310BB9002010BD01F0EDFAFAE7EB
:10A098000220F9E71220F7E710B504460078FF28F8
:10A0A8000AD00121F6F7B6FD58B16378A27843EAE1
:10A0B8000223C383002010BDB4F80100F9F71AFF8A
:10A0C800F8E74220F7E708B50078003818BF012004
:10A0D800F9F776FE002008BD0620F8F727B8082013
:10A0E800F8F724B801F018BF10B5044604B910BD3C
:10A0F800236898476468F9E703680BB901607047FB
:10A108001A465B6813B18A42FAD170478A4218BF6F
:10A118005160704708B5FAF7FFFAF9F745FEBDE850
:10A128000840FAF7E1BA08B50020FFF70DFBF6F78B
:10A1380035FEF8F755F8F7F7E9FA20B140F2431180
:10A148009320F6F73FFA08BD08B5F9F7FDFDFAF7D1
:10A15800B9FA20B140F263119320F6F733FA0120DF
:10A16800BDE80840FFF7F0BA08B5FFF7EDFF01F0CA
:10A1780095FE20B14FF4BC719320F6F723FA08BD81
:10A18800FDF760B90B46892203F8032BD0F80920A4
:10A19800C1F80320427B1A71704738B50D46044652
:10A1A800F7F7D6FF2B78002B08BF034684F86830F2
:10A1B8006B78002B08BF034684F869306B88A4F8D5
:10A1C8006A3038BD2DE9F743046899460F461646AC
:10A1D80094F8673094F80F8043EAD303DB0702D47E
:10A1E800B8F1250F36D16FBBF7F7B2FF0546BEBBF6
:10A1F800F7F7AEFF45BBB8F1250F2ED10020054675
:10A20800FF2384F82D3194F82C3103F0FF08F3B9BB
:10A218009DF8283001A984F82F0104F1A80084F8DA
:10A228002C3184F82E518DF804708DF80560ADF846
:10A238000690FFF7B2FF002384F82D31404603B0A3
:10A24800BDE8F0833D46D2E70028D4D0D8E74FF0E8
:10A258003A08F0E74FF01A08F0E74FF00908EDE781
:10A26800002DC8D03046CBE738B5036804460D4604
:10A2780093F82C31012B02D11E21F7F78BFF2368AD
:10A28800002083F82C0165B1182283F89920082250
:10A298009A7393F84E3093B940F25B41AE20F6F7CB
:10A2A80091F9DA7B233A072A03D82046DD7300F0B8
:10A2B80005FE20461821BDE8384000F01EBE38BD16
:10A2C80008B503689A7B22B14FF4E671AE20F6F721
:10A2D80079F923229A7308BD034610F0010002BFE2
:10A2E800C3F340035B00D8B270472DE9F84F074627
:10A2F80010461E4642EA0104FFF7EEFF8346084671
:10A3080092464BEA0404FFF7E7FF88460A9D044398
:10A318008146E4B2003C18BF0124F7F719FF10EAA0
:10A328000A0A18BFDA46F7F713FF97F8143110EA4C
:10A33800080118BF4946534508BF4FF0000A85F881
:10A3480000A097F815318B4208BF002169705AEABE
:10A3580001010AD1FB88013EF61A47F6FD73B6B231
:10A368009E428CBF002404F001042046BDE8F88F0B
:10A37800F7B504680646E57BA5F12303072B4FD9FB
:10A38800002D4BD1A37B282B4AD04B7813F0070321
:10A398003DD08A7812F0070239D084F80C31252391
:10A3A80084F80D21E37394F82D31F3B994F82C3126
:10A3B800012B1AD094F80C7194F8150194F8101127
:10A3C800874294F81121B4F8123114D194F80D7120
:10A3D80094F8140187420ED1022084F82E1184F8D3
:10A3E8002F2184F82C01A4F83031304600F05CFDB0
:10A3F800284603B0F0BD022000903046FFF7E2FE89
:10A408000028F2D04FF46671AE20F6F7DBF8097831
:10A41800304603B0BDE8F04000F06FBD0125E7E726
:10A428002025E5E72DE9F04F056887B0044695F843
:10A438000EB0ABF12403D3F1000848EB0308052A5A
:10A4480070D1EB7B262B73D10F358A784F7802F0C9
:10A45800070A039207F007090AF1FF3009F1FF33F1
:10A4680000EA0A0003EA0903034366D1B1F803606E
:10A47800F7F76EFE039A174307F0070787435CD187
:10A488005046FFF729FF2768A8B197F8143198427A
:10A4980011D097F82E211AEA020F4ED0BBF1240FE3
:10A4A80009D097F80D211AEA020F04D1022870D1B9
:10A4B800013B012B71D84846FFF70EFF40B197F8D2
:10A4C8001531834204D097F82F3119EA030F34D09D
:10A4D80005AB38465246494600933346FFF705FF19
:10A4E8002368074678BB93F82C21012A28D1014616
:10A4F8002046F7F74FFE236883F82C712F702368E6
:10A5080003F10F02954201D10022DA73236803F1A7
:10A518000F02954237D1204600F0D0FC002007B04A
:10A52800BDE8F08F414607B0BDE8F04FFFF79CBE8D
:10A53800BBF1240F2BD10E3587E741462046F2E7C1
:10A5480083F82C01DBE7DA88A3F86C62013EB61ABF
:10A5580047F6FD72B6B2964206D92822204683F8FD
:10A568003120F8F7A5FDD1E7DA7B0C2A02D0093AA9
:10A57800012A01D82A22F1E7BDF81420A3F86E2297
:10A5880028232B70C2E7002283F84E20C6E702205A
:10A59800C5E7012B8FD0022BCFD04FF4DD710620F9
:10A5A800F6F710F808B50368DA7B252A05D022B13A
:10A5B80040F2D351AE20F6F705F82622DA7308BD2B
:10A5C800F7F70EBE704730B542401C7808785D78C2
:10A5D80060404C786C409D7820448C786C40DD78E5
:10A5E8002044CC786C401D795B7920440C794979FA
:10A5F8006C404B40204418441044B0FA80F04009A5
:10A6080030BD024600200139C9B2FF2900D1704788
:10A61800535C83F001030344D8B2F4E708B5F7F7B5
:10A6280063FE082807D0F7F781FE082803D0F7F75C
:10A6380091FE012008BD0020FCE708B5F7F754FE9D
:10A64800082803D0BDE80840F7F770BE08BD08B574
:10A6580001F06FFC18B1BDE80840FBF7A7B9082066
:10A6680008BD01440023884203D1B3FA83F04009AE
:10A67800704710F8012B1343F5E7F8B505460C466B
:10A68800D0E9047601F00FFE18B952212920F5F718
:10A6980099FFE4B1D5E90423D21B63EB0603012A31
:10A6A80073F100014FF0000113DB6FF001009042DD
:10A6B800994101DA5C21E9E7631E1344B3FBF4F323
:10A6C8005C43E41946F10006C5E904461C462046E9
:10A6D800F8BD0C46FBE7022905D13C2808D98010B3
:10A6E8000F3880B27047702802D9C0100E38F8E7CA
:10A6F80000207047012908B5034605D002290BD070
:10A70800E7212920F5F75EFF40F6C41040F2E24247
:10A71800002B08BF104608BD40F6C410FBE710B573
:10A728000C460021F6F776FA2060B0FA80F040096E
:10A73800400010BD0368587BC0B293F830302BB985
:10A7480000F0FB00003818BF012070470020704758
:10A7580010B50C46FFF7E3FF38B92046FFF7EAFFCC
:10A7680080F001004000C0B210BD0220FCE738B5FF
:10A778004FF426720D460021044602F08BF86FF064
:10A7880036020123A4F8AA5084F867200422A3758E
:10A7980084F868206FF03B0284F8A83084F86920B8
:10A7A8006F2284F86A20032284F86B20002284F840
:10A7B8006C206FF07F0284F86D202B2284F86620CD
:10A7C800FE2284F89E207F22E27238BD40F6B8331C
:10A7D80007B5B0F8CE20D0F8C4100190838701A83F
:10A7E800F8F784F803B05DF804FBC2B292FAA2F25B
:10A7F800030A93FAA3F31B0E100E40EA03207047D6
:10A80800013105300022C9B270B510F8013F8B4202
:10A8180016D310F8054C0023012505FA03F6264245
:10A828001CBF01F1FF31C9B269B10133082BF4D162
:10A838000132D2B2052AE8D19B214620F5F7C2FEA3
:10A84800C91AC9B2F4E703EBC200C0B270BD0B6805
:10A8580070B5C0F8013004460B790546461D03F073
:10A868001F0343710023C37215F8010F00F003FBA7
:10A878006871B542E37A1844E072F5D170BD81EA97
:10A88800114170B58CB20546C17A032682EA0400EC
:10A89800FFF7ABFF013E00EB001016F0FF0604EBDC
:10A8A800000290B2F4D144402522B4FBF2F302FB3B
:10A8B8001343C3F3C402D8B203F007032A445678FB
:10A8C800012202FA03F31E4207D161432846C1F36D
:10A8D8000741BDE87040FFF793BF70BDF8B590F829
:10A8E800215004466B1E242B03D9E1214620F5F79D
:10A8F80069FEDAB1807D002843D194F8233094F8BA
:10A90800221002FB01322523B2FBF3F103FB1123D2
:10A91800DBB204EBD30203F0070684F82330D17DC1
:10A928000122B240114202D084F82430F8BDB3FBB2
:10A93800F5F205FB123304F11B01013303F0FF03A9
:10A9480011F8012F9A4219D311F8055C002201264B
:10A9580006FA02F72F4208D0013B13F0FF0304D197
:10A9680002EBC00284F82420E0E70132082AEFD184
:10A978000130C0B20528E3D1D721B7E79B1ADBB273
:10A98800F6E7E28804F11600096AFFF778FF84F811
:10A998002400CBE70378890123F0400301F040014C
:10A9A8000B4303707047037803F07F0343EAC11336
:10A9B800037070471F2A38B50546144603D9A821E5
:10A9C8002A20F5F7FFFD06340930FEF7BFFA6C7050
:10A9D80038BD1F2A38B50546144603D9CA212A208E
:10A9E800F5F7F0FD06340930FEF7B0FA6C7038BDA3
:10A9F8000378024603F00F03032B3ED0052B42D108
:10AA0800C37F90F82000034392F82100034392F893
:10AA18002200034392F8230000F01F00184333D0AC
:10AA28005378222B2FD1B2F81930B1B1B3F5506F4A
:10AA380013D940F607518B4225D8B2F81B30B3F52D
:10AA4800FA7F20D2B2F81D0040F676430A3880B269
:10AA580098428CBF002001207047991F40F67A4029
:10AA680089B281420FD8917D481E07280BD8994298
:10AA780009D2B2F817109942DEE74078A0F10C032A
:10AA8800584258417047002070478388A1B1B3F5F8
:10AA9800506F11D940F6075293421BD8C388B3F5BB
:10AAA800FA7F17D2008940F676430A3880B2984276
:10AAB8008CBF0020012070479A420BD8B3F5486F2D
:10AAC80008D84278511E072904D89A4202D24288EF
:10AAD8009A42E2E7002070472DE9F3470E4601A9A4
:10AAE80014469946FFF71BFE054618B9019F2CB975
:10AAF80001237B75012002B0BDE8F087D7F8BC8040
:10AB080021464046FEF767FC824608B90020F2E776
:10AB1800F6F776FF8442F9D851464046FEF797FD8E
:10AB28007B7D4946A0F80150002B224618BF02261B
:10AB380000F8036BFEF70AFA21464046FEF786FC4A
:10AB480018B983212B20F5F73DFD01A8FFF709F877
:10AB5800019BA3F8B2517D75CCE743780246C3F355
:10AB68000111012910B50ED0022915D0047802214F
:10AB780003F00F00131D528844EA0020FFF7ACFFD2
:10AB880038B1012010BD047803F00F00131D52885E
:10AB9800F2E7F8F789F8F4E70020F3E71A230B70D7
:10ABA80001234B708B707047F7F756BF10B521B96A
:10ABB80040F2A9211020F5F705FD4A600B72EFF36A
:10ABC800108472B6031D0B6042681AB1127A012A0A
:10ABD80008BF036003681960016004B962B6BDE884
:10ABE8001040F7F783BF0222F8F74CB80322F8F7B2
:10ABF80049B80422F8F746B80222F8F787B88D2337
:10AC08000B7030F8953CA1F8033030F8573CA1F8A8
:10AC1800053030F8533CA1F8073030F8553CA1F81E
:10AC2800093030F8513CA1F80B307047012908B5BC
:10AC380003D10E30C00080B208BD022902D10F3006
:10AC48008000F8E74FF40C710620F5F7BBFC30B52F
:10AC580087B004460D46F6F7D9FE80B334F89E4C0B
:10AC680069462046FFF784F818B1FB212C20F5F738
:10AC7800A9FCBDF8063003A8ADF80C40ADF80E30BD
:10AC8800BDF80830ADF81030BDF80230ADF812301C
:10AC9800BDF80430ADF81430FFF748F810B14FF4A0
:10ACA8008271E3E7ADF80C009DF80C30002063F3E7
:10ACB80007009DF80D3063F30F2007B030BD2B4619
:10ACC8008E2203F8032BD4F80920C5F80320D4F802
:10ACD8000D205A60B4F811201A810423ADF80C3005
:10ACE800E2E740687047C08A70478A880B8910B5C8
:10ACF800CC884988A0F85840A0F85410A0F85620ED
:10AD0800A0F85A3010BD8383BDF800300183428318
:10AD1800C38370470346B3F84C10B3F858209142E8
:10AD280070B528BF1146B3F85A40B3F85020B3F8AD
:10AD38004850A242B0F84260B0F8460028BF224608
:10AD4800B3F84A40A3F842109442A3F8462038BF0B
:10AD580014468D4238BF0D468E42A3F84A40A3F8E8
:10AD6800485021D1801A18BF0120B3F84E10B3F80B
:10AD78005420B3F856609142B3F84050B3F84440B9
:10AD880028BF1146B3F85220B242A3F8401028BF9A
:10AD980032468D42A3F8442008D1944218BF40F0AF
:10ADA800010000F0010070BD0120DEE70120F8E796
:10ADB80038B5C58B0446438C007A9D4228BF1D4692
:10ADC800FFF734FF6389AB4228BF2B46984238BF50
:10ADD800184680B238BD2DE9F041984607460E4620
:10ADE800808919461446FFF721FF05464146384633
:10ADF800FFF7DEFF85429DF8181028BF0546B88A80
:10AE0800FFF714FFFB8AADB2834228BF0346A01D9B
:10AE18009BB230442B441844BDE8F08107B590F844
:10AE28006D30002296213430009390F83830FFF7C7
:10AE3800D2FF03B05DF804FB38B514460D46194639
:10AE48009634FFF7EBFF2044A84294BF281A00204D
:10AE580038BD38B50D4611460446FFF7DFFF2844D4
:10AE6800A06338BD01F19C0383423DBF9C38401A62
:10AE780040080020704700F05503400800F05500D6
:10AE8800034403F033009B0803F03303034403F047
:10AE98000F0000EB13107047036800229A7383F8C1
:10AEA8004E20A3F84A20704703680022A3F85220D6
:10AEB80093F85420013283F854207047026808B58B
:10AEC80092F85430013B5BB2002B82F8543003DA1D
:10AED80052214A20F5F776FB08BDA0F10903042B9F
:10AEE80009D9A0F14603012B05D9233807288CBFBF
:10AEF800002001207047012070470268136810B5D0
:10AF080013F0080408D143F0080382F8981013607E
:10AF1800FFF7CAFF204610BD0120FCE730F8023CCD
:10AF2800F7B505460E46B0F8827073B1012268463F
:10AF3800ADF801708DF80020ADF80330F6F7F8FD94
:10AF480018B195216320F5F73DFB83230024A6F86B
:10AF580003703370B4706B7AD5F898007371FEF78C
:10AF6800E1FA08B9BA21EDE721463846F5F768FE57
:10AF78004FF40173204603F004021B0A62F3070032
:10AF880063F30F2003B0F0BD036800201A7C063A73
:10AF9800012A81BF4A785A7406221A7470470268D7
:10AFA800137C063B012B84BF072313747047026888
:10AFB80070B5D57BE5B9CB88D688A2F86C32013B51
:10AFC8009B1B47F6FD769BB2B34206D9282382F82D
:10AFD8003130F8F76DF8284670BDD1F80130C2F865
:10AFE8006E324B7982F8723209220368DA73F2E71B
:10AFF8000125F0E70B46822203F8032BD0F809203D
:10B00800C1F80320D0F80D205A60427C1A72002340
:10B01800CB707047036870B5DD7B06460C46002D83
:10B028003CD1062229462046FFF72FFD28B9217872
:10B038003046BDE87040FFF760BF32686389D18849
:10B04800A2F86C32013B5B1A47F6FD719BB28B424A
:10B0580007D92823304682F83130F8F729F82846EE
:10B0680070BDA38840F2E2414B43C2F87432637862
:10B07800C3EB431003EB800303EB83035B00A2F8ED
:10B088006E3263884B43C2F87032E388A2F8783294
:10B098002389A2F87A320C23D373E0E70125DEE78F
:10B0A8000B46842203F8022BD0F80920C1F80220AD
:10B0B800D0F80D205A6070470B46852203F8022B02
:10B0C800D0F80920C1F80220B0F80D209A80704706
:10B0D80038B503680546DC7B34B1103C0F2C8CBFB7
:10B0E80001240824204638BD1B7D002BFAD0FFF729
:10B0F800DBFE2B681022DA73F4E708B50368DA7B05
:10B10800152A04D040F253211F20F5F75BFA0122DB
:10B1180083F855201722DA7308BD0368DA7B112AF1
:10B1280005BF122200200220DA737047036810B5A9
:10B13800DB7B04461B2B06D1FFF7C0FE23681F22CA
:10B148000020DA7310BD0220FCE708B50368DA7B3B
:10B15800102A04D040F27E211F20F5F733FA01228D
:10B1680083F855201122DA7308BD08B50368DA7B25
:10B17800172A04D040F28A211F20F5F723FA1B2250
:10B18800DA7308BD3E230B700C234B7004238B70BD
:10B19800D0F80930C1F80330D0F80D30C1F80730C5
:10B1A800B0F81130A1F80B30C37C4B73704708B569
:10B1B80003689A7B1AB1CF211C20F5F703FA042201
:10B1C8009A7308BD026808B51368D90703D4DD214E
:10B1D8001C20F5F7F7F923F001031360BDE80840D8
:10B1E800FFF76CBE87230B7030F88C3C4B807047A0
:10B1F800036800209A7B0E2A01BF002283F83E20B4
:10B2080083F84E209A73704738B505682B6813F099
:10B21800040407D1FFF748FE2B68204643F00403D7
:10B228002B6038BD0120FCE70268136823F0040393
:10B238001360FFF743BE08B503689A7B1AB1722101
:10B248004B20F5F7BFF90E229A7308BD10B5D0E967
:10B258000D42A24206D38B8C121B498E05334B43F9
:10B26800934202D3012380F83E3010BD0C230B70AB
:10B2780008234B7000238B70B0F85230A1F80330CC
:10B28800437A4B714389CB8083890B81704710B512
:10B29800046894F857309A070CD4A37B1BB1772124
:10B2A8004020F5F78FF90122A4F84A30A27384F8F8
:10B2B8004E2010BD23689B0705D5FFF7FFFD2368C7
:10B2C80023F002032360002384F83231F1E710B53C
:10B2D8000B7901284C790A6843EA0421104608BF13
:10B2E80041F4803110BD07B5FFF7F1FF0DF10702FA
:10B2F800F8F706F903B05DF804FB002307B501A8C9
:10B308000193FBF7A5FB019810F0030018BF01207B
:10B3180003B05DF804FB08B5FFF7EFFF002814BF82
:10B328001420002008BD08B503689A7B1AB12621AD
:10B33800A320F5F747F920229A7308BDF7B50568E9
:10B3480006460C46AB7B203B022B2BD8B1F80510E8
:10B358001A2921D9B4F80730B3F5A47F1CD3B4F85F
:10B3680001201A2A18D9B4F80300B0F5A47F13D322
:10B3780005F1A804009005F1DC00FFF7C4FC2046A5
:10B388003768FFF7C7FC18B107F23F10F7F7E0FC82
:10B3980006213068F8F728FD002085F84E00A873CC
:10B3A80003B0F0BD0120FBE702681368D90610B5A9
:10B3B800044603D4B821A320F5F704F9990601D56A
:10B3C800B921F8E723F010031360FFF777FD206831
:10B3D8000621BDE81040F8F707BD10B5FBF76CF87B
:10B3E8000446FFF798FF4FF47A7204F54443A430FB
:10B3F8004933B3FBF2F3184410BD10B5044690F876
:10B408006D00FFF7EAFF012201462046BDE8104023
:10B41800FFF71FBD7FB5044618B9A5213020F5F701
:10B42800D1F8052900F2B580DFE801F003AE2A253E
:10B43800B3A990F80032C288A3B1B0F8FE319342A4
:10B4480008BFB0F8B4319A1AA0F8B621E3802046B4
:10B45800D4E99023C4E99223F9F75CFD94F85030BD
:10B4680004B070BDB0F8FC319B1AA0F8B631B0F842
:10B47800FC319BB2EAE704B0BDE87040FAF790BF30
:10B4880000F0EDFDD4E99223801A61EB0301012855
:10B4980071F1000302DA4FF4C061BFE76FF00103F6
:10B4A80083424FF000038B4102DA40F20161B5E7B5
:10B4B800D4F8C4300BB1B0FBF3F3E17BB4F8FE2150
:10B4C8000C2931D10132A4F8FE21B4F8623203AE5E
:10B4D800E5880133A4F86232B4F842301D44B4F868
:10B4E8004030013DED1AADB2B4F8FE116B1A1804E4
:10B4F80034D40023204600961A46F8F7A9F8012804
:10B50800AED1B4F8FE21B4F8B011BDF80C30134434
:10B51800521A12049BB204D5EA1A12F4004F18BF4B
:10B528000B46A4F8FE31DFE7E1880B449BB2D11A41
:10B538000D044BBF013301329BB293B2A4F8FE3124
:10B5480094F80132002BC0D1B4F8B431B4F8FE211C
:10B55800934204BF0133A4F8FE31B6E7A37C30461A
:10B568000394002B14BF08233E2384F83130F7F7E7
:10B578009FFD204600F09BFC0023637370E704B036
:10B58800BDE87040FEF700BA437B042BF4D0C62117
:10B5980044E7CB2142E7002313B51A464373A0F8CA
:10B5A8006032194600930446F8F752F820B14FF478
:10B5B800F3713020F5F706F80123C4F8E801C4F860
:10B5C800E0016373A4F8FE01A4F8FC0184F8010209
:10B5D800E388A4F86202013BE38002B010BDD0F812
:10B5E800E800704738B5044690F828319BB1FF232E
:10B5F80080F83031012100F0BBFA94F8283153B1BA
:10B6080004F1C005284600F04FFD284600F058FD1B
:10B61800002384F82831002038BD08B590F830217F
:10B6280042B990F8EC2042B1D0E93C31994202D9B4
:10B63800F9F7B6F90022104608BD0122FBE710B55C
:10B648000446FFF768FE00F25911E269636B9A42FB
:10B6580028BF1A461046FFF705FC40F648039842F3
:10B6680028BF184680B210BD7FB5044690F8503008
:10B6780003F0FF05002B57D1437B032B54D100F077
:10B68800EEFCD4E99223801A61EB0301012871F1E1
:10B69800000349DB6FF00103834275EB010104DA13
:10B6A80040F2A9513020F4F78DFFD4F8C420E38884
:10B6B8000AB1B0FBF2F2013313449BB2A4F8FC3197
:10B6C800B4F8B431B4F8FC219B1A1BB2002B2BDD63
:10B6D80004F5027000F0E8FC30B3FF2384F801326F
:10B6E800B4F842300DF10E06E5881D44B4F8403038
:10B6F800013DED1AADB2B4F8FC31EB1A1B0413D4BA
:10B70800B4F8FC1100230122204689B20096F7F70D
:10B718009FFF012808D1B4F8FC31BDF80E2013446E
:10B728009BB2A4F8FC31E6E704B070BD2DE9704384
:10B738000C461546E2B9FAF755FB84F8EC50064674
:10B74800D4E9468984F82851D4F8E800FFF73EF890
:10B75800D4F8E800C0E99289C0F86462C0E9968923
:10B76800FFF719FFFAF7DEFCBDE87043FCF7B2BD3E
:10B7780040F2C2713020F4F725FF70B5044621B1BC
:10B7880001297FD040F2D27179E000F024F994F8D1
:10B79800293105460E46DBB150EA010318D0D4E939
:10B7A8003E32D4E94601C01A334661EB02012A460B
:10B7B80001F027F805FB01F300FB0633A5FB0002A7
:10B7C8001344D4E93E21121843EB0103C4E93E2394
:10B7D800E38BEBBB0020D4E93E32ED184FF00003B9
:10B7E80046EB02062D1840F2024284F8083146F171
:10B7F800000684F82931A4F81021C4E93E56C4E9AA
:10B80800465694F8303103F0FF01DBB96FF000437E
:10B81800D4E948029A4208BFB0F1FF3F25D020463C
:10B82800D4E9465600F0CCF8AE30D4E948325B1B78
:10B8380062EB06021B1A62F10002002A15DA2046A2
:10B84800F9F7AEF8FAF76EFCBDE87040FCF742BDB8
:10B85800204600F078F90028BCD1F7F793FAE38B7B
:10B86800B0FBF3F202FB1300B5E704F5847104F1B1
:10B87800C000FCF743FD0028E4D140F2FF6130200E
:10B88800F4F7A0FE002380F8EC30DBE7002307B5CF
:10B89800CDE9003301238DF806306846F5F7F4F951
:10B8A80018B1002003B05DF804FB009B93F8283121
:10B8B800002BF2D00120F5E790F82801003818BFD6
:10B8C800012070470B468C2203F8032BD0F809207F
:10B8D800C1F80320D0F80D205A60704738B5882287
:10B8E8000B460C4603F8032B00F10902293052F8E5
:10B8F800041B824243F8041BF9D1127800211A7004
:10B908000123A588A3712846F5F784F958B1E3788F
:10B918004BB100212846F5F793F920B140F23321C5
:10B928002D20F4F74FFE38BD0121F8F7C9BDFFF708
:10B93800FBBF90F872300BB10120704790F8AA2035
:10B9480002F0FF03002AF7D190F89C2018467047B0
:10B9580037B50D464FF49C720021044600F09AFF5B
:10B96800FF2323701323638042F21073E383F5F7F8
:10B978004BFA00220146A0626846FDF718FFA06A4C
:10B9880000220121FDF75EFFA16A68460422FDF747
:10B998000EFF0022A06A1146FDF754FF04F12000B3
:10B9A800A57403B0BDE8304000F019B9FF23886AD8
:10B9B8000B70FDF7F9BE0078FF3818BF01207047FB
:10B9C80010B50446203000F05AF928226188F9F7AA
:10B9D80017F86D3010BDD0E9020170472DE9F04F1E
:10B9E80007468FB00C46064606AD0DF110080FCF7E
:10B9F8000FC597E80F0085E80F00404600F0EFF804
:10BA0800677894F8149007F07F0594F80AA0B9F1C4
:10BA1800010F94F800B02F4607D0B9F1020F04D0F7
:10BA280040F212310620F4F7CDFD617A404600F06D
:10BA3800DDF8237D227F4046022B02F101020CBF74
:10BA4800617D0121D2B204BF0131C9B200F0D0F842
:10BA580015F0080360D14046019300F010F9282240
:10BA68003946F8F7CDFF40F2712100F28622E578D9
:10BA78002079019B45EA00256079B2FBF1F245EA9D
:10BA880000454A434D43AA420AD9E079A57945EAD7
:10BA98000025207A45EA00454D43954228BF1546C2
:10BAA800227E0393531EA17CB06A5A4202915A41E6
:10BAB8000192FDF747FFB06AFDF754FF039B019A17
:10BAC8000299ADF81A7006AF8DF818B0089535468A
:10BAD8008DF828208DF82B108DF82CA08DF81C904F
:10BAE80009930FCF0FC597E80F0085E80F0098E876
:10BAF800030030620020B184E37A03F0FD03003BC9
:10BB080018BF012386F84F30E3683365238AA6F807
:10BB180054300FB0BDE8F08F00252B46C0E74FF436
:10BB28000043C38443881D2B08BF0021417470471C
:10BB380090F912007047408800F001007047807843
:10BB4800C0F3400070478078C0F3C000704790F899
:10BB58004830816181F8B330D0F84930C1F8B43049
:10BB6800B0F84D30A1F8B83070477047F8F712BAFE
:10BB780080F8681070478278034612F0010002D0FE
:10BB8800D978C90710D5900702D5D97889070AD579
:10BB980012F0040008D0D878C0F3800080F00100CB
:10BBA8008000C0B2704702207047C0F34002C0F363
:10BBB800800300F00100134418447047022808B5B8
:10BBC80007D0042807D0012807D039212E20F4F700
:10BBD800F9FC262008BD2720FCE72520FAE70023EA
:10BBE800C0F80230012343700370704781707047BA
:10BBF80010B54270144601708078FFF7D6FF4843AD
:10BC080004FB00F2FE2A03DD5C212E20F4F7DAFCA7
:10BC180010BD0023C37043710371704710B504460B
:10BC2800FFF7A9FF637962780133DBB29A42637147
:10BC38000CD1E3780022A17803436271DBB2994208
:10BC4800E37001BF2379E27001332371BDE810402E
:10BC5800FFF7B4BF38B504468078FFF7A6FF014662
:10BC6800E078FFF7A2FF2378227965789B1A6B4367
:10BC780059436379C91A00FB1510C0B238BD014693
:10BC880008B58078FFF791FF4A780B7853435843FB
:10BC9800C0B208BD40F2EE20704740F25A33584314
:10BCA800704738B50E38136814460D469A7B092834
:10BCB8003ED8DFE800F0053D3D3D0F3D183D3D27EE
:10BCC800042A05D12046FFF7E7F82046F7F75AFB84
:10BCD800002038BD0E2AFBD1002220461146BDE8BF
:10BCE8003840FFF785BA202AF2D12046FFF7D4F86A
:10BCF800002DEDD0226892F8663023F0200382F8F8
:10BD08006630E5E7DA7B262AE2D100252046DD7396
:10BD1800FFF7D4F8236893F82C31012B03D1294677
:10BD28002046F6F737FA2368002283F82C21CFE75C
:10BD380040F262213120F4F745FC08B50368DA7B4C
:10BD4800172A04D040F27E513120F4F73BFC1D2223
:10BD5800DA7308BD08B590F89E30FE2B04D040F683
:10BD68007A113120F4F72EFC002380F89E1080F819
:10BD78009F3012B9A0F8522008BDA0F84A3001231C
:10BD880080F84E30F8E708B50368DA7B342A05D125
:10BD98000022DA73BDE80840FFF790B8172A02D1ED
:10BDA8001D22DA7308BD40F293513120F4F70AFCE2
:10BDB80008B503689A7B082A0AD193F8991093F872
:10BDC800A020914204D100229A7383F84E2008BD26
:10BDD8001A68110706D522F008021A60BDE8084063
:10BDE800FFF76CB84FF4AF613120F4F7EBFB037D3C
:10BDF80063B9C37BA3F10F02032A07D990F8560051
:10BE080028B11F2B8CBF00200120704701207047EC
:10BE1800024600684978837B202B13D00AD8042B6C
:10BE280012D00E2B12D0C37B262B0CBF1720FE205E
:10BE3800F8F7A4BF2A2B03D02C2B09D0242BF2D13E
:10BE48001620F5E71420F3E70E20F1E71220EFE7BC
:10BE58002320EDE7024600680B4690F8661041F093
:10BE6800040180F8661099785878F8F787BF38B5D4
:10BE78000C460546D1E92F01F4F77CFF637B3BB103
:10BE880004F50274204600F00FF9204600F018F976
:10BE980028460221BDE83840F4F7D2BE002070479A
:10BEA80008B5F6F7B9FFBDE80840F7F767B900220B
:10BEB800C281827490F8503013B10221F7F794BF11
:10BEC8000321FBE738B504460846E37B03F0FD038E
:10BED80094F8682212B10C25284638BD152BFAD1E2
:10BEE80094F8843203F0FF05002BF4D191B194F853
:10BEF800D63123B940F67A313120F4F763FB0523B4
:10BF080004F1800204F5E37100F02EFC012384F8AB
:10BF18006832E1E70223FAE7F6F7F2BF08B5F9F766
:10BF280051FFF9F767FDF9F795FCBDE80840FAF706
:10BF3800B7BB10B5C824F9F721FD022808D1013C88
:10BF480014F0FF04F7D10620F6F7BCFE204610BD1A
:10BF5800431E58425841FAE710B5F9F74BFF04461B
:10BF680000F029F9201841F1000110BD38B5044648
:10BF78001546F9F7CBFD01462A462046BDE838406C
:10BF8800FAF768B819B943780BB1C378837070476A
:10BF980010B504460846FAF78FFA4FF47A73B0FBE7
:10BFA800F3F0201A10BD10B504460846FAF784FAD3
:10BFB8004FF47A7200F2E733023CB3FBF2F3E01A73
:10BFC80010BD00F038B8801A00F3070038B50D46E8
:10BFD800144659B240B2FAF7F1FD00232870204404
:10BFE8006B7040B238BD0023036070477047002073
:10BFF80070474FF0FF3070474FF0FF307047704781
:10C008004FF0FF3070470020704700207047002332
:10C01800037070479DF800300022FFF7D4BF4FF03F
:10C02800FF307047002070474FF0FF3070474FF0E7
:10C03800FF307047704770470020FAF703BE0020B2
:10C04800FAF7DABE0020FAF7EBBE0020FAF7FABDDD
:10C058007047FAF733BFFAF745BFFAF735BFFCF771
:10C0680085BBFCF751B8FCF767B8FCF7A9BB00F033
:10C078003CB9FCF79BBBFCF78BBB10B5837F8BB936
:10C08800034601F1180251F8044B914243F8044B5E
:10C09800F9D1012484772146FBF768FAFCF726F8E2
:10C0A800204610BD0020FCE710B504460221FBF72E
:10C0B8005DFAFCF71BF8A07FB0FA80F0400910BDCC
:10C0C80038B50446A37F03B938BDA37F032B02D03C
:10C0D800A37F042B0ED1EFF3108572B62046FBF731
:10C0E80063FC05B962B6A37F002BEDD0FF210320C6
:10C0F800FCF730FDA37F012B02D14FF48271F6E7E4
:10C1080000F03CFBDEE7F8B50746FCF75DF80446AF
:10C1180020B940F229110320FCF71CFDFCF75AF85E
:10C12800A46800252418384641F100062246334603
:10C13800FBF7C2FCA04271EB060309D3001B6FF0AA
:10C14800010361EB0601834275EB010102D3F8BDDF
:10C158002846FCE74FF0FF30F9E72DE9F0410446A7
:10C168000F46FCF731F8064620B94FF4A3710320B7
:10C17800FCF7F0FC8568002362195B4113B10020CD
:10C18800BDE8F081FCF726F82A18384641F100038B
:10C1980014EB020843F10005FBF78EFC4045A9416A
:10C1A800EDD3FCF7E3FA00F05FF8B36801203775C8
:10C1B8002344B360E4E7FCF70DB880687047F8B52E
:10C1C8000369044623B14FF4D1710320FCF7C2FC84
:10C1D800FCF7CCFA05460E46FBF71EF970B364353A
:10C1E800D4E9003246F10001AB4272EB010001D202
:10C1F8002B460A46C4E90032EFF3108572B6FBF706
:10C20800E3FF064698B1FBF7E5FFB3680B332CBF95
:10C21800012200221B18D4E9006042EB0101B3425D
:10C2280071EB00023CBF33460146C4E9003105B951
:10C2380062B62046BDE8F840FBF7B4BCFBF70CF942
:10C248000746FBF7D5FFB84238BF3846963546F162
:10C2580000024319D4E9000142F10002834272EB63
:10C268000105C7D20346C4E7FBF79ABA032910B5FC
:10C27800044606D801290ED840F25D11B020FCF71B
:10C2880069FC0429F8D1FBF787F920B12046FBF7B0
:10C2980007FD022010BD0020FCE7C0E9081220229B
:10C2A800002100F0F7BA10B5037886B0044623B130
:10C2B8004FF4AB714520FCF74DFC0593CDE90333F2
:10C2C800D0E90423CDE9002343680293037A684642
:10C2D8008DF81430FFF773FF0120DDE90023C4E96E
:10C2E800042306B010BDFCF7DBB810B5029C241877
:10C2F80041F10001A01A61EB0301B0F1004F71F1A7
:10C30800000103DBAA210420FCF724FC10BD08B5BA
:10C3180000230B8581F82A300B6A0921984728B138
:10C3280003781BB1E9216A20FCF714FC08BD436AB5
:10C3380019444162A1F19600FFF793BEF8B504468F
:10C3480020B940F2AD116A20FCF704FC90F858506F
:10C35800052900F2C780DFE801F0038043656F79A3
:10C3680090F82A30033B012B02D94FF4DC71EAE73D
:10C37800052380F82A30002380F859300378EBB180
:10C388002378012B24D1FCF719F8636894F8286006
:10C398006362C4E90601F6B9FFF76BFE3146204631
:10C3A800FFF7C5FF236A31462846984701462046CD
:10C3B800FCF7BAFA022840F09880F8BDFFF74FFE64
:10C3C80007460E46FBF7FAFF87428E41F6D3D7E7BA
:10C3D800D4E90401D9E72046BDE8F840FCF770BA73
:10C3E80090F82A30DA1E012A02D940F2ED11AAE7A4
:10C3F80090F828202AB121462846BDE8F840FFF7E2
:10C4080086BF042B036A18BF012180F82A10052172
:10C41800284698470028D0D00378002BCDD04FF479
:10C42800007190E790F82A30052B02D040F20621DF
:10C4380089E7036A0221B7E790F82A30052B02D072
:10C448004FF403717FE7036A0121ADE790F82A30C2
:10C45800052BC0D040F2122175E790F82A30052B41
:10C4680007D090F829200AB1032B02D040F21721F7
:10C4780069E794F82820002ABDD194F8593083B18F
:10C4880002230821284684F8592084F82A30236A90
:10C498009847002891D00378002B8ED040F22321B2
:10C4A80051E794F8292062B1214604F1300084F85C
:10C4B8002930FBF723FF00287FF47FAF4FF40A7180
:10C4C80041E702230721284684F82A30236A98473F
:10C4D80000283FF472AF0378002B3FF46EAF40F2B0
:10C4E8002F2130E74FF40D712DE70128236A0CBF87
:10C4F8000421032158E770B50024FCF7CFFA05465C
:10C508002646E0B2854200D870BDFCF7CDFA01346A
:10C51800068580F82A60F4E7F8B504460D4600273A
:10C52800FCF7BCFA0646F8B2864204D8082D0CD9A6
:10C538006FF0150008E0FCF7B7FA90F82A300137D9
:10C54800002BF0D04FF0FF30F8BD2CB12946204623
:10C55800BDE8F840FCF7B4BA21462046F8E710B524
:10C568000446FCF7A1FA014688B190F828308BB947
:10C5780090F82A3073B1013B012B04D82046FFF70D
:10C58800C6FE002010BD012380F82830F9E76FF0BF
:10C598000100F7E76FF02200F4E770B50D46FCF7ED
:10C5A80083FA044600284CD090F82A60731E012BA9
:10C5B8004DD8002D48D02846FCF756F9002843D01E
:10C5C8002B780BBB012323702B796A79003B18BFAA
:10C5D8000123002A14BF0422022243F0040322721A
:10C5E800AA68A5326260EA68637203232261214661
:10C5F80004F1300084F82A30FBF780FE50BB40F28B
:10C60800C1216A20FCF7A6FA022E20D1002323704C
:10C618002B796A79003B18BF0123002A18BF04262A
:10C6280043F004032672EA686372A532A96862605F
:10C63800D4E906325B1842EBE172C4E90432042300
:10C64800D5E76FF0010070BD6FF01500FBE76FF0E4
:10C658002200F8E70020F6E7F8B5037904461BB195
:10C668001B219D20FCF776FA4679017126B9012332
:10C678004371217909B96171F8BD2768204626718F
:10C68800B84702280546F4D103212046B84708B127
:10C698002F21E6E723682946204698470028E8D056
:10C6A8003021DEE70346006800B970478842F9D1B7
:10C6B80002681A60704701F11003013813F8012D60
:10C6C8008B4200F8012FF9D170472DE9F04713F09C
:10C6D800010F8EB004460D4617469A46DDE91689C5
:10C6E80024D006A8FFF7E7FFA30735D002AA04F174
:10C6F80010052068083454F8041C1346AC4203C3E0
:10C708001A46F6D106AD02AC1AF0020F4346CDF830
:10C71800009023D0294620460AAAFCF7C5FA0AA9A0
:10C728003846FFF7C8FF0EB0BDE8F08713F0040FD6
:10C738000DD106AB0E4601F1100C1D4630680836C7
:10C7480056F8041C1A46664503C21346F6D121461C
:10C7580002A8FFF7B0FFD6E706ADD5E73A46294667
:10C768002046FCF7A1FADEE713B50024CDE9004422
:10C77800FFF7ABFF02B010BDFCF79ABB20BF7047B4
:10C7880020BF70479142F8B503D373219620FCF778
:10C79800E1F9B2FA82F33BB1C3F1200499409A401F
:10C7A80020FA04F4984021434FEA124C93B2040C47
:10C7B80087B2B1FBFCF50CFB151E05FB03F64FEA2F
:10C7C8000E4E0EEB1040864205D9361A964294BF9B
:10C7D80001260226AD1B04EB0141280405FB1211BA
:10C7E800B1FBFCF40CFB1411634307EB0147BB429C
:10C7F80005D9DB1B934294BF01230223E41A20438B
:10C80800F8BD2DE9F0411D4607460C46164652EA8A
:10C81800050303D1A6219620FCF79CF985B991421E
:10C8280004D2FFF7AFFF2946BDE8F0810846294644
:10C83800FFF7A8FF05463246384606FB1541F0E7E4
:10C84800B5FA85F80123400803FA08F3C8F11F0870
:10C8580040EAC470A3FB0212610803FB0522FFF73C
:10C8680091FF30FA08F04FF0000102D0013861EB77
:10C87800010100FB05F3A0FB062C06FB0133BF1AE0
:10C88800634464EB0304B742AC41CDD3013041F1BA
:10C898000001C9E7F0B5C9B20446A30726460ED180
:10C8A8004FF0013522F003034D43E718BC420CD189
:10C8B800334402F003021A44934209D1F0BD002A1E
:10C8C800FCD0013A04F8011BE7E744F8045BEDE704
:10C8D80003F8011BF0E700280CBF6FF015000020DB
:10C8E800704700207047072303700020704700201E
:10C8F80070470020704710F8012B11F8013B012AFE
:10C9080028BF9A42F7D0D01A7047034611F8012B76
:10C9180003F8012B002AF9D17047034613F8012BBD
:10C92800002AFBD1181A013870472DE9F0478C46C8
:10C938008E46089E154604461946002B40F0D080C6
:10C94800724547D9B2FA82F74FB1C7F120030EFA00
:10C9580007FCBD40BC4020FA03F343EA0C0C4FEA45
:10C96800154EA8B2230CBCFBFEF80EFB18CC08FB36
:10C9780000F943EA0C43994528D9EB1808F1FF322E
:10C9880004D2994502D9A8F102022B44A3EB09036A
:10C99800A4B2B3FBFEFC0EFB1C330CFB00F044EA14
:10C9A8000344A04214D92C190CF1FF3304D2A0423D
:10C9B80002D9ACF102032C44241A43EA02401EB106
:10C9C800FC40002334607360BDE8F0874246DDE731
:10C9D8006346F1E7002A79D0B2FA82F3002B3FD000
:10C9E8001946C1F1200302FA01F500FA01F42EFA02
:10C9F80003F20EFA01FE20FA03F3AFB243EA0E0384
:10CA08004FEA154EB2FBFEFC0EFB1C201A0C0CFB69
:10CA180007F842EA004290455AD9AA180CF1FF30AB
:10CA280004D2904502D9ACF102002A44A2EB0802D4
:10CA38009BB2B2FBFEFC0EFB1C220CFB07F743EA81
:10CA480002439F4246D9EB180CF1FF3204D29F42B1
:10CA580002D9ACF102022B44DB1B42EA004202E09D
:10CA6800AEEB020301224FEA154EAFB2200CB3FB26
:10CA7800FEFC0EFB1C330CFB07F840EA0343984509
:10CA88002AD9EB180CF1FF3004D2984502D9ACF141
:10CA980002002B44A3EB0803A4B2B3FBFEFC0EFB7D
:10CAA8001C330CFB07F744EA0344A74216D92C1998
:10CAB8000CF1FF3304D2A74202D9ACF102032C4493
:10CAC800E41B43EA00400F46114678E71F2188E738
:10CAD8006046ABE76246BFE76046DBE76346EFE7E1
:10CAE800734506D916B9002108466DE7C6E9000E58
:10CAF800F9E7B3FA83F787B9734501D3824207D8B8
:10CB0800841A6EEB030301209C461EB900215BE7E3
:10CB18003846FAE7C6E9004CF8E7C7F1200CBB40F5
:10CB280000FA07F422FA0CF520FA0CF1BA401D437A
:10CB38002EFA0CF30EFA07FE4FEA154941EA0E01E8
:10CB48001FFA85FEB3FBF9F809FB18300B0C08FB3C
:10CB58000EFA43EA00439A4540D9EB1808F1FF3032
:10CB680004D29A4502D9A8F102002B44A3EB0A0388
:10CB780089B2B3FBF9F809FB183308FB0EFE41EA4A
:10CB880003418E452CD9691808F1FF3304D28E452C
:10CB980002D9A8F10203294443EA0040A1EB0E019F
:10CBA800A0FB02984145CE46434602D306D14C45E8
:10CBB80004D20138B9EB020E68EB0503002EA5D0AC
:10CBC800B4EB0E0261EB030101FA0CFC22FA07F345
:10CBD800F9404CEA0303C6E9003197E74046C5E748
:10CBE8004346D9E7000000000022F0B5114640F6A0
:10CBF800034087B004F052FD0446002858D104F0E1
:10CC080079FB214641F2030005AA04F047FD0446DA
:10CC180000284DD1059A284DD16805F17803D1F83F
:10CC28000100D1F8051003C3104603F0B9F92146F5
:10CC380041F2010005AA04F031FD0446002837D16D
:10CC48000598C3685A7885F870205A88A5F8722024
:10CC58001A7985F87120B3F80720A5F87420B3F87D
:10CC68000530A5F8763003F09BF9214641F2020021
:10CC780005AA04F013FD0446D0B9059F05F1800606
:10CC8800FA68531C4132344618685968083303C49B
:10CC980093422646F7D1384603F082F995F87C305E
:10CCA8005F060DD44521054816F027FE6FF01204E3
:10CCB800204607B0F0BD00BFE000002035AF0200FD
:10CCC800002142F2030005AA04F0E8FC044600280B
:10CCD800EED1059AAC4BD168D1F80100D1F8051016
:10CCE80003C3104603F05CF9214642F2020005AA8C
:10CCF80004F0D4FC04460028DAD1059EF468B4F8A0
:10CD080001309AB282B1E27872B1A5F8FC30E278CB
:10CD1800032A04D0032357219C4816F0EEFDE2783D
:10CD28009B48114619F06CFA304603F039F91F2375
:10CD380095F87C60A5F8103116F0200619D14FF04F
:10CD4800FF304FF0FF3104F0F5FA0446002800F0F8
:10CD5800998102210C3003F005FA01232146037062
:10CD68004670324640F66D4004F098FC04460028B0
:10CD78009ED195F89C301E0712D5002142F21C0066
:10CD880005AA04F08BFC0446002891D10598C368D5
:10CD9800D3F80120D3F80530C5E9382303F000F9AA
:10CDA80095F8D8309C0626D50DF1120104A804F098
:10CDB800FBFC044600287FF47BAF4FF0FF304FF0B8
:10CDC800FF3104F0B7FA0646002800F05B81042121
:10CDD8000C3003F0C7F9BDF8103022460380BDF8C7
:10CDE80012303146438042F2240004F057FC0446D6
:10CDF80000287FF45DAF95F8D830580610D500218B
:10CE080042F22A0005AA04F049FC044600287FF4EF
:10CE18004FAF0598C3685B7885F8123103F0C0F806
:10CE28004FF0FF304FF0FF3104F084FA0646002837
:10CE380000F0288108210C3003F094F995F8D840C7
:10CE480040F2022314F0400F08BF0323A10795F80E
:10CE5800D9104CBF43F02C0343F00C03A70648BF7E
:10CE680043F0400311F0090F18BF43F4006304F0C6
:10CE780001040246002143EA041017F0E9F80022F1
:10CE8800314642F2010004F009FC044600287FF410
:10CE98000FAF95F87C30B5F8FC10980661D4C9B985
:10CEA80041F2050005AA04F0F9FB044600287FF4C6
:10CEB800FFAEB5F8FC30059C4BB9E368B3F8012028
:10CEC800A5F8FC209A883248114619F099F92046AD
:10CED80003F066F84FF0FF304FF0FF3104F02AFA04
:10CEE8000446002800F0CE8008210C3003F03AF9FF
:10CEF80095F8D8300246D9073CD44FF00051254860
:10CF080017F0A6F82146002240F6014004F0C6FBBF
:10CF1800044600287FF4CCAE014605AA4FF601402E
:10CF280004F0BCFB00283DD057211B4816F0E5FC57
:10CF3800EB79002B40F0968017F021FA0446002880
:10CF48007FF4B6AE07F0F8F8044600287FF4B0AED8
:10CF5800EB79002B40F0AE804921104816F0CDFC4B
:10CF6800A6E60029B6D145210D4816F0C6FC6FF09B
:10CF780004049DE602A1D1E90001C1E7AFF30080F6
:10CF88009088000200800020B80100205EAF0200F7
:10CF9800E001002010880002D1AF0200C3B00200F7
:10CFA800A9AF0200059E4921F4684748B4F801304A
:10CFB800042B96BF454A464A52F8232016F09DFC9A
:10CFC800B4F80120B4F80330022A2AD1052B28D856
:10CFD800404A52F8232049213F4816F08EFCD4F8E5
:10CFE800091063790291B4F80710032B019198BFD7
:10CFF8003A4AA17994BF52F82320354A384800911B
:10D00800492116F07AFC304602F0CAFF00214FF69B
:10D01800024005AA04F042FB044620B157213148DA
:10D0280084E72B4AD7E70598C368B3F80130A5F819
:10D03800C13002F0B5FF95F8C1305A077FF578AFD7
:10D0480021464FF6034005AA04F028FB10B15721EA
:10D0580025486BE70598C3685B7885F8C03002F00F
:10D068009FFF65E72E78002E7FF466AF95F8C130F4
:10D078009B0626D54FF0FF304FF0FF3104F05AF9E8
:10D08800044610B96FF0680412E606210C3003F06C
:10D0980069F8D5F8013021460360144B32469B8865
:10D0A80083804FF6064004F0F9FA044600283FF45E
:10D0B80043AFFDE508210E4816F0A2FF04F01CFA64
:10D0C800F6E56FF08504F3E5FAAF02008C8F0200F5
:10D0D80092AD0200748F020018B00200648F020043
:10D0E80035B0020067B0020095B00200E1000020F0
:10D0F800B40100200000000008B5094BD3E8AF3F99
:10D1080043B1FAF78FF904A1D1E90001BDE808405D
:10D118000DF0CCBD08BD00BF389C1C00000000000D
:10D12800002800200000000013B500246FF0090358
:10D138004FF4806212491348009410F061FA1249C2
:10D14800104819F0D4F81149114810F0D9F82246BE
:10D1580004211C2002F0BCF901220E4BD3E8EF1F7A
:10D16800C3E8E02F0028F9D103A1D1E900010DF0AF
:10D178009DFD204602B010BD389C1C000000000038
:10D188000046002098210020E4D102007DAC010077
:10D19800682800200028002070B4174E0C46B042C2
:10D1A800154608D00136B0420FD0023EB04210D02A
:10D1B80070BC14F02FBA0AA3D3E90023C5E90023F1
:10D1C8000E4B0020236070BC704707A3D3E90023EF
:10D1D800F4E707A3D3E90023F0E700BFAFF300802B
:10D1E80002C0FF7F0000000003C0FF7F00000000B6
:10D1F80001C0FF7F0000000002C0FF7F03004E80D7
:10D20800014B1878704700BF3C2D002008B5044832
:10D21800044A15F0A7FEBDE80840012018F05BBDE0
:10D228007096020031C2020008B529B1BDE8084075
:10D23800054A064815F096BE054815F093FEBDE868
:10D248000840012018F044BD31C202009096020047
:10D25800B296020030B50D4D89B003AC0FCD0FC4A6
:10D268002B680B49236001230222009303A8094B72
:10D2780005F022FA014620B1074815F073FE09B0FF
:10D2880030BD064815F06EFEF9E700BFD0890200F0
:10D29800708D0200688D0200BD960200E3960200C0
:10D2A800CB0710B506D500F00104204601F082FD39
:10D2B800014B1C7010BD00BF3C2D002070B50378D9
:10D2C8008AB004460E4607AD032B20D8DFE803F0EA
:10D2D80002191B1D11492846FFF717FB05956378AE
:10D2E8001E210493A37830460393E3780C4A0293F3
:10D2F8002379019363790093A37915F095FA0AB01D
:10D3080070BD0849E7E70849E5E70849E3E70A2166
:10D318002846074A15F088FAE0E700BF059702009B
:10D328002E9702000C970200139702001D97020027
:10D338002797020030B515468BB00C4617F0FFF85A
:10D3480002A9FFF7BBFF35B92246074802A915F025
:10D3580009FE0BB030BD054B2246009304482B460E
:10D3680002A915F0FFFDF4E75197020031C202004F
:10D378007097020010B50C4688B017F0E0F86946BF
:10D38800FFF79CFF22466946024B034815F0EAFD69
:10D3980008B010BD31C202009897020010B50C46C3
:10D3A80088B017F0CCF86946FFF788FF224669462F
:10D3B800024815F0D7FD08B010BD00BFBF970200A6
:10D3C80000B589B017F0BBF86946FFF777FF6946E3
:10D3D800024815F0C7FD09B05DF804FBE2970200AA
:10D3E80010B50C4688B017F0AAF86946FFF766FF33
:10D3F80022466946024815F0B5FD08B010BD00BFC9
:10D40800F997020008B5044815F0ACFDBDE80840DE
:10D41800024810F069B800BF0F980200E02400200D
:10D4280010B5264815F09EFD0CF0E8FD014618B130
:10D43800234815F097FD0BE022480CF00FFE044638
:10D4480040B9214806F044FE58B1204815F08AFD3D
:10D45800002010BD01461E4815F084FD21461D48D8
:10D46800E7E71D4806F050FE08B11C48EEE704F057
:10D47800E3FA014608B11A48DBE71A4815F072FDCD
:10D4880016F0B8FA184801F08BFC044610B10146B2
:10D498001648CEE7164817490FF032FF144810F027
:10D4A80023F8013404F0010100200CF063FE002190
:10D4B80047F6122011F0E0F8F3E700BF5898020091
:10D4C80082980200A9D2000010030020D998020017
:10D4D8009D980200BC9802000003002006990200F3
:10D4E8003899020058990200F80200206F9902004A
:10D4F800E02400205DD200002DE9F04110F0030483
:10D5080007464FD121F00306DFF8B4E0DFF8B48016
:10D518002D4A8D0800EB060C60451CD16FF0030303
:10D5280003FB0515B81900230544A84242D1244835
:10D538004C405843234B4FEA70405843234B6040BC
:10D5480080EA10405843224B80EA5030584380EA22
:10D558001040BDE8F08150F8043B0EFB03F34FEA9E
:10D56800734308FB03F363404FEAF34303EB83037E
:10D578009C18D1E71B68043D7B434FEA73430CFBBF
:10D5880003F363404FEAF34303EB83039C18032D33
:10D59800A6EB0503EED86FF003028B085343CD18B2
:10D5A800C01AC0E70D460024054FDFF818C0064A28
:10D5B8004618ECE710F8012B42EA0323B5E700BF51
:10D5C800512D9ECC9335871B646B54E66BCAEB8553
:10D5D80035AEB2C22DE9F84300EBC103DF8804463B
:10D5E800B94202F104080BD1012303FA02F2C3681D
:10D5F80023EA0203C360002340F82830BDE8F8831B
:10D60800B3F80490FD004FEAC9060636835B04357B
:10D618008B4202D1425B9A420BD04521084816F052
:10D628006CF9002383F31188BFF36F8F0423184626
:10D6380002DF44F82870A75324F80590DEE700BFFE
:10D64800979902002DE9F84F044615F0D2FBB0FA7D
:10D6580080F0C0F11F0004EB8006D6F81090CD00D2
:10D6680005F1040A0B4606358FB2B9F1000F0AD14D
:10D678000121E26881400A43E260336124F80A70BC
:10D688006753BDE8F88F4FEAC906043634F806B088
:10D698004FEACB0808F1060834F8083099450BD052
:10D6A8004521094816F029F9002383F31188BFF3AF
:10D6B8006F8F0423184602DF24F80AB024F8059077
:10D6C80024F80870A753DCE79799020010B500EB1F
:10D6D800C1035B880446DB070A460ED415F08EFBAF
:10D6E80034F83030C01A814207D134F8311020465E
:10D6F800511A15F083FB82420BD04521054816F0DC
:10D70800FCF8002383F31188BFF36F8F04231846B6
:10D7180002DF10BDC09902002DE9F8430F46002929
:10D728007AD004680E1F361BF50826F0070604EBAE
:10D738000608B8F8023013F001090BD10A46374839
:10D74800452116F0DAF889F31188BFF36F8F0423A7
:10D75800184602DF2946204615F050FB34F83030D1
:10D76800C01AA8420CD03A4645212D4816F0C5F8F3
:10D77800002383F31188BFF36F8F0423184602DF59
:10D78800A15B2046691A15F039FBA8420CD03A462D
:10D798004521244816F0B1F8002383F31188BFF31C
:10D7A8006F8F0423184602DFB8F80230294623F0A9
:10D7B8000103A8F80230204615F020FB04EBC00353
:10D7C8005B880746DA070CD401462046FFF77EFF40
:10D7D8003946204615F017FB3A462946204615F0EB
:10D7E8005EFBA65BAE1B04EBC6035B88DB070DD4B0
:10D7F80031462046FFF76AFF3146204615F003FB05
:10D808002A463146204615F04AFB35462946204629
:10D81800BDE8F843FFF716BFBDE8F8836D9A02002C
:10D82800139A0200419A0200B2F5802F2DE9F843BD
:10D838000AD336494FF43772354815F0A9FB4FF42F
:10D848003771324815F09BFB042A08D82F4940F25B
:10D85800E3222F4815F09CFB40F2E321F1E7043A5C
:10D86800CD1D114425F0070521F00706A6EB050894
:10D87800B8F1170F4FEAD80708D824494FF43B727C
:10D88800234815F085FB4FF43B71DAE7B7FA87F4C4
:10D898004FF00009C4F12002C4F12404A4000734A5
:10D8A800E408631CBB420560AF60C5F80C9008D95A
:10D8B800164940F20232164815F06AFB40F202316E
:10D8C800BFE74946920005F110001AF040F9A2B2EC
:10D8D800530043F001036B803B1B9BB205EBC40173
:10D8E8005800A5F80090488025F83420A6F8029042
:10D8F80025F8083005EBC7035A88214642F0010293
:10D908005A802846BDE8F843FFF79CBE979A020064
:10D91800C99A0200014B1B68184700BF2803002062
:10D92800014B1860704700BF2803002030B504463B
:10D9380085B00D461022002168461AF008F9022326
:10D948008DF80230044B2A4621466846019314F0AC
:10D95800FBFF05B030BD00BF1DD9000080B50546EE
:10D968000E461746984610F0FBFE034601F0B2FE3D
:10D97800DFF83490044649F80030424639463046CC
:10D98800A8470A4B1B7853B909490A4840F246325E
:10D9980015F0FEFA40F24631054815F0F0FA54F851
:10D9A800090001F031FE00BF08000000FE30002031
:10D9B800FA9A0200C99A02002DE9F84F838B0446AF
:10D9C8001807904613D501290CBF43F0100343F004
:10D9D8002003A38304F1140011F052F9002800F089
:10D9E8009A8088F31188BFF36F8FBDE8F88F0229FA
:10D9F80003F0070A40F04B81204615F047FB052845
:10DA080000F2F08001A353F820F000BFDDD9000038
:10DA180097DC0000EDDB0000A3DA000033DB000038
:10DA28008FDB000002F00702531F012B1AD80023D6
:10DA3800062A256889B2C4E9003309D12B4603E0D8
:10DA4800E28B0132E2831B68002BF9D141F002011D
:10DA58002046A18315F01AFB002800F0268141F02A
:10DA6800200121E1042A0DD189B22046A18315F0B5
:10DA78000DFB0546002800F0188141F02001002523
:10DA8800A18312E1944940F21B12944815F080FAE0
:10DA980040F21B11904815F072FABAF1000F08D045
:10DAA8008D494FF4AB728D4815F072FA4FF4AB7193
:10DAB800F0E7236843B9884940F25712874815F0C0
:10DAC80067FA40F25711E5E723691F6847B98249A9
:10DAD8004FF4AD72814815F05BFA4FF4AD71D9E798
:10DAE800564655464FF00609A18B21F0070141F033
:10DAF800060189B2A183A368002B00F0DD804FF0F6
:10DB0800010B41F0080104F1140A5046A18311F0F9
:10DB1800B7F800286FD172494FF499726F4815F021
:10DB280037FA4FF499716E48B5E7BAF1020F08D089
:10DB3800694940F25D12694815F02AFA40F25D1110
:10DB4800A8E7E68B46B164494FF4AF72634815F015
:10DB58001FFA4FF4AF719DE723695F6847B95E49C3
:10DB680040F261125D4815F013FA40F2611191E735
:10DB7800A18B354621F0070141F0040189B24FF02D
:10DB88000409A183B7E7BAF1010F08D052494FF44D
:10DB9800B272524815F0FCF94FF4B2717AE7236873
:10DBA80043B94D4940F265124C4815F0F1F940F27D
:10DBB80065116FE723699F6847B947494FF4B47205
:10DBC800464815F0E5F94FF4B47163E70026A18BD8
:10DBD800354621F0070141F0050189B24FF00509EA
:10DBE800A18388E73C4940F26B123C4815F0D0F914
:10DBF80040F26B114EE788F31188BFF36F8FBBF1CA
:10DC0800000F16D165BB17B120463649B847EFF368
:10DC18001188402383F31288BFF36F8F504611F0A9
:10DC280021F828BB2E4984222C4815F0B1F984210B
:10DC380079E7A1680029E5D0D1F800800029E1D072
:10DC480033464A462046D1F804B0D847B8F1000F09
:10DC580004D0D8F8003041469846EFE74346FAE743
:10DC6800294633464A4620462D6815F03BFAC9E74F
:10DC7800504611F01BF8A18B21F0080189B2A1834D
:10DC8800CA061FD521F01003A38301F0070AA6696D
:10DC9800A28B002E22F00701BFF6C4AE0023256830
:10DCA800C4E9003341F00101A18301F00709D1451E
:10DCB8004FF000077FF41FAF0DB9002FE0D04FF0F1
:10DCC800000B1EE78B067FF585AE21F02003A383AA
:10DCD80001F0070A90E600BF3F9B0200C99A0200C4
:10DCE800739B0200F1DC0000F8B504460D4600F114
:10DCF8001406EFF31187402383F31288BFF36F8F65
:10DD0800304610F0AFFF40B909490A48842215F09F
:10DD18003FF98421064815F032F9304610F0C6FF65
:10DD2800A5613A462046BDE8F8400121FFF744BE08
:10DD3800739B0200C99A02002DE9F04704460E467B
:10DD480015F0C0F9051E5ADB04F11409EFF3118A26
:10DD5800402383F31288BFF36F8F484610F082FF89
:10DD6800804638B931498422314815F011F98421A7
:10DD78002E483CE0484610F099FF4FF6FF72E38BBF
:10DD8800A78B934207F007073CD0062F26D8DFE879
:10DD980007F0193C0925190419006FF085054FF0A3
:10DDA800000802E002250133E383484610F068FFCB
:10DDB80070BB1E494FF499721D4815F0E9F84FF4ED
:10DDC8009971D5E700233360636823B9C4E9006615
:10DDD8007FB13D46E3E71E606660F9E715491448E0
:10DDE8004FF4E47215F0D4F84FF4E471114815F0CB
:10DDF800C6F8524602212046FFF7DEFD3D4628467A
:10DE0800BDE8F0876FF00A05C9E76FF00405C6E7BB
:10DE18008AF31188BFF36F8FB8F1000FEFD000239A
:10DE28003A463146204615F05DF9E8E7739B020053
:10DE3800C99A02003F9B020008B54268034602F0F7
:10DE48000302032A816009D062B9074907484522BD
:10DE580015F09EF84521044815F091F80068002255
:10DE68005A6008BD0020FAE7AF9B0200C99A020079
:10DE7800002200232DE9F04F00269FB0CDE90823AA
:10DE880000F12803039304464FF0FF324FF0FF33AD
:10DE9800283015F0ADF9374635460DF148080DF133
:10DEA800580AE369AB4207D8E369BB4253D1002E55
:10DEB80051D16FF0850B31E0626CA1695000884246
:10DEC80094BF2B466B1EA1EB42022046CDE900A869
:10DED800CDE9082315F066F98346F8B99DF859305D
:10DEE80084F82430199B03F47023B3F5803F30D2B3
:10DEF80042465146204615F0DDF950B3199B0137CB
:10DF080003F47F42B2F5844F10D1DBB2012B0CD061
:10DF18004521AA4815F0F1FC6FF07A0B039815F02B
:10DF280097FA58461FB0BDE8F08F0646204608A964
:10DF380015F02DF9DDE908232046CDE900A815F0F4
:10DF4800DFF9B0F1000BE9DB9DF8593084F8243093
:10DF5800AAD00135A5E7AB4247D1636C089A0EAD4C
:10DF6800D21A099B2046009563F1000315F005F9C4
:10DF780083460028D2D1284694F8241015F03AF99F
:10DF880018B9204608A915F002F9DDE9086712ABAF
:10DF980016AD019332463B462046009515F002F92E
:10DFA80083460028BAD1199B03F47023B3F5803F48
:10DFB80038D2284615F02FF9A0B3199B03F47F42F5
:10DFC800B2F5844F02D1DBB2012BA1D104F12403B5
:10DFD800009332463B46204615F031F910F1020F06
:10DFE800834632D1002384F824300026636C089AD3
:10DFF800099D5B00B2EB030965F10005B0462F46A9
:10E00800CDE9089504950DF1680A0595049B4E45E0
:10E01800AB411DD3DDE90823C4E90487C4E9022321
:10E028000AAD4DE0236A13F0010309D1009332468B
:10E038003B46204615F05FFA83460028C6D06DE7B8
:10E0480045215F4815F059FC33E70028CDD065E736
:10E058004A462B462046CDF800A015F08EF8834698
:10E0680000287FF45BAF504694F8241015F0C2F8EE
:10E0780070B1BDF86A105E46082907D9206C15F002
:10E08800DDF91C9B059F18448619B046CDE9089513
:10E09800636CB9EB0303994665F10005B6E7D4E96B
:10E0A80004879F4208BF904504D1BDF82A10002973
:10E0B80040F0AA80616C521A63F10003C4E902239C
:10E0C800424573EB070710D32046009515F055F825
:10E0D800834600287FF422AF284694F8241015F0D0
:10E0E80089F8D4E902230028D9D1626CA3695200C7
:10E0F800E1689B1A61F10001CDE90831204608A9C1
:10E1080015F045F812AB019316AB00932046DDE9F4
:10E11800082315F0F5F8B0F1000BFFF6FFAEBBF1E0
:10E12800010F0CD00023626CA169A06802EB4202C7
:10E13800891A9B4208BF884261D09B46EEE60023BD
:10E14800D4E90257626C07939DF85930551984F841
:10E15800243047F100071AAEA169CDE90857A1EBB1
:10E1680042018D4230D34921164815F0C6FB07AB52
:10E1780000932046D4E9022315F07CF8834618B1B1
:10E188001BF1020F7FF4CAAE079B20460093D4E927
:10E19800022315F0B0F9834600287FF4BFAE616C06
:10E1A800A26901EB4101521AE1681218C4E904019D
:10E1B800A260204615F0A2FA4AE000BFE49B0200E4
:10E1C800069C0200379C02002A463B4620460096E1
:10E1D80014F0D3FF834600287FF4A0AE30469DF8A4
:10E1E800691015F007F828B1BDF86A2012B91B9A12
:10E1F80001320CD0626C551947F10007ACE7204694
:10E2080015F0F3F9834689E66FF01C0B86E6492181
:10E21800124815F072FBE268204608A9CDE908B259
:10E2280014F0B5FFDDE9086707AB009332463B46BB
:10E23800204615F01FF8834618B11BF1020F7FF432
:10E248006DAE079B3246009320463B4615F053F9C6
:10E25800834600283FF466AF60E600BF639C020077
:10E2680037B50D46044638B94521304815F045FB09
:10E278006FF0150003B030BD283017F09CFFE06B3D
:10E288008368DB6898470246206410B9452128480E
:10E29800ECE7102115F0D2F860641368013B1F2BDE
:10E2A80002D945212348E1E7A36900EB80029342A4
:10E2B80004D24521204815F020FBD9E7E369012B5A
:10E2C80002D845211D48D1E72046FFF7D1FDE8B91E
:10E2D8000123002549211A4884F82530D4E906325B
:10E2E80015F00BFBA3684921CDE9003515482B46ED
:10E2F800E26815F002FB23691348CDE9003549218E
:10E308002B46626915F0F9FA2846B3E7002DB1D01B
:10E31800024657210D4815F0F0FA204615F044F949
:10E328002046FFF7A5FD0028D2D0A3E77D9C020078
:10E338008D9C0200B49C0200D69C0200079D02003E
:10E348004D9D0200699D0200849D02009E9D020071
:10E358002DE9F04F894617461E46044685B030B968
:10E3680045214B4815F0C9FA6FF0150508E090F8FB
:10E3780025304BB94521474815F0BFFA6FF00C0519
:10E38800284605B0BDE8F08F3146006C15F056F808
:10E39800636CA26903EB8301521AB2428246E3D34B
:10E3A800B6F5803FE0D20EB1002FDDD0BAF1000FF4
:10E3B80003D0082E94BF9A469A4404F128084FF0D7
:10E3C800FF324FF0FF33404614F012FF4FF0000BBE
:10E3D800E3695B4558D0D4E90221002A3DD0D4E94D
:10E3E80004531AEB050043F100038242994134D3E8
:10E3F800636C9A4200D186BB10220021684619F04E
:10E40800A6FB94F82430082ECDF80490ADF80260ED
:10E418008DF8013018D90295684614F0E0FE082EF0
:10E4280006D932463946204615F04EF9054638B920
:10E438006946204615F046F8002814BF05463546BB
:10E44800404615F005F89BE7731E072BE4D83246C3
:10E45800394602A819F06EFBDEE7204615F0DEF813
:10E46800054628B1452102460B4815F046FAE7E76C
:10E47800204615F043F9054618B1024645210748DC
:10E48800F3E70BF1010BA3E76FF01B05D8E700BF1B
:10E498007D9C0200CA9D0200E39D0200129E0200BC
:10E4A8002DE9F04F15461E46002200238BB0884602
:10E4B8000446CDE9042340B92F48452115F01DFA3B
:10E4C8006FF015000BB0BDE8F08F90F8253033B928
:10E4D8002A48452115F011FA6FF00C00F2E74FF0C9
:10E4E8000009D0E9022304AF0DF1180BCDE902B7FA
:10E4F800D4E90201CDE9000141462046CDE90423D3
:10E5080014F03CFF0028DDDB11D039462046DDF849
:10E5180014A009F1010914F003FF0028D2D1DDE9A4
:10E52800042314998945E1D9079A904502D06FF0E0
:10E538000100C7E7BDF81A70002FF8D0082F0AD8D5
:10E548003DB1BE423246284628BF3A4608A919F0CE
:10E55800F1FA3846B6E7002DFBD0089A5346024434
:10E56800B74294BF019701962046009514F0F5FD37
:10E578000028EED0A6E700BF7D9C0200CA9D0200DD
:10E588002DE9F0478146884617461446DFF878A0FB
:10E5980008EB0706361B0CB9BDE8F08709F1FF3315
:10E5A800032B8CBF3F211AF80310184814F0DAFC2B
:10E5B8000025AC421FD9715D154814F0D3FC013514
:10E5C800082DF6D1134814F0CDFC0025AC4216D91D
:10E5D800715D1148A1F120035F2B28BF2E2114F093
:10E5E800C1FC0135082DF1D10C4814F0BBFC072CF7
:10E5F800D2D9083CCCE70A4814F0B4FCDFE7094854
:10E6080014F0B0FCEDE700BF31DB0200479E0200CA
:10E618004C9E0200569E0200589E020030C2020024
:10E62800529E0200549E0200014B03600020704776
:10E63800808D020070B5104B0D461C68B4B10F4BAD
:10E64800196800238B4202DB6FF0010070BD22467F
:10E6580012F8106B864202D014460133F2E7E068E4
:10E6680017F06AFD28B100202C60EFE76FF00C006E
:10E67800ECE76FF01200E9E72C030020808D020020
:10E6880010B5436888B0029383680C46CDE903321D
:10E6980000230A68C068CDE90623054901AA059345
:10E6A80017F0CAF9079808B9059B236008B010BD90
:10E6B8001F39020010B54FF42814DFF820C086B0C7
:10E6C800CDE904C40824029404AC0194BDF82040A8
:10E6D800009416F04CFD06B010BD00BF18002800CD
:10E6E8002DE9F0410C4B05461C680E4617467CB1D7
:10E6F80000F076F963682046D3F8108032463B462E
:10E708002946C047044600F075F92046BDE8F08167
:10E718006FF00104F9E700BFF02400200023036034
:10E72800044B5A6812B9C3E900007047106058607A
:10E73800704700BFF4240020014B1860704700BFE9
:10E74800F0240020002330B585B0CDE9023305461A
:10E75800019000F045F9094B1C6844B9284600F0BF
:10E76800D1F8044600F046F9204605B030BD63688C
:10E7780020461B6801A998472468EEE7F424002086
:10E788001FB5CDE90101039200F02AF9074B1C6877
:10E7980024B900F02FF9204604B010BD6368204664
:10E7A8001B6801A998472468F2E700BFF4240020F9
:10E7B8000022024BC3E90022704700BFF424002066
:10E7C8000022024BC3E90022FFF7F2BFFC2400201D
:10E7D8002DE9F74307460C4609B100230B600026D4
:10E7E800234DDFF890904D4520D9234923489D2299
:10E7F80014F0CEFB9D21204814F0C1FBD5F8008011
:10E808003846414601AA15F0FCF850B116B954B97A
:10E818002E4606E000224046316815F0F2F800283E
:10E82800F5D11835DFE7019B2360F1E7E6D3144BF8
:10E838001D68C5B155F8188C3846414601AA183DDF
:10E8480015F0DFF850B116B954B92E4606E000228B
:10E858004046316815F0D5F80028F5D1AD69E8E7EC
:10E86800019B2360F1E7304603B0BDE8F08300BFA9
:10E8780038890200C88902005B9E0200C99A02001A
:10E88800FC2400202DE9F341DDF8208004460D46E4
:10E8980016461F460190B8F1000F07D0D8F80010AF
:10E8A800C1B9D8F804E0BEF1000F1CD1204601A977
:10E8B800FFF78EFF98B13B46D0F80C8032462946C8
:10E8C8000198C047034650B1224645210C4815F02F
:10E8D80014F804E001AA15F094F80028E1D100200A
:10E8E80002B0BDE8F081D8F80830324608932946CE
:10E8F8003B46F446019802B0BDE8F041604700BFCE
:10E908009C9E02002DE9F04780464FF00047002604
:10E91800DFF8B890DFF8B8A03D462E4C4C452BD90F
:10E928002D492E484FF4897214F032FB4FF4897147
:10E93800294814F024FB2F46EEE7B8F1000F03D165
:10E9480022694AB91834E9E700224146206815F0DF
:10E9580058F80028F4D1F5E76368BB4206DDAF42FA
:10E9680002D0AB42A8BF2B461D46EBE7EAD1904741
:10E97800002E08BF0646E5E7DFD3DAF80040FCB111
:10E98800183CB8F1000F03D122694AB9A469F6E727
:10E9980000224146206815F034F80028F4D1F5E744
:10E9A8006368BB4206DDAF4202D0AB42A8BF2B462C
:10E9B8001D46EBE7EAD19047002E08BF0646E5E77B
:10E9C800AF42B8D13046BDE8F08700BFC889020021
:10E9D800FC240020388902005B9E0200C99A0200CC
:10E9E8004FF0FF324FF0FF3301480DF0BFBE00BFBC
:10E9F8001407002001480DF067BF00BF140700206E
:10EA080038B5094DFFF7ECFF2B785BB9FFF7D8FE57
:10EA180000F02AF9044608B901232B70FFF7EAFF32
:10EA2800204638BD0024F9E73D2D00202DE9F04FA0
:10EA38009BB004468846CDE90123002900F0B9803F
:10EA48004A21404619F0B5F8019B814693B3029BD1
:10EA5800B3FA83F56D094FF0000B49464046FEF7BF
:10EA68004BFD4FF0FF36DA4620F0404020F01F0003
:10EA780040F00043009304F10803039394F85C30DA
:10EA88005B4519DA534549D3009F760006F01E0608
:10EA980037436DB90125DDE9012304F10806304645
:10EAA80007F18041FFF754FC002840DB002D4ED1D0
:10EAB80000203CE00125CEE7009B039803EB4B07C1
:10EAC8003946492307AA14F002FF831C06D1B6F180
:10EAD800FF3F08BF5E460BF1010BCFE7002826DB9E
:10EAE80049280AD9344935484FF4DF7214F050FAEE
:10EAF8004FF4DF71304814F042FA002200F1680345
:10EB08006B44484503F84C2C05D14A46404607A9B2
:10EB180019F02CF8A0B10AF1010ADCE7BAF10F0FDD
:10EB280008D92748452114F0E8FE6FF01B001BB0F8
:10EB3800BDE8F08F009B84F85CA043EA4A07A8E789
:10EB4800002DA8D03946204614F0F3FFEFE7002344
:10EB58000693636D002B22DA636D47F00105059378
:10EB680029460823304605AAFFF7F2FB0028DEDB1A
:10EB7800A36D30460593616D082305AA0695FFF736
:10EB8800E7FB0028D3DB636D4246C4E915533946D9
:10EB98004B463046FFF7DCFB00EAE070C7E7094860
:10EBA800572114F0AAFE204614F069FF0028D3D09C
:10EBB800BDE76FF01500BAE7C69E0200C99A0200C9
:10EBC8000B9F0200309F02002DE9F04F00F108066C
:10EBD8009BB00746894608234FF00041304607AAF4
:10EBE80014F075FE002827DB089D0DB9284623E0A0
:10EBF80025F0010A492307AA5146304614F067FE5A
:10EC08000AF1804B59460446304614F06DFE08233D
:10EC180080462946304605AA14F059FE00280BDB29
:10EC2800002C069D02DDB8F1000F08DC514638467D
:10EC380014F07FFF0028D8D01BB0BDE8F08F04F196
:10EC480068030DEB03040023414604F84C3C054AD5
:10EC5800CDF8009003AB07A8CDE9036BFFF712FED0
:10EC6800E8E700BF7B3A02007FB50123694603202D
:10EC78000193FFF7DFFC044668BB032002AA01A941
:10EC880014F06BFE044610B110F10C0F23D1009B59
:10EC980003999A68134DB2FBF1F2C5E908125A6854
:10ECA800DB68AA602B656B64C3B105F1080014F03A
:10ECB80007FE044678B985F85C00284614F0DFFEA4
:10ECC800044640B9084E28466E60FFF727FD2846DF
:10ECD8006E60FFF731FD204604B070BD6FF012047E
:10ECE800F9E700BF10140020508E020008B505484F
:10ECF80014F038F9044814F035F9044814F032F9DE
:10ED0800002008BD6F9F0200A39F0200D69F02004B
:10ED18004B1E59425941014B197070473F2D002035
:10ED280008B5012BBDF808100CD171B90A4B1B6846
:10ED38000BB9012008BD1078012809D800F001009E
:10ED48009847F6E76FF00C00F4E76FF00600F1E77C
:10ED58006FF01200EEE700BF042500202DE9FF4107
:10ED68001F460D4B054658680C46164680B1D1F82B
:10ED78000C808047094B324618700123CDE9018386
:10ED8800BDF828302146009328463B4616F0EFF997
:10ED980004B0BDE8F08100BF042500203E2D00200E
:10EDA80020B1034B02681A6042685A60002070471D
:10EDB8000425002000B50E4B89B01B788DF807009C
:10EDC8009BB10021182202A818F0C1FE094B0020AF
:10EDD80003930DF107030493012302A9ADF814303E
:10EDE80008F062F809B05DF804FB6FF00C00F9E771
:10EDF8003F2D0020948E020008B50348034A0021E5
:10EE0800121A14F058FF08BDA00800200031002095
:10EE1800074808B5074A0849121A14F04EFFBDE81A
:10EE280008400648064A0749121A14F046BF00BFB0
:10EE380060000020A0080020B4DD0200600000206F
:10EE480060000020B4DD020037B505460C46C9B1A4
:10EE58008B6814480093D1E90023452114F04DFD37
:10EE6800636945210093D4E903230F4814F045FD55
:10EE78004521E2690D4814F040FD4521A2690C487E
:10EE880014F03BFD012D06D1EFF305824521094819
:10EE9800103A14F032FD2146284603B0BDE8304050
:10EEA8000DF01CB90AA002003EA0020072A00200E8
:10EEB80086A00200B9A0020030BFFFF7FDBF00BF67
:10EEC8002DE9F04105460B4EDFF82C80324606EB63
:10EED8000807CC1B2046094918F02CFEA019424609
:10EEE8000021083C18F033FEAC6707F10800BDE8C4
:10EEF800F08100BF0000000008000000C88902007F
:10EF080010B5244C4521244814F0F7FCA36A990154
:10EF18003ED52248452114F0F0FC1E20A36ADA01F0
:10EF280004D51F48452114F0E8FC1F20194CA36A9A
:10EF3800DB0204D51B48452114F0DFFC0220A36A3C
:10EF48001C0304D51848452114F0D7FC2120114C86
:10EF5800A36A590304D51548452114F0CEFC222094
:10EF6800A36A9A0304D51248452114F0C6FC23204D
:10EF7800084CA36ADB0304D50E48452114F0BDFCF8
:10EF88002420A36A6FEA03436FEA1343A36210BD08
:10EF98001D20C3E700ED00E0D1A00200EEA00200B2
:10EFA80006A1020025A1020054A1020077A10200D7
:10EFB800A1A10200C0A1020070B5284C06460D466A
:10EFC8002748452114F099FCA36AD9043BD5254864
:10EFD800452114F092FC1720A36A1A0504D522488B
:10EFE800452114F08AFC18201C4CA36A9B0511D5F6
:10EFF8001E48452114F081FCA26BA36A180408D5A9
:10F0080045211B4814F079FC1EB1A36A23F4004380
:10F01800A3621920114CA36A590504D51548452146
:10F0280014F06BFC1A20A36ADA050ED512484521A4
:10F0380014F063FC1B20094A936A43F47F439362EC
:10F0480000232B7070BD1620C6E7A36A9B04F2D577
:10F058000A48452114F051FC1C20ECE700ED00E0C3
:10F06800F0A102000BA2020021A2020039A20200B4
:10F0780057A2020071A2020091A20200AEA20200F1
:10F0880070B5324C06460D463148452114F035FC22
:10F09800A36AD90648D52F48452114F02EFC112023
:10F0A800A36A1A0704D52C48452114F026FC12201F
:10F0B800264CA36A9B0711D54521284814F01DFC4E
:10F0C800626BA36A190608D54521254814F015FC7A
:10F0D8001EB1A36A23F08003A36213201B4CA36A0A
:10F0E800DA0704D51F48452114F007FC1420A36A49
:10F0F8009B0604D51C48452114F0FFFB1520134B33
:10F108009A6AD60602D49A6A94070FD59B6AD906DA
:10F118000CD51649164840F22D1213F039FF40F26B
:10F128002D11124813F02BFF1020B9E7074B9A6AEC
:10F13800920642BF5A6A22F400525A629A6A42F010
:10F14800FF029A6200232B7070BD00BF00ED00E043
:10F15800E2A20200FDA2020021A2020035A30200E1
:10F1680052A302006DA30200AEA2020091A3020006
:10F17800C99A0200F0B56E4B0446586800258BB05A
:10F18800C0F3080385F31188BFF36F8F02F07F4641
:10F19800B6F17F4F07D102F00C06082E0ED145219B
:10F1A800644814F0AAFB644940F21B42634813F018
:10F1B800EFFE40F21B41604813F0E1FE16074CBF1A
:10F1C8000C460125002CEED00026DA1E8DF80760CB
:10F1D800092A00F29D80DFE802F00590947B9B9B52
:10F1E8009B9B9B984521564814F087FB8DF8076038
:10F1F8004F4EF36A9A0705D54521524814F07DFB16
:10F2080000232DE0F36A002B02DA45214E48F5E78A
:10F21800F36A5B0068D545214C4814F06EFB7369AE
:10F22800A26943F480737361BFF34F8FBFF36F8F8D
:10F2380032F8023C726922F480727261BFF34F8F18
:10F24800BFF36F8F03F47F42B2F55F4F27D1DBB274
:10F25800022B24D1452122683D4814F04EFB236837
:10F268009DF80720CAB902AE04F12007324620688B
:10F278006168083403C2BC421646F7D1099A002DCA
:10F2880052D0C2F3080121B96FEA52226FEA422232
:10F298000992184602A9FFF7D7FD0BB0F0BD244B21
:10F2A8009A6AD2B232B101200DF10701FFF7E8FEE8
:10F2B8000346D5E79A6A12F47F4F05D001200DF175
:10F2C8000701FFF779FEF3E79B6AB3F5803F02D3A6
:10F2D800FFF716FEECE7184940F2ED22174813F045
:10F2E80057FE40F2ED2166E713494FF43C7213488C
:10F2F80013F04EFE4FF43C715DE700200DF107015D
:10F30800D4E700200DF10701DBE74521114875E737
:10F31800114910F4F87F114A114818BF0A46103BEA
:10F32800452114F0EAFA6BE76FF30802B0E700BF73
:10F3380000ED00E000A4020091A30200C99A0200B7
:10F3480030A402004CA4020072A4020085A40200AA
:10F35800A9A40200CAA40200E7A30200D2A30200E3
:10F36800F3A40200064B5A6942F010025A615A6926
:10F3780042F480625A615A6922F008025A61704761
:10F3880000ED00E0EFF30880EFF3098101B5724664
:10F39800FFF7F0FE01BD00BF002080F31488BFF323
:10F3A8006F8F002080F30A8880F30B880F4880F362
:10F3B80008880BF04FFE00200D490860BFF34F8FFF
:10F3C80000F02CF8402080F311880A484FF40061BF
:10F3D800401880F30988EFF314800221084380F372
:10F3E8001488BFF36F8F00F0A9F800004061002077
:10F3F80094ED00E0004A0020002318460649D1F8A1
:10F408009020C2F30722934200DB7047C1F898307E
:10F41800C1F8A0000133F6E700ED00E010B572B6C0
:10F42800002484F31388FFF7E7FF23464FF0FF30EB
:10F438000C4A03F120010133102B42F82100F8D1C6
:10F4480000234FF0FF30074A03F160010133102B0E
:10F4580042F82100F8D162B6BFF34F8FBFF36F8F28
:10F4680010BD00BF00E100E01EF0040F0CBFEFF379
:10F478000880EFF30980816911F8021C0229FFD086
:10F4880001B5724614F01BFC01BD00BF00B2002894
:10F4980007DB01234109034A00F01F00834042F8BB
:10F4A8002130704700E100E000B200280CDB0122A7
:10F4B8000649430900F01F008240203341F8232009
:10F4C800BFF34F8FBFF36F8F704700BF00E100E0BD
:10F4D80008B5D3070BD40231072909D90D490E48BD
:10F4E8006B2213F055FD6B210A4813F048FD0021EB
:10F4F80000B20028ACBF00F16040084B4FEA411150
:10F50800C9B2ABBF00F5614000F00F0080F80013EE
:10F51800195408BD0BA50200C99A020014ED00E0B9
:10F52800044B054A23F07F039360BFF34F8FBFF36B
:10F538006F8F70470000000000ED00E008B5FFF78E
:10F54800EFFF074AD2F8883023F47003C2F88830F6
:10F55800FFF752FCFFF75CFC00F09CF80CF0DCFEB7
:10F5680000ED00E042F8203C009B0B4942F81C3CAF
:10F57800019B21F0010142F8183C029B42F8081C4B
:10F5880042F8143C4FF0807342F8043C0023203AC0
:10F598000265C367704700BF65D9000000B50D4B11
:10F5A80015469860826F0C4B0E461A60836E83F383
:10F5B8000B882C4686F309880020044B9847204680
:10F5C800002100220023024C20470000F33C0200E7
:10F5D80065D90000B82800200C2500201022014B16
:10F5E8001A61704700ED00E0054B5A699B689A4222
:10F5F8001FBF044A536843F080535360704700BFED
:10F60800B828002000ED00E0084B9B6883420BD12E
:10F61800EFF3058343B1064B5A6842F080525A60B3
:10F628005A6A22F400425A620FF0A0B8B8280020A3
:10F6380000ED00E014498A684FF030001044EFF301
:10F64800098C80E8F01F402080F31288BFF36F8F89
:10F658000E4F4FF000664A698A603E60906F0C4C0E
:10F668002060D06F0023D36780F3118802F1300047
:10F6780090E8F01F8CF3098802F1000004B514F03B
:10F688002DFBBDE804407047B828002004ED00E0D9
:10F698000C250020002340210448C2180133B3F58B
:10F6A800917F82F80013F8D1704700BF00E100E0B5
:10F6B80008B5EFF30583064A103B02EBC30152F885
:10F6C800330049688847BDE80840FFF78DBF00BF91
:10F6D800147E020001480068704700000C250020D5
:10F6E8001FB50121094B0A4A0A4800F00BF900230B
:10F6F800064A0393084B0121019301A8D31A0293E8
:10F7080000F01AF905B05DF804FB00BF00FC022008
:10F7180000000020E48E0200A00800200A7A0B688E
:10F7280010B562F304031C46CB68520923F01F038B
:10F7380043EA4203044A43F00103C2F89800C2F8BE
:10F748009C40C2F8A03010BD00ED00E010B50A4B97
:10F758000446D3F89030C3F30723013B984208D9F5
:10F7680002464521054814F0C8F86FF015042046F4
:10F7780010BDFFF7D3FFFAE700ED00E055A5020042
:10F788002DE9F04F8946144606464FF000084F4DC4
:10F7980085B0C84527DAD6F804A0BAF1000F44D0DE
:10F7A800BAF11F0F18D91AF01F0F15D1D6F800B0EB
:10F7B8001BF01F0F10D1584614F0BAFA07460AEB8F
:10F7C8000B00013814F0B4FA874210D06FF0150717
:10F7D8003A4645213E4802E0424645213D4814F05C
:10F7E8008CF86FF01504204605B0BDE8F08F17F1CE
:10F7F800160FEDD0BC42EBDDC5F89870D5F89C101B
:10F80800C5F89870D5F8A03021F01F0143F01F0B00
:10F81800D6E900321A44994202F1FF3A1AD1D34587
:10F8280007D13146F8B214F08CFA08F101080C3609
:10F83800AFE73146C5F89870D5F89C30E0B263F36D
:10F848000402C5F89C2014F07CFA10F1160FC8D0F9
:10F85800441CEAE7C5F89870D5F8A020013B23F0CE
:10F868001F0302F01F021343D3453146E0B2C5F827
:10F87800A030E8D014F065FA10F1160FB1D0C5F831
:10F888009870D5F89C209DF808300BF1FF3B62F387
:10F8980004038DF80830D5F8A0309DF808205B08DF
:10F8A80063F347128DF80820D6E900321344009319
:10F8B80023F01F035B44A3EB0A03013023F01F036B
:10F8C8006946C0B20393FFF741FFBEE700ED00E0D1
:10F8D800ABA5020080A502000522044BC3F89420C2
:10F8E800BFF34F8FBFF36F8F704700BF00ED00E08D
:10F8F800BFF35F8F0022024BC3F89420704700BF0C
:10F9080000ED00E010B5094C2278FFF739FF2070B0
:10F9180016300AD10649074840F2891213F038FB1D
:10F9280040F28911024813F02AFB10BD402D002037
:10F93800D3A50200C99A02002DE9F74F2E4D8A4639
:10F9480006464FF00008AB462C4FD04502DB03B00B
:10F95800BDE8F08FD6F80490B9F1000F47D03168B0
:10F968000846019114F0E4F90199044609EB0100F5
:10F97800013814F0DDF984424FF01402204B10D006
:10F9880002FB08F36FF015024BF803201D491E48CF
:10F9980040F2991213F0FCFA40F29911194813F049
:10F9A800EEFA14F1160F2C60F0D01978A142EDDDB3
:10F9B80002FB08B0C7F89840C7F89840D7F89C40B1
:10F9C80000F10801007B64F304000871D7F8A00077
:10F9D8000C79400860F347140C71D7F89C1021F09B
:10F9E8001F016960D7F8A01021F01F01296108F1F3
:10F9F800010814350C36A8E71025002000ED00E0BA
:10FA0800402D0020D3A50200C99A02002DE9F0413B
:10FA18006249634DD1F890302C68C3F307239C42A8
:10FA280086B00AD95F4940F202225F4813F0B0FA63
:10FA380040F202215B4813F0A2FA0020FFF758FFBA
:10FA48005A4BC1F8C03084421BD1594D01A82C70C3
:10FA5800FEF7EAFD002607464FF06108554CB7420D
:10FA680016D100202B784D49D1F89020C2F30722F7
:10FA78009342C0F28D800020FFF72EFF06B0BDE84C
:10FA8800F081696801EB0011FFF748FE0130DAE701
:10FA9800019A300102EB0613D3F80CC00CEA0401FA
:10FAA800B1F1807F53D00AD8B1F5001F29D0B1F544
:10FAB800800F3FD0B1F5801F14D00136CFE7B1F1E8
:10FAC800006F44D0B1F1805FF7D159689B68125834
:10FAD800013B21F01F000344CDE9021223F01F036C
:10FAE80001220BE0596812589B68CDE902122122C5
:10FAF800013B21F01F00034423F01F038DF8102061
:10FB080032E0596812589B68CDE902124122013B44
:10FB180021F01F00034423F01F031CF0010F8DF890
:10FB28001020059321D01F4984221F4813F030FA72
:10FB380084217FE759689B681258013B21F01F0018
:10FB48000344CDE9021223F01F030222D6E75968C5
:10FB580012589B6821F01F00013BCDE902120344B3
:10FB680023F01F038DF810800593287802A9FFF76A
:10FB7800EDFD002808DA0B4940F235220A4813F057
:10FB880007FA40F2352155E72B7801332B7094E7BB
:10FB9800C1F89830C1F8A000013365E700ED00E036
:10FBA800F08E0200D3A50200C99A0200AAFF440001
:10FBB800402D00200000F0FF044905481B2208B52D
:10FBC80013F0E6F91B21014813F0D9F920A6020029
:10FBD800C99A020008B5024812F006FEFEE700BF07
:10FBE8005DA6020008B5024B1B689847002008BDB7
:10FBF80024250020034B044A1860937843F002033D
:10FC080093707047242500207003002008B506492A
:10FC1800064821F00701C1F1005202F53F32FDF715
:10FC280003FE002008BD00BF7774002028250020AF
:10FC380070B541690446867A0A4D59B1437ADB07A3
:10FC480006D42C2303FB06535B6A1B689B68984702
:10FC5800002363612C20214600FB0650BDE870405C
:10FC680016F0C4BA6C0700202C22024B02FB0030AD
:10FC7800704700BF6C0700202C21827A054B01FBDE
:10FC880002339A6A1B7F801A1B3323F00303B0FBED
:10FC9800F3F070476C07002038B52C24827A064BA5
:10FCA80004FB02335B6AD3E901240C601568FFF793
:10FCB800E3FF04FB005038BD6C07002008B543681B
:10FCC80043B106490648632213F062F963210348E9
:10FCD80013F055F903824369C36008BD62A60200A8
:10FCE800C99A02002DE9FF470546684691461C4619
:10FCF800039116F084FBDDE900674DB956494FF4CE
:10FD08008572564813F044F94FF48571524813E050
:10FD180005F11408EFF3118A402383F31288BFF327
:10FD28006F8F40460EF09EFF40B94D4984224B48E4
:10FD380013F02EF984214A4813F021F940460EF0B9
:10FD4800B5FF6B8B002B54D02A8B9A4233D90022F3
:10FD5800002328460CF022FF044660B340460EF00C
:10FD68008FFF40B93E494FF499723C4813F010F99F
:10FD78004FF49971DFE78AF31188BFF36F8F039D02
:10FD8800002D58D032463B46684616F05DFB2C21C4
:10FD9800A27A344B204601FB02335B6A03A91B6835
:10FDA8001E68DDE90023B0476061002837D120468E
:10FDB800FFF73EFF2EE06C8B4046631E6B830EF010
:10FDC8005FFF0028CED08AF31188BFF36F8F2B7F97
:10FDD8002A8B1B33121BAC6A23F0030302FB034478
:10FDE800204B214AEB1A9B105343A3722B7FE372DB
:10FDF800C5E740460EF044FF0028B3D08AF31188C7
:10FE0800BFF36F8F23464A4628460CF0C7FE0446C8
:10FE18000028B4D10024204604B0BDE8F087039B35
:10FE28009D420AD90C4940F25F120C4813F0B0F811
:10FE380040F25F116AE72B4665610021012261608B
:10FE480022816382E27A04F1180017F080FE2046CE
:10FE5800FFF734FFDFE700BF62A60200C99A02007D
:10FE6800739B02006C070020A38B2EBA70B50C465A
:10FE7800054650B922494FF4D372224813F088F846
:10FE88004FF4D3711E4813F07AF841B91C4940F277
:10FE9800A7121C4813F07CF840F2A711F2E7EFF321
:10FEA8001186402383F31288BFF36F8F16480EF034
:10FEB800D9FE38B915498422124813F069F884210B
:10FEC8001248E0E710480EF0F1FE002323606B684B
:10FED80073B9C5E900440C480EF0D2FE58B90B4975
:10FEE8004FF49972074813F053F84FF49971E7E704
:10FEF8001C606C60EFE786F31188BFF36F8F70BDED
:10FF080062A60200C99A020034250020739B0200F1
:10FF180070B5044650B91E491E4840F2B31213F09A
:10FF280037F840F2B3111A4813F029F8EFF31186A5
:10FF3800402383F31288BFF36F8F17480EF092FEA9
:10FF480038B916498422134813F022F8842113483B
:10FF5800EAE711480EF0AAFE25682DB162682B6801
:10FF68009542236008BF63600B480EF089FE40B9D4
:10FF78000A494FF49972074813F00AF84FF4997137
:10FF8800E5E786F31188BFF36F8F284670BD00BF81
:10FF980062A60200C99A020034250020739B020061
:10FFA800F8B50446D0B100252C271A4E20466468BF
:10FFB80000F10802D2E8EF3F591EC2E8EC1FBCF17D
:10FFC800000FF7D113F0FF0313D1134940F2D712F2
:10FFD800124812F0DDFF40F2D71107E00E494FF446
:10FFE800E2720E4812F0D4FF4FF4E2710A4812F0A0
:08FFF800C6FF012B09D1837A39
:020000021000EC
:10000000C56007FB036345601B6A1BB19847002C62
:10001000D0D1F8BDFFF710FEF9E700BF6C07002054
:1000200062A60200C99A0200034610B550B91049F1
:100030004FF4FE720F4812F0AFFF4FF4FE710C4800
:1000400012F0A1FF0833D3E8EF2F511CC3E8E41FDF
:10005000002CF8D1D3B2FF2B08D105494FF4007220
:10006000044812F099FF4FF40071E8E710BD00BF9B
:1000700062A60200C99A020008B5034650B90849B1
:10008000084840F2492212F087FF40F24921044813
:1000900012F079FF18465B68002BFBD108BD00BF4A
:1000A00062A60200C99A020070B50D46044650B916
:1000B0000E494FF415720E4812F06EFF4FF4157191
:1000C0000A4812F060FF41B9084940F25522084839
:1000D00012F062FF40F25521F2E746681EB1084671
:1000E000FFF7CAFF4660656070BD00BF62A60200F0
:1000F000C99A020038B505460C4651B90B490C485F
:100100004FF4187212F048FF4FF41871074812F0BC
:100110003AFF20B9BDE838400846FFF785BFFFF732
:10012000ABFF2146FFF7C0FF284638BD62A602009C
:10013000C99A020008B540B90A492B220A4812F0B0
:100140002BFF2B21074812F01EFF838833B105498E
:100150002C22054812F020FF2C21F3E783680B4482
:10016000036008BD9EA60200C99A0200034670B54E
:10017000DC88056882889E68A818A41AAD1B641BD9
:10018000A14208D9054906483E2212F005FF3E214A
:10019000024812F0F8FE0A449A8070BD9EA6020042
:1001A000C99A020008B5034600689A68821A91420B
:1001B0000AD90849084840F2551212F0EDFE40F203
:1001C0005511044812F0DFFE9A88401A1144186055
:1001D000998008BD9EA60200C99A020008B58288CF
:1001E00003468A420AD20849084840F2C31212F074
:1001F000D3FE40F2C311044812F0C5FE521A8280A9
:1002000000680844186008BD9EA60200C99A020052
:1002100008B503469A8800688A420AD20749084806
:1002200040F2CF1212F0B8FE40F2CF11034812F0A4
:10023000AAFE521A01449A80196008BD9EA60200C7
:10024000C99A020008B5244A244B1A6008F0C2FD7E
:100250004FF47A612248D0F82436C3F30802C3F37E
:1002600009434B4382F480721E49883201FB0233FA
:100270004FF4FA215B00B3FBF1F201FB12331A4990
:10028000B3F57A3F28BF0132C1F80429D0F82036EF
:100290004FF47A60C3F30802C3F30943434342F2C5
:1002A0001C5082F4807202F2172200FB02334FF4DA
:1002B0007A701B0AB3FBF0F200FB12330020B3F597
:1002C000FA7F4FF0010328BF0132C1F81C27C1F8A3
:1002D0000009C1F8003608BD0020A10778050020FC
:1002E00000C0FF00F82A00800000125048B1054B02
:1002F000054A1B68B3FBF2F35843044B43F0010378
:10030000184770477805002040420F00508D0200CA
:10031000BFF34F8F0549064BCA6802F4E0621343EE
:10032000CB60BFF34F8F00BFFDE700BF00ED00E0E3
:100330000400FA0570B50B7892B006460C4607AD7E
:10034000032B31D8DFE803F0022A2C2E1949284666
:10035000FCF7DFFA05956378174A0493A3781E210A
:100360000393E3780AA80293237910AD019363798C
:100370000093A37912F05CFA32460AAB1C4603CC18
:10038000AC4210605160234602F10802F6D12068A9
:1003900010603046A388938012B070BD0749D6E73D
:1003A0000749D4E70749D2E70A212846064A12F04E
:1003B0003FFACFE7059702002E9702000C97020044
:1003C000139702001D970200279702000E4B402949
:1003D00028BF402170B51D460C4C4618B04203F1B1
:1003E000020304D1002305F81130074870BD0278DC
:1003F0001209A25C03F8022C10F8012B02F00F0284
:10040000A25C03F8012CE9E7412D0020A4DB0200E7
:100410002DE9F3410446174698461F4DD5E8AF3FF6
:10042000DA071DD530B945211C4813F06AFA6FF080
:10043000010016E001A913F00CFB02280246F6D1D8
:100440002046174917F096FB0028F0D1D5E8AF3FBA
:10045000C3F3C0061B0707D55721124813F051FA02
:10046000002002B0BDE8F081A5F1D40407222146A6
:100470004046B847062809D845210B4813F041FAF1
:1004800045F8D46CE671C4F80360E9E70723B0FBD4
:10049000F3F0E071E4E700BFB4010020F3A602002E
:1004A0001A97020019A7020042A702002DE9F043A3
:1004B00089B0DDF840909D795E791F7993F803C08B
:1004C00093F802E093F801800C461B78B9F1000F15
:1004D00015D0CDE90639CDE904E81346CDE9027C13
:1004E000CDE900560D4A12F0A3F9002813DBA04213
:1004F0002CBF6FF01500002009B0BDE8F083CDE9F6
:100500000583CDE903CE1346CDE90167044A009582
:1005100012F08EF9E9E76FF01500EDE76CA7020025
:1005200090A7020010B5FEF76FFA044620B102460C
:100530004521024813F0E5F9204610BDB1A702009D
:1005400070B504461E4615468CB0AAB129B10A46BC
:1005500002A8042112F02DFD02A900912B4622468B
:10056000242103A8FFF7A2FF70B93146109A03A80F
:10057000FEF7BAF80CB070BD03462421044A03A864
:1005800012F056F92328F0D96FF01500F2E700BFFA
:10059000DBA7020007B50B4B0B48DA79C2EBC202AE
:1005A000009200221146FFF7CBFF024630B14521F1
:1005B000064803B05DF804EB13F0A3B903B05DF88F
:1005C00004FB00BFE00000201A970200E1A7020030
:1005D00030B5044615468DB09AB129B10A4602A835
:1005E000042112F0E6FC02A900912B4622462421A8
:1005F00003A8FFF75BFF60B903A813F002FA0DB080
:1006000030BD03462421044A03A812F011F923281F
:10061000F2D96FF01500F2E7DBA7020007B50093EF
:1006200013460A4601460348FFF78AFF03B05DF808
:1006300004FB00BF2EC502000A4601460148FFF731
:10064000C7BF00BF2EC5020007B5009313460A4678
:1006500001460348FFF774FF03B05DF804FB00BFD9
:1006600028C5020007B5009313460A460146034811
:10067000FFF766FF03B05DF804FB00BF17C402007C
:1006800007B500220346009103481146FFF758FFC3
:1006900003B05DF804FB00BF20C5020008B50248A6
:1006A0000CF026FF002008BD60040020F8B5184DAE
:1006B000D5E8AF3F13F0010F2E4627D015F8CD3CFB
:1006C000A5F1D40783B901F08DFE044628B1452178
:1006D000104813F016F92046F8BDFB7923B901F054
:1006E00091FE04460028F2D1D5E8AF3F5A0701D465
:1006F00000F006FFD6E8EF3F23F40062C6E8E12FE2
:100700000029F7D11B0501D5FFF7C8FF0024E2E758
:10071000B401002001A8020007B5009313460A4661
:1007200001460348FFF70CFF03B05DF804FB00BF70
:1007300077CB02000A4601460148FFF749BF00BFD8
:1007400077CB020010B50024094B86B0094803930B
:10075000CDE904440CF042FF03AB009340F63802AD
:100760000A23054903480CF04FFF204606B010BD90
:1007700039A8020070140020003100200146014811
:100780000CF0CEBF701400200146014815F09DBD4D
:1007900070140020884208B501F110030CD998426A
:1007A0000FD20C490C4840F2B32212F0F5FB40F294
:1007B000B321084812F0E7FBF3D000F11002914298
:1007C000EEE7013813F8012D8B4200F8012FF9D123
:1007D00008BD00BF42A80200C99A0200034630B417
:1007E0001A780846012A11D0022A20D062B9124A8A
:1007F00002F1100452F8045BA24241F8045BF9D103
:100800005B881A0A8270C37030BC70470A4A02F1D2
:10081000100452F8045BA24241F8045BF9D15B6812
:100820001A0C190E42700170C3F30722EAE7591C33
:1008300030BCFFF7AFBF00BFB5DB020010B513F04F
:1008400098FB15F052FD044608B90DF04BFD064B20
:10085000D3E8AF3F0BB10A2098471CB9BDE8104060
:100860000DF092BD10BD00BF38250020811EC9B219
:100870001E2938B5044604D8184820FA01F1C907E2
:1008800008D4174917487A2212F086FB7A211448B7
:1008900012F079FB144813F077FA0546C8B1082C1A
:1008A00019D00BD8022C0FD0042C14D00F490D48AE
:1008B000522212F071FB52210C48E9E7102C01D0B2
:1008C000202CF3D1052100E0042105F10C0013F0E8
:1008D00072FA284638BD0221F7E700BF4100004008
:1008E00083A80200C99A020048080020C1A802009B
:1008F000034BD3E8EF2FC3E8E10F0029F9D170478C
:10090000382500200F2810B50CD80D280CD90A481E
:1009100013F03AFA044618B104210C3013F04BFAE4
:10092000204610BD1328F2D009B10448F0E7022098
:10093000BDE81040FFF79ABF74080020C4070020EC
:1009400038B50B6805460C4643B90D490D48FA22E7
:1009500012F022FBFA210A4812F015FB4A68DA600D
:100960000B684A895A820868FFF71EFB204610224E
:10097000002117F0F0F82846BDE8384013F0F9BA26
:1009800083A80200C99A02002DE9F84305460C46E7
:100990001F46164642B92449D622244812F0FCFAD2
:1009A000D621214812F0EFFA30B91F49D7221F484B
:1009B00012F0F2FAD721F4E7CA684B699A4206D1DD
:1009C0001949DB22194812F0E7FADB21E9E708466A
:1009D00013F0E7FA804630B11349DD22134812F0D4
:1009E000DBFADD21DDE701F10C09484605F10C01D8
:1009F00013F0CEF9E368626931469B1A13FA86F365
:100A00006B82012348466B722E82FFF7E7FBE36897
:100A100028467B60638AC4F80C807B81A4F812802E
:100A20003C60BDE8F88300BF83A80200C99A0200B9
:100A3000C36857211A78014812F063BF11A9020058
:100A400038B505461446084602EBC3039C4202D162
:100A50006FF05E000FE0224612F8081BA9420FD18A
:100A6000028A6378934207D906482B46452112F043
:100A700048FF6FF0150038BD636898470020FAE71B
:100A80001446E3E73EA9020038B5C5682B7893B950
:100A9000B5F801400F21204602F0C2FDEB78054673
:100AA00050B90A4A118831B96FEA04506FEA105000
:100AB0001080074A137038BD0373012102F0EAFC6D
:100AC0002846BDE8384002F06FBC00BF1C2D002056
:100AD000C22D002070B5C3681D78B5B9B3F80160A8
:100AE0000F21304602F09CFD044630B93246BDE885
:100AF00070404521054812F004BF294602F0CAFCA7
:100B00002046BDE8704002F04FBC70BD65A90200F0
:100B100010B5C3680121B3F80140204602F080FD02
:100B200030B92246BDE810404521034812F0E9BE25
:100B3000BDE8104002F038BC90A9020010B5C368AF
:100B400001211C88204602F06BFD30B92246BDE829
:100B500010404521034812F0D4BEBDE8104002F019
:100B600023BC00BF90A90200012108B50C30FFF79B
:100B70004FFBBDE8084002784521014812F0C1BE94
:100B8000B9A90200014608B50748FFF773F90749FC
:100B9000074815F09AFB021E05DABDE8084045211A
:100BA000044812F0AEBE08BD1402002080040020EC
:100BB000C0150020E0A9020010B5002486B003ABE8
:100BC00000934FF462724FF0FF3305490548CDE9B9
:100BD000034405940CF018FD204606B010BD00BF7C
:100BE000383900201815002010B5084C014606229F
:100BF00094F86F0003F036F938B994F86F000522C5
:100C0000BDE81040024903F02DB910BDE0000020FE
:100C10008ADB020073B505460C46FFF711FF5F3013
:100C20000BD1268AE0683146FFF7D0FB33460090AF
:100C30002A465721024812F064FE02B070BD00BF80
:100C400002AA020010B5012104460C30FFF7E0FAB9
:100C50002146BDE810400223014A0078FFF7DABFC1
:100C6000D08F020070B53B48FFF756F904460028C4
:100C70006FD000F10C05284613F0ABF802280246AD
:100C800004D0042844D04521334804E0228A032AB2
:100C900004D84521314812F034FE11E004212846E1
:100CA000FFF7B6FAFF22438806882276228AC6F327
:100CB0000B009342608307D04521294812F021FEA2
:100CC0002046FFF771F913E00F2102F0A9FC054659
:100CD00018B94521628B2348DDE702F0C5FC2146A7
:100CE0002076320B284602F0CBFA284602F05CFB55
:100CF0001D4BD3F8343163B31C491D4815F0E5FA98
:100D0000021E26DABDE8704045211A4812F0F9BDEE
:100D100028460221FFF77CFA054600783E2811D0CC
:100D200013F060F910F002060CD140F69A42124915
:100D3000124812F031F986F31188BFF36F8F032345
:100D4000184602DF062321460D4A2878FFF762FF86
:100D5000B6E770BD14020020E2AA020029AA020030
:100D60004FAA020078AA0200E000002080040020C0
:100D7000C0150020E0A902009FAA0200C99A020043
:100D8000E08F020010B5012104460C30FFF740FA55
:100D90002146BDE810400823014A0078FFF73ABF1A
:100DA0001090020073B5044601210C30FFF730FAB1
:100DB0000578002321462846094AFFF741FE5F30A7
:100DC0000BD1268AE0683146FFF700FB33460090DE
:100DD0002A465721034812F094FD02B070BD00BFAF
:100DE00050900200FBAA020070B5C5680121B5F859
:100DF0000160304602F014FC044630B93246BDE8CA
:100E0000704045210B4812F07CBD2B783BB9D5F8DA
:100E10000330C0F89930D5F80730C0F89D30201D58
:100E20004FF4803113F0F0F82046BDE8704002F036
:100E3000BBBA00BF90A902002DE9F0470C460DF0A7
:100E400051FAE5682A78022A73D0042A09D045218C
:100E50003C4812F056FD2046FFF7A6F86FF0150447
:100E60000DE0B4F81080B8F1020F0DD842464521CC
:100E7000354812F046FD2046FFF796F800240DF0A5
:100E800083FA2046BDE8F08768783E280DD1B8F196
:100E9000030F03D1424645212C48EAE7EB78012BAA
:100EA00001D00A2B45D1032704E013F09BF8074635
:100EB000F8073ED504F10C0601213046D4F814A001
:100EC000FFF78CF902213046FFF7A2F9814600783E
:100ED0003E2807D1E3681B78012B01D00A2B06D1ED
:100EE000032613E013F07EF8C10706460ED441F244
:100EF00068121749174812F04FF8002383F311883E
:100F0000BFF36F8F0323184602DF0226124A06231F
:100F1000214699F80000FFF77DFEB2070DD5636901
:100F2000A5EB0A0513FA85F5E560A4F81080BB0768
:100F3000A4D52046FFF726FEA0E72046FFF734F8A9
:100F4000F5E700BF78AB020032AB020053AB020002
:100F50009FAA0200C99A0200A08F02002DE9F04763
:100F6000884617460646002800F082800023DFF8F6
:100F70000491D9E8EF4FC9E8E23F002AF9D134B92A
:100F80003246BDE8F04745213B4812F0BABC204646
:100F9000FEF776FE4FF00C0A384D0AFB00504388EE
:100FA000B3421DD02046FEF76BFE0AFB00503246CE
:100FB00043884521324812F0A4FCD9E8EF3FC9E844
:100FC000E24F002AF9D1002B52D02E492E4840F68C
:100FD000EE1211F0E1FF40F6EE112A4811F0D3FFB6
:100FE000A74208D02046FEF76DFE3A8AF96804F160
:100FF0000C0012F0D4FE2046FEF742FE0C2606FB43
:1010000000504368ABB1B8F1000F12D12046FEF793
:1010100037FE012106FB00504268536803F01F00B1
:10102000814010685B0900EB8300137AE3B112F092
:10103000EBFF2046FEF724FE0C2606FB00508368DB
:101040006BB12046FEF71CFE704305F80080204679
:10105000FEF716FE06FB0055A8680BF055FE20466D
:10106000BDE8F047FEF7A0BFC94312F0D8FFE0E7A4
:10107000BDE8F0871002002091AB02003C25002063
:10108000BEAB02009FAA0200C99A020073B5C568F0
:101090000121B5F80160304602F0C2FA044638B9C1
:1010A00032464521394802B0BDE8704012F029BCF3
:1010B0002B78061D1A2B19D1C378012B4DD14FF473
:1010C0008041304612F0A0FF42040FD4D4F88C3097
:1010D00069460093D4F894302046019303F086FAD1
:1010E000204602B0BDE8704002F05EB92B78A3BB89
:1010F00040F2E243B5F8032025495A43C4F888205A
:10110000B5F80530A4F89030B5F80730A4F892305F
:10111000A2F5EA530C3B8B4203D957211D4812F02C
:10112000F0FBB4F89020B2F5FA7F03D357211A48A8
:1011300012F0E7FB40F67641B4F89220A2F10A03E0
:101140009BB28B4203D95721144812F0DAFB6FF49B
:101150008051304612F063FF13E0D6E8AF3FDB0466
:10116000F5D52B78202BF2D194F89830002BEED0C7
:10117000013B84F898300A4A002304F140000CF047
:101180003BFB204602F0E2FCAAE700BF90A9020068
:1011900095F03C00F6AB020022AC02004EAC02001F
:1011A0005A6202003C2870B504461AD101F084FA54
:1011B0006FF48071103012F032FF0020FFF714FD41
:1011C000054628B9BDE8704045210A4812F099BB90
:1011D0000473002102F05EF92846BDE8704002F079
:1011E000E3B80246BDE870405721034B034812F0B4
:1011F00088BB00BF7FAC020031C20200A5AC020078
:101200002DE9F347D0F80C80018A98F8002093006C
:1012100001338B4264D900913348452112F071FBB0
:1012200002B0BDE8F0872A464521304812F069FB3C
:10123000013698F800309E42F2DA08EB8603B3F8E4
:1012400001500F212846B3F8037002F0E9F9044673
:101250000028E8D000F1C0091FB9204602F0A4F828
:10126000E6E7656975B94521214812F04AFB214935
:1012700040F28722204811F08FFE40F287211D485E
:1012800011F081FEA2692B6895422046636108BF78
:10129000A36101F08BFF0BF037FDC5F800A0236AB6
:1012A0007BB9C4E90755D9E8AF3F013FBFB25BB98D
:1012B00010494FF42472104811F06EFE4FF424715F
:1012C000DDE71D602562EEE7D9E8EF3F013BC9E8A5
:1012D000E23F002AF8D10021204601F073FFBBE76E
:1012E0000026B246A5E700BFC6AC0200F6AC02007D
:1012F00017AD02009FAA0200C99A0200054BD3E86D
:10130000AF2F02F00B02D3E8EF1FC3E8E02F002855
:10131000F9D17047B401002010B5C1E900239DF850
:1013200008300C460B72FEF7ABFC0C22024B02FBA2
:1013300000335C6010BD00BF3C250020F8B50246BC
:101340000B46104812F020FD0446C0B104210C30B9
:10135000FEF7F0FE2046FEF793FC0C2700260A4D10
:1013600007FB005046802046FEF78AFC07FB005032
:1013700086602046FEF784FC07FB00556E60204621
:10138000F8BD00BF1C0800203C25002029289ABF7A
:10139000014B185C09207047CFDB020070B5C368B1
:1013A0000F21B3F801601D78304602F039F9044688
:1013B00030B93246BDE870404521174812F0A1BA55
:1013C00065B12846FFF7E2FF29460246204602F0B3
:1013D000A5FC2046BDE8704001F0E6BF8378012BF4
:1013E00007D107F0B7F8204612F0E4FD002808BF47
:1013F00005252846FFF7CAFF29460246204602F087
:101400008DFC002DE5D04521044812F07AFA052123
:10141000204602F0A3F9DCE765A9020033AD020023
:10142000F8B5C6680F21B6F801703578384602F075
:10143000F7F8044630B93A46BDE8F84045211D4862
:1014400012F05FBA65B12846FFF7A0FF29460246B1
:10145000204602F063FC2046BDE8F84001F0A4BF3E
:10146000F378C27A9A4204D15721134812F049FA0C
:10147000F1E78278C372012A08D10BB107F06AF84C
:10148000204612F097FD002808BF05252846FFF7E3
:101490007DFF29460246204602F040FC002DDAD0AE
:1014A0004521064812F02DFA0521204602F056F992
:1014B000D1E700BF65A902005EAD020033AD0200B6
:1014C00010B5044692B048226846064916F036FB2D
:1014D000112C9DBF12AB03EB840454F8480C024856
:1014E00012B010BDE489020092AD0200034B014628
:1014F000D3F8500182689268104700BFE0000020D6
:1015000070B5042192B0264C264812F07DFD492189
:10151000254A264812F0F5F9254DE179254A0AA811
:10152000012998BF15462146FEF704FF2A464921A6
:1015300021480AAB12F0E5F926460125E379073682
:101540009D4220DB94F870502846FFF7B9FFB4F8AD
:10155000763002460193B4F872304921009317485F
:101560002B4612F0CEF994F871502846FFF7A8FFE9
:10157000B4F874300246009349212B46104812F00B
:10158000C0F912B070BD314602A8FEF7D3FE2A465C
:1015900049210C4802AB12F0B4F90135CEE700BF87
:1015A000E0000020B40100209EAD0200A2AD0200C8
:1015B0009AAD020031C20200B9AD0200E3AD0200F3
:1015C00026AE0200CDAD0200004870478C990200A3
:1015D00008B50949094814F078FE00280ADA0849D4
:1015E000084841F25F4211F0D7FC41F25F410448E4
:1015F00011F0C9FC08BD00BF7004002018150020C0
:101600009FAA0200C99A020070B505460C4639B17E
:10161000CB684A699B1A032B0ED86FF0150509E0B9
:101620004FF0FF304FF0FF31FFF788FE044618B946
:101630006FF06805284670BD2046FEF721FB0C229E
:10164000154BA61802FB0033032130465D80FEF7E0
:10165000A9FD0580238A0121033B8370304612F0E7
:10166000B1FB40F635439D420ED12046FFF73EFFC9
:1016700005460028DED002464521084812F041F90F
:101680002046FEF791FCD5E72146054814F0A7FD5A
:101690000025FFF79DFFCDE73C25002052AE02005C
:1016A0001C0200202DE9F043804617460C4687B007
:1016B00069B94FF0FF304FF0FF31FFF73FFE0446AE
:1016C000B0B96FF06805284607B0BDE8F083887AA6
:1016D000FEF7CEFA2E4B83420AD02E492E484FF405
:1016E000D77211F059FC4FF4D7712A4811F04BFC16
:1016F00002AE01220021304614F086FD2046FEF79E
:10170000BFFA0C23DFF8949003FB0090866020461C
:10171000FEF78AFC01464046FFF776FF054618B102
:101720002046FEF741FCCEE7002330461C4A0BF072
:101730004FFB60B14FF4F1721649174811F02CFCC1
:1017400085F31188BFF36F8F0323184602DF20460D
:10175000FEF796FA0C23584319F800608EB1114B2E
:1017600042465721104800933346093E12F0C9F80B
:10177000F6B22046FEF718FC092E06D80B4B9D57F3
:10178000A1E7002FCCD03C609DE76FF004059AE7FD
:101790001C0800209FAA0200C99A02003C250020D4
:1017A000B4C4040031C2020079AE0200C5DB0200FD
:1017B00073B506460D4642F22F00002101AAFFF73D
:1017C00071FF044630B14521124812F09AF82046C4
:1017D00002B070BD0198C368B3F801203280B3F83D
:1017E00003302B80FEF7E0FB3288A2F11B03E02BD5
:1017F00003D95721084812F084F844F248112A8886
:10180000A2F5A4739BB28B42E1D95721034812F091
:1018100078F8DCE79DAE0200C2AE0200ECAE02003A
:101820002DE9F047047805468CB054B159495A481F
:1018300040F2815211F0B0FB40F28151554811F055
:10184000A2FB564BB0F80190198849F470429142BE
:1018500005BF1C80524BA04693F8008000F0C2FBED
:10186000EB782F1D012B08BF4E4B384608BF93F86D
:101870006F4012F07AFB02AE3946F8B14FF0010A20
:10188000304612F067FBD5F81130CDF80130B5F8CD
:101890001530ADF80530EB78012B24D0394604A87B
:1018A000FEF748FD4521404804AA12F02AF813210A
:1018B000484612F015FC0CB0BDE8F087204612F047
:1018C00023FD0346006895F804A002909A889B794E
:1018D0006868B280B371BA88BB790090ADF8042013
:1018E0008DF80630D7E73046FFF77EF9044600282A
:1018F000D4D00346B5F8012023F8702BB2790298B2
:10190000B18820679A7140F2E2429980B5F81730A9
:1019100053430022C4F88830B5F81930A4F8903049
:10192000B5F81B30A4F89230EB782273012BE370EA
:101930001CD18DF800A0BDF804209DF80630009859
:10194000A4F87B2084F87D30C4F8770000F0B4FE62
:10195000237A1449C3EBC3035A18CB58C4F87E301A
:101960009388A4F88230937984F884300721204644
:1019700001F090FDB8F1000F05D00121204684F858
:101980000C8001F087FD204601F0D8FE204601F0D2
:101990000BFD90E79FAA0200C99A02001C2D0020AF
:1019A000C22D0020E000002014AF020000B5C36883
:1019B00089B0187820B109B05DF804EBFFF7F2BBED
:1019C000B3F801208DF80000ADF80120DA788DF829
:1019D0000320B3F80B20ADF81720B3F80D20ADF8B5
:1019E0001920B3F80F20ADF81B205A7C8DF81D206C
:1019F000586801901A899B7AADF808208DF80A3052
:101A0000084B68461A689B88CDF80B20ADF80F305C
:101A1000CDF81120ADF81530FFF702FF09B05DF8E1
:101A200004FB00BF9EDB020010B5FBF7E1F8034B9F
:101A30001B6813B1BDE81040184710BD6025002099
:101A400073B52C4D0646D5F8500114F079FB40B91A
:101A50004521294811F055FF6FF01204204602B0CD
:101A600070BD6FF0020105F1D40012F0D8FA012127
:101A700012F0CAFAC30739D4FEF754FD0446002811
:101A8000ECD11E4B1E60012205F59070114614F03A
:101A9000BBFB05F59E7014F099FB19480BF09EFDF9
:101AA0006FF0070340F698021649154800940BF0B2
:101AB000ABFD1549124814F01EFCD5F8500113492E
:101AC00083681B689847044628B1024645211048A0
:101AD00011F017FFC2E726B902B0BDE87040FBF76E
:101AE00087B805F1C4000BF003FDB7E76FF077048A
:101AF000B4E700BFE0000020F5B002006025002040
:101B0000C0150020C03C002012B10200390E0100B7
:101B10001BB10200F0B5C56801212F8887B0BCB2A7
:101B2000204601F07DFD064638B92246452126486B
:101B300007B0BDE8F04011F0E4BE02ACD5F80220D9
:101B4000D5F8063001946989009113F0B1FD40B3D6
:101B50004FF0FF304FF0FF31FFF7F0FB054640B983
:101B600045211A4811F0CDFE304601F01DFC07B0AA
:101B7000F0BD12210C30FEF7F9FA0346224623F895
:101B8000027B144603CC596006A98C421860224699
:101B900003F10803F5D1294642F21A00FFF734FD9C
:101BA000E2E74FF0FF304FF0FF31FFF7C7FB04468D
:101BB0000028D5D002210C30FEF7D8FA2146078044
:101BC00042F21B00EAE700BF90A902003CB102000C
:101BD00070B506460D464FF0FF304FF0FF31FFF76E
:101BE000ADFB044628B9BDE870404521074811F017
:101BF00088BE03210C30FEF7B9FA068085702146B5
:101C0000BDE8704042F22100FFF7FEBC58B102006F
:101C100073B5C368D9789A781E8842EA0122ADF874
:101C2000002059791A79B4B242EA0122ADF80220B3
:101C3000D9799A79204642EA0122ADF804201A7A2D
:101C40005B7A012142EA0323ADF8063001F0E8FC9B
:101C5000054650B945211C48224611F052FE02218A
:101C60002046FFF7B5FF02B070BD694601F0CAFF1C
:101C700038B91E212046FFF7ABFF284601F094FB40
:101C8000F1E74FF0FF304FF0FF31FFF757FB04460D
:101C90000028F2D00E210C30FEF768FA00230680EF
:101CA000C0F80A30BDF8003021464380BDF802304C
:101CB0008380BDF80430C380BDF80630038142F252
:101CC0002000FFF7A1FCD8E790A9020070B50446F8
:101CD00003210C30FEF79CFAE2680346117840F6C7
:101CE0003542B0F80100904207D1BDE870400A4685
:101CF000084B5721084811F004BE1D782246FFF713
:101D00002DF935B105480AF0FFFFBDE87040FFF737
:101D10005FBC70BD31C2020077B10200000200203A
:101D200038B50CF0DFFA2D4DD5F83C31002B52D0F0
:101D30000022002305F590700BF04AF800284AD1E4
:101D40000022002305F59E700AF02CFF044660B9BE
:101D500040F6AA422249234811F01EF984F3118863
:101D6000BFF36F8F0323184602DFD5F8303153B12C
:101D700045211D4811F0C5FDD5F83001FEF714F9D5
:101D80000023C5F830312046FEF74EF9C5F8300182
:101D90002046FFF7ABFB0246B8B14521134811F0CE
:101DA000B0FD13480AF0B0FF2046FDF769FF0C2292
:101DB000104B1F2102FB003022464088FFF7CEF86F
:101DC0002046FEF7F1F8FFF703FCFFF701FCBDE842
:101DD00038400CF0D9BA01F0F3FCF8E7E00000203D
:101DE0009FAA0200C99A0200B4B1020052AE0200DA
:101DF000000200203C25002038B5042104460C30A8
:101E0000FEF706FA4578017822464088FFF7A6F8E3
:101E100035B104480AF078FFBDE83840FFF7D8BB79
:101E200038BD00BF00020020F8B506460024094D69
:101E3000EF79E3B29F4202D86FF0010007E0294634
:101E4000304612F0ABF90735631C08B12046F8BDE7
:101E50001C46EEE7E000002037B504460D46B9B158
:101E60002846164912F09AF990B929461448C4EB4D
:101E7000C404204412F09AF9124812F09EF9430764
:101E800003D5FEF70BFC12F008F8002003B030BDBC
:101E9000684612F051F80028F8D16846FFF7C4FFF1
:101EA0000028F5DA064BC4EBC4006946184412F06A
:101EB0007DF9002DE0D001462846DBE791DB0200EA
:101EC000E0000020B401002070B5194E0622314612
:101ED000054615F04FFE30B34FF0FF304FF0FF31A5
:101EE000FFF72CFA044600B3062229460C3011F005
:101EF00056FF2146002242F20500FFF7D3FB0446BD
:101F000040B110F10D0F03D157210A4811F0F9FC2F
:101F1000204670BD33462A6843F86929AA88B280F2
:101F2000012283F868200024F2E76FF06804EFE7ED
:101F300049010020F9B2020038B505460C4651B9F6
:101F40001E4940F2DD321E4811F026F840F2DD3124
:101F50001A4811F018F8086840B9184940F2DE3202
:101F6000174811F019F840F2DE31F1E745B913498D
:101F700040F2DF32124811F00FF840F2DF31E7E7AC
:101F8000037A5A0708D50D4940F2E1320C4811F0A6
:101F900003F840F2E131DBE74B686BB90B7A13B918
:101FA0002B7A5B0708D52A7803789A4204D0294611
:101FB00012F06FF900B1656038BD00BF0DB30200CB
:101FC000C99A0200064BD3E8EFCF4CF4806CC3E80B
:101FD000E2CF002AF7D1037A19430172704700BF9C
:101FE000B4010020084BD3E8EF2F22F48061C3E84E
:101FF000E01F0028F7D1530504D500220220034931
:1020000006F0A6BB704700BFB40100206743020082
:102010001FB500230190CDE9023302208DF80C108A
:1020200001AA034906F094FB029805B05DF804FB91
:10203000391F0100F7B5044670B14B4D95F81221D8
:1020400095F813310AB19A4208D2013385F8133159
:10205000237A43F00403237203B0F0BD002102226F
:10206000084601F0FFFE064648B120460121FFF771
:10207000A9FF304603B0BDE8F04001F095B9014634
:102080003A4800F013FB95F8133173B1304612F063
:10209000D4F850B15721364811F033FC00213548AF
:1020A00003B0BDE8F04000F001BB95F8132195F8AE
:1020B00012319A4217D157212F4811F022FC0022E9
:1020C00042F229001146FFF7EDFA10B145212B48E5
:1020D000E2E795F81331013385F81331237A43F0A1
:1020E00004032372DAE72246671C394612F82E0BE6
:1020F00012F066F8064638B14521214811F001FC7E
:10210000012012F09AF8C9E795F81331013385F8E8
:102110001331237A43F00403237295F8A7305B0749
:1021200002D457211748E9E73946684612F03EF8CD
:1021300001234FF0FF304FF0FF318DF80730FFF7EC
:10214000FDF8044660B1082269460C3011F027FE04
:102150003246214642F24E00FFF7A4FA0028CFD0C3
:1021600045210948CAE700BFE0000020D94202002B
:102170004AB302006D42020074B30200AAB3020027
:10218000CFB30200F4B3020023B402002DE9F04102
:10219000044658B3404D95F8122195F8133192B189
:1021A000013293421BDC00210222084601F05AFE54
:1021B0000646E8B120460221FFF704FF3046BDE89D
:1021C000F04101F0F1B853B93449354840F2E542E5
:1021D00010F0E2FE40F2E541304810F0D4FE013B41
:1021E00085F81331237A23F004032372BDE8F081CC
:1021F00001462C4800F05AFA304612F01EF8064606
:1022000080B102464521284811F07BFB95F8133137
:1022100013B1012012F011F8BDE8F041002123486C
:1022200000F044BA95F8133195F812219A420CD275
:10223000013B85F81331237A024623F00403022080
:102240001B49237206F084FAE0E74FF0FF304FF0AD
:10225000FF31FFF773F804F10108074668B1072161
:102260000C30FDF783FF414611F0A0FF324639469E
:1022700042F22800FFF716FA20B145210D4811F06F
:1022800040FBC3E795F81331013B85F81331237AFE
:1022900023F004032372B9E7E00000200DB302002D
:1022A000C99A0200D942020043B402006D42020002
:1022B0002542020075B4020070B5044609BB18B38C
:1022C000244911F06BFFF8B92046FFF7ADFD002857
:1022D0003ADA237853B92048C279002A34D121460A
:1022E00011F064FF0123C371104670BD012B04D1AE
:1022F000A37903F0C003C02B06D04521174811F085
:1023000000FB6FF01500F0E7134DEB79012B1ED0A9
:1023100005F1D40011F051FFC30707D4002CF0D011
:1023200020460C4911F03AFF0028EAD1EE79214607
:10233000731C3046EB71FFF78FFD08B93046D4E7C8
:10234000EB79013BEB71D0E76FF07700CDE76FF0F1
:102350000B00CAE791DB0200E00000209FB40200FE
:102360002DE9F341044638B957211A4811F0C9FA4A
:10237000002002B0BDE8F081002141F2090001AA6D
:10238000FFF790F9054610B157211348EEE7019E7B
:102390000622D6F80C80114908F10107384615F0DD
:1023A000E9FB28B1062238460D4915F0E3FB18B9C0
:1023B0003046FDF7F9FDDBE7D8F801303046C4F8C8
:1023C0000130BB882570A4F80530FDF7EDFD012034
:1023D000CFE700BFD2B40200F0B402009EDB0200DF
:1023E00098DB020007B56846FFF7BAFF044BD871C7
:1023F00018B169460020FFF72FFD03B05DF804FB1C
:10240000E00000202DE9F041304E88B0F17900293C
:1024100055D196F8C24014F0010410D157212C4830
:1024200011F06FFA0024F471162500240127F379C6
:10243000E0B283422DD8002B41D000203CE06A4618
:102440004FF60940FFF72EF910B157212148E7E771
:10245000DDF800C0DCF80C5095F80180B8F1000FF1
:102460000ED0AB1C02AA12351746186859680833FB
:1024700003C7AB423A46F7D1186838609B88BB80E7
:102480006046FDF791FDB8F1000FCCD157211248FD
:10249000C6E708AB05FB003353F8182C33F8143C9F
:1024A0006946CDF80120ADF805308DF80070FFF7D2
:1024B000D3FC01340028BAD008B0BDE8F081002177
:1024C000084608B0BDE8F041FFF7F6BEE000002086
:1024D00013B5020044B5020069B502002DE9F041D0
:1024E0001D460E461746034640B13DB10A0310D5BE
:1024F0004C0707D54521274811F003FA6FF0150066
:10250000BDE8F08111F014FF0028F9D101232B70F0
:10251000F6E7B107047824D01F492FB1B20603D5DE
:1025200091F8D820500632D5C4EBC40411F80480C9
:10253000B8F1010F09D101341846214411F0F0FE21
:102540000028DDD185F8008002E0B8F1000FF9D055
:102550002FB1B30642BF2B7843F002032B7000204B
:10256000CEE7720710D50C49C4EBC4040F5D012FF0
:1025700007D10134214411F0D3FE0028C0D12F70BF
:10258000E7E7002FE5D1FAE711F0D2FEBEE76FF0E2
:102590008500B5E797B50200E00000202DE9F74F70
:1025A000884601904FF0FF314FF0FF30FEF7C6FE36
:1025B000044600284DD020210C30FDF7D7FD002720
:1025C00006460021202215F0C6FA3946D8F80050F8
:1025D00006F1010BD8F804309F4208D33170002275
:1025E0002146019803B0BDE8F04FFFF75BB86A7869
:1025F000881C13181F2B95F800C05FFA80F914D9B6
:10260000BCF1090FC9F11F0201D1002A0BDC4521E1
:10261000114811F076F92046FDF7C6FC6FF0150061
:1026200003B0BDE8F08F4FF0080C5FFA82FA0AF1B0
:10263000010E0BF801E00131C9B20BF801C0696865
:102640005844D14415F07AFA01375FFA89F1083518
:10265000C0E76FF06800E3E7C1B50200F7B5CDE968
:102660000001694642F2080016461D469DF820709A
:10267000FFF794FF044648B95FB90B4BD3E8EF1F4F
:1026800041F00401C3E8E21F002AF7D1204603B05D
:10269000F0BD694642F20900CDE90065FFF77EFF13
:1026A0000028EAD00446F1E708010020034601486B
:1026B000184700BFF800002000487047F8000020CD
:1026C0002DE9F04FD0F8109089B0B9F1000405461B
:1026D000B34818BF01240291039311F056FE460738
:1026E000924640F189816E6870050CD56FF0150433
:1026F000002240F20110029B924540F08681204664
:1027000009B0BDE8F08FD5F81080B8F1000F01D006
:10271000B107EBD0A34F2878FB798342E6D9C0EB11
:10272000C0000722A049384415F024FA0028DDD063
:10273000B20706D197F87030082B02D8AB689F2BF0
:10274000D4D916F0300F7AD0B8F1000FCED0F306FE
:1027500078D406F46036B6F5603FC7D0284611F04D
:10276000FEFD80460028C1D0904811F00EFE10F406
:10277000807F8E4E40F0438106F1AC0011F005FEE3
:1027800010F4806F06F1AC0B01D0FFF72BFC002397
:10279000CDE90533CDF81B30AB686A68ADF8103071
:1027A000EB6812F4004FADF8123014BF0623072374
:1027B000D00348BF03F00503910348BF03F0FB03B8
:1027C0008DF81D30DBE8EF3F23F48073CBE8E23F68
:1027D000002AF7D12B7822463B7687F86F3069685C
:1027E00073480DF11503FFF779FE044600287FF4C6
:1027F0007FAF704BB9F1000F31D02A6911684BF8E7
:10280000B31C9188998092799A716B689A0728D045
:10281000B9F1000F2CD013F0100F0CBF01230423CB
:102820008DF814302B691A68CDF816209A88ADF807
:102830001A209B798DF81C304FF000081BE0B8F18E
:10284000000F86D1D5E902239A423FF64FAF1F2AE7
:102850007FF64CAFB3F5804F7FF67BAF46E7524A29
:10286000CCE79B0502D4039B002B3BD0022300E066
:102870004B468DF814304FF0FF304FF0FF31FEF72C
:102880005DFD0446002800F0BD800F2204A90C3035
:1028900011F085FA2146002242F20600FEF702FFFF
:1028A000044600287FF424AFB9F1000F1ED06868F9
:1028B00010F0030026D1074601213D4811F068FDC4
:1028C0000446002844D045213B4811F01AF8002F57
:1028D0003FF40EAF3846002100F0DCFD384600F032
:1028E00063FD05E703238DF81430A5E75146129BDD
:1028F000039A0298CDF80080FFF7B0FE0446002846
:10290000D5D0F5E63C7E072227492A4887F86F4054
:1029100015F030F960B92046284901F037FA07462A
:1029200010B96FF00B04E3E6052100F0B3FDC3E737
:102930002046204901F070FA00287FF4D7AE387E97
:102940001C4901F023FA07460028EAD00621ECE7EB
:1029500017B1384600F028FD6B689F0730D0D6E8E5
:10296000EF3F43F40073C6E8E23F002AF7D1B8F125
:10297000000F2ED0D6E8EF3F43F48063C6E8E23F75
:10298000002AF7D16B6858072CD5D6E8EF3F43F4FF
:102990008053C6E8E23F002A3FF4AAAEF5E700BF45
:1029A000B4010020E000002091DB020008010020BB
:1029B000F800002001010020DFB502008ADB0200E0
:1029C000D6E8EF3F23F40073C6E8E23F002ACED0FA
:1029D000F6E7D6E8EF3F23F48063C6E8E23F002A3B
:1029E000D0D0F6E7D6E8EF3F23F48053C6E8E23FC5
:1029F000002A3FF47DAEF5E76FF00A0478E66FF049
:102A0000770475E66FF0680472E61988814204D194
:102A1000596811B10978C90702D4013208336BE64D
:102A2000044905480AF056FE0023044A02480AF009
:102A300053FF64E6BD2A0100100100201C4E0E0069
:102A400010B5184811F0CCFC174811F09EFC034655
:102A5000DA05C0F3002023D5134811F096FC830556
:102A600015D512490722124815F084F8034611497A
:102A7000087E93B90522104901F0F4F9044630B1FB
:102A80000021017300F006FD204600F08DFCBDE83A
:102A900010400021034811F07BBC06222131EBE7F6
:102AA00010BD00BFF80000200801002091DB0200EB
:102AB00001010020E00000208ADB020008B5FFF7DA
:102AC000BFFF024628B1BDE808405721014810F079
:102AD00018BF08BDFFB50200884208B501F1200308
:102AE0000CD998420FD20C490C4840F2B32210F096
:102AF00053FA40F2B321084810F045FAF3D000F140
:102B000020029142EEE7013813F8012D8B4200F8C4
:102B1000012FF9D108BD00BF42A80200C99A0200E6
:102B200070B59AB01822002103A815F014F847F2E6
:102B30001213ADF808304FF4807344F20102ADF87F
:102B40000A30374B694602A8CDE904230DF0ECF8B2
:102B5000024610B34521334810F0D3FE1F25324BF7
:102B6000D3E8EF1F21F00101C3E8E21F002AF7D1EB
:102B70002E4E0BF0B7FB346804B1043C002D2C4DF5
:102B800018BF0025002C44D023680BB12846984775
:102B90006468002C3DD0043CF6E74122009801AB6C
:102BA00009A913F01DFE024610B145212148D3E7C3
:102BB000214A0DF125030DF1650153F8040B8B42F9
:102BC00042F8040BF9D120221C49009801AB13F004
:102BD000E4FD024610B145211948BDE700980CF00C
:102BE00091FF054618B1024645211648B4E712493F
:102BF0000F48FFF771FF14491448FFF76DFF144B9E
:102C0000D3E8EF1F41F01001C3E8E21F002AA6D06D
:102C1000F6E70023C6E900330BF0B6FB1AB070BD2F
:102C2000000002092AB60200642500206C2500205D
:102C3000232E00204DB60200E32D0020C32D0020DE
:102C400075B602009EB60200032E0020432E00201F
:102C5000B401002030B5A7B01822002107A814F055
:102C60007AFF04233D22002116A8159314F073FF68
:102C700047F21213ADF818304FF4807344F201029A
:102C8000ADF81A30294B2A49CDE9082306A820229D
:102C900004AB0CF07DFF0246D8B14521254810F069
:102CA00030FE6FF004040BF01DFB234B1D6865B173
:102CB00000201860214BD3E8EF1F21F00201C3E888
:102CC000E21F002AF7D154B3A8470BF05DFB27B0F1
:102CD00030BD1B4B0DF15502194603F1400053F86E
:102CE000044B834242F8044BF9D105AB02932023F5
:102CF00015AACDE900130D484123049913F03FFEB6
:102D0000024610B145210F48C9E704980CF0FAFEBD
:102D100004460028C7D0024645210B48BFE70DA84E
:102D20000749FFF7D9FE0DA8CEE700BF0000020952
:102D3000C32D0020C3B602006825002064250020B2
:102D4000E32D0020FEB602001FB70200402208B5A6
:102D5000034914F00FFFB0FA80F0400908BD00BF2E
:102D6000F9DB020010B59AB004461822002103A82E
:102D700014F0F1FE44F21213ADF808304FF48073F2
:102D80004FF48042ADF80A30144B2146CDE90423BC
:102D900004230DF125008DF82430FFF79DFE04F18A
:102DA00020010DF14500FFF797FE412201AB09A973
:102DB00002A80CF0EDFE044602A813F02CFE2CB97C
:102DC00001980CF09FFE01201AB010BD0448224665
:102DD000452110F096FD0020F6E700BF0000020933
:102DE00041B7020010B5002833D01D4A136823B143
:102DF000043B984230D05B68F9E71A4BD3E8AF1F29
:102E0000890706D51848572110F07BFD6FF00F0099
:102E100010BD1468011D44605068116000B9516014
:102E2000D3E8EF2F42F00101C3E8E01F0028F7D1FB
:102E3000D30701D50020EBE70C4BD3E8EF1F21F0BF
:102E40001001C3E8E21F002AF7D10948FDF79CFCF6
:102E5000F0E76FF01500DBE76FF07700D8E700BF11
:102E60006C250020642500206AB70200B401002010
:102E7000A0040020044BD3E8AF3F13F0100F034829
:102E800008BF0020704700BFB4010020232E00209F
:102E900070B50546194803688B4228D0184BD3E813
:102EA000AF3FDA0626D5036813B16FF00F0070BD8F
:102EB000144AD2E8AF3FDB07F7D4D2E8EF3F43F044
:102EC0000204C2E8E64F002EF7D113F00204ECD161
:102ED000016029460C48FFF7FFFD0C4805F1200171
:102EE000FFF7FAFD0A48FDF74FFC2046DFE76FF0D9
:102EF0007700DCE76FF07C00D9E700BF6825002091
:102F0000B401002064250020E32D0020032E0020C2
:102F10009004002010B50446FCF7B2FE044901EB12
:102F200000112046FDF70CFDBDE81040FEF750BB38
:102F30007425002070B50546114B1C6844B154F847
:102F40001C3C1C3C13B12846297B9847E469F5E7F3
:102F50000C4C0D4EB44211D90C490D4840F2B672DA
:102F600010F01AF840F2B671084810F00CF8236817
:102F700013B12846297B98472034EBE7F7D370BD7F
:102F8000A8250020A8870200E88702009DB702005C
:102F9000C99A020008B5094B1B7853B9084909487A
:102FA00040F246320FF0F8FF40F2463104480FF08D
:102FB000EAFFFCF793FB044B185808BDFE300020D5
:102FC000FA9A0200C99A02000800000010B50C46E7
:102FD000817801290AD00B490B4840F2EE320FF0FC
:102FE000DBFF40F2EE3107480FF0CDFFA16904F19D
:102FF00018001160E26900211A60E27ABDE8104011
:1030000014F0A9BD9DB70200C99A020037B5437BF1
:103010000446072B41D1051D4FF48061284611F06D
:10302000F2F9400539D4D5E8AF3FD90324D5E27889
:103030001AB957211A4810F064FC637B072B2CD176
:10304000184B93F8D8309B0627D511F01CF820B305
:103050000DF1060101A8FEF7ABFBF0B9BDF80620A3
:103060002046BDF8041011F07AF80246A8B14521B7
:103070000D4810F046FC10E00A4B93F8D8301A07C0
:10308000D5D5204611F050F8024618B14521074821
:1030900010F037FC637B072BC9D003B030BD00BFF5
:1030A00002B80200E000002020B80200DCB70200F5
:1030B00070B5054600220023144809F089FE18BBAC
:1030C000134B1C6834B154F8143C1C3C03B19847B2
:1030D000E469F7E70F4C104EB4420FD90F4910487E
:1030E00040F27C620FF058FF40F27C610B480FF019
:1030F0004AFFA36803B198472034EDE7F9D3284687
:10310000BDE870400AF0F4B970BD00BF2807002088
:10311000A8250020A8870200E88702009DB70200CA
:10312000C99A02002DE9F0410446FFF733FF1B4B1B
:10313000D3F88830834223D140270025EFF3118252
:1031400087F31288BFF36F8FE16929B1206A0B689A
:103150008142E36108BF236282F31188BFF36F8F5E
:10316000C9B1D1E901680E48C1E9015513F037F83A
:103170001EB1002241462046B047FEF729FADDE79E
:10318000084909484FF493720FF006FF4FF493710A
:1031900004480FF0F8FEBDE8F08100BF5023002086
:1031A000580700209DB70200C99A02000448B0F8F1
:1031B000FC3000F58070002B08BF0020704700BF76
:1031C000E000002030B589B004460D46FFF7E2FE6E
:1031D000114BD3F88820824205D1204609B0BDE8C2
:1031E0003040FFF79FBF24342146184613F06DF896
:1031F00000280ADA09490A484FF4AF720FF0CCFEF2
:103200004FF4AF7105480FF0BEFE1DB16946204670
:103210000AF074F909B030BD502300209DB70200B8
:10322000C99A020038B5002204468A4202D100241D
:10323000204638BD012004F1C803D3E8EF5F002D1C
:1032400004D1C3E8EC0FBCF1000FF6D102D0D034AA
:103250000244EAE7002CEAD0C8220021204614F0FC
:103260007AFC04F1400004490AF034FA034904F1FD
:1032700024000AF049F8DBE7C53F01001D440200C5
:1032800070B516460D4601210446FFF79BFF012E3F
:103290001FD0022E4BD1236933B12C48452110F0A9
:1032A00030FB204611F0D8F8256121690A8A012AED
:1032B0004BD9CB681B8804339BB29A4245D33CD987
:1032C0002348452110F01DFB2046BDE8704011F059
:1032D000C3B8206938B945211E4810F012FB2046BA
:1032E00011F0BAF801E02A8A22B92846BDE87040F8
:1032F000FCF75ABE018A438A46695B1AC168891B7A
:103300005B1A9A420BD94521134810F0FAFA0022B1
:103310002046216901F042F900232361E5E7E968CD
:103320000C3010F03CFD2846FCF73EFEBDE732466F
:1033300045210A4810F0E5FAD1E700232361204631
:10334000BDE87040012201F029B970BD41B802000A
:10335000D5B8020063B8020086B80200B2B8020015
:1033600010B580B100F1C802D2E8AF3FB3B1591C2B
:10337000D2E8EF4F9C4204D1C2E8EC1FBCF1000F31
:10338000F6D1F1D110BD0649064840F2B5520FF012
:1033900003FE40F2B55102480FF0F5FD1846F1E783
:1033A0009DB70200C99A020038B5044650B92249B7
:1033B00040F2DF5221480FF0EFFD40F2DF511E488E
:1033C0000FF0E1FD24300AF00BF804F1C803D3E854
:1033D000EF2F511EC3E8E51F002DF8D1002A08DCAD
:1033E00015494FF4BE6215480FF0D6FD4FF4BE618B
:1033F000E5E7012A1FD140B10F4940F2F9520F48C9
:103400000FF0CAFD40F2F951D9E70D4B9C4212D39F
:1034100003F1D00294420ED2E41AD023B4FBF3F2AB
:1034200003FB12443CB9074809F06EFCBDE8384084
:1034300005480AF05DB838BD9DB70200C99A020080
:103440006816002028070020C004002010B504469C
:10345000FFF786FF0AF046FF0C4B04F1BC01D3F8DE
:10346000143143B90A4810F0BEFF0AF08DFFBDE8E1
:103470001040FEF7ADB8994201D01B68F1E70AF0A1
:1034800083FF2046FFF790FFF1E700BFE000002038
:10349000F40100202DE9F041467B04468E420D46A2
:1034A0000BD15721082E96BF444B454A53F826208E
:1034B0004448BDE8F04110F024BA41730EB9FFF75B
:1034C0004FFF637B082B72D8DFE803F01943757553
:1034D0007575750575000023C4E90D33E378012B7C
:1034E00069D1A37804F14000012B04BF032384F8C1
:1034F0009830354A0023BDE8F0410AF07DB9082E26
:1035000059D8DFE806F02205181D1D1D18222200DB
:1035100004F1400528460AF0E5F920460121FFF7AD
:1035200051FE204610F098FF2846BDE8F0410022E9
:1035300000230AF0D1B9237B13B12046FFF7FAFC30
:103540002046BDE8F041FFF72FBF2A4657211F480C
:10355000AFE7237B3E2B04D1224657211C4810F0B5
:10356000D0F91C4D05F58077616919B9BDE8F041C6
:10357000FEF72EB8A2690B68914208BFA361636190
:103580000023D1E901681448C1E9013312F027FE94
:1035900026B16FF06D0241462046B047B5F8FC30C9
:1035A000002B14BF3846002009F0AEFBDCE72A46AA
:1035B00057210A487DE7BDE8F08100BF6490020012
:1035C000F5B80200FFB802005A62020015B9020005
:1035D00031B90200E0000020580700205DB9020068
:1035E000F8B5074609480D461646FFF7B9FE0446EA
:1035F00050B183781F4203D1BDE8F840FFF7D4BE35
:103600003146A8472046F7E7F8BD00BF68160020FE
:10361000002201200149FFF7E3BF00BF0D30010088
:1036200070B505460E480E46FFF79AFE044698B15F
:10363000437B012B02D0073B012B0BD82388AB42E5
:1036400007D1A3781E4208D12A465721054810F019
:1036500058F92046FFF7A8FE0024204670BD00BFA1
:10366000681600207EB9020008B50F4B98420AD3B5
:1036700003F1D002904206D2D022C01AB0FBF2F37E
:1036800002FB130353B10949094840F21B620FF0D2
:1036900083FC40F21B6105480FF075FC054B0011DF
:1036A0005843C0B208BD00BF681600209DB7020095
:1036B000C99A0200C54EECC42DE9F84305460F46F1
:1036C00016461C469046994612F00FFE50B1164918
:1036D000164840F237620FF05FFC40F23761124843
:1036E0000FF051FC34430AD0FFF754FC104BD3F8D1
:1036F0008830834206D157210E4810F002F94FF06E
:103700000008C1460C4942464B46002D14BF2846CE
:10371000084610F039FB044618B1791D0C30FCF74F
:1037200009FD2046BDE8F8839DB70200C99A020052
:10373000502300209AB902006C07002010B50446FF
:10374000054809F0D5FE204600F05EFE2046BDE8A3
:103750001040FFF7EFBB00BFB004002010B5437B63
:103760000446023B062B24D8DFE803F00B04232396
:1037700023190900017300212046FFF78BFE00206A
:1037800010BD8378012BFAD00B490C484FF4F4623A
:103790000FF002FC4FF4F46107480FF0F4FB0088CF
:1037A00010F09EFC0028EBD1637B072BE7D10821AA
:1037B000E2E76FF07F00E3E79DB70200C99A0200DD
:1037C00000232DE9F04F85B001930393914B5A8B61
:1037D00032B1914DD5F8144134B905B0BDE8F08F40
:1037E0001B68002BF5D1F8E754F8BC3903B1BC3B9A
:1037F00000268A4913E01346B5F8FC20002A00F0A1
:103800009681D5F80821BAB904F1BC06002BE4D0A2
:10381000D3F8BC201C46002AEDD0A2F1BC039C4288
:10382000EAD17F4940F2B9327E480FF0B5FB40F251
:10383000B9317B480FF0A7FB0A68002AE4D0D4F81E
:10384000A820002AE0D0D4F8AC20002ADCD0D4F89C
:10385000B020002AD8D0637B072B3AD1204690476E
:10386000002836D004F1C003D3E8AF3F022B30DC90
:103870002046FFF775FD04460028AED0637B072B7A
:1038800040F052812046D4F8A830B5F8FC1002AAC6
:1038900098470746002800F03A81B5F8FC20029BC3
:1038A0009A4206D30146D4F8AC60204603AB01AA85
:1038B000B047DDE9019A3B8ADDF80C80002B39D155
:1038C00057494FF4247257480FF066FB4FF42471A8
:1038D000AFE704F1BC03B34208D1514940F2D632FC
:1038E00050480FF059FB40F2D631A2E7D4F8BC2083
:1038F000C6B9D5F81811C5F814218B4201D1C5F805
:10390000182100232046C4F8BC30D4F8B0309847C2
:103910000028B3D0637B072B40F006812046FFF7D9
:1039200095FDABE73260D5F81821934208BFC5F882
:103930001861E6E7384610F034FB40B1384940F2F0
:10394000972238480FF028FB40F2972171E7B5F82D
:10395000FC303548002B08BF00200022002309F06E
:1039600037FA40B12E4940F2A7222E480FF014FB3F
:1039700040F2A7215DE700220023284809F012F950
:10398000064640B9264940F2B22226480FF004FB11
:1039900040F2B2214DE7C0E90198B5F8FCB03B7A9E
:1039A000DA4503F1FF3398BF1FFA8AFB012B08D9D0
:1039B0001B4940F2D2221B480FF0EEFA40F2D2210E
:1039C00037E7384610F0EDFA814630B11449AC22A1
:1039D00014480FF0E1FAAC212BE701460022002346
:1039E0000C48FCF783F9804658B1FCF749F90F4BB6
:1039F000394603EB00135A464046FCF7C5FF07461D
:103A0000B0B9074940F2DB2206480FF0C5FA40F290
:103A1000DB210EE7F0070020E0000020580700201F
:103A20009DB70200C99A0200E00100207425002021
:103A3000B5F8FC3094F8C4809A458CBF4FF001096A
:103A400008F1020884F8C49098BF5FFA88F804F17E
:103A5000C009D9E8EF3F0133C9E8E23F002AF8D1B5
:103A600004F1140A3146504610F0BDFCA378012B36
:103A700051D107F10C0B04215846FCF793FB238826
:103A800008F0FD0843EA083303803B8A0221043B27
:103A90004380584610F096F93846FDF727FD8046DA
:103AA000002841D0D9E8EF3F013BC9E8E23F002AB6
:103AB000F8D13146504610F0B4FC424645211D482D
:103AC0000FF01FFF3846FCF76FFAD6E901780023A4
:103AD0003146C6E90133184812F081FB27B16FF077
:103AE0006D0241462046B847B5F8FC301348002B1C
:103AF00008BF002009F008F94521114823466FF05E
:103B000004020FF0FEFE13212046FFF727FE204699
:103B1000FFF74AFC61E60B4940F2FF220A480FF02A
:103B20003BFA40F2FF2184E6FDF752FDEFE7936890
:103B3000FFDE00BF52AE020058070020E001002067
:103B4000C8B902009DB70200C99A020040F2E243E0
:103B50002DE9F041D0F888600446B6FBF3F6031D6A
:103B6000B6B2D3E8AF2F920413D5B0F88C20B2428E
:103B70000FD8B0F88E20B2420BD3D0E92412914274
:103B800007D1D3E8EF1F21F40051C3E8E21F002A58
:103B9000F7D1174B1D6865B155F80C7C1C3D37B14A
:103BA00031462046B4F89230B4F89020B847ED6919
:103BB000F1E7104DDFF84080454515D90F49104811
:103BC00040F2FC720FF0E8F940F2FC710B480FF084
:103BD000DAF92F6937B131462046B4F89230B4F89B
:103BE0009020B8472035E7E7F3D3BDE8F08100BF68
:103BF000A8250020A8870200E88702009DB70200E0
:103C0000C99A02002DE9F041074608460D4610F01A
:103C10003CFA064618B900263046BDE8F0811A4B3A
:103C20001C6884B154F8103C1C3C0BB9E469F8E7FB
:103C30002946384698470028EDD0284610F025FA46
:103C40000028F3D1E7E7114CDFF84480444514D94C
:103C50001049114840F63D020FF09EF940F63D0133
:103C60000C480FF090F92946384698470028D2D0E2
:103C7000284610F00AFA20B9CDE7CDD2E368002B30
:103C8000F1D12034E2E700BFA8250020A887020078
:103C9000E88702009DB70200C99A02002DE9F041B1
:103CA000C37804468BB900F17E06174B1D687DB1C1
:103CB0001C3D04F170076B691BB13A463146204642
:103CC0009847ED6925B11C3DF5E700F17706ECE773
:103CD0000E4D0F4F04F17008BD4212D90D490E4828
:103CE00040F6C5120FF058F940F6C51109480FF01B
:103CF0004AF96B691BB14246314620469847203548
:103D0000EAE7F6D3BDE8F081A8250020A8870200E5
:103D1000E88702009DB70200C99A0200F8B5437A0D
:103D200005468372164610F0BBFC134B1C684CB161
:103D300054F8043C1C3C1BB132462846697A98472B
:103D4000E469F4E70D4C0E4FBC4212D90D490E4800
:103D500040F61E220FF020F940F61E2109480FF010
:103D600012F9A3691BB132462846697A9847203474
:103D7000EAE7F6D3F8BD00BFA8250020A887020017
:103D8000E88702009DB70200C99A020038B50546CF
:103D90000C460F480121FFF745FAC0B105722368B0
:103DA0000367A388A0F87430A37980F876300123E4
:103DB000437283728370074BC0F8A830064BC0F87B
:103DC000AC30064BC0F8B030054BC0F88C3038BD75
:103DD00068160020F1420100CD2F0100FB430200D4
:103DE0001800280070B505460A480E46FFF7B8FAD5
:103DF000044620B18378012B04D0FFF7D5FA0024C4
:103E0000204670BD3246294610F07DFB0028F7D1D0
:103E10002046F2E76816002030B58BB00D46FFF75C
:103E2000E1FF0446A8B1294602A8FCF783FA637BA8
:103E30005721082B96BF084A084B52F823300848F0
:103E40002246009302AB0FF05CFD2046FFF7ACFA70
:103E500001200BB030BD00BF64900200F5B8020035
:103E6000F0B90200F8B505460E480E461746FFF7B2
:103E700077FA044620B18378012B03D0FFF794FA38
:103E800000240DE036B13246294610F03CFB08B95B
:103E90002046F3E7637BBB42FAD1237AAB42F7D1EA
:103EA0002046F8BD6816002070B58B780646012BB9
:103EB0000C4692B042D191F8703007AD032B37D841
:103EC000DFE803F0023032341E492846F8F721FDBE
:103ED000059594F871301E21049394F872301A4AB3
:103EE000039394F873300AA8029394F87430019302
:103EF00094F87530009394F876300EF099FC3246C1
:103F00000AAB10AD1C4603CCAC4210605160234696
:103F100002F10802F6D1206810603046A388938031
:103F200012B070BD0949D0E70949CEE70949CCE78D
:103F30000A212846084A0EF07BFCC9E700238DF8C9
:103F40002830DCE7059702002E9702000C9702004C
:103F5000139702001D9702002797020038B5044608
:103F600008460D4610F091F838B3154B93F8D83049
:103F7000990707D4E37873B129462046BDE8384055
:103F800000F034BB94F899309A07F3D5231DD3E899
:103F9000AF3F5B04EED42946204610F0DAFA58B958
:103FA0002B88A4F88C306B88A4F88E30AB88A4F8EA
:103FB0009430EB88A4F8963038BD6FF01500FBE71D
:103FC000E0000020F7B510F8333C0446A0F14006AD
:103FD0006BBB304610F007FB374B1D684DB155F8F1
:103FE000183C1C3D1BB1304614F8341C9847ED6951
:103FF000F4E7324D324FBD4212D93249324840F2D5
:10400000C5720EF0C9FF40F2C5712E480EF0BBFF1D
:104010006B681BB1304614F8341C98472035EAE72A
:10402000F6D3304603B0BDE8F040FFF7BDB910F855
:104030003E3C012B3ED1A0F13C05D5E8EF3F23F4F7
:104040000052C5E8E12F0029F7D19B041ED5E36C8F
:1040500069460093636D30460193FFF77FFF024688
:1040600078B9D5E8EF3F23F48053C5E8E23F002A52
:10407000F7D14FF40061284603B0BDE8F04010F0DE
:10408000C2B9572111480FF03CFCF2E76B46104AC9
:104090001068516803C369463046FFF75FFF024668
:1040A00028B94FF48051284610F0ADF9E1E75721C7
:1040B0000848E8E703B0F0BDA8250020A887020063
:1040C000E88702009DB70200C99A02002EBA0200DA
:1040D000048D020058BA02000C4B10B91860002081
:1040E00070471A6872B90269002AF7D1026832B9BA
:1040F000426822B9826812B94269002AEED06FF094
:10410000150070476FF07700704700BFB82500209A
:1041100008B568B1094B00F10C011A6822B90748CB
:1041200010F061F9104605E0914204D01268F5E7FD
:104130006FF0150008BD6FF07700FBE7B025002099
:1041400010B50E4812F042F80D490C4812F047F82D
:104150000C490A4812F043F80B49084812F03FF89E
:1041600010F047FE03F078F8044628B904F088FA06
:10417000044608B910F0DCFA204610BD58070020AC
:1041800084250020902500209C25002010B5026881
:10419000D2F8B43053B90C490C484FF43C720EF0CD
:1041A000FBFE4FF43C7108480EF0EDFED2F8B8402B
:1041B0001968A34200F1440008BFC2F8B810834256
:1041C000C2F8B410E7D110BD10BB0200C99A0200BA
:1041D00008B502460748036823B9074A42600860E9
:1041E000184608BD054845210FF08BFB6FF00B000A
:1041F000F7E700BFBC250020B090020050BB0200D2
:1042000070B5044652EA030007D100221346204647
:10421000BDE870400431FFF74FBA0C48007850B940
:104220000B490C4840F246320EF0B6FE40F24631E1
:1042300007480EF0A8FEFBF751FA074D074ED5F8D8
:10424000885030588542E2D1DFE700BFFE300020C1
:10425000FA9A0200C99A02005023002008000000C8
:10426000F8B50F4600210546164600234FF22442BA
:104270000846FFF7C5FF044630B92A4645210648DF
:104280000FF03FFB2046F8BD04210C30FBF76EFF1A
:10429000057047704680F5E77CBB020070B50546A7
:1042A0001E462B681046F3B15B7B072B1BD1002AFF
:1042B0000CBF012202220B7A934206DD45210B48F6
:1042C0000FF01FFB6FF0150070BDCB7A072BF9D9EB
:1042D0008861CE6105F1300011F081FF284610F0B1
:1042E00062F90020F0E76FF07F00EDE7A9BB020064
:1042F0002DE9F04706460F469046D0F8B4403CB151
:10430000443C236B53B92046FFF740FF646CF6E74B
:10431000FDF75EF900263046BDE8F08704F130096C
:10432000484608F09BFC05460028F1D0737B072B1C
:104330000AD0314940F2D63230480EF02DFE40F21C
:10434000D6312D480EF01FFE0FF02BFE28B12A4665
:1043500045212B480FF0D5FADCE72846FBF764FE31
:10436000A56C06469DB9A38C058A403B9BB23F2BAA
:1043700003D8238D9D4228BF1D46042106F10C0061
:10438000FBF710FF0580A38C04354380A564AF4282
:1043900029D3B6F810A0AA4511D10022002348461F
:1043A00008F000FC864208D013494FF4816213489C
:1043B0000EF0F2FD4FF48161C3E7FBF7F5FDA38C2E
:1043C000A3F140023F2A06D8AA451ABF002213468D
:1043D0000C4AF361B2612046FFF7D8FE236B13B19C
:1043E000204610F0E0F8A36C9F422CBF0027DF1B93
:1043F000C8F80030A7648EE710BB0200C99A02001B
:10440000CEBB0200E34602002DE9F34104464FF023
:104410000008364E364FBE4263D936494FF4D37248
:1044200035480EF0B9FD4FF4D3710BE031884B1EC7
:104430003E2B0AD92F4940F2A9122F480EF0ACFDAD
:1044400040F2A9112B480EF09EFD204610F040F9D5
:104450000546019040B1274940F2AD1226480EF0C2
:104460009BFD40F2AD11EDE72046736801A9984726
:10447000002831DB019B32889A829A8403F1100272
:10448000D2E8EF1FC2E8E05F0028F9D15D649D64C7
:104490009D60A16B03F1080201BBC4E90D221C6001
:1044A000C3F80C8003F1300011F090FE01984368CE
:1044B0001B6803B19847019B1033D3E8EF1F41F00D
:1044C0000101C3E8E21F002AF7D101984368DB69C4
:1044D00013B100F11001984708369CE70A60A26307
:1044E000DDE7A3D302B0BDE8F08100BF90870200F2
:1044F000A887020010BB0200C99A020070B50B8A9F
:104500000646032B0D4605D845211F480FF0F9F943
:10451000002070BD042105F10C00FBF779FE2A8A0A
:1045200041880446914205D00B46452117480FF0BB
:10453000E8F9EDE7437813B945211548E6E7027835
:10454000012AE5D0132A06D10229E1D00A46022326
:1045500045211048EBE757210F480FF0D2F9617859
:10456000022201203568FFF77BFE04460028CFD0E9
:1045700002210C30FBF7FAFD002321460370437043
:10458000284610F0BBF8C3E7EBBB02000EBC0200EC
:1045900034BC02005ABC02008ABC020038B50B8A47
:1045A0000546032B0C4608D845210E480FF0A9F903
:1045B0002046BDE83840FBF7F7BC042104F10C00AD
:1045C000FBF726FE42882846114610F0A8F820B9CD
:1045D000572105480FF095F9EAE7436821465B69E2
:1045E0009847E5E7B7BC0200D9BC020070B5134A92
:1045F0000C4613780646013313F0FF010ABF01236E
:104600000B461946137012200822FFF729FE0546B3
:1046100088B108210C30FBF7A9FD228829460280C9
:1046200062884280A2888280E288C2803046BDE8EB
:10463000704010F063B86FF00B0070BD632E002067
:1046400023281FD81A2804D8431E182B0ED9062059
:104650007047A0F11B03082B1ED8DFE803F0051DEF
:104660001B231D19251D05000320704701230F4A38
:1046700083401A40C2B90E4A1A40002A0CBF0620D5
:104680000120704700F07F03522B05D100207047B6
:10469000012070470520704710F0400F14BF002024
:1046A000062070470420704702207047AAAA8A0299
:1046B0005455450138B50446EFF31185402383F383
:1046C0001288BFF36F8F1E480AF0D0FA40B91D4917
:1046D00084221D480EF060FC84211A480EF053FC21
:1046E00017480AF0E7FA00232360184B5A6872B99A
:1046F000C3E9004412480AF0C7FA58B911494FF407
:10470000997211480EF048FC4FF49971E5E7146076
:104710005C60EFE785F31188BFF36F8F0C4808F0FA
:10472000E7FE021E0BDA45210A480FF0EAF80023E3
:1047300083F31188BFF36F8F0323184602DF38BD60
:1047400010260020739B0200C99A02000826002050
:10475000F80400201ABD0200094B011F9A6809489D
:10476000914204BF00229A601A6A914204BF00225B
:104770001A629A6B914204BF00229A6307F046BF07
:10478000142600205C06002008B5094B1B7853B99D
:104790000849094840F246320EF0FEFB40F246312D
:1047A00004480EF0F0FBFAF799FF044B185808BDC7
:1047B000FE300020FA9A0200C99A020008000000A8
:1047C00010B50446807AFBF753FA0B4B83420AD0AC
:1047D0000A490B484FF4B5720EF0DEFB4FF4B57189
:1047E00006480EF0D0FB2046FBF74AFA1822054B8C
:1047F00002FB003010BD00BF9807002048BD02003A
:10480000C99A0200142600202DE9F84F07460846F1
:104810000C46FFF7D5FFE3680646D0F8089007F18D
:104820005002D2E8AF2FD20708D4452127480FF015
:1048300068F86FF015052846BDE8F88F228A52B94E
:10484000234924484FF4DA720EF0A6FB4FF4DA71D4
:104850001F480EF098FBE268127802710022026095
:104860001B78D22B0ED13B682146186810F08DFFC3
:10487000054638B1452118480FF043F82046FBF7AC
:1048800093FBD8E70023D4F80C80D4F814B0B4F824
:1048900010A01A462146B760381DFFF7FFFC0546F9
:1048A0000028C8D010F1690F03D145210B480FF043
:1048B00028F86369A8EB0B0813FA88F3E360A4F8FF
:1048C00010A0C6F808903560B5E700BF86BD0200AD
:1048D00048BD0200C99A0200A5BD0200BDBD02008C
:1048E00070B5531C0E46428D418B05468A4228BF47
:1048F0000A46934206D9572118480FF002F80024BF
:10490000204670BD3046FFF79BFE6FF01403034155
:1049100013F001030ED0FFF737FF114BD3F88830A7
:10492000834219D00F4B1B681A1A18BF4FF0FF3281
:10493000134600E00C4A00210C48FFF761FC0446D6
:104940000028DDD0FFF73CFF0121856004F10C0059
:10495000FBF70CFC0670D3E70022E9E7E5BD020097
:10496000502300205C2600201C4E0E0098070020DB
:10497000F8B5104A074600230F480D460FF004FA19
:10498000044630B92A4645210C480EF0BAFF2046AD
:10499000F8BD00F10C0609213046FBF7CBFB2046A1
:1049A000FFF70EFF012187603046FBF7DFFB057044
:1049B000EDE700BF1C4E0E00980700207CBB0200F4
:1049C0002DE9F041064690461F460D46C9B1042226
:1049D0000121FFF785FF044628B9BDE8F0414521D4
:1049E00009480EF08EBF04210C30FBF7BFFB0570A9
:1049F000A0F80180C77021463046BDE8F0410FF0B5
:104A0000F2BFBDE8F08100BF0FBE02002DE9F0410A
:104A10000B8A04460D4633B9452127480EF071FF35
:104A20000020BDE8F0810768012105F10C00FBF7CB
:104A3000EFFB7B7B0646072BF2D154F8043C002B9E
:104A4000EED0002103781D4F043C17F831204FEAC7
:104A5000C1089A4207EBC10011D12A8A41789142DC
:104A600023D9452116480EF04CFF04234744BA7859
:104A7000012AD5D1002BD3D00022317811E00131A9
:104A80000C29E2D11A4657210E480EF03AFF317830
:104A90000846FFF7D5FD2122C24012F00102BFD126
:104AA00006232046FFF78CFFBAE7436829462046D5
:104AB00098470346DAE700BF31BE0200D8900200F3
:104AC00070BE020051BE02007FB5CB6804461D884F
:104AD0008DB15E8876B1B5420DD8102200216846AE
:104AE00013F039F805212046FFF742FF019058B92D
:104AF000112007E0354601232A4604212046FFF70E
:104B00005FFF002004B070BD6B4631462846084A5E
:104B100000940FF09EFFDDE9011323B90846FBF76F
:104B200043FA0A23E8E720460FF05DFFE9E700BFFC
:104B3000E947020010B5044600F14C03D3E8EF1F2B
:104B400041F00101C3E8E21F002AF7D1201F0FF056
:104B5000A7FE04F16C00044908F0BCFD2068BDE824
:104B6000104002F0C1BA00BF71580100F0B51D46F7
:104B700003680E460039044618BF012187B0186843
:104B8000174610F045FC40B904F150000FF085FFC6
:104B9000002845D0002007B0F0BD002D42D01822DB
:104BA0000021684612F0D7FF67B10022132120468A
:104BB000FFF796FE019028B91B4845210EF0A1FE93
:104BC0001120E8E7236829461B6828460093002344
:104BD000ADF812300C9B154A0393BDF834308DF8B4
:104BE0000860ADF8103001238DF814306B460FF0DB
:104BF00030FF9DF8143063B1002FCBD00198FBF744
:104C0000D3F92A46314620469DF81430FFF7D8FEE6
:104C1000C0E701990029BDD020460FF0E4FEB9E7B6
:104C20001220B8E70120B6E794BE020077470200E1
:104C3000F0B51D46036804460E4685B0012118688C
:104C4000174610F0E5FB38B904F150000FF025FFCE
:104C500050BB122005B0F0BD65B31022002168469C
:104C600012F079FF39462046FFF782FE029018B312
:104C7000BDF828302946ADF80430012328468DF8C8
:104C80000C300E4A6B4600940FF0E3FE9DF80C309A
:104C900002995BB10846FBF787F92A463146204660
:104CA0009DF80C30FFF78CFE0020D3E720460FF074
:104CB0009AFEF9E70120CDE71120CBE7F54C020081
:104CC0002DE9FF41036804460D461868012110F0E4
:104CD0009FFB40B904F150000FF0DFFEA0BB122093
:104CE00004B0BDE8F08110220021684612F033FFC5
:104CF0000F212046FFF73CFE029038B34FF0010829
:104D0000009405F10C072B8A012B04D82046029948
:104D10000FF069FE18E038460FF063F86B46014665
:104D20000B4A06468DF80C800FF093FE9DF80C3070
:104D3000002BE8D00298FBF737F932460E212046C7
:104D40009DF80C30FFF73CFE0020C9E71120C7E7B3
:104D5000F54C02002DE9FF41036804460D46186832
:104D6000012110F055FB40B904F150000FF095FE01
:104D7000A0BB122004B0BDE8F081102200216846DB
:104D800012F0E9FE21212046FFF7F2FD029038B330
:104D90004FF00108009405F10C072B8A012B04D871
:104DA000204602990FF01FFE18E038460FF019F860
:104DB0006B4601460B4A06468DF80C800FF049FE03
:104DC0009DF80C30002BE8D00298FBF7EDF8324646
:104DD000202120469DF80C30FFF7F2FD0020C9E7A6
:104DE0001120C7E7714C02002DE9F0430F4604463D
:104DF000062187B007F10C00FBF70AFA0588EDB130
:104E0000B0F80280B8F1000F17D0454516D800233E
:104E100082888DF800308DF804304FF420536846B6
:104E200001A9D7F80C90ADF80220ADF806300FF0CC
:104E300036F8064660B10A2301E0454601232A46BA
:104E400006212046FFF7BCFD002007B0BDE8F08337
:104E50000146142201A83F7C12F07DFE0721204666
:104E6000FFF786FD0290D8B10A2341468DF8153030
:104E7000284601AB0B4ACDE9036901948DF8147003
:104E80000FF0E7FD9DF8153002992BB10846FBF7AE
:104E90008BF89DF81530D2E720460FF0A4FDD3E73C
:104EA0001120D2E7AD5001002DE9F0410E8A0446F1
:104EB000043EF6B2022E08468CB001D0102E76D1F8
:104EC00004210C30FBF7A4F90DF10408058847888C
:104ED000011D324640460FF00FF8002869D085B317
:104EE00077B3BD422DD80121606810F091FA0646D3
:104EF00078BB42F602038DF8000069464046ADF8E3
:104F000002300EF0CCFF20B342F60303404606A960
:104F10008DF81860ADF81A300EF0C1FFC8B1012D40
:104F200003D14FF6FF739F4213D004F150000FF0EE
:104F3000B4FD002814BF002012200CB0BDE8F081A1
:104F40003D4601232A4608212046FFF739FD00206F
:104F5000F3E7182200210DEB020012F0FCFD0921FD
:104F60002046FFF705FD0890F8B101210C30CDE98E
:104F70000648FBF7FBF80023099003700A23394623
:104F80008DF82C30284606AB0B4A0FF062FD9DF8D9
:104F90002C3008992BB10846FBF706F89DF82C3009
:104FA000D0E720460FF01FFDD1E71120C5E7042010
:104FB000C3E70E20C1E700BFB95201002DE9F0415F
:104FC0000E8A0446043EF6B2022E08468CB001D08A
:104FD000102E64D104210C30FBF71AF90DF10808EA
:104FE00005884788011D324640460EF085FF00289F
:104FF00057D0A5B300268FB3AF4230D34FF4205320
:10500000404601A98DF80460ADF806300EF047FF68
:1050100048BB1422002107A812F09DFD1121204653
:10502000FFF7A6FC0990002837D001210C30CDE90C
:105030000748FBF79BF800230A90394603701A4A89
:105040000B93284607AB0FF004FDDDE909131B782D
:10505000FBB90846FAF7A8FF0A2301E03D46012301
:105060002A4610210EE042F60103404607A98DF8BA
:105070001C60ADF81E300EF012FF0028C9D01023BE
:105080002A4619462046FFF79BFC00200CB0BDE8DD
:10509000F08120460FF0A7FCF7E71120F6E7042087
:1050A000F4E70E20F2E700BF015201002DE9F043C2
:1050B00042F60103002591B0D2F8008007460E4663
:1050C00000680BA9D8F8049014468DF82C50ADF860
:1050D0002E300EF0E4FE00286CD04FF420533868D8
:1050E0000BA98DF82C50ADF82E300EF0D8FE38B14B
:1050F000A3681BB15A88B24200D25E80012010E042
:10510000616808460FF01FFBB8F81A20B8F82A307B
:105110009A4294BFC0EB0200C0EB0300032803D8FF
:10512000002011B0BDE8F0830846FAF7A5FF054658
:10513000616808460FF007FB6B8A2A8AA3EB020C12
:105140006B69EA68D21AACEB0203B8F82AC0B8F867
:105150001A20944594BFC0EB0C00C0EB02008342C0
:1051600028BF03466BB9887AFAF782FD0022002334
:105170000EF00AFE05460028D2D001466068FAF714
:10518000B9FF002300933946D7F80480102348461E
:1051900002AAC047071E0DDB227CE068BA4227D076
:1051A00001460BA80EF0A8FE38B95721227C124800
:1051B0000EF0A7FB0023A360A0E7FAB202A906A89D
:1051C0000EF09AFE18B93A4657210C48F0E706A9A6
:1051D0000BA80EF064FE0028ECD1002304216374B8
:1051E00005F10C00FAF7C2FFA0600680A36884E70F
:1051F00002A912F0BFFCEEE7B2BE0200D6BE02006A
:105200002DE9FF414FF000084FF4205305460E46AC
:10521000006802A9144617688DF80880ADF80A30B6
:105220000EF03DFEA0B142F60103286803A98DF8F7
:105230000C80ADF80E300EF032FE48B123691BB180
:105240005A88B24200D25E80012004B0BDE8F081ED
:10525000616828680EF023FE10B100232361F3E794
:10526000E368A0681A786AB1B7F81AC0798D038A22
:105270008C4594BFC3EB0C03C3EB0103934201DAEB
:105280000020E2E704210C30FAF770FF206106806D
:10529000236929465E80074B01940093384600231A
:1052A000A2680FF05CFC0028EADB2069003818BF18
:1052B0000120CAE7094902002DE9F34717680546AE
:1052C0008946006851681446D7F804A00EF0E7FD3F
:1052D000804600284BD195222946504610F026F8EA
:1052E0000646207540B1E3681B780BB184F8148042
:1052F000002002B0BDE8F0872946504610F0C2F801
:1053000010B908232375F3E7A0682675FAF7B4FEF1
:1053100002210C30FAF72AFF164B2061A0F800900A
:1053200000930194334629463846A2680FF017FCD3
:10533000002807DA10F1FF0F32BF0E204042C0B242
:105340002075D5E72369002BD2D0A0680FF0FBF9B8
:105350007B8D7A8B9A4294BFC0EB0200C0EB0300B6
:10536000E3681B78984294BF00200120C1E7012028
:10537000BFE700BF57470200F7B5002304460E46BB
:10538000002269462B4807F0CFF8054648B122466F
:10539000452129480EF0B5FA6FF00B05284603B0F9
:1053A000F0BDFFF7F1F9254B294618602822009837
:1053B00012F0D1FB009B00221C60009C0023C4E97A
:1053C0000155C4E908551E4801A9019507F0ACF83C
:1053D000054618B1572122681A48DBE70146A82282
:1053E000019812F0B8FB0198174B8360583010F009
:1053F000EDFE019B5033D3E8EF2FC3E8E15F0029B6
:10540000F9D1019B1C60236A019F1BB904F10C00B8
:1054100010F0DCFE226A07F1A003C7F8A020626A40
:10542000236202B963621722019B5A855A830433AF
:105430003360B3E73C060020FABE02005C26002081
:105440005C06002024BF0200D004002008B5437B86
:10545000072B05D057210C480EF053FA002008BD49
:1054600004210FF05CF910B945210848F4E700F178
:105470004C03D3E8AF3FDB0702D445210448EBE7F8
:1054800050F8040CEBE700BF4EBF020061BF020002
:1054900086BD02002DE9F74F0646EFF31187402342
:1054A00083F31288BFF36F8F5C4809F0DFFB40B9CC
:1054B0005B4984225B480DF06FFD842158480DF054
:1054C00062FD594D554809F0F5FB28460FF031F9BA
:1054D0002B6804465148009309F0D6FB40B9504967
:1054E0004FF499724F480DF057FD4FF49971E5E76D
:1054F00087F31188BFF36F8F002C4AD02046FFF747
:105500005FF903690021D0E9025718220193D0F80E
:10551000009090F80480B0F806B012F01CFBA07A5E
:10552000FAF7A6FB6169824651B1627AD00705D4C9
:10553000DAF82420204612689268904700226261BF
:105540002146504610F056FEB8F1000F0CD05DB168
:105550002B684BB11B683BB1B9F1000F1CD04A4618
:10556000452132480EF0CDF9009B93B13146002021
:1055700010F0ABFE031E0CDA45212D4A2D480EF02B
:10558000C0F9002383F31188BFF36F8F03231846FC
:1055900002DF03B0BDE8F08F281D0FF0DBFB4046B3
:1055A000FFF74EF8012303FA00F010F01404DBD1EA
:1055B00010F0090F05F1500315D110F0220F22D081
:1055C000D3E8AF3FDA0704D445211B480EF099F920
:1055D000CAE76B6D002BC7D00023184A05F1700095
:1055E00008F07AF9C0E72A681568D3E8AF3FDB070F
:1055F000EAD5002FB8D0A3B25B45B5D228460199B1
:10560000B8470134F7E70E49064840F216320DF06C
:10561000C3FC40F216310A4851E700BF10260020B3
:10562000739B0200C99A02000826002081BF020075
:1056300039DC0200A5BF020086BD02001C4E0E0030
:1056400048BD0200F8B50F461646FFF7FFFEB0B1A1
:10565000036A18461BB150F8A03903B1A03B741C73
:10566000214638B1428B458DAA4228BF2A46A24224
:1056700007D263B92246572109480EF042F90020AB
:10568000F8BD32463946BDE8F840FFF729B9D3F8EE
:10569000A05005B1A03D18460C462B46E2E700BFDE
:1056A000C5BF0200002337B5054601930C46FFF73E
:1056B0006BF80E4B1B68834204D00D4BD3F8883037
:1056C000834201D100252C4601A92A4623460948D8
:1056D00006F02AFF014630B91C22019812F03BFA6D
:1056E000019803B030BD0020FBE700BF5C2600201E
:1056F000502300207C06002010B50446806818B1B5
:10570000FAF752FC0023A3602146BDE8104001488F
:1057100006F07CBF7C0600202DE9F743044670307C
:105720000F4690461E4608F0DDF8606D48B95721D7
:1057300013480EF0E6F8204603B0BDE8F04300F051
:1057400083B8104B98424FF0000317D04568436070
:10575000606DD0F81890FFF7CFFF002320686365D5
:105760000FF011F93DB12068CDF8009043463A465C
:1057700031460068A84703B0BDE8F0831D46ECE75A
:10578000E5BF020060260020F7B550F8044C05463E
:10579000002C55D000F19C0104F120000FF064F9B9
:1057A0002E1F05F1540700220023384607F0FAF9AE
:1057B000024658BB2B6D2BB101466FF06703304694
:1057C000FFF7AAFF002345F8043C05F14C03D3E89A
:1057D000EF1F21F00101C3E8E21F002AF7D1236A7D
:1057E00073BB04F10C0600220023304607F0DAF9FF
:1057F00078B9666886B921461248266006F006FF29
:10580000286803B0BDE8F04001F0EABCFAF7CCFB31
:10581000C9E7FAF7C9FBE6E7A26833689642636016
:1058200008BFA36077683FB1B3696FF06701009369
:10583000002320681A46B8473046FFF75DFFD8E7D7
:1058400003B0F0BD3C06002010B504460430FFF75D
:105850009BFF13216068FDF781FF024628B1BDE878
:105860001040452101480EF04CB810BD01C00200A7
:1058700010B5044654F8703D88B019686846FEF7C4
:1058800013FB6A46452104480EF03BF82046FFF71B
:10589000DBFF08B010BD00BF24C0020070B550F897
:1058A000043C0446061F002B3AD039B1036D002B8F
:1058B00036D01B7CDA0733D505231BE00568284664
:1058C00001F076FC6B7A012B2AD0246D44B3237C43
:1058D000DB0725D5E368002BEED030466269617C9A
:1058E000FEF7FEFF054660B94521627C0D480EF0CB
:1058F00008F80E2300223046BDE870401146FFF73D
:105900000BBFE368D4E90512984718B12846FAF7A7
:105910004BFBEEE729463046FEF776FF0028F5D12F
:1059200070BD00BF55C0020070B50D4650B9214989
:1059300040F6D67220480DF02FFB40F6D6711D4878
:105940000DF021FB41B91B4940F6D7721A480DF002
:1059500023FB40F6D771F2E7FFF778FD044628B93C
:105960002846FAF721FB6FF07F0070BD00F10C06AE
:105970002946304610F033FC246AC4B154F8A059CB
:1059800005B1A03D0022104607E022467DB1D5F8C2
:10599000A03003B1A03B2C461D46831C01D1002A38
:1059A000F4D1314620460FF0C1F80028EDD1002097
:1059B000DBE700BF48BD0200C99A020038B50C46BB
:1059C000054650B9174940F6EB7217480DF0E4FA56
:1059D00040F6EB7113480DF0D6FA41B9114940F683
:1059E000EC7211480DF0D8FA40F6EC71F2E708F0CD
:1059F00079FC2846FFF72AFD20B908F0C5FC6FF0B6
:105A00007F0038BD0023236083683BB9C0E90144AF
:105A10000EF0B9FF08F0B8FC0020F2E71C608460CB
:105A2000F6E700BF48BD0200C99A020008B510F0B1
:105A30005AFF30B10246452102480DF062FF6FF077
:105A4000040008BD81C0020010B51846144607497D
:105A50001022A047041E06DA2246452104480DF014
:105A600050FF204610BD0024FBE700BF9017002028
:105A70009CC0020070B50D4C064623780D4683424B
:105A800004D12846611C0FF062FA58B9237CB34256
:105A90000AD1284606490FF05AFA10B1012004EB4A
:105AA000001070BD0020FAE70020FAE794260020DD
:105AB000A526002070B50D4C064623780D4683427E
:105AC00004D12846611C0FF042FA58B9237BB34237
:105AD0000AD1284606490FF03AFA0028054808BFBF
:105AE000002070BD2046FCE70020FAE738170020B0
:105AF000451700204417002070B50E4C054623784A
:105B00000E46834203D1601C0FF021FA68B9237B53
:105B1000AB420CD1314608480FF019FA20B10120F0
:105B2000404200F00C00204470BD0020F8E7002047
:105B3000FAE700BF222D00202F2D002070B5204B4A
:105B4000144682689A420FD1A568C66875B9227951
:105B5000304621680FF003FA024628B11949013096
:105B60000FF022FA15701581012070BDE068002841
:105B7000FBD02B888B420AD0F6D2E068A3680138AC
:105B80000433E060003818BF0120A360EDE725680A
:105B90002279294630460FF0E2F9024660B93046D4
:105BA00008490FF0DCF902460028E6D0294601300A
:105BB0000FF0FAF923791370A3685B881381DCE78F
:105BC0003962010091DB0200102108B50548FAF79F
:105BD00057FD024628B1BDE80840452102480DF0B6
:105BE00090BE08BD80170020C2C0020038B505462F
:105BF00048B1154B1A4613F8011C5C1E0EF083FCCD
:105C000058B1204606E011490F480FF0A0F978B1CD
:105C10000D4B581E38BD0020FCE72846217C04F1BE
:105C200011020EF070FC0028F5D004F11000F1E72D
:105C3000054B064903F110000FF089F90028EAD05E
:105C4000014B03F10F00E5E79526002091DB0200F0
:105C500010B54A1C0C4628B109780EF054FC30B13E
:105C6000204610BD104603490FF071F9F7E70020F8
:105C7000F7E700BF91DB02002DE9F04707468946B0
:105C800090460EF024FA00283AD049463846FFF7ED
:105C900011FF0546C0B91B480FF08DF91A4E044696
:105CA00008B306F114000FF086F9F0B9012406F1EB
:105CB0000C05604200F00C000130494630440FF002
:105CC00073F90C235C433755012105F1080001FAF3
:105CD00008F10FF053F9BDE8F04747F61222002310
:105CE0000A4807F0F9BD3546E3E70949094840F29B
:105CF0002A520DF051F940F22A5105480DF043F9AE
:105D0000BDE8F0874017002038170020501700200A
:105D1000EDC00200C99A02000246014608B50832E9
:105D2000042311F8010BFAF779FC024628B1BDE80B
:105D30000840452101480DF0E4BD08BD2CC102001A
:105D40002DE9F04180460F4616461D46FFF7D4FE6A
:105D5000044678B91749FFF7CFFE044628B9BDE8D5
:105D6000F041452114480DF0CCBD394600F8018BB7
:105D70000FF01AF9238973B9628972B92681658196
:105D8000214611F8010B0EF0A2F980B12046BDE8C2
:105D9000F041FFF7C1BF9E4204D36289AA4206D2F6
:105DA0009E42ECD263892681AB42E9D2E7E7BDE8A7
:105DB000F08100BF91DB02004DC102002DE9FF41DF
:105DC0000E4617469846044648B9452128480DF026
:105DD00098FD6FF01505284604B0BDE8F08102A9D2
:105DE0000EF037F8054628B12246452121480DF02E
:105DF00088FDEEE7204601A90DF02BFE019840B189
:105E00000A2229460CF03EFD024610B145211A48EF
:105E1000EDE7002002A9FFF76FFE044608BB002E45
:105E2000D9D01649FFF768FE044630B94521144819
:105E30000DF067FD6FF00B05CDE7002302A900F818
:105E4000013B0FF0B1F804F1080104224046B847C5
:105E5000041EC0DA224645210A480DF052FD2546AF
:105E6000B9E7002EEFD1066046608660B3E700BF59
:105E7000F3A6020071C1020092C1020091DB020090
:105E8000B2C102009CC0020038B514460F4B8268B4
:105E90000D469A4217D122792168C0680FF05FF849
:105EA00088B1D4F8C8302F2B05D9094845210DF009
:105EB00028FD002038BD04EB8302158101890133E0
:105EC0005181C4F8C8300120F4E700BF39620100F5
:105ED000D9C102002DE9F0419846BDF818300646B8
:105EE000012B174635D84344012B454634DCFFF7D8
:105EF0007DFE044660B9FFF779FE044640B957219C
:105F000018480DF0FEFC6FF010052846BDE8F08142
:105F1000B8F1000F11D00023217A21FA03F2D00743
:105F200003D53A78DA40D20719D50133032BF4D1DF
:105F30003B7803F007031943217206F17001601CDE
:105F40000FF032F8337A0121204623700FF05EF80B
:105F5000DBE76FF00605D8E76FF00C05D5E76FF0CB
:105F60001205D2E732C2020010B56FF002010446FA
:105F70000E480FF00EF80D480FF01DF8C20704D5BB
:105F8000002200230A4807F0A7FC20460EF03BFF42
:105F900058B12046FFF72AFE38B1037ADB0704D553
:105FA000BDE8104001210FF031B810BD40180020AD
:105FB0001018002038B51546084B82689A420AD15D
:105FC000C4682968013420460EF0C1FF18B120468C
:105FD00069680EF0E9FF012038BD00BF3962010099
:105FE00008B513468168074A914209D11A791968A0
:105FF000C0680EF0B4FF18B1002303604360038152
:10600000012008BD3962010040F239120023014825
:1060100007F062BC1018002008B5042108480EF0F3
:10602000ADFF6FF0020106480EF0B3FF04480EF01A
:10603000C2FFC30701D5FFF7E7FF002008BD00BF7F
:1060400040180020024608B5074901300EF0ACFFA9
:1060500000230C3202F8043CD2E8EF1FC2E8E03F14
:106060000028F9D108BD00BF91DB02002DE9FF41F6
:10607000884616461F46044648B9452135480DF066
:1060800040FC6FF01505284604B0BDE8F08102A978
:106090000DF0DFFE054628B1224645212E480DF0C1
:1060A00030FCEEE7204601A90DF0D3FC019840B189
:1060B0000A2229460CF0E6FB024610B1452127488A
:1060C000EDE7002002A9FFF7D5FC044680B9FFF7F1
:1060D0008DFD044630B9452121480DF012FC6FF0CA
:1060E0000B05D0E7002302A900F8013B0EF05CFF8E
:1060F000B8F1000F29D0022269463846B047061E83
:1061000006DA3246452117480DF0FBFB3546BAE763
:106110009DF80030022E237208D0572112480DF04E
:10612000F0FB002120460EF071FFACE79DF8012046
:10613000012A04D957210D480DF0E3FBF1E7204671
:1061400002F001010EF052FF9DE72046FFF77AFFB3
:1061500099E700BFF3A6020071C1020092C10200DC
:1061600063C202009CC002008AC20200E3C20200B5
:1061700010B5FFF7C1FC044670B1014611F8010BE0
:10618000FAF75AFA024618B1452104480DF0B9FB56
:10619000002323606360A36010BD00BF39C3020009
:1061A0002DE9F041214B1546826807469A4202D1FB
:1061B000C4686389E3B90120BDE8F08105F1700886
:1061C0004146287A0DF083FF68B9194B9C4202D1F1
:1061D00028460EF0AAFF304616490EF0E5FE0023D1
:1061E0002370238119E0414630460EF0DDFE14E0B5
:1061F000238993B1264616F8011B284632460EF035
:1062000082F90028DAD131462078FDF7EBFD20B184
:10621000457BFDF7C9F8072DCDD00021E3686181EA
:10622000002BC8D038469847C5E700BF3962010047
:106230003005002091DB02002DE9F0471F46BDF834
:10624000203006468846D1F80C90002B4DD17B1E9D
:10625000012B4DD8012F49460CBF15781588FFF743
:10626000F7FC0446B0B915B93846BDE8F087494691
:10627000FFF7EEFC044630B91F4857210DF041FBF3
:106280006FF01000F1E706F1700101300EF08CFEA6
:10629000337A2370D9F81030DBB9B4F808A025811F
:1062A000B9F80A30AB4203D0494640460EF086FEAC
:1062B000AA4505D00022307A06F17001FFF7DCFC18
:1062C000002DD1D10D49601C0EF06EFE2570258188
:1062D000CAE72A464146304698470028C5DB0138C0
:1062E0000128DAD96FF00D00BFE76FF00600BCE7B8
:1062F0006FF00C00B9E700BF5BC3020091DB020046
:1063000008B5012111480EF039FE10F0010F104BB5
:106310000AD1104A9A610D480EF04DFE830713D43E
:10632000BDE80840FFF770BE1A8B588B012A4FF664
:10633000FF7205D8904207D04FF6FF725A83EAE702
:1063400090421983E7D0F7E708BD00BF401800204E
:10635000F01700200100FFFF37B504460D46FFF798
:1063600089FB0246C8B1037A0C308DF804300EF078
:1063700022FE10F0010318BF01238DF8053002231F
:1063800001AA29462046FAF75FF9024618B14521CD
:1063900003480DF0B6FA03B030BD0346F1E700BF85
:1063A0007AC30200104908B510480EF0D0FD01462E
:1063B00040B90E4B581E0EF019FE0C4911F8010C95
:1063C000FFF7CAFF08490A480EF0C1FD014650B95F
:1063D00008480EF00BFE084B187C03F11101BDE8D4
:1063E0000840FFF7B9BF08BD91DB020095260020E9
:1063F000A5260020A426002094260020012110B507
:1064000021480EF0BBFDC3073CD402211E480EF00C
:10641000B5FD08401BD11D491D4A0B881D4CA242E9
:1064200012D900B10B801C491C4840F26B520CF091
:10643000B3FD40F26B5118480CF0A5FD50680832CE
:1064400003449BB20120EAE7F8D300B10B80144962
:10645000144807F03FF940F2391200231148FAF7C7
:106460008DF91149114807F035F9022110480EF055
:1064700085FD1048104907F02DF9BDE810400F4880
:10648000FDF746BE10BD00BFB42600203A2D002007
:10649000E887020000880200EDC00200C99A0200ED
:1064A00053520200A0170020356D01001018002083
:1064B0004018002050170020E35202000805002079
:1064C00003462DE9F04178B3008A68BB01244FF000
:1064D000140C1749DFF85CE0714524D916491748B8
:1064E00040F2E7620CF058FD40F2E76112480CF010
:1064F0004AFDD1E90076BB4204D30CFB0672143A84
:1065000093420ED93444A2B214460831E4E70CFB9E
:10651000057843450AD001356219B54292B2F6D1E9
:10652000F2E70025F8E7E4D3BDE8F0811046FBE789
:10653000E887020000880200EDC00200C99A02004C
:106540002DE9F74F99464FF6FF73BDF830500746D7
:10655000002D08BF1D46294B90461B8800918342A1
:1065600032D203B0BDE8F08F4046895801930DF058
:1065700096FC019B90B101340AF1010AA4B2736840
:1065800053452CD9009B9C42EBD8BC42F3D30BFB68
:106590000AF231688B18B8F1000FE5D1B9F1000F9C
:1065A0000BD1013D1846ADB221460E9A0D9B98477E
:1065B000002DD6D00028DED1D3E7DA689145DAD1B4
:1065C000EFE74FF0000ADAE701244FF0140B0C4E0E
:1065D00006E0C6D273682344BB42F2D29CB20836AE
:1065E000084B9E42F5D90849084840F2AF720CF0BA
:1065F000D3FC40F2AF7104480CF0C5FC3A2D0020EA
:10660000E887020000880200EDC00200C99A02007B
:1066100030B5F1B010220021684611F09CFA182222
:10662000002105A811F097FA4FF41053ADF810307F
:1066300080231022ADF812304FF48063254C694658
:10664000CDE906340DEB02006EAB09F0A1FA0BADFB
:10665000014630B1452102461F480DF052F971B094
:1066600030BD4FF4C672284611F075FA224628460E
:10667000D5F88C1110F034F9024610B145211748B5
:10668000EBE72B464FF6FF710120154A0EF0D6FDC1
:1066900010222846134904AB10F037F90446D5F808
:1066A0008C0109F02FFA1CB1224645210E48D4E78F
:1066B00021460C4B03F11002187812F8014D0131FC
:1066C000082903F8014B1070F6D108480EF056FC6B
:1066D000C5E700BF0002C003A8C30200D6C3020082
:1066E000A34E020080170020F9C3020040180020CA
:1066F0002DE9F04118490446A1F1300015461E4627
:10670000BDF8187007F034F914480EF054FC010776
:1067100005D4FFF77DFFFFF745FEFFF755FA20464A
:10672000FFF764FA68B1037ADA070AD500F10C04BE
:1067300020460EF040FCC30703D4022120460EF091
:106740001DFC10233A46069331462846BDE8F04129
:10675000034B0EF086BC00BFD0170020401800206D
:106760008017002010B51A480EF025FCC0F3C000B9
:1067700080F0010408B9FFF74BFF15480EF01BFC31
:10678000034613480EF017FCDA061FD5830606D51C
:10679000E4B1FFF707FEBDE81040FFF715BA20216E
:1067A0000B480EF0EBFB10220A49881811F0E2F9B1
:1067B00048B9094807F096F8BDE810406FF00101AC
:1067C00003480EF0E6BBFFF79BFDE2E710BD00BFFC
:1067D00040180020801700201018002008B5102154
:1067E00003480EF0CBFBFFF7BDFF002008BD00BF44
:1067F000401800202DE9F043B9B00C4617462C494B
:106800006A46409898460DF000F948B94521294854
:106810000DF077F86FF01505284639B0BDE8F08324
:10682000009E01A930460DF014F936B945212248E1
:106830000DF067F86FF015042AE0019870B9002395
:106840000DF10809494630468DF814300DF001FB72
:10685000054678B132464521184808E00A22002151
:106860000CF010F802460028E9D0452114480DF03C
:1068700048F8DFE7CDF81090C4B1C022404608A91F
:10688000B847041E06DA224645210E480DF039F8B5
:106890002546C1E7A40808ABCDE906344FF6FF71E1
:1068A0000120094A04AB0EF0C9FCB5E72346F3E723
:1068B00014C402001BC40200F3A6020071C102004E
:1068C00092C102009CC002003D5B0100002330B574
:1068D000B5B001918DF808003393044601AB0D4625
:1068E00001204FF6FF710A4A0EF0A8FC339B6BB1F2
:1068F0009B0003AA29462046F9F7B4FE024618B1C8
:10690000452104480CF0FDFF35B030BD1A46F1E7D3
:10691000895E01002CC402002DE9F34100F17008EA
:10692000CDE9001204460F46007A414616460DF0A6
:10693000CEFB05466B464FF6FF7101200C4A0EF068
:106940007DFC1DB14146207AFFF7C0FF3946207A11
:10695000FFF790F840B1314601300EF025FB1DB134
:106960004146207AFFF7F8FC02B0BDE8F08100BF95
:10697000B55F0100002307B50193FFF7A1FD411C9E
:1069800089B20846034A01AB0EF058FC019803B0E7
:106990005DF804FB634E02002DE9F0410C461546FC
:1069A000064686B050B9654940F63A5264480CF044
:1069B000F3FA40F63A5161480CF0E5FA41B95F4903
:1069C00040F63B525E480CF0E7FA40F63B51F2E7E6
:1069D000437B072B40F0AD8000238DF8143042F646
:1069E0000303206805A9ADF816300DF058FA70BB06
:1069F000676827B9452153480CF083FF99E00123CC
:106A00002146009004AAB847031E05DA2246452114
:106A10004D480CF076FF8CE0012B05D01A4645213D
:106A20004A480CF06EFF84E09DF8103013F0300FF0
:106A30007FD02046FFF79EFF044640B93F4940F60D
:106A400059523F480CF0A8FA40F65951B3E70023D9
:106A500020688DF8143042F6021305A9ADF81630FF
:106A60000DF01DFA68B12046FFF784FF044640B9D7
:106A7000324940F65F5232480CF08EFA40F65F51D0
:106A800099E7002742F60218206802A98DF80870DD
:106A9000ADF80A800DF003FA08BB002320688DF8DA
:106AA000143042F6021305A9ADF816300DF0F7F9CF
:106AB00000283ED16768002F9CD002230090214619
:106AC000304605AAB847031EA0DB022BA6D1BDF8AD
:106AD000143005EA0300003818BF01202AE042F60E
:106AE0000303206803A98DF80C70ADF80E300DF08B
:106AF000D6F90028D1D04FF42053206804A98DF88E
:106B00001070ADF812300DF0CAF90028C5D042F669
:106B10000103206805A98DF81470ADF816300DF04A
:106B2000BEF90028B9D02046FFF724FF044600280C
:106B3000AAD1002006B0BDE8F08100BFEDC0020080
:106B4000C99A02004FC4020068C4020093C4020044
:106B50002DE9F843154689469422696806460EF0E9
:106B6000E5FB8046002841D1022230466968FFF7E4
:106B700013FF00283DD000211F48AF8AFEF792FD89
:106B80000237044680B11D211C4B47613A464174CF
:106B9000C0F80C80436085613046FEF753FD074620
:106BA00038B92046FEF7A8FD6FF00B052846BDE872
:106BB000F8830123424641460EF047F9A98A07F1BE
:106BC0000C000231F9F7D2FA20F8029BAA8A29694F
:106BD00010F0B4FF21463046A760FEF7EFFE0546F1
:106BE0000028E3D02046FEF787FDDFE74FF0FF35B2
:106BF000DCE76FF01505D9E71C4E0E00694E020068
:106C000030B505460C468BB051B9454940F6D732F0
:106C100044480CF0C1F940F6D73141480CF0B3F9C3
:106C20004B6853B90B6843B93D4940F6D8323D48EB
:106C30000CF0B2F940F6D831EFE73B480EF0BBF963
:106C4000420767D515B16B7B072B66D1606805904D
:106C5000FFF736FC2268ADF81800002A30D005A9ED
:106C60000291324900230191012100914FF6FF71F9
:106C70000593FFF765FC059B1BB96FF001000BB096
:106C800030BD6360059B04A9186800238DF810309F
:106C900042F60303ADF812300DF001F940B9059842
:106CA000C3689B799B0608D50EF081FAADF81800F1
:106CB00005980EF026FB606028B96FF01500DEE73E
:106CC0000028DFD1D9E7BDF818003DB10123014606
:106CD00022462846A375FFF73BFFD0E76FF07F03FE
:106CE00007930223ADF8203042F60213ADF81230BC
:106CF00005ABA57502930E4B4FF6FF71019301236F
:106D000004AA00932B4609948DF81050FFF718FC45
:106D10000798B4E76FF00A00B1E76FF07F00AEE7C5
:106D2000EDC00200C99A0200B4010020974E020093
:106D3000DD6F0100F7B500F130050446A0F1200732
:106D400028460EF038F98307C0F340060AD51749E4
:106D5000174840F2BA420CF01FF940F2BA4113480A
:106D60000CF011F954F8083C6FF00101284601932A
:106D70000EF00FF90F4B394644F81C3C0E4B3046D1
:106D800044F8183C01AB44F8103C042324F8086C88
:106D900024F8066C24F80C3CFFF732FF18B90221E6
:106DA00028460EF0EBF803B0F0BD00BFEDC00200C6
:106DB000C99A020074910200695F01002DE9F04157
:106DC000334B1646826805469A4218D1C768346824
:106DD0003B89A3B13A46204612F8011B0DF093FB04
:106DE00068B14FF49572294620460EF09FFAD0B153
:106DF000032807D12A46572126480CF082FD01209E
:106E0000BDE8F081052820460CBF4FF003084FF085
:106E100002080DF072FB804505D933794345EED267
:106E200086F80480EBE7394628460EF0C7F81A4B7F
:106E30009F42E4D1207A04F17001FEF75DFE054621
:106E40000028DCD0038913B94389002BD7D0204612
:106E5000FCF70AFC2A89114B114923F820206A8982
:106E600003EB80035A80182202FB00110B610423FC
:106E70000C4A20464A600C4A8B828A60FFF7C0FEAB
:106E80000028BCD0452109480CF03BFDB7E700BF06
:106E900039620100B1C40200300500201E2D00201F
:106EA0007C2600207491020029500200CAC402000E
:106EB00030B505460C468BB051B9434940F6E62241
:106EC00042480CF069F840F6E6213F480CF05BF8C8
:106ED0004B6853B90B6843B93B4940F6E7223B483E
:106EE0000CF05AF840F6E721EFE739480EF063F866
:106EF000420763D515B16B7B072B62D160680590A3
:106F0000FFF7DEFA2268ADF81800002A30D005A994
:106F10000291304900230191012100914FF6FF7148
:106F20000593FFF70DFB059B1BB96FF001000BB03C
:106F300030BD6360059B04A9186800238DF81030EC
:106F400042F60303ADF812300CF0A9FF40B90598E2
:106F5000C3689B79DB0608D50EF029F9ADF8180057
:106F600005980EF0CEF9606028B96FF01500DEE7E5
:106F70000028DFD1D9E7BDF818002DB1014622461F
:106F800028460EF00EFAD2E76FF07F0342F60212A7
:106F900007930123ADF8122005AA02920E4AADF81C
:106FA0002030CDE900324FF6FF712B4604AA099438
:106FB0008DF81050FFF7C4FA0798B8E76FF00A0091
:106FC000B5E76FF07F00B2E7EDC00200C99A02009A
:106FD000B4010020974E0200DD6F01002DE9F04161
:106FE0003D4B1546826807469A4203D00127384632
:106FF000BDE8F081D0F80C80384B984512D0B8F835
:107000000820AB899A42F1D1414611F8010BFCF7F7
:10701000E9FE06460028E9D0437B072B24D0FCF785
:10702000C3F9E3E700262E4C20462E490DF08FFFD2
:1070300078B90722214614F8010CFCF713FF80B938
:107040002B6921461A6914F8010C53881288FEF73F
:1070500077FE731C022B4FF0010604F10C04E3D100
:10706000CDE7FCF7A1F9F4E7D8F8143023B139469D
:10707000984708B93046D2E73946942230460EF098
:1070800055F907460028F5D1AB89022B15D1B8F880
:1070900008309A071ED530462A69A988FFF758FD9F
:1070A000044618B92A69937D013393753046FCF77D
:1070B0007BF9002CAC609ADB98E7012B0AD1B8F879
:1070C0000830DB0706D530462A69A9880EF069F931
:1070D0000446EBE73C46E9E7396201003005002051
:1070E000232D002091DB0200012370B500F1700513
:1070F0008EB0044603902946007A8DF810300CF0CB
:10710000E6FF90B1227A4AB302AE042130460BF07A
:1071100050FF00962421124A2B4605A8F9F7C6F91C
:1071200005AA10460F49F7F72FFB4FF6FF71012014
:107130000D4A03AB0EF082F820460DF0DEF99DF803
:107140001010884208D220460DF0A6F9024618B168
:10715000572106480CF0D5FB0EB070BD0092D9E760
:1071600017C40200F5670100BD6D0100ECC4020008
:107170002DE9F0410D4B06461B680F46904623B1A2
:1071800053F8044904B1043C0BB9BDE8F0811B6815
:107190001BB142463946304698472CB1656805B167
:1071A000043D23462C46EFE72546FAE7B8260020A3
:1071B00013B50446009001204FF6FF716B46074A55
:1071C0008DF804000EF03AF8002120460EF020F968
:1071D00008B9FFF795F802B010BD00BFBD6D010002
:1071E00073B5044603464FF6FF710120184A04F1B7
:1071F00070060EF023F83146207A0EF03CF8314646
:10720000207A0CF064FF50B1237A4FF6FF718DF8AD
:10721000043001206B460F4A00960EF00FF820460E
:10722000FEF7E4FC054688B13146207A0CF04FFFAA
:1072300028B9284602B0BDE87040FEF703BF3146CA
:10724000681C02B0BDE870400DF0AEBE02B070BD6B
:10725000A1610100E15F01007FB54FF420520023DE
:10726000ADF8162004AA02920A4A0120CDE90032A4
:107270004FF6FF7105AA04938DF81430FFF760F9FB
:10728000049B012B14BF6FF01500002007B05DF8C0
:1072900004FB00BF8D540200014608B505480EF0FE
:1072A0000CF9044B0028A3F1040314BF1846002076
:1072B00008BD00BF4C180020084B00F5B4701A68D8
:1072C000074BD0E8EF1F994204D1C0E8EC2FBCF186
:1072D000000FF6D1D0E8AF0F704700BFB8250020EF
:1072E0004818002008B5FFF7E7FFB8B1036843B1BD
:1072F000426832B1826812B90B4A12783AB9042056
:107300000BE0094A127812B10BB1826842B94268A7
:1073100042B9002B14BF0020032008BD0320FCE766
:107320000120FAE70220F8E7642E002010B50621BC
:107330000DF0F5F9044628B9452104480CF0E1FAAE
:10734000204610BDA0F1EC04FAE700BF39C50200E9
:1073500010B5084C0246D4F8EC0020B9064AEC34CB
:1073600062600C6010BD054845210CF0CAFA6FF050
:107370000B00F7E748180020EC91020059C5020005
:10738000002370B51A460446EC300D46FCF786FF24
:1073900050B1693003D1452107480CF0B2FA2846B4
:1073A000BDE87040F8F700BE04F59C700023BDE80E
:1073B0007040024A06F090BABDBD02001C4E0E009D
:1073C00038B50446051D082128460EF0BEF80849C8
:1073D00004F15700FBF75CFD40B1082128460EF090
:1073E000A7F8044845210CF08CFA082038BD00BFEE
:1073F0009157020083C5020038B50546EC220021F2
:1074000010F0A9FB102105F1270003F0B9FB044699
:1074100048B9052128460EF098F8FBF72BFD034BE1
:107420001860204638BD0824FBE700BFC0260020B6
:1074300070B50B46054688B00D2104300EF03DF8BE
:1074400008B3DC68D5F8EC30022003F17006324650
:10745000197A01F055FA58B931466846F8F76AFFCB
:107460000C486A4645210CF04CFA082008B070BD63
:10747000224600F12E0304F1100152F8040B8A4257
:1074800043F8040BF9D1284609210EF05EF80020DC
:10749000ECE700BFA1C5020070B5051D0E462846E9
:1074A00004210EF00AF868B10022002100230846EA
:1074B000FCF7A6FE044638B9042128460EF045F82C
:1074C000204670BD034AF0E701210C30F8F74EFE6C
:1074D0000670F5E71C4E0E0070B504460E4686B0E9
:1074E000FFF7EAFE04F137021146F368054603F19F
:1074F000100053F8046B834241F8046BF9D1237AEE
:10750000052B00F29480DFE803F017232303926930
:1075100002AB4B490093096804F1270304F15700BB
:1075200001F0CEFB50BB0A21201D0EF00EF8AB6817
:107530000299D4F8EC00984720460D210EF005F88A
:10754000201D10210EF001F820460EF00EF816E076
:1075500094F8DC10D4F8D83002ADCB40384903F0B1
:1075600001030095096843F0800304F157000EF011
:1075700097F930B1452133480CF0C3F9082006B023
:1075800070BD1022294604F1170010F0F3FA08B17B
:107590000420F4E7032120460DF0D7FF0DF0E5FFAE
:1075A0000028EBD194F8DC300133DBB2142B84F8E3
:1075B000DC3009D10D2120460DF0C7FF1021201D20
:1075C0000DF0C3FF0020DAE7102104F1270003F0DB
:1075D000D7FA003818BF0120C000D0E7102104F10D
:1075E000270003F0CDFA0028C8D135B3EB6823B3E8
:1075F000154BE27A1B8812F0010FADF80830A37C1E
:1076000008BF0320DB0703D5002814BF0120022098
:1076100000238DF80900C4E93833201D0C210DF03A
:1076200094FFEB68D4F8EC0002A99847CAE71A4621
:10763000452106480CF065F9A0E702209FE700BF4E
:10764000C0260020C0C502000C8D0200DEC502006D
:107650002DE9F047044690B00CAD102200212846D9
:1076600010F079FA227A052A33D8DFE802F006030F
:1076700003063222D4F8D8300C93D4F8EC3004F15D
:10768000470204F1C707CDE9017204F1370803F19D
:107690007E0204F12709009241464A46773304F1FD
:1076A000970001F0A5FAE0B1452145480CF029F911
:1076B00013E0D4F8E430002BDFD02E4603F110079E
:1076C000324618685968083303C2BB421646F7D1E0
:1076D000D3E745213B480CF014F9082010B0BDE871
:1076E000F087D4F8EC3008AE03F177027E330193D3
:1076F00004F111030292009342462B464946384654
:1077000003960EF0F2F810B145212F48CEE7237A08
:10771000052B0ED1D4F8E01019B30B46AC4601F19D
:10772000100E624618685968083303C273459446C0
:10773000F7D1D4F8EC300DF1100A03F17E02773363
:10774000019304F10A03029200934A462B464146F4
:107750003846CDF80CA00EF0C8F838B145211B48CA
:10776000A4E71022284610F0F6F9E2E7102251466D
:1077700004F1B70010F0FEF9F8B90D212046FFF72B
:107780008BFE07460028A8D010210C30F8F7EEFC3D
:1077900032460346164603CEAE4218605960324662
:1077A00003F10803F6D139462046FFF7E9FD201D15
:1077B00001210DF0CAFE002090E70B208EE700BFEC
:1077C000FFC50200DEC5020019C6020041C6020064
:1077D00073B5047A0546022C23D844B190F8DC3006
:1077E000D0F8D840DC4004F0010444F080040321C8
:1077F0002846FFF751FE0646D0B110210C30F8F7AD
:10780000B5FC009012482346006805F1270205F1F7
:1078100057010EF045F8044678B13046F8F7C4FB3E
:1078200006E0032C07D0224645210A480CF069F8EF
:10783000082002B070BD0024D9E731462846FFF782
:107840009FFD281D21460DF073FE2046F1E700BF85
:10785000C0260020DEC5020070B5061DCD680446B6
:107860000B2130460DF064FE2B4604F1170205F1A2
:10787000100153F8040B8B4242F8040BF9D1227A21
:10788000012A09D0022A13D1204604210DF05DFE01
:10789000BDE87040FFF79CBF0A2130460DF00DFE99
:1078A0000028F1D0304600210DF04FFE002070BDC1
:1078B000024845210CF025F80820F8E7DEC5020053
:1078C000F7B50446FFF7F8FC261D05460E213046A5
:1078D0000DF0F3FD70B94D4B2022196804F15700EB
:1078E00010F048F930B9572149480CF00AF808203F
:1078F00003B0F0BD0C212046FFF7CEFD074600285F
:10790000F5D040210C30F8F731FC404B02461B68A3
:10791000014603F1200053F804CB834241F804CB25
:10792000F9D1203203F1200153F8040B8B4242F8C5
:10793000040BF9D139462046FFF722FD227A052AA9
:107940005DD8DFE802F003491A035C5904212046A0
:107950000DF0FBFDFFF73CFF0028C8D130460721A2
:107960000DF0F3FD0820FFF797FC00284CD12046CE
:1079700003B0BDE8F040FFF723BD2046D4F8EC701B
:10798000FFF79AFC04214FF0FF3305460DEB010091
:10799000019303F0F5F80028A9D1019B1D4A84F852
:1079A000DC00B3FBF2F102FB11330193C4F8D830D1
:1079B00055B12B6843B10B2130460DF0C6FD38465A
:1079C0002B68D4F8D8109847032120460DF0BDFD50
:1079D0000E210DF0BAFDC1E7204603210DF0B5FDE3
:1079E0000E210DF0B2FD30460A210DF0AEFD6B68A0
:1079F000D4F8EC009847B1E704212046E9E7452197
:107A000005480BF07EFF72E7002071E7C0260020DA
:107A10006AC6020040420F00DEC5020070B505468E
:107A20000E4605F15704FFF747FC2246F36803F1C1
:107A3000200153F8040B8B4242F8040BF9D105F1F5
:107A4000770203F1200153F8040B8B4242F8040B38
:107A5000F9D12046FBF77AF9E8B149211B480BF030
:107A600050FF281D0E210DF070FDD5F8EC40D4F824
:107A7000A40038B9207A04F1700100F055FEC4F872
:107A8000A40090B1438A03F0240373B1437C9B07A5
:107A90000BD4032070BD2046FBF764F928B90C48CD
:107AA00057210BF02EFF0B20F4E70A4B1C682CB972
:107AB000281D06210DF049FD2046EBE72846FFF77B
:107AC000FFFE003818BF0120C000E3E78AC60200AD
:107AD000B0C60200C026002038B504460D49A0F10A
:107AE000EC054C3005F0F6FD28460DF0A2FD0A4AE3
:107AF00004F17C03D3E8EF1FC3E8E02F0028F9D19D
:107B00004FF0FF338034D4E8EF2FC4E8E13F002981
:107B1000F9D138BD218501004818002038B5134B34
:107B200005461B78E3B101F00F042846FFF7DAFBA6
:107B30000F4B03281B780CBF04F00B0444F0040423
:107B400005F5B670D0E8EF2F013203D1C0E8E13F70
:107B50000029F7D1D0E8AF3F2BB144F0010038BD88
:107B600001F00704E1E704F0FE00F8E7642E0020CE
:107B700029060020F8B50D460446D0F8EC70FFF752
:107B80009BFBED68EB78102B01D00620F8BDD7F8F1
:107B9000A430002B73D0261D0F2130460DF08DFC34
:107BA00020B92046FFF728FC002871D10123637219
:107BB0002B682046C4F80A30AB88E3810223237483
:107BC000A978FFF7ABFFE0742046FFF78BFB10238B
:107BD000607423752B7903F0030363756B7903F0ED
:107BE0000103A375E37C1A0754D4052130460DF038
:107BF00064FC00285CD0574B1B78A374E37C980688
:107C000006D5AB78990603D5142130460DF09DFCBE
:107C1000E37CDA074ED5AB78DB074BD50D21304638
:107C20000DF093FCA37D032184F8E830637D30469A
:107C300084F8E9300DF089FC237BE17C2D7803EAA0
:107C40000102100704D5E27AA07C0243D20735D4A2
:107C5000042D35D80B4313F0040307D02046FFF75B
:107C600041FB3D4B05EB85052B441B5C23722046F5
:107C7000D7F8A4100DF027FC20BB032086E7387A44
:107C800007F1700100F050FDC7F8A400002882D170
:107C900008207BE7AB781B07A7D5052130460DF000
:107CA00054FC637D03F0020363750023A3759CE716
:107CB0002A4BA1E700236375A375B3E70523D5E736
:107CC0000023D3E7D4F8EC309B7A032B33D022D8AF
:107CD000013B012BDCD8052130460DF0EEFB0028DE
:107CE000CBD00C2120460DF030FC0221FFF7D4FB55
:107CF00005460028CCD006210C30F8F737FAD4F826
:107D0000113029460360B4F8153083802046FFF710
:107D100037FB00203AE7042BBAD1237D627B9342E4
:107D200028BF1346102B7FF430AF052130460DF0ED
:107D3000C4FB0028A1D0237A002B9ED00521304619
:107D40000DF0BBFB0028C6D1237A013B012BC2D822
:107D500093E700BF662E002075DC0200652E002030
:107D60002DE9F041C7780446012F04D06FF01504C7
:107D70002046BDE8F081FFF7D9FA0546002800F05B
:107D8000A980061D042130460DF097FB002840F025
:107D9000A480032130460DF090FB10B16FF00F046A
:107DA000E6E7394630460DF088FB0028F6D1284634
:107DB000FFF782FAD5F8EC3007469B7A032B40D0C8
:107DC00030D8013B012B46D90F21201D0DF075FB4A
:107DD0000028CBD1D4F8A40090B904F170073A463A
:107DE0002020217A00F0E0FCC4F8A40040B93A4613
:107DF0000420217A00F0D8FCC4F8A4000028B5D0F3
:107E0000438A13F0240FB1D0A27A022A23D9417CED
:107E1000C907ABD5032A1ED09B06A7D5037C102B20
:107E2000A4D118E0042BCFD12846FFF75BFA032832
:107E300004D1002FC8D0FB68002BC5D0284B1B787D
:107E400007E02846FFF74EFA032804D1002FBBD0E5
:107E5000FB68002BB8D0D4F8A4303BB12846FFF71C
:107E6000CBFA044670B16FF0680481E7207A04F120
:107E7000700100F059FCC4F8A4000028EED16FF0A6
:107E80000B0475E70B212846FFF706FB0746002881
:107E9000E9D001210C30F8F769F90921804628461C
:107EA000FFF73CFE2346224688F80000394605F1DC
:107EB000EC00FCF7F3F9044618B13846F8F774F80B
:107EC00056E730460F210DF040FB012128460DF00A
:107ED0003CFB4DE76FF07F044AE76FF0040447E78F
:107EE000642E0020F8B5D0F8EC400546D4F8A43054
:107EF000061D002B3CD157213E480BF002FD072107
:107F00003D4B5F5CD4F8A4304BB11B7C002B66D199
:107F1000D4F8A40000F016FD0023C4F8A430022118
:107F200030460DF0CAFA48B9072F94BF334B1F21D2
:107F30003A46204698BFD95DFBF7F0FE0321304654
:107F40000DF0BBFA40B32E4B1B682BB353F80C69F2
:107F500006B10C3E03B35B6813B13946204698471F
:107F6000002E43D0F26802B10C3A33461646F1E7D0
:107F700079BB0D2130460DF0A0FA074620B1D4F8A8
:107F8000A40008B100F0ECFD1D4B1B6823B153F8B1
:107F90000C6906B10C3E73B928460DF04AFB637BB1
:107FA000072B25D1627AA37A9A4221D02046BDE8D8
:107FB000F840FFF7D5BE1B6813B1394620469847F5
:107FC0002EB1F26802B10C3A33461646E3E7324668
:107FD000FAE70139C9B20E2992D9092792E702219D
:107FE00030460DF06AFA002892D198E73246BCE795
:107FF000F8BD00BF64C7020066DC020055DC020069
:10800000B0250020F8B5031D06460F46184602218C
:108010000DF053FA044620B1B6F8E840B4FA84F4FF
:108020006409032118460DF048FA78B13946304604
:10803000FFF758FFBCB1572118480BF062FC05212F
:10804000D6F8EC00FBF78AFB0020F8BD01211846AA
:108050000DF033FA0028E9D10F2118460DF02DFA62
:108060000028E3D1E6E705213046FFF715FA05467B
:1080700088B101210C30F8F779F8234607702246C1
:10808000294606F1EC00FCF709F90028DCD0284667
:10809000F7F78AFFD8E76FF06800D6E793C70200CA
:1080A0001E4B10B5044618604FF0FF324FF0FF33FF
:1080B0001B4804F05FFB50B11A4941F23A321A48AA
:1080C0000AF06AFF41F23A3116480AF05CFF17489D
:1080D00005F0E2FC124804F0FBFB40B1114941F20B
:1080E0003F3211480AF058FF41F23F31ECE72CB122
:1080F0000F4CD4E8AF3F5B0606D410BD5721BDE856
:1081000010400C480BF0FDBB201FFFF7D9FB0028E7
:10811000F3D00821201FFFF775FFEEE7C0260020EF
:1081200048050020D1C60200C99A02005C05002063
:108130004C180020F0C702002DE9F0410B8A0446DC
:108140000E4633B945212A480BF0DBFB0020BDE881
:10815000F081012106F10C00F8F75AF8A4F1EC05C2
:10816000E83C0746042120460DF0A7F93A7820B1F3
:10817000572120480BF0C5FBE8E70E2A02D957210A
:108180001D48F7E7DFF8748058F8323043B95721BB
:108190001B480BF0B6FB07212846FFF733FFD5E756
:1081A000114628460DF032FA3B7860B95721154840
:1081B0001A460BF0A6FB032120460DF07EF900289D
:1081C000C4D00821E8E708EBC301328A097991425B
:1081D00005D045210C480BF094FB0A21DCE7314621
:1081E000284658F83330984701460028AED0D3E7E8
:1081F0000EC802002EC8020064C8020014920200D9
:108200008BC80200AAC8020070BE02002DE9F0412E
:1082100090F8E930CF6823F0020398B080F8E93095
:10822000D0F8EC603B78044606F17008D3B1BB7916
:1082300003F0C003C02B15D039466846F8F77AF82A
:108240006A46452155480BF05CFB414608A8F8F703
:1082500071F85348452108AA0BF053FB0A2018B0C7
:10826000BDE8F0810722394640460FF083FC68B133
:108270003946307A00F00CFB054638B101462046FD
:108280000DF021F9C0B1284600F05CFB0D21201D46
:108290000DF013F900286FD042460220317A00F029
:1082A0002FFB054650B9414610A8F8F743F8452181
:1082B0003C4810AA0BF025FB0820D0E7F378002BF0
:1082C0003CD106F17E031878012827D19A7902F073
:1082D000C002402A22D1D3F80120C5F83E20B3F8CD
:1082E0000530A5F8423096F87030BBB196F876307C
:1082F00003F0C003C02B11D02B4910AACDE9108781
:108300001295FBF76DF93B683046C5F80130BB8824
:10831000A5F80530BB79EB71FBF7C0FC94F8E910C8
:1083200011F002010DD0214941F2270220480AF044
:1083300033FE41F227011D480AF025FE06F17703BE
:10834000C1E72846F9F764FE014628B119485721CC
:108350000BF0D7FA032082E72846F9F759FE40B11F
:10836000124941F24B0212480AF016FE41F24B014B
:10837000E1E72846F9F75EFE94F8E9305B0703D59C
:108380000A2120460DF0E1F8B4F8E81009B1002008
:1083900065E72046FFF7A6FDF9E700BFCAC802005F
:1083A000E3C80200A1C5020069560200D1C602005E
:1083B000C99A0200F0C802002DE9F0410E460446B9
:1083C000D0F8EC80FEF778FFF66845210546327854
:1083D0000E48271D0BF095FA0A2138460DF016F9C4
:1083E00038B16DB920463178FFF77CFD0020BDE83B
:1083F000F0810B2138460DF009F90028F1D1F1E7A1
:108400002B69002BEED040469847EBE730C90200BD
:108410002DE9F0410546A0F1E80604460F4688B074
:108420000121304655F8EC890DF0F0F800285DD0B8
:10843000E7B1032130460DF040F8002856D0384609
:10844000F8F7A4FF0138C0B208288CBF0024324BD3
:108450004FF0020198BF1C5C30460DF076F82146C3
:10846000284608B0BDE8F041FFF73CBD98F80B3056
:10847000002B3BD0032130460DF01FF828B92846C9
:1084800008B0BDE8F0410DF0D4B8052130460DF03C
:1084900014F8B8B114F8043C1F0707D514F8033CCE
:1084A000180703D5112130460DF04FF814F8043C9D
:1084B00023F0080304F8043C14F8033C23F00803F9
:1084C00004F8033C14F8033CD90712D506212846CA
:1084D0000DF03BF8022130460DF037F82168D1F855
:1084E000A43073B134F8041C0029B9D008B0BDE839
:1084F000F0819A0701D50821E9E75B07EAD50A214F
:10850000E5E768467031F7F715FF6A4645210348ED
:108510000BF0F7F9EAE700BF5DDC020057C9020083
:1085200038B5A0F59C75A0F59A74D4E8AF2FD5E8BE
:10853000AF3F452106480BF0E4F928460821FFF734
:10854000D1FC2046BDE8384004210CF0FEBF00BF3E
:1085500071C90200F0B589B00446FEF7E7FE054692
:1085600000B3061D032130460CF0A7FFD0B1D4F8AC
:10857000A40008B100F0E6F904F170073946207A4A
:1085800000F0D2F8C4F8A40070B939466846F7F78D
:10859000D1FE452139486A460BF0B3F90821284637
:1085A000FFF730FD09B0F0BD0E2130460CF085FF1D
:1085B00028B1D4F8A420537C43F0020353742B7ADF
:1085C000032B0DD8002B4DD1D4F8A420537C23F0DD
:1085D00020035374D4F8A420537C23F001030DE04E
:1085E000053B012BF0D8D4F8A420537C43F02003A2
:1085F0005374D4F8A420537C43F0010353742B7DAF
:10860000697BD4F8A4208B4228BF0B4630461374F4
:1086100005210CF052FFD4F8A420537C48B343F05A
:1086200010030D21304653740CF047FF0028B9D0D9
:108630002021D4F8A40000F04DF9D4F8A43005F1BD
:1086400047021E33573552F8041BAA4243F8041B55
:10865000F9D10023D4F8A42053619361D4F8A42065
:1086600093839FE7052130460CF027FF0028ABD00D
:10867000BFE723F01003537494E700BFA1C50200C5
:10868000012208B5034B04481A70FAF7ABFB00202F
:1086900008BD00BF642E00206405002008B550B955
:1086A00009490A4840F249220AF076FC40F2492181
:1086B00005480AF068FC437C5B0604D4BDE808402A
:1086C0000121F9F77FBC08BDACC90200C99A0200BC
:1086D00070B5054611480C4603780126AB4204D11B
:1086E000072230440FF046FAA0B12EB107220C4900
:1086F0000C480FF03FFA78B9084A134603F8015BBB
:108700002168C2F80110A1889980A179997140F27D
:108710001123D360014870BD0020FCE7C42600206F
:1087200091DB0200C526002008B541B9064907487B
:1087300071220AF031FC712103480AF024FCBDE8E3
:108740000840FFF7C5BF00BFACC90200C99A0200CC
:10875000F8B5054616460C4691B90B490B48CD2293
:108760000AF01AFCCD2108480AF00DFC3BB1314655
:108770003846A04701227B8A2B40002AF6D0F8BD5C
:108780000022034FF7E700BFACC90200C99A0200FC
:10879000C426002008B5002202200249FFF7D8FFB6
:1087A000002008BD9D86010070B50D4611463AB106
:1087B0000D4C0026638A227803400AD1184670BD0A
:1087C0000A490B48DA220AF0E7FBDA2107480AF0E7
:1087D000DAFB954204D10722601C0FF0CBF908B1F7
:1087E0003046ECE72046EAE7C4260020ACC9020088
:1087F000C99A0200F8B506460C4651B91F492048EF
:1088000040F203120AF0C8FB40F203111B480AF0C1
:10881000BAFB0B78012B01D00020F8BD8B7903F057
:10882000C003402BF8D1174D002329466F8A11F859
:108830003E2BBF0704F1010006D5B24204D1062247
:108840000FF098F9B8B10023002BE5D16B8A9B0794
:10885000E2D52B78B342DFD1661C31460A480BF0D3
:10886000E5FA0028D8D0D4F80130C5F83E30B4F885
:108870000520064B9A800348CFE700BFACC9020031
:10888000C99A0200C4260020F226002002270020F8
:1088900010B529B10C4C237883420CD0002010BDB8
:1088A0000A490B484FF49A720AF076FB4FF49A711A
:1088B00006480AF068FB0722601C0FF05BF90028ED
:1088C0000CBF20460020EAE7C4260020ACC9020005
:1088D000C99A020008B550B9074908484FF4A27276
:1088E0000AF05AFB4FF4A27103480AF04CFB438A8A
:1088F0001943418208BD00BFACC90200C99A0200F9
:10890000F8B506460F46154642B90C490C48EC220C
:108910000AF042FBEC2109480AF035FBFFF744FF5F
:10892000044640B929463846FFF7FEFE044610B11A
:108930003146FFF7CFFF2046F8BD00BFACC90200AB
:10894000C99A020010B5044650B90E490E484FF4BA
:10895000AA720AF021FB4FF4AA710A480AF013FB2D
:10896000037A5B0701D5F9F711FC214611F8010BD9
:10897000F7F7E0FE2046BDE81040442200210FF04A
:10898000EAB800BFACC90200C99A0200F0B50446BB
:1089900015461846BBB034B9452167480AF0B1FF07
:1089A0006FF015062EE038222CA9A847051E05DA1F
:1089B0002A46452161480AF0A4FFF1E7204602A9B2
:1089C0000BF047FA064618B1224645215C48F2E70B
:1089D000204601A90BF03DF8019840B10A2231462A
:1089E00009F050FF024610B145215648E3E7B5B9FA
:1089F00029463F2002AAFFF7D7FE30B1442229467C
:108A00000FF0A9F830463BB0F0BD02A904A8F7F773
:108A100091FC57214C4804AA0AF073FFF2E70020AA
:108A200002A9FFF755FE044658B902A90CA8F7F7AA
:108A300081FC452145480CAA0AF063FF6FF00B0644
:108A4000E0E7382D9DF8B0303AD0102B2ED8342DD9
:108A50002CD140F211232CADC36038AF00F11003CC
:108A60002A4603CABA4218605960154603F1080342
:108A7000F6D110681860E27BB4F80D3043EA024387
:108A8000022B51D1637CDA07BCD513F0300FB9D17A
:108A900002A924A8F7F74EFC57212D4824AA0AF072
:108AA00030FF637C23F001036374ABE738232A466D
:108AB000452128480AF025FF2046FFF743FF6FE7CE
:108AC000102B21D840F211232CADC36038AF00F138
:108AD00010032A4603CABA4218605960154603F1CA
:108AE0000803F6D110681860638A03F02202990621
:108AF0006282C0D402A914A8F7F71CFC57211648BB
:108B000014AA0AF0FEFED7E72CAB00F10C051A46BA
:108B100003CA69603AA98A422860134605F108052C
:108B2000F5D1237B112BA6D002A91CA8F7F702FCD4
:108B300045210A481CAAE4E7F3A60200EBC902009B
:108B400071C1020092C102000FCA020037CA0200BE
:108B5000E8CA02005BCA02007ECA0200A3CA020081
:108B6000024610B550B90D490D4840F289120AF07D
:108B700013FA40F2891109480AF005FA0146382330
:108B800011F8010B0C32F7F7C7FD044620B102467D
:108B9000452104480AF0B5FE204610BDACC90200CC
:108BA000C99A020052CB0200884210B500EB0203C2
:108BB0000DD98C18A0420DD20B490C4840F2B322BB
:108BC0000AF0EAF940F2B32107480AF0DCF9F3D0E1
:108BD0009942F0E7013A114411F8012900F8012BFC
:108BE0008342F9D110BD00BF42A80200C99A020019
:108BF0002DE9F0438446894616462F4C9BB01D460E
:108C0000DDE923870CAB04F1300E1A462068616859
:108C1000083403C274451346F7D1206861461060DA
:108C2000227904A81A712022FFF7BEFF6B4620228A
:108C3000224804A900F072F80446C0BB102249463D
:108C40000DF13500FFF7B0FF102231460DF1450060
:108C5000FFF7AAFF294611F8013B06220DF1560045
:108C60008DF85530FFF7A0FF2299062211F8013B3D
:108C70000DF15D008DF85C30FFF796FF434635221D
:108C800068460CA900F04AF8044680B940460CF04A
:108C9000F9FD012335228DF8303068463B460CA99A
:108CA00000F03CF8044610B938460CF0EBFD2046C5
:108CB0001BB0BDE8F08300BF0E8D02008EDC020009
:108CC00070B50E461D46144698B00146202204A8F1
:108CD000FFF76AFF202231460CA8FFF765FF10223C
:108CE000294614A8FFF760FF102221466846FFF7C7
:108CF0005BFF6B465022684604A900F00FF840B9AC
:108D0000039B054A1BBAB3FBF2F102FB11331C9A19
:108D1000136018B070BD00BF40420F002DE9F04154
:108D20008EB007460C4615460021182208A81E469C
:108D30000EF011FF4FF41053ADF81C308023ADF846
:108D40001E304FF44063DFF854801022CDE909381B
:108D5000394605AB07A806F01BFF024640B1452186
:108D60000F480AF0CEFD6FF004000EB0BDE8F081B0
:108D700006AB0293102322464146CDE900630598D5
:108D80002B460DF0EFFD0446059806F0BBFE204390
:108D9000EBD0224645210348E3E700BF0002C003B1
:108DA0008ECB0200AFCB020010B5094C0A449142B1
:108DB00000D110BD11F8013B58400309E35C0001EC
:108DC000C0B243401809205C1B01DBB25840EEE7FB
:108DD0009EDC02000122024BC3F80424704700BF4E
:108DE000002008E037B540230C460A490093411A99
:108DF000491105462346084A08480CF0C6FD0146BD
:108E000028B12846234603B0BDE83040184703B0D8
:108E100030BD00BF1C270020F7590200507D020022
:108E2000C9B2012908B508D9084909487E220AF0C3
:108E3000B3F87E2105480AF0A6F80C22036901FB6D
:108E40000233986C00F0070008BD00BFD8CB0200C9
:108E5000C99A020070B5C9B20129034600690AD94E
:108E60001749184840F2E1120AF096F840F2E11171
:108E700013480AF088F8EFF31186402484F312882F
:108E8000BFF36F8F0C2505FB0104A46C14F0C00424
:108E900001D0A24211D1012205FB01008264002011
:108EA00086F31188BFF36F8F30B90C225B6802FB29
:108EB00001335B689847002070BD4FF0FF30EFE74B
:108EC000D8CB0200C99A020070B50D460649044687
:108ED000411A491140220548FFF7BCFF2B460146C5
:108EE0002046BDE8704018471C270020507D020036
:108EF000F8B50022012105464FF48770F6F7ECFA29
:108F00000F4801F07BFF0446B8B90CF0B5FF2F699C
:108F10000C4938460AF000F9031E09DB0126BE643D
:108F20002D69084905F120000AF0F6F8031E02DA5F
:108F30001C462046F8BD6E65FBE76FF00404F8E7B9
:108F4000F98F01008C9202001FB5002201236C46AC
:108F5000CDE902236B46074ACDE900440CF044FDFD
:108F600028B943F609520023684603F031FF04B0E4
:108F700010BD00BF035A020010B5EFF31184402367
:108F800083F31288BFF36F8F074A136823F002013F
:108F9000DB07116002D4012001F018FF84F311886F
:108FA000BFF36F8F10BD00BF742700200C22104B41
:108FB000014602FB0033002030B4D3E9105218649C
:108FC000EFF31180402484F31288BFF36F8F9C6C01
:108FD00004F0C00444F002049C6480F31188BFF3E1
:108FE0006F8F1DB12B4630BC0248184730BC70470C
:108FF0001C270020507D020008B506281BD8DFE89A
:1090000000F023230D0F04232300104B986C10F065
:10901000070019D1BDE80840FFF7C8BF0120F9E7F4
:109020000B4940F20B320B4809F0B6FF40F20B310E
:10903000074809F0A8FF064940F21532054809F033
:10904000ABFF40F21531F3E708BD00BF1C2700203D
:10905000D8CB0200C99A020010B4EFF3118040226D
:1090600082F31288BFF36F8F16490B6843F0020436
:1090700013F001030C6017D0134BD3F80C3413F426
:10908000803311D0EFF3118182F31288BFF36F8F19
:109090000E4A936C03F0C00343F00203936481F320
:1090A0001188BFF36F8F012380F31188BFF36F8F97
:1090B0001BB1002010BCFFF779BF012010BC01F0EC
:1090C00063BE00BF7427002000E010501C27002062
:1090D0002DE9F041012206464049D1E8EF3FC1E8C1
:1090E000E02F0028F9D19BB93D493E484B60CB6049
:1090F0008A60F4F725FE00280ADA3B494FF42D7206
:109100003A4809F049FF4FF42D71374809F03BFF09
:10911000002E4DD0731E012B56D8012E06D1344B94
:10912000D3F8503403F00303012B41D00DF0DDF8E8
:10913000054650B1EFF31188402383F31288BFF343
:109140006F8F01252A4C2B4F21E02B4B1B78002BD6
:10915000F0D00422264B8046C3F80823F2E74DB333
:1091600040460AF0DAFDD4F8403413F0FF030ED184
:10917000D4F808215AB1C4F80831D4F808314FF4B2
:1091800080420123C4F84034C7F8A0212361D4F8F9
:109190004C24D4F84C34D203E1D503F00303012B63
:1091A00001D0012EDBD155B188F31188BFF36F8F49
:1091B000BDE8F0810021202005F062FAD3E7042207
:1091C0000B4BC3F80423F3E7074940F2C6220748D4
:1091D00009F0E2FE40F2C62197E700BF1827002001
:1091E000082700203C270020D8CB0200C99A0200A3
:1091F00000E0105000E100E0FE30002008B5074814
:109200000CF09EFF38B10648F6F7F8FC0448F4F776
:109210008BFB002008BD6FF01200FBE7C07D020051
:10922000259201000A2838B50446074D04D1AB68E1
:109230000D2128465B689847AB6803485B68E1B23C
:109240009847204638BD00BFC07D020000487047E7
:10925000B0920200024B0B6001231360704700BF05
:10926000B892020008B50122054811460CF0CCFF67
:1092700001F02CFE034B044A0020C3F80C2508BD66
:109280007827002000E004508000008038B541F2CB
:1092900001030E4D1446C5F8003599B10EF04EFC91
:1092A000BFF35F8FD5F81834DB0705D4E4B21CB1E7
:1092B0000123AB60BFF35F8F4FF48052034BC3F8C1
:1092C000002538BDFF210EF046FCE9E700E0045020
:1092D000F0B5051E0F46144687B031DBB5F57D2F7E
:1092E0002ED2C5F57D239A422AD8FAB14FF0FF322B
:1092F0004FF0FF33144803F06BFD0CF0C0FD064641
:10930000B8B101238DF81430104B4FF47A600093FC
:1093100002AB04940193CDE9027501F0DFFD6846CC
:1093200001F0E2FD0446084803F0EEFC204607B0D9
:10933000F0BD224639462846FFF7A8FF3446F2E73B
:109340006FF01504F2E700BF78270020CD5A020025
:1093500038B5036941B91D4964221D4809F01CFE56
:1093600064211A4809F00FFE486830B91749652290
:10937000174809F011FE6521F3E7586800B300248F
:10938000884219D108688CB99C685860A14200D104
:109390009860002008602AB15A680A609A6859608B
:1093A00002B9996000200FE02846E9E7206098683C
:1093B000814208BF9C60ECE705680446002DF3D1AC
:1093C000002AE9D16FF0150038BD00BF7BCC020048
:1093D000C99A020008B50368590913D0012906D1BA
:1093E0006FF07C4203F01F03DA40D2070CD40A4925
:1093F0000A484FF4826209F0CFFD4FF482610648BB
:1094000009F0C1FD1F22EDE70360054B0548012966
:1094100008BF184608BD00BFC6CC0200C99A0200AA
:1094200000820D5000A0105070B5446801F01F0577
:10943000207C86B045EA4015A068002871D0B2F5BE
:10944000001F04D1294602F005FA00204EE06068B2
:10945000667CB2F5800F46624FF0000601A80196C7
:10946000466032D1B3F1007F14BF052304238DF889
:1094700004300023CDE904030393E3686E46CB4038
:1094800013F0010F34D1B2F1A07F31D168460095BD
:10949000FFF7A0FF009B203350F82330DB0727D4D1
:1094A0006A462946A06802F083F8163018D0029662
:1094B0002946A06803AA01F023FF002816DB012239
:1094C0002946A06802F04EF9BFE7B3F1C06F05D09E
:1094D000B3F1007F14BF01230223C8E70323C6E7CB
:1094E0006946A06802F01EF90028E0DA06B070BDF7
:1094F00032462946A06802F05BF80028D8D19DF8D2
:109500000010A06802F0F2F80028D1D00649074800
:1095100040F2F11209F040FD40F2F111024809F069
:1095200032FD6FF08500E1E708CD0200C99A020024
:109530002DE9F043466840F20635337CD00601F051
:109540001F0747EA431748BF032302EA050558BF30
:10955000C2F3401387B0B5F5837F14468DF803300E
:1095600043D00DD8062D42D005D8A5B1022D12D07A
:109570006FF0150036E0B5F5807FF9D101250AE0DE
:1095800040F20222954234D0B5F5407F33D0B5F594
:10959000007FEDD1042522032FD5012372688B4073
:1095A0005360B06880BB03A80397FFF713FF039BCA
:1095B00000EB8300C4F3004383F00103C4F3404491
:1095C000D0F8802044EA43049DF8033022F470620E
:1095D00044EA830422F00F0244EA05231343C0F84F
:1095E0008030002007B0BDE8F0830925D3E70825C7
:1095F000D1E70625CFE70525CDE7630341BF01236A
:1096000072688B409360CCE739460DF1020201F09D
:10961000CFFF14F4403F804616D13946B06802F0BF
:109620004FF8B8F1000FDCD19DF80210B06802F0DD
:109630005DF80028D5D01E491E48FC2209F0ACFC7C
:10964000FC211B4809F09FFC4FF0000901ABCDE95C
:109650000199CDE90439CDF80C903946B06803AAD8
:1096600001F04EFE4845BCDB14F4003314D09DF8E5
:109670000330C4F3004484F001048DF80E308DF8FB
:109680000C508DF80D404B463946B06803AA01F0E6
:10969000F7FE0028C5DAA4E7CDE904330DF1030392
:1096A00003933946B06803AA01F02AFEF1E700BF30
:1096B00008CD0200C99A02004209012A034670B58A
:1096C00001D0D2B170BD124E326951680029F9D073
:1096D000012503F01F030C689D400029F2D08A6821
:1096E0002A400ED04B6853B90A490B48892209F029
:1096F00053FC8921074809F046FC084EE4E7304650
:1097000098471CB1236821461C46E6E72346FAE742
:10971000887D02007BCC0200C99A02006C7D0200A9
:1097200038B54568A868C0B101F0B2FF0146A0B9DC
:10973000A86801F06BFF044688B902460949A86889
:1097400001F022FF22460121DB20F5F7C5FE22466B
:10975000012140F20D10F5F7BFFE002038BD6FF07B
:109760000400FBE7B996010008B50368590913D056
:10977000012906D16FF07C4203F01F03DA40D207C3
:109780000CD40A490A484FF4826209F005FC4FF4F0
:109790008261064809F0F7FB1F22EDE70360054BE5
:1097A0000548012908BF184608BD00BFC6CC020005
:1097B000C99A020000820D5000A010502DE9F04F10
:1097C0001746834640F2FF193D4E85B000EB8108F5
:1097D000D84501D100201DE0DBF80020C2F3C323EF
:1097E000082BC2F3080468D836494C4508BF4FF02F
:1097F000FF34B2F1806FCD5C4FEA126306D2013BB9
:10980000022B0AD8DFE803F03C404300382B41D05C
:109810006FF0850005B0BDE8F08FC7F80446621C04
:109820002BD003A80394FFF79FFF0121039B01FAAC
:1098300003F34360DBF800300394180448BF0021B1
:1098400003A858BF8A46CDE9003148BF4FF0010A4E
:10985000FFF78AFF039C009B00EB8400D0F8804058
:10986000C3F3412C01992B0243EA8C030B43344090
:10987000234343EA4A03C0F880300BF1040BA7E707
:10988000C7F80C46002115E0C7F81046C7E7C7F82F
:109890000846F7E703A80394FFF766FF0121039B3F
:1098A00000EB8300D0F8803023F0E04343F08043A6
:1098B000C0F88030631CBDD1DFE76FF01500A9E769
:1098C000F0F0FCFFAEDC02002DE9F04104460D464D
:1098D00047680CF00AFD88B14021EFF311831A4666
:1098E00081F31288BFF36F8F60680068D0F8300191
:1098F000D0B983F31188BFF36F8FEEE71E4B1B784F
:10990000002BE9D04FF04008642663681B68D3F849
:109910003031FBB901200CF0C4FA013EF5D1002131
:10992000202004F0ADFEEFE77B6A00201D70636825
:10993000796A1B68C3F83C170121C3F84017C3F8C4
:109940003001D3F83001196582F31188BFF36F8FAE
:10995000BDE8F081EFF311831A4688F31288BFF354
:109960006F8F61680968D1F830110029DCD183F369
:109970001188BFF36F8FD2E7FE30002070B50F481B
:10998000D0E90015541A63EB0506640944EAC6647D
:109990002026E4FB0615C0E9001509490020C1E9AD
:1099A00000230021074BC3E9000105F05BFB0146E2
:1099B0002046BDE8704005F0CFBA00BFD81900209E
:1099C000C0190020D019002008B500220121E42090
:1099D000F5F782FD164A0020D2F8183723F44033F9
:1099E000C2F8183702F03AF9002820DB01201149AB
:1099F00002F0E4F900281ADB02F0F2F80E4B20F036
:109A00001F00C3E900010D4B0022C3E900014FF024
:109A1000FF304FF0FF310A4BC3E90001094B0A49FF
:109A2000187A02F005F967220020084B1A6008BD79
:109A300000200E5074050020D8190020B81900200D
:109A4000C01900206C0500207D990100A827002086
:109A500008B502F0C5F8064AD2E90032C01A054B33
:109A600061EB0201C3E90001400940EAC16008BDA1
:109A7000D8190020D0190020F7B5224B0146224FFB
:109A8000187A224BD7E90056D3E900239E4208BF3B
:109A9000954211D1B1F1806F0ED24901012938BF31
:109AA000012101224D1946F10006C7E9005603B015
:109AB000BDE8F04002F026BA154BDFF858C0D3E9F4
:109AC0000043DCE9002CA41843EB0C0C4FF0200EF3
:109AD00022466346C1FB0E23954276EB0301C7E99C
:109AE00000230DD2291B66EB0C04C82974F1000475
:109AF000B4BF01210021009102F0C6F903B0F0BD0E
:109B00000021F8E76C050020C8190020C0190020CA
:109B1000D8190020D01900202DE9F04112F0FC6F77
:109B20001346D0E9014706690AD037494FF47D72E0
:109B3000364809F031FA4FF47D71334809F023FAC1
:109B400002F03002302A08D12F4940F2F7322F4874
:109B500009F022FA40F2F731EFE72D4A2D4D1A4075
:109B6000AA4208D1284940F2FB32284809F014FAE9
:109B700040F2FB31E1E703F00602042A08D1224952
:109B800040F2FE32214809F007FA40F2FE31D4E7F4
:109B900013F4402216D09D0308D41B4940F2014221
:109BA0001A4809F0F9F940F20141C6E7B2F5402F31
:109BB00008D1154940F20542144809F0EDF940F288
:109BC0000541BAE7DD0205D522B143F3000202F4F4
:109BD00040225340012524688D40254223F4801201
:109BE00008D1094940F21142084809F0D5F940F27C
:109BF0001141A2E73468DB074CBF2C43AC4334600F
:109C00003B68BDE8F041184776CD0200C99A0200D2
:109C10000200030002000100034670B50C46DA881A
:109C2000006802F0400219792243D0E901539C698F
:109C3000FCB101232D688B402B420AD10E490F48FD
:109C400040F2A53209F0A8F940F2A5310A4809F01E
:109C50009AF9150205D505692D682B4218BF82F0C7
:109C6000C062074BA446BDE87040134002F0B072DA
:109C700060476FF0570070BD76CD0200C99A0200B0
:109C8000400000062DE9F84307460026134DDFF893
:109C90005080DFF85090AFB12968414515D0494553
:109CA0000CBF4FF098614FF0E8612846FFF7B4FF12
:109CB000044668B1024645210B4809F022FE2046C1
:109CC000BDE8F8834FF40011EFE74FF09861ECE73F
:109CD0000136042E05F10805DDD1F0E758930200A6
:109CE0006C7D0200887D0200B6CD0200012310B514
:109CF00003FA01F1436804691B6819420AD10C494F
:109D00000C4840F2A26209F047F940F2A26108480B
:109D100009F039F92368194203D022B183681B691D
:109D200003E0002AFAD08368DB68BDE810401847DA
:109D300076CD0200C99A020070B50446EFF3118691
:109D4000402383F31288BFF36F8F1E4804F08EFF09
:109D500040B91D4984221D4809F01EF984211A4882
:109D600009F011F91A4D174804F0A4FF2B78BBB97C
:109D7000184B9C4202D0184B9C420AD10020FFF79E
:109D800081FF18B14521154809F0BBFD0022144B95
:109D90001A70012320222B701248002303F09CFD2F
:109DA000084804F071FF40B907494FF49972074819
:109DB00009F0F2F84FF49971D1E786F31188BFF3F7
:109DC0006F8F70BDD0270020739B0200C99A0200DC
:109DD0006A2E00206C7D0200887D0200DBCD02002F
:109DE000692E0020E01900202DE9F74300244FF0F0
:109DF000010825461A4E30683779436808FA07F794
:109E00001B681F420AD11749174840F2496209F0FE
:109E1000C3F840F24961134809F0B5F8D0F8109042
:109E2000836801A95B689847002809D00EDA4521AC
:109E30000E4809F066FD0025284603B0BDE8F08312
:109E4000D9F80020019B53403B4202D008FA04F3AA
:109E50001D430134042C06F10806CCD1ECE700BF09
:109E60005893020076CD0200C99A0200FCCD020090
:109E70002DE9F041074688460025104E27FA05F2E5
:109E800012F0010210D128FA05F3DB070ED5317963
:109E90003068FFF72BFF044640B14521084809F020
:109EA00030FD2046BDE8F0810122F0E70135042DA8
:109EB00006F10806E2D10024F3E700BF3893020060
:109EC00016CE02002DE9F041404F3B7853B10020FF
:109ED000FFF7D8FE28B145213D48BDE8F04109F023
:109EE00010BD3870FFF780FF04463A4BD3E8EF2FE0
:109EF000C3E8E14F0029F9D1374BDFF8E0801A7849
:109F000042BBD8F80060A64219D0354B66401B68AA
:109F10000BB1314698474FF0FF334FF0FF323148D5
:109F200002F028FC304B1D6835B1043D2B683146EA
:109F3000204698476D68F7E72A4802F0C9FCC8F840
:109F4000004054B1BDE8F04140F2391200232748E7
:109F500003F0C2BC00221A70F1E7EFF31186402330
:109F600083F31288BFF36F8F214804F07FFE40B95E
:109F700020498422204809F00FF884211D4809F067
:109F800002F81B4804F096FE1C4B1D78012D05D1EC
:109F900028461C70FFF776FE04463D70144804F016
:109FA00073FE40B913494FF49972134808F0F4FF57
:109FB0004FF49971E2E786F31188BFF36F8F14B104
:109FC00045210F4889E7BDE8F08100BF692E0020D8
:109FD00031CE0200E02700202A060020B027002012
:109FE000E4270020B4270020C8270020E019002023
:109FF000D0270020739B0200C99A02006A2E00201D
:10A000004FCE020070B500260C4CE2882068217902
:10A0100042F40032FFF780FD054648B90136042EB0
:10A0200004F10804F1D1BDE870400F21FFF720BF13
:10A030004521034809F065FC284670BD38930200AD
:10A040006CCE0200054BD3E8AF3F00B1036004487B
:10A0500011B102685A400A6003607047E02700208F
:10A06000AC2700202DE9F843384B1860384D3948AB
:10A070000CF0A5F82E464FF000082F46F288306805
:10A0800012F0010F0CBF2023102331791A4342F440
:10A090008032FFF741FD044630B145212E4809F0DA
:10A0A00030FC2046BDE8F88308F10108B8F1040F40
:10A0B00006F10806E2D1064680464FF001094FF44A
:10A0C00000112846FFF7A8FD044610B1452123489A
:10A0D000E5E72B79013609FA03F3042E48EA030871
:10A0E00005F10805EBD105461D4E1E4BC6E90138AA
:10A0F00057F835008368DB693BB101223146984748
:10A10000044628B145211848C9E76FF05704F9E71C
:10A110000135042DECD11549154803F0DBFA012275
:10A12000144B13481A700023002203F065FB2146EC
:10A130002046FFF787FFFFF757FE0F4BD3E8EF2FBF
:10A14000C3E8E10F0029ACD0F8E700BFE427002006
:10A1500058930200B42700208BCE0200ADCE02003F
:10A16000D4270020399D0100CDCE0200C59E0100FC
:10A17000E01900206A2E0020E027002003280A466C
:10A1800010B507D945210B4809F0BBFB6FF015044A
:10A19000204610BD084B03EBC001097953F830008D
:10A1A000FFF7A4FD04460028F2D04521034809F03A
:10A1B000A8FBEDE7E6CE02003893020016CE0200BF
:10A1C00002460B46014802F0D5BA00BF0007002046
:10A1D000014802F07DBB00BF000700200348452175
:10A1E00008B509F08EFB0020F6F792F81ACF0200AE
:10A1F0001FB500240A2201940294CDF80B4000916F
:10A20000014601A80DF0C6FC4521009B064801AAA5
:10A2100009F077FB84F31188BFF36F8F032318468F
:10A2200002DF04B010BD00BF3CCF020070B506468F
:10A2300088B00D462C482D4903F066F803A8EEF7C8
:10A240003CFF49212A4A2B4809F05BFB14220320DA
:10A2500003A9F4F799F928480BF072FF40B945219A
:10A26000264809F04EFB6FF01204204608B070BD7E
:10A27000234B01A80193E6F723FE024630B14521A6
:10A28000204809F03EFB6FF01504EEE74FF0FF3079
:10A290004FF0FF31FFF794FF04460028E5D11A493B
:10A2A0001A48E6F763FA044610B1FFF791FFDCE7BE
:10A2B00041F64C5302A80293E7F7A2FE20B1FFF744
:10A2C00087FF6FF08504D0E7012368468DF80030E2
:10A2D000EFF7FDFE0028F2D1FFF77AFF33690C4853
:10A2E0001D60F6F705FBC0E7EC270020895D020042
:10A2F00066CF02008DCF0200A47D020095CF020040
:10A3000015A30100BACF0200101A002089A4010091
:10A310005DA4010003460A4610B50D4881680C682B
:10A3200044B90C490C48662208F036FE66210948FB
:10A3300008F029FE1946A04748B1084906484FF4DD
:10A34000367208F029FE4FF436710448F0E710BD6C
:10A35000A47D0200E3CF0200C99A020026D00200C9
:10A3600030B52F4885B0E6F785F90446002852D16C
:10A370000125E6F739FAE6F743FAEEF7A0FEEEF725
:10A38000A0FEEEF7A0FEEEF7A0FE0221204601AAF5
:10A390008DF80450E6F79CF9031E3BDB08230721E8
:10A3A000204601AAADF80430E6F792F9031E31DB2E
:10A3B0004FF04513019340F203230321204601AAE5
:10A3C000ADF80830E6F784F9031E23DB04212046AC
:10A3D00001AA8DF80450E6F77BF9031E1ADB1F2350
:10A3E0000621204601AAADF80430E6F771F9031EF4
:10A3F00010DB40F28672934210D94521094809F0DA
:10A4000080FA84F31188BFF36F8F0423184602DFAC
:10A410006FF00B031C46204605B030BD2346F9E71C
:10A42000F1A101006ED0020008B5084908480BF000
:10A430004CFF002808DA074907482F2208F0ACFD36
:10A440002F21044808F09FFD08BD00BFEC27002025
:10A450009821002096D00200C99A0200094B93F877
:10A460004A30042B02D1810709D47047022B02D154
:10A47000020704D47047082B03D1830601D5FFF7E8
:10A48000D3BF70476B2E002070B53C4C94F84A3017
:10A4900013B394F84A20042A4FD120783E282DD1B6
:10A4A000A678B31E5E425E41627802324A2A27D9FC
:10A4B0004A234521324809F024FA6FF00B02452166
:10A4C000304809F01EFA002383F31188BFF36F8F21
:10A4D0000423184602DF1CE04FF0FF304FF0FF313D
:10A4E000FFF76EFE48B9204604F14A0100F032FB46
:10A4F0000546FFF76DFE002DCBD070BD0026D3E7DB
:10A50000002200233146F6F7FDF9054640B9002E3A
:10A51000F3D0002384F84A30BDE87040FFF784BFD1
:10A5200062780232154905F10C0009F038FC164B2F
:10A5300029461B6815489847EBE7022A0CD10022F0
:10A5400000230820F6F792F905460028D5D0628846
:10A5500004324A2AE6D9ABE7082A09D100220023AF
:10A560002020F6F783F9628805460028F0D1C4E779
:10A570004521074809F0C5F9CBE700BF6B2E002045
:10A58000CED0020032D10200E8270020DC7D02009C
:10A59000F4D002002DE9F341A94D07462C78002C98
:10A5A00040F0D08204238DF80730A64B0688D3F8FC
:10A5B0000080B8F1000F15D1B6F5105F4FEA962371
:10A5C0000BD2002B00F0B182013B072B62D8DFE8F1
:10A5D00003F026614D95616161DD3F2B00F0E8815C
:10A5E000012023E20DF106030DF10702691CC047AB
:10A5F0000128E1D09DF8063013B9012840F0988277
:10A600000F236B700423AB700123E8702B71A5F846
:10A610000560012300202B7002B0BDE8F0813846B0
:10A6200040F2064230F9033B934219D040F21D42FA
:10A63000934218D0012042F219039E4200F2628236
:10A6400042F20C039E4200F2568240F2064340F270
:10A650001D429E4218BF964214BF0124002430E0E0
:10A66000E7F77CFAE7E7E7F7EFFAE4E7384640F682
:10A67000634230F9033B934234D00EDC40F6034290
:10A68000934223D040F62D42934222D040F601421D
:10A69000934213D00120044613E040F67B429342DC
:10A6A00023D040F67C429342F4D19DF807306649AE
:10A6B00002338DF80730EFF7A7FC01E0E6F7DEF88C
:10A6C000012484F001038DF8063093E7EEF7ECFCEB
:10A6D000F6E79DF807305C4903338DF80730EFF754
:10A6E000CBFAEDE7E6F7DCF8EAE79DF807305649E4
:10A6F00004338DF80730EFF779FCE1E73B88A3F5E9
:10A700008053013B082BC5D801A252F823F000BFAB
:10A7100035A7010047A701005BA7010095A601002E
:10A7200095A6010095A6010095A6010095A6010039
:10A730007BA701009DF80730434808338DF80730A8
:10A74000EFF788FABCE79DF807303F4840338DF8B3
:10A7500007300BF01BFB0020B2E700229DF807300A
:10A7600008338DF80730384B1A605A60EB7A23F0C3
:10A77000600343F06003EB72EDE79DF80730324869
:10A7800006338DF80730EFF7ACFA99E7384630F822
:10A79000033BA3F50053013B4D2B00F29D81DFE805
:10A7A00013F0550062006B009B01740077009B0161
:10A7B0007A007D0080009B019B019B019B019B0116
:10A7C0009B019B019B019B019B019B0183008600D8
:10A7D0008F009B019800A100AA009B019B019B0197
:10A7E0009B019B01BF009B01C8009B019B01CB000B
:10A7F000CE00D100D4009B019B01DD00E000E3000E
:10A80000EC00F500F8009B019B019B019B019B0163
:10A810009B019B019B019B019B019B019B019B0158
:10A820009B019B019B019B019B019B019B019B0148
:10A830009B019B019B01FB009B019B01040100BF4D
:10A84000B62E0020FC270020BD2E0020E6F732F8AF
:10A8500042F264039E423FF434AF42F264039E42EC
:10A8600000F2E480E7E69DF80730B84803338DF83E
:10A870000730E7F769F9EBE79DF80730B34808338D
:10A880008DF80730EFF740FBE2E7EFF746FADFE736
:10A89000E7F7B6FADCE7EFF764FBD9E7EFF73CFB45
:10A8A000D6E7E7F707FBD3E7EFF71EFBD0E79DF806
:10A8B0000730A64910338DF80730EFF709FAC7E7DC
:10A8C0009DF80730A14808338DF80730EFF7CEF92F
:10A8D000BEE79DF807309D4902338DF80730EFF74A
:10A8E00065FBB5E79DF80730984902338DF80730CE
:10A8F000EFF76DFBACE79DF80730002008338DF8CB
:10A9000007308F23EB71CC232B7230236B72EC2337
:10A91000AB72C023EB72012368732B73A87397E7A4
:10A920009DF80730894902338DF80730EFF704FAB4
:10A930008EE7E7F745F98BE7EFF721F988E7EFF7BF
:10A9400041F985E7EFF774F982E79DF807307F4812
:10A9500001338DF80730EFF779F979E7EFF758F918
:10A9600076E7EFF74CF973E79DF80730774808333F
:10A970008DF80730EFF710FA6AE79DF80730734952
:10A9800004338DF80730EFF732FA61E7E7F730F973
:10A990005EE7EFF772FA5BE79DF807306B4802332A
:10A9A0008DF80730EFF783F952E7EFF705FA4FE735
:10A9B00038464FF60C5230F8033B934222D84FF6FC
:10A9C0000252934212D803F2FF3292B20A2A3FF6A1
:10A9D00007AEA3F57C43013B0A2B7FD8DFE803F0E9
:10A9E0001E347E7E7E5B7E7E49525E00A3F57D43F3
:10A9F000033B092B72D8DFE803F05A715D71717166
:10AA0000607171634FF6145293425CD04FF6165248
:10AA100093427FF4E5ADE7F7FBFA07E09DF80730D6
:10AA20004A480C338DF80730EEF751FB42F28503AC
:10AA30009E4274D842F267039E4251D842F26603A6
:10AA4000F41A18BF01243CE600209DF8073040337B
:10AA50008DF807303D4B1880EB7923F0230343F04A
:10AA60002303EB712B7A23F0070343F007032B72C8
:10AA7000DCE79DF80730354817338DF80730EEF7DF
:10AA800041FBD3E79DF80730304820338DF807307D
:10AA9000EEF75CFBCAE7EEF733FBC7E79DF807303C
:10AAA0002A4801338DF80730EEF76DFBBEE7EFF76C
:10AAB0000EFBBBE7E7F7A4FAB8E7EEF77AFBB5E7DA
:10AAC000EFF7EEFAB2E79DF80730204904338DF82E
:10AAD0000730EEF772FBA9E70120B9E60120BCE6DA
:10AAE000A6F50153283B9AB2194BD34003F001035A
:10AAF00083F00104E5E5A6F500530D3B9AB241F25F
:10AB00004123F2E742F232039E423FF4DAADA6F56A
:10AB10000153033B012B94BF00240124D1E54FF6E0
:10AB2000025226F008039C1A8BE701242046C8E550
:10AB30009DF807300E22AB7001236A70EB70AE8077
:10AB4000A87166E54FF0FF3066E500BFBD2E00201E
:10AB50002F80402038B5094C0D4623781BB9BDE83D
:10AB60003840EEF70BBCA278611C02320CF0E6FF15
:10AB70000020042320702B7038BD00BFB62E0020AB
:10AB800070B506460C460D4D28460BF0D9FA88B133
:10AB9000A2B2AB681B6843B909490A48662208F0AB
:10ABA000FBF96621064808F0EEF931462846BDE873
:10ABB000704018476FF0120070BD00BFA47D020006
:10ABC000E3CF0200C99A02004FF40071014804F07B
:10ABD00065BC00BFFE2E00201FB500240A22019490
:10ABE0000294CDF80B400091014601A80CF0D2FF71
:10ABF0004521009B064801AA08F083FE84F31188D2
:10AC0000BFF36F8F0323184602DF04B010BD00BFEF
:10AC10008FD10200322337B50125ADF8043000236F
:10AC20001C216846134A8DF80630ADF800508DF8A7
:10AC30000230EDF7C1FF0446C8B90AF0ECFE80B25D
:10AC4000ECF772FC29460C48F1F76AFC044670B92F
:10AC500001462A468520F4F73FFC2A462146E52096
:10AC6000F4F73AFC2A4621468A20F4F735FC2046C0
:10AC700003B030BDD9AB01000428002008B54FF067
:10AC8000FF304FF0FF31FFF79BFA40B1074908480A
:10AC9000E62208F081F9E621044808F074F9F1F79A
:10ACA0006FFDBDE80840FFF793BA00BFA8D10200CE
:10ACB000C99A0200024608B508480B46084902F046
:10ACC0002FFD002808DA07490748472208F064F9F1
:10ACD0004721044808F057F908BD00BF982100201B
:10ACE0003802002096D00200C99A020008B508492F
:10ACF00008480BF0EAFA002808DA074907482F222B
:10AD000008F04AF92F21044808F03DF908BD00BFBA
:10AD1000682800209821002096D00200C99A0200DD
:10AD20000122054B05491A63A3F54023D3F8180502
:10AD30000860C3F81825704700E010506428002010
:10AD40000122044B5A63044B1A68044BC3F81825BC
:10AD5000704700BF00E010506428002000E004505D
:10AD6000024628B1022806D10420054B1B6818476B
:10AD7000034B1B68FBE75721024808F0C2BD00BF28
:10AD800078280020F8D1020010B538B101280BD185
:10AD9000BDE8104000200949ECF7D6BA084B022064
:10ADA000BDE810401B681847064907484C2208F0C8
:10ADB000F3F84C21034808F0E6F800BF61AD01004C
:10ADC0007828002019D20200C99A020008B578B18B
:10ADD000012804D1BDE808400020ECF7D1BA0549AC
:10ADE00005485F2208F0D8F85F21024808F0CBF848
:10ADF00008BD00BF19D20200C99A0200014B1860B9
:10AE0000002070477828002010B5294C237C83420D
:10AE100008D028496022284808F0BEF8602125485B
:10AE200008F0B1F804F13803D3E8AF3F2BBB092990
:10AE300037D8DFE801F0053636363624241F3622AF
:10AE4000A369D3E900209047012808D01B4B984202
:10AE500003D00223606384F82C3019480EE042F2DC
:10AE60001073A362032384F82C30164B84F821005E
:10AE70002363F2E70E4801F047FF002010BD0023D6
:10AE800084F82130104B0F49207CA362F1F789FB35
:10AE90000028F2D007495822074808F07DF85821C9
:10AEA000BDE704499322044808F076F89321B6E7F9
:10AEB0007C28002075D20200C99A02001F64660235
:10AEC000A828002098280020FF3F420F01220021DF
:10AED00001480BF099B900BF7C280020014B586154
:10AEE000704700BF7C28002070B54FF0FF31064648
:10AEF0004FF0FF30FFF764F9054640B14249BF22E9
:10AF0000424808F049F8BF213F4808F03CF8404962
:10AF10004048EDF791FD0446FFF75AF9002C07DA97
:10AF20003D482246452108F0ECFC6FF00B0070BD57
:10AF300040F20113394C23846369A6616433636270
:10AF400042F21073A3626FF073032577636304F119
:10AF50003806D6E8EF3FC6E8E25F002AF9D1A368D9
:10AF6000354633B12849D522284808F015F8D521AF
:10AF7000CAE74FF0FF304FF0FF31FFF721F930B152
:10AF80002149D822214808F007F8D821BCE7207CC5
:10AF900004F11C01F1F705FB30B11B49DA221B4813
:10AFA00007F0FAFFDA21AFE7FFF712F90023204696
:10AFB0001B4A01F00DFF00280ADA4521194808F064
:10AFC000A0FC0123D5E8EF2FC5E8E13F0029F9D126
:10AFD0004FF0FF304FF0FF31FFF7F2F830B10A4980
:10AFE000E5220A4807F0D8FFE5218DE7207CF1F73C
:10AFF000BAFAFFF7EDF8D6E8AF3F13B1074801F012
:10B0000047FF606B93E700BF75D20200C99A020048
:10B010008C28002009AE0100BED202007C2800204E
:10B020000E720B00E9D2020003689A070CD5036880
:10B03000DB070DD50922074BC3F80C250F22C3F8F7
:10B04000042501221A60FEE7034B0360EF3B036017
:10B05000704700BF00801050F000FA5008B501237F
:10B06000304A3148C2F80038A2F55722D2F80024FD
:10B070002E4AD2F84023272A04BF2D4AC2F80C34A6
:10B08000FFF7D2FF0830FFF7CFFF0830FFF7CCFF04
:10B090000830FFF7C9FF00F5F470FFF7C5FF254A38
:10B0A000D2F88C3043F44063C2F88C300022D300D5
:10B0B00003F57F0303F54043D3F8001401310AD0B0
:10B0C000D3F8001439B1D3F800140132D3F80434A2
:10B0D000402A0B60EBD1184BD3F80026D2071CD4C2
:10B0E000164B1449D3F8182522F00302C3F818258B
:10B0F000D3F8182542F00302C3F81825D1F88C20A4
:10B1000042F44062C1F88C200022C3F8A0250C4A0A
:10B11000D2F80034012BFBD008BD6FF00102C3F858
:10B120000026DDE70000125000F50E5000C0FF00C1
:10B130000030055000ED00E000E0105000E0045049
:10B1400000900450034A4309D35C00F01F001844E8
:10B15000C0B27047B7DC020010B504460846FFF7DE
:10B16000F1FF04EB4000838ADA051CD5C3F34321C9
:10B1700023F4F853838204F1120204F1500032F8F0
:10B18000023F13F4807F03D0C3F3432399420AD0D4
:10B190009042F4D1002204EBC1035A6004F158003C
:10B1A0000AF09BFE00B910BD054906484FF4DB725A
:10B1B00007F0F2FE4FF4DB71014807F0E4FE00BF38
:10B1C00006D30200C99A020008B50268014610467B
:10B1D0000AF09CFE50B90F494FF482620E4807F006
:10B1E000DBFE4FF482610B4807F0CDFE02F01F0337
:10B1F00052090B600AD0012A0AD0064940F21942CE
:10B20000054807F0C9FE40F21941ECE7034808BDC4
:10B210000348FCE7C6CC0200C99A020000A0105007
:10B2200000820D50072808B50AD90749074840F29F
:10B23000A73207F0B1FE40F2A731034807F0A3FEA2
:10B24000800000F5807008BD53D30200C99A020047
:10B25000024611F0010010B50BD18B07C1F340007D
:10B260000DD50749086A50600862003818BF0120F0
:10B2700005E0044C236A13602362002BEDD010BD5F
:10B2800000820D5000A01050F7B504460846FFF7A5
:10B2900059FF04EB4006B38A0D46DB072AD520464A
:10B2A0000AF025FF294620460AF041FE50B120460B
:10B2B0000AF06CFE0023276807EB8000C0F8103509
:10B2C000C0F81035204600242946FFF745FFB48218
:10B2D00001A80195FFF778FF019B00EB8300D0F8F0
:10B2E0008020064B134043F00203C0F88030204614
:10B2F00003B0F0BD6FF01500FAE700BFF0F0FCFFFF
:10B300002DE9F0430E461746044685B050B95A4918
:10B310005A4840F25E4207F03FFE40F25E41564816
:10B3200007F031FE0846FFF70DFFD7F8008005460D
:10B33000B8F1000F19D020460AF01DFE18BB434695
:10B34000CDE900008DF80E008DF80F000DF10F0211
:10B3500030460DF10E010AF042FE04EB4502938ADD
:10B3600023F0020343F0010393827B689BB33146D1
:10B37000204693F80080D3F804900AF0F1FD28B13C
:10B38000B9F1000F1FD06FF0150027E004EB450066
:10B39000838A23F4604323F020038382B9F1000FF2
:10B3A00011D0B8F1030FEED87B6821685B6893F881
:10B3B00000C04FEA8C031944B8F1000F11D1C1F855
:10B3C0001085C1F8108504EB4502938A23F01C0315
:10B3D00043EA88039382BB684BBB002005B0BDE8FD
:10B3E000F083D1F8102522F00302C1F8102522685D
:10B3F0001344D3F8102522F4473222F47C72C3F8A8
:10B40000102541F6F072D3F8101502EA061242EA4E
:10B4100008420A43C3F8102504EB4C03A3F85C6010
:10B42000838A43EA4C3343F020038382CBE73146DF
:10B43000D3E900782046FFF78FFE002FCDD0636858
:10B440009F4206D004F158000AF02DFD002804DACE
:10B45000C4E7A3689845F5D1002004EBC003C3E915
:10B46000017804EB4505AB8AC0B243EA402343F4BC
:10B470008073AB82B1E700BF06D30200C99A020015
:10B480002DE9FF410D4616461F46044650B93B497B
:10B490003B484FF48D6207F07FFD4FF48D613748D4
:10B4A00007F071FD0846FFF74DFE804616B32046B3
:10B4B0000AF056FD18B920460AF039FD08BB2946A6
:10B4C00020460AF03FFD10B17378012B19D00123FB
:10B4D0008DF80F300023721CCDE900632846B31CA1
:10B4E0000DF10F010AF07BFD04EB4802938A43F053
:10B4F00003039382002F3ED0294620460AF030FDF8
:10B5000020B96FF0150004B0BDE8F08100223E784C
:10B51000236804EB480003EB8603C3F81025C3F847
:10B520001025838A4FEA860C23F4604323F020031E
:10B5300083827978F9B12268124B6244D2F81045BF
:10B54000BF782340C2F8103541F6F073090401F4C6
:10B55000403103EA05130B433905D2F8104501F4D5
:10B5600080110B432343C2F81035838A43EA4633E4
:10B5700043F0200383820020C5E700BF06D302000A
:10B58000C99A02000FE0ECFF08B550B90649074818
:10B5900040F2714207F000FD40F27141024807F0AD
:10B5A000F2FCC0E9031208BD06D30200C99A0200EA
:10B5B00070B51546044650B9124940F27A42124815
:10B5C00007F0EAFC40F27A410E4807F0DCFC42B991
:10B5D0000C4940F223320C4807F0DEFC40F22331E4
:10B5E000F2E70AF0A4FC48B10846FFF7ABFD04EB14
:10B5F00040040020A38A5B0B2B7070BD6FF0150018
:10B60000FBE700BF06D30200C99A0200F8B5044662
:10B6100050B91B491B484FF4916207F0BDFC4FF431
:10B620009161174807F0AFFC90F86C5090F86D707E
:10B6300015BB3E22294614300CF08DFA124B2668B9
:10B6400053F83770AF4212D1002540F20D10C6F802
:10B650004451D6F844310D4B9E4208BFDB20F3F72E
:10B6600019FF0123284684F86C30A365F8BDE8B2C1
:10B67000FFF7D8FD0135E5E76FF07700F6E700BF8B
:10B6800006D30200C99A02008493020000A00D5064
:10B6900008B550B90849094840F28F4207F07CFCD0
:10B6A00040F28F41044807F06EFC90F86C000038BF
:10B6B00018BF012008BD00BF06D30200C99A0200CE
:10B6C00008B550B90749084840F29D4207F064FCAC
:10B6D00040F29D41034807F056FCBDE80840FFF7E3
:10B6E000D3BD00BF06D30200C99A020008B550B905
:10B6F00009490A4840F2A44207F04EFC40F2A44136
:10B70000054807F040FC064B90F86D0003EB800005
:10B71000BDE808400AF0E1BB06D30200C99A020066
:10B720007C05002010B50C4650B90B490B4840F27F
:10B73000AB4207F031FC40F2AB41074807F023FC75
:10B74000074B90F86D0003EB80000AF0ACFB00287B
:10B75000A4BF2070002010BD06D30200C99A0200C9
:10B760007C0500202DE9F3410D461646044650B9EC
:10B7700036494FF4A562364807F00EFC4FF4A56138
:10B78000324807F000FC0AF0DDFB40B92F4940F2D7
:10B7900035422F4807F000FC40F23541F0E72046E3
:10B7A0000AF0C5FB2768F8B120460AF0D9FB8046AD
:10B7B000D0B920460AF0EAFB0546FFF733FD47F80B
:10B7C00000803B58236803EB8503D3F8102542F033
:10B7D0000102C3F8102526B101232268AB40C2F84C
:10B7E000143302B0BDE8F081D7F814339B035CBF7B
:10B7F0004FF40033C7F8143346B9144940F24F42AE
:10B80000134807F0C9FB40F24F41B9E72846FFF75C
:10B8100099FC04EB4004A38AC3F38203042B11D0E8
:10B82000052B11D001A80195FFF7CEFC019BC16843
:10B83000D94001F001010231284602B0BDE8F041D3
:10B840000AF01ABC0321F7E70221F5E706D302004C
:10B85000C99A020008B550B90749084840F22F526A
:10B8600007F09AFB40F22F51034807F08CFBBDE82C
:10B8700008400AF03CBC00BF06D30200C99A02008F
:10B880002DE9F04F07468DB050B97349734840F227
:10B890005C6207F081FB40F25C616F4807F073FB6C
:10B8A000804658F804AB90F86D40DAF814136C4BEE
:10B8B000C9B253F83420504641F400310AF0EBFB92
:10B8C0008203054639D50023CDE90A33644BE600EF
:10B8D00003EBC40463680AA819460193FFF7B8FC98
:10B8E000331D04934FF0000B5E4B0DF128090393B9
:10B8F000039A5B4912F8013B0392049A02EBD302CC
:10B900008A5C03F0070322FA03F3DB071BD40BF175
:10B910000103022B4FF0010B09F10409E8D14FF4A8
:10B920000031002250460AF0B6FB01990AA8FFF741
:10B930008FFC0028D6D125F400350124002D74D1C8
:10B940000DB0BDE8F08F484B5B440593D9F800106B
:10B950000029DCD091FAA1F1B1FA81F1059B1C78A4
:10B9600041EA44142046FFF7EDFB07EB4000828AD2
:10B97000C808C2F38203CDE906230293012319F814
:10B98000006001F0070103FA01F126EA010109F85C
:10B99000001009A80994FFF717FC0999069A2031AD
:10B9A00050F8216012F0100F079BC6F3014623D018
:10B9B00021464046029A0AF0F3FA09A80994FFF7D3
:10B9C00003FC099BF6B2203350F82330C3F3014344
:10B9D0009E4207D1002120460AF04EFB3146204608
:10B9E0000AF04AFB09A80994FFF7EEFB0122099B24
:10B9F00002FA03F30362A9E7022E14BF0221032116
:10BA0000204606930AF038FB069B032B03D0022E38
:10BA100007D1012BE6D121464046029A0AF0C0FA2E
:10BA2000E0E7032EDED1022BF4E795FAA5F3B3FA93
:10BA300083F304FA03F225EA020503F5A2725AF829
:10BA4000222007EB43034046B3F85C10C2F30142E7
:10BA50000AF0A6FA72E700BF06D30200C99A0200F4
:10BA600084930200C7DC0200C7DC02000123034A02
:10BA700003FA00F093680343936070476802002064
:10BA800073B504460191EFF31186402383F31288C6
:10BA9000BFF36F8F0B4D019B6A6801A813400193A0
:10BAA0000AF001FA002807DB01226B68824023EAD2
:10BAB00002036B602070002086F31188BFF36F8F44
:10BAC00002B070BD6802002008B5144B027AD3F8AA
:10BAD000101521F001010A43C3F810250268B2F5E0
:10BAE000803F0AD30E4940F2B9720E4807F054FA6B
:10BAF00040F2B9710A4807F046FAC3F8A426426832
:10BB0000FF2A08D9064940F2C472064807F044FAF1
:10BB100040F2C471EEE7C3F8AC2608BD00200E5019
:10BB200097D30200C99A02000B2808B501D8002952
:10BB30000ADA0A490A4840F2165207F02DFA40F292
:10BB40001651064807F01FFA000100F1A04041EA33
:10BB5000C27100F56220C0F8281508BD97D3020015
:10BB6000C99A02000B2808B50AD910494FF4A062FF
:10BB70000F4807F011FA4FF4A0610C4807F003FAE0
:10BB8000B3F5801F08D3094940F20252084807F074
:10BB900003FA40F20251F0E7000100F1A04000F585
:10BBA0006220C0F82025C0F8243508BD97D30200D4
:10BBB000C99A0200012303FA00F010F0670F0AD0BF
:10BBC000064B5B68DB4303F0670303420CBF6FF077
:10BBD0001500002070474FF0FF30704768020020CA
:10BBE00038B50F4B1B78012B0ED14FF0FF306FF0A3
:10BBF00040410C4CD4E90023904271EB0305F9D38A
:10BC00001046C3F3130138BD0749084840F2191222
:10BC100007F0C2F940F21911034807F0B4F900BF68
:10BC20006802002040270E50D9D30200C99A0200B2
:10BC300030B50C25074B1C1894F8544005FB043311
:10BC4000C3E9031218750123034A8340C2F8243361
:10BC500030BD00BF6802002000200E50F0B5504DEE
:10BC600085B02C78002C40F095804E4A01AB07CA75
:10BC700083E807004C491846D1F8102522F002024B
:10BC8000C1F81025FFF720FF0723672202F001010A
:10BC90002144013BCCB24FEA5202F7D1052C7CD1B2
:10BCA00019464FF0010C3E4E00246720CFB204E04D
:10BCB0000CFA02F220EA0200013490FAA0F25FFAD4
:10BCC00084FE7745B2FA82F2F2D801313275052945
:10BCD0002A4482F8547006F10C06E5D101210024B3
:10BCE00032489A0801FA02F212F0670F18BF1C508E
:10BCF0000433302BF5D1E420F3F7CCFB2A4B00249E
:10BD0000D3F81025012622F00202C3F8102540F6D0
:10BD1000FF72C3F82823C3F88041C3F88040C3F8FA
:10BD20008441C3F88440C3F88841C3F88840C3F80D
:10BD30008C41C3F88C40C3F89041C3F89040C3F8DD
:10BD40009441C3F89440C3F89841C3F89840C3F8AD
:10BD50009C41C3F89C40C3F8A041C3F8A040C3F87D
:10BD6000A441C3F8A440C3F8A841C3F8A840C3F84D
:10BD7000AC41C3F8AC401E660D4B0E4A1B685D20FB
:10BD8000B3FBF2F358430C4B3343984720462E70D5
:10BD900005B0F0BD6FF07700FAE76FF08B00F7E7C2
:10BDA000680200202C8A020000200E5000210E5054
:10BDB0007805002040420F00608D020038B52C4B02
:10BDC0000D461B78012B0AD02A492B4840F2062247
:10BDD00007F0E2F840F20621264807F0D4F8274B96
:10BDE000D3F8102594073CD4D3F8102542F0020272
:10BDF000C3F81025C0B1D3F8482712F0010202BFE2
:10BE0000D3F8481741F00101C3F848171B4BD3F88A
:10BE10004017D3F844174800F9D42AB9D3F8482773
:10BE200022F00102C3F84827154B164A1B68B3FBE2
:10BE3000F2F3124A03EB4313B3B1D2F84017D2F82E
:10BE4000441749000BD44FF0FF312846FFF718FE86
:10BE5000044610B92878FFF709FE204638BD013B9B
:10BE6000EAE76FF07704F8E76FF07304F5E700BFD7
:10BE700068020020D9D30200C99A020000200E50A7
:10BE80007805002040420F002DE9F04104461D4690
:10BE9000FFF790FE904607469DF8186050B115498F
:10BEA000154840F2BB2207F077F840F2BB21114859
:10BEB00007F069F811490B1993F854300C3301EB72
:10BEC000C30041F8332045602B4620466EB10C4E2E
:10BED000A400FFF747FE33592BB1FFF781FE404521
:10BEE000A94100D23751BDE8F081BDE8F041FFF72C
:10BEF00039BE00BFD9D30200C99A020068020020EF
:10BF000000210E50F8B50546FFF754FE50B1114917
:10BF1000114840F2193207F03FF840F219310D484C
:10BF200007F031F80D48431993F854300C3350F8AA
:10BF3000334000EBC30CDCF80460641846F10006E3
:10BF400040F83340CCF804602846BDE8F840FFF7DD
:10BF5000EBBD00BFD9D30200C99A020068020020DD
:10BF6000F7B5374B374CD3F82C5304F188060DB98D
:10BF700003B0F0BD95FAA5F00123B0FA80F083403C
:10BF8000DF4325EA0305231893F854100C2303FB21
:10BF900001431A7D82420AD02B492C4840F2B73225
:10BFA00006F0FAFF40F2B731274806F0ECFFDA68F6
:10BFB0004FEA800C002A3BD0D6E8EF3F03EA0702A5
:10BFC000C6E8EE2FBEF1000FF6D1C340DB0727D540
:10BFD0000B2809DD1E491D4840F20B5206F0DCFF1C
:10BFE00040F20B511A48E0E7020102F1A04202F5CB
:10BFF0006222D2F82435D2F82025164F6744D7F8AC
:10C0000000C0BCF1000FB2D04FF0000CC7F800C068
:10C010000C2707FB01410F690097C9688847A6E70D
:10C0200001F10C0304EBC30754F833207B68E4E709
:10C03000084B53F80C10002999D043F80C2096E7D0
:10C0400000200E5068020020D9D30200C99A0200D5
:10C0500097D3020000210E500549064840F2D6222F
:10C0600008B506F099FF40F2D621014806F08BFF93
:10C0700024D40200C99A0200102908B501D9FFF79B
:10C08000EBFF054B40EA0120C3F80005D3F800247C
:10C09000D207FBD508BD00BF00E0045010B54369CE
:10C0A00004463BB90020E2684042537843F0010364
:10C0B000537010BD98470028F4D000F1FF03FE2B09
:10C0C00008D906490648212206F066FF21210348C7
:10C0D00006F059FFE36840421870E4E767D40200B5
:10C0E000C99A0200F7B504460D46EFF311874023C5
:10C0F00083F31288BFF36F8F1F4A0428966898BF96
:10C100001E4B127C94BF53F820301D4B00924521EA
:10C1100002461C4807F0F5FB3DB1EB69C3F3080389
:10C120001BB14521184807F0ECFB36B130460AF048
:10C13000E5F8034608B1027802B9144B32464521AE
:10C14000134807F0DEFB29462046FEF747F8042C8B
:10C1500008D110491048872206F01EFF87210D489C
:10C1600006F011FF87F31188BFF36F8F304603B0DD
:10C17000BDE8F040F3F74CBAB828002094930200D1
:10C1800099D40200A7D40200D4D4020092AD0200D8
:10C19000FAD4020017D50200C99A020038B50A4B3A
:10C1A00053F82040013053F82050A54200D838BD44
:10C1B000606830B1037EDB0701D4FFF76FFF0834FE
:10C1C000F3E723689847FAE7A8930200012270B5C5
:10C1D000324B86B003201A70FFF7E0FF0AF060F9D7
:10C1E0000420FFF7DBFF2E4C2E4DAC42264624D90F
:10C1F0002D4944222D4806F0CFFE44212A4806F05E
:10C20000C2FE54F80C3C059354F8103C049354F8C7
:10C21000143C039354F8183C029354F81C3C0193CB
:10C2200054F8203C009354E90A2354E90C0101F02E
:10C23000ADFC54F8303C5E65D7E7AE4204F1300403
:10C24000DFD302F04FF8164CAC421BD916496822D6
:10C25000164806F0A1FE6821D0E7D4E90A23B3F11D
:10C26000FF3F08BFB2F1FF3F05D052EA030120684B
:10C2700003D102F033FA3034E6E70D49183002F00A
:10C280004FFDF8E7E9D302F07FF8F1F7CDF8094A5E
:10C29000938923F00103938106B070BDFE30002026
:10C2A000248702002487020092D50200C99A020066
:10C2B000FDDF0100C8220020882370B5134E012243
:10C2C00003FB0066002386B0CDE904230F2201930F
:10C2D000CDE9023214234FF4A0720D4D0D4903FB3A
:10C2E0000055044602FB00110B4B3046009501F04F
:10C2F0004DFC337C2C7423F004033374074B01345E
:10C3000003EBC423EE606B6006B070BD40220020DA
:10C31000B82800200052002035C70100004A002044
:10C320007FB50020FFF73AFF314B03F5006282F33F
:10C33000088883F30A88E0232E4C84F822302023D7
:10C34000E377002323766376A37684F82030626A4D
:10C3500042F4E022626284F82330F3F707F8F3F73F
:10C3600041F94FF0FF33A362E362F3F753FBF3F7B6
:10C37000BBF9214801F0A0FC204B214A93420AD985
:10C3800020492148CC2206F007FECC211D4806F0AA
:10C39000FAFD1C33F2E7FCD30120FFF7FFFE022079
:10C3A0001A4CFFF7FBFE02F07FF8194B00255C6189
:10C3B000184B4FF46062059301231749CDE90353ED
:10C3C0002046164BCDE90155009501F0DFFB0646EE
:10C3D000237C204623F00403237401F0DBFD284670
:10C3E000FFF76AFF314620460C4AF3F7DBF800BF3F
:10C3F000004A002000ED00E0F8230020507D0200FC
:10C40000147E020092D50200C99A0200C8220020C0
:10C41000B8280020C2D5020040530020CDC1010041
:10C4200038B50B4C0B4DAC420FD90B490B482522AC
:10C4300006F0B2FD2521084806F0A5FD2046D4E906
:10C44000011209F088FE1834EDE7F7D3002038BD5B
:10C450009C0600209C060020CAD50200C99A020052
:10C46000F8B504460E4600F11405EFF3118740239A
:10C4700083F31288BFF36F8F284602F0F7FB40B9B1
:10C4800016498422164806F087FD8421134806F0D9
:10C490007AFD284602F00EFC20463146F1F740F9BD
:10C4A00004F10C0001F0CAFF28B139462846BDE866
:10C4B000F84009F067BF284602F0E6FB40B907499B
:10C4C0004FF49972064806F067FD4FF49971DDE765
:10C4D00087F31188BFF36F8FF8BD00BF739B020015
:10C4E000C99A020038B50C4C0C4DAC420ED90C491F
:10C4F0000C48A22206F050FDA221094806F043FD97
:10C50000204609F032FE20B92034EEE7F8D30020AF
:10C5100038BD6FF01500FBE73C0600209C060020AC
:10C52000FBD50200C99A02002DE9F74305460E46E5
:10C5300091461C4600F10807EFF31188402383F36E
:10C540001288BFF36F8F384602F090FB38B92B4941
:10C5500084222B4806F020FD8421284822E038461A
:10C5600002F0A8FB2B69FBB133601C68EB692C61FE
:10C570000133EB6114B96A6993421BD0EB68E41A8A
:10C5800009D4D5E905235A43A24204D9B4FBF3F2F6
:10C5900003FB124474B11B491948F72206F0FCFC56
:10C5A000F721184806F0EFFC59EA04020FD16FF0AA
:10C5B0000B043360384602F067FBC8B90F494FF4EB
:10C5C00099720F4806F0E8FC4FF49971C5E7CDE980
:10C5D00000942A464146384601F046FD044618B903
:10C5E000094B9B685B693360204603B0BDE8F0836C
:10C5F00088F31188BFF36F8FF6E700BF739B0200CB
:10C60000C99A0200FBD50200B82800202DE9F843A2
:10C61000C3680546CB1A0E461ED4D0E90512514315
:10C62000994219D9B3FBF2F102FB1133A3B900F11E
:10C630000808EFF31189402484F31288BFF36F8F49
:10C64000404602F013FB90B936498422364806F082
:10C65000A3FC8421334808E03449334840F21F12D8
:10C6600006F09AFC40F21F11304806F08CFC404660
:10C6700002F020FB2F69002F3AD1EFF3118384F3EE
:10C680001288BFF36F8F83F31188BFF36F8F3BB9AD
:10C690002749BB22244806F07FFCBB212448E4E75D
:10C6A0002C68A54224D01CB3A36833B92049A42226
:10C6B0001D4806F071FCA421F0E7D4E900321360B4
:10C6C0005A60237CC4E9007723F002032374A76037
:10C6D00004F1180002F0E6FB2046C4F880706661A1
:10C6E00001F058FC49464046BDE8F84309F04ABE0F
:10C6F0002B6940463360EB692E61013BEB6102F030
:10C70000C3FA40B907494FF49972074806F044FC50
:10C710004FF499719EE789F31188BFF36F8FBDE8DD
:10C72000F88300BF739B0200C99A0200FBD5020088
:10C730002FD6020008B50C4B9B6893F90E30002BE6
:10C7400009DB4024EFF3118384F31288BFF36F8F6A
:10C7500007F0D6FAF6E7054905481C2206F01CFC4E
:10C760001C21024806F00FFCB828002069D6020000
:10C77000C99A02002DE9F341044617461E46EFF31D
:10C78000058545B14D494E48732206F005FC7321DD
:10C790004A4806F0F8FBEFF31188402383F3128830
:10C7A000BFF36F8F474802F061FA38B946498422D7
:10C7B000434806F0F1FB84214348EAE7414802F090
:10C7C00079FA424BE2689B6892B1A068984222D005
:10C7D00057EA060227D13B4802F056FA90B188F397
:10C7E0001188BFF36F8F6FF00F0002B0BDE8F081CA
:10C7F00093F90E100132C4E902323248216102F08D
:10C8000043FA50B930494FF499722D4806F0C4FBF1
:10C810004FF49971D0E72169ECE788F31188BFF3F1
:10C820006F8F0020E1E793F90E1090F90E309942D6
:10C8300005DA9942A8BF194609F0B9FC0546224617
:10C840004146CDE900761F4801F00EFC0028E8D0F3
:10C85000EFF31186402383F31288BFF36F8F1948DB
:10C8600002F004FA0028A1D0164802F023FAA068CA
:10C87000C0B1236821699C420AD04BB193F90E30B4
:10C880009942A8BF19466FF07F039942B8BF194675
:10C8900009F08DFC30B131460A4809F073FD6FF0A4
:10C8A0000A00A2E7002DF6D1064802F0EDF90028B3
:10C8B000A8D086F31188BFF36F8FF0E799D60200F6
:10C8C000C99A0200D8280020739B0200B8280020D3
:10C8D000F8B50546EFF3058343B14B49EA224B48CF
:10C8E00006F05AFBEA21484806F04DFB8368002B0E
:10C8F00000F08480464A9268934240F08280C36888
:10C9000043B941494FF48172404806F045FB4FF46A
:10C910008171E8E7012B03D0013BC3600020F8BD23
:10C92000EFF31187402484F31288BFF36F8F3948E7
:10C9300002F09CF938B938498422344806F02CFBBF
:10C9400084213548D0E7334802F0B4F92969A86852
:10C9500009F02DFCEFF3118384F31288BFF36F8F7E
:10C9600083F31188BFF36F8F3BB92C49BB22274853
:10C9700006F012FBBB212948B6E72C68AC420FD168
:10C9800000232448C5E9023302F07EF988BB22491E
:10C990004FF499721D4806F0FFFA4FF49971D0E7F1
:10C9A000002CEDD0A36833B91C49A422174806F027
:10C9B000F3FAA421DFE70026D4E9003213605A60BD
:10C9C000237CC4E9006623F002032374A66004F10B
:10C9D000180002F067FAAC6094F90E3020462B6123
:10C9E000C4F8806001F0D6FA39460A4809F0CAFC5A
:10C9F00094E787F31188BFF36F8F8FE76FF015000F
:10CA00008DE74FF0FF308AE799D60200C99A0200FD
:10CA1000B8280020D8280020739B02002FD60200DF
:10CA200008B5836843B90B490B48A42206F0B4FA51
:10CA3000A421084806F0A7FAD0E9003213605A6032
:10CA40000023027CC0E9003322F0020202748360FA
:10CA500008BD00BF2FD60200C99A02002DE9F04799
:10CA600004460D4691469A469DF8206000F108075D
:10CA7000EFF31188402383F31288BFF36F8F38469A
:10CA800002F0F4F838B944498422444806F084FAA4
:10CA90008421414817E0384602F00CF906B1656878
:10CAA000EFF31183402282F31288BFF36F8F83F379
:10CAB0001188BFF36F8F43B939493848BB2206F05C
:10CAC0006BFABB21364806F05EFA234653F80C6F2A
:10CAD0009E4216D0AEB100243046FFF7A1FF06F10A
:10CAE000180002F0DFF93046C6F88040C6F814900E
:10CAF00001F050FA4146384609F044FC2046BDE8B2
:10CB0000F087BAF1000F14D0082002F06DFB002866
:10CB10003AD00122C0F804900260016801F00301DC
:10CB20005DB922680A430260626820606AB9606089
:10CB30000BE04846C9F800A0EFE72A68032A18D896
:10CB40000160616879B9C4E900000024384602F048
:10CB50009BF8E0B910494FF49972104806F01CFA9E
:10CB60004FF4997195E70A6802F0030202430A60E4
:10CB7000DDE722F003020A4302602A6802F00302A2
:10CB800040EA02032B60E0E76FF00B04DEE788F376
:10CB90001188BFF36F8FB1E7739B0200C99A02003F
:10CBA0002FD602002DE9F743054690461F4600F1B7
:10CBB0000806EFF31189402383F31288BFF36F8FC8
:10CBC000304602F053F840B921498422214806F04A
:10CBD000E3F984211E4806F0D6F9304602F06AF8DF
:10CBE0002C68E4B123686A6823F00303944208BF09
:10CBF0006B602B6023689B0704D06568204609F0B2
:10CC000048FC2C46304602F03FF8C0B910494FF4BA
:10CC10009972104806F0C0F94FF49971DAE758EAB2
:10CC20000703EFD049463046CDE9008705F10C02F5
:10CC300001F01AFA38B9084B9B685C6903E089F384
:10CC40001188BFF36F8F204603B0BDE8F08300BFAB
:10CC5000739B0200C99A0200B828002070B50446F0
:10CC600000F10805EFF31186402383F31288BFF328
:10CC70006F8F284601F0FAFF40B91249842212480A
:10CC800006F08AF984210F4806F07DF9284602F063
:10CC900011F824681CB123689B0718BF64682846F4
:10CCA00001F0F2FF40B907494FF49972064806F0C7
:10CCB00073F94FF49971E6E786F31188BFF36F8F2C
:10CCC000204670BD739B0200C99A020008B58368B4
:10CCD00043B90B490B48A42206F05EF9A421084889
:10CCE00006F051F9D0E9003213605A600023027C4B
:10CCF000C0E9003322F002020274836008BD00BF65
:10CD00002FD60200C99A020070B50446EFF31186CF
:10CD1000402585F31288BFF36F8F294801F0A6FFE5
:10CD200038B928498422284806F036F98421254854
:10CD300014E0234801F0BEFFEFF3118385F312885E
:10CD4000BFF36F8F83F31188BFF36F8F43B91F4910
:10CD50001D48BB2206F020F9BB211C4806F013F940
:10CD60002568AC4213D095B12846FFF7AFFF05F117
:10CD7000180002F097F800232846C5F8803001F02B
:10CD800009F93146BDE870400D4809F0FBBAD4E915
:10CD900002329A4218BF01330948A36001F074FFC0
:10CDA00040B908494FF49972074806F0F5F84FF476
:10CDB0009971BCE786F31188BFF36F8F70BD00BF18
:10CDC000DC280020739B0200C99A02002FD60200C3
:10CDD000F7B5044616461D46EFF305835BB152EAEC
:10CDE000050308D026492748882206F0D5F888216F
:10CDF000234806F0C8F8EFF31187402383F3128825
:10CE0000BFF36F8F204801F031FF38B91F498422EA
:10CE10001C4806F0C1F884211C48EAE71A4801F0D2
:10CE200049FFA368ABB1013B1748A36001F02CFF99
:10CE300040B916494FF49972124806F0ADF84FF414
:10CE40009971E9E787F31188BFF36F8F002003B072
:10CE5000F0BD56EA05030BD10B4801F015FF002881
:10CE6000E7D087F31188BFF36F8F6FF00F00EEE705
:10CE700022463946CDE90065034801F0F5F8E6E7BA
:10CE8000CAD60200C99A0200DC280020739B020067
:10CE90002DE9F0410546EFF31188402787F312880A
:10CEA000BFF36F8F2A4801F0E1FE064638B92949E1
:10CEB0008422294806F070F88421264815E0244889
:10CEC00001F0F8FE0023EFF3118287F31288BFF31D
:10CED0006F8F82F31188BFF36F8F42B91F491E48CD
:10CEE000BB2206F059F8BB211C4806F04CF82C6810
:10CEF000A54210D07CB12046FFF7E8FE04F11800EF
:10CF000001F0D0FF6FF00A032046C4F8803001F032
:10CF100041F83346D7E70022AA6063B90C4801F014
:10CF2000B3FE70B90B494FF499720B4806F034F810
:10CF30004FF49971C1E74146BDE8F041044809F05A
:10CF400021BA88F31188BFF36F8FBDE8F08100BF6D
:10CF5000DC280020739B0200C99A02002FD6020031
:10CF600007B5074B4FF40062009306494FF0FF33BB
:10CF7000054800F049FB002003B05DF804FB00BF4A
:10CF8000C093020040610020502300202DE9FF41A2
:10CF90000446734EEFF31187402383F31288BFF3E7
:10CFA0006F8F704801F062FE40B96F4984226F486C
:10CFB00005F0F2FF84216C4805F0E5FF694801F0B7
:10CFC00079FED4F88C50F5B9022104F1A40009F0DF
:10CFD00027F900283BD004F19C05002201212846B6
:10CFE00001F0CEFC0028F8D100234FF0FF3202936D
:10CFF0004FF0FF333946CDE900235A4804F194023B
:10D0000001F00AFDC6E7D4F890202B68954208BFCE
:10D01000C4F89030C4F88C30D4F8A430514843F0B0
:10D020000203C4F8A430EB68D5F8048023F00403AD
:10D0300043F00103EB6001F027FED0B94A494FF4F9
:10D0400099724A4805F0A8FF4FF49971B3E7D4F8F4
:10D05000A430DD06C8D5C4F8A400424801F014FE8F
:10D060000028EBD087F31188BFF36F8F04B0BDE8C1
:10D07000F08187F31188BFF36F8FB8F1000F09D1EA
:10D080003B493A4840F2F32205F086FF40F2F32193
:10D09000374891E72846C047EFF31187402383F3D1
:10D0A0001288BFF36F8F2F4801F0E0FD00283FF496
:10D0B0007CAF2C4801F0FEFDEB68D90623F001029D
:10D0C00036D4EA60EB689A0716D5306823F002037D
:10D0D000EB6088B10022036870B141688D4235D1A0
:10D0E00003686ABB72683360904200D173600023AA
:10D0F00040F8083BFFF708FED4F8A43023F0020301
:10D10000C4F8A430DB0529D4D4F88C50003D18BFF6
:10D110000125144801F0B8FD00288FD087F311884D
:10D12000BFF36F8F002D3FF435AF01F0C5F931E744
:10D1300023F01103EB6005F11000FFF7E5FDC1E7F7
:10D1400013607368984208BF7260D0E702461BB153
:10D15000196818460B46BFE71946FAE70025D8E7D5
:10D16000E0280020E8280020739B0200C99A0200F2
:10D1700002D7020070B5C3680546C3F340069B079B
:10D180000C460DD50122002104F1080009F03CF8FD
:10D1900000232360054B65605A681AB9C3E900444F
:10D1A000304670BD14605C60FAE700BFE0280020E4
:10D1B000F8B5C36804469A070E46C3F340054ED43B
:10D1C0005F074ED40B680BB983680B60E368D80720
:10D1D00035D5A36853B92449244840F2571205F0C5
:10D1E000DBFE40F25711204805F0CDFE02253360EA
:10D1F000376867B31E4B9A68D7F888309A4220D1B7
:10D2000009F073F880F00100C0B2D7F8A430D90754
:10D21000C3F380021ED502B308B300232360D7F8FE
:10D22000903083B9C7E92344384609F014F8E3681D
:10D2300043F00403E3603368A3602846F8BD01258A
:10D24000D6E70020E1E71C60C7F89040ECE76FF0FC
:10D25000150506E06FF0120503E01B07DDD56FF042
:10D260000F0500233360E8E702D70200C99A0200E5
:10D27000B828002073B50446EFF31185402383F3EB
:10D280001288BFF36F8F1D4801F0F0FC40B91C49B4
:10D2900084221C4805F080FE8421194805F073FEA5
:10D2A000164801F007FD00230193D4E90423B3F1EC
:10D2B000004F08BF012A0CD0104801F0E5FCB8B9B6
:10D2C0000F494FF499720F4805F066FE4FF49971BB
:10D2D000E3E70321201FA4F1100608F0A1FF0028B6
:10D2E000EAD0A369304601A90193FFF761FFE3E7A4
:10D2F00085F31188BFF36F8F02B070BDE82800205E
:10D30000739B0200C99A020038B50D46044640B925
:10D310000B499C220B4805F03FFE9C21084805F074
:10D3200032FE31B906499D22064805F035FE9D21A1
:10D33000F4E7102200210AF00EFC656038BD00BF42
:10D3400002D70200C99A0200F8B5C368064603F086
:10D350000503002B0C4614BF0127002728D0856841
:10D3600055B91C491C4840F2C11205F015FE40F2A7
:10D37000C111184805F007FE0122002104F1100038
:10D3800008F042FF20461549FFF7BEFFE36843F06F
:10D390001003E360F3685B0712D5336823606BB951
:10D3A000D5F8903033B9C5E92344284608F053FF37
:10D3B0003846F8BD1C60C5F89040F6E73460F4E7E5
:10D3C000D5F88C302360D5F89030C5F88C40002B10
:10D3D000EBD1F0E702D70200C99A020037620200DF
:10D3E00038B50446EFF31185402383F31288BFF369
:10D3F0006F8F134801F03AFC40B912498422124859
:10D4000005F0CAFD84210F4805F0BDFD0C4801F070
:10D4100051FCE4680A4804F01F0401F035FC40B9EF
:10D4200008494FF49972084805F0B6FD4FF4997118
:10D43000E9E785F31188BFF36F8F204638BD00BF41
:10D44000E8280020739B0200C99A020037B50C46F9
:10D45000019051B9224940F27D12224805F09CFD0D
:10D4600040F27D111E4805F08EFD4B6843B91C4902
:10D470004FF4BF721B4805F08FFD4FF4BF71F1E709
:10D48000EFF31185402383F31288BFF36F8F1648A3
:10D4900001F0ECFB38B915498422124805F07CFDF7
:10D4A00084211248DFE7104801F004FC204601A95E
:10D4B000FFF77EFE04460C4801F0E6FB40B90B493D
:10D4C0004FF49972074805F067FD4FF49971E8E74A
:10D4D00085F31188BFF36F8F204603B030BD00BFC6
:10D4E00002D70200C99A0200E8280020739B0200BC
:10D4F0000146014808F0E9BE5023002070B50C46F3
:10D50000054650B9314940F2CD12314805F044FD8D
:10D5100040F2CD112D4805F036FDC368DB0508D576
:10D520002A494FF4E7722A4805F036FD4FF4E771B7
:10D53000F0E708F0DAFE40B1244940F2CF12244867
:10D5400005F02AFD40F2CF11E4E744B91F494FF43A
:10D55000E8721F4805F020FD4FF4E871DAE7EFF3B9
:10D560001186402383F31288BFF36F8F194801F0AF
:10D570007DFB38B918498422154805F00DFD84213A
:10D580001548C8E7134801F095FB28462146FFF7E8
:10D59000DBFE05460F4801F077FB40B90E494FF41A
:10D5A00099720B4805F0F8FC4FF49971E8E786F39F
:10D5B0001188BFF36F8F3DB14FF0FF324FF0FF3353
:10D5C00004F11000FFF704FC284670BD02D70200EA
:10D5D000C99A0200E8280020739B020008B550B9E0
:10D5E0000749084840F2263205F0D6FC40F22631C1
:10D5F000034805F0C8FCA82200210AF0ACFA08BDD7
:10D6000002D70200C99A0200F0B589B004460E9D07
:10D6100050B92D4940F253322C4805F0BDFC40F280
:10D620005331294805F0AFFC41B927494FF45572F1
:10D63000264805F0B1FC4FF45571F2E7D0F8A4008C
:10D6400010F0010008D0204940F255321F4805F083
:10D65000A3FC40F25531E4E7C4E9230004F194004F
:10D66000C4E9250004F19C00C4E9270055B32879DA
:10D67000002840F2011008BF0120C4F8A4000020D7
:10D680004FF0FF364FF0FF37CDE90330CDE9010011
:10D69000CDE9066720460E4B009400F0CFFA55B155
:10D6A000296811B1204608F026FE6B791BB1A389C9
:10D6B00043F00103A381204601F010F8C4F888402C
:10D6C00009B0F0BD0120D8E702D70200C99A0200D4
:10D6D0008DCF010038B50D46044650B90E4940F2D1
:10D6E0000F420E4805F058FC40F20F410A4805F081
:10D6F0004AFC41B908494FF48262084805F04CFCE5
:10D700004FF48261F2E7302200210AF024FA4FF44C
:10D7100080736560E36038BD02D70200C99A0200D9
:10D72000F7B50C4616461D46019050B92D4940F2FA
:10D7300086422D4805F030FC40F28641294805F02C
:10D7400022FC41B9274940F28742274805F024FCD2
:10D7500040F28741F2E7EFF31187402383F3128809
:10D76000BFF36F8F214801F081FA38B92049842234
:10D770001D4805F011FC84211D48E0E71B4801F01D
:10D7800099FAE36813F01E0F22D155EA060211D16F
:10D79000204601A9FFF70CFD0446144801F074FA75
:10D7A000C0B913494FF499720F4805F0F5FB4FF4D7
:10D7B0009971E1E743F00803E360019B04F1100075
:10D7C000A36232462B460B4901F0AAFA0124E4E792
:10D7D0000024E2E787F31188BFF36F8F204603B080
:10D7E000F0BD00BF02D70200C99A0200E82800205D
:10D7F000739B020075D2010001460148FFF790BFFC
:10D8000050230020F7B50C4616461D46019050B92E
:10D810002C4940F2A9422C4805F0BEFB40F2A94138
:10D82000284805F0B0FB41B9264940F2AA422648F3
:10D8300005F0B2FB40F2AA41F2E7EFF31187402373
:10D8400083F31288BFF36F8F204801F00FFA38B9C5
:10D850001F4984221C4805F09FFB84211C48E0E7F7
:10D860001A4801F027FA204608F0E6FC55EA0603BC
:10D8700011D1204601A9FFF79BFC0446134801F093
:10D8800003FAB8B912494FF499720F4805F084FBB6
:10D890004FF49971E2E7E36804F1100043F00803E4
:10D8A000E360019B3246A3620A492B4601F038FA35
:10D8B0000124E3E787F31188BFF36F8F204603B09D
:10D8C000F0BD00BF02D70200C99A0200E82800207C
:10D8D000739B020075D2010001460148FFF792BF19
:10D8E0005023002038B5044650B91D491D4840F268
:10D8F000CB4205F051FB40F2CB41194805F043FB08
:10D90000EFF31185402383F31288BFF36F8F16481E
:10D9100001F0ACF938B915498422124805F03CFBF6
:10D9200084211248EAE7104801F0C4F9204608F0C3
:10D9300083FC204608F096FC04460B4801F0A4F94D
:10D9400040B90A494FF49972064805F025FB4FF497
:10D950009971E6E785F31188BFF36F8F204638BDD4
:10D9600002D70200C99A0200E8280020739B020037
:10D970002DE9F0410E46054650B9344940F2DC42EB
:10D98000334805F009FB40F2DC41304805F0FBFA72
:10D9900041B92E4940F2DD422D4805F0FDFA40F232
:10D9A000DD41F2E708F0A1FC044640B1274940F20E
:10D9B000DE42274805F0F0FA40F2DE41E5E7EFF3FA
:10D9C0001188402383F31288BFF36F8F214801F041
:10D9D0004DF938B9204984221D4805F0DDFA84212B
:10D9E0001D48D3E71B4801F065F9EB6803F01F03FE
:10D9F000002B14BF012700270AD0284608F01CFC82
:10DA0000284608F02FFC31462846FFF7B3FB0446B2
:10DA1000104801F039F940B90F494FF499720C4898
:10DA200005F0BAFA4FF49971DAE788F31188BFF379
:10DA30006F8F3CB14FF0FF324FF0FF3306F108001B
:10DA4000FFF7C6F93846BDE8F08100BF02D70200F3
:10DA5000C99A0200E8280020739B020008B5836879
:10DA600043B90B490B48A42205F096FAA4210848B3
:10DA700005F089FAD0E9003213605A600023027C75
:10DA8000C0E9003322F002020274836008BD00BFC7
:10DA90002FD60200C99A02002DE9F8430546EFF39C
:10DAA0001188402787F31288BFF36F8F334801F046
:10DAB000DDF838B932498422324805F06DFA842104
:10DAC0002F4814E02D4801F0F5F8EFF3118387F3A8
:10DAD0001288BFF36F8F83F31188BFF36F8F43B941
:10DAE00029492848BB2205F057FABB21264805F0F2
:10DAF0004AFA2C68A54227D034B300262046FFF707
:10DB0000ADFF04F1180001F0CDF9B1462046C4F88C
:10DB1000809000F03FFA0136EFF3118387F312880B
:10DB2000BFF36F8F83F31188BFF36F8F002BD7D0B4
:10DB30002C68A5421DD0E4B12046FFF78FFF04F109
:10DB4000180001F0AFF9E1E70C4801F09DF840B989
:10DB50000B494FF499720B4805F01EFA4FF4997176
:10DB6000AEE788F31188BFF36F8F00263046BDE81B
:10DB7000F8834146014808F005FCF7E7EC2800204F
:10DB8000739B0200C99A02002FD602002DE9F043D0
:10DB900085B098460F9B04460F2B0E4637D123497C
:10DBA000884538D104F15801C4E9161110990027AD
:10DBB000A1810421073222F0070506EB0509217433
:10DBC000A37349462046C4E90677A760E773F1F7D7
:10DBD0007BF90E9B073020F007002067C4E91A6527
:10DBE00002930D9BA9EB000901930C9B4A460093FD
:10DBF000314643462046F1F7B9FC0D4B67659B68FB
:10DC000003B15B6F4846636705B0BDE8F08303F17D
:10DC100010011E29C6D90749074840F24B2205F0DA
:10DC2000BBF940F24B21034805F0ADF935C70100BF
:10DC3000B828002032D70200C99A0200F0B587B098
:10DC40000446DDE91276EFF3058555B1174918480A
:10DC500040F2173205F0A0F940F21731134805F0F1
:10DC600092F90595109D04950F9D03950E9D0295C3
:10DC70000D9D01950C9D0095FFF788FFB6F1FF3FC4
:10DC800008BFB7F1FF3F05D056EA070305D120468C
:10DC900000F024FD204607B0F0BD3A46334604F1BB
:10DCA0001800044901F03CF8F4E700BF32D7020045
:10DCB000C99A0200FDDF0100012303748381002360
:10DCC000C0E91A334367014B98607047B8280020B9
:10DCD00070B590F91020037C002A44DBD90642D1AC
:10DCE00063F07F030374244B984208D123492448EE
:10DCF000522205F051F95221204805F044F9214CF7
:10DD0000224652F8183FE169934207D1C0E9002149
:10DD10000860E0610FE08B42F8D01B68002BF5D063
:10DD200093F90E6090F90E50AE42F4DD5968C0E9E7
:10DD3000003108605860A569954200D005B9E568D2
:10DD4000A3683BB910490E48EA2205F025F9EA21FB
:10DD50000D48D2E71A7CD20606D1DA897F2A03D988
:10DD6000AA690AB9636170BDAB4202D0284600F0CF
:10DD700009FF6561F7E700BF4022002064D7020079
:10DD8000C99A0200B828002095D7020038B590F94A
:10DD900010200146002A037C19DA1F4A03F07F0392
:10DDA0009042037408D11D495A221D4805F0F4F829
:10DDB0005A211A4805F0E7F8DC0706D517495B2217
:10DDC000174805F0E9F85B21F3E708F099FA154DDB
:10DDD0002A4652F8184FAB68944200D004B9EC6858
:10DDE0008B4210D03BB910490D48EA2205F0D4F817
:10DDF000EA210D48DEE71A7CD20604D1DA897F2AAF
:10DE000001D9A2692AB1A34202D0204600F0BAFE8D
:10DE100023466B6138BD00BF4022002064D702005A
:10DE2000C99A0200B828002095D7020008B5114A07
:10DE3000936860B1197C11F0090F08D10E490F48A1
:10DE4000D92205F0A9F8D9210B4805F09CF86FF00C
:10DE50000A01C3F880100A49D8674B6843F0805321
:10DE60004B60002383F31188BFF36F8F9368D3F85F
:10DE7000800008BDB8280020D0D70200C99A02004F
:10DE800000ED00E038B503460C46D1B9EFF3058547
:10DE9000BDB9154A51699268914212D000F0F4FE62
:10DEA00050B9124940F26D12114805F075F840F270
:10DEB0006D110E4805F067F82846BDE83840FFF7B9
:10DEC000B5BF184600F0E0FE40B908494FF499721A
:10DED000074805F061F84FF49971EAE784F3118877
:10DEE000BFF36F8F38BD00BFB8280020739B0200BE
:10DEF000C99A020008B5836843B909490948A422B0
:10DF000005F04AF8A421064805F03DF808F0F8F9B4
:10DF1000037C23F0020303740023836008BD00BF69
:10DF20002FD60200C99A020038B5184CA168E069E2
:10DF30000B68814214BF1A46002249680B60596081
:10DF4000A368E1692AB9124AC3E900210B60E361C1
:10DF50000AE092F90E5093F90E00854212DD5168E5
:10DF6000C3E900210B605360A569094B9D4200D0B5
:10DF700005B9E568A3689D4202D0284600F002FE7C
:10DF8000656138BD8A42DED01268DBE7B828002020
:10DF9000D028002038B50446EFF31185402383F3E1
:10DFA0001288BFF36F8F124800F060FE40B911492C
:10DFB0008422114804F0F0FF84210E4804F0E3FFAE
:10DFC0000B4800F077FE2046FFF782FE084800F07D
:10DFD0005BFE40B907494FF49972074804F0DCFF33
:10DFE0004FF49971E9E785F31188BFF36F8F38BD5E
:10DFF000F0280020739B0200C99A020038B5A0F1F6
:10E000001804EFF31185402383F31288BFF36F8F59
:10E01000124800F02BFE40B911498422114804F047
:10E02000BBFF84210E4804F0AEFF0C4800F042FE16
:10E03000204608F093F9094800F026FE40B9084947
:10E040004FF49972074804F0A7FF4FF49971E9E77C
:10E0500085F31188BFF36F8F38BD00BFF028002013
:10E06000739B0200C99A02002DE9F047DFF8B0A0C7
:10E070002C4F1646DDE90898DAF808202A4BB842FA
:10E0800004460D461A600AD12849294840F2B922AF
:10E0900004F082FF40F2B921244804F074FFEFF34A
:10E0A0001183402383F31288BFF36F8F384600F04B
:10E0B000DDFD38B91F4984221D4804F06DFF84211D
:10E0C0001C48EAE7384600F0F5FDDAF808703146FA
:10E0D000384608F01DF9B8F1FF3F08BFB9F1FF3F1E
:10E0E00006D04A464346144907F1180000F018FECE
:10E0F000204600F0C9FD40B90E4940F26D120C48AF
:10E1000004F04AFF40F26D11DAE7064800F0BCFD6A
:10E110000028F1D02846BDE8F047FFF787BE00BFD2
:10E12000B8280020F0280020F428002064D702003E
:10E13000C99A0200739B0200FDDF01002DE9F04146
:10E1400004460D46EFF31187402383F31288BFF393
:10E150006F8F534800F08AFD38B9524984225248E3
:10E1600004F01AFF84214F4817E04D4800F0A2FD4B
:10E17000237C03F01F02002A0CBF012600265BD17E
:10E1800003F07F032374494B9C4208D148495A222B
:10E19000454804F001FF5A21454804F0F4FE2046AA
:10E1A00008F0AEF8237C6DB243F08003DA07A57364
:10E1B000237406D53E4953223B4804F0EDFE53211B
:10E1C000EAE7DFF8F080424652F8183FD8F81C1012
:10E1D000934208D1C4E900210C60C8F81C400DE04E
:10E1E0008B42F7D01B68002BF4D093F90E00A842A5
:10E1F000F6DD5968C4E900310C605C60D8F818405D
:10E20000944200D00CB9D8F80C40D8F808309C42A1
:10E2100002D0204600F0B6FCC8F81440204800F0B8
:10E2200033FD002834D11F494FF499721E4804F081
:10E23000B3FE4FF4997196E79B0727D5A16839B9CA
:10E240001D491948A42204F0A7FEA4211A48A4E7F6
:10E2500020466DB208F054F8A5730B68994209D1B5
:10E260004B68C4E900131C604C60D7E74A689342CE
:10E27000F6D01B68002BF3D093F90E20AA42F5DDEF
:10E280005A68C4E9003214605C60C7E7A573C5E74B
:10E2900087F31188BFF36F8F3046BDE8F08100BF70
:10E2A000F0280020739B0200C99A0200402200203F
:10E2B00064D70200B82800202FD60200034648B9D0
:10E2C000EFF3058232B9064A51699268914201D052
:10E2D000FFF7ACBD83F31188BFF36F8F704700BFAA
:10E2E000B828002010B5EFF31184402383F312887F
:10E2F000BFF36F8F1F4800F0B9FC38B91E49842264
:10E300001E4804F049FE84211B480EE0194800F025
:10E31000D1FCEFF3058353B1194940F23B32174862
:10E3200004F03AFE40F23B31154804F02CFE154B48
:10E330009A68D37B012B08D111494FF44F720F48D3
:10E3400004F02AFE4FF44F71EEE7013BD373094806
:10E3500000F09AFC40B908494FF49972074804F05C
:10E360001BFE4FF49971CFE784F31188BFF36F8FD1
:10E3700010BD00BFF0280020739B0200C99A020064
:10E3800064D70200B828002070B5EFF3118640234F
:10E3900083F31288BFF36F8F234800F067FC40B906
:10E3A00022492348842204F0F7FD84211F4804F009
:10E3B000EAFD204D1C4800F07DFCAB68DA7B4AB9D1
:10E3C0001D4940F24D321A4804F0E6FD40F24D314D
:10E3D0001948ECE7EFF3058141B1174940F24E329D
:10E3E000134804F0D9FD40F24E31F1E70132DA73FF
:10E3F0002A4652F8184F944200D004B9EC681A7CAF
:10E40000D20604D1DA897F2A01D9A2692AB19C42B5
:10E4100002D0204600F0B6FB23466B613146BDE8D2
:10E4200070400148FFF72EBDF0280020739B0200CA
:10E43000C99A0200B828002064D7020038B5044603
:10E44000EFF31185402383F31288BFF36F8F1348D6
:10E4500000F00CFC40B912498422124804F09CFDE3
:10E4600084210F4804F08FFD0C4800F023FC204667
:10E4700007F08AFF0446094800F006FC40B9084945
:10E480004FF49972074804F087FD4FF49971E8E75B
:10E4900085F31188BFF36F8F204638BDF028002028
:10E4A000739B0200C99A0200024B03F11802C3E9F0
:10E4B00006227047B828002070B5EFF3058353B1EA
:10E4C000314932484FF4906204F066FD4FF4906198
:10E4D0002D4804F058FDEFF31186402383F3128892
:10E4E000BFF36F8F2A4800F0C1FB38B92949842255
:10E4F000264804F051FD84212648EAE7264C2448AA
:10E5000000F0D8FBA168E0690B68814214BF1A468D
:10E51000002249680B605960A368E1692AB91F4A63
:10E52000C3E900210B60E3610AE092F90E5093F910
:10E530000E0085421EDD5168C3E900210B60536067
:10E54000A569164B9D4200D005B9E568A3689D42B8
:10E5500002D0284600F016FB0D48656100F094FBE0
:10E5600060B90C4940F26D12084804F015FD40F204
:10E570006D11C1E78A42D2D01268CFE73046BDE8BC
:10E580007040FFF753BC00BF64D70200C99A020075
:10E59000F0280020739B0200B8280020D02800201B
:10E5A0002DE9F04106460C46EFF3058757B12D499A
:10E5B0002D484FF4936204F0EFFC4FF49361294827
:10E5C00004F0E1FC50EA010304D1FFF775FF0020DD
:10E5D000BDE8F081EFF31188402383F31288BFF385
:10E5E0006F8F224800F042FB38B9214984221E482F
:10E5F00004F0D2FC84211E48E2E71E4D1B4800F0C7
:10E6000059FBA8681C4B1860FFF7C0FBA86823469D
:10E6100032461A49183000F083FBAA680446137C7E
:10E62000124843F00403137400F02EFB40B9104964
:10E6300040F26D120C4804F0AFFC40F26D11DAE7C5
:10E640004046FFF7F3FBAB68D3E90A23B3F1004F71
:10E6500008BFBA42BBD107F0D2FE201A20EAE07010
:10E66000B6E700BF64D70200C99A0200F028002074
:10E67000739B0200B8280020F4280020FDDF010071
:10E68000F8B507460E46EFF3058454B11149124818
:10E6900040F2C64204F080FC40F2C6410D4804F04E
:10E6A00072FCFFF77DFFB6F1FF3F08BFB7F1FF3FF8
:10E6B00005460CD0214647F611204FF47A7447F6F0
:10E6C00012220023E5FB0401EAF7D4FCF8BD4FF069
:10E6D000FF30FBE764D70200C99A020038B5044650
:10E6E000EFF31185402383F31288BFF36F8F1B482C
:10E6F00000F0BCFA40B91A4984221A4804F04CFCD4
:10E700008421174804F03FFC144800F0D3FA237C1E
:10E710005B0710D504F1180000F0C4FB237C2046F1
:10E7200023F004032374FFF7D3FA2946BDE83840E9
:10E730000A48FFF7A7BB094800F0A6FA40B9084904
:10E740004FF49972074804F027FC4FF49971D8E709
:10E7500085F31188BFF36F8F38BD00BFF02800200C
:10E76000739B0200C99A0200014B9868704700BF72
:10E77000B82800202DE9F84304468789EFF3118576
:10E78000402383F31288BFF36F8F754800F06EFA51
:10E7900040B974498422744804F0FEFB8421714816
:10E7A00004F0F1FB6E4800F085FA237C180712D5BF
:10E7B0006B4800F069FA40B96A494FF499726A48A7
:10E7C00004F0EAFB4FF49971E9E785F31188BFF390
:10E7D0006F8FBDE8F883D90943F008027DD1227418
:10E7E000A36813B12046FFF785FB04F1180000F081
:10E7F00059FBA66D04F15808B04511D04FF000093F
:10E8000076B13046FFF776FB06F1180000F04AFBC0
:10E810003046C6F88090FFF75BFAA66DB045EFD1A1
:10E82000DFF84881D8F808309C4273D1EFF30589AE
:10E83000B9F1000918BF4FF00109D8F818604C4A27
:10E84000964200D00EB9D8F80C60B34202D03046E0
:10E8500000F098F92046C8F8146005F047FAB9F1BD
:10E86000000F02D04348FFF727FAD8F808309C423F
:10E870005FD1EFF30586002E5BD1A389DA071FD5A0
:10E88000374800F001FA002896D085F31188BFF3CD
:10E890006F8F86F31188BFF36F8F0423184602DF52
:10E8A000EFF31185402383F31288BFF36F8F2C4859
:10E8B00000F0DCF900283FF46CAF294800F0FAF9C9
:10E8C000274800F0E1F940BB264940F26D12264886
:10E8D00004F062FB40F26D1161E7274A03F07F0309
:10E8E00043F008039442237407D124495A221E4856
:10E8F00004F052FB5A21214852E7D90706D51F4997
:10E900005B22194804F048FB5B21F4E7204607F03E
:10E91000F7FC65E74FF000098FE72846FFF786FA16
:10E9200016494FF4EE72104804F036FB4FF4EE71C6
:10E93000E1E70B4800F0A8F900283FF43DAF85F36C
:10E940001188BFF36F8FFB077FF543AF0B4940F290
:10E95000A252054804F020FB40F2A251CBE700BFD1
:10E96000F0280020739B0200C99A0200B8280020FA
:10E97000D0280020F82300204022002064D7020085
:10E980002DE9F843064688461746EFF311894023E0
:10E9900083F31288BFF36F8F1C4800F067F90546B8
:10E9A00040B91B4984221B4804F0F6FA8421184818
:10E9B00004F0E9FA154800F07DF93468A6421AD04F
:10E9C000DCB12046C4F880806761FFF793FA04F158
:10E9D000180000F067FA2046FFF77AF90B4800F0BC
:10E9E00053F960B90A494FF499720A4804F0D4FA0D
:10E9F0004FF49971DBE70025F0E72546EEE789F350
:10EA00001188BFF36F8F2846BDE8F883F0280020F7
:10EA1000739B0200C99A0200D3B5DDE90667089C22
:10EA2000CDE90067FFF720FB1CB1034B9B685B69D6
:10EA3000236002B0D0BD00BFB82800202DE9F04708
:10EA40000546884616461F46EFF31189402383F397
:10EA50001288BFF36F8F234800F008F940B92249AC
:10EA60008422224804F098FA84211F4804F08BFA8B
:10EA70001C4800F01FF92868854208D038B16B683F
:10EA800098420CBF4FF0000AD0F800A088B90024CB
:10EA900016B139462046B047124800F0F5F8D0B913
:10EAA00011494FF49972114804F076FA4FF49971B4
:10EAB000DBE73946C04704460028E9D1BAF1000F28
:10EAC00007D06B68534501D0DAF800405046A246A3
:10EAD000DCE75446FAE789F31188BFF36F8F2046CD
:10EAE000BDE8F087F0280020739B0200C99A02005D
:10EAF000027C034612F01F0210D10A4988420DD051
:10EB00000949086868B1D9897F2909D893F90E2085
:10EB1000064B1B689A42B8BF002070470020704720
:10EB2000104670474022002084050020F82800206D
:10EB300008B568B10E4B98420AD303F1180290420F
:10EB400006D21822C01AB0FBF2F302FB130343B142
:10EB5000084909483F2204F01FFA3F21054804F004
:10EB600012FA0122054BC0105843054B1A5408BD38
:10EB70008024002009D80200C99A0200ABAAAAAAE0
:10EB8000FF30002070B50C4B0C4D1E7CFFF7B0FF22
:10EB9000182303FB06550446284600F083F900229B
:10EBA000074B9A553CB1621E2846BDE870400549A6
:10EBB000D31700F0B5B870BDB8280020802400201D
:10EBC000FF30002031EB010038B5EFF31185402311
:10EBD00083F31288BFF36F8F1E4800F047F840B9E7
:10EBE0001D4984221D4804F0D7F984211A4804F0F5
:10EBF000CAF9184800F05EF8194B1A4A9C68106868
:10EC0000A0420ED1FFF7BEFF124800F03DF8D8B980
:10EC100011494FF49972114804F0BEF94FF49971FB
:10EC2000E4E700211B7C11600F4AD35C002BEBD082
:10EC30002046FFF75DFF0028E6D0237CDB0601D1EC
:10EC4000FFF772F92046DDE785F31188BFF36F8F78
:10EC500038BD00BFF0280020739B0200C99A020053
:10EC6000B8280020F4280020FF300020006838B1C8
:10EC7000044B00F003001B7CC01A18BF0120704732
:10EC800001207047B8280020002302680360EFF3DA
:10EC90000581074B986811B1017CC90705D41B7C1D
:10ECA0001843831A5842584170470120704700BFEB
:10ECB000B8280020024B1A7C9B68134303607047FE
:10ECC000B8280020024B1868984208BF00207047FF
:10ECD00088050020034B1B680BB9FAF7B9BE00206A
:10ECE000704700BFFC28002030B570B10B4B5B684B
:10ECF00098420AD0036843B1D3E90421D0E904451E
:10ED0000121941EB0501C3E90421D0E90032136077
:10ED10005A600023C0E9003330BD00BF88050020E1
:10ED2000B3F1FF3F08BFB2F1FF3F2DE9F84F0446B2
:10ED30009B4615461F4600F0A480D0F80090B9F11C
:10ED4000000F08D050495148642204F025F964218D
:10ED50004D4804F018F98160EFF31188402383F3E4
:10ED60001288BFF36F8F4A48FFF780FF824638B999
:10ED700048498422454804F00FF984214548E8E7D2
:10ED80004348FFF797FFBBF1000F434A1FDBFFF734
:10ED9000A1FF064601354BF1000B3F4A2D184BEB06
:10EDA000E073D2E90017C4E904536D1843EB070779
:10EDB000FFF788FF0346DFF8E4E0DEF80490EBB9E4
:10EDC000C4E900E9C9F80040CEF8044028E06FF03B
:10EDD0000103D2E900125B1A4FF0FF3161EB02022E
:10EDE0005B1B62EB0B02012B72F10001BCBF012324
:10EDF0004A464FF0000AC4E90432D9E7D3E9041CBB
:10EE0000D4E904208A4270EB0C0B29DA891A5A687B
:10EE10006CEB0000C3E90410C4E9003214605C60CC
:10EE2000FFF750FF84420ED11D4B1B685BB9BAF14E
:10EE3000000F02D1FFF74EFF0646304607F0C8FA32
:10EE40000021FAF719FE1248FFF71EFF88B9114991
:10EE50004FF499720D4804F09FF84FF499718DE7C3
:10EE6000521A60EB0C004B45C4E90420A8D01B6883
:10EE7000A5E788F31188BFF36F8F28463946BDE8B0
:10EE8000F88F00252F46F8E740D80200C99A020003
:10EE900000290020739B0200982400208805002090
:10EEA000FC28002070B50446EFF31186402383F35D
:10EEB0001288BFF36F8F2548FFF7D8FE40B9244969
:10EEC0008422244804F068F88421214804F05BF887
:10EED0001E48FFF7EFFE236813B3FFF7F3FE054666
:10EEE0002046FFF701FF00224FF00043A542C4E98E
:10EEF00004230DD000241548FFF7C6FEF8B91449C5
:10EF00004FF49972134804F047F84FF49971DCE715
:10EF1000FFF7E0FE07F05CFA0021FAF7ADFDE9E744
:10EF2000D4E90423B3F1004F08BF012A04D1002221
:10EF30004FF00043C4E904236FF01504DBE786F3C8
:10EF40001188BFF36F8F204670BD00BF00290020DD
:10EF5000739B0200C99A02002DE9F047DFF8F09098
:10EF60000246C9F80000FFF7ADFE884604460026B9
:10EF70000027DFF8E0A04FEAE27CDAE9001354B1A1
:10EF8000D4E90450AA427CEB000E1EDAAD1A60EB05
:10EF90000C00C4E904500024521843EB0C03204633
:10EFA000CAE90023C9F8004007F012FA2146FAF72F
:10EFB00063FD2948FFF768FED0B188F31188BFF3DD
:10EFC0006F8FBDE8F047FFF7FFBD691843EBE573AE
:10EFD0002046C4E90467CAE90013FFF785FE012251
:10EFE0004FF000431C48C4E90423FFF74DFE50B91D
:10EFF0001A494FF499721A4803F0CEFF4FF49971F1
:10F00000164803F0C0FF88F31188BFF36F8F2046C6
:10F01000A3689847EFF31188402383F31288BFF366
:10F020006F8F0D48FFF722FE30B90C4984220C483F
:10F0300003F0B2FF8421E3E70748FFF73BFED9F86E
:10F040000020521BC9F80020FFF73CFE044692E75F
:10F05000FC2800209824002000290020739B020037
:10F06000C99A020010B5EFF31184402383F312888C
:10F07000BFF36F8F0848FFF7F9FD40B9074908480B
:10F08000842203F089FF8421044803F07CFF0248B6
:10F09000FFF710FE204610BD00290020739B0200E0
:10F0A000C99A020070B5EFF31186402383F31288EA
:10F0B000BFF36F8F1548FFF7D9FD40B9144984227B
:10F0C000144803F069FF8421114803F05CFF0F48E6
:10F0D000FFF7F0FDFFF7FEFD0F4AD2E900450419E6
:10F0E00045EBE0750948FFF7CFFD40B908494FF4FB
:10F0F0009972084803F050FF4FF49971E4E786F3E2
:10F100001188BFF36F8F2046294670BD002900206B
:10F11000739B0200C99A0200982400202DE9F84F41
:10F1200005460C46924607F0E0F8002850D12A4BDD
:10F130009B685E6F002E4BD06F1E3D4207D0274963
:10F140001822274803F028FF1821244817E0043428
:10F150003ED245F0040B06F11408EFF31189402369
:10F1600083F31288BFF36F8F4046FFF77FFD40B9EE
:10F170001C4984221A4803F00FFF8421194803F028
:10F1800002FF4046FFF796FD224659463046D047DB
:10F1900004464046FFF778FD40B912494FF4997292
:10F1A0000F4803F0F9FE4FF49971E7E789F31188EE
:10F1B000BFF36F8F64B1204640F8046B4DB1384205
:10F1C00007D006493522064803F0E6FE3521BCE7A4
:10F1D0000020BDE8F88F00BFB828002073D80200D7
:10F1E000C99A0200739B02000146024A0020FFF701
:10F1F00095BF00BF632F020001680E4A034691428B
:10F2000015D1C169A2F11022A2F1EF1291420ED1E3
:10F210008268012A0BD8C26812B101698A4206D0FD
:10F22000586928B19B691B1A584258417047012000
:10F23000704700BF55AA00FF70B50E4B9E68B6B16F
:10F240003046FFF7D9FF044618B9F3687BB9356932
:10F250000DB9204670BD2846FFF7CEFF28B9EB68F0
:10F26000B34204D12E462D69F2E70446F1E70124AA
:10F27000EFE700BF042900202DE9F041404D06468C
:10F280006869884607F00FF918B100242046BDE8E8
:10F29000F0812C68DCB1AC68CCB1002E6AD0B8F13A
:10F2A000000F69D008FB06F7B7FBF6F6B04565D14D
:10F2B000391D63D8BA0710D027F003020432EC6876
:10F2C00003E0616891420AD2A469002CF9D168690F
:10F2D00007F0EFF80028D9D0D7E73A46EFE7D4F89F
:10F2E00008C0BCF1000F02D0012008F03CFC891AD4
:10F2F000232904F120061CD80123A360D4E90523A7
:10F30000AAB19361A3690BB162695A610023C4E990
:10F3100005332B69DB0703D5FFF78EFF0028E3D108
:10F320003A4600213046344608F015FCCFE7EB6042
:10F33000E8E702F1200023182039C3E9011CDC6052
:10F340002169DFF840C0196144F800C00E48D86157
:10F3500001B1CB6061695961A069986141B18B616C
:10F36000996901B14B6101212361C4E90121CDE714
:10F37000EB60F5E73446AAE74446A8E70446A6E76B
:10F380000429002055AA00FF669911EE70B5424E7F
:10F390000546706907F087F800287BD1002D5FD003
:10F3A0003368002B5CD0B268002A59D09D4203D349
:10F3B000726813449D4202D3012008F0D4FBA5F1EA
:10F3C00020042046FFF718FF0028F5D155F8183C17
:10F3D000012BF1D155F8143C45F8180CC3B19A68CB
:10F3E000002A42D155F81C2C02F120015A680A4427
:10F3F0005A6055E905321A6155F8145C2B6903B15E
:10F40000DD6020462022002108F0A5FB23462C4683
:10F410002069002836D08268002A33D163684268A8
:10F4200020331344636003692361D4E90523F2B9EF
:10F4300023BB436963618269A2610BB39C61A369C9
:10F4400003B15C61236903B1DC602022002108F074
:10F4500082FB33699B0703D5FFF7EEFE0028ABD193
:10F460007069BDE8704007F024B80023D0E79361CD
:10F47000A369002BDDD062695A61DAE7F360F7E730
:10F48000F460DCE7002BE4D1F368A36103B15C61B5
:10F49000F460DEE770BD00BF0429002070B50C46A3
:10F4A000164E142200210546304608F054FB14483D
:10F4B000706106F0F6FF1349134800F035F8232C6D
:10F4C0001BD915F003031FBF043CE418C3F1040368
:10F4D000ED1822460021284608F03DFBC6E90054FD
:10F4E000203CB5606C60B368084A1A60B368A2F14A
:10F4F0001022A2F1EF12DA61F36070BD042900203E
:10F50000900500208DF3010079F2010055AA00FF5B
:10F51000014B1B68184700BFF4050020014B1B6816
:10F52000184700BFF0050020024B1860024B002076
:10F5300019607047F4050020F005002010B50A4658
:10F54000044619B1024B00211B68984710BD00BF4B
:10F55000CC9302000E4B0340B3F1607F06D1B1F5AE
:10F56000885F0CBF00206FF086007047B3F1707F9A
:10F570000BD101F4E043B3F5005F06D111F4E06F65
:10F5800014BF00206FF0860070476FF08600704750
:10F590000000C07F8A42F8B506460D4600F00A8199
:10F5A00001F0FE41B1F1C06F61D1884C22F4FF71CE
:10F5B00021F00101A14222F0FF0014D004F588548B
:10F5C000A04210D022F47F7626F00306A4F57064E2
:10F5D000A64208D004F5A064A04204D004F57454F7
:10F5E000A14240F0EB80D1B2784E19B922F480618B
:10F5F000B14224D125F4FF7424F00104B44225F073
:10F60000FF0112D0724EB1420FD025F47F7727F060
:10F610000307A6F57066B74207D006F5A066B142AB
:10F6200003D006F57456B44209D115F0FF0406D094
:10F63000684E44F00074B44204BF02460D468BB1DC
:10F6400022F4FF7323F00103B3F1062F06D0624BBF
:10F6500022F4FF6121F00701994203D122F4807264
:10F6600025F48075954214BF00200120F8BDB1F14A
:10F67000A06F16D102F0FE43B3F1A06F40F0888076
:10F6800082EA050333F47E1340F0828028047FD59C
:10F69000C5F30540C2F3054290428CBF0020012013
:10F6A000E4E74E4B9D4209D1A3F500439A4200F096
:10F6B00081804B4B22F47E109842D4E7B1F1407F19
:10F6C00060D102F0FE43B3F1407F5BD182EA0500D6
:10F6D00030F47E1456D131462846FFF73BFF002810
:10F6E0006AD1404912F47C1701EA020113D0B1F14A
:10F6F000607FC2F3054333D1D1B241F0007101F113
:10F700007E410339122901D83748445C15F47C1F27
:10F710002DD19C42A7E7B1F1607F0AD1D3B243F06B
:10F72000007303F17E43033B122B4BD82F49CB5C74
:10F73000E2E7B1F1707F17D106F4E043B3F5005F63
:10F7400042D10123C6F302218B4006F4E041B1F51A
:10F75000005FDBD10120C6F3022600FA06F4D5E7EC
:10F76000B1F1707FD2D1F0E700242346CEE71FB974
:10F77000C5F30541A1421DD0290403D5C5F30540B9
:10F7800098428AE71A4B9D4202D1B2F1082F6AE7EC
:10F7900025F0004323F47F03B3F1106F0CD102F086
:10F7A000FE43B3F1106F07D11248104040F01060D3
:10F7B000A84258E7012059E7002057E7002B7FF4C3
:10F7C00046AF4FE7002397E70023BEE7000200069D
:10F7D00000130006FF000002004000060093C00472
:10F7E000000140050000C07FC9DC0200C9DC020046
:10F7F0000002C0030000FFF670B505460F480E4634
:10F8000006F051FE044618B16FF08F04204670BD1B
:10F810006B6933602B7F012B0ABF022330602B778B
:10F82000064818BF6FF0960406F043FE0028EDD09E
:10F83000002CE9D06FF09604E8E700BFD80500205F
:10F8400038B50C4C0C4806F02EFE65780A4806F0D8
:10F8500030FE0A4806F027FE022D08D12478E31F67
:10F860005C425C41054806F024FE204638BD002479
:10F87000F8E700BF1C290020A8050020C0050020D3
:10F880002DE9F047894615461C4600F0BFFC0646A8
:10F89000002851D1D9F80070B7F800A00AF4E0436D
:10F8A000B3F5804FBB6808BF25F0010535EA0303B7
:10F8B0003AD1002C40D0B5F5006F40D0A5F50052EC
:10F8C00055425541284A24F4FF7323F00103934223
:10F8D00013D0264924F0FF028A420ED024F47F7010
:10F8E00020F00300A1F57061884206D001F5A06107
:10F8F0008A4202D01E4A934223D114F0FF0304D05F
:10F900001C4A43F00073934222D02B4622465046B5
:10F91000F968FFF73FFE804670B92B4622465046F5
:10F920003969FFF737FEE0B96FF0840600233846E7
:10F93000C9F8003000F034FD3046BDE8F0870125FD
:10F94000C0E704F0FE43B3F1407F04D12304DCD5CB
:10F950006FF08606EAE7B3F1A06FF7D0054B9C4243
:10F96000D2E74646E8E700BF0002000600130006A3
:10F9700000460006FF00000238B500F0FE43B3F178
:10F98000407F04460D4602D06FF0860038BDFFF779
:10F99000E1FD0028F8D114F47C1F18D0C4F305430E
:10F9A000032B137022D9224A2240B2F1607F31D159
:10F9B000E4B244F0007404F17E44033C122CE3D81A
:10F9C0001C4A125D9342DFD8202BDFD90EE0184B82
:10F9D0002340B3F1607F0FD1E3B243F0007303F132
:10F9E0007E43033B122B04D9002313706FF0850074
:10F9F000CCE71149CB5CD3E7B3F1707FF4D101F4CC
:10FA0000E043B3F5005FEFD10123C1F302218B4046
:10FA1000DBB2C5E7B2F1707FB6D105F4E042B2F5D2
:10FA2000005FB1D10122C5F30225AA40CAE700BF99
:10FA30000000C07FC9DC0200C9DC02002DE9F341EF
:10FA40004768D0F81480044638460E4607F009F897
:10FA50000546E8B9FFB22FB9B8F1000F05D06FF035
:10FA6000860515E0B8F1000FF9D0A36823F0031361
:10FA700023F47F43002BF2D14FF6F87362889A4249
:10FA800028D81648277906F00EFD28B16FF08F05AB
:10FA9000284602B0BDE8F08107B901A8314600F060
:10FAA0006BFB05460D4806F004FD10B1002DEFD1AB
:10FAB000ECE7002DECD10FCCD6F800C066460FC69F
:10FAC00094E8070086E80700002FE1D1019BCCF8FD
:10FAD0001430DDE76FF08505DAE700BFD8050020B8
:10FAE00010B5044650B1064806F0DDFC204606F08D
:10FAF00011FEBDE81040024806F0DBBC10BD00BF9F
:10FB0000D805002013B5044610B301A900F07EFB10
:10FB10000446E8B91D4806F0C6FC58B10024019817
:10FB200006F08AFF002818BF0446184806F0C1FCFA
:10FB300070B10AE00198037F032B11D106F07CFF1E
:10FB40000446124806F0B5FC28B10CB96FF08F04DA
:10FB5000204602B010BD002C08BF6FF08704F7E705
:10FB6000022B0DD1032303774368DAB2FF2A0AD0B0
:10FB70001B0AD3D0D0E9091200F0BCFD0446CEE741
:10FB80006FF09604CBE76FF08404C8E7D805002037
:10FB90002DE9F04190461E46002288B003880546B4
:10FBA0000F460592CDF81C803260B8F1000F65D089
:10FBB000B8F1005F80F0A18023F0FF03B3F5E24FBE
:10FBC00002D0B3F5824F25D1284606F081FC0446C9
:10FBD000002840F08680EB6883B16A8872B12B8878
:10FBE00003F44F41B1F5824F02D0B1F5884F05D1F2
:10FBF000DBB2222B36D02CD8122B38D03A46002339
:10FC000008EB070112F8010B8A4243EA0003F9D11D
:10FC1000002B33D0284605A9FFF710FF0446A0B9F2
:10FC2000059B9B6A6BB3059B39465A88284606920A
:10FC300006AA029203F1280201929A6A00925B6A74
:10FC4000424600F01BFC044680B30598FFF748FFCE
:10FC500047E0273BDBB21B2BD0D8294921FA03F31D
:10FC6000DB07CBD50732B8EBD20FC7D206E040F2A4
:10FC700009239A42F6D1B8F1400FBFD86FF086043D
:10FC80002FE06B681B0A07D10799059806F002FD63
:10FC900004460028C7D0D8E742463946284607AB75
:10FCA00000F094FB04460028EED0CEE70599069BB1
:10FCB0004A88D2B94B804FF6F873069A9A4219D8FF
:10FCC0002B88059813B102889A4210D16B8813B122
:10FCD00042889A420BD13146FFF78EFD0446002838
:10FCE000B3D1204608B0BDE8F0819A42E3D06FF06E
:10FCF0008604AAE76FF08504A7E76FF08504F0E7B4
:10FD00000102000C38B504460D46FFF799FD30B1ED
:10FD10002A462146BDE83840024806F0CCBE6FF0C6
:10FD2000880038BD20290020002273B503880A60AE
:10FD30000092428804460D46002A00F0FF800288A7
:10FD400002F4E042B2F5804F00F0F88023F0FF03A8
:10FD5000B3F5E24F02D0B3F5824F04D1204606F04E
:10FD6000B7FB0646D0B969462046FFF767FE064650
:10FD700060BB009B9B6AA3B10099204601F1280358
:10FD8000D1E9091200F052FB06460098002E40F01F
:10FD9000D2802946FFF730FD0646B8B9304602B09A
:10FDA00070BD63681B0A40F0BD802288618802F440
:10FDB000E043B3F5805F0DD0B3F5005F0AD002F4E5
:10FDC0004F40B0F5824F1ED06FF085060098FFF7C8
:10FDD00087FEE3E7104606F02EFC06460028F5D124
:10FDE00047F201039A4220D14B080133DB0803EBB1
:10FDF000C3033B330193DDE9000106F04BFC0646EB
:10FE00000028B9D0E2E7B3F5E04FDDD147F20103B6
:10FE10009A42E9D022F0FF03B3F5884F15D1CB1DEC
:10FE2000DB0803EB43030133E4E744F201039A42A6
:10FE300002D1CB081033DDE722F0FF03B3F5E84F22
:10FE4000EAD1CB1DDB085B00D4E7B3F5EE4F67D0FA
:10FE5000B3F58E4F02D1CB1DDB08CBE702F44F4048
:10FE6000B0F5824F02D0B0F5884F06D1D0B242280B
:10FE700001D1CB08D7E74128EDD0B3F5E24FEAD066
:10FE8000B3F5824F03D1CB1DDB085B00CBE744F217
:10FE90000D039A4224D844F201039A42DBD9A2F519
:10FEA0008042023A0B2AD6D801A353F822F000BFB1
:10FEB000F5FE010057FE010001FF010057FE0100A1
:10FEC00057FE010009FF010011FF010057FE01006C
:10FED00057FE010019FF010057FE010019FF010044
:10FEE00047F202039A421BD047F204039A42B2D16E
:10FEF00040237FE74FF4A0724B095343203379E747
:10FF00004FF4C0720B0AF8E7CB1DDB08183371E71A
:10FF1000CB1DDB081C336DE7CB1DDB08023392E7FA
:10FF2000202367E7204601A900F068FA064600286A
:10FF30003FF461AF4AE706F0E2FB47E76FF0860661
:10FF40002CE700BF10B51B4C1B4806F0ACFA237819
:10FF5000590744BF03F0FB0323709A0705D500F04F
:10FF6000F1F8237823F002032370134806F0A1FA76
:10FF7000124806F098FA637813B1114806F09EFD16
:10FF8000002304210E486370FFF7D8FA0B4806F0EF
:10FF900090FA094806F087FA2378DB0705D506F0C2
:10FFA00069FD237823F0010323700348BDE8104066
:10FFB00006F07FBA1C290020C0050020A8050020FB
:10FFC0002029002070B5FFF73BFC10B1002420462B
:10FFD00070BD344806F067FA044620B16FF08F0414
:10FFE000FFF7B0FFF3E7304D2B789E0706D400F003
:10FFF000A1F804462B7843F002032B70294806F041
:020000022000DC
:1000000058FA10B1002CE9D0EAE7002CE8D12548D5
:1000100006F049FA04460028E0D12B78D80706D428
:1000200006F026FD04462B7843F001032B701D4893
:1000300006F03FFA0028E5D1002CD1D1194806F08E
:1000400032FA0028CAD117482E7806F032FA002872
:10005000C4D1164806F027FA04460028BED16B78B2
:100060003BB9F10705D5124806F022FD02230446EC
:100070006B700E4806F01DFA0028C3D1002CAFD1DA
:10008000084806F010FA0028A8D12B7805485A072E
:100090005CBF43F004032B7006F00BFA002895D0E8
:1000A0009CE700BFC00500201C290020A8050020F7
:1000B0002029002038B500F140430F2B0CD82C220A
:1000C0001A4C02FB0344237F022B02D16369834253
:1000D00024D06FF08B001AE06FF04042441E94422F
:1000E0000ED2124B00221C461D7F022D02D15D69EB
:1000F000854210D00132102A03F12C03F4D1E8E735
:100100000B4AA3F580539342EBD96FF0870038BDBB
:100110006FF09600FBE72C2303FB0244204606F019
:100120007EFC0028F4D10C60F1E700BF24290020F8
:10013000FFDFFF3F0122024B002083F8C0227047FF
:10014000242900202DE9F0410A4C002526464FF0D5
:10015000010803272046C4F820802777013506F0E0
:10016000D9FA102D04F12C04F4D1002386F8C03202
:10017000BDE8F08124290020F8B5214D064621482C
:100180000F4606F090F995F8C0421E4806F091F926
:100190007CB300242B462246197FD1B13CB90229F9
:1001A00005D1196A19B91979002918BF1C460132FD
:1001B000102A03F12C03EFD114B96FF08C0006E084
:1001C000204606F02CFC204606F0A4FA10B10024CC
:1001D0000DE01C46237F7BB90123237736B10A4B00
:1001E000651BAD105D4305F18045356000203C6026
:1001F000F8BD6FF08800EAE76FF09600E7E700BF10
:1002000024290020C0050020A38B2EBA0023F0B5BE
:10021000054691B05E480B600E4606F044F95D4B12
:100220005B4893F8C04206F044F9002C00F0AC8023
:10023000594806F038F9074620B16FF08F04204680
:1002400011B0F0BD31462846FFF734FF10F18C0F96
:10025000044607D0504806F02CF90028EFD0002CB7
:10026000EDD1EAE73846FFF787FF074620B14A4855
:1002700006F01FF93C46E2E70122336801465D6162
:10028000336809A85A601C22356807F064FC002214
:1002900000236869CDE90623404A00F14043A3F5F5
:1002A00080539342CDE9047703971DD806AA03A98A
:1002B00006F007FC0446B8B9039B6A690A93DBB2EF
:1002C000002B08BF00220346CDE90000DDE906014E
:1002D0000E9209AA00F060F910F18A0F04460ED0C0
:1002E000002808BF6FF09604306806F013FA14F186
:1002F0008C0F08BF6FF0870400233360AAE704A9BE
:1003000009A800F07BF804460028EDD1284604999E
:1003100006F0C0F904460028E6D1DDE9060105AB88
:100320000193AB6A09AA00936B6A00F035F90446A1
:1003300018B1284606F0E3F9D6E72C46059BAB62D8
:1003400009AD0FCD0FC495E8070084E807003268B7
:100350009368D80414D4990444BF43F400639360B1
:1003600033681A7F012A04BF02221A77306806F028
:1003700056FB044600283FF46DAF6FF09604BBE7D0
:1003800043F480639360E6E76FF0880457E700BFAB
:10039000C005002024290020D8050020FFDFFF3FF2
:1003A00010B50446084806F07EF840B9204606F02D
:1003B00043FB0446044806F07CF810B10CB96FF01A
:1003C0008F04204610BD00BFD805002010B4194688
:1003D000002443680C60074C1A0AB4EB132F02D0B8
:1003E000054B9A4202D110BC00F018BB6FF086009A
:1003F00010BC7047004E80004B4E800010B40024AB
:1004000043680C60074C1A0AB4EB132F02D0064B5A
:100410009A4202D110BC00F001BB6FF0860010BC04
:10042000704700BF004E80004B4E80002DE9F04128
:10043000456804462D0A0E461746984606D00E4CCF
:10044000A54214D06FF08600BDE8F08105886D04E8
:1004500007D443463A4631462046BDE8F04106F00F
:10046000C9BA00F035FE10F1860FEDD1F1E7BDE815
:10047000F04100F02DBE00BF4B4E80002DE9F04F43
:10048000DFF880B0D0F804E085B0BBEB1E2F044647
:10049000DDE90E890D4616461F46DDF840A04FEAFD
:1004A0001E2C1CD0DFF860E0F44518D0BCF1000F22
:1004B00022D1CDE9019ACDF8008000F085FD10F140
:1004C000860F1BD13B46324629462046CDE90F9A7E
:1004D000CDF8388005B0BDE8F04F06F0EEB83B46E9
:1004E000324629462046CDE90F9ACDF8388005B02E
:1004F000BDE8F04F00F068BD6FF0860005B0BDE8C4
:10050000F08F00BF004E80004B4E800030B4446836
:10051000240A06D0064DAC4206D030BC6FF08600EF
:10052000704730BC06F013B930BC06F08DBC00BF7C
:100530004B4E80002DE9F7430D46DDE90A8916464A
:10054000134942681F46B1EB122F04464FEA1223AB
:100550000ED0104A934200D0ABB93B4632462946F2
:100560002046CDE9008900F0EBFC10F1860F0CD19C
:100570003B46324629462046CDE90A8903B0BDE80C
:10058000F04300F0DDBC6FF0860003B0BDE8F083FF
:10059000004E80004B4E8000F0B4DFF82CC0546851
:1005A000DDE90456BCEB142F4FEA142702D0074CA8
:1005B000A74204D1CDE90456F0BC00F0F5BD6FF0C0
:1005C0008B00F0BC704700BF004E80004B4E800097
:1005D0002DE9F043DFF84490DDB2446845F0007542
:1005E0004D45DDF82C804FEA1424DDE90767DDE98D
:1005F00009CE0CD014B10A4DAC420CD1CDE90AE8B9
:10060000CDE9087C0796BDE8F04306F02DBB6FF0FE
:100610008500BDE8F0836FF08600FAE70500000270
:100620004B4E8000F7B5089E0E4FF5B2044645F0DC
:1006300000754868BD424FEA10200DD010B10A4D38
:10064000A8420CD1009604F1080006F002FB08B99C
:100650000523236003B0F0BD6FF08500FAE76FF06B
:100660008600F7E7050000024B4E8000F7B5089EB4
:100670000E4FF5B2044645F000754868BD424FEA9A
:1006800010200DD010B10A4DA8420CD1009604F1F3
:10069000080006F0E0FA08B90523236003B0F0BDB6
:1006A0006FF08500FAE76FF08600F7E705000002BB
:1006B0004B4E80002DE9F04144681D46DDE9087C81
:1006C000DDE90636240ADDF828E003D0DFF82080D3
:1006D000444508D1CDE909E5CDE9077C0696BDE89A
:1006E000F04101F0BFB86FF08600BDE8F08100BFB7
:1006F0004B4E80004268044BB3EB122F01D106F041
:10070000DABB6FF0850070474B4E800010B50D4C82
:10071000206801F067FF0C4A1368591C11605BB92F
:100720000A4A5920D2F8003443F00703C2F80034D3
:10073000EEF7B0FE01F05CFA2068BDE8104001F071
:1007400067BF00BFFC050020E82B0020009005508B
:1007500038B5164D286801F045FF154B1C68013C63
:100760001C60ECB95920EEF7A3FE0722114BC3F829
:100770000823D3F8002422F00702C3F80024C3F8AA
:100780000041D3F80021C3F80441D3F804214FF00D
:100790000072C3F80841D3F80831074BC3F8882129
:1007A0002868BDE8384001F033BF00BFFC050020D9
:1007B000E82B00200090055000E100E070B5104DDE
:1007C000104E2B68B34219D0FFF7A0FF01F08AFB4F
:1007D00001F020FC38B106F076F90446FFF7B8FFC7
:1007E0003CB92E6005E000F0DBFE044618B1FFF7CF
:1007F000AFFF204670BD06F0FDFBEEE70024F8E7F2
:10080000F805002011736500F8B505460E46184638
:100810001C2117461C4607F05AF96B6821491A0A31
:10082000B1EB132F1BD1204A337822611F4A13F0FA
:100830000303E26066610CD0023303F00303012B73
:1008400026D86B880733DB086360194B23600020D0
:10085000F8BD6B880733DB086360164BF6E7164B71
:100860009A4212D16A69154B1344022B13D9002303
:10087000224642F8183FC4E9033362616A69104BAB
:100880009A4201D12023E7E747B1C4E90067DEE7D8
:100890006FF08400DCE76FF08500D9E76FF0960019
:1008A000D6E700BF4B4E800019120200BD6F020058
:1008B0000000002000FF0220004E8000FF3F00806B
:1008C00004C0FF7F0022074BC3F81021C3F80C219E
:1008D000C3F80021C3F80421C3F80821C3F8182184
:1008E000704700BF0090045008B5FFF7EBFF0123ED
:1008F0000360104B0A6832B9D3F80C211AB9D3F847
:100900000821002AF6D00B687BB90B4B99420ED018
:10091000A3F58473D3F80831002B14BF6FF00200E5
:100920004FF0FF30FFF7CEFF08BD0020FAE74FF091
:10093000FF30F7E7009004500891045070B5064668
:100940000D46F9B14B6913F00F0408D00F49104858
:10095000552202F021FB55210C4802F014FB2146E0
:10096000012005F0E6FB0B480B49C0F80065C0F814
:100970000455FFF7B9FF21460546204605F0D9FB8F
:10098000284670BD6FF00105FAE700BFADD8020040
:10099000C99A02000090045000910450034B04498E
:1009A000C3F800050348FFF79FBF00BF0090045045
:1009B000049104500490045010B504460021012015
:1009C00005F0B7FB064B0749C3F800450648FFF79B
:1009D0008BFF00210446084605F0ABFB204610BD06
:1009E00000900450089104500890045038B50C460B
:1009F00059B1074D0749C5F800050748FFF774FFCF
:100A000010B9D5F80835236038BD6FF00100FBE759
:100A100000900450109104500C90045070B51C4E7E
:100A200044680288B6EB142F43884FEA142514D18A
:100A30004069184B98420CD003F5FF437D330344C3
:100A4000012B22D8B2F5105F1FD1022300200B60CA
:100A500070BD47F212139A42F6E70F48854214D14F
:100A600002F44F40B0F5824F09D144F2121007331F
:100A700082424FEAD303E9D15B000133E6E7B2F5E6
:100A8000885FE2D10733DB08E0E76FF08600DFE73D
:100A9000004E800001C0FF7F4B4E800000212DE9F9
:100AA000F043064695B0084601F094F90DF127058C
:100AB000044625F01F0520B115B0BDE8F04306F04F
:100AC00002B84FF01009DFF88080012210211F4882
:100AD00006F065F81D4A2B19009320211023CDF84C
:100AE0000490A2F1200000F01BFF074650B1002047
:100AF00001F05EF9384605F0E6FF0746384615B0C6
:100B0000BDE8F083D8E90C321034013342F1000221
:100B1000302CC8E90C32D8D101F04AF926B122466E
:100B20003146284606F02EF82E46074C0FCE0FC44D
:100B300096E80F00203584E80F0095E80F00103488
:100B400084E80F00DAE700BFA0240020C0240020C2
:100B5000F0B5194D194FAB6B8DB0BB4229D0184E73
:100B6000306801F03FFD402300221946284606F078
:100B7000A3FF3021684606F042F8044678B968467B
:100B8000FFF78CFF044690B93023024619466846A9
:100B900006F092FF01220023C5E90C23AF63306801
:100BA00001F036FD204605F08EFF0DB0F0BD0E249D
:100BB000F5E70020F9E700BFA0240020B4A5B4A504
:100BC000000600202DE9F04F99B00DF1570902F110
:100BD0000F0A04468846154629F01F094FEA1A1ADB
:100BE00032B1002900F08780B2F5005F00F2838007
:100BF000424F434E386801F0F5FCD6E90C321343FE
:100C000008D12046FFF7A4FF044618B1386801F068
:100C1000FFFC5CE0D6E90C231AEB020A43F1000367
:100C2000BAF5803F73F1000314D3302102A805F018
:100C3000E6FFF8B902A8FFF731FF04460028E5D126
:100C400030230246194602A806F036FF0022002390
:100C5000C6E90C230021084601F0BCF8044660B93F
:100C600010249DB9284601F0A3F82846FFF716FF87
:100C70000446CBE76FF09204C8E7386801F0C8FC7F
:100C8000204619B0BDE8F04F05F01DBF102D4FF004
:100C900001024FF010011B48AB4628BF4FF0100B6C
:100CA00005F07DFF174A10232021CDE90094A2F121
:100CB000200000F035FE824668B1002001F078F88F
:100CC000386801F0A5FC504605F0FDFE04462046BC
:100CD00019B0BDE8F08F5A464046494606F02EFF4F
:100CE000D6E90C32013342F10002C6E90C32A5EB21
:100CF0000B05D844B5E76FF08604E8E7000600204E
:100D0000A0240020C02400202DE9F041069C04F01E
:100D1000FE45B5F1407F08D01F4920481A2202F055
:100D20003BF91A211C4802F02EF905686DBB14F43A
:100D30007C1604600BD0C4F30546194D24F47E14D0
:100D4000AC42466025D1BDE8F04100F079B8154DC0
:100D50002540B5F1607F0AD1E5B245F0007505F197
:100D60007E45033D122DE8D80F4E765DE5E7B5F1DF
:100D7000707FE2D10D8805F4E047B7F5005F02BF50
:100D80000126C5F30225AE40D7E76FF08800BDE825
:100D9000F0816FF08500FAE70FD90200C99A0200CE
:100DA0000002C0030000C07FDCDC020010B4046855
:100DB00044B15AB1084B24F47E149C4208D110BCB3
:100DC00005F08ABF6FF0880010BC70471046FBE743
:100DD0006FF08500F8E700BF0002C003F8B51E46BB
:100DE000036805460F4603B311B34168914222D808
:100DF000124A23F47E13934211D105F0EDFF04460D
:100E000078B905F10C0138466A6806F097FE6B6800
:100E10004FF4C2712846336006F059FE03E06FF0CC
:100E20009604002333602046F8BD6FF08804FAE78B
:100E30006FF08604F7E76FF08904F4E70002C0035F
:100E40002DE9F0410E461C4633880546B3F5105F88
:100E500011463DD10F2C0BD873681F481A0AB0EB0E
:100E6000132F07D01D4B9A4204D06FF086042CE05C
:100E7000202CFAD805F5B2772246384605F5A47835
:100E800006F05CFE2246434639463046FFF7BCFC7E
:100E90000446D0B905F164060121304600F09AFFFE
:100EA00018B1BDE8F04105F00EBE414605F1500015
:100EB00000F086FD0446304600F07AFF0CB1204673
:100EC000EFE7102385F84C40AB602046BDE8F08189
:100ED0006FF08504F9E700BF4B4E8000004E8000A4
:100EE000602A2DE9F04105460F4616461FD8DFF867
:100EF0004880D8F8000001F075FB284606F05EF83F
:100F0000044620B9324638460C4906F017FE2846FA
:100F100000F082F90546D8F8000001F079FB002DB9
:100F200014BF28462046BDE8F04105F0CCBD6FF067
:100F30008900BDE8F08100BF040600200000002009
:100F40002DE9F0410E46DDE906EC17461C4643B993
:100F50001B4920221B4802F01FF82021184802F0EC
:100F600012F8BCF1000F06D115492122154802F0F4
:100F700013F82121F2E74FF000080588CCF8008033
:100F8000BEF1000F15D025F0FF05B5F5E24F03D1F6
:100F9000BDE8F04101F0E0B9B5F5824F0DD17346DF
:100FA000224639463046CDF818C0BDE8F04106F07B
:100FB00028BC6FF08600BDE8F0816FF08500FAE78D
:100FC00074D90200C99A02002DE9F04F8DB0044691
:100FD000DDE91678894692461D46189E43B939497F
:100FE0007822394801F0D8FF7821364801F0CBFF4C
:100FF000B8F1000F06D133497922334801F0CCFF14
:101000007921F2E736B92F497A222F4801F0C4FF3F
:101010007A21EAE74FF0000CB0F800E0C6F800C013
:10102000C8F800C0002F47D0D0F804C0DFF89CB04B
:101030004FEA1C2CCDF80CC0D0F804C0BBEB1C2F21
:1010400026D104A9D0F814B0FFF7E8FC0146C0B9D6
:10105000049B9F4219D35FFA8BFB594653464A467D
:10106000204600F037F9014658B92B465846CDE9DD
:10107000007805AA00F0F4FA014610B9BDF8163060
:10108000336008460DB0BDE8F08F6FF08901F8E7D6
:10109000039CA4B92EF0FF04B4F5E24F04D10DB0C7
:1010A000BDE8F04F06F03BBBB4F5824F07D10DB061
:1010B000BDE8F04F06F05ABB6FF08601E1E76FF034
:1010C0008501DEE774D90200C99A02004B4E800008
:1010D0002DE9F0430546164698460F4693B041B9B0
:1010E0002E49EA222E4801F057FFEA212B4801F051
:1010F0004AFF33B92949EB22294801F04DFFEB2182
:10110000F4E7D0F804C0DFF89C900488B9EB1C2FFA
:101110004FEA1C2E2DD142880732B2F5C47F4FEA28
:10112000D20937D224F0FF02B2F5E24F11D14A467C
:1011300006A906F088FA48B905ABCDE901834A460D
:101140003B462846009606A9FFF73EFF13B0BDE8D0
:10115000F083B4F5105F06D0B4F5885F03D042F297
:1011600004039C4216D14A4606A90020FFF72AFD37
:10117000E1E7BEF1000F0DD14AB124F0FF04B4F550
:10118000E24F07D113B0BDE8F04306F05CBA6FF050
:101190008600DBE76FF08500D8E700BF74D9020056
:1011A000C99A02004B4E800030B4074C041961F11B
:1011B0000005032C75F1000502D330BC00F050BAD5
:1011C0006FF0850030BC7047FF3F00806029F8B5A4
:1011D00005460E4618D80E4F386801F003FA284627
:1011E00005F0ECFE05F06FFC044640B909493246B3
:1011F000284606F0A3FC6021064806F068FC386823
:1012000001F006FA2046F8BD6FF08904FAE700BF46
:10121000040600200000002008B503789B0705D0D5
:101220000548602106F053FC002008BD05F0E2FEF1
:101230000028F5D00220F8E700000020F7B5244987
:1012400043680446B1EB132FDAB23DD1032A03D130
:101250006FF0840003B0F0BD466901A9F5B22846DD
:1012600005F056FE0028F5D121466A46019805F0A2
:1012700024FE044610BB009FA74218D89DF80430F6
:1012800007F0070223F01F0343EA820301A88DF849
:1012900004308DF80560FFF7BFFF3946284605F09A
:1012A00052FE70B903B0BDE8F04005F064BE6019AD
:1012B000FFF774FB0028CBD10134DCE76FF0980016
:1012C000C8E76FF09200C5E76FF08B00C2E700BF80
:1012D0004B4E80002DE9F04F89B005460E4617466B
:1012E0001C4605F048FE002840F030816B690090F4
:1012F000C3F3013262F305108DF8000010F03000E6
:1013000008D1A968890710D06FF08608404609B057
:10131000BDE8F08F102808D1BDF8023023F4F8732F
:1013200043F4A873ADF8023089E0E96801F0FE4C9F
:10133000BCF1A06F0BD0DFF84CC261450AD0DFF8DA
:1013400048C2614515D0DFF844C261450ED0DBB21A
:10135000F82B07E01421009B61F3933300932B8853
:10136000B3F5105F1BD06FF08508CFE72421009BF9
:10137000F2E7AB685B04F6D52B8803F44F41B1F577
:10138000824F02D0B1F5884FEDD1DBB2122B01D0E4
:10139000412BE8D13821009B61F393330093002364
:1013A0004FF0010B984619469C46D5F808E0DFF847
:1013B000E09159F804AB1EEA0A0F08D00BFA0CF3BF
:1013C00043EA080303F07F08012341EA0A010CF114
:1013D000010CBCF1070FECD12BB19DF8033068F381
:1013E00047038DF803303EEA0101BCD16B88FF2B27
:1013F00039D005D8802B38D0C02BB4D1022306E0D9
:10140000B3F5807F33D0B3F5C07FACD106239DF810
:10141000021063F306118DF8021018B91EF0030FC5
:101420007FF472AF2B79022B2ED022D8012B7FF4C0
:101430006BAFBDF8021063F3C811ADF80210012ABA
:101440003AD0032A25D0002A7FF45EAF2B88B3F56B
:10145000105F88D1182C04D0202C02D0102C7FF4DF
:1014600053AF4C4D2CE00323D1E70123CFE70423F6
:10147000CDE7032B02D0FF2B7FF446AF0221BDF84E
:10148000023061F3C8134DE7BDF8023043F4C07376
:1014900048E7202C05D006D8102C02D0182C7FF459
:1014A00033AF3D4D0CE024F02003412B01D0302C14
:1014B000F5E70137013CF4E7302C7FF425AF374DD9
:1014C0004FF000080F344FEA141906EB080005F03E
:1014D0008CFB002852D008F10108C145F5D11F2C22
:1014E0002ED11C22002101A806F035FB4FF0000B85
:1014F0004FF0FF3A05EB0B124FEA0B130692BBF1CC
:10150000000F26D1009A0792BDF802203B44C2F397
:10151000C11205920DF1040C03F1100E6246186819
:101520005968083303C273459446F7D101A906EB05
:101530000B00FFF703FA804670B105F01CFD05E0D3
:101540004946304605F0FFFC0028CAD06FF09208EB
:10155000DCE6CDF81CA0D7E71C2101A80BF1010B9C
:1015600006F0B5FAD945C5D11F2C3FF4CFAEBA204D
:10157000FFF722FA00283FF4C9AEE7E76FF08A08C8
:10158000C4E600BF00444004000002090002C0039A
:10159000D093020000FF02200000002010940550AC
:1015A00010B590B01C22002101A806F0D4FAF82052
:1015B00005F01BFB00B3202200200DEB0201FFF71A
:1015C00001FB0446F0B94FF48071104A104B01A89A
:1015D000CDE901230F4BCDE903130F4BF8210693FF
:1015E00020230DEB0302FFF775FE202104460DEBCF
:1015F000010006F06CFA05E0F92005F0F6FA002883
:10160000D9D10446204610B010BD00BF002400010F
:10161000014B4E800010C004F800FF7F73B5C5B2C7
:101620000E46284601A9144605F072FC88B9BDF89B
:101630000630C3F3C113013BDBB2022B8FBF6FF047
:101640008600054AD25C054B9EBF13433360C4E954
:10165000005002B070BD00BFEFDC0200004B4E80B6
:101660002DE9FF41884601A9064614461D460A9FFA
:1016700005F04EFC48B9B6F1F80348F1FF38022BEB
:1016800078F1000804D26FF0860004B0BDE8F08164
:1016900005F071FC002861D1002CF4D09DF80410F5
:1016A00011F00F0240F0C380BDF80630C3F3C11340
:1016B000013BDBB2022B00F2BD80634801F0300831
:1016C000C05C624BB8F1100F43EA000363602AD19B
:1016D0005F4B2360204602A9FFF7A0F90028D4D170
:1016E000029BBB4200F2AC8044F2121221880198A6
:1016F000914204BF042205F8012B0B9A2146136086
:101700009DF804302A78C3F3011363F301022A70B1
:1017100003AA08BF07F1FF3705F0CFFB002870D000
:101720006FF09800B1E713469DF807C0DFF824E199
:101730004FEA5C00A8B9D00454BF134642F480635A
:10174000990448BF43F40063A360019BC3F385334E
:10175000242B35D0382B0ED0142B35D06FF09200BF
:1017600093E7C10704D5062B67D85EF823100A4318
:1017700040080133DEE747F2121347F2411C9DF89F
:10178000060000F07000302808BF63463248E06071
:101790009DF806002380C0F3021001380528BFD849
:1017A0000FF2040C5CF820F0FF170200D1170200C2
:1017B000EF170200F317020021170200F9170200C9
:1017C0004FF410532548E2E74FF410532448DEE766
:1017D000C0206080B8F1000F7FF47CAFB3F5105FDC
:1017E00002D193073FF476AF6FF096004DE7FF20EC
:1017F000EFE74FF48070ECE74FF4C070E9E780202A
:10180000E7E72B78039A6E7062F384032B702388CA
:1018100003F44F42B2F5824F04D139462846FFF710
:10182000D5FC32E7B3F5885F7FF42FAFF5E76FF0B3
:1018300088002AE76FF0910027E76FF0830024E724
:101840006FF0890021E700BFEFDC0200004B4E8003
:1018500001108001D0930200000002090002C003C1
:10186000004440042DE9F0470688174606F44F422D
:1018700086B0B2F5824F9946DDE911A3884602D0C1
:10188000B2F5884F1DD1F6B20024224D41881D408B
:1018900023F0004323F47F03B3F1106FCAF8004034
:1018A0001D4B45F010650ED19D420ED1038823F0EB
:1018B000FF03B3F5E24F0ED06FF0860006B0BDE82F
:1018C000F0870026E0E79D4202D0144B9D42F3D101
:1018D0006FF08500F2E7304605AA00F02DFCB8B99C
:1018E000059B5B68BB42E7D1304600F065FC0028F1
:1018F000EED0109B3A4602930F9B414601930E9BFC
:1019000005980093CDF80CA04B4600F081FDD5E77B
:101910002046D3E70000FFF600000209000001099D
:1019200037B54FF480740194214C41F00051A1610E
:1019300040F6110143F00053A3622123E16104F159
:101940002001616101212262E362069A194B01AD17
:101950001A60079A256042F000521125C3E901126E
:101960002022DFF854C02061C4E902C504F110054B
:1019700065606162DA60BFF35F8F104A1460BFF385
:101980005F8FBFF35F8F1361BFF35F8FBFF35F8F15
:1019900003235363BFF35F8FBFF35F8F9363BFF383
:1019A0005F8F00F0E7F8431CFBD003B030BD00BFF1
:1019B000FC2B0020EC2B0020040000200000015034
:1019C00038B504460D4619B10A688B681AB953B97F
:1019D0006FF0210029E033B94B6823F00802102A88
:1019E00001D0202B36D12561EB68D3B91B4B04F114
:1019F0007801236001236360AB6804F114009A0648
:101A00009B01DBB202F0E0421A4342F48032112320
:101A100000F026F8AB684BB100201023C4E90203A4
:101A200003E0686998470028E0D038BD2A68A369B8
:101A30001A606B68A26943F0005393602268A3693F
:101A400092699268DA60A3691033A3616368013315
:101A50006360E1E76FF04100E7E700BFEC9302004D
:101A6000026100F11402826000F110024160C26064
:101A70000A604268034991604268D360436810334A
:101A800043607047040000204368A3F110019142B5
:101A900040D8012243F80C2C53F8042C42F02002C9
:101AA00043F8042C53F8082C42F0005243F8082C59
:101AB000836800F11402A3F1100191422ED8012293
:101AC00043F80C2C53F8042C42F0200243F8042C69
:101AD00053F8082C42F0005243F8082CC36803F175
:101AE0005402BFF35F8F0F4B1A60BFF35F8FC26862
:101AF0000432BFF35F8F1A61BFF35F8FBFF35F8F55
:101B000003225A63BFF35F8FBFF35F8F9A63BFF304
:101B10005F8F7047103242F80C2CB8E7103242F851
:101B20000C2CCAE70000015038B5BFF35F8F104C92
:101B3000E569BFF35F8FBFF35F8F10236363BFF36C
:101B40005F8F012005F08FFFBFF35F8F002363637A
:101B5000BFF35F8FBFF35F8FE36BBFF35F8F5B06F6
:101B6000F8D425B1BFF35F8FE561BFF35F8F38BD58
:101B70000000015008B500F0C9F9104A20B9BFF3C0
:101B80005F8F906ABFF35F8FBFF35F8FD36BBFF33D
:101B90005F8F10F0240F03F0230304D0FFF7C4FF7E
:101BA0006FF01F0008BD4FF0FF30002BFAD1BFF3DC
:101BB0005F8F1063BFF35F8F1846F3E7000001509B
:101BC000BFF35F8F094A1368BFF35F8F43F48071DF
:101BD000BFF35F8F1160BFF35F8F23F48073BFF398
:101BE0005F8F1360BFF35F8F704700BF001001501D
:101BF000BFF35F8F1522064B5A62BFF35F8FBFF3AF
:101C00005F8F40F237129A62BFF35F8F704700BF59
:101C10000010015008B5FFF7D3FFBFF35F8F064AEE
:101C20001368BFF35F8F43F00103BFF35F8F13604F
:101C3000BFF35F8F08BD00BF0010015070B50026D4
:101C4000C0E9006605460C46FEF760FD01232B70D7
:101C5000FFF7B6FFBFF35F8F204BDB68BFF35F8FEB
:101C60009B08013BACB3226842B19A4205D9FEF70A
:101C70006FFD6FF03F002E7070BD1346D4E9011563
:101C8000E068002908BF4FF40071002808BFF12068
:101C90002469BFF35F8F114A9360BFF35F8FBFF377
:101CA0005F8F1564BFF35F8FBFF35F8F5064BFF327
:101CB0005F8FBFF35F8F5163BFF35F8F44F4802466
:101CC00044F00104BFF35F8F1460BFF35F8F002007
:101CD000D2E74FF40071F1202546DAE700100150F9
:101CE00070B503780D461446002B52D0BFF35F8FBA
:101CF0002C4A136BBFF35F8F03F00E010A294BD000
:101D000013F00C0F02D14FF0FF3070BD4368D3B910
:101D1000BFF35F8F5368BFF35F8F032BF3D9224B61
:101D20002249BFF35F8FD2F88060BFF35F8FBFF3AC
:101D30005F8F43F8046BBFF35F8F8B42F1D1FFF7E6
:101D400069FF01234360BFF35F8F164B9A68BFF3AF
:101D50005F8F0132B4EB021F21D8BFF35F8F5A6847
:101D6000BFF35F8FB4EB820FCDD884B1BFF35F8F29
:101D7000D3F88020BFF35F8F291D05F8012BA942FE
:101D80004FEA122204F1FF34EFD0002CF5D10020ED
:101D9000BBE76FF02000B8E76FF05100B5E76FF0D8
:101DA0003F00B2E700100150101001502010015008
:101DB00010B5044608B1037843B1FEF7C9FC044BE3
:101DC000186800F025FC0CB10023237010BD00BF83
:101DD0000406002073B50D460646FEF797FC15F085
:101DE000010509D001A800F083F9044620B1FEF7EF
:101DF000AFFC204602B070BD184B186800F0F2FB33
:101E00000EB101233370BFF35F8F0022144BDA61F0
:101E1000BFF35F8FBFF35F8F4FF0FF321A63BFF3E3
:101E20005F8FBFF35F8F3422DA61BFF35F8F0122D0
:101E300003F59223C3F8042375B1019805F0F2FC71
:101E4000042104460DEB010005F041FE002CD0D02A
:101E50003046FFF7ADFFCCE72C46CAE7040600206A
:101E60000000015038B5194CD4F80051BDB1BFF392
:101E70005F8F174B996ABFF35F8FBFF35F8F4FF090
:101E8000FF321A63BFF35F8F0023C4F80031D4F828
:101E90000031104B1868BDE8384005F0E2BDD4F8B9
:101EA000083153B100F082F805F04CFAC4F808513B
:101EB000D4F808310121084BECE7084908485022C2
:101EC00001F06AF85021054801F05DF800900550D6
:101ED000000001500C06002008060020E4D9020092
:101EE000C99A020008B5074B186805F0A9FD064B12
:101EF000186805F0A5FDBDE80840002259201146EC
:101F0000EDF7EABA0C0600200806002038B5094BA8
:101F10001C7864B1084B4FF0FF311D68284605F06E
:101F200091FD4FF0FF310446284605F098FD20460C
:101F300038BD00BFFE3000200C06002010B5064C56
:101F4000E36C3BB9214651F84C3B986905F047FBDF
:101F50000123E364014810BD2C2C0020782C0020C4
:101F600010B504460E4B186800F03CFB0D4B1A6888
:101F7000236122605A6862609A68A2600A4A126805
:101F80009A660023A364FEF7C1FB204605F0CBF957
:101F90000028FAD1204605F0CBF90028F5D110BD74
:101FA000100600202C2C00202894020000487047C6
:101FB0002C2C002010B50446074A03691268012141
:101FC0009A66002205F08AFA204605F0FBFA2046C0
:101FD000BDE8104005F0BEB94094020010B50446BB
:101FE000FFF7E8FF0422084BC3F80823FEF7B0FB15
:101FF000064A236912689A6600236364044BBDE8AD
:102000001040186800F004BB0090055028940200AE
:102010001006002010B50E4B0E4C236003F5C04394
:1020200063602461FFF78AFF236D2046B3F5007FCC
:10203000CCBF4FF480634FF40073A360FFF790FFB1
:102040002046FFF7B7FF2046FFF7C8FF002010BD6E
:10205000002001502C2C0020244B0340B3F5806F4E
:1020600030D016DC402B2FD008DC102B2ED0202BAC
:102070002ED0181E18BF012040007047B3F5807F96
:1020800028D0B3F5007F27D0802B14BF02200B206F
:102090007047B3F5804F21D00BDCB3F5805F1FD0C4
:1020A000B3F5005F1ED0B3F5006F14BF0220062009
:1020B0007047B3F5004F17D0B3F5803F14BF02202F
:1020C00003207047112070470A2070470C2070478A
:1020D0000920704708207047072070471420704778
:1020E00005207047042070470F207047F0FF010063
:1020F00070B50E4D0E4E0446286800F073FA306835
:1021000028B980220B49FEF75DFD60B92020094AFD
:10211000013852F82020306022600024286800F046
:1021200077FA204670BD0224F8E700BF14060020AD
:10213000982C00209C2C002012281BD0A0F1120308
:10214000302B2DD826280DD81738C3B20B2B27D803
:102150001648184100F00100C0F1FF2000F57F0093
:102160007A3070472738C3B21148D84000F00100D8
:1021700087387047B1F5807F0ED006D8E02914BFAC
:102180006FF086006FF085007047B1F5C07F0AD010
:1021900040F209239942F2E7064B00201360704792
:1021A0006FF0860070476FF085007047EEF7FFFF15
:1021B0001102000C18940200A0F11203DBB21E2BD6
:1021C0009DBF0348D84000F001000020704700BFC9
:1021D0002102214270B50446A4B0466811A80D46FC
:1021E000FFF7BEFE174B11A8196805F0CBF8214682
:1021F0006B46002211A805F082F9044680B911A8A7
:1022000005F010F9DDE900120346284605F06AFBE7
:1022100011A805F0D7F911A805F09CF8044648B1BB
:1022200011A8FFF7DBFE204604F04DFC04462046D3
:1022300024B070BD11A8FFF7D1FE3146684605F005
:1022400046FCF4E7D495020070B5D51D1C78ED0866
:102250000646042C084611464FEA450286B002F1B4
:1022600001021DD10A9C94421AD1104C104A3440EC
:1022700044F0106494424FF0000414D15A1CCDE98C
:1022800002526A1C134401AACDE904530194FFF7DA
:1022900053FF18B9019802A9FFF79CFF06B070BD63
:1022A0006FF08600FAE72046F8E700BF0000FFF66F
:1022B000000002092DE9F041038803F44F44B4F50E
:1022C000824F02D0B4F5884F22D1DEB2C56803F444
:1022D000E0401F4B00241F4693F800C0B4451BD1BB
:1022E000D2F80080B0F5804F0CBFD3F80CC0D3F803
:1022F00008C0D3F804E0B8F1000F0BD18C4509D128
:10230000C2F800E08C450DD06FF08600BDE8F0818A
:102310000026DBE7F045F5D00134132C03F114035C
:10232000DAD1F1E7142303FB04773B7C13B96FF098
:102330008500EBE7422E09D1064B9D4206D003F201
:102340000B139D4202D00A339D42DDD10020DDE710
:1023500058940200000800062DE9F34105881F4645
:1023600005F44F43B3F5824F0E468046418802D0B4
:10237000B3F5884F1BD1EDB2422D3DD8402D13D877
:10238000A5F11203DBB21E2B36D81E4A42FA03F324
:10239000DA0731D4CC1DE40864000134089BA34261
:1023A00007D26FF0890024E0CC1DE408F6E7002492
:1023B0002546284601AAFFF7BFFED0B9D8F8042069
:1023C000114BB3EB122F19D0123DEDB21E2D15D8C3
:1023D0000E4BEB40DB0711D539460423019A01F877
:1023E000013B304600F0A6F804F06DFB08B9099BEC
:1023F0001C6002B0BDE8F0810024DAE76FF08500D0
:10240000F7E700BFDEFFFFBF004E80002100004065
:102410002DE9F0411546C4B003AC1E460DF1040889
:102420000FABC8E90021C4E90132226020AB1022C1
:102430000746002107A8E36005F08DFB4A9A6B0070
:1024400001339A426DD13378042B6AD14C9B9D4263
:102450006AD8731CCDE907536B1C1E44384607A984
:10246000CDE90956FFF7B6FE0546002855D131A83B
:10247000FFF776FD2E4B31A8196804F083FF0A267A
:10248000002239460BAB31A805F039F80546002883
:1024900034D131A804F0C6FF054602460B994046E8
:1024A00005F0F7F9DDE90C122B4607A805F01AFA3A
:1024B00031A805F087F831A804F04CFF0546E8B9CB
:1024C000013EDDD131A804F0EAFF064631A804F050
:1024D000A9FF23460246D6E9000105F0F3F9636837
:1024E00022680C93A3684B990D93E3680BA80B9299
:1024F0000E9305F0CEF94D9B0B9A1A60D4E90010AB
:1025000005F0E5FAD4E9021005F0E1FA284604F0F6
:10251000DAFA054631A8FFF761FD284644B0BDE868
:10252000F0816FF08605F8E76FF08905F5E700BFE9
:10253000EC9502002DE9F04796B0814603A80E46BF
:1025400015465768FFF70CFD254B03A8D3F800A0EC
:102550004FF00008514604F015FF6B460022294653
:1025600003A804F0CCFF044618B103A8FFF736FD1A
:1025700021E03A464946009805F0E5F9DDE90123F6
:10258000294603A804F079FF03A805F01BF803A867
:1025900004F0E0FE0628044611D108F10108B8F164
:1025A0000A0F04D0514603A804F0ECFED5E703A8B7
:1025B000FFF714FD6A24204616B0BDE8F087002816
:1025C000D3D103A804F06BFF05463A4601683046B4
:1025D00005F0C4F93A466968F01905F0BFF9C4E797
:1025E000EC95020008B54FF0FF324FF0FF33FAF7D9
:1025F000C1F840B104490548172200F0CDFC17216D
:10260000014800F0C0FC08BD59DA0200C99A020076
:1026100008B5FAF75DF940B1044905481F2200F0FA
:10262000BBFC1F21014800F0AEFC08BD59DA0200D6
:10263000C99A02002DE9F74305460C46914600F180
:102640000C06EFF31188402383F31288BFF36F8FDA
:102650003046FCF70BFB40B913491448842200F0C4
:102660009BFC8421104800F08EFC3046FCF722FBD6
:10267000AB6828465C4004EA090203EA09075340B4
:10268000002200930A496B460192FCF7D7F9DDE975
:10269000003223EA020330464146AB6003F072FE8B
:1026A000384603B0BDE8F083739B0200C99A02006C
:1026B000E77A02002DE9F04F85B00F46DDE90E1BE9
:1026C00004461646EFF305836BB151EA0B030AD0BB
:1026D00039493A4840F2211200F05EFC40F22111E3
:1026E000354800F050FC0291002F4CD006F0010359
:1026F0000393FCF739F804F10C098046EFF3118AD3
:10270000402383F31288BFF36F8F4846FCF7AEFA7D
:10271000029938B92A498422284800F03DFC8421D6
:102720002748DEE748460291FCF7C4FA16F0020F8C
:102730001CBF0023A360A36806F00102029903EA0C
:10274000070592B1AF4212D1720744BFAB43A360F9
:102750004846FCF799FAC0B919494FF499721748DD
:1027600000F01AFC4FF49971DAE7002DECD151EA30
:102770000B0312D14846FCF787FA0028ECD08AF305
:102780001188BFF36F8F002503E08AF31188BFF330
:102790006F8F284605B0BDE8F08FC8E9187622464D
:1027A000CDE9001B48465146FBF75EFC0028EAD104
:1027B000D8F86050EDE700BFADDA0200C99A020018
:1027C000739B020008B5EFF3058343B10649074840
:1027D0003A2200F0E1FB3A21034800F0D4FBC0E9C3
:1027E0000233C0E9000008BDADDA0200C99A020058
:1027F000F8B50E4B06461D68AB789B0712D56F687F
:1028000016F8014B29462CB90A20B847002805DBE9
:10281000204609E02046B8470028F1DAAB7843F0BB
:102820000403AB704FF0FF30F8BD00BF188F0200FB
:102830000CB430B58BB004460D462022002102A80E
:1028400005F089F90223002D06948DF80A300C4B0F
:10285000039312DB01D06B1E1C440FAA0E9902A831
:102860000794019200F074F815B1069B00221A70CB
:102870000BB0BDE8304002B070470024EDE700BF68
:102880007F7C0200242AF0B5044601D8012A40D1F9
:102890002E4B1622ECF722FF1A5001B10C600020DB
:1028A000F0BD2F463D4615F8010B2028F9D0A0F1C8
:1028B00009060346042EF4D92B282CD02D282CD120
:1028C00001262B78BD1C302B2DD1287840F020001C
:1028D000782824D132F0100021D16B782C461022B8
:1028E00002350020392B82BF03F1FF3343F0200370
:1028F000263B303B9A421AD9A0FB02040CB9C018FF
:1029000001D346F002062F462C4617F8013B3D4600
:10291000E8E70746C6E70026D3E70026D3E7002A04
:1029200008BF0822DDE7002A08BF0A22D9E701B163
:102930000C60F20748BF4042B307B1D5034B2222D7
:10294000ECF7CCFE1A504FF0FF30A9E70C00000066
:102950002DE9F04F43688BB0804692460093837810
:102960009C0740F1F98000250878002800F0F680E7
:1029700025280AD04B1C019301354146009B9847FE
:102980000028C0F2E3800199EEE74E788B1C252EDB
:102990000193F1D000270A22B9463C461F2C22D8C9
:1029A000A6F12003102B20D8DFE803F0141F1F1A14
:1029B0001F1F1F0B1F1F1F121F171F1F090044F08F
:1029C0000104019B13F8016B0193002EE6D13AE05C
:1029D00044F0020444F00404F3E744F00804F0E790
:1029E00044F01004EDE77F2C24D8A6F13003092B26
:1029F00008D860064EBF02FB073744F0200402FBF4
:102A00000939DEE72A2E0DD161065AF8043B53D46A
:102A1000002BA7BF44F020049946C3F1000944F0FD
:102A20002804CEE72E2E05D1630600F1978044F0EE
:102A30004004C6E76C2E2ED028D8682E32D06A2EDD
:102A400037D04C2E35D0002F46F02003B8BF24F0ED
:102A50004004A3F16502BCBF0027A4B2022A01D939
:102A6000612B2BD10AF1070A07279D4E2AF0070A8E
:102A70000AF1080A210760D506EB070B34465C45CE
:102A80005DD1AE1BA9EB0709A21959E1742E98D0AC
:102A90007A2E96D0D7E7260648BF44F4007444F057
:102AA00080048EE7E00548BF44F4007444F4807469
:102AB00087E744F4207484E71F4682E7A6F16302A7
:102AC000122A00F2D880DFE812F013004D00D60081
:102AD000D600D600D6004D00D600D600D600D600CF
:102AE000D600E800D100D600D6001A00D600A0001B
:102AF0005AF8043B012704AE8DF81030BAE75AF8B3
:102B0000046B784B002E08BF1E4614F0400F304671
:102B100014BF39464FF0FF3105F04FF80746A9E7DB
:102B200041462020009B984700280FDB013CA7422C
:102B3000F6D34D44A1462D1B9EE74C46F7E7414690
:102B400014F8010B009B9847002898DA98F8023097
:102B500043F0040388F802304FF0FF3528460BB0ED
:102B6000BDE8F08F220630D5A3052AD50AF1070A61
:102B70002AF007039A4659685AF8080B24F0100BFC
:102B800000291FFA8BFB2FDA40424BF4806B61EB7C
:102B9000410104AC0A23224605F01BF81BF0400F4C
:102BA000A0EB040200F08E802BF001049742A4B247
:102BB00040F38F80002E40F08E802BF01104A4B2E1
:102BC0001DE05AF8040BC117D8E7E0055AF8041BBA
:102BD00001D40846F7E7A20547BF48B241F3C01148
:102BE00008B241F3C031C9E750EA0103D1D163060D
:102BF000CFD5002FCDD124F011043A46A4B23B46E4
:102C000040F206410C4262D124E024F010040A2371
:102C1000A4B214F0800243D014F4007117BF0AF17B
:102C2000070A5AF8040B2AF0070292461CBF5168A3
:102C30005AF8080B50EA01023ED124F0160B620646
:102C40001FFA8BFB3CD5002F3AD124F017043A46EB
:102C50003B46A4B221075AD4E10705D5994572DD58
:102C6000A9EB03039F184B469B464AE044F010042F
:102C700010237826CDE7782B04D1C6F1780343F0F2
:102C80001003C6E741462520009B98470028FFF621
:102C90005DAF02354146304670E608230026B8E7AE
:102CA00014F480715AF8040BC4D014F400711ABFE4
:102CB000C0B2114680B2BDE724F006041FFA84FBBF
:102CC00004AC68E713465C46E10699D52EB901339A
:102CD000C0E71346F8E73B46F6E70233BAE700BF22
:102CE00029DB020022DB0200CDE90232414620202E
:102CF000009B98470028FFF629AF0BF1010BDDE997
:102D00000232D945F0DCEB1A03EB0B055B46E1061A
:102D100027D541463020CDE90232009B9847002854
:102D2000FFF614AFDDE902327EB901352F44791B7D
:102D30008A4229DB144604AE94BB2A44A9EB03095A
:102D40001546914440E017468EE70235414630462D
:102D5000CDE90232009B98470028DDE90232E5DA2E
:102D6000F4E640F206410C42E0D014F0020F05F107
:102D70000105414614BF2B20202014F4806FCDE9BB
:102D8000023218BF2D20E5E7CDE902324146009B13
:102D90003020013598470028DDE90232C7DAD5E650
:102DA000013C4146CDE90232305D009B9847002846
:102DB000DDE90232C0DAC9E641462020009B013538
:102DC00098470028FFF6C2AEA9EB0503002BF3DC01
:102DD000D9E500BF38B5044C044DAC4200D138BD34
:102DE00054F8043D9847F8E7000000000000000098
:102DF000704701460220F7F7C1B900EBC1004088D7
:102E00004008704708B5FFF7F8FF084408BD08B54B
:102E10000346FFF7F2FFB0FA80F21846BDE808401B
:102E2000C2F11F02EAF7DABB2DE9F843B1FA81F3E8
:102E3000C3F11F0800EB8809D9F8106005460A465F
:102E4000A6B94FF0FF34C3F120039C40EB681C404F
:102E50001CD094FAA4F6B6FA86F6331D55F8234032
:102E600028462146EAF736FC32460BE03446032773
:102E700021462846FFF7C1FF82420AD82846EAF7D2
:102E800029FC424621462846EAF7A8FB2046BDE831
:102E9000F88305EBC404E488013FC9F81040D0D0A2
:102EA000B442E5D1CDE738B50446FFF7A6FF0D469D
:102EB000034611462046FFF7A0FF1A1892B25300AE
:102EC00004EBC50520466B80FFF79CFF24F83020FB
:102ED00038BD70B50B460546FFF78FFF511A89B212
:102EE00005EBC3049B1A03444E0066809CB260004D
:102EF00005EBC203588025F8321028461146FFF72B
:102F000081FF25F8304070BD70B509B9002070BD53
:102F1000056801F007030B33CC0804EBD304AB685E
:102F200028469C4228BF1C462146FFF77DFF0646E7
:102F30000028EBD001462846FFF75FFFA04207D9E3
:102F400028463219FFF7C5FF11462846EAF77EFBEF
:102F500005EBC60210465388043043F0010353804A
:102F6000D5E71146FFF7D0BF002070470FB407B573
:102F700004A951F8040B0191EAF7DCFC03B05DF8F9
:102F800004EB04B07047002383F31188BFF36F8F05
:102F90000423184602DF70470FB407B504A951F89F
:102FA000040B0191EAF7C6FC03B05DF804EB04B032
:102FB0007047F0B564230446042500204FF00A0C46
:102FC00011B1013D01D12570F0BDB2FBF3F79A427A
:102FD000FEB202D2012B00D030B1303601390130BF
:102FE00004F8016BC9B2C0B203FB1722B3FBFCF3B8
:102FF000D2B2E5E7A0F13003DBB2092B02D80B70A7
:1030000000207047A0F16103052B02D857380870E3
:10301000F6E7A0F14103052B01D83738F7E76FF049
:1030200015007047F7B5054601F0010000EB5106A9
:103030009E424FEA510703D90026304603B0F0BD47
:1030400058B128780DF10701FFF7D4FF0028F3D11C
:103050009DF80730013502F8013B01351744BA42AB
:10306000EBD015F8010C0DF10701FFF7C3FF0028A5
:10307000E2D19DF807402401E4B2147015F8020B68
:10308000FFF7B8FF0028D7D19DF807301C4402F89D
:10309000014BE4E7838B13F0070306D10368002B91
:1030A00018BF032008BF00207047022B05D1C08B3A
:1030B000B0FA80F0400980007047012B04D103680A
:1030C000002B18BF0520EDE70020704710B50C4617
:1030D00000B111B96FF0150010BD081D00F02FF8F8
:1030E0000028F9D1A368032BF6D9F3E72DE9F041C5
:1030F0000D4607461946281D90461E46EAF7A0FED3
:10310000044638B13346424629463846A446BDE80F
:10311000F0416047BDE8F08138B50C46054658B12E
:1031200051B10B6843B14B6833B12022002104F048
:1031300012FD00202C6138BD6FF01500FBE703463F
:1031400058B1426802F00302012A03D0032A04D1D5
:10315000026812B10020986070476FF01500704748
:10316000704770B41E461546DDE903238169046883
:10317000C06B06FB0141294484682468A44670BCE6
:10318000604707B51021019104990091FFF7E9FF0D
:1031900003B05DF804FB00224B6801334B60C0694B
:1031A000924208BF834208BF4A607047F7B5426C3D
:1031B00085695200AD1A63F10006099B2A46009307
:1031C00033460446089FFFF7DCFF50B92046626C87
:1031D0000897521946F1000303B0BDE8F040FFF72D
:1031E000D0BF03B0F0BD10B5411C04460F22FF2034
:1031F000F5F7DAFD207010BDF9F7BCBA10B54378C9
:1032000004468B4209D1411C0F22FF20F5F7CCFD6B
:1032100023781B1A5842584110BD0020FCE710B516
:1032200041780446FFF7EAFF40B14FF6FF7362882A
:103230009A4206D16068431C5842584100F0010090
:1032400010BD0020FAE710B58269416C86B0521AB1
:1032500002AC63F100030094FFF793FF002808DB42
:103260002046FFF7DCFF30B100209DF80920089BC5
:103270001A7006B010BD6FF00100FAE730B5826930
:10328000416C87B0521A02AD63F1000300950A9CAD
:10329000FFF777FF00280ADB2846FFF7C0FF50B191
:1032A000049B33B99DF809201AB12260002007B0B1
:1032B00030BD2360FAE76FF00100F8E770B506460D
:1032C00008460D461446FFF7AAFF08B9002070BD56
:1032D00020466178FFF792FF0028F7D06388002B23
:1032E000F4D163680133F1D1A268B3699B1A726C9F
:1032F000B3FBF2F102FB1133002BE7D1687863785E
:10330000C31A58425841E2E773B5DDE90656CDE9E4
:1033100000560446FFF74AFF20B9324629462046A8
:10332000FFF7CCFF02B070BD30B50C46D1E90013F9
:103330000546426C8BB0521843F10003C4E90023E8
:10334000406CA969A1EB40018A4213D1ABB9E9698C
:103350009A184B1E06A9C4E90023019102A9284628
:103360000091FFF7D1FF002805DB08D1D5E9022342
:10337000C4E9002300200BB030BD013BEAE7089B05
:103380002360F7E72DE9F04F994606468846144634
:103390004FF0FF378DB0CDE90629DDE916A308AD62
:1033A00002930DF1170B22464B4630460095FFF76E
:1033B000E8FE024600283FD1304606A9FFF7B4FFD9
:1033C00000283DD1099A42451AD1FA17904208BF08
:1033D000B94503900CD022464B463046CDF800B09C
:1033E000FFF731FF831C0246039923D18DF8171094
:1033F00028469DF81710FFF701FF024640B94F46D7
:10340000DDE90612029B9A4208BF51450FD1002206
:10341000189F2E460CAB03CE9E423860796035462D
:1034200007F10807F5D1199BC3E9004904E00C46F0
:103430009146B8E70028DBD010460DB0BDE8F08F0C
:103440000246F9E70368012B81BFC91801F1FF317A
:103450005B42194008467047F9F73ABA2DE9F04344
:1034600089B00746DDE910851DB9002009B0BDE827
:10347000F0838169066803FB0166036C16441C68CF
:1034800064422C400DD0C06B83684246D3F8049050
:1034900031462346C8470028E8D12D1BE5D02644F5
:1034A000A0442A464146684604F048FB3C6C0DEBBC
:1034B000050022686179521B04F04DFBF86B23680C
:1034C0008268314654686A46A047CFE737B5102571
:1034D000CDE90015D0E902230446FFF7BFFF0246FD
:1034E00050B92946206CFFF7ADFFD4E902311B1A11
:1034F00061F10001C4E90231104603B030BD2DE98D
:10350000F0414FF0FF3200268CB004960592ADF8E2
:10351000122044F2012207920DF10F02009232466E
:103520001D4604460696FFF78EFE831CB0463AD130
:103530008DF80F60A269616C12EB08024FEA41013D
:1035400045F10003521A08A963F1000320460091D7
:10355000FFF717FE002828DB9DF80F209DF82110AB
:10356000531CDBB2994204BF0232D3B2129A04A8B0
:10357000013206928DF81130FFF735FED4E902676B
:10358000A369626C13EB080345F100059B1A65F112
:1035900000052046C4E9023504A9FFF797FF20B9CA
:1035A000C4E9026701E00028C4D00CB0BDE8F08196
:1035B000F0B500240546264685B003AFEB69A3426B
:1035C00002D8002005B0F0BD00222346284600970F
:1035D0000396FFF753FE08B1831CF3D1039B00222F
:1035E000009328462346FFF78AFF0028EAD10134DA
:1035F000E4E71FB504461022FF21684604F0ABFA49
:103600000023ADF8023023696846029394F8243011
:103610008DF80130FFF7E7FD69462046FFF756FFBA
:1036200004B010BD30B58BB004461022FF2102A8B3
:1036300004F091FA0023A268ADF80A30636C06A882
:103640009B18049394F8243010228DF80930236CD1
:10365000597904F080FAD4E9021341BB626CA16984
:103660005000884288BF013BA1EB4202C4E902231B
:1036700002A8FFF7B8FD02A92046FFF727FF204662
:1036800004F10801FFF787FD04F124030093D4E956
:1036900002232046FFF7D7FD831C4FF0000514D10D
:1036A00084F82450E3680020C4E904530BE0D4E913
:1036B0000402814273EB0202D0D3204606A9FFF731
:1036C00005FF0028C7D00BB030BD0028EAD0FAE7CC
:1036D00037B5CDE900121546D0E904230446FFF7BB
:1036E000BDFE00280CDB2946206CFFF7ABFED4E9B9
:1036F00004321B184FF0000042F10002C4E904320A
:1037000003B030BD2DE9F04F0026ABB000F1240529
:103710000095D0E9022304460B96FFF794FD821C26
:103720000CD100962046D4E90223FFF7E8FE60BBE7
:1037300000952046D4E90223FFF785FD28BB00222F
:1037400094F8243020460693E3680CA9CDE90C23B5
:10375000FFF721FD0C9BA56904930D9B2046059363
:10376000049BED18059B43F10006636CED1A12AB48
:1037700066F1000601931EAB00932A463346CDE95D
:103780000E56FFF7C1FD002802DA2BB0BDE8F08F1E
:103790002CD09DF879300DF1580984F82430636CF1
:1037A0005B00EB1A089366F100030993149BCDE9C3
:1037B0000E36DDE90EA7204652463B46CDF8009076
:1037C000FFF7DFFC0028E0D120460EA9FFF7ACFD93
:1037D0000028DAD1484694F82410FFF70FFDF8B915
:1037E000DDE908239F4208BF9245E2D1069B2046AF
:1037F00084F82430FFF7FDFE0028C6D10BAB009300
:103800002046DDE90423FFF739FD08B1831CBCD154
:103810000B9B20460093DDE90423FFF770FEB4E71D
:10382000BDF85A30002BDBD0D4E9022310A9039154
:103830001AA902912046CDE900231799CDE910A7D6
:10384000FFF7A0FD0028A0DBDDE91023BB4208BF85
:103850005245C5D1BDF85A60082E28D9B84622690C
:10386000DDF860B01892226C1268524202F0200318
:103870000793079D22ABB54228BF354600935A46B1
:10388000434620460195FFF76CFC00287FF47DAF8E
:103890002A46204622A9FFF71BFF00287FF475AFB8
:1038A00015EB0B0248F10008761B9346E1D1069B0D
:1038B00048468DF85930FFF796FC49462046FFF7F9
:1038C00005FE00288CD060E70021EAF7CDBC00237C
:1038D0001A46EAF741BD37B5002500951C46EAF7C0
:1038E000E3FD002802DBA04228BF204603B030BD24
:1038F000002307B51A460093EAF7D6FD03B05DF83A
:1039000004FB0FB407B504A951F8040B0191EAF7C1
:1039100011F803B05DF804EB04B07047704730B5A0
:103920004C680368A34201D2012030BD8A6822445A
:10393000934201D30020F8E7D1E90452954203D322
:103940006FF00B038B61F5E7CA681B1B42F835303B
:103950004368086902EBC00253600B6901330B61D5
:10396000E2E737B50C46C0B201A91546EAF766FE94
:1039700000280CDB019850B121462A46EAF784FE64
:1039800004460198FFF7CAFF204603B030BD6FF030
:103990001504F9E7F0B587B01F4604460D461646F4
:1039A00000F093FB022302930DF116030193BDF87F
:1039B0003030ADF81600009332463B46294620468B
:1039C00001F0D9FB07B0F0BD2DE9FF411F460D46C0
:1039D00016460446EDF7F8FD8046E8F7A2FFBDF86D
:1039E000283080B2CDE90180009332463B4629461B
:1039F000204601F0C0FB04B0BDE8F0810020EAF7EA
:103A0000A5BE00221146EAF76FBE034610B5084670
:103A10000AB10021116053B1D0B1411E11F8010F5C
:103A200080B113F8014BA04201D13D28F6D100200E
:103A30000EE0013313600AE03D2808D0B0FA80F0B0
:103A4000400905E018782F28F6D1002AF1D101208D
:103A500010BD10B509B100230B6058B103461A78A8
:103A60001C4601332AB13D2A03D02F2AF7D101B1D8
:103A70000B60201A10BD0830704713460A46D0E983
:103A80000001FFF728BFF0B5002704464FF00045BE
:103A900085B000F1080680F85C7008236A46294664
:103AA0003046FFF718FF831C21D1B5F1004F4FF0CE
:103AB00000070FD10823294630460DEB0302CDE95C
:103AC0000277EAF749FC002802DB3846C4E91557BB
:103AD00005B0F0BDA36D3046CDE902370823616D16
:103AE0000DEB0302EAF738FC00EAE070F0E700288B
:103AF000EEDB0099B9420ED194F85C20C5F3430384
:103B0000934217D8009B01982F466565A36500284E
:103B1000DED00546C1E73046FFF7D9FE0028D7DBE7
:103B200008236A46294630460097EAF715FC002824
:103B3000E2DACDE784F85C30E4E77FB500F1080510
:103B4000044628460E46FFF7C2FE002818DB28462A
:103B500006F18041FFF7BBFE002811DB46F00106AD
:103B600008236A4631462846FFF7B5FE002807DBE2
:103B7000009939B931462846FFF7A9FE002818DA1E
:103B800004B070BD082328460DEB0302FFF7A3FE27
:103B90000028F5DB019B0BB9029AA2650393082369
:103BA000284600990DEB0302EAF7D6FB0028E1DA7C
:103BB000E6E70199C1B1082328460DEB0302FFF7A0
:103BC0008AFE0028DCDB009B28460293082301992B
:103BD0000DEB0302EAF7C0FB0028D1DB039B0BB916
:103BE000009BA3650020CBE7009B6365FAE72DE906
:103BF000F0410D4607464A2194B0284603F0DDFF08
:103C000001462846E9F77CFC002620F0404424F0D9
:103C10001F0407F1080897F85C30B34201DA00246A
:103C200017E066F344044923404601AA44F00041EA
:103C3000FFF751FE031E01DC0136ECE70022503392
:103C40006B44284601A903F84C2CE8F758FE0028DD
:103C5000F2D1204614B0BDE8F08110B5044661B140
:103C6000FFF7C5FF58B140F0004101F1804104F178
:103C70000800BDE81040FFF73BBE6FF0150010BD17
:103C8000F8B5044616461D46B1B1AAB1FFF7AFFF1D
:103C9000A0B140F0004000F1804708342B46324686
:103CA00039462046FFF717FEA84207D1394620467D
:103CB000BDE8F840FFF71CBE6FF01500F8BD03F03B
:103CC0004ABF03F03BBF01460068EBF7C1B808B537
:103CD000EBF7F6F8BDE80840EBF78ABC00210120BD
:103CE000EBF7B6B8836E83F30B8870476FF08500EF
:103CF000704761B662B680F31188BFF36F8F70476B
:103D000072B6002383F31188BFF36F8FBFF34F8F19
:103D100030BF62B6BFF36F8F704772B6002383F374
:103D20001188BFF36F8FBFF34F8F20BF80F31188CF
:103D3000BFF36F8F62B6704740E800F313F4803F23
:103D4000D8B208BF6FF01500704730B50C684B68EB
:103D500085B00A894D890094013B24F01F04234457
:103D600002F01F0242EA451223F01F0369468DF854
:103D700008200393EBF7EEFC05B030BD08B5EBF778
:103D800035FF002008BD7047416A8968EBF7AEBF78
:103D900003680B6043684B6083688B60704738B57D
:103DA0000D4614461146ECF7E1F922462946BDE8D6
:103DB000384003F0C3BE10B50C460121ECF7D6F92C
:103DC000047010BD10B50C460121ECF7EBF904703E
:103DD00010BD10B5036801211C78ECF7FFF92046EF
:103DE00010BD10B5036802211C88ECF7F7F92046D6
:103DF00010BD7FB5064614460A888B78ADF80020C2
:103E000000210D220DF103008DF8023003F0A3FE16
:103E10006A466946304601F0EBFF28B9BDF800203C
:103E20009DF802302280A37004B070BD13B50C461B
:103E300001AA0331FFF7DDFF48B90322204601A99B
:103E400003F098FEB0FA80F0400902B010BD0020E7
:103E5000FBE770B50D4600210446FFF7FAFD0D287B
:103E600018D1237B302B13D1002305F8063B04F136
:103E70000C062A462046012302210234FFF7D2F81D
:103E8000B44205F1FF35F4D1002070BD0123ECE709
:103E9000312BFBD06FF01500F7E70020704710B50D
:103EA0000C460178227888B08A420ED06946ECF739
:103EB00095FC204604A9ECF791FC102268460DEB16
:103EC000020103F057FE08B010BD012A06D0022AF5
:103ED00007D072B940886388C01AF4E74068636805
:103EE000FAE71022611C013008B0BDE8104003F071
:103EF00041BE6FF01500E6E7042A0AD0102A0DD063
:103F0000022A4FF0000315D103700B884380012073
:103F10007047012303700B684360F8E7022300F841
:103F2000013B01F1100351F8042B994240F8042B96
:103F3000F9D1ECE718467047012310B50621044675
:103F400000F8013BF6F71CFE18B9A37963F03F03B4
:103F5000A37110BD0B6803608B8883808B7983719C
:103F6000037823F00203037070470078C0F3400029
:103F7000704738B50446807AEBF77AFE61690546EA
:103F800049B1637ADB0704D4436A20461B689B6807
:103F900098470023636121462846BDE8384002F077
:103FA00029B9438A23B9C068B0FA80F04009704744
:103FB00000207047D0F8A43083B15A7CD1070DD5CA
:103FC000D2060DD51B7C102B0CBF04230323437298
:103FD000807A98428CBF0020012070470223F6E7C8
:103FE0000323F4E70F2806D80D280BD8052814BFA3
:103FF000022003207047132804D01A2814BF02207F
:104000000120704701207047034610B5D3E8EF0F39
:1040100040EA0102C3E8E42F002CF7D110BDD0E83C
:10402000EF3F0B40C0E8E23F002AF8D1704710B5DF
:10403000EEF742FB04466FF480711030FFF7EFFF9C
:104040002046BDE8104000F0CBB9C368DB78012BF7
:1040500001D1FFF7ECBF7047C0F307235370002373
:104060001070000ED070C1F30720090E9370137109
:1040700050719371D1717047C368DB78012B01D106
:10408000FFF7D5BF70470020704710B502884388FE
:104090009A4218D8052A16D9B3F5486F13D88488E0
:1040A000B4F5FA7F0FD2C18840F67640A1F10A023A
:1040B00092B2824207D804FB0333B3EB810F34BFC3
:1040C0000120002010BD0020FCE70020704708B54B
:1040D000F4F7DEFB18B1408A003818BF012008BD94
:1040E00070B506460D464FF0FF304FF0FF31EDF74B
:1040F00025F9044668B103210C30ECF737F8068047
:1041000085702146BDE87040002240F20640EDF780
:10411000C9BA6FF0680070BDC368187808B1EDF7D0
:1041200041B81846EDF77CBB38B54FF0FF31054676
:104130004FF0FF30EDF702F9044668B102210C3070
:10414000ECF714F82B88214603800022BDE83840A4
:1041500042F21600EDF7A6BA6FF0680038BDF8B568
:1041600007460E464FF0FF304FF0FF311546EDF792
:10417000E5F8044678B106210C30EBF7F7FF3B88F1
:104180004680038085802146BDE8F840002242F247
:104190002200EDF787BA6FF06800F8BD072208B576
:1041A00003F0E8FCB0FA80F0400908BD0B6803603A
:1041B0008B8883808B7983717047D0E8AF0F70470D
:1041C000F8B50F46144638BB4FF0FF304FF0FF31C3
:1041D000EDF7B4F8054610B327210C30EBF7C6FF16
:1041E000224606463946FFF7E1FFC31D04F11001E0
:1041F00052F8040B8A4243F8040BF9D11022002133
:1042000006F1170003F0A7FC2946BDE8F84000229C
:1042100042F22700EDF746BA6FF01500F8BD6FF0D7
:104220006800FBE7037A02465B0705D501462E329C
:1042300011F8010BFFF7C4BF704738B54FF0FF31DD
:1042400005464FF0FF30EDF779F8044658B129469E
:104250000C30FFF7B0FD2146BDE83840002242F2A5
:104260002D00EDF71FBA6FF0680038BD10B400F1F3
:104270001003D3E8EF2F22F40051C3E8E41F002C11
:10428000F7D1930403D5012110BC00F0A7B810BCEE
:10429000704770B5044686B00E4601300131FFF715
:1042A0007DFF2E34162200210546684603F053FC9C
:1042B00010226946204603F05DFC40B110222046E2
:1042C00006F12E0103F056FCB0FA80F040092843B5
:1042D00000F0010006B070BD00F1100208B5034601
:1042E0001046FFF76AFFC1050DD5D2E8EF0F40F485
:1042F0000050C2E8E10F0029F7D11846BDE8084098
:10430000002100F06BB808BD10B50C4630B919B1EA
:10431000F4F770FA00B1441C204610BD0024FBE7FE
:1043200018B111B10846EDF7CFBD6FF01500704719
:1043300013B5044680B106216846F6F721FC48B95A
:104340009DF80530694603F03F0320468DF805309F
:10435000FFF7E6FF02B010BD6FF01500FAE7003876
:1043600018BF01207047037AD90704D523F0010351
:104370000372EDF75FBE990704D523F002030372C1
:10438000EDF704BF704700207047D0E8AF0F7047CB
:1043900070B506460D464FF0FF304FF0FF3186B046
:1043A000ECF7CCFF0446B0B10C3095B10121FFF71A
:1043B00002FD204606F1100203A908230095ECF740
:1043C000ABFF0022214642F20A00EDF76BF906B07E
:1043D00070BD2946EBE76FF06800F8E7FFF7D8BF3C
:1043E0001830F9F77FBA00230B60436813B9C0E9AE
:1043F00000117047196041607047D0F8B400003870
:1044000018BF01207047034610B5D3E8EF0F40EA0C
:104410000102C3E8E42F002CF7D110BD2438EEF7D9
:1044200081BE002203680BB9184670478B4210D139
:104430000B6842B942680360914200D14360002397
:1044400001200B60704713604368994208BF4260C7
:10445000F5E71A461B68E6E710B50446006918B18F
:10446000EBF7A2FD0023236110BD10B50446D0F880
:10447000A40028B9207A04F17001F4F709FA38B1E0
:10448000E278438A2AB903F02100003818BF0120DE
:1044900010BD03F02400F8E738B583780446012BFB
:1044A00023D1437B072B23D10B0601F07F050CD5CD
:1044B0004FF400410430FFF7A6FF2046A572F3F742
:1044C0004FFC08B1637AA37238BD437AAB4212D273
:1044D000837AAB420FD2031DD3E8EF1F21F40041D2
:1044E000C3E8E21F002AE8D0F6E76FF01500EBE71B
:1044F0006FF07F00E8E70020E6E78378012B0CBF30
:10450000407A0020704738B5037A04468B4215463E
:1045100015D100F170010722284603F02BFB80B172
:10452000E378072243B904F17E01284603F022FB19
:10453000B0FA80F0400938BD04F17701F5E70020BA
:10454000F9E70120F7E78378012B0CBF70300020DA
:104550007047F8B507460D464FF0FF304FF0FF317A
:10456000ECF7ECFE0646D0B10E210C30EBF7FEFD69
:1045700004460E22002103F0EEFA3B8831462380E8
:104580002B88002263806B8842F21300A380AB88E3
:10459000E380EB882381BDE8F840EDF783B86FF046
:1045A0006800F8BD704710B50446F9F79BFE234636
:1045B00053F8442BD2F8B41061B96164D2F8B81042
:1045C00061B9C2E92D33F9F7DFFE2068BDE810407C
:1045D000EEF73CBF8B42F6D00968EDE70B60C2F8FE
:1045E000B830F0E770472DE9F843446B2CB154F82C
:1045F000085905B1083D00270CB9BDE8F883D4E996
:1046000000682EB3F9F76EFE0022D6F8B43004F13C
:10461000440163B1994233D1636C4ABBD6F8B820E8
:10462000C6F8B430914201D1C6F8B8306764F9F7E2
:10463000ABFE04F13009002200234846F8F7B2FA35
:10464000064600BBD8F804300BB1204698472760D7
:10465000E3680BB120469847D8F820300BB12046CC
:104660009847DDB1AB6803B1083B2C461D46C3E754
:104670001360D6F8B830994208BFC6F8B820D5E71D
:104680001A461B68C5E7B36923B16FF06D02F16983
:10469000206898473046EBF787FCCCE72B46E4E7E9
:1046A00038B5406B0D4620B150F8084904B1083CBC
:1046B00000B938BD43689B680BB1294698472CB1B7
:1046C000A36803B1083B20461C46F1E72346FAE7FE
:1046D000406B28B1838B08388B4201D08068F8E7A3
:1046E000704710B54AB989B2FFF7F2FF28B14368A5
:1046F0009B6913B1BDE81040184710BD38B50D4691
:104700000521FFF7E5FF002329461A46EFF7C6FD0E
:10471000044610B12846EBF747FC204638BD406BF5
:1047200028B1838908388B4201D08068F8E7704748
:1047300070470346006828B15968026888421A60C9
:1047400008BF5A6070470346002003B970471A8AB1
:104750005B681044F9E710B5D4680231237813B9C7
:104760002170012010BD8B42FBD0038A023B0382E3
:1047700000201061F6E773B51446014605464FF474
:104780009572206800F0D2FD207530B92946206866
:1047900000F07AFE20B908232375002002B070BD16
:1047A000237AB3B1A3F11802534253419B00019302
:1047B000638A29460093AE68238AE2682068B0477E
:1047C000002808DB238A98420CD10023012023759E
:1047D000E4E70223EBE710F1FF0F03D34042C0B23E
:1047E0002075DAE70E20FBE7F8B5936805460F461B
:1047F0001446166863B9506801210C30EBF7B6FC1B
:10480000A0602B681B78002B14BF022301230370C8
:10481000A3681B78012B03D0022B1FD000201CE0C3
:104820002B681B78002BF9D1606804210C30EBF762
:104830009DFCE06007802A68E36852885A806168BE
:10484000728D738B088A9A4294BFC0EB0200C0EB52
:104850000300042894BF00200120F8BD2B681B78BA
:10486000022BDBD1606812210C30EBF77FFCE0609B
:1048700007802B68E268591C0232113351F8040B8F
:10488000994242F8040BF9D16168728D738B088AE2
:104890009A4294BFC0EB0200C0EB03001228D9E794
:1048A00070B40668326A5AB3144654F8A03903B19A
:1048B000A03B002211467CB9438D408B8B4201D82E
:1048C00090421FD9824238BF02469942306838BFB1
:1048D000194670BCF2F74CBC844207D0658D648BDE
:1048E000A94238BF2946A24238BF224633B1D3F885
:1048F000A05005B1A03D1C462B46DCE71D46FAE75B
:104900001146D9E770BC7047D0680431037813B9F9
:104910000170012070478B42FBD0002091680B8A08
:10492000043B0B82106170472DE9F0410446886812
:10493000FFF709FF638D628B0D46934228BF134634
:1049400083421DD300276165D1F808808F60F9F795
:10495000C9FC41462046EFF757FF064638B1C5F877
:1049600008806765F9F710FD3046BDE8F081618D7C
:10497000638B2846994228BF194600F082FDF1E773
:104980006FF07906F0E72DE9F041046A074644B17B
:1049900054F8A06906B1A03E0022154607F10408AC
:1049A0000CB9BDE8F081636D9BB905B98AB9404681
:1049B000FFF7BFFE054658B101462046FFF7B4FF9A
:1049C0000028EED07B682B60BB687D6003B9BD60BA
:1049D000224636B1D6F8A03003B1A03B34461E467D
:1049E000DEE73346FAE738B504460D46EFF70CFF2D
:1049F00030B1294604F15800BDE8384001F0EFBB62
:104A000038BD2DE9F041CB6805461F88BBB2162B97
:104A10001BD90321EFF7ACFF0646C0B102210C30D1
:104A2000EBF7A4FB00244FF04108314680F80080EA
:104A300044702846FFF7D7FF2846A5F81A806F85EF
:104A4000FFF72EFF2046BDE8F0810420FBE70E2093
:104A5000F9E71FB5CDE9012300231A460093F1F7CA
:104A60006FFD05B05DF804FB0022036803B97047D1
:104A70008B420FD10B683AB942680360914200D172
:104A8000436000230B60704713604368994208BF7E
:104A90004260F6E71A461B68E8E7D0E8EF3F43F0CC
:104AA0000802C0E8E12F0029F7D1C3F3C000704726
:104AB00037B50C46054601F10C00FFF792F9228A42
:104AC00003460192E2681221009228461322F0F771
:104AD0004DF803B030BD37B50C46054601F10C006A
:104AE000FFF77FF9228A03460192E2682846009286
:104AF00000221146F0F73AF803B030BD07B5CA6896
:104B00000C211388528800920D22F0F791F803B01F
:104B10005DF804FB07B50022CB680A211B880092D0
:104B20000B22F0F785F803B05DF804FB70B504467E
:104B30000E46002200230846F8F734F8054658B11F
:104B400001462046EFF760FE044618B1294630467C
:104B500001F050FB204670BD6FF00104FAE72DE92B
:104B6000F04F064685B0104690469946FFF7EBFD9C
:104B7000738B728D8B46934228BF1346834275D93F
:104B8000736840460393EBF777FA4FF0000A044648
:104B90004046FFF7D8FDE168228A658A6369AD1A4D
:104BA000CB1AED1A778B738D9F4294BFC0EB070031
:104BB000C0EB0300854228BF054625BB98F80A00D4
:104BC000EBF756F800220023FFF7DEF8044608B999
:104BD000574627E001464046EBF78CFA4046FFF780
:104BE000B2FDE168228A658A6369AD1ACB1AED1AB3
:104BF000778D738B9F4294BFC0EB0700C0EB03001F
:104C0000854228BF0546CDF80090DBF804700A44C1
:104C100003985946ABB2B847071E07DABAF1000F3E
:104C200018BF5746384605B0BDE8F08F0E9BABB9AC
:104C3000394604F10C00EBF799FA4046FFF783FD83
:104C4000738D728BB944934228BF13468342BA4492
:104C50001FFA89F9BCD9AF429AD0B9E73946204644
:104C60000F9A0E9B98470028E2D1B1E70027D9E7B9
:104C700000232DE9F34117681446D7F80480014654
:104C8000137306469522404600F050FB05462073FC
:104C900030B93146404600F0F5FB28B908232373AC
:104CA000002002B0BDE8F081A068798D7A8B038A7C
:104CB000914294BFC3EB0103C3EB0203012BEFDD71
:104CC00002210C30EBF752FACDE900558046A3885B
:104CD00031463846A268FFF742FF031E06DA13F199
:104CE000FF0F2ABF5B420E23DBB2D8E70120A8F8F2
:104CF0000030D6E700232DE9F34117681446D7F8B2
:104D000004800146137306469522404600F00EFBD0
:104D10000546207330B93146404600F0B3FB28B950
:104D200008232373002002B0BDE8F081CDE90055CF
:104D300031463846A388A268FFF711FF002807DA3A
:104D400010F1FF0F32BF0E204042C0B22073E9E7DE
:104D50000120E8E7F8B5054650F8044C071F00F1BC
:104D60004C03D3E8EF1F21F00401C3E8E21F002A3F
:104D7000F7D1FCB12B6D83B9636873B1201DFFF7C8
:104D8000D8FC064601463846FFF7CEFD90B1636871
:104D90003360A368666003B9A660384605F1540124
:104DA000FFF7C4FE30B1384604F10C01BDE8F8400D
:104DB000FFF7BCBEF8BD38B50546D1E8AF3FDB070D
:104DC00016D550F8040C98B12B6D8BB90430FFF751
:104DD000B0FC044660B10146281FFFF7A5FD38B1BD
:104DE00055F8043C5A6822609A685C6002B99C607D
:104DF00038BDF1F703BB08B500230A8AC968F0F78C
:104E00008BFC002008BD0120704708B5F0F71EFBA1
:104E100078B1036A6BB1A03B03F15002D2E8EF0F07
:104E200020F00800C2E8E10F0029F7D1D3F8A03044
:104E3000F0E708BD08B50421FFF771FC20B14C3044
:104E4000D0E8AF0FC0F3C00008BD70B51C460E46D9
:104E50001546EFF7B5FC0123C0E90365C38004756F
:104E600070BD10600020704710B5029CA36833B17C
:104E7000B1F5807F28BF0E21CAB221469847A37D95
:104E8000E268013BDBB2A37522B11BB92046BDE845
:104E90001040104710BD1060918000207047002026
:104EA0007047F0B5076806463D78144689B0E5B905
:104EB0007B88B3F5245F04D011D8A3F52053032BCE
:104EC00013D8ADF80A10022220460DF10A01F0F7BE
:104ED000ADFD70B16FF01503C4F8903106E003F535
:104EE0005643FF339BB2042B20D90125284609B035
:104EF000F0BD7B88022220460DF10A01ADF80A3090
:104F0000F0F794FD0028E5D1009003AA1323314661
:104F10007768B847021E02DAC4F89021E6E703A9D1
:104F20002046F0F783FD0028DFD0D3E7ADF80A1064
:104F3000022220460DF10A01F0F778FD0028C9D1C0
:104F40007B880222ADF80A300DF10A01E8E707225A
:104F500008B502F00FFEB0FA80F0400908BD10B5A8
:104F600003780446934207D10130FFF7F0FF002891
:104F700014BF2046002010BD0020FCE7034610B5FA
:104F8000D3E8EF0F40EA0102C3E8E42F002CF7D189
:104F900010BD034610B5D3E8EF0F00EA0102C3E8E5
:104FA000E42F002CF7D110BD0B6803608B88838041
:104FB0008B7983717047D0E8AF0F704770B50D469D
:104FC000064611F8010BEEF70DFF044610B12C89CF
:104FD000EEF7EAF96B89A34207D0EB686C8123B145
:104FE00021463046BDE87040184770BD08B50C300A
:104FF00029B10121FFF7C2FFC043084008BD6FF08F
:105000000101FFF7C6FF00F00100F7E710B5044605
:10501000FFF7ECFF38B12146BDE81040012211F83E
:10502000010BF0F729BE10BD38B504461546FFF751
:10503000EAFE48B12046F0F7D9FD28B1037ADB0734
:1050400002D50121FFF7E2FF55B9207A04F1700182
:10505000F0F752FD20B18560BDE83840F0F75CBE46
:1050600038BD38B5BDF810401546A2420CD84CB139
:105070006BB1A41A8C42A8BF0C46A4B2224659199F
:1050800002F05CFD204638BD6FF00604FAE76FF0D1
:105090000D04F7E730B585B0C96814461D46F0F732
:1050A000D7FD00B100890223ADF80E000093294618
:1050B0002046BDF820200DF10E03FFF7D2FF05B00A
:1050C00030BD1FB50C461946E36810461C78BDF884
:1050D00018203CB110240133069404B0BDE8104000
:1050E000FFF7BFBF5B88ADF80E30022300930DF1D0
:1050F0000E03FFF7B6FF04B010BD30B51D46002308
:1051000085B014468DF80C30F0F770FD10B1037ABD
:105110008DF80C300123294600932046BDF820204D
:1051200003ABFFF79EFF05B030BD70B500F1700610
:1051300005463146007AFEF7CAFF04463146287A12
:105140001CB1BDE87040F1F713B8F0F7D5FC10B111
:1051500004604460846070BD022A10B508D1002349
:1051600000F170011A46007AF0F7EAFD022010BD46
:10517000FFF7DBFFFAE738B5BDF81010BDF81840AF
:105180001046A142059D0CD84CB16DB1641A9C42E9
:10519000A8BF1C46A4B22246294402F0CFFC2046F8
:1051A00038BD6FF00604FAE76FF00D04F7E713B5AA
:1051B000044610B9002002B010BD00238DF8043061
:1051C00042F60303006801A9ADF80630FEF767FE5A
:1051D0000028EFD1E36898880028ECD12046F1F749
:1051E0006FF9013080B2E6E770B5CC681E46A3794E
:1051F00088B008468DF80C301546FFF7D8FFADF89B
:105200000D00246823786BB96388ADF80F3005234F
:10521000009331462846BDF8302003ABFFF721FF4D
:1052200008B070BD631C0DF10F02113453F8041B5C
:10523000A34242F8041BF9D11323E9E71FB5CDE9D6
:10524000012300231A460093F1F77AF905B05DF8BF
:1052500004FBF1F787BA38B5044659B100F170057F
:105260002946007AF1F732FB2946207ABDE838401A
:10527000F1F772B838BDF8B506460F46F0F71AFCDC
:10528000394604463046FEF722FF48B344B304F1E2
:1052900008056FF001012846FFF77BFEC20703D522
:1052A00039463046F1F712FB6FF002012846FFF74E
:1052B00070FE830703D539463046F1F74DF828468E
:1052C000FFF779FE60B9234603F8010BC4F801002B
:1052D000C3F80300D5E8EF3FC5E8E20F002AF9D193
:1052E000F8BD10B50446A0F1170110F8180CFFF72F
:1052F000C2FF14F80C0CA4F10B01BDE81040FFF73D
:10530000BABF002313B58DF8043042F603030446F8
:1053100001A90068ADF80630FEF7C1FD18B92046B6
:10532000F1F728FB0446204602B010BD38B54C8A80
:10533000D3070546C4F30E0404D514F0950F2AD004
:105340004B6843B3900704D514F4957F25D08B6840
:105350001BB3144014F4DE7F0DD0EB7A2BB9284632
:10536000FFF783F8D8B9052038BD14F0300F04D109
:1053700014F4C07F07D10020F6E72846FFF7BDF8F8
:105380000228F5D8EFE7D5F8A430002BEBD05B7CF2
:10539000DB06E8D5EFE70220E6E70320E4E70F208D
:1053A000E2E7F8B514460F46942261680646FFF717
:1053B000BDFF20BB012230466168F1F7EDFA08B36A
:1053C000A2891B2130460232F0F73CF90546E0B1D4
:1053D000A1890C300231EAF7C9FE20F8027BA289CC
:1053E000A16802F0ABFBD4E9041228460123FFF7C1
:1053F0002CFD29463046BDE8F840F0F795BA4FF04D
:10540000FF30F8BD6FF01500FBE76FF00B00F8E719
:105410002DE9F04105468846F0F7E8FB0446E0B187
:10542000037ADB0719D500F10C073846FFF7C3FDF7
:1054300010F0010611D1B8F1000F0FD06FF002018A
:105440003846FFF7A6FD10F0020F284609D0FFF7F7
:10545000DCFC01212046FFF7D9FD01263046BDE8DE
:10546000F081FFF7D0FC0028F8D02846FFF7E2FCD7
:105470000028F3D06FF002013846FFF78AFD284676
:10548000E5E77047012070470120704713B5C068F9
:10549000144668B100238DF804304FF4C05301A9BD
:1054A000ADF80630FEF7FBFC10B92368013323602A
:1054B000012002B010BD07207047D0E8AF0F0841AF
:1054C00000F00100704738B50A46034609B90120CB
:1054D00038BD488A10F0240FF9D0197D5D7B147C0B
:1054E000A94228BF29468C4201D90020F0E7800656
:1054F00007D4517CC9070BD4187A003818BF012093
:10550000E6E70521181DFFF7D8FF0028F1D1ECE7E9
:10551000197A0029E9D00521181DFFF7CEFF18B927
:10552000197A01390129E0D9527CD207CFD4E3E7B7
:1055300001238B40DB43D0E8EF2F1A40C0E8E12F76
:105540000029F8D170470720704701238B40D0E82D
:10555000EF2F1A43C0E8E12F0029F8D1704708B5B2
:105560000E21FFF7F2FF002008BD38B504210446E4
:10557000F1F792FF054698B110210C30EAF7F6FDDD
:1055800004F1270304F1370253F8041B934240F857
:10559000041BF9D120462946F1F7F2FE002038BD60
:1055A0000820FCE770B5D0F8EC300446DB78012B1E
:1055B00019D1CD68061D10213046FFF7B9FF2B46E3
:1055C00004F1B70205F1100153F8040B8B4242F8C5
:1055D000040BF9D107213046FFF76FFF28B10921ED
:1055E0003046FFF7B2FF002070BD0A213046FFF7BA
:1055F00064FF0028F3D12046BDE87040F2F728B8D8
:10560000072070470720704707207047012303FADF
:1056100001F1CA4330B5D0E8EF3F03EA0204C0E825
:10562000E54F002DF7D101EA0300003818BF012033
:1056300030BD38B504460025031DD3E8EF2FC3E87D
:10564000E15F0029F9D104F59C70F8F74BF9257258
:10565000D4E8EF3FC4E8E25F002AF9D12046BDE874
:1056600038400121FFF771BF70B500F170060546A3
:105670000C4607223046096802F07CFAB8B9636824
:105680001A682A679A88A5F874209B7985F876307D
:10569000D5F8A4305BB1A268934208D06268116863
:1056A000C3F801109188A3F805109279DA7170BDE2
:1056B0002DE9F84FDDF82C80044692461F46BDF8D0
:1056C0002890F1F733FE054600285CD0061DB9F19D
:1056D000000F27D15AEA070324D103213046FFF7F0
:1056E000ECFEF8B101213046FFF7E7FED0B12C7D8A
:1056F0006B7B05F147019C4228BF1C462246404671
:1057000002F01CFA0F2C06D84946C4F1100208EB2F
:10571000040002F020FA30460121FFF716FF0120B5
:10572000BDE8F88FD4F8A43083B904F1700B5A4661
:105730002020217AF3F738F8C4F8A40030B95A468B
:105740000120217AF3F730F8C4F8A400B9F1000F72
:105750000CD15AEA070709D1D4F8A41031B14B8A09
:105760009B0603D50C7C1E312246C8E70F2130462C
:10577000FFF7A3FE20B1022206212046EEF7CEFA63
:105780002846FFF756FF0020CAE76FF085007047F4
:1057900070B504460820F1F77FFD0546E0B1061D0F
:1057A00008213046FFF7C4FEBCB30721FFF7C0FE57
:1057B000234605F1970204F1200153F8040B8B42B4
:1057C00042F8040BF9D10A213046FFF776FE70B19A
:1057D00009213046FFF7B9FE0720F1F75DFD0446C9
:1057E000E8B1F1F7EDFDD0B10821204612E010211B
:1057F0003046FFF762FE09210028EAD13046FFF764
:105800005CFE0028E8D02846F1F722FF0146002878
:10581000E2D02846F2F7F6FBDEE70B21F9E770BD90
:1058200070B50446A0F1EC0650F84C3BE83CD3F8C8
:10583000A450F8F757F803212046FFF73EFEA0B129
:1058400008213046F2F74EFB3DB16B8A13B16B7CF9
:105850009B0702D52846F3F775F83046BDE870403F
:105860004FF4B872002102F076B901212046FFF70B
:1058700024FE0028E4D10F212046FFF71EFE002859
:10588000DED1E1E710B5431E00F11002073013F836
:10589000011F12F8014D83421C701170F7D110BD29
:1058A000F0B50E4614461D4697B00146202205A8C5
:1058B0001C9FF3F779F9202231460DA8F3F774F90C
:1058C0002146102201A88DF85450F3F76DF93B469C
:1058D000412205A901A8F3F721FA044610B9384678
:1058E000FFF7D0FF204617B0F0BD2DE9F043164674
:1058F0001D4697B00446DDE91F98102205A8219F98
:10590000F3F752F91022314609A8F3F74DF91022A6
:1059100029460DA8F3F748F903221E9911A8F3F7B9
:1059200043F9494611F8013BD9F801008DF8473099
:105930008B880622129012A8ADF84C30F3F734F998
:10594000414611F8013B06228DF84E30D8F801305F
:105950000DF14F00CDF84F308B88ADF85330F3F791
:1059600023F92146102201A8F3F71EF93B464122F4
:1059700005A901A8F3F7D2F9044610B93846FFF794
:1059800081FF204617B0BDE8F083F8B5069F0546B5
:105990000469C9B2EFF3118C402080F31288BFF381
:1059A0006F8F0C2606FB0146B06C00F0070EBEF1AF
:1059B000010F10D1B76400268CF31188BFF36F8FED
:1059C0003EB90C2041430C44C4E910236B685B587A
:1059D00098473046F8BD00F0C00087420CBF6FF01A
:1059E00077064FF0FF36E7E713B580240094FFF702
:1059F000CCFF02B010BD0069CBB200EB4310002118
:105A000010471046F7F780B900F032BA00F031BA0B
:105A10008022F3F71FBA40F272607047084608B55B
:105A20001146FAF76FF9002818BF6FF0040008BD9F
:105A300008B5FAF7C7FA002818BF6FF0040008BDD0
:105A40002DE9F0470024836886B0884691465B695B
:105A500002AA01A99847A2462546029BAB4202D85A
:105A600006B0BDE8F0870026019F07EBC5077B68FD
:105A700004933A680AEB0603B24202D89A4601350B
:105A8000EBE749460394059303A8C0470028E7D0F5
:105A9000049B01361C44ECE74FF47D2200230020D8
:105AA000C1E90023704710B50C1E10461A460ADBE8
:105AB000B4F57D2F07D2C4F57D24A34203D802F0AC
:105AC0003DF8002010BD6FF01500FBE770B5037BBB
:105AD00004460BB100F0DFF90026A06800B970BDE4
:105AE000B0F5807F28BF4FF4807005460246D4E9A8
:105AF0000010F3F7CBFB63682B44636023680BB1A2
:105B00002B442360A3685B1BA360002BE5D0237BA1
:105B10000136002BE1D0304600F0BEF90028DCD081
:105B20000120DCE741EA02030846C3F30B0109B98F
:105B3000F3F7CEBB6FF015007047084611461A46C2
:105B400021B103431B0701D1F3F7C2BB6FF015006E
:105B50007047436800205B68DB680B6070474368F0
:105B600002EA01005B6821EA0201586000209960A6
:105B70007047436800205B685960704743680020A5
:105B80005B689960704743685B681A6821EA0200A5
:105B900011405860002099607047F5F771BE30B52C
:105BA00043681360057A446804EBC504A34202D33A
:105BB0006FF0010030BD5C7908338C42F1D10020D8
:105BC000F8E743681B68D3F83031704743681B68B7
:105BD000D3F88004C3F88004704742681368D3F890
:105BE0004C0150B10020926A12780A70C3F84C013F
:105BF000D3F84C2101229A6270474FF0FF30704772
:105C000013B501AA0446FFF7CAFF002805DB019B74
:105C1000226819791868F3F7D1FD02B010BD38B5C4
:105C20000546002201214FF48270E9F755FC4FF43C
:105C30008270E9F72FFC6C680121E068FFF7E0FF54
:105C40006B6819686369C1F82435E28BA38BA07E69
:105C50001343228C1343628C1343627E9BB2024334
:105C6000207E02431343C1F86C3569680B68D3F892
:105C7000002242F48022C3F800220822C3F8002543
:105C80004A6A0121C3F83C270022C3F8402719655E
:105C9000D3F830110029FBD0C3F800256D6800212E
:105CA000E8682C68FFF7ACFF0823C4F800352A7AAF
:105CB00052B9AB6AC4F804370123C4F80837C4F8F2
:105CC0004C21D4F84C21A362002038BD08B5022035
:105CD000F3F7FEF9002008BD0121F4F74FBA0021C7
:105CE000F4F74CBA10B54FF0FF304FF0FF31F4F736
:105CF00067FA044628B9DAF767FD044618B1F4F7E5
:105D000067FA204610BDF4F763FA2046EAF7F0FD83
:105D1000F7E738B50B8A0D463BB101F10C00FEF7F1
:105D200058F8012818D0022803D06FF01504204637
:105D300038BD4FF0FF304FF0FF31F4F741FA044621
:105D40000028F4D1E868E3F70EFB0446F4F740FAC4
:105D5000ACB1F4F769FBEAE74FF0FF304FF0FF31E9
:105D6000F4F72EFA04460028E1D1E868F4F712FCB3
:105D70000446F4F72DFA002CD9D1F4F755FB284648
:105D8000EAF712F90024D2E7F4F77EBB10B532220D
:105D90000021044601F0DFFE202323708023A3703E
:105DA0006FF03F0363710423A3722823A3730223BC
:105DB000E3730423A3756FF0480363760323A3768C
:105DC0006FF01F03E3760E232377302384F820300F
:105DD000402384F82130792384F822307E2384F80C
:105DE0002330802384F82630042384F8273010BD24
:105DF00008B50323E6F7BCFC002008BD08B5F4F79E
:105E0000E3FE002008BD08B5FAF7DCF848B100232E
:105E100083F31188BFF36F8F0423184602DF6FF0FE
:105E2000040008BD684620F007018D4601B5E2F781
:105E3000C1F9BDE8014085467047684620F007017A
:105E40008D4601B5E2F7A8F9BDE8014085467047E7
:105E5000684620F007018D4601B5E2F7DBFCBDE89E
:105E600001408546704708B5E6F7AFF8002008BD49
:105E700070470020F4F788BF7047E1F7C5B808B550
:105E8000E2F7FEFE30B1EFF305800338032894BF3C
:105E90000020012008BD7047012070470346002004
:105EA000184700F049B9024610B5116891B1B1FA2E
:105EB00081F3C3F11F000123834021EA0303D2E8E9
:105EC000EF4F8C4204D1C2E8EC3FBCF1000FF6D199
:105ED000EBD110BD6FF00B00FBE710B50368CB40B2
:105EE000DB0710D401238B40026843EA0201D0E8AB
:105EF000EF4F944204D1C0E8EC1FBCF1000FF6D183
:105F0000F2D1002010BD6FF01500FBE743090AD065
:105F1000012B0AD16FF07C4300F01F0023FA00F040
:105F200000F0010070471F23F6E70020704710B50E
:105F300004460846F5F706F904EB4004207DC0F35B
:105F4000401010BD10B504460846F5F7FBF804EB09
:105F50004004A08A00F01C00003818BF012010BDCA
:105F600010B504460846F5F7EDF804EB4004207D33
:105F7000C0F3400010BD10B50446FFF7F1FF20B19B
:105F80002046BDE81040FFF7D2BF10BD10B5044653
:105F90000846F5F7D7F804EB4004A08A400B10BD83
:105FA00070B5044608461646F5F7CCF8083034F8C4
:105FB00010300D46DA0509D5C3F3432304EBC302C1
:105FC0003146284654F8333052689847A3682BB1BD
:105FD00031462846E268BDE87040184770BD2DE99B
:105FE000F3411746DDE90858019001A80C461E460A
:105FF000F5F7EAF8019B391E18BF012100EB830079
:10600000231E18BF0123002E43EA41030CBF0021C9
:106010000C21002D43EA01030CBF00214FF47061F5
:10602000B8F1000F43EA01030CBF00214FF44031E7
:10603000D0F880200B4322EA030304B124780FB187
:106040003F787F001C430EB13678B6003C438DB1DB
:10605000297809023443B8F1000F03D098F8008082
:106060004FEA0848214341EA0801C0F8801002B015
:10607000BDE8F0812946EDE71FB50DF10F0301934F
:1060800000238DF80F101A4619460093FFF7A7FF5B
:1060900005B05DF804FB2DE9F0470025044688466D
:1060A00017462E464FF00109AA46BE420CD1D4F83D
:1060B000443133B10023C4F84431D4F8443145F4B9
:1060C00000352846BDE8F087F0B2F5F7ABF8A0F54B
:1060D00080739B0809FA03F318EA030F05D02258CE
:1060E0001AB144F800A022581D430136DDE738B547
:1060F00004460D46FFF71BFFA8B12046FFF730FF0F
:1061000088B92046FFF742FF012322688340C2F886
:106110001833236803EB8000D0F8103523F0030315
:10612000C0F8103538BD2846BDE838400021FFF7DB
:10613000A3BFC9B2F5F7A0BF08B1EAF7D7B8704757
:1061400040B1C368587810F001001EBF1878B0FA4B
:1061500080F04009704710B400F10C04C0E903441A
:106160000024446110BCE7F763BB10B582696AB1D3
:10617000C36842EA0301890708D14169A2FB0114FF
:1061800024B95B182CBF0121002102D36FF0150048
:1061900005E001619B1A42698A4201D8002010BDC6
:1061A000026901311A60826903619B1AF3E790F971
:1061B0000E308B4201D0F7F7C1BF00207047034675
:1061C0000020C3E90033C3E9020070470023C0E99F
:1061D0000033836000F10C03C0E9033370470123EF
:1061E00007B5009300230A461946F6F737FC03B0BB
:1061F0005DF804FB002307B50A4600931946F6F73D
:106200002DFC03B05DF804FB3AB18A4205D3C0E926
:106210000212C0E90000002070476FF015007047BF
:10622000012302688B4022EA0303036022FA01F093
:1062300000F001007047704710B5032104460C3090
:10624000FFF7EEFF30B104F11000F8F72BFEB0FAC3
:1062500080F0400910BD20B1002294301146F8F7BB
:106260008FBB704770B5C3680446C3F340069B07F5
:1062700016D4856802210C30FFF7D2FF80B1D5F823
:106280008C206AB194421DD122689EB9D5F8903015
:10629000C5F88C209C4201D1C5F8902000232360D2
:1062A000E36813F01F001EBF43F00203E36040F0F9
:1062B000020070BD3260D5F89020944208BFC5F846
:1062C0009060EBE716461268DBE710B5F7F7BEF80B
:1062D000041E08DDEFF31180402383F31288BFF31F
:1062E0006F8FF7F7EBFF204610BDEFF30580003806
:1062F00018BF012070476FF05700704700207047AB
:10630000D0E9003213605A600023C0E900337047BF
:1063100038B504460D46F7F739FD237C43F00203F8
:106320002374D5B1A5602B689D4209D16B68C4E97F
:1063300000531C606C6010E06A689A42F6D01B68DB
:10634000002BF3D093F90E1094F90E209142F3DD57
:106350005A68C4E9003214605C6038BD10B5037C33
:10636000044613F0280F0CD183680BB1F7F7C2FD78
:10637000237C204623F004032374BDE81040F7F784
:10638000A7BC10BDF7F77EBD38B5054604680020F0
:10639000AC4200D138BD002CFCD02046F7F7AAFD56
:1063A00004F11800F8F77EFD2046F7F791FC2C6801
:1063B0000120A542EDE708B5C3171F3043F10003E4
:1063C000400940EAC360C117F8F7EAF8400108BD88
:1063D00008B50246F8F776FC70B1D0E904319B1A93
:1063E00061EBE272B3F1004F72F1000104DA002AAE
:1063F000ACBF1846002008BD6FF00040FBE708B5B1
:10640000F8F750FE08BDB3F1FF3F08BFB2F1FF3F00
:1064100070B506461D46144614D01A4316D0002BFC
:1064200008DBF8F73FFE041941EB0501C6E900411E
:10643000304670BD6FF001031C1B4FF0FF3363EB60
:106440000501F3E74FF0FF342146EFE70024FBE7B7
:10645000B3F1FF3F08BFB2F1FF3FF8B5074616465C
:106460001C4610D054EA020311D0F8F71BFEB042CC
:106470000A46A14103460AD2F31A64EB0204C7E9B3
:1064800000343846F8BD4FF0FF331C46F7E70023D1
:10649000FBE720B1011F50F8040CF5F7E1BF70478E
:1064A0007047FFF78CBE4FF0FF324FF0FF33F6F727
:1064B00061B9F6F70DBA00207047704710B5044671
:1064C00008B1F9F73BF82046BDE81040F9F726B8C7
:1064D0000346C068F8B15888E8B11B8803F44F42FE
:1064E000B2F5824F02D0B2F5884F09D1DBB2272B2B
:1064F0002AD008D8172B0FD0222B34D0122B16D02D
:106500006FF085007047302B2FD0413B012BF7D81F
:10651000FF2839D100207047C028FBD0E128F9D0EE
:10652000B0F5807F14BF6FF086000020704720F028
:106530002003C02BEED020F08003B3F5807FE9D09C
:1065400040F209239842EDE7E928E3D0EF28E1D0B3
:1065500040F21B139842DDD040F299139842D9D0F3
:1065600040F23B23EEE7E928F1E720F02003C02BBF
:10657000D0D020F04003B3F5807FCBD0B0F5C07F02
:10658000C8D0B0F5007FCDE7B0F5E07FCAE73AB1FB
:10659000002918BF00232121D21A184401F0DBBAC8
:1065A00070472DE9F04F9B46002389B08DF81B30D2
:1065B000159B9146DDE912A7002B0D460B460CBF3B
:1065C0004FF400624FF4806207A9DDF85080F9F7BC
:1065D00057F90446D0B9079E284631880DF11B02B1
:1065E000F9F7CAF9044688B99DF81B30BB421FD899
:1065F000CDE90338CDE901BACDF800902B46D6E9B4
:1066000009123046F9F7E4FF044608B1C8F80070F3
:106610003A4621465046D8F80030FFF7B8FF0798B1
:10662000F9F7BEFE002C18BF204609B0BDE8F08F78
:106630006FF08904EAE741F2062398421AD8B0F5D0
:10664000905F09D241F2010398420CD0B0F5885F07
:1066500009D06FF0850070476923A0F5905080B293
:10666000C340DB07F5D511F0070F14BF6FF08600AC
:1066700000207047B0F5105FEBD121F04003802B74
:1066800006D0B1F5807F14BF6FF086000020704700
:106690000020704770B5446A05460E463CB901209B
:1066A000F8F736FF686228B12046AE6270BD6FF021
:1066B0008A00FBE76FF08C00F8E7F8B51E460F463E
:1066C00015460388C2B103F4E043B3F5805F02D0FE
:1066D000B3F5005F10D1089BE90019600088FFF74F
:1066E000AAFF044630B92A463946304601F026FA58
:1066F000079B1D602046F8BD6FF08504FAE710B5D2
:106700000446406A10B1A16AFFF7D8FE0020C4E930
:10671000090010BD38B50446FFF7F1FF237F012BB8
:106720000FD0023B012B0FD8236A012B14BF6FF04F
:10673000960500252C220021204601F00CFA28465F
:1067400038BD236A002BF1E76FF09605F2E738B504
:1067500014460288049D02F4E040B0F5805F07D043
:10676000B0F5005F04D002F44F42B2F5824F0ED173
:10677000AC420FD81846224601F0E0F900212A1B4E
:10678000204401F0E8F90020059B1C6038BD6FF043
:106790008500FBE76FF08900F8E7F0B50F461E466D
:1067A000154685B0CAB100230122336003A9F9F769
:1067B00067F8044670B9CDE9005603983B46D0E926
:1067C0000912F9F7A3FE04460398F9F7E9FD002C36
:1067D00008BF0446204605B0F0BD6FF08904F9E714
:1067E000F0B50F461E46154685B0FAB1002303A941
:1067F0001A463360F9F744F8044688B903980388C9
:106800005B0410D5CDE900563B46D0E90912F9F7F3
:1068100091FE04460398F9F7C3FD002C08BF044617
:10682000204605B0F0BD6FF08604F3E76FF08904F1
:10683000F6E710B50368044643B100F031F90023D0
:106840002360A3886FF30803A38010BD1846FCE7FC
:106850002DE9FF41984600230C460168054616467F
:106860000393002939D14FF4C272083001F073F953
:10687000B8F1000F204633460CBF4FF400624FF4CE
:10688000806203A9F8F7FCFF0446B8B9039F3046BD
:1068900039882A1DF9F770F8044678B96B793946BA
:1068A00068F300036B71D7E9092328460096B8F115
:1068B000000F0FD0F9F7B6FE044610B12846FFF7D7
:1068C000B8FF0398F9F76CFD002C18BF204604B000
:1068D000BDE8F081F9F7CAFEEEE76FF08804EDE756
:1068E0000123FFF7B5BF38B50368054614464BB121
:1068F00032B100F0C0F8044610B12846FFF799FF06
:10690000204638BD6FF08804FAE72DE9F0411646BD
:10691000026805460F469846F2B14279D2071BD568
:106920000279CAB1B2421AD800F0AEF8044618B1E2
:106930000023C8F800602B7137B132462146384633
:10694000D8F80030FFF723FE2846FFF772FF002C2F
:1069500018BF2046BDE8F0816FF08804E8E76FF0CB
:106960008904E5E71FB501240394089C0294079C61
:106970000194069C0094FFF714FE04B010BD2DE9AD
:10698000F04705469A46002388B0079325F0004358
:1069900023F47F03B3F1106F0846DDE91096174624
:1069A000DDF8488023D12B464FF4804207A9F8F741
:1069B00067FF044660B9CDE90368CDE901A90798EE
:1069C00000972B46D0E90912F9F774FE044628B166
:1069D00031464846F9F796F9C8F800600798F9F784
:1069E000DFFC002C18BF204608B0BDE8F0876FF030
:1069F0008604EDE703461B88084603F4E043B3F53D
:106A0000805F114602D0B3F5005F01D1F9F77AB982
:106A10006FF0850070471C22002101F09CB8037FB5
:106A2000022B06D1036A5A1C03D0013303620020F3
:106A300070476FF096007047034668B1017F8A1E69
:106A4000012A0BD80329026A03D1012A01D1FFF7D9
:106A500061BE1AB1013A1A62002070476FF09600C9
:106A60007047C0B2FF280CBF6FF08600002070474F
:106A7000F9F7A4BE70470368052B02D10830FAF776
:106A800095B96FF08600704710B40468052C03D1E7
:106A900010BC0830FAF7A2B96FF0860010BC70473E
:106AA0000368052B02D1083000F0D7B800207047EA
:106AB0000020FAF74DB80020FAF784B8002000F063
:106AC000C6B8E6F76DBB0A2842DCC31C1FDA10F11A
:106AD000400F45D010F13F0F2BDA10F1410F42D09B
:106AE00010F1550F42D010F1490F14BF6FF086001E
:106AF0006FF08400704709282DD8DFE800F0052CDE
:106B00002C2F172C372C2C3A6FF09800704703303D
:106B10000D2820D8DFE800F00A331F221F1F1F1F97
:106B20001F1F071F1F076FF0940070476FF085004D
:106B3000704710F1210F1FD00DDB10F1200F1ED078
:106B400010F1100F14BF6FF086006FF094007047C3
:106B500064380928CFD96FF086007047002070474D
:106B60006FF0840070476FF0890070476FF09300FA
:106B700070476FF08C0070476FF0880070476FF0BF
:106B80009200704710B501380A44914200D110BDFF
:106B900010F8013F11F8014B63400370F5E7014421
:106BA000814200D1704711F8013D1A440A70120A5F
:106BB000F6E730B5002503F58073013A002A0ADABA
:106BC000D8B2284303D0FF2B94BF00200120FF2B15
:106BD00098BF013830BD845C1C448B5C013AE41AD8
:106BE000230AE4B2FF332543E8E707B501A9F9F723
:106BF000FDFE003818BF012003B05DF804FBF7B5B7
:106C000006460D46202D2F46A8BF202700216846A6
:106C1000FBF714F8044670B93A4631466846FBF76C
:106C20005FF810F1520F044608D0431CF4D06846B8
:106C300000F06FFB34B1204603B0F0BD684600F0B1
:106C400068FBE3E7EC1B3E44F5D02546DAE700207D
:106C50007047FAF759B8FAF757B808B54FF4C27148
:106C600000F035FF002008BDF0B504461F460D4674
:106C70001646E5B04FF4C272002103A800F06BFF86
:106C8000214633462A46009703A8FAF73DF8044602
:106C900070B9DDE96A1203A8FAF788F8044638B932
:106CA000DDE96D236C9903A8FAF798F8044610B152
:106CB00003A8FFF7D2FF204665B0F0BD90F84C3036
:106CC00013B1503000F05DBAD0F8543113B1D0F8A0
:106CD0005C011847184670472DE9F0470446806864
:106CE00089469042174609D3201A1C3000F026FF2F
:106CF000A368DB1BA3600020BDE8F08704F1640AF1
:106D000001215046FBF766F8064618B1BDE8F0478A
:106D1000FFF7D9BE2046FFF7D1FF054600284BD12B
:106D2000A26832F0100309D0A01A49461C3000F0C6
:106D300005FF2A46A368A5609944FF1A07F1FF38AA
:106D400028F00F08A7EB080662B9102204F10C0125
:106D500004F1500000F085F980BB1023A3600123EB
:106D600084F84C30B8F1000F1CD04246494604F17B
:106D7000500000F076F90546C0B9012384F84C3084
:106D800004F15007384600F05AFA054670B9384603
:106D900000F0B2FA054648B9402104F10C0000F0B9
:106DA00096FE03E094F84C30002BE9D15046FAF7F8
:106DB000FFFF2DB12846A9E7B046F7E70546F5E7FE
:106DC000002E98D0324609EB080104F10C0000F0C7
:106DD000B5FEA3689B1B8DE7F8B543680546102BED
:106DE0002FD800F1640601213046FAF7F3FF18B1FD
:106DF000BDE8F840FFF767BE2846FFF75FFF04468F
:106E0000D0B9AA6805F15007102A05F10C050AD17E
:106E10002946384600F056F9044668B9384600F06D
:106E20006BFA044608E029463846C2F1100200F029
:106E300018F904460028EBD03046FAF7B9FF20468F
:106E4000D6E76FF08600F8BD2DE9F04107463C8893
:106E5000184604F44F43B3F5824F0D469046079E03
:106E600002D0B3F5884F0FD1E4B2A4F14103012B56
:106E700001D9122C0BD14246294600F05FFE0020BA
:106E8000C6F80080BDE8F081B4F5885FF2E77B8842
:106E9000069A0733B2EBD30F4FEAD30408D3014667
:106EA00022462846FAF71CF80028EBD13460E9E7BF
:106EB0006FF08900E6E7FAF7C1B9C0F30253013B6E
:106EC00010B5052B21D8DFE803F01B0B0B0B0313C8
:106ED000032300F030002028136013D0002010BDE1
:106EE0000B8844F212118B420CBF04230223F0E7FB
:106EF0000B8844F212118B420CBF06230323E8E7F0
:106F00000123E6E702331360E8E76FF09800E6E755
:106F100013B50C46F9F76AFDC31C0FD0013009D038
:106F200004224FF0FF3321460DEB0200019300F0E5
:106F300021FE30B96FF08B0002B010BD6FF08400FD
:106F4000FAE70020F8E730B589B0054618220C466C
:106F500001A8002100F0FFFD012344EA052401A956
:106F6000BA2007940593F9F7E9FC002818BF6FF0E1
:106F7000920009B030BDF7B5BA2001A9F9F736FD86
:106F8000044610B1002003B0F0BD019D2F0AEDB200
:106F9000AC4205D1BA20F9F70FFD0028F2D008E085
:106FA000E6193046F9F708FD30B13046FFF71DFE0F
:106FB00010B96FF09200E6E70134E9E738B50378DD
:106FC0000446033303F00303012B0FD86FF02100B5
:106FD00038BD60782844F9F7E1FC48B901352378D9
:106FE000C3F382039D42F4D30020F1E70025F6E7C6
:106FF0000220EDE708B5F820FFF7F7FD18B9F920F2
:10700000FFF7F3FD10B16FF0920008BDF820F9F71B
:10701000C5FC0028F7D1F920F9F7C0FC0028F4D00E
:10702000F1E7026913690BB15069184718467047B8
:1070300008B5826803465AB902681169426A11426A
:1070400006D0FFF7EEFF002808BF6FF0530008BD21
:1070500003F11400702103F17802FAF715FD002006
:10706000F5E710B5047D03464CB3B2F1807F06D33B
:10707000FFF7D7FF002808BF6FF03F0010BD44683E
:10708000062C06D9FFF7CDFF002808BF6FF044009B
:10709000F4E70AB90020F1E78069016099698A6024
:1070A000186899698069C068C860996910319961E8
:1070B000596801315960996811449960EAE76FF0A5
:1070C0002000DBE710B4037D002B56D08368C3B9E2
:1070D000836900F124021A60036882691B68013326
:1070E00043F000539360046882692368A469013304
:1070F000E4681B0203F4F8532343D360836910331D
:107100008361036882681C68131923EA0403846995
:107110009B1A54F8042C42EA032244F8042C826996
:1071200052F8084C234443F0005342F8083C0368EB
:107130001A68C368134423EA0203C2691160C26972
:10714000C1689160C26902F11001C161C1688B42DE
:107150000AD000211161C168C2695B1A43F0804303
:107160009360C3691033C3610368DA68436A23EA32
:107170000203436210BCFFF75BBF6FF0200010BC3E
:10718000704738B5037D0446002B52D003685B6915
:10719000002B51D00269D3685BB15069984705460E
:1071A00038B12046FFF73DFF002818BF05462846A6
:1071B00038BD214651F8783B626A9B6904F114009E
:1071C0001B68FAF74DFC0123636023699A689AB93A
:1071D000A2691B6813602369A2695B6843F00053CE
:1071E00093602268A36992699268DA60A369103398
:1071F000A3616368013363600025236AA269C43315
:1072000013602368A2695B6943F0005393602268AE
:10721000A36992695268DA60A36922681033A36196
:107220006368013363601269636AA5601343636234
:10723000BDE76FF02005BAE76FF04705B7E738B54F
:10724000027D0346002A40D00268816894688C421F
:1072500006D9FFF7E6FE002808BF6FF0530038BDDF
:107260005468B1FBF4F504FB151434B1FFF7D9FEF3
:10727000002808BF6FF04500F1E7416AD06801437C
:107280005962D3E90701C431526901601868D969AC
:1072900040690F328860D96922F00F0201F11000B5
:1072A000D8611868406990420AD00C611868D969A1
:1072B0004069121A42F080428A60DA691032DA615B
:1072C0001846BDE83840FFF7B3BE6FF02000C6E7B0
:1072D00038B5037D054663B1FAF74CFC431C044600
:1072E00005D02846FFF79DFE002818BF044620461B
:1072F00038BD6FF02004FAE710B5037D04462BB1CA
:107300002046FFF7E5FF431CFAD010BD6FF02000C8
:10731000FBE710B5037804461BB1F9F719FA00230F
:107320002370002010BD0368D868C0F30040704788
:10733000036803F58053586A00F4A020003818BF92
:1073400001207047022203689A6070470368D8687A
:10735000FAF782BE024608B5136803F580535B68EE
:10736000C62B09D01046FFF7DEFF0028F4D11046E7
:10737000BDE80840FFF7EABF6FF0010008BD0368F1
:107380005A5070470369996670470369986E704751
:1073900073B50546D0E90146CDE90023FFF7F5FFB7
:1073A0000068ED68C0009DF800209DF8073004EBF0
:1073B0000614A5F1080114D502F03F0242F02002A4
:1073C00043F00103601B8DF800208DF8073000F0BA
:1073D000AEFA083C08226946204600F0B4FA02B032
:1073E00070BDA41B03F03F0342F0010243F02003F1
:1073F00004F108008DF800208DF8073000F097FAAE
:10740000E8E710B50446FFF7C0FFC2684AB142F48E
:1074100020222046BDE81040002142F40062FFF720
:10742000AEBF10BDC06870472DE9F8430A680C462E
:1074300012F4700F15D1D0E90159D1F80880FFF787
:10744000A4FF03682046DB0048BF63684FF00007D5
:1074500044BFA9EB0303ED1800F0E7F80646B74276
:1074600001DBBDE8F88341462846626800F06BFA0C
:1074700063684D4498440137F1E770B50C461E46E9
:107480001046D1E9012505EB4205294600F05BFADB
:1074900062683046A918BDE8704000F054BA38B5AB
:1074A0000446FFF772FFD4E9013501684268C9005C
:1074B00042BFE168691A5B18002112B904F1140097
:1074C00038BDD00707D50B2901D9E8F779FB04EBC4
:1074D0008100436101312B445210EEE770B506463E
:1074E0000D461446FFF751FF013D026844EA0524AA
:1074F000304622430421BDE87040FFF740BF2DE92C
:10750000F04F044685B00E4691460193FFF73DFFCC
:10751000D4F848A00546BAF1000F07D02046FAF784
:107520005DFD1025284605B0BDE8F08F8768D4E9D9
:10753000018BFAF703FD326811064CBFC26842683E
:107540007168914204DD2046FAF748FD0D25E9E710
:10755000E1603268204649EA02092A6949EA0202E2
:10756000FFF7BCFF2A68D20003D5E268ABEB02024A
:1075700090443FB931462046FFF756FF2B696BB95F
:107580000025CFE7FB0748BF019B4FEA670744BFD1
:1075900043F82A800AF1010AD844EAE702A800F079
:1075A000B0F9054618B12046FAF718FDBAE72046AB
:1075B000DDE90223FFF7ECFE08210DEB010000F0EE
:1075C00086FADDE710B50446FFF71BFFBFF35F8FB8
:1075D00003222046BDE810400821FFF7D0BEC0F3CB
:1075E0000B03482B4B6028BF482310F4003F8B60EF
:1075F00008BF0023CB6010F4803308BFC1E901331A
:1076000000F47003B3F5700F14BF00238B680028DB
:107610004FF0010C4FF008028B60B8BF0023C1E9A6
:1076200005C2B8BFC1E9053370470368024613F4C9
:10763000700F06D1806828B1D368506893FBF0F0D2
:107640007047002070472DE9F04799460588438828
:107650008AB003F10708009305F44F43B3F5824F56
:1076600004468A4617464FEAD80602D0B3F5884F3B
:107670003FD1EDB22022002102A800F06CFA0023D5
:10768000BE42C9F8003041D8B8F5847F41D22046C7
:107690006A463946FAF70EFE044630BB2846009982
:1076A00001AAFAF749FD0446F8B9A5F14103012BF7
:1076B00021D8324602A9F9F785FA28BB314602A83B
:1076C00000F0D3F940BB412D04D1202E02D102A8F5
:1076D00000F04FF93246504602A900F02FFA20215F
:1076E00002A800F0F4F9C9F8006020460AB0BDE82D
:1076F000F0870025BEE73A465146019800F044F96C
:107700000028ECD0FFF7DFF90446EEE76FF08904BC
:10771000EBE76FF08504E8E76FF09304E5E72DE908
:10772000F341DDF820801E46438842450F4615464A
:10773000019315D8294601AAFAF7BCFD044658B9A9
:107740002B463A464146304600F0A4F958B10A9B10
:10775000019A1A60099B1D60204602B0BDE8F081C5
:107760006FF08904F8E76FF08604F5E72DE9F04340
:107770001F460688438895B0029306F44F43B3F53D
:10778000824F0546144602D0B3F5884F2FD1F6B28A
:107790000A462346412103A8D5F80C9000F07AF957
:1077A00038B31C9B9C4227D82846214602AAFAF7E8
:1077B00081FD0546B8B9122EDDF8088001D0302EC3
:1077C00007D1424631464846009403ABFAF73CFDE8
:1077D000A8B92246384603A900F0B0F91E9BC3F8A9
:1077E00000801D9B1C60284615B0BDE8F083002674
:1077F000CEE76FF08605F6E76FF08905F3E70546FB
:10780000F1E78B4238B505460C46104607D30A46C9
:10781000294600F093F90020049B1C6038BD6FF0EE
:107820008900FBE710B59EB0024646F611031AA97F
:1078300001A8FAF715F90023039A10211360039A9F
:1078400001A89360039B1AAA10330393FAF71CF95B
:10785000FAF790F9431C0446FAD001A8742100F00D
:1078600036F920461EB010BDF8B5066805469642AA
:107870000C46A2EB060701DDE8F7A2F939462046DF
:1078800000F055F832466968E019BDE8F84000F0AC
:107890005AB8FFF7E9BFF8B507461646D2E9002007
:1078A0008A420C460BDB551A294600F040F8224666
:1078B000394670682844BDE8F84000F04FB8891A8E
:1078C0003944F8E770B514460E461D4621461A465F
:1078D000FFF7E1FF2146304605F10802BDE87040A0
:1078E000FFF7D9BF70B5054616461C461A46FFF786
:1078F000BBFF2246314605F10800BDE87040FFF7A6
:10790000B3BF10B50446FAF719FB436963B12046CB
:10791000FAF7EEFB50B9D4E900321343F7D0201D3B
:10792000BDE81040FAF7E4BB6FF0020010BD0A4654
:1079300000230AB1810702D1002100F00CB900F840
:10794000013B013AF5E70AB1830701D100F0F6B82F
:1079500011F8013B013A00F8013BF4E70AB18B074B
:1079600001D100F0EBB811F8013B013A00F8013BFE
:10797000F4E7037823F007030370C37F03F07F036A
:1079800043F04003C37770470B46D0E901108A42A9
:10799000084402D31A4600F003B86FF04000704765
:1079A0002DE9F0470446104639B122460023164619
:1079B00012F8015B35B98B4202D16FF0530435E008
:1079C0000133F4E78B42F8D04A1E9A4201D1022DCE
:1079D000F3D9A25CD2072FD5FF2415EA040228D1DF
:1079E000E443A1EB0308C71800F066F8E5B208EB22
:1079F000070A424639460020F9F7E4F80446E8B998
:107A00003B7881462B403B703B4613F8012B9A454F
:107A100049EA0209F9D10023424631463846FFF7C8
:107A2000C8F8B9F1000FE4D00028E2DA2046BDE83A
:107A3000F0876400E4B2D0E76624F7E70224F5E7B4
:107A4000FAF7C0BE07B54FF0FF334FF0FF32CDE974
:107A50000023002200F06FF803B05DF804FB00F093
:107A600066B800F060B8FEF7A6BC002313B58DF829
:107A700007308B4206D19DF80700B0FA80F040092C
:107A800002B010BDC45C9DF80720013322438DF87D
:107A90000720EEE78B4230B50CD8002421469C42EB
:107AA00003D1081E18BF012030BD155D05552943BF
:107AB0000134F4E70020F7E710B58B4294BFC418F7
:107AC0004418A04200D110BD00F8012BF9E70023B3
:107AD0001A4682B001908B4201D102B070470198E2
:107AE000C2540133F7E710B50B680446D0E9180219
:107AF00012F0010F03EA000301D0984211D183B1C3
:107B00002366520748BF4A6804F1180044BF1A436D
:107B10004A60F7F7C7F900232046C4F88030FEF723
:107B20001DFC002010BD4FF0FF32FAF783BD0A465E
:107B30000021FAF77FBD5200FAF7BCBD0A44431E8C
:107B4000914200D1704710B511F8014B914203F8F2
:107B5000014FF9D110BD02440346934200D1704752
:107B600003F8011BF9E7044608B5FBF733F9204693
:107B7000E8F734F80139024410B5904201D10020F1
:107B800005E0037811F8014FA34201D0181B10BD86
:107B90000130F2E70139034610B532B111F8014F57
:107BA000013A03F8014B002CF7D11A44002193420B
:107BB00000D110BD03F8011BF9E70246014410B5DE
:107BC0008A42134603D01C780132002CF8D1181ACF
:107BD00010BDF0B5C3F13707044603F01F0310468C
:107BE000FFB2082BE6B232D0102B3DD06508A408B6
:107BF00045EAC17544EA81748A082D1942EB5102A5
:107C0000290941EA02716D1842EB1212290A41EA70
:107C100002616D1842EB1222290C41EA02416D18F3
:107C200042EB1242AD1842F10002EC0844EA427401
:107C3000D10804EB8402A6EB4205EDB2092D0CD964
:107C40000134A5F10A0541F10001EDB212E0E408AA
:107C500006F0070544EA4174C908303554EA0102C8
:107C600000F8015BBDD1F0BD240906F00F0544EA20
:107C700001740909092D84BFED19EDB2EDE7D1E9D1
:107C8000043293421EBF5A1C0A61187070470000EC
:087C9000A24CFE7F0100000080
:107C98004502010000000000C99901000000000031
:107CA80000000000507D020021C401000000000017
:107CB800E5C401000000000000000000887D02000B
:107CC800000000006C7D020015AC010000000000FF
:107CD800675E02000000000000000000A47D0200B2
:107CE80000000000C07D0200FD91010000000000BE
:107CF800CD5C02000000000015FC00000000000040
:107D080000000000DC7D020031D10000000000000E
:107D180061CF01000000000000000000F87D0200B3
:107D28004507010000000000FD5D020000000000A2
:107D3800075E020000000000B90B0100000000000F
:087D4800F5EC00000000000052
:107D500024CC020098920200688702002C060020C2
:107D60001C270020F18E01000000000043CD02001E
:107D7000C0920200448702003206002088270020BB
:107D800021970100000000004FCD0200D4920200B4
:107D90004487020034060020942700202197010028
:107DA000000000004BCC020000000000248702000D
:107DB0002E06002000000000315A020000000000E2
:107DC0005ACD0200E89202008487020036060020A5
:107DD000A02700201F5C02000000000064D1020008
:107DE000000000007893020038060020E8270020F9
:107DF00061A301000000000053CC0200000000005D
:107E00002C8702003006002000000000659201006F
:047E1000000000006E
:107E140000000000DD3C020000000000DD3C020028
:107E240000000000DD3C020000000000DD3C020018
:107E340000000000DD3C020000000000DD3C020008
:107E440000000000DD3C020000000000DD3C0200F8
:107E540000000000DD3C020000000000DD3C0200E8
:107E640000000000DD3C020000000000DD3C0200D8
:107E740000000000DD3C020000000000DD3C0200C8
:107E840000000000DD3C020000000000DD3C0200B8
:107E940000000000DD3C020000000000DD3C0200A8
:107EA40000000000DD3C020000000000DD3C020098
:107EB40000000000DD3C020000000000DD3C020088
:107EC40000000000DD3C020000000000DD3C020078
:107ED40000000000DD3C020000000000DD3C020068
:107EE40000000000DD3C020000000000DD3C020058
:107EF40000000000EDAC010000000000DD3C0200C9
:107F040000000000DD3C020000000000DD3C020037
:107F140000000000DD3C020000000000DD3C020027
:107F240000000000DD3C020000000000DD3C020017
:107F340000000000DD3C020000000000DD3C020007
:107F440000000000DD3C020000000000DD3C0200F7
:107F540000000000DD3C020000000000DD3C0200E7
:107F640000000000DD3C020000000000DD3C0200D7
:107F740000000000DD3C020000000000DD3C0200C7
:107F840000000000DD3C020000000000DD3C0200B7
:107F940000000000DD3C020000000000DD3C0200A7
:107FA40000000000DD3C020000000000DD3C020097
:107FB40000000000DD3C020000000000DD3C020087
:107FC40000000000DD3C020000000000DD3C020077
:107FD40000000000DD3C020000000000DD3C020067
:107FE40000000000DD3C020000000000DD3C020057
:107FF40000000000DD3C020000000000DD3C020047
:1080040000000000DD3C020000000000DD3C020036
:1080140000000000DD3C020000000000DD3C020026
:1080240000000000DD3C020000000000DD3C020016
:1080340000000000DD3C020000000000DD3C020006
:1080440000000000DD3C020000000000DD3C0200F6
:1080540000000000DD3C020000000000DD3C0200E6
:1080640000000000DD3C020000000000DD3C0200D6
:1080740000000000DD3C020000000000DD3C0200C6
:1080840000000000DD3C020000000000DD3C0200B6
:1080940000000000DD3C020000000000DD3C0200A6
:1080A40000000000DD3C020000000000DD3C020096
:1080B40000000000DD3C020000000000DD3C020086
:1080C40000000000DD3C020000000000DD3C020076
:1080D40000000000DD3C020000000000651E0200FC
:1080E40000000000DD3C020000000000DD3C020056
:1080F40000000000DD3C020000000000DD3C020046
:1081040000000000DD3C020000000000DD3C020035
:1081140000000000DD3C020000000000DD3C020025
:1081240000000000DD3C020000000000DD3C020015
:1081340000000000DD3C020000000000DD3C020005
:1081440000000000DD3C020000000000DD3C0200F5
:1081540000000000DD3C020000000000DD3C0200E5
:1081640000000000DD3C020000000000DD3C0200D5
:1081740000000000DD3C020000000000DD3C0200C5
:1081840000000000DD3C020000000000DD3C0200B5
:1081940000000000DD3C020000000000DD3C0200A5
:1081A40000000000DD3C020000000000DD3C020095
:1081B40000000000DD3C020000000000DD3C020085
:1081C40000000000DD3C020000000000DD3C020075
:1081D40000000000DD3C020000000000DD3C020065
:1081E40000000000DD3C020000000000DD3C020055
:1081F40000000000DD3C020000000000DD3C020045
:1082040000000000DD3C020000000000DD3C020034
:1082140000000000DD3C020000000000DD3C020024
:1082240000000000DD3C020000000000DD3C020014
:1082340000000000DD3C020000000000DD3C020004
:1082440000000000DD3C020000000000DD3C0200F4
:1082540000000000DD3C020000000000DD3C0200E4
:1082640000000000DD3C020000000000DD3C0200D4
:1082740000000000DD3C020000000000DD3C0200C4
:1082840000000000DD3C020000000000DD3C0200B4
:1082940000000000DD3C020000000000DD3C0200A4
:1082A40000000000DD3C020000000000DD3C020094
:1082B40000000000DD3C020000000000DD3C020084
:1082C40000000000DD3C020000000000DD3C020074
:1082D40000000000DD3C020000000000DD3C020064
:1082E40000000000DD3C020000000000DD3C020054
:1082F40000000000DD3C020000000000DD3C020044
:1083040000000000DD3C020000000000DD3C020033
:1083140000000000DD3C020000000000DD3C020023
:1083240000000000DD3C020000000000DD3C020013
:1083340000000000DD3C020000000000DD3C020003
:1083440000000000DD3C020000000000DD3C0200F3
:1083540000000000DD3C020000000000DD3C0200E3
:1083640000000000DD3C020000000000DD3C0200D3
:1083740000000000DD3C020000000000DD3C0200C3
:1083840000000000DD3C020000000000DD3C0200B3
:1083940000000000DD3C020000000000DD3C0200A3
:1083A40000000000DD3C020000000000DD3C020093
:1083B40000000000DD3C020000000000DD3C020083
:1083C40000000000DD3C020000000000DD3C020073
:1083D40000000000DD3C020000000000DD3C020063
:1083E40000000000DD3C020000000000DD3C020053
:1083F40000000000DD3C020000000000DD3C020043
:1084040000000000DD3C020000000000DD3C020032
:1084140000000000DD3C020000000000DD3C020022
:1084240000000000DD3C020000000000DD3C020012
:1084340000000000DD3C020000000000DD3C020002
:1084440000000000DD3C020000000000DD3C0200F2
:1084540000000000DD3C020000000000DD3C0200E2
:1084640000000000DD3C020000000000DD3C0200D2
:1084740000000000DD3C020000000000DD3C0200C2
:1084840000000000DD3C020000000000DD3C0200B2
:1084940000000000DD3C020000000000DD3C0200A2
:1084A40000000000DD3C020000000000DD3C020092
:1084B40000000000DD3C020000000000DD3C020082
:1084C40000000000DD3C020000000000DD3C020072
:1084D40000000000DD3C020000000000DD3C020062
:1084E40000000000DD3C0200F00300209B5B020062
:1084F40000000000DD3C020000000000DD3C020042
:1085040000000000DD3C020000000000DD3C020031
:1085140000000000DD3C020000000000DD3C020021
:1085240000000000DD3C020000000000DD3C020011
:1085340061BF01009D5E020000000000DD3C0200FE
:1085440000000000DD3C020000000000DD3C0200F1
:1085540000000000DD3C020000000000DD3C0200E1
:1085640000000000DD3C020000000000DD3C0200D1
:1085740000000000DD3C020000000000DD3C0200C1
:1085840000000000DD3C020000000000DD3C0200B1
:1085940000000000DD3C020000000000DD3C0200A1
:1085A40000000000DD3C020000000000DD3C020091
:1085B40000000000DD3C020000000000DD3C020081
:1085C40000000000DD3C020000000000DD3C020071
:1085D40000000000DD3C020000000000DD3C020061
:1085E40000000000DD3C020000000000DD3C020051
:1085F40000000000DD3C020000000000DD3C020041
:1086040000000000DD3C020000000000DD3C020030
:1086140000000000DD3C020000000000DD3C020020
:1086240000000000DD3C020000000000DD3C020010
:10863400C07D0200C35B020000000000DD3C0200BC
:1086440000000000DD3C020000000000DD3C0200F0
:1086540000000000DD3C020000000000DD3C0200E0
:1086640000000000DD3C020000000000DD3C0200D0
:1086740000000000DD3C0200800300209B5B020040
:108684007B5E02009D5E020000000000DD3C0200F3
:1086940000000000DD3C020000000000DD3C0200A0
:1086A40000000000DD3C020000000000DD3C020090
:1086B40000000000DD3C020000000000DD3C020080
:1086C40000000000DD3C020000000000DD3C020070
:1086D40000000000DD3C020000000000DD3C020060
:1086E40000000000DD3C020000000000DD3C020050
:1086F40000000000DD3C020000000000DD3C020040
:1087040000000000DD3C020000000000DD3C02002F
:1087140000000000DD3C020000000000DD3C02001F
:088724001D5A020000000000D4
:10872C00A75A02003B5B0200255B02004D92010040
:08873C00995A02005592010058
:1087440031950100535B02005F5B0200735B020022
:108754007D5B0200875B02002994010051930100B4
:048764000000000011
:10876800498F0100115A0200E95902000000000077
:0C877800218E0100000000000000000045
:0C878400DB5B0200C9980100CD5B020025
:1087900005000000D14101000600000051730100F6
:0887A000040000007953010000
:1087A80031D2000015D200000DD4000000000000F6
:1087B80000000000000000003DD3000000000000A1
:1087C80000000000000000000000000000000000A1
:1087D800000000001969010000000000000000000E
:1087E8004C91020008000000C48D02000700000040
:0887F8006C8E02000600000077
:1088000023B60200030000007AC00200030000004B
:1088100002A902000300000008BB020003000000E0
:1088200084CB02000300000009A90200030000003D
:1088300096B702000300000031C5020003000000EB
:10884000EDB2020003000000BBB50200030000000F
:108850007CCB02000300000011BD020003000000F9
:1088600003A0020003000000ECA6020003000000C9
:1088700081D10200030000006FD10200030000005C
:108880002DA8020003000000A5C90200030000009B
:10889000CDCB020003000000E99A020003000000B3
:1088A0003DCC020003000000A6D802000300000037
:1088B00006CF02000300000030CF020003000000DA
:1088C000699F0200030000006CCC0200030000005E
:1088D000F6D2020003000000409E020003000000E8
:1088E000EED102000300000051A5020003000000C9
:1088F00096A6020003000000D9A6020003000000B3
:1089000065D2020003000000C7D50200030000008A
:10891000E19A02000300000030A8020003000000FA
:10892000E8A6020003000000349B020003000000E0
:0889300066CD02000300000007
:108938002AA8020000000000000000001104010045
:10894800AD0601000000000014C402000100000090
:10895800000000009F4E0200000000000000000020
:1089680025C5020001000000000000006D60010044
:1089780000000000000000001DC50200010000000A
:1089880000000000495A0100DD67010000000000F6
:1089980074CB020001000000000000008D89010076
:1089A80095870100000000002BC5020001000000AF
:1089B80000000000BD5D010019600100000000001A
:1089D0000000000003000000A0000000F000000004
:1089E00000000000D4B10200D9B10200DDB10200E4
:1089F000E1B10200E5B10200E9B10200EDB102000F
:108A0000F1B10200F5B10200F9B10200FDB10200BE
:108A100001B2020005B2020009B202000DB202006A
:108A200011B2020015B2020019B2020005000000E6
:108A3000040000000100000001000100000101002D
:108A400000010001000001000100000001000B0016
:108A500002000A00050009000A00080014000700CF
:108A60001E000600320005004B00040064000300F5
:108A700096000200FA000100F4010000F401FA007F
:108A8000960064004B0032001E0014000A0005002E
:108A9000020001000C0802170D0101020909010181
:108AA00006020918180301010909838385030201DD
:108AB000230202240910040405050B0B040B2B1BD5
:108AC0001B159A9A1C021D16130501490D15050860
:108AD000061B1B0F01010000FEFEFEFEFEFEFEFE59
:108AE000FEFEFEFEFEFEFEFEFEFEFEFEFE16FEFE8E
:108AF000FEFEFEFEFEFEFEFEFEFE1F1FFE26FEFE2C
:108B0000FEFEFEFEFEFEFEFEFEFEFEFEFEFEFEFE85
:108B10003E3EFEFEFEFE3B3BA201B003BE05EE0262
:108B20004806A209C405F40B24120000B80E002068
:108B30000200000B01000000070000000000000020
:108B400000000000000000000406080A0C0E1012CD
:108B50001416181C1E20222426282A2C2E303234CB
:108B600036383A3C3E40424446484A4C4E021A503F
:108B700000000000280000001800000000000000B5
:108B8000F023000024130000000000004006000055
:108B900040060000000098086B0300000000000081
:108BA000F0230000241300000000000048A3000090
:108BB00014A00000000040060C0300009C000020F0
:108BC0000200000B1A0F00200200000C7E0F002094
:108BD0000200000B7E0F00200100000C7C0F002023
:108BE0000100000C00000000000001010101010172
:108BF0000101010101010202020202020303040455
:108C00000505060607070808090A0B0C0D0E0F10CC
:108C10001112131415161718191A1B001001000051
:108C2000D200000030010000D80000000100000068
:108C3000E400000002000000EA0000000200000062
:108C4000EC00000003000000EE0000000400000043
:108C5000F000000005000000F20000000600000027
:108C6000F400000007000000F6000000080000000B
:108C7000F700000009000000F80000000A000000F2
:108C8000F90000000B000000FA0000000D000000D9
:108C9000FB0000000F000000FC00000011000000BD
:108CA000FD00000013000000FE00000015000000A1
:108CB000FF00000018000000000000001B00000082
:108CC000010000001F00000002000000230000005F
:108CD0000300000028000000040000002D00000038
:108CE000050000003300000006000000390000000D
:108CF000070000003F000000080000000010020014
:108D0000FA0000001800280000002A000103006299
:108D1000746C65000000000000000000000000000E
:108D20000000000000000000000000000000000043
:108D30000000000000000000000000000000000033
:108D40000001000000000000000000000000000022
:108D50000338FDD87047000000000000000000004C
:108D60000338FDD8704700000710000018060020E7
:108D70000101000028060020090A00008C99020069
:108D800004000000000000000000000000000100DE
:108D9000F87D020001000000000001000020070033
:108DA000F87D0200020000000020080000200700FB
:108DB000F87D02000300000000400F00009000005A
:108DC000F87D02002C960200C35002000000000053
:108DD000289602000000010024960200E9510200DA
:108DE0000000000040030020000001001C9602006B
:108DF000C93902000000000000000000000001006E
:108E000018960200E951020000000000380300201B
:108E100000000100109602009539020000000000D9
:108E200000000000000001000C960200E951020061
:108E30000000000030030020000001000496020042
:108E4000BDE600000000000000000000000001007E
:108E5000D1EB0000813C02005B3C020000000000FE
:108E600035EA000000000000773A02003C9602005C
:108E7000C35002000000000079DB02000000010086
:108E800038960200E951020000000000680300204B
:108E90000000010057DB020065ED0000000000004B
:108EA0003E2D002000000100349602009550020083
:108EB00039620100500300200000030030960200D8
:108EC000E9510200000000004803002000000100FA
:108ED00035DB02000000000029ED0000000000006A
:108EE00000000200600000200000000006000100F9
:108EF00002000000F88E02000000000011A602002F
:108F000002000000E0CF0F000000002019A60200C0
:108F100021000000E0FB022070030020A1FC000003
:108F200000000000873D02001C8F0200388F020005
:108F30004A00000000000000406900201C8F020071
:108F40004C8F02002E00000000000000086E002080
:108F50001C8F0200608F0200020100000000000070
:108F6000DC6E00201DB202003BB2020056B20200CD
:108F700066B2020073B202007CB2020083B2020049
:108F80008AB2020091B2020099B2020073B20200EA
:108F9000A1B20200B3B20200C8B20200DBB202000A
:108FA0000E030000CD1C01000F040000F91D01009C
:108FB0001A010000310A010005040000890A0100BD
:108FC00013010000011201003E010000450C0100E8
:108FD000011200004B4002000A1E0000794002000E
:108FE000FF010000A50D01003E010000850D0100FC
:108FF00005040000D50A0100080400002114010046
:10900000300300009D13010010010000690B0100F6
:1090100001120000AD1901000A1E000019410200F2
:10902000030900008D100100040B0000E90D010090
:10903000060A0000111C0100070A00003D0B010098
:109040000C050000110B0100050C0000151B0100B0
:109050001C8F02006090020047000000000000002A
:10906000F86F002087BA020094BA0200B4BA020076
:10907000A8BA0200BFBA0200D6BA0200E6BA0200DD
:109080008ABA0200FABA02001C8F0200989002000D
:109090000000000000000000187100201C8F02007A
:1090A000AC9002004A000000000000004071002067
:1090B000A5450200E5450200000000000000000098
:1090C00000000000FD44010000000000000000005E
:1090D000000000000000000002020100034A02003C
:1090E00004040100C94A010006060100E94D01001F
:1090F00008040100A94E01000A020100154B0200FC
:109100000C040100FD4A02000E040100C14C0100E4
:1091100020040100554D010010040100BD4F010065
:1091200012020100B14A02001E000400F74D0200C5
:1091300052020000D74A02001C8F02004891020030
:109140004C00000000000000987200206C960200A5
:10915000C3500200000000006896020000000100F9
:1091600064960200E951020000000000280500207A
:10917000000001005C9602000000000000000000FA
:109180000000000000000000589602009550020008
:1091900039620100300500200000030054960200EF
:1091A000E95102000000000020050020000001003D
:1091B0004C960200FB500200D55E0100000000004A
:1091C0000000030048960200E95102000000000080
:1091D000180500200000010040960200F166010021
:1091E000000000000000000000000100D97A01002A
:1091F000215802001184010000000000000000005E
:1092000039810100000000000000000000000000A3
:10921000000000000000000000000000757B01005D
:109220000600000005560200060000005978010003
:1092300010000000D974010010000000B983010083
:1092400001000000B75402001000000001560200A7
:109250000A00000031740100100000000D820100BE
:1092600007000000095602001000000047550200E8
:10927000010000001D7A010040000000A555020019
:10928000100000005F55020001000000E58D0100A4
:10929000C98E01000000000059900100798F010083
:1092A00031CC02000D5A0200095A020037CC0200EC
:1092B0001000000001FF0000FD0000000010000091
:1092C0001F00000000A010508003002000000000DC
:1092D00000000000FFFFFF0300820D50F00300209C
:1092E00000000000010000000040105000000000DD
:1092F000000000001493020000C201000000D6012B
:10930000000000000000004000100000682E002057
:10931000672E002000401050209302000100000042
:109320002893020004000000000000000200000278
:109330000106000103060003887D020018000000FA
:10934000887D02000A000000887D020019000000EC
:10935000887D020016000000887D020015001100C3
:10936000887D020009001100887D020008001100BC
:109370006C7D0200040011002DA20100E55C0200DA
:10938000135D02000800000002000000040000005D
:109390000100000048D5020056D502006AD502003F
:1093A00079D5020085D50200987C0200A87C0200D5
:1093B000F87C0200007D0200487D0200507D020022
:1093C000F9D602000001000088130000577B02005C
:1093D000000101000002020000140000002800004B
:1093E0000040000001000000020000000F0000002B
:1093F000100000001000000020000000100000001D
:109400001000000008940200110000001128000064
:109410001108000001000000000010002000000002
:10942000F2DC0200C00000002C94020000000000EA
:10943000000000000000000000000000000000002C
:10944000449402000F000000000000000000000033
:10945000060000000000000030000000C000000016
:109460001800000031000000000000003000000083
:10947000E00000001C0000003900000000000000B7
:10948000300000000001000020000000410000004A
:109490000000000030000000400100002800000033
:1094A00051000000000000003000000080010000BA
:1094B00030000000610000000000000030000000EB
:1094C00000020000400000008100000000000000D9
:1094D00017000000C000000018000000310000006C
:1094E0000000000017000000E10000001D00000067
:1094F0003B00000000000000170000000001000019
:1095000020000000410000000000000012000000E8
:10951000C000000018000000310000000100000041
:1095200012000000E00000001C00000039000000F4
:1095300001000000120000000001000020000000F7
:109540004100000001000000120000004001000086
:10955000280000005100000001000000120000007F
:1095600080010000300000006100000001000000E8
:109570001200000009020000420000008500000007
:109580000100000041000000FF000000200000007A
:10959000200000000000000041000000C0010000A9
:1095A0003800000038000000000000004200000009
:1095B000FF0000002000000020000000000000006C
:1095C00042000000C0010000390000003900000026
:1095D00000000000D89502002600001000000000E6
:1095E000003000000C00000000000000F0950200B8
:1095F00022000010000C0000003100000C000000F0
:10960000000000030000042A0000042A00000328D0
:109610000000012A0000012A000003280000002A9F
:109620000000002A000003280000001800000028A5
:109630000000032800000229000003280000002881
:1096400000002A2B00002A2B000003280000292BF1
:109650000000292B00000328000002290000052A31
:109660000000052A0000032800000118000000285F
:10967000446973636F6E6E65637465642C207265F4
:1096800061736F6E203078253032782025730A00A0
:10969000436F6E6E656374696F6E206661696C6599
:1096A000642C206572722030782530327820257342
:1096B0000A00436F6E6E65637465640A00416476E8
:1096C0006572746973696E67206661696C65642090
:1096D000746F20737461727420286572722025641F
:1096E000290A004164766572746973696E67207334
:1096F00075636365737366756C6C792073746172DE
:109700007465640A007075626C69630072616E64EE
:109710006F6D007075626C69632D69640072616EB3
:10972000646F6D2D69640030782530327800253003
:1097300032583A253032583A253032583A253032AC
:10974000583A253032583A25303258202825732986
:10975000005365637572697479206368616E67652B
:10976000643A202573206C6576656C2025750A00A7
:109770005365637572697479206661696C65643AD2
:10978000202573206C6576656C20257520657272C6
:109790002025642025730A0050616972696E672074
:1097A0006661696C656420636F6E6E3A2025732C68
:1097B00020726561736F6E2025642025730A005046
:1097C000616972696E6720636F6D706C6574656442
:1097D0003A2025732C20626F6E6465643A202564FC
:1097E0000A0050616972696E672063616E63656C1F
:1097F0006C65643A2025730A00506173736B657958
:1098000020666F722025733A20253036750A004392
:109810006F6E6E656374696F6E206F626A656374E4
:1098200020617661696C61626C652066726F6D2083
:1098300070726576696F757320636F6E6E2E20444B
:109840006973636F6E6E65637420697320636F6DF7
:10985000706C657465210A005374617274696E6777
:1098600020426C7565746F6F746820506572697002
:10987000686572616C204C42532073616D706C6539
:109880000A004C45447320696E6974206661696CF6
:1098900065642028657272202564290A0043616E80
:1098A0006E6F7420696E697420627574746F6E7364
:1098B00020286572723A202564290A004275747462
:1098C0006F6E20696E6974206661696C656420281A
:1098D000657272202564290A004661696C656420FE
:1098E000746F20726567697374657220617574683E
:1098F0006F72697A6174696F6E2063616C6C62610A
:10990000636B732E0A004661696C656420746F2076
:10991000726567697374657220617574686F7269C6
:109920007A6174696F6E20696E666F2063616C6C1A
:109930006261636B732E0A00426C7565746F6F749D
:109940006820696E6974206661696C6564202865A9
:109950007272202564290A00426C7565746F6F74F9
:109960006820696E697469616C697A65640A004689
:1099700061696C656420746F20696E6974204C4263
:109980005320286572723A2564290A004E6F72646A
:1099900069635F4C42530025633A2068656170201B
:1099A000636F7272757074696F6E20286672656578
:1099B000206C697374206C696E6B616765290A009D
:1099C00025633A206865617020636F7272757074E8
:1099D000696F6E202866726565206368756E6B20FE
:1099E0006C696E6B616765290A0025633A206865BA
:1099F000617020636F7272757074696F6E20286E6B
:109A00006F7420696E207573653F2920617420256D
:109A1000700A0025633A206865617020636F727276
:109A2000757074696F6E2028627566666572206F46
:109A3000766572666C6F773F292061742025700A05
:109A40000025633A206865617020636F72727570DB
:109A500074696F6E20286C656674206E656967682E
:109A6000626F723F292061742025700A0025633AD5
:109A7000206865617020636F7272757074696F6EB3
:109A80002028646F75626C6520667265653F2920C9
:109A900061742025700A002E2E2F2E2E2F2E2E2F91
:109AA0002E2E2F2E2E2F2E2E2F2E2E2F2E2E2F2ED1
:109AB0002E2F7A65706879722F6C69622F686561E4
:109AC000702F686561702E630041535345525449AD
:109AD0004F4E204641494C20402025733A25640AC8
:109AE000006F735F686561700063627072696E74A5
:109AF000665F7061636B616765002E2E2F2E2E2FBF
:109B00002E2E2F2E2E2F2E2E2F2E2E2F2E2E2F2E70
:109B10002E2F2E2E2F7A65706879722F696E636CE6
:109B20007564652F7A65706879722F6B65726E65E2
:109B30006C2E68007379735F6765746F7074002EA4
:109B40002E2F2E2E2F2E2E2F2E2E2F2E2E2F2E2E30
:109B50002F2E2E2F2E2E2F2E2E2F7A657068797293
:109B60002F6C69622F7574696C732F6F6E6F6666E8
:109B70002E63002E2E2F2E2E2F2E2E2F2E2E2F2EFA
:109B80002E2F2E2E2F2E2E2F2E2E2F2E2E2F7A656D
:109B9000706879722F696E636C7564652F7A657071
:109BA0006879722F7370696E6C6F636B2E68002E0C
:109BB0002E2F2E2E2F2E2E2F2E2E2F2E2E2F2E2EC0
:109BC0002F2E2E2F2E2E2F2E2E2F7A657068797223
:109BD0002F6C69622F7574696C732F6E6F74696670
:109BE000792E630025633A205A4D532056657273CF
:109BF000696F6E206973206E6F7420737570706F5B
:109C0000727465640A0025633A204E6F2076616C99
:109C1000696420656D7074792041544520666F75C4
:109C20006E6420696E20746865206C6173742073A3
:109C30006563746F720A0025633A204E6F204743B4
:109C400020446F6E65206D61726B657220666F7562
:109C50006E643A2072657374617274696E6720670E
:109C6000630A0025633A20474320446F6E65206DE8
:109C700061726B657220666F756E640A0025633AC7
:109C800020496E76616C69642066730A0025633A28
:109C900020436F756C64206E6F74206F627461690D
:109CA0006E20666C61736820706172616D657465A9
:109CB00072730A0025633A20556E737570706F7267
:109CC00074656420777269746520626C6F636B20C1
:109CD00073697A650A0025633A20496E76616C697A
:109CE0006420736563746F722073697A652C2073C6
:109CF000686F756C64206265206174206C656173A7
:109D00007420257A750A0025633A20436F6E6669D0
:109D10006775726174696F6E206572726F72202D43
:109D200020736563746F7220636F756E7420626553
:109D30006C6F77206D696E696D756D2072657175D8
:109D40006972656D656E74202832290A0025633AB0
:109D500020257520536563746F7273206F6620250C
:109D6000752062797465730A0025633A20616C6C12
:109D70006F63207772613A20256C6C752C20256CFE
:109D80006C780A0025633A206461746120777261FF
:109D90003A20256C6C752C20256C6C780A002563A4
:109DA0003A205A4D5320696E6974206661696C656A
:109DB0006420282564292C20776970696E672070DB
:109DC0006172746974696F6E0A0025633A207A6D56
:109DD00073206E6F7420696E697469616C697A654D
:109DE000640A0025633A204661696C656420746FDB
:109DF00020636C6F73652074686520736563746F8E
:109E0000722C2072657475726E6564203D20256425
:109E10000A0025633A204761726261676520636FBB
:109E20006C6C656374696F6E206661696C65642C27
:109E30002072657475726E6564203D2025640A0089
:109E400066735F7A6D730025633A2000253032789F
:109E50002000202020007C002563002E2E2F2E2E97
:109E60002F2E2E2F2E2E2F2E2E2F2E2E2F2E2E2F0C
:109E70002E2E2F2E2E2F7A65706879722F737562B1
:109E80007379732F73657474696E67732F7372635C
:109E90002F73657474696E67732E630025633A20AF
:109EA0007365742D76616C7565206661696C757279
:109EB000652E206B65793A202573206572726F726A
:109EC000282564290A002E2E2F2E2E2F2E2E2F2EDF
:109ED0002E2F2E2E2F2E2E2F2E2E2F2E2E2F2E2E9D
:109EE0002F7A65706879722F7375627379732F7327
:109EF000657474696E67732F7372632F73657474FE
:109F0000696E67735F7A6D732E630025633A204D27
:109F10006178696D756D206861736820636F6C6C22
:109F20006973696F6E7320726561636865640A00A6
:109F300025633A204C696E6B6564206C69737420EC
:109F4000666F72206861736865732069732062723E
:109F50006F6B656E2C20547279696E6720746F2068
:109F60007265636F7665720A00666C617368002AB9
:109F70002A2A20426F6F74696E67204D79204170E4
:109F8000706C69636174696F6E2076332E342E3184
:109F90002D623230663836313962613961202A2AC1
:109FA0002A0A002A2A2A205573696E67206E5246B3
:109FB00020436F6E6E6563742053444B2076332EBE
:109FC000342E312D62323066383631396261396172
:109FD000202A2A2A0A002A2A2A205573696E672015
:109FE0005A6570687972204F532076342E342E32A1
:109FF0002D333366613661376161633661202A2A09
:10A000002A0A0062745F6C62730025633A20723022
:10A010002F61313A20203078253038782020723175
:10A020002F61323A20203078253038782020723263
:10A030002F61333A20203078253038780A002563A4
:10A040003A2072332F61343A202030782530387826
:10A05000207231322F69703A2020307825303878DC
:10A06000207231342F6C723A2020307825303878C5
:10A070000A0025633A2020787073723A20203078E5
:10A08000253038780A0025633A204661756C74697A
:10A090006E6720696E737472756374696F6E206188
:10A0A00064647265737320287231352F7063293AA6
:10A0B000203078253038780A0025633A20556E68BC
:10A0C000616E646C6564204952516E3A2025640AC1
:10A0D0000025633A202A2A2A2A2A20555341474537
:10A0E000204641554C54202A2A2A2A2A0A00256350
:10A0F0003A2020204469766973696F6E2062792066
:10A100007A65726F0A0025633A202020556E616CD3
:10A1100069676E6564206D656D6F72792061636338
:10A120006573730A0025633A202020537461636BC2
:10A13000206F766572666C6F772028636F6E74652A
:10A1400078742061726561206E6F742076616C692D
:10A1500064290A0025633A2020204E6F20636F7027
:10A16000726F636573736F7220696E737472756357
:10A1700074696F6E730A0025633A202020496C6C65
:10A180006567616C206C6F6164206F662045584381
:10A190005F52455455524E20696E746F2050430AE9
:10A1A0000025633A202020496C6C6567616C20753E
:10A1B0007365206F662074686520455053520A000D
:10A1C00025633A202020417474656D707420746F8B
:10A1D000206578656375746520756E646566696E63
:10A1E000656420696E737472756374696F6E0A00BA
:10A1F00025633A202A2A2A2A2A20425553204641FA
:10A20000554C54202A2A2A2A2A0A0025633A20205B
:10A2100020537461636B696E67206572726F720A96
:10A220000025633A202020556E737461636B696E5C
:10A2300067206572726F720A0025633A20202050F1
:10A24000726563697365206461746120627573204F
:10A250006572726F720A0025633A202020424641DF
:10A260005220416464726573733A20307825780A0D
:10A270000025633A202020496D707265636973651B
:10A28000206461746120627573206572726F720A56
:10A290000025633A202020496E73747275637469D7
:10A2A0006F6E20627573206572726F720A0025638B
:10A2B0003A202020466C6F6174696E672D706F695B
:10A2C0006E74206C617A7920737461746520707289
:10A2D00065736572766174696F6E206572726F72F4
:10A2E0000A0025633A202A2A2A2A2A204D5055207E
:10A2F0004641554C54202A2A2A2A2A0A0025633A24
:10A30000202020537461636B696E67206572726FE1
:10A31000722028636F6E74657874206172656120A5
:10A320006D69676874206265206E6F742076616C59
:10A330006964290A0025633A202020446174612061
:10A340004163636573732056696F6C6174696F6EE6
:10A350000A0025633A2020204D4D46415220416499
:10A3600064726573733A20307825780A0025633A61
:10A37000202020496E737472756374696F6E20417A
:10A3800063636573732056696F6C6174696F6E0ADD
:10A39000002E2E2F2E2E2F2E2E2F2E2E2F2E2E2F06
:10A3A0002E2E2F2E2E2F2E2E2F2E2E2F7A657068CA
:10A3B00079722F617263682F61726D2F636F72659E
:10A3C0002F636F727465785F6D2F6661756C742E84
:10A3D00063005265736572766564204578636570C5
:10A3E00074696F6E20280053707572696F757320E1
:10A3F000696E74657272757074202849525120001C
:10A4000025633A20535053454C20696E207468727E
:10A41000656164206D6F646520646F6573206E6F85
:10A420007420696E646963617465205053500A003A
:10A4300025633A202A2A2A2A2A20484152442046C3
:10A4400041554C54202A2A2A2A2A0A0025633A20F8
:10A450002020427573206661756C74206F6E2076C3
:10A460006563746F72207461626C652072656164EB
:10A470000A0025633A2020204465627567206576CE
:10A48000656E740A0025633A2020204661756C745D
:10A4900020657363616C6174696F6E2028736565F4
:10A4A0002062656C6F77290A0025633A2041524388
:10A4B000485F455843455054207769746820726559
:10A4C00061736F6E2025780A0A0025633A202A2AD4
:10A4D0002A2A2A204465627567206D6F6E69746F41
:10A4E0007220657863657074696F6E202A2A2A2A43
:10A4F0002A0A0025633A202A2A2A2A2A202573209C
:10A50000256429202A2A2A2A2A0A002E2E2F2E2EB6
:10A510002F2E2E2F2E2E2F2E2E2F2E2E2F2E2E2F55
:10A520002E2E2F2E2E2F7A65706879722F6172630E
:10A53000682F61726D2F636F72652F636F72746520
:10A54000785F6D2F6972715F6D616E6167652E63F3
:10A55000006D70750025633A204661696C65642062
:10A56000746F20616C6C6F63617465206E65772019
:10A570004D505520726567696F6E2025750A0A0077
:10A5800025633A20506172746974696F6E20257575
:10A590003A20636F686572656E6365206368656302
:10A5A0006B206661696C65642E0A0025633A204958
:10A5B0006E76616C696420756E6465726C79696E23
:10A5C0006720726567696F6E20696E646578202503
:10A5D000750A002E2E2F2E2E2F2E2E2F2E2E2F2EA2
:10A5E0002E2F2E2E2F2E2E2F2E2E2F2E2E2F7A6503
:10A5F000706879722F617263682F61726D2F636F5B
:10A6000072652F6D70752F61726D5F6D70752E6341
:10A6100000464C4153485F30005352414D5F30007B
:10A620002E2E2F2E2E2F2E2E2F2E2E2F2E2E2F2E45
:10A630002E2F2E2E2F2E2E2F2E2E2F7A65706879EC
:10A64000722F6C69622F6C6962632F7069636F6C23
:10A650006962632F6173736572742E630065786934
:10A6600074002E2E2F2E2E2F2E2E2F2E2E2F2E2EEE
:10A670002F2E2E2F2E2E2F2E2E2F2E2E2F7A657030
:10A680006879722F6C69622F6E65745F6275662FD0
:10A690006275662E63006E65745F627566002E2EAD
:10A6A0002F2E2E2F2E2E2F2E2E2F2E2E2F2E2E2FC4
:10A6B0002E2E2F2E2E2F2E2E2F7A65706879722F28
:10A6C0006C69622F6E65745F6275662F6275665F76
:10A6D00073696D706C652E63006E65745F6275667C
:10A6E0005F73696D706C6500736F630062745F7295
:10A6F00070610025633A20496E7375666669636907
:10A70000656E74206E756D626572206F6620617271
:10A7100067756D656E74730A0025633A2049676E2C
:10A720006F72696E67206964656E746974696573B8
:10A730002073746F72656420696E20666C61736843
:10A740000A0025633A20496E76616C6964206C6565
:10A750006E67746820494420616464726573732075
:10A76000696E2073746F726167650A0062742F25C9
:10A77000732F2530327825303278253032782530E5
:10A780003278253032782530327825752F257300C0
:10A7900062742F25732F253032782530327825309A
:10A7A0003278253032782530327825303278257568
:10A7B0000025633A2073657474696E67735F7375FF
:10A7C000627379735F696E6974206661696C656430
:10A7D0002028657272202564290A0062742F25736F
:10A7E0000025633A204661696C656420746F2073AC
:10A7F0006176652049442028657272202564290A03
:10A800000025633A20556E61626C6520746F207379
:10A810006574757020616E206964656E7469747901
:10A8200020616464726573730A0062740062745F0D
:10A8300073657474696E6773004254204C572057D7
:10A8400051002E2E2F2E2E2F2E2E2F2E2E2F2E2E2F
:10A850002F2E2E2F2E2E2F2E2E2F2E2E2F7A65704E
:10A860006879722F696E636C7564652F7A6570689C
:10A8700079722F7379732F627974656F7264657260
:10A880002E68002E2E2F2E2E2F2E2E2F2E2E2F2ED8
:10A890002E2F2E2E2F2E2E2F2E2E2F2E2E2F7A6550
:10A8A000706879722F7375627379732F626C756536
:10A8B000746F6F74682F686F73742F6275662E6380
:10A8C000002E2E2F2E2E2F2E2E2F2E2E2F2E2E2FD1
:10A8D0002E2E2F2E2E2F2E2E2F2E2E2F7A65706895
:10A8E00079722F696E636C7564652F7A657068790B
:10A8F000722F626C7565746F6F74682F6275662E47
:10A90000680062745F6275660062745F646174619E
:10A910000025633A20446174612062756666657241
:10A92000206F766572666C6F7720286C696E6B207D
:10A930007479706520307825303278290A002563D3
:10A940003A20546F6F20736D616C6C202825752040
:10A95000627974657329206576656E742030782578
:10A960003032780A0025633A20556E61626C6520AA
:10A97000746F206C6F6F6B20757020636F6E6E202C
:10A98000776974682068616E646C652025750A00BB
:10A9900025633A20556E61626C6520746F206C6F80
:10A9A0006F6B757020636F6E6E20666F72206861CA
:10A9B0006E646C652025750A0025633A2048617233
:10A9C0006477617265206572726F722C20686172A3
:10A9D000647761726520636F64653A2025640A00BC
:10A9E00025633A20436F756C64206E6F7420737515
:10A9F000626D69742072785F776F726B3A2025649C
:10AA00000A0025633A20556E68616E646C656420A7
:10AA10006576656E7420307825303278206C656EEE
:10AA20002025753A2025730A0025633A20496E7661
:10AA3000616C6964204843492041434C2070616344
:10AA40006B65742073697A6520282575290A0025AD
:10AA5000633A2041434C2064617461206C656E67E9
:10AA60007468206D69736D61746368202825752092
:10AA7000213D202575290A0025633A20556E616223
:10AA80006C6520746F2066696E6420636F6E6E2043
:10AA9000666F722068616E646C652025750A002EF1
:10AAA0002E2F2E2E2F2E2E2F2E2E2F2E2E2F2E2EC1
:10AAB0002F2E2E2F2E2E2F2E2E2F7A657068797224
:10AAC0002F7375627379732F626C7565746F6F7411
:10AAD000682F686F73742F6863695F636F72652E88
:10AAE000630025633A20556E6B6E6F776E2062753A
:10AAF0006620747970652025750A0025633A205513
:10AB00006E68616E646C65642076656E646F722D2C
:10AB10007370656369666963206576656E7420305D
:10AB20007825303278206C656E2025753A202573A3
:10AB30000A0025633A20496E76616C6964204843B7
:10AB400049206576656E742073697A6520282575BD
:10AB5000290A0025633A20496E76616C6964204CAD
:10AB600045206D657461206576656E742073697A21
:10AB70006520282575290A0025633A20496E7661EB
:10AB80006C69642062756620747970652025750A89
:10AB90000025633A204E6F20636F6D6D616E6420F7
:10ABA00073656E7420666F7220636D6420636F6DD1
:10ABB000706C657465203078253034780A00256320
:10ABC0003A204F70436F6465203078253034782008
:10ABD000636F6D706C6574656420696E7374656114
:10ABE00064206F66206578706563746564203078D2
:10ABF000253034780A0025633A20696E74657276D0
:10AC0000616C20657863656564732074686520767F
:10AC1000616C69642072616E6765202575207573AB
:10AC20000A0025633A206C6174656E63792065784B
:10AC30006365656473207468652076616C6964205F
:10AC400072616E6765203078253034780A0025639C
:10AC50003A20737570765F74696D656F75742065E1
:10AC6000786365656473207468652076616C6964D7
:10AC70002072616E6765203078253034780A0025AF
:10AC8000633A204E6F2070656E64696E6720706550
:10AC9000726970686572616C20636F6E6E65637453
:10ACA000696F6E0A0025633A20556E65787065639A
:10ACB0007465642073746174757320307825303244
:10ACC000782025730A0025633A20657674206E7516
:10ACD0006D5F68616E646C657320283D2575292061
:10ACE000746F6F206C617267652028257A75203E2D
:10ACF000202575290A0025633A204E6F20636F6E68
:10AD00006E656374696F6E20666F722068616E6431
:10AD10006C652025750A0025633A207061636B65B8
:10AD2000747320636F756E74206D69736D617463E5
:10AD3000680A0025633A204661696C656420746F77
:10AD4000207365742072657175697265642073651E
:10AD5000637572697479206C6576656C0A00256389
:10AD60003A204E6F206368616E676520746F2065BE
:10AD70006E6372797074696F6E207374617465208C
:10AD800028656E63727970742030782530327829A6
:10AD90000A00756E6B6E6F776E005B305D0053441A
:10ADA000430025633A20484349207472616E7370F2
:10ADB0006F72743A2025730A0025633A204964654E
:10ADC0006E7469747925733A2025730A0025633AF5
:10ADD000204964656E746974795B25645D3A202549
:10ADE000730A0025633A204843493A207665727316
:10ADF000696F6E202573202830782530327829201D
:10AE00007265766973696F6E203078253034782CDE
:10AE1000206D616E7566616374757265722030783D
:10AE2000253034780A0025633A204C4D503A20767C
:10AE3000657273696F6E2025732028307825303253
:10AE400078292073756276657220307825303478E1
:10AE50000A0025633A20556E61626C6520746F208C
:10AE600073656E6420746F20647269766572202841
:10AE7000657272202564290A0025633A206F706389
:10AE80006F64652030782530347820737461747570
:10AE900073203078253032782025730A0025633AF4
:10AEA000204661696C656420746F2072656164205E
:10AEB000444C45206D61782064617461206C656E3E
:10AEC0000A0025633A2074785F6F63746574732099
:10AED00065786365656473207468652076616C6964
:10AEE000642072616E67652025750A0025633A202B
:10AEF00074785F74696D6520657863656564732037
:10AF00007468652076616C69642072616E67652083
:10AF100025750A0025633A204E6F2070656E6469BE
:10AF20006E6720636F6E6E20666F7220706565724B
:10AF30002025730A0025633A204E6F6E2D4C452064
:10AF400063617061626C6520636F6E74726F6C6CAC
:10AF50006572206465746563746564210A00256305
:10AF60003A204E756D206F6620436F6E74726F6C61
:10AF70006C657227732041434C207061636B65746C
:10AF80007320213D2041434C2062745F636F6E6EDD
:10AF90005F747820636F6E746578747320282575EC
:10AFA00020213D202575290A0025633A2041434C84
:10AFB0002042522F454452206275666665727320A6
:10AFC0006E6F7420696E697469616C697A65640A70
:10AFD0000025633A2056656E646F7220484349200D
:10AFE000657874656E73696F6E73206E6F7420611F
:10AFF0007661696C61626C650A0025633A20485786
:10B0000020506C6174666F726D3A20257320283071
:10B010007825303478290A0025633A20485720568D
:10B02000617269616E743A2025732028307825306A
:10B030003478290A0025633A204669726D77617277
:10B04000653A20257320283078253032782920561B
:10B05000657273696F6E2025752E2575204275699E
:10B060006C642025750A0025633A204661696C6589
:10B070006420746F207265616420737570706F72E4
:10B080007465642076656E646F7220636F6D6D61A8
:10B090006E64730A0025633A204661696C6564201A
:10B0A000746F207265616420737570706F7274655F
:10B0B000642076656E646F72206665617475726572
:10B0C000730A0025633A204E6F204944206164646E
:10B0D000726573732E20417070206D7573742063D8
:10B0E000616C6C2073657474696E67735F6C6F61FB
:10B0F0006428290A0025633A20484349206472697C
:10B10000766572206973206E6F7420726561647950
:10B110000A0042542052582057510025633A2048D3
:10B12000434920647269766572206F70656E20668F
:10B1300061696C656420282564290A0025633A202A
:10B140004F7574206F6620636F6D6D616E64206251
:10B150007566666572730A0025633A20556E6162F2
:10B160006C6520746F20616C6C6F63617465206224
:10B1700075666665720A0025633A20556E657870BB
:10B18000656374656420484F53545F4E554D5F436B
:10B190004F4D504C455445445F5041434B455453EB
:10B1A0002C207374617475732030782530327820C8
:10B1B00025730A0025633A20556E636C65617265DC
:10B1C000642070656E64696E672073656E745F637A
:10B1D0006D640A00312E306200312E3100312E3282
:10B1E00000322E3000322E3100332E3000342E301B
:10B1F00000342E3100342E3200352E3000352E3101
:10B2000000352E3200352E3300352E3400362E30E8
:10B2100000362E3100362E3200362E330053746144
:10B220006E6461726420426C7565746F6F7468201F
:10B23000636F6E74726F6C6C65720056656E646FCE
:10B240007220737065636966696320636F6E7472E0
:10B250006F6C6C6572004669726D77617265206C07
:10B260006F616465720052657363756520696D6115
:10B270006765007265736572766564006E52463567
:10B280003178006E5246353278006E52463533784A
:10B29000006E524635344878006E524635344C784C
:10B2A00000496E74656C20436F72706F72617469CF
:10B2B0006F6E004E6F726469632053656D69636FD2
:10B2C0006E647563746F72004E58502053656D69DB
:10B2D000636F6E647563746F72730045737072652B
:10B2E000737369662053797374656D730062745F5C
:10B2F0006863695F636F72650025633A20636D64FC
:10B3000020646973616C6C6F7765640A002E2E2F60
:10B310002E2E2F2E2E2F2E2E2F2E2E2F2E2E2F2E48
:10B320002E2F2E2E2F2E2E2F7A65706879722F7366
:10B3300075627379732F626C7565746F6F74682FA3
:10B34000686F73742F69642E630025633A20466129
:10B35000696C656420746F2064697361626C652038
:10B3600061646472657373207265736F6C75746960
:10B370006F6E0A0025633A205265736F6C76696EB2
:10B3800067206C6973742073697A652065786365DA
:10B39000656465642E20537769746368696E6720FD
:10B3A000746F20686F73742E0A0025633A2046611B
:10B3B000696C656420746F20636C656172207265CE
:10B3C000736F6C7574696F6E206C6973740A0025F5
:10B3D000633A204661696C656420746F206164641F
:10B3E0002049524B20746F20636F6E74726F6C6CC7
:10B3F00065720A0025633A2053657420707269767D
:10B40000616379206D6F646520636F6D6D616E643B
:10B41000206973206E6F7420737570706F7274651D
:10B42000640A0025633A204661696C656420746F84
:10B43000207365742070726976616379206D6F6422
:10B44000650A0025633A2044697361626C696E671E
:10B450002061646472657373207265736F6C7574B8
:10B46000696F6E206661696C656420286572722060
:10B470002564290A0025633A204661696C656420C9
:10B48000746F2072656D6F76652049524B2066722D
:10B490006F6D20636F6E74726F6C6C65720A00253D
:10B4A000633A204F6E6C792072616E646F6D207309
:10B4B0007461746963206964656E7469747920616C
:10B4C00064647265737320737570706F72746564F1
:10B4D0000A0025633A20496E76616C696420696EC2
:10B4E00070757420706172616D65746572730A00A5
:10B4F00025633A204661696C656420746F2072652B
:10B500006164207075626C69632061646472657344
:10B51000730A0025633A2052656164205374617494
:10B5200069632041646472657373657320636F6D32
:10B530006D616E64206E6F7420617661696C61620A
:10B540006C650A0025633A204661696C6564207465
:10B550006F20726561642073746174696320616433
:10B56000647265737365730A0025633A204E6F2019
:10B570007374617469632061646472657373657365
:10B580002073746F72656420696E20636F6E7472CD
:10B590006F6C6C65720A0025633A2043616E2774F4
:10B5A0002073657420626F7468204944454E544985
:10B5B00054592026204E5250410A0062745F69643B
:10B5C0000025633A20546F6F2062696720616476BA
:10B5D0006572746973696E6720646174610A00251D
:10B5E000633A204661696C656420746F20737461EE
:10B5F000727420616476657274697365720A0025DD
:10B60000633A204661696C656420746F2073746FBF
:10B6100070206164766572746973696E673A20257B
:10B62000640A0062745F6164760025633A204661B3
:10B63000696C656420746F2067656E6572617465FE
:10B6400020454343206B65792025640A0025633A31
:10B65000204661696C656420746F206578706F7234
:10B660007420454343207075626C6963206B657973
:10B670002025640A0025633A204661696C656420D0
:10B68000746F206578706F72742045434320707228
:10B690006976617465206B65792025640A002563ED
:10B6A0003A204661696C656420746F206465737428
:10B6B000726F7920454343206B65792049442025EA
:10B6C000640A0025633A204661696C656420746FE2
:10B6D00020696D706F72742074686520707269766D
:10B6E000617465206B657920666F72206B657920C7
:10B6F00061677265656D656E742025640A00256357
:10B700003A20526177206B65792061677265656DBB
:10B71000656E74206661696C65642025640A002585
:10B72000633A204661696C656420746F20646573B8
:10B7300074726F7920746865206B65792025640ABE
:10B740000025633A207073615F696D706F72745F7A
:10B750006B657928292072657475726E6564207333
:10B7600074617475732025640A0025633A2042755C
:10B77000737920706572666F726D696E6720616E95
:10B780006F746865722045434448206F706572612C
:10B7900074696F6E0A0062745F656363002E2E2FFA
:10B7A0002E2E2F2E2E2F2E2E2F2E2E2F2E2E2F2EB4
:10B7B0002E2F2E2E2F2E2E2F7A65706879722F73D2
:10B7C00075627379732F626C7565746F6F74682F0F
:10B7D000686F73742F636F6E6E2E630025633A205B
:10B7E0004661696C656420726561642072656D6F85
:10B7F00074652066656174757265732028256429F7
:10B800000A0025633A205048592030782530327894
:10B81000206E6F7420737570706F727465640A00A7
:10B8200025633A204661696C656420746F207365F6
:10B83000742064617461206C656E20282564290A77
:10B840000025633A20556E657870656374656420E1
:10B850006669727374204C32434150206672616D88
:10B86000650A0025633A20556E65787065637465D6
:10B8700064204C3243415020636F6E74696E756171
:10B8800074696F6E0A0025633A204E6F7420656EEE
:10B890006F75676820627566666572207370616394
:10B8A0006520666F72204C324341502064617461A0
:10B8B0000A0025633A20556E657870656374656487
:10B8C0002041434C20666C61677320283078253016
:10B8D0003278290A0025633A2041434C206C656E7A
:10B8E000206D69736D6174636820282575203E2082
:10B8F0002575290A0028756E6B6E6F776E290025F5
:10B90000633A206E6F207472616E736974696F6E32
:10B910002025730A0025633A20496E76616C6964BC
:10B920002028257529206F6C642073746174650A62
:10B930000025633A20636F6E6E2025702066616972
:10B940006C656420746F2065737461626C697368E0
:10B950002E205246206E6F6973653F0A0025633AB8
:10B96000206E6F2076616C6964202825752920730C
:10B970007461746520776173207365740A002563B0
:10B980003A20696E636F6D70617469626C652068DE
:10B99000616E646C652025750A0025633A20546940
:10B9A0006D656F7574206469736361726465642E7C
:10B9B000204E6F20626C6F636B696E6720696E202A
:10B9C00073797377712E0A0025633A20466174619A
:10B9D0006C206572726F7220282564292E204469BC
:10B9E00073636F6E6E656374696E672025700A00FD
:10B9F00025633A20466F756E642076616C69642019
:10BA0000636F6E6E656374696F6E202825702920E0
:10BA1000776974682061646472657373202573208C
:10BA2000696E202573207374617465200A00256394
:10BA30003A2053656E64204C4520706172616D2020
:10BA4000757064617465206661696C656420286541
:10BA50007272202564290A0025633A2053656E64BA
:10BA6000206175746F204C4520706172616D207586
:10BA70007064617465206661696C65642028657214
:10BA800072202564290A00646973636F6E6E6563B2
:10BA900074656400646973636F6E6E6563742D63AF
:10BAA0006F6D706C657465007363616E2D626566A1
:10BAB0006F72652D696E6974696174696E6700697A
:10BAC0006E6974696174696E672D66696C746572FC
:10BAD0002D6C697374006164762D636F6E6E65639F
:10BAE0007461626C65006164762D6469722D636FA8
:10BAF0006E6E65637461626C6500646973636F6E1A
:10BB00006E656374696E670062745F636F6E6E006A
:10BB10002E2E2F2E2E2F2E2E2F2E2E2F2E2E2F2E40
:10BB20002E2F2E2E2F2E2E2F2E2E2F7A65706879E7
:10BB3000722F7375627379732F626C7565746F6F92
:10BB400074682F686F73742F6C326361702E63009A
:10BB500025633A204E6F20617661696C61626C6585
:10BB6000204C3243415020636F6E746578742066B8
:10BB70006F7220636F6E6E2025700A0025633A2075
:10BB8000556E61626C6520746F20616C6C6F6361CF
:10BB900074652062756666657220666F72206F70CC
:10BBA000203078253032780A0025633A20457870B5
:10BBB000656374696E6720757020746F202564203A
:10BBC000726566732C20676F742025640A002563F4
:10BBD0003A20616C726561647920686176652076CF
:10BBE000696577206F6E2025700A0025633A20541E
:10BBF0006F6F20736D616C6C204C32434150207329
:10BC000069676E616C696E67205044550A00256350
:10BC10003A204C32434150206C656E677468206D49
:10BC200069736D617463682028257520213D202586
:10BC300075290A0025633A20496E76616C69642093
:10BC40006964656E742076616C756520696E204C40
:10BC500032434150205044550A0025633A20496E32
:10BC600076616C6964204C4520636F6E6E20706154
:10BC700072616D207273702073697A652028257552
:10BC800020213D20257A75290A0025633A20526536
:10BC90006A656374696E6720756E6B6E6F776E2070
:10BCA0004C324341502050445520636F646520302E
:10BCB00078253032780A0025633A20546F6F20735C
:10BCC0006D616C6C204C32434150205044552072C1
:10BCD000656365697665640A0025633A2049676E85
:10BCE0006F72696E67206461746120666F7220757F
:10BCF0006E6B6E6F776E206368616E6E656C204947
:10BD000044203078253034780A00636F6E666967A6
:10BD10000062745F6C326361700025633A20466193
:10BD2000696C656420746F207375626D697420613D
:10BD300074745F74785F64657374726F795F776F22
:10BD4000726B3A2025640A002E2E2F2E2E2F2E2EB7
:10BD50002F2E2E2F2E2E2F2E2E2F2E2E2F2E2E2FFD
:10BD60002E2E2F7A65706879722F737562737973CE
:10BD70002F626C7565746F6F74682F686F73742FA2
:10BD80006174742E630025633A2041545420636823
:10BD9000616E6E656C206E6F7420636F6E6E65638E
:10BDA0007465640A0025633A204572726F722073CD
:10BDB00069676E696E6720646174610A0025633A81
:10BDC0002052616E206F7574206F66205458206277
:10BDD000756666657273206F7220636F6E74657826
:10BDE00074732E0A0025633A20415454204D545553
:10BDF0002065786365656465642C206D6178202515
:10BE0000752C2077616E74656420257A750A00258B
:10BE1000633A20556E61626C6520746F20637265B1
:10BE20006174652065727220727370205044550AE7
:10BE30000025633A20546F6F20736D616C6C204154
:10BE40005454205044552072656365697665640AD0
:10BE50000025633A20556E68616E646C656420410C
:10BE6000545420636F6465203078253032780A009E
:10BE700025633A20496E76616C6964206C656E209A
:10BE8000257520666F7220636F64652030782530D9
:10BE900032780A0025633A20556E61626C65207421
:10BEA0006F20637265617465207273702050445511
:10BEB0000A0025633A20556E61626C6520746F201C
:10BEC00063726561746520555549443A2073697AF7
:10BED000652025750A0025633A20556E61626C6500
:10BEE00020746F2063726561746520555549443A2A
:10BEF0002073697A652025640A0025633A204E6F15
:10BF000020617661696C61626C65204154542063E4
:10BF10006F6E7465787420666F7220636F6E6E202A
:10BF200025700A0025633A204E6F20617661696CA6
:10BF300061626C6520415454206368616E6E656C6B
:10BF400020666F7220636F6E6E2025700A00256375
:10BF50003A204E6F7420636F6E6E65637465640A79
:10BF60000025633A20556E61626C6520746F20660F
:10BF7000696E6420415454206368616E6E656C0A7A
:10BF80000025633A20476F74206572722025642C67
:10BF9000206E6F742063616C6C696E67204154542D
:10BFA0002063620A0025633A204661696C6564205B
:10BFB000746F2072652D7375626D69742025733AF4
:10BFC0002025640A0025633A204E6F2041545420F6
:10BFD0006368616E6E656C20666F72204D545520EB
:10BFE000257A750A0025633A204E6F2070656E64CD
:10BFF000696E672041545420726571756573740AC7
:10C000000025633A20446973636F6E6E65637469DB
:10C010006E67206661696C656420286572722025F0
:10C0200064290A0025633A204154542054696D65FF
:10C030006F757420666F722064657669636520256C
:10C04000732E20446973636F6E6E656374696E67E7
:10C050002E2E2E0A0025633A20556E61626C6520F3
:10C06000746F2063726561746520726574727920E3
:10C0700050445520282575290A0062745F61747444
:10C080000025633A20434D41432075706461746517
:10C09000206661696C65642025640A0025633A2086
:10C0A0004661696C656420746F206465636F6465C4
:10C0B0002076616C7565202865727220257A642966
:10C0C0000A0025633A204661696C656420746F201C
:10C0D00073617665204461746162617365204861B3
:10C0E00073682028657272202564290A002E2E2F7D
:10C0F0002E2E2F2E2E2F2E2E2F2E2E2F2E2E2F2E5B
:10C100002E2F2E2E2F2E2E2F7A65706879722F7378
:10C1100075627379732F626C7565746F6F74682FB5
:10C12000686F73742F676174742E630025633A20FF
:10C130006661696C656420746F2073746F7265202A
:10C1400053432028657272202564290A0025633A2A
:10C1500020756E61626C6520746F20736176652056
:10C1600053433A206E6F20636667206C6566740ADD
:10C170000025633A20556E61626C6520746F2064FF
:10C1800065636F64652061646472657373202573F1
:10C190000A0025633A20496E76616C6964206C6FF1
:10C1A00063616C206964656E7469747920256C75AF
:10C1B0000A0025633A20556E61626C6520746F2019
:10C1C000726573746F72652053433A206E6F2063FB
:10C1D0006667206C6566740A0025633A20546F6FA9
:10C1E000206D616E7920436C69656E7420436861CF
:10C1F000726163746572697374696320436F6E66FC
:10C20000696775726174696F6E2E2053656520438E
:10C210004F4E4649475F42545F53455454494E4739
:10C22000535F4343435F53544F52455F4D41580A58
:10C230000A0025633A204E6F207370616365207495
:10C240006F2073746F726520436C69656E74205340
:10C250007570706F7274656420466561747572657F
:10C26000730A0025633A20556E61626C6520746F15
:10C2700020726573746F72652043463A206E6F209A
:10C28000636667206C6566740A0025633A2043681C
:10C29000616E67652D617761726520737461747575
:10C2A00073206E6F7420666F756E6420696E2073E4
:10C2B000657474696E67732C2064656661756C744F
:10C2C000696E672070656572207374617475732080
:10C2D000746F206368616E67652D756E617761723A
:10C2E000650A0025633A2052656164206261636BD0
:10C2F00020626164206368616E67652D6177617299
:10C30000652076616C75653A20307825782C20643C
:10C31000656661756C74696E6720706565722073FF
:10C32000746174757320746F206368616E67652D26
:10C33000756E61776172650A0025633A20666169EE
:10C340006C656420746F2064656C6574652053436C
:10C350002028657272202564290A0025633A204E40
:10C360006F20737061636520746F2073746F7265E2
:10C3700020434343206366670A0025633A204661F1
:10C38000696C656420746F2073746F726520436CF0
:10C3900069656E74204665617475726573202865E1
:10C3A0007272202564290A0025633A20556E616265
:10C3B0006C6520746F20696D706F7274207468658D
:10C3C000206B657920666F722041455320434D41B3
:10C3D000432025640A0025633A20434D4143206FE2
:10C3E0007065726174696F6E20696E697420666130
:10C3F000696C65642025640A0025633A20434D4139
:10C40000432066696E697368206661696C656420A3
:10C4100025640A0062742F6363630025633A204930
:10C420006E76616C6964206B65790A0025633A2039
:10C430004661696C656420746F2073746F72652047
:10C44000434343732028657272202564290A00251E
:10C45000633A2052656164206D6574686F64206E74
:10C460006F74207365740A0025633A204661696C15
:10C47000656420746F2072656164206174747269F0
:10C4800062757465202570202865727220257A6493
:10C49000290A0025633A20496E76616C696420722E
:10C4A000656164206C656E6774683A20257A640A59
:10C4B0000025633A20434343202570206E6F74208B
:10C4C0007772697461626C650A0025633A20534390
:10C4D00020726573746F726520696E64696361743C
:10C4E000696F6E206661696C65640A0025633A2095
:10C4F0004661696C656420746F2073657420736590
:10C5000063757269747920666F7220626F6E6465FC
:10C5100064207065657220282564290A0062742FE2
:10C52000686173680062742F63660062742F7363BE
:10C530000062745F676174740025633A20556E6110
:10C54000626C6520746F2066696E6420534D5020C4
:10C550006368616E6E656C0A0025633A204E6F2039
:10C56000617661696C61626C6520534D5020636F28
:10C570006E7465787420666F7220636F6E6E20250E
:10C58000700A0025633A204661696C656420746F07
:10C590002067656E65726174652044484B65790A51
:10C5A0000025633A20556E61626C6520746F2067C8
:10C5B0006574206B65797320666F722025730A009D
:10C5C00025633A2043616C63756C61746520636F09
:10C5D0006E6669726D206661696C65640A00256328
:10C5E0003A20556E6B6E6F776E2070616972696E5E
:10C5F00067206D6574686F6420282575290A0025F9
:10C60000633A2043616C63756C617465204C544BD4
:10C61000206661696C65640A0025633A2043616C99
:10C6200063756C617465206C6F63616C2044484B6A
:10C63000657920636865636B206661696C65640A6F
:10C640000025633A2043616C63756C6174652072E8
:10C65000656D6F74652044484B6579206368656338
:10C660006B206661696C65640A0025633A20526537
:10C670006D6F7465207075626C6963206B657920DD
:10C6800072656A65637465640A0025633A205265C1
:10C690006D6F7465206973207573696E67204465DA
:10C6A000627567205075626C6963206B65790A005A
:10C6B00025633A20526563656976656420696E7604
:10C6C000616C6964207075626C6963206B65790ABE
:10C6D000002E2E2F2E2E2F2E2E2F2E2E2F2E2E2FA3
:10C6E0002E2E2F2E2E2F2E2E2F2E2E2F7A65706867
:10C6F00079722F7375627379732F626C7565746FBD
:10C700006F74682F686F73742F736D702E630025BC
:10C71000633A205075626C6963206B65792072659D
:10C720002D67656E65726174696F6E2072657175D3
:10C73000657374206661696C656420282564290A24
:10C740000025633A205075626C6963206B6579201F
:10C7500067656E65726174696F6E2074696D656F6F
:10C7600075740A0025633A2054686520696E2D703F
:10C77000726F67726573732070616972696E67208A
:10C78000686173206265656E2064656C65746564BC
:10C79000210A0025633A20534D5020646F657320B1
:10C7A0006E6F7420616C6C6F7720612070616972AC
:10C7B000696E67206661696C7572652061742074AA
:10C7C00068697320706F696E742E204B6E6F776E80
:10C7D0002069737375652E20446973636F6E6E658F
:10C7E0006374696E6720696E73746561642E0A00F4
:10C7F00025633A205075626C6963206B6579206E01
:10C800006F7420617661696C61626C650A002563F2
:10C810003A20546F6F20736D616C6C20534D502023
:10C820005044552072656365697665640A00256326
:10C830003A20534D5020636F6D6D616E6420286304
:10C840006F64652030782530327829207265636501
:10C85000697665642061667465722074696D656FC0
:10C8600075740A0025633A205265636569766564CC
:10C8700020726573657276656420534D5020636F36
:10C880006465203078253032780A0025633A2055D7
:10C890006E68616E646C656420534D5020636F64F4
:10C8A00065203078253032780A0025633A20556EAD
:10C8B000657870656374656420534D5020636F64C0
:10C8C00065203078253032780A0025633A20496E99
:10C8D00076616C6964206964656E74697479202579
:10C8E000730A0025633A2020666F722025730A00C0
:10C8F00025633A205265667573696E67206E6577A9
:10C900002070616972696E672E20546865206F6CB3
:10C910006420626F6E64206D75737420626520758B
:10C920006E7061697265642066697273742E0A00A4
:10C9300025633A2070616972696E67206661696C6F
:10C94000656420287065657220726561736F6E2062
:10C9500030782578290A0025633A204E6F206B65D0
:10C96000797320737061636520666F722025730A86
:10C970000025633A20534D502054696D656F7574DE
:10C980002028666C6167733A3078253038782061EA
:10C990006C6C6F7765645F636D64733A30782530D3
:10C9A0003878290A0062745F736D70002E2E2F2E66
:10C9B0002E2F2E2E2F2E2E2F2E2E2F2E2E2F2E2E92
:10C9C0002F2E2E2F2E2E2F7A65706879722F737569
:10C9D000627379732F626C7565746F6F74682F68FA
:10C9E0006F73742F6B6579732E630025633A20464D
:10C9F00061696C656420746F207265616420766182
:10CA00006C7565202865727220257A64290A0025D4
:10CA1000633A20556E61626C6520746F2066696EA2
:10CA2000642064656C65746564206B657973206649
:10CA30006F722025730A0025633A204661696C6590
:10CA40006420746F20616C6C6F63617465206B652A
:10CA5000797320666F722025730A0025633A204996
:10CA60006E76616C6964206B6579206C656E6774A5
:10CA70006820257A6420213D20257A750A002563E7
:10CA80003A2044726F7070696E67206B657973200D
:10CA9000666F722025732C206E6F205343204C54F8
:10CAA0004B0A0025633A2053746F726564206B65EE
:10CAB000797320666F7220257320646F206E6F7407
:10CAC000206D617463682063757272656E74206393
:10CAD0006F6E66696720666C616773206F7220767F
:10CAE000657273696F6E0A0025633A205468652089
:10CAF0006B65797320666F722025732061726520E3
:10CB0000646F776E67726164656420746F20756E00
:10CB100061757468656E74696361746564206173BE
:10CB20002074686579206E6F206C6F6E6765722067
:10CB30006D6565742061757468656E746963617490
:10CB4000696F6E20726571756972656D656E74735B
:10CB50000A0025633A204661696C656420746F2081
:10CB600073617665206B6579732028657272202564
:10CB700064290A0062742F6B6579730062745F6BBD
:10CB80006579730062745F63727970746F002563F6
:10CB90003A204661696C656420746F20696D706F1E
:10CBA000727420414553206B65792025640A002565
:10CBB000633A204661696C656420746F20636F6D11
:10CBC00070757465204D41432025640A00636163DC
:10CBD00068655F6E726678002E2E2F2E2E2F2E2EF9
:10CBE0002F2E2E2F2E2E2F2E2E2F2E2E2F2E2E2F5F
:10CBF0002E2E2F7A65706879722F6472697665724D
:10CC0000732F636C6F636B5F636F6E74726F6C2FE7
:10CC1000636C6F636B5F636F6E74726F6C5F6E7269
:10CC2000662E6300636C6F636B403130653030306B
:10CC3000006866636C6B006C66636C6B00636C6FA2
:10CC4000636B5F636F6E74726F6C007073612D72D3
:10CC50006E67007272616D2D636F6E74726F6C6CB3
:10CC6000657240353030346530303000666C617349
:10CC7000685F6E72665F7272616D002E2E2F2E2EAF
:10CC80002F2E2E2F2E2E2F2E2E2F2E2E2F2E2E2FBE
:10CC90002E2E2F2E2E2F7A65706879722F696E6373
:10CCA0006C7564652F7A65706879722F6472697625
:10CCB0006572732F6770696F2F6770696F5F757426
:10CCC000696C732E68002E2E2F2E2E2F2E2E2F2EB7
:10CCD0002E2F2E2E2F2E2E2F2E2E2F2E2E2F2E2E6F
:10CCE0002F6D6F64756C65732F68616C2F6E6F723A
:10CCF0006469632F6E7266782F68616C2F6E72663E
:10CD00005F6770696F2E68002E2E2F2E2E2F2E2E0D
:10CD10002F2E2E2F2E2E2F2E2E2F2E2E2F2E2E2F2D
:10CD20002E2E2F7A65706879722F6472697665721B
:10CD3000732F6770696F2F6770696F5F6E726678A7
:10CD40002E63006770696F403130613030300067AA
:10CD500070696F40643832303000756172744031F0
:10CD6000303430303000756172745F6E7266785F97
:10CD70007561727465002E2E2F2E2E2F2E2E2F2EC3
:10CD80002E2F2E2E2F2E2E2F2E2E2F2E2E2F2E2EBE
:10CD90002F7A65706879722F696E636C7564652F80
:10CDA0007A65706879722F647269766572732F671D
:10CDB00070696F2E680025633A204750494F20491B
:10CDC000525120636F6E666967206661696C6564A5
:10CDD0002C206572723A2025640A0025633A2046A9
:10CDE00061696C65642064697361626C696E672057
:10CDF000696E74657272757074730A0025633A20E7
:10CE000043616E6E6F742072656164206770696F34
:10CE10002070696E0A0025633A2043616E6E6F745C
:10CE2000207772697465204C4544206770696F0AE9
:10CE30000025633A2043616E6E6F742064697361EC
:10CE4000626C652063616C6C6261636B730A0025C0
:10CE5000633A2043616E6E6F7420656E61626C652B
:10CE60002063616C6C6261636B730A0025633A2016
:10CE700043616E6E6F7420636F6E6669677572656D
:10CE8000204C4544206770696F0A0025633A2043AF
:10CE9000616E6E6F7420636F6E6669677572652070
:10CEA000627574746F6E206770696F0A0025633A4B
:10CEB0002043616E6E6F742064697361626C6520DB
:10CEC00063616C6C6261636B7328290A0025633AA5
:10CED0002043616E6E6F74206164642063616C6CCA
:10CEE0006261636B0A0025633A204C454420696EF9
:10CEF000646578206F7574206F6620746865207291
:10CF0000616E67650A00646B5F627574746F6E733F
:10CF10005F616E645F6C6564730025633A205265DF
:10CF200073657474696E672073797374656D0A0034
:10CF3000666174616C5F6572726F720025633A207E
:10CF4000536F667444657669636520436F6E7472CF
:10CF50006F6C6C6572204153534552543A202573CF
:10CF60002C2025640A00536F6674446576696365F6
:10CF700020436F6E74726F6C6C6572206275696CA1
:10CF800064207265766973696F6E3A200025633A92
:10CF90002025730A0025633A20456E74726F7079FC
:10CFA00020736F7572636520646576696365206EB2
:10CFB0006F742072656164790A0025633A204661C6
:10CFC000696C656420746F2072656769737465723B
:10CFD0002072616E6420736F75726365202825640A
:10CFE000290A002E2E2F2E2E2F2E2E2F2E2E2F2EB4
:10CFF0002E2F2E2E2F2E2E2F2E2E2F2E2E2F7A65C9
:10D00000706879722F696E636C7564652F7A6570CC
:10D010006879722F647269766572732F656E7472A7
:10D020006F70792E68002E2E2F2E2E2F2E2E2F2E43
:10D030002E2F2E2E2F2E2E2F2E2E2F2E2E2F2E2E0B
:10D040002F6E72662F7375627379732F626C7565BC
:10D05000746F6F74682F636F6E74726F6C6C65722F
:10D060002F6863695F6472697665722E6300256359
:10D070003A20416C6C6F6361746564206D656D6FFF
:10D08000727920746F6F206C6F773A20257A752043
:10D090003C2025750A002E2E2F2E2E2F2E2E2F2EC1
:10D0A0002E2F2E2E2F2E2E2F2E2E2F2E2E2F2E2E9B
:10D0B0002F6E72662F696E636C7564652F6D707369
:10D0C0006C2F6D70736C5F776F726B2E68002563C9
:10D0D0003A204576656E74206275666665722074C6
:10D0E0006F6F20736D616C6C2E20257A75203E2049
:10D0F00025750A0025633A20556E6578706563745E
:10D100006564206D73675F747970653A2025752EAC
:10D1100020546869732069662D656C7365206E659F
:10D120006564732061206E6577206272616E63684A
:10D130000A0025633A20556E6B6E6F776E2065721C
:10D14000726F72207768656E2070726F636573739B
:10D15000696E6720686369206D6573736167652018
:10D1600025640A0062745F6863695F7364630062C8
:10D17000745F7364635F6863695F64726976657224
:10D180000062745F7364635F63727970746F00250B
:10D19000633A204D50534C204153534552543A204A
:10D1A00025732C2025640A002E2E2F2E2E2F2E2E96
:10D1B0002F2E2E2F2E2E2F2E2E2F2E2E2F2E2E2F89
:10D1C0002E2E2F6E72662F7375627379732F6D70AA
:10D1D000736C2F696E69742F6D70736C5F696E6903
:10D1E000742E63004D50534C20576F726B006D705E
:10D1F000736C5F696E69740025633A20556E7375B0
:10D2000070706F72746564204846434C4B2065769D
:10D21000656E743A2025640A002E2E2F2E2E2F2E96
:10D220002E2F2E2E2F2E2E2F2E2E2F2E2E2F2E2E19
:10D230002F2E2E2F6E72662F647269766572732F91
:10D240006D70736C2F636C6F636B5F636F6E747262
:10D250006F6C2F6E7266785F636C6F636B5F6D705F
:10D26000736C2E63006E7266785F636C6F636B5FC6
:10D270006D70736C002E2E2F2E2E2F2E2E2F2E2EF5
:10D280002F2E2E2F2E2E2F2E2E2F2E2E2F2E2E2FB8
:10D290006E72662F647269766572732F6D70736C2F
:10D2A0002F666C6173685F73796E632F666C617350
:10D2B000685F73796E635F6D70736C2E63002563B6
:10D2C0003A206D70736C5F74696D65736C6F745F19
:10D2D00073657373696F6E5F6F70656E20666169E9
:10D2E0006C65643A2025640A0025633A2074696DF0
:10D2F000656F75740A00666C6173685F73796E633D
:10D300005F6D70736C002E2E2F2E2E2F2E2E2F2E33
:10D310002E2F2E2E2F2E2E2F2E2E2F2E2E2F2E2E28
:10D320002F6D6F64756C65732F68616C2F6E6F72F3
:10D330006469632F6E7266782F64726976657273A2
:10D340002F7372632F6E7266785F6770696F746592
:10D350002E63002E2E2F2E2E2F2E2E2F2E2E2F2EE2
:10D360002E2F2E2E2F2E2E2F2E2E2F2E2E2F6D6F58
:10D3700064756C65732F68616C2F6E6F726469637E
:10D380002F6E7266782F68616C2F6E72665F6770A1
:10D39000696F74652E68002E2E2F2E2E2F2E2E2FA5
:10D3A0002E2E2F2E2E2F2E2E2F2E2E2F2E2E2F2E98
:10D3B0002E2F6D6F64756C65732F68616C2F6E6FA7
:10D3C000726469632F6E7266782F68616C2F6E725B
:10D3D000665F677274632E68002E2E2F2E2E2F2EFE
:10D3E0002E2F2E2E2F2E2E2F2E2E2F2E2E2F2E2E58
:10D3F0002F2E2E2F6D6F64756C65732F68616C2FE7
:10D400006E6F726469632F6E7266782F64726976CC
:10D410006572732F7372632F6E7266785F677274B2
:10D42000632E63002E2E2F2E2E2F2E2E2F2E2E2FDC
:10D430002E2E2F2E2E2F2E2E2F2E2E2F2E2E2F6DC8
:10D440006F64756C65732F68616C2F6E6F726469A1
:10D45000632F6E7266782F68616C2F6E72665F72D2
:10D4600072616D632E68002E2E2F2E2E2F2E2E2FE2
:10D470002E2E2F2E2E2F2E2E2F2E2E2F2E2E2F2EC7
:10D480002E2F7A65706879722F6B65726E656C2FBE
:10D490006465766963652E6300556E6B6E6F776E9B
:10D4A000206572726F720025633A203E3E3E205A1C
:10D4B000455048595220464154414C204552524F04
:10D4C000522025643A202573206F6E20435055204A
:10D4D00025640A0025633A204661756C74206475E2
:10D4E00072696E6720696E746572727570742068F7
:10D4F000616E646C696E670A0A0025633A204375A1
:10D500007272656E74207468726561643A20257069
:10D5100020282573290A002E2E2F2E2E2F2E2E2F57
:10D520002E2E2F2E2E2F2E2E2F2E2E2F2E2E2F2E16
:10D530002E2F7A65706879722F6B65726E656C2F0D
:10D54000666174616C2E6300435055206578636595
:10D550007074696F6E00556E68616E646C656420EE
:10D56000696E7465727275707400537461636B20B8
:10D570006F766572666C6F77004B65726E656C20B6
:10D580006F6F7073004B65726E656C2070616E69B1
:10D5900063002E2E2F2E2E2F2E2E2F2E2E2F2E2EA0
:10D5A0002F2E2E2F2E2E2F2E2E2F2E2E2F7A6570D1
:10D5B0006879722F6B65726E656C2F696E69742E57
:10D5C00063006D61696E006F73002E2E2F2E2E2F5B
:10D5D0002E2E2F2E2E2F2E2E2F2E2E2F2E2E2F2E66
:10D5E0002E2F2E2E2F7A65706879722F6B65726ED2
:10D5F000656C2F6B686561702E63002E2E2F2E2EAA
:10D600002F2E2E2F2E2E2F2E2E2F2E2E2F2E2E2F34
:10D610002E2E2F2E2E2F7A65706879722F6B6572E1
:10D620006E656C2F6D656D5F736C61622E63002E8D
:10D630002E2F2E2E2F2E2E2F2E2E2F2E2E2F2E2E05
:10D640002F2E2E2F2E2E2F2E2E2F7A657068797268
:10D650002F6B65726E656C2F696E636C7564652FD8
:10D660006B73636865642E68002E2E2F2E2E2F2E6E
:10D670002E2F2E2E2F2E2E2F2E2E2F2E2E2F2E2EC5
:10D680002F2E2E2F7A65706879722F6B65726E65FA
:10D690006C2F69646C652E63002E2E2F2E2E2F2E7C
:10D6A0002E2F2E2E2F2E2E2F2E2E2F2E2E2F2E2E95
:10D6B0002F2E2E2F7A65706879722F6B65726E65CA
:10D6C0006C2F6D757465782E63002E2E2F2E2E2FE5
:10D6D0002E2E2F2E2E2F2E2E2F2E2E2F2E2E2F2E65
:10D6E0002E2F2E2E2F7A65706879722F6B65726ED1
:10D6F000656C2F73656D2E6300737973776F726B32
:10D7000071002E2E2F2E2E2F2E2E2F2E2E2F2E2E20
:10D710002F2E2E2F2E2E2F2E2E2F2E2E2F7A65705F
:10D720006879722F6B65726E656C2F776F726B2ED6
:10D7300063002E2E2F2E2E2F2E2E2F2E2E2F2E2EFE
:10D740002F2E2E2F2E2E2F2E2E2F2E2E2F7A65702F
:10D750006879722F6B65726E656C2F746872656183
:10D76000642E63002E2E2F2E2E2F2E2E2F2E2E2F98
:10D770002E2E2F2E2E2F2E2E2F2E2E2F2E2E2F7A78
:10D7800065706879722F6B65726E656C2F73636854
:10D7900065642E63002E2E2F2E2E2F2E2E2F2E2E32
:10D7A0002F2E2E2F2E2E2F2E2E2F2E2E2F2E2E2F93
:10D7B0007A65706879722F6B65726E656C2F696E11
:10D7C000636C7564652F6B7468726561642E6800A4
:10D7D0002E2E2F2E2E2F2E2E2F2E2E2F2E2E2F2E64
:10D7E0002E2F2E2E2F2E2E2F2E2E2F7A657068790B
:10D7F000722F6B65726E656C2F696E636C756465F4
:10D800002F6B737761702E68002E2E2F2E2E2F2EE9
:10D810002E2F2E2E2F2E2E2F2E2E2F2E2E2F2E2E23
:10D820002F2E2E2F7A65706879722F6B65726E6558
:10D830006C2F74696D65736C6963696E672E630024
:10D840002E2E2F2E2E2F2E2E2F2E2E2F2E2E2F2EF3
:10D850002E2F2E2E2F2E2E2F2E2E2F7A657068799A
:10D86000722F6B65726E656C2F74696D656F757460
:10D870002E63002E2E2F2E2E2F2E2E2F2E2E2F2EBD
:10D880002E2F2E2E2F2E2E2F2E2E2F2E2E2F7A6530
:10D89000706879722F6B65726E656C2F6D656D7037
:10D8A0006F6F6C2E630063726163656E002E2E2FA6
:10D8B0002E2E2F2E2E2F2E2E2F2E2E2F2E2E2F2E83
:10D8C0002E2F2E2E2F2E2E2F6E72662F73756273B3
:10D8D00079732F6E72665F73656375726974792FE1
:10D8E0007372632F647269766572732F63726163FA
:10D8F000656E2F636F6D6D6F6E2F7372632F637222
:10D900006163656E2F6C69625F6B6D752E63002EAF
:10D910002E2F2E2E2F2E2E2F2E2E2F2E2E2F2E2E22
:10D920002F2E2E2F2E2E2F2E2E2F6E72662F7375CA
:10D93000627379732F6E72665F7365637572697453
:10D94000792F7372632F647269766572732F6372B5
:10D950006163656E2F63726163656E7073612F73AF
:10D9600072632F63726163656E5F7073615F6D6177
:10D97000632E63002E2E2F2E2E2F2E2E2F2E2E2F87
:10D980002E2E2F2E2E2F2E2E2F2E2E2F2E2E2F6E72
:10D9900072662F7375627379732F6E72665F73652B
:10D9A0006375726974792F7372632F647269766517
:10D9B00072732F63726163656E2F63726163656E4C
:10D9C0007073612F7372632F63726163656E5F7032
:10D9D00073615F6B65795F6D616E6167656D656EC3
:10D9E000742E63002E2E2F2E2E2F2E2E2F2E2E2F06
:10D9F0002E2E2F2E2E2F2E2E2F2E2E2F2E2E2F6E02
:10DA000072662F7375627379732F6E72665F7365BA
:10DA10006375726974792F7372632F6472697665A6
:10DA200072732F63726163656E2F737873796D63A0
:10DA3000727970742F7372632F706C6174666F7279
:10DA40006D2F626172656D6574616C2F696E7465AE
:10DA50007272757074732E63002E2E2F2E2E2F2E41
:10DA60002E2F2E2E2F2E2E2F2E2E2F2E2E2F2E2ED1
:10DA70002F2E2E2F6E72662F7375627379732F6E31
:10DA800072665F73656375726974792F7372632F41
:10DA90007574696C732F6E72665F736563757269F6
:10DAA00074795F6D7574657865732E63002E2E2F03
:10DAB0002E2E2F2E2E2F2E2E2F2E2E2F2E2E2F2E81
:10DAC0002E2F2E2E2F2E2E2F7A65706879722F6BA7
:10DAD00065726E656C2F6576656E74732E63006477
:10DAE0007261676F6F6E2F6C6962732F7363686505
:10DAF000642F7372632F73636865645F68616C5F22
:10DB000074696D65725F677274632E6300B40B1184
:10DB10001891A8422EF671C1848C5EEA79B1326008
:10DB20008F00286E756C6C29002A666C6F61742AF0
:10DB300000455749440223D1BCEA5F782315DEEF44
:10DB40001212251500000223D1BCEA5F782315DEEE
:10DB5000EF1212251500000223D1BCEA5F782315CD
:10DB6000DEEF1212241500000223D1BCEA5F7823F5
:10DB700015DEEF1212241500000223D1BCEA5F78F3
:10DB80002315DEEF12122315000000FFFFFFFFFF39
:10DB9000FF00000000000000FFFFFFFFFFFF00008C
:10DBA00000000000303132333435363738396162A5
:10DBB0006364656600000000000000100080000043
:10DBC000805F9B34FB91FBFBF3F4FBFBFBFBEA0068
:10DBD00009090909010209090909090909090909C4
:10DBE00009070909090909060909090909090909AA
:10DBF000090909090909090905E69D350E480103C6
:10DC0000CCDBFDF4AC1191F4EFB9A5F9E9A7832CB5
:10DC10005E2CBE97F2D203B0208BD28915D08E1C19
:10DC2000742430ED8FC24563765C15525ABF9A3228
:10DC3000636DEB2A65499C80DC6174745F74785F66
:10DC400064657374726F795F776F726B5F68616E12
:10DC5000646C6572000005061F1F29181203080274
:10DC60000305080A00080103040105040509060765
:10DC70000101060608000001000100030100030283
:10DC800002010002000000000002030100036C8892
:10DC90008391AAF5A53860370BDB5A6083BE000775
:10DCA0000E091C1B1215383F363124232A2D000182
:10DCB0000405020608090F00051F1F1F1F1F1F1F55
:10DCC0001F1F1F1F1F1F1F000110141400001C2006
:10DCD00030401C2000001C20304000401014140074
:10DCE000001C2030401C2000001C2030400040015F
:10DCF0000302FFFFFFFF0000000100000000000022
:10DD0000000000000000FFFFFFFFFFFFFFFFFFFF1D
:10DD1000FFFFFFFFFFFF00000000FFFFFFFFFFFF0F
:10DD2000FFFFBCE6FAADA7179E84F3B9CAC2FC6335
:10DD300025516B17D1F2E12C4247F8BCE6E563A40C
:10DD400040F277037D812DEB33A0F4A13945D898BB
:10DD5000C2964FE342E2FE1A7F9B8EE7EB4A7C0FAE
:10DD60009E162BCE33576B315ECECBB6406837BF95
:10DD700051F5FFFFFFFF0000000100000000000060
:10DD8000000000000000FFFFFFFFFFFFFFFFFFFF9D
:10DD9000FFFC5AC635D8AA3A93E7B3EBBD5576983F
:10DDA00086BC651D06B0CC53B0F63BCE3C3E27D2B8
:04DDB000604B0000C4
:10DDB400FFFFFFFFFF1F00001F0000000000000026
:10DDC4001D40000000000000FFFFFFFF1FFF0000D8
:10DDD400BAABBABA1010101000000000005008507E
:10DDE40000000000000000000C000000010000FF23
:10DDF4007F000000000000001DA1000000000000E2
:10DE040051A10000000000004520000000000000B7
:10DE140071A10000000000002FA10000000000001C
:10DE24000C6B0000FF000000609000000100000087
:10DE340000000000000000000000000000000000DE
:10DE440000000000000000000000000000000000CE
:10DE540000000000000000000000000000000000BE
:10DE640000000000000000000000000000000000AE
:10DE7400000000000000000000000000000000009E
:10DE8400000000000000000000000000000000008E
:10DE9400000000000000000000000000000000007E
:10DEA400000000000000000000000000000000006E
:10DEB400000000000000000000000000000000005E
:10DEC400000000000000000000000000000000004E
:10DED400000000000000000000000000000000003E
:10DEE400000000000000000000000000000000002E
:10DEF4000000000000000000291A010000000000DA
:10DF0400000000000000000000000000000000000D
:10DF140000000000000000000000000000000000FD
:10DF240000000000000000000000000000000000ED
:10DF340000000000000000000000000000000000DD
:10DF440000000000000000000000000000000000CD
:10DF540000000000000000000000000000000000BD
:10DF640000000000000000000000000000000000AD
:10DF7400000000000000000000000000000000009D
:10DF8400DC7D0200000000000000000001D1000060
:10DF9400000000000001000000000000000000007C
:10DFA400000000000000000000000000000000006D
:10DFB40000000000000000000000000067000000F6
:10DFC400000000000000000000000000000000004D
:10DFD400000000000000000000000000000000003D
:10DFE400000000000000000000000000000000002D
:10DFF400000000000000000000000000000000001D
:10E00400000000000000000000000000000000000C
:10E0140000000000000000000000000000000000FC
:10E0240000000000000000000000000000000000EC
:10E0340000000000000000000000000000000000DC
:10E044000000000000000000F32D020009D20000CF
:10E05400A5D300007DD300000000000000000000F4
:10E06400E9D30000000000000000000000000000F0
:10E07400C9D3000000000000692F0200848D020053
:10E08400089602000000020014960200000002003C
:10E09400209602000000020046DB02000000080097
:10E0A40000000000000000000000000019ED000066
:10E0B400000000000000000068DB02000000120005
:10E0C400000000007D3D0200000000000000000090
:10E0D40000C010500000000000000000000000001C
:10E0E400000000000000000000000000000000002C
:10E0F400000000000000000000000000000000001C
:10E10400000000000000000000000000000000000B
:10E1140000000000000000000000000000000000FB
:10E1240000000000000000000000000000000000EB
:10E1340000000000000000000000000000010000DA
:10E1440000A00D50000000000000000000000000CE
:10E1540000000000000000000000000000000000BB
:10E1640000000000000000000000000000000000AB
:10E17400000000000000000000000000000000009B
:10E18400000000000000000000000000000000008B
:10E19400000000000000000000000000000000007B
:10E1A400000000000000000000000000000000006B
:10E1B40000000000950501000000000000000000C0
:10E1C40000000000211D010000000000000000000C
:10E1D40000000000650C01000000000000000000C9
:10E1E40000000000552C01000000000000000000A9
:10E1F40000000000212B01000000000000000000CE
:10E2040000000000113601000000000000000000C2
:10E2140000000000B1300100000000000000000018
:10E22400354B0100895701009D5801000000000092
:10E23400000000000D4A0100554D0200B74D0200D8
:10E24400594701000000000000000000955401003F
:10E25400000000000000000057520200000000000F
:10E2640000000000000000004496020000000200CC
:10E274005096020000000A00609602000000200090
:10E28400000000000000000000000000000000008A
:10E2940059510200000000004805002048050020F4
:10E2A40000000000000000000E0000005C050020DB
:10E2B4005C050020A1800100000000007D990100A0
:10E2C40000000000FF0000000090D003FF000000E9
:10E2D4000F0000007102000088050020880500205E
:10E2E40090050020900500200000000000000000C0
:10E2F4000E00000000000000A8050020A805002072
:10E3040000000000000000000E00000000000000FB
:10E31400C0050020C005002000000000000000002F
:10E324000E00000000000000D8050020D8050020E1
:10E3340000000000000000000E00000000000000CB
:10E34400BB640200B7640200677420009C060020CE
:10E35400EC060020C40600204807002038070020EF
:10E36400B0060020D806002023D1BCEA5F7823152C
:0BE37400DEEF1212231500000601016D
:10E37F00000000000000000000000000000000008E
:01E38F00008D
:10E390003C0600203C06002000000000F473002032
:10E3A0000000000001000000280000000000000044
:10E3B0005C0600205C06002000000000584500209C
:10E3C0000000000001000000A800000000000000A4
:10E3D0007C0600207C060020000000001C74002049
:10E3E00000000000030000001C000000000000000E
:10E3F0009C0600209C060020000000000000000099
:10E400000E000000B0060020B00600200000000052
:10E41000000000000E000000C4060020C40600201A
:10E4200000000000000000000E000000D8060020E0
:10E43000D806002000000000000000000E000000D0
:10E44000EC060020EC0600200000000000000000A8
:10E450000E00000000070020000700200000000060
:10E46000000000000E000000140700201407002028
:0CE4700000000000000000000E00000092
:10E47C00280700202807002000000000FFFFFFFFF6
:10E48C0038070020380700200000000000000000C2
:10E49C004807002048070020000000000000000092
:10E4AC0000000000000000000000000064070020D5
:04E4BC0064070020D1
:10E4C00000000000000000000000000078070020AD
:10E4D0007807002000000000030003001000000087
:10E4E000000000009C90020020720020000000004C
:10E4F0000000000000000000A4070020A407002086
:10E50000000000000300030010000000B5460100F9
:10E51000389102007C730020000000000000000021
:10E5200000000000D0070020D007002000000000FD
:10E530000300030000000000000000003C8F020008
:10E54000946E0020000000000000000000000000A9
:10E55000FC070020FC070020000000000100010073
:10E5600010000000152F0100889002001871002093
:10E57000000000000000000000000000280800204B
:10E580002808002000000000030003000000000035
:10E590000000000050900200D07000200000000039
:10E5A0000000000000000000540800205408002073
:10E5B000000000000C000C00040000003D080100F9
:10E5C000288F0200B86C002000000000000000004E
:10E5D00000000000800800208008002000000000EB
:10E5E000010001000000000000000000508F020048
:04E5F000E06F0020B8
:04E5F40015E015E039
:040000030000F3A165
:00000001FF
