:1000000060C20020E12A0100A9FA0200C52A01000D
:10001000C52A0100C52A0100C52A0100C52A010020
:10002000000000000000000000000000C92B0100DB
:10003000C52A0100000000008D2D0100C52A010025
:10004000292E0100292E0100292E0100292E010050
:10005000292E0100292E0100292E0100292E010040
:10006000292E0100292E0100292E0100292E010030
:10007000292E0100292E0100292E0100292E010020
:10008000292E0100292E0100292E0100292E010010
:10009000292E0100292E0100292E0100292E010000
:1000A000292E0100292E0100292E0100292E0100F0
:1000B000292E0100292E0100292E0100292E0100E0
:1000C000292E0100292E0100292E0100292E0100D0
:1000D000292E0100292E0100292E0100292E0100C0
:1000E000292E0100292E0100292E0100292E0100B0
:1000F000292E0100292E0100292E0100292E0100A0
:10010000292E0100292E0100292E0100292E01008F
:10011000292E0100292E0100292E0100292E01007F
:10012000292E0100292E0100292E0100292E01006F
:10013000292E0100292E0100292E0100292E01005F
:10014000292E0100292E0100292E0100292E01004F
:10015000292E0100292E0100292E0100292E01003F
:10016000292E0100292E0100292E0100292E01002F
:10017000292E0100292E0100292E0100292E01001F
:10018000292E0100292E0100292E0100292E01000F
:10019000292E0100292E0100292E0100292E0100FF
:1001A000292E0100292E0100292E0100292E0100EF
:1001B000292E0100292E0100292E0100292E0100DF
:1001C000292E0100292E0100292E0100292E0100CF
:1001D000292E0100292E0100292E0100292E0100BF
:1001E000292E0100292E0100292E0100292E0100AF
:1001F000292E0100292E0100292E0100292E01009F
:10020000292E0100292E0100292E0100292E01008E
:10021000292E0100292E0100292E0100292E01007E
:10022000292E0100292E0100292E0100292E01006E
:10023000292E0100292E0100292E0100292E01005E
:10024000292E0100292E0100292E0100292E01004E
:10025000292E0100E1EC0200292E0100292E0100C7
:10026000292E0100292E0100CBEC0200292E0100CD
:10027000292E0100292E0100292E0100292E01001E
:10028000292E0100292E0100292E0100292E01000E
:10029000292E0100292E0100292E0100292E0100FE
:1002A000292E0100292E0100292E0100292E0100EE
:1002B000292E0100292E0100292E0100292E0100DE
:1002C000292E0100292E0100292E0100292E0100CE
:1002D000292E0100292E0100292E0100292E0100BE
:1002E000292E0100292E0100292E0100292E0100AE
:1002F000292E0100292E0100292E0100292E01009E
:10030000292E0100292E0100292E0100292E01008D
:10031000292E0100292E0100292E0100292E01007D
:10032000292E0100292E0100292E0100292E01006D
:10033000292E0100292E0100292E0100292E01005D
:10034000292E0100292E0100292E0100292E01004D
:10035000292E0100292E0100292E0100292E01003D
:10036000292E0100292E0100292E0100292E01002D
:10037000292E0100292E0100292E0100292E01001D
:10038000292E0100292E0100292E0100292E01000D
:10039000292E0100292E0100292E0100292E0100FD
:1003A000292E0100292E0100292E0100292E0100ED
:1003B000292E0100292E0100292E0100292E0100DD
:1003C000292E0100292E0100292E0100292E0100CD
:1003D000292E0100F7EC0200292E0100292E010030
:1003E000292E0100292E0100292E0100292E0100AD
:1003F000292E0100292E0100292E0100292E01009D
:10040000292E0100292E0100292E0100292E01008C
:10041000292E0100292E0100292E0100292E01007C
:10042000292E0100292E0100292E0100292E01006C
:10043000292E0100292E0100292E0100292E01005C
:10044000292E0100292E0100292E0100292E01004C
:10045000292E0100292E0100292E0100292E01003C
:10046000292E0100292E0100292E0100292E01002C
:0C047000292E0100292E0100292E010078
:10048000064A074B02604FF41E729B788280082256
:10049000C371002382710372704700BFB3B70000BD
:1004A000C80B0020064A074B02604FF49C721B7B6E
:1004B00082800822C371FF2382710372704700BFDC
:1004C000AFB20000C80B0020F8B5C41D00280546D7
:1004D00024F007040CBF0020204600F037FA071E66
:1004E00002DA6FF00B00F8BD254EF188B0880331B9
:1004F000737A0330327A89B280B208F083FF002821
:10050000EFDB3C44B3787178002D04F10304194407
:1005100024F0030400FB01F10CBF0020204600F092
:1005200097FB23180DB9002BDBDB317B184679B123
:100530000333002D728923F003040CBF00202046F2
:1005400000F0F8FB0028CCDB20440DB90028C8DB04
:10055000317891B1337B83B1C41D002D24F00704A1
:100560000CBF0020204602F095FE0028B9DB0DB13B
:100570000020B8E72018B6D5B3E7002DF8D1B2E7D0
:10058000C80B0020014608B572B6094B1B690BB1B8
:1005900008489847BFF34F8F0749084BCA6802F4D1
:1005A000E0621343CB60BFF34F8F00BFFDE700BF96
:1005B000C80B0020DD83030000ED00E00400FA0515
:1005C0000A4B07B51A896846ADF80020DA889B887F
:1005D000ADF80420ADF8023001F096FC18B148F6F1
:1005E0005300FFF7CFFF03B05DF804FBC80B0020FA
:1005F00010B5044620B308F06FF910B94FF0FF3082
:1006000010BD06F09FFDB0F5FA7FF7D80E4B1B2109
:10061000002299801A750822D98040F203211A809D
:10062000012219811F211C615A8059819A81EFF39F
:10063000108472B600F0DAFB04B962B60020DFE77E
:100640006FF01500DCE700BFC80B002010B50028D4
:100650003FD1234C237D032B38D059B1002A3BD006
:100660000239052935D8DFE801F003122634292C98
:100670001378A3700020FFF727FF0028B7BF0123DE
:1006800002236FF00B002375A8BF237510BD1379EB
:1006900013B3537903B31188FB291DD853881B3B2F
:1006A0009BB2E02B18D81A2916D913689288636078
:1006B0000C4B9A80DEE713782373DBE713886381A2
:1006C000D8E71388FF2B07D82370D3E74FF0FF300C
:1006D000DCE76FF02C00D9E76FF01500D6E700BF1C
:1006E000C80B0020CC0B0020F8B50D46064620B301
:1006F00019B311F0070420D1114F3B7D012B02D11A
:100700006FF00B00F8BD032B02D14FF0FF30F9E77B
:1007100000F0A2FB0028F8D02846FFF7D5FE0028FD
:10072000EEDB0BF09CF83046214601F071FCFFF740
:1007300047FF032320463B75E4E76FF01500E1E730
:10074000C80B002010B5064C237D032B03D101F00C
:1007500075FC02F02FF808F056FF0020207510BD40
:10076000C80B002008B501F01FFC03490120BDE8BB
:10077000084000F0E3B800BFA504000008B501F090
:1007800027FC03490020BDE8084000F0D7B800BFAF
:1007900081040000074B4FF0FF3141F6FF72C3E9BF
:1007A000001205490022C1E900221F21C3E90212FB
:1007B000704700BF60000020E00B00203F280CD8ED
:1007C00001380B4BC0F3421200F01F0053F82230E7
:1007D00023FA00F000F001007047FF2806D04038EF
:1007E000044BC0F3421200F01F00EFE701207047F6
:1007F00060000020E00B0020074B014600684968BC
:100800001A4603C240F48C2200201A6041F0107294
:1008100042F4FF625A607047600000200246034BBA
:100820000068516803C30020704700BFE00B002040
:100830000246034B0068516803C30020704700BFA5
:10084000680000203F280DD80138074BC0F3421242
:1008500000F01F0003EB82039B6823FA00F000F016
:100860000100704700207047600000200A8870B5C2
:1008700095B2C67BC2F30E020488023602F1100361
:100880003444C35AA4B233442344013BB3FBF4F3CE
:1008900003FB0422438892B29342044B8BBF2B404C
:1008A000AB4313439BB20B8070BD00BF0080FFFFC2
:1008B0004A1E062A08B50346084603D84CF2A6503D
:1008C000FFF760FE094A914202D947F24660F7E716
:1008D00011B903B1196008BD2BB11B680022C3E92F
:1008E00001211A1D1A600430F5E700BFFAFFFF7FEF
:1008F00010B5114B00EB41041A786389B3FBF2F396
:1009000003FB0223013A1A44B2F5706F0279807832
:1009100028BF00231A440B18B2FBF0F100FB112191
:100920005B1AB3FBF0F100FB113313446FEA43434E
:100930006FEA5343638110BDE80B0020024B03EBC9
:1009400080035960704700BFE80B00202DE9F04F8D
:1009500010F0070A85B0054603D04EF6A700FFF752
:1009600011FE534F044607F10C06B146B04657F846
:10097000043B8DF80BA043B101A898479DF80A30BD
:10098000082B02D94CF63910E9E79DF80B1041BB52
:1009900005B131604F4506F10406E8D1002D6FD056
:1009A0000022DFF810910227964689F8002058F8B7
:1009B00027A0013FBAF1000F55D09AF804609AF8C9
:1009C00002C0FF2E60D039460023481C38D19C4419
:1009D000BCF1FF0F3FD90AB189F800E044F6E620E8
:1009E000BDE79DF80AC04B1D60465A0004EB430367
:1009F000022838BF0220441E40422344BDF808406C
:100A00006444CCF1000C0340013C04EA0C04B4F54E
:100A1000803F02D34EF61650A1E775B19A1A012015
:100A2000326091701480D0709DF80C0010710198A4
:100A30004FEA104C1081A2F806C004FB0134A9E76C
:100A400058F8210028B190F804B0B34504BF80786D
:100A50001B180139B9E7DBB2E6458AF804303CBF20
:100A60005FFA8CFE01227B1CA1D10AB189F800E05B
:100A7000022640F6FF6A58F82670B7B9013EFAD24E
:100A8000601B05B0BDE8F08F0023E5E707EB4103ED
:100A900009F101093846A3F80AA0FFF729FF5FFA18
:100AA00089F1BB788B42F1D8E8E74FF00009F6E70F
:100AB000EC0B0020E80B002038B54FF6FF73024620
:100AC0000380174B03EB81031869A8B1847803797D
:100AD000B3FBF4F104FB1133DBB2194600EB410523
:100AE000B5F90A50002D0EDB0131B1FBF4F504FB22
:100AF0001511C9B28B42F1D1002038BD6381BDE828
:100B0000384008F05CBC00EB41046389C3F30E037A
:100B10001380C278002AF1D14FF6EF10FFF732FDB3
:100B2000E80B00201C4B03EB810370B51C690546E4
:100B30003CB3030403D546F63870FFF723FD0146A6
:100B4000204608F01FFCFF28014604D02046BDE8DF
:100B5000704008F034BCA078B5FBF0F300FB1353F1
:100B6000DBB219460A1D04EB4206B6F90260002EFC
:100B700009DB0131B1FBF0F200FB1211C9B28B426B
:100B8000F0D1002070BD8B4201D00023E37004EB54
:100B900042025580DAE700BFE80B0020094B03EB67
:100BA0008103014610B51C69204608F0EBFBFF28C5
:100BB000014604D02046BDE8104008F000BC0020EB
:100BC00010BD00BFE80B0020F8B5104B074603EB43
:100BD000810301461C69204608F0D4FBFF28054626
:100BE00011D0E288238953EA024606D00146204606
:100BF00008F0E5FB01463846B04720462946FFF796
:100C000077FE0020F8BD0520FCE700BFE80B0020C0
:100C100038B50E4B0446827903EB8203186908B994
:100C2000052038BD8278E1799142F9D24B1CE371FD
:100C300000EB41035D89B3F90A30002BF3DBA5809B
:100C400008F0BDFB20600020EBE700BFE80B0020B0
:100C500070B5044610F003000E4603D04BF6BD00FD
:100C6000FFF790FCFFF724FE054624B10348314608
:100C70000460FFF71DFE284670BD00BF040C002075
:100C80002DE9F14FDFF870B01E4607460D46DBF840
:100C9000003090469DF828A09DF82C901BB945F691
:100CA0001E00FFF76FFC52460921404608F034FA57
:100CB0004A4684B20921304608F02EFA81B2DBF8A8
:100CC0000000214408F033FB386018B9286001B0F7
:100CD000BDE8F08F04445346414609222C60386831
:100CE00008F0E0F94B4609223146286801B0BDE81A
:100CF000F04F08F0D7B900BF040C002070B50E46C5
:100D0000044608F01CFA0546304608F018FA044B71
:100D10002A1821461868BDE8704008F02CBB00BFB7
:100D2000040C0020024B186808B108F0F4BA7047B0
:100D3000040C00201F2AF8B5044624D89200134D55
:100D4000033250B1830703D04FF6FC00FFF71AFCC3
:100D500022F00303297068602B8122F0030228230C
:100D60000127120403FB01F06B680025120CEEB2A0
:100D7000B14200D8F8BD14B126181F705E6010444F
:100D800001352833F3E74FF0FF30F3E7080C00207C
:100D9000154A002170B553681578C8B2854203D84A
:100DA00049F28140FFF7EEFB1C461846013114F86A
:100DB000286B0EB92346F0E70021997001241289AF
:100DC000996103F126055C709208D96103F11E0454
:100DD000596824F8022FAC4243F8041F1144F8D19B
:100DE00000234361037070BD080C0020114B0122E9
:100DF0004FF0FF3000215A60C3F80803C3F8001514
:100E0000C3F804255A6040F6FE72C3F80803402078
:100E1000C3F8001503F570330749C3F80825C1F876
:100E20008800BFF34F8FBFF36F8FC1F88801C3F8FD
:100E3000082570470060045000E100E002680020CF
:100E4000014B1A60704700BF140C0020014B1B6857
:100E5000184700BF140C0020024B1868003818BF58
:100E600001207047140C00200A4606488F2302F820
:100E7000033BC368C1F8033003695360436993605F
:100E8000704700BF180C0020024B5A8C02435A8452
:100E90005B6A1847180C0020014B00215B6A184759
:100EA000180C002010B5154C05F0FAF805F0BCFB45
:100EB000208DFFF7F1FF237E63B12246104904F134
:100EC000190052F80C3BE36063685360A3689360B9
:100ED00009F0FEFB218DE06A02F010FAE36AB3F834
:100EE000AA0002F08DF9636B94F8301094F8310089
:100EF0009847002384F8383010BD00BF180C00203C
:100F0000690E0000034B93F838300BB1FFF7CABFEE
:100F1000704700BF180C002070B5184C0546E36CF4
:100F2000E66AE3634FF4817394F85000A4F840300C
:100F3000B37E96F81D1100EB83002DB9FF2803D175
:100F400096F81C318B4201D004F004FEB37E7BB1D5
:100F5000606D05F019F8616DE06B05F0F7FA1DB9E9
:100F60009621284605F05EF8022384F8383070BDDB
:100F7000E06B05F009F805F057FBF0E7180C0020CE
:100F800008B5084B93F83820022A03D049F6FB50E5
:100F9000FFF7F8FADA7A42F00102DA72BDE80840A7
:100FA000FFF780BF180C002070B50F4DC9009200EC
:100FB00000F00300AE6D01F0080102F004021B0115
:100FC000347803F0100304F0F3040C43144304F0EA
:100FD000EC041C4304433470B5F86430737002238E
:100FE000A5F85C3070BD00BF180C00207FB5002252
:100FF000012300F180010392CDE90423074A92F80E
:101000005020029200F19002CDE90032D0E91E2377
:10101000022005F0D9F907B05DF804FB180C002098
:101020002DE9F0412F4C06460F4694F83830012B3D
:101030005FFA83F803D049F2C870FFF7A3FAE56AB4
:101040002B7933B1002104202971FFF71DFF85F8AA
:1010500005802B7A052B0AD123490220FFF714FFC4
:10106000236E1B78991E4B424B4184F868301EB1A9
:10107000BDE8F041FFF716BF002FF9D0E36E304610
:1010800098470028F4D094F83030002BF0D1E66A6D
:1010900004F03CFD73699842EAD8B37C002BE7D199
:1010A000638C9A0714D594F86830002BE0D0AB7E9F
:1010B000E46A13B12846FFF799FF94F81D21012037
:1010C000962104F077FE0020BDE8F041FFF724BF31
:1010D000002BCDD194F87030002BE8D194F871300A
:1010E000E3E700BF180C0020780C0020F7B5174C80
:1010F0000646656F0DB1636C1BB942F6D410FFF75D
:1011000041FAB4F8483001F003012F466B702B7898
:1011100023F003030B4307F8033B3846B4F8482099
:10112000616C07F045FD0DF1020201A9A06FE563B6
:10113000676408F0E6F8019808F0D1F8B4F84810B0
:101140003060A06F08F0B1F803B0F0BD180C0020BB
:101150002DE9F04FAE4D91B0EC6A079004F1A80371
:1011600009910A930023CDE90D3395F83830022B0D
:101170005FFA83FA03D045F22F60FFF703FAEB6BB7
:1011800003221E785978134406F00308A5F840207E
:101190006B64079BA5F84810002B00F0258119B15E
:1011A000A86F08F06BF80146627A2B8D01326967EF
:1011B00043F40073D2B22B8582EA960717F0010739
:1011C00046D1237A23B3032B62720AD8012B1FD096
:1011D0000DA9D5F8800007F0FBFF90B94DF29950AA
:1011E000CBE7053B012B02D940F66E70C5E700F056
:1011F000C5FF10B948F2D640BFE739460820FFF7CF
:1012000043FED4E91C32013342F10002C4E91C322E
:101210000021637921721BB110206171FFF734FE48
:101220002B8D43F400632B8500230893C6F3C0077E
:10123000A37ECBB1B5F84830B3B105F00FFA03285F
:10124000FBD0022806D1FFF72DFE11B0BDE8F08FCC
:10125000079BEAE740B9A37A03F001039F4203D159
:10126000012385F83130EEE7A27A02F001039F42B4
:101270006ED04FF000096B6F002B40F0C780B5F8BF
:101280004830B3FA83F35B0903EA161385F871302B
:10129000099B002B40F0C0806A8C95F885301107BF
:1012A00004D595F86820002A40F0B680012B00F2A2
:1012B000B380EB6E01209847002800F0AD8095F8D0
:1012C0003060002E40F0A880637E83B10123039636
:1012D00004F180010420CDE90463FB23029304F1AF
:1012E0009003CDE90063D4E91C2305F06DF894F870
:1012F0001C219621002004F05DFDEB6AB5F84870D2
:101300009A7E93F81C11069395F8503003EB8203F4
:10131000FF2B04D1069B93F81D318B4202D0FF2096
:1013200004F018FC3A480022D0F82CB08DF8312097
:101330009BF80850ADF83220062D00F2AD81DFE8B1
:1013400015F0C2008A018D018D01AB019E019E0145
:10135000B5F84830EBB108F1FF31012919D8298DD2
:1013600041F48051298594F80A118B4206D995F8E9
:10137000303043F0100385F830307AE7696F002988
:101380003FF477AF95F8841019B12020FFF784FD62
:101390006FE70132B8F1030FA2721BD008F1FF32E0
:1013A000012A0CD8002B3FF464AFDDF81C90D4E97F
:1013B0001E32013342F10002C4E91E325BE7002B0A
:1013C0003FF457AFD4E91E32013342F10002C4E9C1
:1013D0001E324EE72B8D01200E4943F480532071BD
:1013E0002B85FFF751FDEDE7A37E0BB105F050F91A
:1013F00095F885304FF000090133CDF8209085F83D
:1014000085302B8D43F480632B8534E701233BE744
:10141000180C00205C0C002004F042FEB9F1000F13
:101420004CD101230993AB4D2B8D5A0606D4402095
:10143000FFF732FD2B8D43F040032B85089B63B1F2
:10144000B5F80720B5F805301343E28813431EBFF3
:10145000B5F809300133A5F80930079B002B00F0DF
:101460003281B5F805300133A5F80530002385F841
:101470008530E86A01F0B4FE0D9830B107F02FFF17
:10148000002202720A9901F09FFA0E9B33B10022EA
:101490001A720C220A990E9801F064FA099B002B2B
:1014A0007FF4D1AE2B8D1B063FF5CFAE8020FFF72A
:1014B000F3FC2B8D43F080032B85C6E641460EA836
:1014C000FFF714FEADE79BF80E20233A072A04D954
:1014D0009BF80F20233A072A6BD87E4A92F8862081
:1014E000ABF810210DF132010FA8ADF8322000F059
:1014F00037FEBDF83220002800F081800F980028C8
:101500007DD005218BF80810724DA865A5F86420E0
:1015100002B1C21C2A669BF808709BF80A30022FA1
:101520009BF809A00B9307D0053F012F00F2B7806D
:1015300013780327022B0DD0D5F8800007F07DFE2D
:10154000002840F0AE80032F04D000F023FE80F08E
:101550000106F6B206F0010385F87030069B5B7E4B
:10156000002B00F0A080B5F86430002B00F09B80C9
:101570000B9A514633463846FFF716FD686D04F066
:1015800003FD0022D5E9151004F02CFE18B9D5E9A9
:10159000150104F081FF012385F8873085F8383084
:1015A000B9F1000F3FF43FAF41460EA8FFF79EFD93
:1015B00039E79BF81C31FFB20B9304F0A1FA454ABE
:1015C0000B9BD16A91F80A21B1F80811BA4284BF85
:1015D000D21BD5B2012814BF04220822012B02FB22
:1015E00005F514BF04220822B5FBF2F5394A92F83A
:1015F00086202A44914234BFCAB2D2B270E722B3E5
:101600003448C26A92F85520FAB90DF131020DF151
:101610003201D0F8800007F0B9FDB0B19DF831205B
:101620003AB90280827003228BF80820BDF832207C
:101630006AE70178BDF8322001F00301012908BFF3
:101640004FF0030A8BF808A05EE70022ADF83220C5
:1016500001228BF808202048002255E7BBF8102112
:101660000DF13201D0F88000ADF832200DF13102D9
:1016700007F08CFD0028D9D14DF647007DE50DF12E
:1016800032010FA800F06CFD08B10F9810B945F2B7
:101690004E4072E50622C7E74DF63B606DE5012737
:1016A0004AE7012656E7514633460B9A3846FFF77C
:1016B0007BFCA86D04F068FC04F0B6FF0021A86D67
:1016C0000AF0F5F867E7B5F807300133A5F80730F9
:1016D000CFE600BF180C0020940C0020064B10B57C
:1016E00093F8382002F0FF0422B91C7601F0FEFDC9
:1016F000204610BD0C24FBE7180C0020094B0A4AB9
:1017000010B51A60FFF7EAFF18B148F67620FEF729
:1017100039FF064C00F0A2FCE06400F0A3FC606519
:1017200010BD00BFD414002074180000180C002055
:1017300070B5444C054694F8386006F0FF0016B9C1
:1017400009B102B11BB940F60430FEF71BFF636319
:101750009DF81030616284F88430E26684F83000CD
:1017600084F8850084F8310084F88700608420853F
:1017700084F8700084F8710084F86800A065206621
:10178000A4F86400E0636064A4F84800E56204F033
:101790000DFA04F049FF95F9240104F067FAD5F831
:1017A000D060D5F8C80004F069FA304604F0DEFBDA
:1017B00095F82A0004F06CFA09F0E8FA95F81D2172
:1017C00000F15501012004F0E1FA1F4B186804F004
:1017D000D3FBD5F8BC30C4F88030D5F8C030A3674F
:1017E000AB7B233B072B2AD9EB7B233B072B26D94B
:1017F00095F8E63084F88630B5F80A3184F8503030
:10180000AB7E13B12846FFF7F1FB0120FFF784FB05
:10181000E36AD3F8B80104F0D3FB002323606360CC
:10182000A360EB886380B5F8AA30238095F82A304E
:101830002371D5F820310BB101221A6070BD1B2332
:10184000D8E700BF180C0020D4140020014B93F8F7
:1018500087007047180C0020024B93F82900C0F352
:10186000C0007047180C0020014B93F885007047AA
:10187000180C0020810F0000511100002110000001
:10188000050F00002A4B70B51D890C46DE8840F616
:101890004803114622469D4228BF1D46002309F0F9
:1018A00007F8E2882389B2426088A18828BF3246BF
:1018B000AB4228BF2B46B042E28028BF3046A94247
:1018C000238128BF29461B286080A18002D0B1F562
:1018D000A47F04D11B2A29D0B3F5A47F26D0FF23EF
:1018E0002370E3881B3B9BB2E02B03D947F69A2079
:1018F000FEF748FE63881B3B9BB2E02B02D94DF2FA
:10190000DA40F5E72389A3F5A4739BB2B3F5E06F42
:1019100002D943F25500EBE7A388A3F5A4739BB269
:10192000B3F5E06F02D947F69F30E1E770BD00BF25
:10193000A00C002010B501210020FFF72FF904466C
:1019400068B90121FFF7EEF8044618B946F6BC1055
:10195000FEF718FE034B93F9161009F07AFC2046A7
:1019600010BD00BFA00C0020014B5888704700BF7D
:10197000A00C002008B508F0BFFB00F04DFD00F002
:1019800091FB08F07EFE01F097FC03F0CDFD0022F4
:10199000074B4FF01B1107481A60074BC3E90001C2
:1019A0004FF4A4719A829A819960DA7308BD00BFDE
:1019B000D814002003021B00A00C0020034B41F6AA
:1019C0004C521A611B229A73FFF7D4BFA00C00205F
:1019D00073B5254D04462B69AE7BC0F8DC30234B34
:1019E000C0F8C43001F06AF8002818BF002600F0E3
:1019F00049FB830684F8E46053BF1B236B88AA88E5
:101A00001A46A4F8F8301A4BA4F8FA201B6823B140
:101A100094F92411B4F8AA009847164904F1A800D3
:101A200008F01DF901236A8804F1BC006978A4F864
:101A3000DA300332AB88019192B2297803330091F6
:101A40009BB204F1C001FFF71BF9D4F8BC301BB9FD
:101A500042F20B20FEF796FDD4F8C03013B94FF6D2
:101A60005420F7E702B070BDA00C002000093D0033
:101A7000DC140020AA0C0020024B1B6803B118479D
:101A80000C207047D8140020034B5A8802801B7822
:101A900083700020704700BFA00C002038B5837809
:101AA00005461A2B08D8042B04D9124A22FA03F34C
:101AB000DB0705D4122417E0292B01D03B2BF9D1E9
:101AC0002888B0F5706FF5D208F0A5FB70B190F8DA
:101AD000282102F0FF045AB9AA7880F82921FF22B0
:101AE00080F8282107F03AFE204638BD0224FBE7A3
:101AF0000C24F9E7200038040188A1F11B039BB2F4
:101B0000E02B0CD8428844F24810A2F5A4739BB293
:101B1000834204D8034B0020D9801A8170471220D9
:101B2000704700BFA00C002038B50278447802F05E
:101B3000010302F0020254EA030101D1112038BD71
:101B4000D2B98578002DF9D0002B18BF002400E011
:101B50001D46204607F07BFD0028EFD0284607F001
:101B600076FD0028EAD0074B00201A7B9C7222F0F9
:101B70000302DD721A73E2E7002BE9D00024254648
:101B8000E7E700BFA00C002010B5008808F053FB69
:101B9000D0B190F83A2112B13A24204610BD90F805
:101BA000602002F0FF04002AF6D190F85720920737
:101BB00005D1FF2280F83A2107F0D0FDEDE7034977
:101BC000583008F085FDE8E70224E6E7E3AC0000C2
:101BD000F7B5077805460C46EF2F0FD890F901208E
:101BE0004378002A0ADB8278900707D113F01000AF
:101BF0001DD1990603F0030202D51AB1122442E066
:101C0000032AFBD01E07F9D42979EA78EE7942EA53
:101C10000122697942EA0142A97941EA06212E7A34
:101C200041EA06418A42E9D81F2A0FD8E6E713F0B5
:101C3000600FE3D103F00702052A05D003F00F017E
:101C40000D22CA40D107D9D51A07DDD56A7A013AE3
:101C5000062AD3D8AA7A032AD0D813F0040102D1D5
:101C6000023A012A03D8EA7A012AC7D811B9AA7C14
:101C7000032AC3D82A7D48B1012ABFD12A7E012A6E
:101C8000BCD830B91124204603B0F0BD022AF5D1EA
:101C9000B4E7DB0712D46B782A7D03F01803082B16
:101CA00011D1022AEED101213846FEF777FF064610
:101CB00078B109F083FAB8B10C24E4E700F0A2F996
:101CC0000028E8D1DEE7022AEDD02B7F002BEAD0F6
:101CD000D8E701213846FEF725FF064640B3154BED
:101CE00093F9161009F0B5FA304609F0A1FB294620
:101CF0002070E874304609F0F2FAEB7E0446002BBF
:101D0000C1D00028BFD10246B16A684607F091FBF6
:101D10002246B06A012107F0D7FBB16A6846042267
:101D200007F087FB22462146B06A07F0CDFBAAE701
:101D30000724A8E7A00C002030B502798BB0034639
:101D4000042A4FD84088B0F5804F4BD8264900244C
:101D50008D5C1144ADF800404A798DF8084042F09E
:101D600010028DF8244042EA45028D7AC97B42EA8E
:101D7000850242EAC102694602F01F028DF8002086
:101D8000BDF80020ADF809201A888DF80E00000A71
:101D90008DF80B20120A8DF80D408DF80C208DF86F
:101DA0000F008DF810405A7BD3F807008DF81120F2
:101DB0005A79059002A88DF812209A798DF813208F
:101DC000B3F80B209B7BADF818208DF81A307F23D9
:101DD0008DF81B304FF00113CDE90734FFF7F8FE03
:101DE0000BB030BD1220FBE74033030073B506464D
:101DF000FFF7A0FD044609F026FB33780546012BCA
:101E00005ED1204609F058FA002879D0204609F022
:101E10001AFB18B115B9122002B070BD204609F0A6
:101E2000CDF908B10C20F7E7204609F003FA064681
:101E30000028F7D1204602F0BFFB0028EBD0ED01CF
:101E400042F2107331462046ADB25D4309F0E7FA25
:101E5000204609F0F0FA014650B92A46204601F022
:101E600043FE08B90020D7E74FF68800FEF78AFB4B
:101E700031460DF10600FEF71FFE064608B90D209B
:101E8000CAE7BDF8061008F0EDF93146204609F022
:101E9000DEFA3046FFF79CFD2A463146204601F027
:101EA00023FE024610B141F2D770DFE7154B9B6964
:101EB000002BD7D006F5957106F1A8009847D1E719
:101EC000002BA8D1204609F0F7F9C8B1204609F047
:101ED00075F90028C6D0204609F057F80546204677
:101EE00009F056F8014600289CD1002DBAD0B5F86B
:101EF000AA00FEF769FE0028B4D04FF2E370B5E700
:101F0000422089E7A00C00200278034672B1427893
:101F100062B142881A2A09D982881A2A06D9006829
:101F2000034A106000209B889380704712207047FE
:101F3000A00C002002680020014B1A61704700BF0E
:101F4000A00C00200378A3F10A02112A9BBF024AC9
:101F50000020122093737047A00C002008B50520C4
:101F600000F084F803F0A0FA014B024A9A6108BD20
:101F7000A00C00208518000008B50122094B1A703A
:101F800002F00AFB09F02EFC08F0B4F8FFF7B6FBEC
:101F9000002007F01CFA00F01DFCBDE8084001F02D
:101FA000F3BE00BFBC0C002010B5064C0649201D36
:101FB00007F007FE04F108000449BDE8104007F0EF
:101FC00000BE00BFBC0C0020A8000020B000002014
:101FD00010B5084C0849201D07F0F3FD04F1080076
:101FE000064907F0EEFD04F10C000549BDE810407C
:101FF00007F0E7BDBC0C0020C0000020C800002096
:10200000B8000020014B1878704700BFBC0C0020BE
:1020100010B5064C00F0BCFB606807F0CAFDFFF786
:10202000CDFC00F081FD0123237410BDBC0C002009
:10203000014B187C704700BFBC0C002010B5064C4B
:10204000A06807F0B6FDE06807F0B3FDFFF792FC6B
:102050000023237410BD00BFBC0C00200048704753
:10206000CD0C002000487047CF0D0020C208044965
:1020700000F0070001238340885C03438B547047C2
:1020800070000020014BD3E9000170477000002070
:10209000034B1868C0F30020400040F00100704777
:1020A0007000002008B505F04DF80023074A32F80B
:1020B0002310814205D302EB83029378044A137004
:1020C00008BD01330C2BF2D10023F7E75433030092
:1020D000D10E002008B5B0F8AA3080F85911A0F848
:1020E0005A3190F81C31012B05D0022B03D04EF24F
:1020F0003F70FEF747FA80F85C3190F81D31012BF4
:1021000001D0022BF3D180F85D3100F5A8700249AF
:10211000BDE8084008F0DCBA499C0000024B0022F0
:1021200083F822209A847047D20E0020044B93F843
:102130002220012A1ABF036001200020704700BF3F
:10214000D20E0020054B024693F8221001291BBF36
:1021500001209A84002083F822007047D20E0020CC
:10216000054B024693F8220020B1136009B19B8C05
:102170000B800120704700BFD20E0020044B0022CC
:1021800093F822009A8410B1012083F8222070472E
:10219000D20E0020034B93F82200B0FA80F04009E1
:1021A000704700BFD20E002050B90A4A01201346E2
:1021B00003F8010B0868C2F801008A889A8070470A
:1021C000012805D1034B0A68D8719A608A889A81E0
:1021D000704700BFF80E002050B90B4B187888B13B
:1021E000D3F80120B3F805300A6001208B807047D6
:1021F000012806D1044BD87920B19A689B890A60DE
:10220000F3E70020704700BFF80E002010B9044B20
:1022100018787047012806BF014BD8790020704715
:10222000F80E0020F7B58A8800238DF80600ADF877
:10223000042008680B4A8DF807300146147802F52F
:10224000A872019DD8B2844201D8082007E052F854
:10225000087F01335668AE4208BF8F42F2D103B007
:10226000F0BD00BF080F0020084B0146002230B52A
:102270005C7803F20113D0B2844201D8082004E054
:1022800013F8015F01328D42F5D130BD080F0020F7
:10229000F0B5254D89B095F8984105F29911684639
:1022A000224606F085FC2146684607F044FF0446B6
:1022B000B8B300EB400102A8C9B2FEF7C7FD631E28
:1022C00095F8A1610124DBB295F8981105E0721C24
:1022D000B2FBF1F001FB1022D6B206F120020DEBA9
:1022E000020010F8202C002AF1D103EB430100F882
:1022F000204C06EB460220312A44694411F8187C30
:1023000082F8A27111F8177C11F8161C82F8A371DB
:1023100082F8A411013BAA19DBB282F89941FF2B84
:10232000D2D109B0F0BD00BF080F002070B506463D
:1023300088B00C46002A4ED0294A92F8A131D01814
:1023400090F8991119B941F64F20FEF71BF903EBEC
:1023500043010133114491F8A251E57091F8A35162
:1023600091F8A41125716171002180F8991192F8FA
:102370009811B3FBF1F001FB103382F8A13192F810
:10238000C23123B9174902F5DD7008F09EF965796D
:102390000D220021684605F03F0545F040056571B6
:1023A00009F0EBFEE37804AA69468DF80F30304659
:1023B00023798DF80D508DF80E30042309F047FE77
:1023C0009DF81F3023709DF81E3063709DF81D30FE
:1023D000A37008B070BD03216018FEF737FDD6E783
:1023E000080F002091220000044B5A78824286BFD9
:1023F0001B1893F84A010020704700BF080F002007
:10240000044B5A78824286BF1B1893F84201002081
:10241000704700BF080F0020064B00224FF4617187
:102420001A8083F8C32183F8C421A3F8C61183F866
:10243000C2217047080F0020014BB3F8C601704756
:10244000080F00200A4B30B55C7884420ED918443E
:1024500090F802012B3003EBC004A5790D7053F8FE
:10246000300010600120A388938030BD0020FCE77D
:10247000080F00200246074810B590F8C34124B168
:10248000417821B1023003F071F8204610BD0C46AE
:10249000FBE700BF080F00202DE9F74F2F4C9A46AD
:1024A000804689466378834256D9231893F842516F
:1024B00085F00105F9B193F84A31E3B945F0020717
:1024C0000135BAF1000F18D1FA070AD5062104EB3D
:1024D0000810524601FB0841823001F58571FFF773
:1024E00025FFBB0734D504EB08105246494602309D
:1024F000FFF71CFF2CE02F46E3E794F8A1614FF0B3
:10250000010B002DE0D0A31993F89911019399B90B
:102510000092DAB100F0D8FA019B06EB4601009A6E
:102520004FEA102C83F899B1214481F8A201000CE4
:1025300081F8A3C181F8A401013694F89831013DD6
:10254000B6FBF3F103FB1166F6B2DAE747F00407D6
:10255000384603B0BDE8F08F0027F9E7080F0020E8
:10256000074B5A78824209D91A1892F842212AB99F
:10257000062202FB003000F585707047002070478E
:10258000080F0020064B5A78824281BF1B1893F82F
:102590003A01B0FA80F0400998BF0020704700BFB0
:1025A000080F0020034B80F87C101B680BB140889B
:1025B00018477047E01400200B2808B503D94FF2E4
:1025C0008250FDF7DFFF024B33F8100008BD00BF5B
:1025D0008433030030B50024D0F8C43042F21075C3
:1025E000A0F84440B0F848405C43B4FBF1F4A0F8D4
:1025F00048404C1E05FB0242B2FBF1F2A0F8462017
:10260000094AB2FBF1F20132A0F84C20B0F84020A8
:1026100005FB0244826B5343B4FBF1F4B3FBF1F3CB
:10262000C463836330BD00BF005A6202034608469C
:1026300071B13F2B0BD8074AD35C03F07F02914264
:1026400005D08CBF0120002000EAD3107047012084
:10265000704700BF9C330300FF230B7002234B70B5
:1026600083238B70014B1B78CB707047D4100020F4
:102670002DE9F84FD0F804800C46D8F818603046A1
:1026800006F01BFE054618B94DF2DF30FDF77AFF64
:102690000146304606F01FFEB5F800B082461FFA2C
:1026A0008BF717B94FF64970F0E7224B00F1030999
:1026B0001B68D3B998F8023098F803202370637828
:1026C00002F00F02A4F802B023F00F03134323F02B
:1026D000C00363709AF8003003F00303012B0FD09E
:1026E000022B0DD04BF2EC00D0E73A464946B8F841
:1026F0000200984705460028DCD12846BDE8F88F3F
:102700006278304663F30512627006F0EAFD054612
:1027100010B94EF65B00B9E7FB2F02D942F2D12087
:10272000B4E73A464946201D06F042FA304606F024
:1027300073FDE2E7E814002038B5134C10220021A5
:10274000201D09F01AFD0125257404F1080310224B
:10275000002104F11400C4E9013309F00EFD84F8EE
:10276000205004F11803094AC4E9053300236362C9
:10277000A36284F82C30C4F82D30C4F8313084F8CA
:1027800035301360A36338BDD4100020E814002056
:1027900010B5074C2378FF2B03D040F2B250FDF761
:1027A000F1FE06F06FF92070BDE81040FFF7C4BFDE
:1027B0007D00002010B5034C207806F07DF9FF2342
:1027C000237010BD7D000020014B187806F084B9FD
:1027D0007D000020014B024A1A607047E41400207B
:1027E000712600002DE9F341DFF86C81054608F100
:1027F0001407D8F80830D8F81840227A012A23D1D3
:10280000D8F8382052B1137A1BB94BF2A730FDF734
:10281000B9FED8F83840CCB9002085E01A7A012AF0
:10282000FAD01C464D4AEFF3108172B6506800682A
:10283000506001B962B6A34208BFC8F83840237A95
:1028400023B947F61930E2E73A46ECE7267AF6B2C2
:1028500005232372731E0B2B6FD8DFE803F06B0682
:102860002235686E3E6E6E6E6E5C636813B94FF211
:102870000E00CCE72046294698470420EFF310824B
:1028800072B6237A052BD9B24FF000035AD12372C6
:10289000D8F83810A14201D1C8F83830BABB62B6B6
:1028A00035E0636813B947F2B840B0E729462046DF
:1028B00098470346ADF80400C0B2C3F30723012BC9
:1028C00030D0022BDAD11BE0636813B94BF29B6066
:1028D0009DE7204698470020D0E7636813B94CF283
:1028E000CB6094E786222A7001225988AA706A7107
:1028F00000225869A5F80310AA7106F08DFC042087
:10290000D8F83830A34202D10023C8F83830002864
:102910003FF46FAF08E0124B294620461B689847EA
:10292000034668B9267298B102B0BDE8F08143F25F
:102930006B206CE74DF6672069E747F66B0066E7AA
:102940000220DDE711B944F6380060E71846A5E734
:10295000002B7FF44EAF5FE7D4100020D81000208A
:10296000E4140020134610B5027A1AB144F28140F3
:10297000FDF708FE0A4601460248BDE8104007F090
:1029800082BE00BFD8100020044890F82C301BB93C
:102990000349243007F093BE704700BFD4100020D5
:1029A00077A600000346064890F83C203AB190F81C
:1029B000352022B9034900F82D3B07F080BE70474F
:1029C000D4100020592600000A4610B5037A1BB126
:1029D00043F29510FDF7D6FD014607230248BDE8F6
:1029E000104007F050BE00BFE81000201346027AE6
:1029F0000AB1037270470A460146014807F043BE18
:102A0000D810002000F10C034FF01B1203621B23AF
:102A1000C262038383820386426283864381C260EB
:102A200039B94FF4A473034A4383C38202614386D6
:102A30008262704748014801014907F049BE00BF62
:102A4000D7A600002DE9F84380469E1D0D46008E56
:102A50009DF82410164407F057FEB8F832709DF820
:102A600020908742494628BF0746B8F82400BFB2E5
:102A7000BB19AB4234BFED1A002507F045FEB8F88C
:102A800028400D4B84421B7828BF0446A4B283B96A
:102A900098F80800494607F037FEA8420A9B38BF5D
:102AA0002846844288BF84B2E0191C803044BDE8C7
:102AB000F8830020EEE700BF11110020014B1878C9
:102AC000704700BF11110020094AD2E900034340BA
:102AD00083EAB01181EA43214FEAF3431160536066
:102AE000044B58434FEAF06000EB8000704700BF92
:102AF00014110020BB79379E094AD2E900034340F4
:102B000083EAB01181EA43214FEAF3431160536035
:102B1000044B58434FEAF06000EB8000704700BF61
:102B200080000020BB79379E10B50A4C0821094867
:102B3000FEF78CF9D4E900321343F7D0064CFFF7C7
:102B4000DBFF2060FFF7D8FF236860601843F6D0F2
:102B500010BD00BF8000002014110020174B184A40
:102B60009A60184A5A60184A1A60184A9A62184AB3
:102B7000DA62184ADA60184A9A61184A1A63184ADF
:102B80001A62184ADA64184A9A64184A5A62184B48
:102B9000184A9A60184A5A62184ADA62184A1A6140
:102BA000184A5A61184A9A61184A1A63184A9A646C
:102BB000184ADA64184A9A63704700BFF01400207C
:102BC0002DAA00004FAA0000B1AA000067AB0000C8
:102BD000A9AB0000F52E0000B9AB00005531000094
:102BE000ED2F00006DAC000083AC00003930000018
:102BF000F015002041AA000043AC0000D3AB000058
:102C00008DAB0000EFAB0000752F000005AD00009C
:102C1000AFAC0000A3AC00002FAC0000044B054A91
:102C20005A65054B054A1A65054A5A65704700BF43
:102C3000F0140020B1AD0000F01500209DAD0000A3
:102C400017AE0000054B064A9A65064A1A66064BFF
:102C5000064A9A65064ADA65704700BFF0140020FC
:102C60003B9E0000F39E0000F01500208F9D0000A9
:102C700063A0000037B5044601A80D46FFF756FAD9
:102C800018B947F2B370FDF77DFC002122220198AC
:102C900009F073FA019B194601F8035F023D232DE9
:102CA00079D8DFE805F02378127B7B237828787BBE
:102CB0002E3A3D7878417B7B494957577878787828
:102CC000787878787878785D6871D4F8C6210D20A6
:102CD0005A60D4F8CA219A60D4F89420DA60FFF7D9
:102CE00031FA00285CD14DF6FD50CCE794F8A020D5
:102CF00002201A71F3E7204600F0F2F90028EED125
:102D000031E0112206201A7159225A7100229A715B
:102D10004522DA7130221A72E1E794F89A20E7E747
:102D2000084600F0CBF9E9E794F89B201A7194F873
:102D30009A2003205A71D2E7D4F8FC200920918907
:102D40009980B4F8A210D98012891A81B4F8A02011
:102D50005A81C4E794F836211A7194F83721E8E7CC
:102D6000104B1B6813B94EF6D2008CE72320224685
:102D700098470420B3E70B4B1B68002BF3D0224687
:102D8000242098470520AAE7064B1B68002BEAD0B1
:102D900022462520F5E740F28B5074E701209EE79C
:102DA00003B030BDEC1400203F289ABF024B53F80B
:102DB00020000020704700BFF01400203F289ABF79
:102DC000024B53F820000020704700BFF015002090
:102DD00073B50446D0F8BC504FF6FF760DF10201F2
:102DE0000DF101022846ADF8026006F0CFF901A905
:102DF000284606F0EDF948B1019806F070FA002275
:102E0000027204F1A801FFF7DFFDE7E7034904F1CF
:102E10002E0002B0BDE8704007F054BCBFA900000E
:102E2000F0B5044685B00D46FF2600F88D6C10F80D
:102E30008E3CF3B1174F3B781BB142F60970FDF79A
:102E4000A1FB0C21381DFEF701F83E70002304F8A9
:102E50008D3C8A232A4602F8033BD4F80930C5F892
:102E60000330D4F80D305360D4F81130936005B0BE
:102E7000F0BD01A80C21FDF7E9FFA4F5E473039A66
:102E80001A6001AB03CB44F8960C44F8921C04F88A
:102E90008E6CDBE71C11002010B5054C23782BB994
:102EA0000C21201DFDF7D2FFFF23237010BD00BFB2
:102EB0001C110020024690F8CE31BBB990F8CF31FA
:102EC00003F0FF010BB100207047094B1878002870
:102ED000F9D01970D9680433C2F8941003CBC2F842
:102EE000C601C2F8CA11FF2382F8CE310120704713
:102EF0001C11002038B5C37B04460D463BB1122B94
:102F000005D0103B0F2B8CBF0120082038BD94F852
:102F1000563013B9204607F01BFDD5F80B30C4F826
:102F2000BE31D5F80F30C4F8C231D5F81330C4F82B
:102F30009030B4F8AA30A4F86532D5F80130C4F85E
:102F40006732D5F80530C4F86B32B5F80930002582
:102F5000A4F86F3284F8935184F8CE51044904F5F3
:102F6000177007F0ACFB15232846E373CEE700BFCC
:102F7000212E000010B5C37B04461F2B03D04EF258
:102F80001400FDF7FFFA002290F85630B0F8AA10AE
:102F900080F85520BBB180F8562090F8930194F842
:102FA0009431A4F89F1184F8A20104F295100D4900
:102FB00084F89E2184F8A12184F8A33107F088FBCE
:102FC0000023E37310BD0122A0F88E1180F88D312B
:102FD00000F5C2700273437383730374024907F0F0
:102FE0006EFBEDE74FAB000037AB000038B5036870
:102FF000044613F0010519D1D1F801200C4BD1F88A
:10300000051013400B4AC0F86630C3F307630A404B
:1030100043F00803C0F86A2080F8693007F098FC94
:103020002368284643F00103236038BD0120FCE7F4
:103030002FC904F7EFDB008010B5837B042B28D168
:10304000D1F801304A1CD1F80540C0F86630C3F30E
:103050000763C0F86A4043F0080380F86930002332
:1030600080F84E30837390F8663103F0FF040BB1A3
:10307000002010BDB0F8AA3000F5AF704472438153
:10308000D1F801300449C3605368036107F017FBAE
:10309000EEE70120EDE700BF05AC000090F86631D7
:1030A0004BB9B0F8AA3000F5AF70034943811A2339
:1030B000437207F004BB704705AC000010B504462E
:1030C000FEF7E0FF044A054B024009200B40C4F81C
:1030D0000120C4F8053010BD2FC904F7EFDB0080D4
:1030E00037B50C460546FEF7CDFF0A4B0A4A0340AA
:1030F0000A4095F8661000930B4001928DF800305D
:103100006B4603CBC4F801000920C4F8051003B0D6
:1031100030BD00BF2FC904F7EFDB008038B5DB04FA
:10312000154604D5837E13B10023836338BD846BB9
:103130000134846307F0C5FDC36B9C42F6D30023C2
:10314000034983632846BDE8384007F0C1BA00BF91
:1031500061AC000010B5837B0446012B02D00368EC
:10316000980738D494F857309A0713D44A78D80778
:1031700084F861204A88A4F862208A88A4F8642030
:1031800043F0020284F857200FD5144904F1580087
:1031900007F09EFA94F85730D90711D423689A079C
:1031A00008D54CF6C610FDF7EDF994F83A31002B2E
:1031B000EBD1EFE743F002032046236007F0C8FBA2
:1031C000A37B012B4FF0000301D0002010BDA3739F
:1031D00084F84E30F9E70120F8E700BFE3AC0000C7
:1031E00010B5044602F07EF9044B0146E0721B68FC
:1031F0001BB12046BDE81040184710BDF416002052
:10320000024B1B6803B11847704700BFF01600203F
:10321000F0B51F4D00242B7814709BB1013B6D68F5
:10322000DBB21E1B012E0FDC05EBC40655F8347013
:1032300076688E4208BF874227D0B84271EB0606F7
:1032400012D214700020F0BD1E197710C6F3470685
:1032500055F837C005EBC70E8445DEF804708F4182
:103260002CBF33463446DCE705EBC30455F8335036
:1032700064688C4208BF854206D0A84271EB040402
:1032800028BF01331370DDE71C4601201470DAE714
:103290003C11002010F0070208B503D042F24F4065
:1032A000FDF770F918B1034B197258601A70C80015
:1032B00008BD00BF3C110020014B00221A7070476E
:1032C0003C110020FF23084A0B700D234B70822312
:1032D0008B701368C1F803305368C1F807309368E6
:1032E000C1F80B30704700BF521100201622002198
:1032F000014808F042BF00BF521100200B4B5A7D1D
:1033000092B14A0610D5B0F8AA2009491A80D0F81F
:1033100030225A60D0F834229A60C28803F10C003F
:103320005A800222FFF762BB704700BF5211002093
:10333000C5320000094B53F8203003F5224370B525
:10334000B13316464FF47A720C46B3FBF2F53444AF
:1033500002F038FF2C44204470BD00BFA4340300A9
:103360002DE9F04F91B00446894690F81DA198468A
:103370000592002B40F08480437BB3F1000B18BF13
:103380004FF0010B06F05EFC064694F82701FFF7AC
:1033900013F9064407F0FAFCE37BB6B200F12C0700
:1033A0000493059B002B4BD1637B032B48D1049BDB
:1033B0000C2B32D1B4F84C324B452ED1D4F8E83135
:1033C0002046B4F8BC21C4F8D831D4F8C430C4F8CD
:1033D000DC31B4F842321344C4F8E03102F030F882
:1033E000D4F8542241F64B5194F82531C4F8C42046
:1033F0008A428CBF002303F00103D4F85012D4F8A2
:103400005822C4F8D41084F826310223B4F84E129E
:10341000C4F8CC20A4F8D8106373E37BA17B282BDD
:1034200001D028290CD1B4F84C32A9EB03031A04BB
:1034300006D4A1F1280320465942594101F0F2FB7C
:10344000B4F84052B4F806C0A9EB050594F81D3154
:10345000A9EB0C0C2DB202930FFA8CFC002D12DAA2
:103460006546D4E98A23C4E98E230122637B032BBA
:1034700000F26981DFE813F009000D015E003101FF
:103480004FF0000B7EE74246F0E70121002006F0F6
:10349000ADFE8246D4F8D4003146504403F008FE15
:1034A0003146C4F8E401D4F8C40003F001FE09A9D0
:1034B000C4F8E8010AA802F003FE099B0093DDE9C5
:1034C0000A23D4E98E0108F067FA029004F1A800FB
:1034D00007F0CAFCD4F84422D4F8D46094F81D0153
:1034E000164402F077FED4F8E41100F52240A6F16C
:1034F0002005029BB1303A466D1A3031ED1B554420
:10350000ED1A4FF47A73B0FBF3F0B4F8D8302D1AFB
:1035100094F81D0103EB4101FFF70CFFD4F844328E
:103520000646C4F8EC01EB1AB92B5FD848F6DC006C
:10353000FDF728F8D4F8D4303146D4F8DC0118442B
:1035400003F0B6FD3146C4F8E401D4F8C40003F03A
:10355000AFFDC4F8E80104F1A80007F085FCD4F839
:10356000D430D4F8DC511D44B4F8BC31002B40F009
:103570008C80B8F1000F00F0888094F81D0102F0F3
:1035800029FED4F8E41100F522406D1AB130203D37
:10359000D4E98A23CDE90223D4F8303294F81D21EE
:1035A0001D44029BED1A8E4B53F822204FF47A7380
:1035B00002F2E732B2FBF3F2B0FBF3F01544ED1B7D
:1035C0002D1AD4F8E021D4F8D83194F81D0102FB6B
:1035D0000313B4F8D8103A46303301EB4301FFF738
:1035E000A9FE01230646C4F8EC01637310220021F2
:1035F0000CA808F0C2FD7B4BD4F8E82104F1DC00F4
:103600000D9301238DF83D30D4F8C430653B9B1AEF
:10361000DB1B9E4228BF1E46D4E98E32C4F8B86137
:103620005B1942F10002CDE90A3207F07DF830441F
:10363000A4F840920C90DDE90A23C4E98E23B4F883
:10364000A831A3EB09031BB2002BD4BF0023012335
:103650005B008DF83C30049B0C2B77D0BBF1000F46
:1036600000F0AD80D4F8C4100AA8D4F8E831C91A23
:1036700006F082FD80B2002800F0AE801A9B03B1F4
:103680001880012011B0BDE8F08FD4F8E4116D1A54
:1036900097E7D4F8E821D4F8C430D4F8E0619B1A55
:1036A000D4F8D801B4F8D8105D43B4F8BC319C44C8
:1036B000D4F8E431ACEB060C30330CF1FF3C00FBEA
:1036C000063302FB0C333A4601EB43010298FFF745
:1036D00031FE0646C4F8EC0188E7D4F8E8E1D4F8F6
:1036E000C430B4F8BC11A3EB0E035D4322B319BB85
:1036F000D4E98C60D4E98A23B24273EB000002D390
:1037000040F6512014E7364B203E53F82A004FF480
:103710007A7AD4E98A23CDE9062300F2E73300F56B
:103720002240069AB130B61AB3FBFAF3B0FBFAF0B6
:103730001E44361AF61B354461443A460EFB01F12D
:1037400030314900C2E74EF69670F1E6B8F1000F4D
:103750001CD0B4F8D01129B3B4F8D22194F8D431E4
:10376000501CA4F8D22102FB033399420EDD9DF8D0
:103770003C305BB10023A4F8D2018DF83C30FFF758
:10378000A3F900F00700013084F8D401BBF1000F69
:1037900018D00AA904F5007008F004F920B94DF218
:1037A000F530C5E60A46D9E7DDE90A23C4E98823EE
:1037B000059B83F0010384F8F831002062E7B8F13B
:1037C000000FC6D10AA904F5007003F0A3FD00287C
:1037D000EAD14FF28660ABE6B8F1000FB9D1D8E775
:1037E000A4340300E93700007FB50546A0F5007456
:1037F000052900F2BB80DFE801F003B32DB9B9AEB3
:1038000010F8083CE288E3B1B4F8F631934208BFFF
:10381000B4F8AC319A1AA4F8AE21E3802046D4E97A
:103820008823C4E98A2301F00BFAA5F5D8752B7813
:10383000002B00F08E804F4804B0BDE8704004F0CB
:1038400001BBB4F8F4319B1AA4F8AE31B4F8F431EA
:103850009BB2E2E708F098F8D4E98A23801A61EB7A
:103860000301012871F1000303DA44F66B60FCF7F1
:1038700089FE6FF0010383424FF000038B4102DAAF
:1038800041F63750F3E7D4F8C4300BB1B0FBF3F393
:10389000E17BB4F8F6210C2932D10132A4F8F621EB
:1038A000B4F842320DF10E06E5880133A4F8423235
:1038B000B4F846301D44B4F84430013DED1AADB2C1
:1038C000B4F8F6116B1A180434D40023204600967D
:1038D0001A46FFF745FD01283BD1B4F8F621B4F8AC
:1038E000A811BDF80E301344521A12049BB204D52D
:1038F000EA1A12F4004F18BF0B46A4F8F631DFE7BE
:10390000E1880B449BB2D11A0E044BBF0133013244
:103910009BB293B2A4F8F63115F8073C002BBFD147
:10392000B4F8AC31B4F8F621934204BF0133A4F8E3
:10393000F631B5E7237E2046002B14BF08233E2333
:1039400084F83730FFF744FA204607F052FF00238F
:10395000637304B070BD04B0BDE8704005F055BE9F
:10396000637B042BF3D041F2940080E740F6824061
:103970007DE700BFD96000002DE9F8430E460446FC
:1039800018B94FF62360FCF7FDFD052900F2A7806A
:10399000DFE801F00376413DA52E08F09FF8C4E969
:1039A0004601204600F028FFD4F80C01A43807F0A7
:1039B000EDFF204607F047FD054600BB01462046C7
:1039C00007F07FFC00F1AE06D4F80C01B04209D23A
:1039D000301A0321192838BF192008F052F860B1B5
:1039E00007F0D6FFC4F80C61204607F03EFD45B154
:1039F0002046BDE8F84307F039BD0125F2E7002570
:103A0000F2E7D4E94623C4E94023BDE8F883BDE8E2
:103A1000F84302F061BB07F05FFC0423814688464F
:103A200084F8113107F0B0FF07220F46A9FB0231DD
:103A300002FB0811D4E940525B1941EB0205D4F8AE
:103A4000E8203AB159EA080204D0984277EB05021F
:103A500028BF012684F81061D4E94826121A66EBC3
:103A6000070694F8301139B9012A76F100010BDA12
:103A7000204600F0C9FE03E0012A76F10006F7DBDC
:103A8000002384F82831C0E7984277EB05010FD274
:103A900059EA08080CD01B1A65EB07019A4276EB2D
:103AA000010005DB012B71F10000A4BF1A460E4690
:103AB0000C49012304F1C000914284F829314FF0F0
:103AC000000384F80831B341B8BF0A4604F5847195
:103AD00004F0FEFA002898D143F65A2053E742F644
:103AE000625050E70040420F2DE9F84304460E466D
:103AF000154690F8283103F0FF07002B40F0938023
:103B000000F1C00839467822404608F036FB2246CC
:103B10004649404608F052F8C4F8E860FF2384F8AC
:103B2000283166B1FEF7E8FF00F007002022394691
:103B3000013086F8D40106F5007008F01EFB40F253
:103B400002434FF00009A4F8103184F8089103F003
:103B500003FB00F14906204607F075FC0146B6B2AA
:103B6000B8B306F06FF800F12801284689B203F0D7
:103B70009FFA2844AE3DC4F80C0107F005FF301849
:103B8000A4F81E9041F10001C4E94601012084F827
:103B9000EC0007F002FD2D1AC4F8F0504FF0FF358D
:103BA0006FF000414046D4E94623C4E9485100255E
:103BB00004F58471C4E93E23C4E9402384F8295103
:103BC00042F2107204F084FA30BB42F21860FCF743
:103BD000D9FC2046DFF8589007F073FBAE30C4F8EC
:103BE0000C01B9F8000048B1E08B38B1FEF784FF52
:103BF000B9F80030B0FBF3F202FB1300064407F003
:103C0000C3FE361841F10001C4E94661002DC5D05C
:103C1000AD1941F10001C5E72946204607F028FC0F
:103C20003846BDE8F8830C27FAE700BF7939000071
:103C300068110020034B00229A7042F210721A8021
:103C400007F0C1B968110020014B9870704700BFA0
:103C500068110020054B1B6810B51BB946F6CC70E7
:103C6000FCF790FCBDE81040184700BFF816002094
:103C700073B5044606297CD8DFE801F00424132636
:103C8000282D7500837C03F0FF0253B900920123B5
:103C9000B0F8AC11FFF764FB28B145F21F70FCF7D8
:103CA00071FC042363730023E288A4F84232A4F871
:103CB000F62184F8F93102F0FFF802B0BDE8704057
:103CC00003F050BB0323437302B070BD07F0E5FD62
:103CD000C4E98C01F8E790F81D0107F0B5F86430ED
:103CE000D4F8E8319528D4F8C4508CBF0020C0F136
:103CF0009600C218954288BFED1A1F4B98BF002549
:103D00009B7888BF2D1A23B9D4F8DC309D4228BF98
:103D10001D46D4F8B86104F1DC0006F005FD064448
:103D2000022007F085FE0221AD1B25EAE5758542DC
:103D300028BF0546284607F0A4FE10B12E4407F020
:103D400027FE0123BC22314604F1A80006F061FDE4
:103D5000D4F8B8316061D4F8C400184402B0BDE8AA
:103D6000704007F013BEA83002B0BDE8704007F005
:103D70007BB84AF6766092E768110020014B188004
:103D8000704700BF68110020014B024A1A6070475B
:103D9000F816002083AE00000346074A1068D3F8E7
:103DA0004920C0F80320B3F84D20A0F8072093F86D
:103DB000481006F05DBB00BF6C11002070B50446D2
:103DC0000E461346807D6588324615F0040118BF03
:103DD00004F15701FEF760FB4107054621D4C207F5
:103DE0000BD50123A07D84F84830FEF7B9FB0368AA
:103DF000C4F849308388A4F84D30AB0701D40120C2
:103E000070BD094B01211868D4F8573084F856105A
:103E1000C0F80930B4F85B30A0F80D3006F031FB83
:103E2000EDE70020ECE700BF6C11002038B5C38C33
:103E300004460F4D0133C3F30E03C3842B7C2BB117
:103E400002F014F901F0EAFB00232B7400232B711C
:103E500094F869302BB101212046BDE8384007F0C5
:103E60002CB9637C13B1E28C9A42F4D20021F3E7BF
:103E70006C11002010B5074C2379012B05D1237C50
:103E80001BB102F0F3F801F0C9FBA069BDE81040D6
:103E9000FFF7CCBF6C11002070B5254C2379012BA6
:103EA00003D046F61C40FCF76DFB98B90125237C36
:103EB0001BB102F0DBF801F0B1FB002D36D0A06998
:103EC00007F0AEF868B301F0A3FFE369BDE8704006
:103ED0009B6818472168A26911F8095B02F1490340
:103EE00092F84820E80906F008F90028DED0002101
:103EF000206806F0EBFA0028D8D02379A069012BBE
:103F000002D044F20110CEE7237905F00F01E269F7
:103F100003F180435269013B52F82330984705462C
:103F2000C5E7A069BDE87040FFF780BF70BD00BF66
:103F30006C1100200346074A906903B909B9FFF7DD
:103F400075BF1379D26903F180431269023B52F8BD
:103F5000233018476C11002003292DE9F043054652
:103F600085B0174607D14388980722D400242046FD
:103F700005B0BDE8F083428890F86830D107DBB225
:103F8000F4D5002BF2D14FF00108DFF8D49099F866
:103F90001060BEB106F0E6F80828387015D002AA05
:103FA0000DF10701FEF74EFA30B941F64200FCF779
:103FB000E9FA4FF00208E8E702A99DF8070006F0C9
:103FC000CDFE06463B78082B08D1D9F8001011F831
:103FD000030BC0F3801006F0C1FE0646D9F80010AE
:103FE00005F1500395F84F2011F8030BC0F3801032
:103FF00006F083F8D9F80010044611F8030BC0F35B
:10400000801006F0A5F88146FEF7BCFA40B1B9F180
:10401000080F1BD04846FEF7E7F980F00103D8B23D
:104020003A78082A14D01CB9AC7DA21A54425441E3
:104030006A8853079BD4002898D176B9EC7C444514
:1040400018BF002C0CBF0124002490E70020E7E7F4
:1040500080F001022240D4B2EAE7344687E700BF8D
:104060006C1100202DE9F04F85B00823052104468E
:104070000DF107028DF80730FFF76EFF064620B9F5
:104080000026304605B0BDE8F08F794F396807F15A
:1040900012037A7C11F8030BC0F3801006F02DF8A0
:1040A00080460028ECD13B6840F2E249A1691846FD
:1040B0000D7F10F8032BC2F340122A401D460A77E9
:1040C000D3F80320C1F8AD208288A1F8B12015F8FB
:1040D0001F1BA269C1F3801182F8AC1002A9D3F8AA
:1040E0001F00029028790871D3F80F00C2F8C800A9
:1040F000587D1D7D000440EA0520DD7C2843C2F880
:10410000D000B3F8190082F8268109FB00F0C2F84C
:10411000C4009D7DC5EB451005EB800505EB8505CD
:104120006D00A2F8D850B3F8170009FB00F0C2F8F0
:10413000D400B3F81B00A2F8CC00B3F81D00A2F81D
:10414000CE0093F8243003F01F005B0982F82800AA
:1041500082F82731A56994F912A005F11C0006F038
:10416000E3F8012385F81C3185F81D314FF0FF0B72
:1041700085F81EB1414605F1DC00FEF743FC5146CF
:1041800005F1A800FEF70EFAA36984F8738004F124
:104190007E01B3F8AA2084F891B0A4F874204FF6F9
:1041A000FF729DF80700A4F89220D3F8C420B2FB58
:1041B000F9F2A4F88A20B3F8CC20A4F88C20B3F844
:1041C000CE20A4F88E2093F8272184F89020627DD9
:1041D0005AB394F84820012A27D194F84E2002F0CF
:1041E000C002402A21D1D4F84920C4F87E20B4F876
:1041F0004D208A80082893F8AC2003F1AD0504F126
:10420000840184F8772004F17802D3F8AD3026D009
:10421000C4F88430AB888B8004F17701FEF712F983
:1042200038B949F24C00FCF7ADF90022C4F87E2001
:10423000DFE794F8773043F0020384F8773004F135
:104240006A000C4906F03BFA0B4B0022A0691B6880
:104250003A71002B3FF415AF2146984711E7A36749
:10426000AB8893800023C4F884308B80E7E700BFDD
:104270006C110020E1B100000017002037B50446A2
:1042800040880D4610F0040003D12279962101F0F8
:1042900091FD032D04D0052D58D0012003B030BD71
:1042A00008230DF10702294620468DF80730FFF755
:1042B00053FE0028F1D0237C294DFBB19DF8070067
:1042C00094F8B630D3B92378082804F1B90284F8F9
:1042D000B7302CD004F1B801FEF7B4F818B947F69E
:1042E0001C00FCF74FF994F8B83043F0020384F84F
:1042F000B8301C4904F1AE0006F0E1F92B68042245
:1043000020461A7006225A70FFF746FD616B94F83A
:104310003820286806F0CBF8032328682B7101F0B9
:1043200033FE0021286807F0C2FA0020B6E72868AB
:10433000034613F8031BC1F3801184F8B810D0F8BA
:104340000310C4F8B9109B889380D2E7064B1B6812
:10435000002BEAD02046984780F00100C0B29DE7CC
:104360006C110020C9B10000FC160020F8B504460D
:104370000F4619B300F12005284607F0EBF8A0B965
:1043800063881A072ED5284607F0F9F8064628460E
:1043900007F0E0F8301AC0B207F0FFF83D4A936822
:1043A00003442846936007F0B4F8284607F0B6F8AF
:1043B00001F06EFC2179252001F0CCFB354E002365
:1043C00094F856203068037043706388103B0D2BBF
:1043D0005CD8DFE803F0575B530C5B385B5B5B5BDF
:1043E0005B5B5B382046BDE8F840FFF71FBD062346
:1043F0004370202303702046FFF7CEFC638823F030
:1044000008039BB2152B05D094F83020E16A306880
:1044100006F03EF8306801F0B7FD0021306807F083
:1044200046FA022321790020337101F03FFC054652
:1044300007B9F06063881B0704D507F0ABF80544A3
:10444000C4F8F450F8BD0C2321214370034603F84F
:10445000091B52B1D4F857200121C0F80920B4F843
:104460005B209A8006F00DF8C5E7226DC0F80920A0
:10447000B4F854209A8094F84F10F3E706230370A1
:104480004370B8E7022303700623F9E744F295105E
:10449000FCF778F86C1100204288102A10B504D17E
:1044A0000121BDE81040FFF761BF0B4C9621027956
:1044B000012001F07FFC237C23B101F089F840202A
:1044C00001F0C8FD206801F05FFD9621002001F099
:1044D000A9FD0123237110BD6C110020024B0121A5
:1044E0009869FFF743BF00BF6C11002010B5114C55
:1044F000237C1BB101F0BAFD01F090F8A06906F031
:104500008FFD30B12379012B08D048F28720FCF7CA
:1045100039F8A069BDE81040FFF788BC2379E2694B
:1045200003F18043A069D268013BBDE8104052F816
:10453000233018476C110020074810B5037903F0A9
:10454000FF0433B914222146043007F016FE20463A
:1045500010BD0C24FBE700BF6C11002010B5002338
:10456000084C2371FDF77AFD2060FFF7E5FF18B1D5
:104570004BF69E30FCF706F8E36913B948F6CD70A8
:10458000F8E710BD6C110020014B024ADA61704758
:104590006C11002050480000034B044A1A60044B81
:1045A000044A1A60704700BFFC16002065400000F6
:1045B000001700206FB00000F8B5057D0446AF1E5F
:1045C000FFB2CDB3012F2CD800F1500190F84F006D
:1045D00005F0BEFD0828064623D0FDF711FF08BBF5
:1045E000023D18BF0125012F84F84850A6758CBFE5
:1045F000002701276775FDF71FFF054607F0C4F97F
:104600000022144B84F85620E5FB0301C4E9100195
:1046100011462046FFF7D2FB68B945F25020FBF760
:10462000B1FF0826022D09D104F149010020FDF750
:10463000D3FD60B90020F8BD0826F5E704F1490173
:104640000120FDF7C9FD0028F4D00125CBE70025A6
:10465000C9E700BF40420F00F0B5434E85B00446A5
:10466000327902F0FF0312B90278FF2A03D14CF627
:104670009F60FBF787FFB36080F869303B4B68466B
:1046800004F1200500933A4B01933A4B0293F369EE
:104690005B68039301F070FC01F088FA01F0E6FC1E
:1046A00000F0BCFF344801F0E9FA344801F05EFC48
:1046B000284606F02EFF284606F030FF01F0E8FA03
:1046C0002179252001F046FA94F9120001F0CEFA82
:1046D00004F12C01A06A04F014FF074604F1340130
:1046E000A06A04F035FF0546DFB1237FCBB1B4F9F2
:1046F0002650ED43ED0F637D13B963885B0709D541
:104700006FF00043D4E910129A4208BFB1F1FF3FA5
:104710000DD19DB930680330FDF7ACFE307405B0A3
:10472000F0BD002DE7D0657F002DE0D1E3E707F075
:104730002BF9D4E9102390429941EAD3012229466A
:104740002046FFF73BFB50B1FDF776FE054607F02C
:104750001BF90B4BE5FB0301C4E91001DAE7002D5F
:10476000D8D040F2231084E76C110020ED44000003
:10477000993E0000353F0000D6BE898E5555550044
:1047800040420F0073B50446FFF766FF0021204644
:10479000FFF7ECFD236E0BB101221A606388DB0783
:1047A00024D50023124EA569CDE90033FF2373748D
:1047B0006846FCF72DFAC8B9009CA542F8D005F16F
:1047C000B40395F8B32004F1B40194F8B30005F0F4
:1047D00094FC0028ECD094F8AC30B4F8B120737499
:1047E000D4F8AD30C6F81230024B9A8002B070BDDA
:1047F0006C1100207E110020024B9861DB691B6860
:10480000184700BF6C11002043881B0710B50446F1
:104810000FD583693C2209496A304272B3F8AA3045
:104820004381FF2380F827304FF6FF73038505F09F
:1048300046FFFF2384F8693010BD00BFE1B10000DE
:104840007D4200009944000031B200002BB200000C
:1048500085470000753E0000DD4400004C48000024
:1048600044480000404800000138022808B503D938
:1048700046F29A50FBF786FE13290B4B06D81129F6
:104880000DD8102908D046F61770F3E71529FAD18C
:1048900003EB4003D88801E033F8100008BD03EBB8
:1048A00040039889FAE700BF203403000C4A1378CC
:1048B00093B9536840B9B3F81001B3F80031984286
:1048C0008CBF0020012070471289120706D5187C82
:1048D000073818BF0120704700207047012070473B
:1048E0008C110020294A38B50346148950681C43AE
:1048F000402B148104D10421BDE83840FFF7B8B93A
:10490000802B01D10521F7E703F00304032C03D129
:1049100043F64F00FBF736FEDD0706D50C68D16085
:104920002478062C0FD00B2C17D09C0706D50968CD
:1049300009780529117419D00B2921D09B0644BF91
:104940000823137038BDC47B1B2CEED10024002536
:10495000C0E91C4501244476E7E7C47B112C01BF64
:1049600000244476012480F85640DEE7C17B1729F5
:10497000E4D1002400250121C0E91E458176DDE750
:10498000C17B1029DAD10021F8E700BF8C1100208B
:104990002DE9F04104460D465B4F002975D13B8956
:1049A0001A0723D590F89E30FE2B03D14BF6C10099
:1049B000FBF7E8FDFE2380F89E30C37B1D2B04D15E
:1049C00084F8551005F0CDFFE573A37B232B06D1AA
:1049D000E37B233B072B94BF2A232423A373237C4D
:1049E000072B02BF02237B7484F89E303B89DB07D0
:1049F00016D43B895E076FD4990776D5387C01239E
:104A00000D2884F89F306DD0112877D0072877D0F3
:104A1000FEF7D4F90346002865D14FF45E60C7E77E
:104A2000E37BF968103BD1F800800F2B98F8006009
:104A300009D8B31EDBB2092B64D840F2333222FA14
:104A400003F3D8075ED509793046FDF7EFFD20B9AD
:104A50003146204605F0A3FF36E0012E01D9162E7F
:104A60001ED1A07B05F08BFF30B1A37B232B03D09D
:104A7000242B06D12A23A3733046FEF795F903466B
:104A80001BE0162E14BF022520253B781B0704D5FA
:104A9000E37B103B0F2B98BF08252846BDE8F0812B
:104AA000112E15D005D8072E14D00D2EE4D1174B9A
:104AB00005E0142EE0D1164B1B68002BC8D0FA6815
:104AC0004146204612799847002892D00546DCE7F7
:104AD000104BF4E7104BF2E7227C062A04BF0122B8
:104AE0007A7489E70D4B204698473B89DA06CCD586
:104AF000E37B092BC9D10A23E373C6E7084BF2E72E
:104B0000084BF0E70825C0E78C11002059B70000DA
:104B1000101700209BB70000A94B000091B60000C1
:104B2000D7B60000FDB600002DE9F041A0F10E0659
:104B300000291446F6B208BF1F21172E0AD80123F8
:104B400040F25125B3402B4207D113F460051ED12A
:104B5000082E07D00020BDE8F0810021BDE8F0411B
:104B600006F01FBD937B242B09D12046FDF7B2FA36
:104B700084F834510023A37384F84E30EAE72A2BDB
:104B8000E8D1D27B233A072AF4D91946EDE7054B41
:104B90001B68002BDED00A4601462046BDE8F041E6
:104BA000184700BF0417002070B54D780446A5F1E2
:104BB0000E03DBB2152B0BD8012140F2512201FA72
:104BC00003F6164206D1152B827B21D0082B07D085
:104BD000002070BD02462846BDE8704006F0E1BCEA
:104BE000242A01D02A2AF3D1204605F0AAFEE37B2D
:104BF000252BEDD094F867301A21204623F00903C5
:104C000084F86730FDF766FA002384F83431DFE773
:104C10002C2ADDD1024B1B68002BD9D09847D7E74F
:104C20000C170020054B10B504461A6805F025FA4C
:104C300006212046BDE81040FFF71AB808170020EB
:104C400073B5474B0025044600F1A80658601D8146
:104C50001D705D74FF2380F85030B0F8AA31DBB1CD
:104C600090F89E30FE2B17D190F82831A3B1037C29
:104C7000063B012B10D990F8293102210122A0F81E
:104C8000485080F8A03006F00EFD022184F8B251A1
:104C90002046FDF7EFFF03E094F89E10FE29F7D1C0
:104CA000B4F8AE112046B4F8DA300139B4F8B021C6
:104CB00089B2B1FBF3F31344A4F8B031B4F8443033
:104CC0000B44A4F8443006F036FD10B1A36B0B443E
:104CD000A363B4F8AA310025012B9CBF0133A4F8CB
:104CE000AA3109B184F8B651E37B84F8B251093B8B
:104CF000012B0FD8E388B4F84C229B1A190409D46D
:104D000004F24E2104F11C0005F00EFBE573FF23B5
:104D100084F84F30B4F8AE213146204605F04BFB05
:104D2000E37B104A2046103B0F490F2B8CBF00231A
:104D3000012300930D4BFCF7FBFC237BDA0703D523
:104D400000212046FDF7C6F9237B9B0703D504F21B
:104D50004710FDF771FE0023237302B070BD00BF42
:104D60008C110020AD480000E5480000714D0000A6
:104D70002DE9FF47AB4F0E46804639897C68880590
:104D8000204655BFB4F8442000230132A4F8443033
:104D90004CBF84F8B631A4F8442006F0CCFC38B1FE
:104DA0000B4604F59F7204F1A8012046FEF7B6F900
:104DB0003B8903F4C06323B1237E002B46D0032B31
:104DC0004AD0227E3B89012A03D11A0544BF022220
:104DD0002276B8F1000F40F08D805D0657BFB4F821
:104DE000D0214246013292B2A4F8D02103F00A0247
:104DF0000A2A0DD13A7C022A0AD123F0080331464F
:104E000020463B81FFF7C4FD30430823C6B23B81F7
:104E100031462046FFF7BCFD94F89E303043FE2B10
:104E2000C6B238D1BEBB237C063B012B33D994F8E4
:104E30002831ABB194F8293101220221A4F848604D
:104E400084F8A030204606F02EFC24E001212176D3
:104E50002046FEF70DFFB4E7022301212376F7E792
:104E6000E37BA3F10F02D2B2102A40F21381236830
:104E7000D80702D532460921E4E7990740F18D8031
:104E800032460C21204606F00EFC94F8573043F0D1
:104E9000010384F85730B4F8B03194F8B3510133BA
:104EA000A4F8B031002D00F0F581FCF7D5FC10B16D
:104EB0000023A4F8B031217E012940F21D82237C19
:104EC000072B40F0FF81B4F84430022B40F21482EB
:104ED000B4F846500135ADB2E3882B44A4F8A831AC
:104EE00094F8B431002B00F00B820123E2881344C4
:104EF000A4F8AC313B895D0657BFB4F8BC31002340
:104F0000B4F8AE219B1858BF9BB2A4F8BC3194F8FA
:104F100028311BB9237C063B012B06D8B4F8483056
:104F2000B4F8AE211344A4F8483094F84E1031B1CF
:104F3000B4F84A30B4F8AE211344A4F84A3094F9D6
:104F40005420002AC1BFB4F85230B4F8AE011B1887
:104F5000A4F8523094F8373063B9B8F1000F40F03C
:104F600058827B7C022B40F0118294F8A030062BF3
:104F700018BF162394F8362022B9204684F837301B
:104F8000FDF726FF204606F034FC002384F850305D
:104F900004B0BDE8F047FDF7F1B85D0702D5324631
:104FA00013214FE7180706D594F89830324684F855
:104FB000A030072146E7D90652D594F82B31002BB3
:104FC00053D1E37B282B2AD0A57BA5F1280255429B
:104FD000554194F82A2104F1A80904F24E2A02F05E
:104FE000FF030AB32B46524604F59571484605F077
:104FF0009DFB002384F82A31484605F0AAFB18B12E
:1050000004F24710FDF718FDD4F8FC3015215A8939
:10501000DB89A4F8A0200022A4F8A23012E7012521
:10502000D7E700BF8C11002001AA1946484605F0B9
:105030003FFCBDF8083040F6480201A948469342BB
:1050400028BF1346ADF80830BDF80C30934228BF96
:1050500013465246ADF80C302B4605F067FBCBE704
:105060005B0602D500222421ECE6E37B252B59D0F8
:10507000342B54D0A37B002B64D1E37B0F3B102B4C
:1050800040F2CD8194F84230002B00F0C88101221B
:105090001221D7E6172B15D00CD8102B0FD0152BBB
:1050A000E8D12046FDF706FF00283FF4F4AE0022C9
:1050B0000421C7E61F2BDDD132460621C2E6324667
:1050C0000B21BFE694F84832022BD9B21AD194F8DA
:1050D000563053B10623324684F8A030204606F0FD
:1050E000E2FA002384F84832D5E640F2063332462D
:1050F000A4F89A3094F8663013F0040F0CBF0D2119
:105100001121EBE794F84832012B7FF4C4AE32460C
:105110000521204606F0C7FA84F84862E4E7002239
:1051200011218FE694F83431022B02D1002217218D
:1051300088E694F83431012B9CD194F83531002B5A
:10514000F4D097E7082B7FF4A6AE94F899300122AB
:1051500084F8A0302DE794F83A3183B194F8575091
:1051600015F003090BD145F0010501220C21204661
:1051700006F099FA84F8575084F83A91B4E794F815
:105180002A313BB394F82B3123BBE37B04F59571B3
:1051900004F24E22282B1BD0A37BA3F1280CDCF1B8
:1051A000000343EB0C0304F1A80005F0BFFA002351
:1051B00084F82A3101221421204606F074FAD4F82A
:1051C000FC305A89DB89A4F8A020A4F8A23062E65A
:1051D0000123E8E794F83431012B3ED194F83531BE
:1051E000002B3AD1E27BA2F12303072B35D994F8A7
:1051F0001C01012805D0022803D04EF23F70FBF7B6
:10520000C1F994F81D11012901D00229F5D1022814
:1052100094F836310BD0012B14BF0023012343B97E
:10522000093A042A7FF637AE012216210AE6022B3C
:10523000F2E7022994F837310DD0012B14BF002377
:105240000123002BECD000212046FCF743FF002374
:1052500084F834311FE6022BF0E794F83D314BB16E
:1052600094F8353133B9E37B233B072B02D9012274
:105270002321E7E594F83C31012B05D1002384F884
:105280003C3101222521DDE594F83C31022B7FF4ED
:1052900002AEF3E7FCF7DAFA08B1A4F8B051FCF774
:1052A000E3FA00283FF407AE94F8B6310133DBB2DD
:1052B000022B84F8B63182BF0023A4F8B03184F801
:1052C000B631F8E594F8423013B1A37B0E2B13D11D
:1052D000B4F846502046B4F84430ED1A033D06F0C9
:1052E0002AFA58B1E36BA26B033B9B1A9D42A8BFFD
:1052F0001D46012D3FF7EFAD0125EDE52B46F5E706
:10530000012D7FF6F2ADE37B13B10A2B7FF4EDADF7
:10531000A37B002B7FF4E9AD237C002B7FF4E5AD6C
:1053200002297FF4E2AD94F8B631002B7FF4DDADB5
:10533000D4F8BC00B4F8DA9003F078FF00283FF40A
:10534000D4AD94F89E30FE2B7FF4CFADB4F8AA31E3
:10535000012B7FF6CAADB4F8B021B4F8CC309A4234
:10536000BFF4C3AD013D9B1AADB29BB2B5FBF9F5DD
:105370009D4228BF1D4605FB09F3003D03F10103D3
:1053800018BF01259BB284F8B251AFE5012B08D1BB
:10539000637C002B7FF4EEAD00212046FEF768FC15
:1053A000F3E556B1F00632D4310732D4B20632D426
:1053B000B30732D149F65C6021E739B1B4F84A103D
:1053C000B4F84C30994201D32223D3E5002A05DDFD
:1053D000B4F85220B4F84C309A42F5D2B4F84820D0
:1053E000B4F846309A4209D2227EB4F8443052B121
:1053F000B4F846209A42CFD80823BBE594F8283168
:10540000002BE1D1F0E7052BC6D93E23B2E51E23E0
:10541000B0E53D23AEE52323ACE52A23AAE5102A17
:105420007FF639AD94F83B31002B3FF494AE012266
:105430000E21204606F037F9002384F83B3153E66D
:10544000D0F85432D0F8C420934210B5044605D1A8
:10545000D0F85812D0F8CC20914216D0B4F8AA2037
:1054600004F5B9700F49A4F87C2140F2E242B3FB85
:10547000F2F3A4F87E31B4F85832A4F88031B4F8CD
:105480005A32A4F8823105F023F9B4F85A222046A2
:10549000D4F85412FDF79EF80023E3730323237618
:1054A00010BD00BF91AA000008B5FDF7B7FB024B85
:1054B000024A1A6008BD00BF101700202FB6000076
:1054C000074B93F900301844142804DC10F17F0FC7
:1054D00003DB40B27047142070476FF07E007047C6
:1054E000A01100207F2307B50DF107008DF80730CC
:1054F00000F0CAFD03469DF9070053B1094B5B78E4
:105500005B425BB21844142806DC10F17F0F05DB08
:1055100040B203B05DF804FB1420FAE76FF07E00A0
:10552000F7E700BFA0110020024B00221A705A704A
:10553000704700BFA0110020064BD3F8000138B11E
:10554000D3F8040120B1D3F80801B0FA80F0400983
:10555000704700BF00600450034B00221A705A705D
:1055600010229A70704700BFA4110020F8B50646BB
:10557000022014460D4600F0CBF8114B114A0127CA
:105580005C60191D9A6002F1807203342D011F7056
:10559000DC601D83C3E904260022243303F80A2CAF
:1055A0000D2203F8092C084AC2F83015074903C92F
:1055B00083E80300C2F80875C2F83835F8BD00BFAB
:1055C000A41100200300000B0060045034340300D9
:1055D00008B5022000F09CF80D4B01221A70002241
:1055E0000C4BC3F80021C3F80421C3F808210A4A70
:1055F000C3F8802003F57433C3F88C20A3F580230F
:10560000C3F88C21A3F580530822C3F8042508BDF4
:10561000A41100200060045003000080154A08B562
:105620001378FBB100231449C1F8803001F57431BF
:10563000C1F88C30A1F58021C1F88C3108210F4BC5
:10564000C3F80815FFF778FF88B101235370938ED4
:10565000FF2B03D94DF21810FAF794FFDBB29370C9
:10566000002313700020BDE8084000F051B810235B
:105670005070F4E7A4110020006004500020045092
:10568000094B1A7862B1094BD3F8002152B1D3F813
:10569000040140B1D3F80801B0FA80F04009704726
:1056A0005878704702207047A41100200060045011
:1056B000064A08B513782BB1FFF73EFF20B192F8E8
:1056C000340008BD9078FCE71020FAE7A411002010
:1056D00038B5084C0025D4F80035032B04BF01234E
:1056E0006360C4F80055C4F8005500F09DFFC4F88D
:1056F000805038BD00600450044B4022C3F888201D
:10570000BFF34F8FBFF36F8FFFF7E2BF00E100E001
:1057100010B50446FFF7DCFF012C06D0022C09D09F
:105720003CB142F21B70FAF72DFF074B0222C3F87F
:10573000002510BD044B0322C3F8002502F10042EE
:10574000C3F88020F5E700BF00600450024BD3F897
:10575000A00300F00100704700C0FF00084BD3F821
:10576000A423D3F8A833511C9BB203D14FF6FF7189
:105770008B4203D002608380012070470020704775
:1057800000C0FF000B4B30B5D3F89053D3F89443CF
:10579000D3F89813D3F89C2305EA04030B40134075
:1057A000013317BF05600020446081601CBFC260E8
:1057B000012030BD00C0FF000B4B30B5D3F8805343
:1057C000D3F88443D3F88813D3F88C2305EA040371
:1057D0000B401340013317BF056000204460816017
:1057E0001CBFC260012030BD00C0FF00074B00227B
:1057F000C3F80022C3F81822C3F82022C3F80C22F1
:10580000C3F81422C3F81C22704700BF00A0085040
:105810000B4B93F8290088B193F828307BB1094BE2
:10582000D3F8002442F00102C3F80024D3F8200585
:1058300000F0F600023818BF0120704701207047C1
:10584000E011002000A0085008B50128074B98700F
:10585000074B05D0022807D049F68E70FAF792FE62
:105860000322C3F8002508BD0422FAE7E011002056
:1058700000A0085008B5134B93F83C3003B368B947
:10588000114B28311846D960104900F06BFF0130E8
:10589000012815D942F6DE30FAF774FE01280CD142
:1058A000094B29311846D960084900F061FF0130E1
:1058B000012805D946F2ED70EEE741F6D950EBE745
:1058C00008BD00BFE0110020880000203C34030028
:1058D00008B50D4B93F83C20AAB11B78012B08D1D9
:1058E00000F04CFF013001280DD940F23F60FAF77B
:1058F00049FE022B07D100F047FF0130012802D9F1
:105900004CF67950F3E708BDE01100200A4B40F453
:1059100009000A4A1B8940F04000B3F5166F36BFF4
:10592000A3F63813A3F5166343F48073C2F808375F
:10593000C2F84005704700BFE011002000A00850E9
:1059400073B50D46284C0646FFF77EFF2846FFF745
:10595000DDFF2379BBB1A07900F01CFF18B14BF239
:105960003F20FAF70FFE214694F9050000F06EFC87
:105970001E4B40F20312C3F8442E40F25B62C3F8A0
:10598000482E02B070BD94F83C00A0B101AB94F970
:1059900003202946304600F081FE9DF8050000F006
:1059A000F9FE10B140F6CA10DBE79DF904000E497C
:1059B0008DF80300DAE7012E05D0022E02D048F25E
:1059C0005050CEE7012029460DF1030394F903203E
:1059D00000F036FF014610B148F65D50C1E79DF971
:1059E000030000F063FFE2E7E011002000A0085090
:1059F0002DE9F04106460C46174605F0D1FF002878
:105A0000FBD02E4D4EBB01232B7095F828301BB9CF
:105A1000E9793846FFF794FF294B4FF47A7253F82F
:105A2000273003F5FA73B3FBF2F3264AE41A264B48
:105A3000C3F8002129690127224B214485F82870E9
:105A4000224DC5F84015C5F8C031FFF7E1FE044608
:105A500058BB00242046BDE8F081012E21D102234D
:105A60002B7095F82830B3B995F807803846FFF7C2
:105A7000EBFE4046FFF74AFF134BD3F8002442F0F9
:105A80001002C3F8002440F20312C3F8442E40F27F
:105A90005B62C3F8482E0C4B293C0A4AC3F8042128
:105AA000C8E748F68820FAF76DFDEF64D5F84C3565
:105AB0008B42CEDA3046FFF7DDFECBE7E011002067
:105AC000B03403000B00008000A0085000500850C4
:105AD000024B00221A801A85704700BFE011002097
:105AE00040220021014806F048BB00BFE011002021
:105AF000024B0344187D00F5166070473C340300E8
:105B0000014B187F704700BFE0110020024B9869DD
:105B10001B69C01A704700BFE01100200A4B1A7FB2
:105B2000D3E90430C01A094B03EB8203DB6BC01AC4
:105B3000074B53F822304FF47A7203F2F313B3FB9E
:105B4000F2F3C01A704700BFE01100203C3403009C
:105B5000A4340300FF2808B503D947F2A140FAF79F
:105B600011FD012904D0022919D049F2FA20F6E7E3
:105B7000002343F4801340F000700B4A43F4847315
:105B800040F44030C2F8203EC2F8280ED2F820354A
:105B900003F0F703032B05D140F27F60DFE74FF0FE
:105BA0008073E6E708BD00BF00A00850F8B5264E98
:105BB0004FF48067C6F89070BFF34F8FBFF36F8FBD
:105BC00005F0E8FE0546214C05F088FF0121401B49
:105BD0001F4D2061C5F8A410FFF708FE4FF4002305
:105BE000C5F8401EC5F8003402F0B8FF194B1A4A38
:105BF000C5F83833194BC3F8C820013AC3F8C4209C
:105C000040F6FE72164BC5F81433164BC3F8042544
:105C10000023A3832385A3614FF48073C6F890719A
:105C2000C5F88834236C376103B1984705F0A0F8B4
:105C300084F83C0038B10C4B187C00F0BDFDBDE889
:105C4000F84000F083BDF8BD00E100E0E011002065
:105C500000A008500300008006000080005008509B
:105C6000010000800020085088000020024B002224
:105C7000D8701A71704700BFE0110020020E034B6C
:105C80000002C3F8342EC3F82C0E704700A0085051
:105C9000044B054A0344D0711B7D03F51663138141
:105CA000704700BF3C340300E0110020F8B5334CCE
:105CB00006460F4694F829301BB944F2B730FAF77C
:105CC00061FC01232E4A84F82830D2F8003443F0D6
:105CD0000103C2F8003405F063FE0028FBD02EBBA0
:105CE0000123E17938462370FFF72AFE2378012B40
:105CF00002D04CF6AF70E2E7224AD36402F5A0422C
:105D00001360204B3046D3F84C552946FFF7B2FDBF
:105D10002369ED1A76BB1C4B4FF47A7253F8273087
:105D200003F5FA73B3FBF2F35819F8BD012EE8D16D
:105D30000223E57938462370FFF786FD2846FFF7F2
:105D4000E5FD0F4BD3F8002442F01002C3F8002405
:105D500040F20312C3F8442E40F25B62C3F8482EAF
:105D60002278022A02D040F69F70A8E7054AD6643E
:105D70005E60C6E705F12900D7E700BFE01100200B
:105D800000A0085000500850B034030008B5FFF7D9
:105D90002FFE58B9064B0122C3F8400503F5A04376
:105DA00002201A61BDE80840FCF7FCBD08BD00BF39
:105DB00000500850F8B5154D0646174608466B7F4B
:105DC0001BB94DF22930FAF7DDFB8EB9012BAC6916
:105DD000297F0AD100F0AEFA20442B693A46C11A55
:105DE0003046BDE8F840FFF7D1BF05F066FDF3E7A8
:105DF000012E09D1012BAC69297F02D100F08AFA6A
:105E0000EAE705F065FDE7E70020E6E7E01100209E
:105E100037B5254B4FF48061244A4FF0FF30D3F85B
:105E20008844C3F89004C2F890114FF4002220492E
:105E300004F48074C3F8002400221E4D2A85C1F8A2
:105E40004025C3F80821C3F80021C3F80421D3F882
:105E50002015C9B2C9B18DF80700C3F8202201226C
:105E60001A619DF8072012B1D3F8202232B19DF8B3
:105E7000073053B94FF4F140FAF784FB9DF807203F
:105E8000013AD2B28DF80720EBE7FFF721FD00229F
:105E9000054BC3F820222A701CB14FF48072C3F85E
:105EA000882403B030BD00BF00A0085000E100E02E
:105EB00000500850E0110020F8B5274D0024274F6E
:105EC000C5F84845C5F84445C5F84045C5F84C45B2
:105ED000FFF79EFF97F83C300BB100F03DFC204EE1
:105EE000C5F8C441C6F80841C6F80041C6F80441E7
:105EF000C5F8C840C5F8C440C6F80441C6F800411A
:105F000002F044FE174B40F6FE72C6F83843C6F85E
:105F10001443C5F8C041C3F808254FF48062124B02
:105F20007C70C7E90544C5F84845C5F84445C5F83F
:105F30004045C5F84C45C5F84841C5F84441C5F849
:105F40004041C5F84C41C3F89020BFF34F8FBFF3D9
:105F50006F8FC3F89021F8BD00500850E011002069
:105F600000A008500020085000E100E0014BC3F8F9
:105F70004C0E704700A0085010B50FC8014C84E8C3
:105F80000F0010BD241200200A490B4B10B501244C
:105F9000C1F8D00E586283F82940FFF739FC40B9A8
:105FA000064BC3F8400503200C61BDE81040FCF728
:105FB000F9BC10BD00A00850E011002000500850AE
:105FC000144A136918449369834210B5124C09D3DB
:105FD0000220FCF7E7FC00230122C4F840350F4BF8
:105FE0001A6110BD012353706364D4F8442505324F
:105FF000824206D3094AD2F80C120029F1D113616A
:10600000EFE70023C4F84431054BC4F84405C4F855
:10601000C431E6E7E01100200050085000A008500D
:106020000900008038B50A4C03460846657F217F89
:10603000012DA27809D100F08BF9A36922699B1A7E
:106040001844BDE83840FFF7BBBF00F09BF9F4E708
:10605000E0110020044BC3F8940ED3F8002442F062
:106060004002C3F80024704700A00850054BD3F845
:10607000002422F04002C3F800240022C3F8942E2A
:10608000704700BF00A00850044BD3F8183703F046
:106090007F035B4203700120704700BF00A00850DF
:1060A000054B0022C3F84025044AD2F82035DBB264
:1060B0000BB10123136170470050085000A0085035
:1060C000044B30B5D3E90C459B6BC0E900450B6030
:1060D00030BD00BFE01100202DE9F04105F054FC77
:1060E000354C364D0123C4E90C01EB64D5F84C3531
:1060F000A363FFF7EDFB324B0020C3F80801C3F8A0
:106100000001C3F80401C3F80401C3F80001D3F887
:10611000002422F01D02C3F80024D5F8482584F895
:106120002900A261D5F84425626122786277D3F80C
:106130001812D3F82062FFF759FB2778022F21D1DC
:10614000637843B1D5F844312BB1FFF7C1FC636CE0
:10615000BDE8F041184739B3A37800212377FFF752
:10616000B7FC174BA26CD3F80C0E10F001001CBF4B
:10617000D3F81C0EC0F30000BDE8F04118BF80F05A
:1061800001001047012F0FD1A378237731B1FFF71A
:106190009FFC3946E36CBDE8F04118474EB1FFF76C
:1061A00097FC0846E36CF6E71EB1FFF791FC236D00
:1061B000CEE7BDE8F08100BFE0110020005008509C
:1061C00000A00850024B03EB8003D86B704700BF60
:1061D0003C340300024B03EB8003986C704700BF14
:1061E0003C340300F7B501230D4647780146437060
:1061F00004462846164600F04FF94FF47A73124AC7
:10620000ADF80630BDF806309BB23BB9BDF806309C
:106210009BB273B94CF2B930FAF7B4F9D2F8043141
:10622000002BF3D1BDF80630013B9BB2ADF8063030
:10623000E8E7677016B9EB78A370AB707B1E584225
:10624000584103B0F0BD00BF006004502E3008B5C7
:10625000362854D8DFE800F05053535353534D536E
:10626000535353535353535353534B535353535306
:10627000575357534953475345534353413F3D3B6E
:1062800039373533312F2D2B2927252321591C0050
:106290003F231F4AC2F8103708BD3323F9E72D23E7
:1062A000F7E72823F5E72323F3E71F23F1E71B2371
:1062B000EFE71823EDE71523EBE71323E9E71123B5
:1062C000E7E70F23E5E70D23E3E70B23E1E70A23E5
:1062D000DFE70923DDE70823DBE70723D9E7062308
:1062E000D7E70523D5E70423D3E70323D1E7012329
:1062F000CFE74FF49873CCE74FF48873C9E74FF6B4
:10630000E550FAF73FF90223C3E73923C1E700BF9D
:1063100000A008504FF47A73054A584332F911200F
:1063200000F2E7301044B0FBF3F00238704700BFD2
:106330009C3403004FF47A73044A00FB033032F9B3
:1063400011201044B0FBF3F0704700BF9C340300F1
:1063500038B51D460A4B33F9114003EB820305356E
:106360009B681C444FF47A7304F6B73403FB004473
:106370001046B4FBF3F42544FFF724FF284438BD4E
:106380009C34030070B5064608461546FFF722FF09
:10639000094B03EB85039C684FF47A7304F6B7341A
:1063A00003FB0644241A2846B4FBF3F4FFF70AFF64
:1063B0000530204470BD00BF9C340300014B002217
:1063C0001A707047341200202DE9F843044601206A
:1063D0000F4615469846DDF8249004F003049DF816
:1063E0003060FFF795F99DF83430274A44EA03639B
:1063F000264CC4F804350023C4F88030C2F8843039
:10640000A2F58022C2F884310222214BC3F808256C
:10641000BDF828201F4B5A80FB6818BABB6819BA10
:106420007B681ABA3B68C4F810051BBAC4F8141587
:10643000C4F81825290AC4F81C352D069DF820003B
:1064400041EA0861D9F804302DBA003821F0004142
:10645000D9F800201BBA18BF012012BAC4F82035A1
:1064600041EAC071C4F8242509BAC4F82815C4F853
:106470002C5526B9E323C4F84835BDE8F88347F620
:10648000B660FAF77FF800BF003008500060045093
:106490000020045034120020274B284A03F1380C06
:1064A0002DE9F04704464F780D4603F1080E03F13D
:1064B00010069F809F844FF00E08DFF8849003F150
:1064C000480A04379D61C3F81C9083F8278092E83E
:1064D0000300C3E914498EE80300D2E9020186E80B
:1064E0000300E91C0026196283F82660D2E9040142
:1064F000C3E90A668CE80300611C196411495964F8
:10650000D2E90601E21C8AE803009A650122A3F899
:106510005C7083F85E6083F85F80C3E91866AB78CF
:10652000A370094BC3F830E5C3F838C5C3F804615C
:106530001A60BDE8F08700BF34120020C4340300A5
:106540000100000D0100000C006004502E4B2F4A8A
:1065500003F1380C2DE9F04105460E4603F14804DD
:1065600003F10807DFF8A880DFF8A8E0C3F844804B
:106570001E65C3F854E092E80300C3E9085E8CE8A6
:106580000300711C1964D2E9080184E80300F11CBE
:106590000024996520495C66C3E91714D2E9040117
:1065A00087E80300691CC3E90418D2E90601EA1C64
:1065B00003F118089A625A8888E803009A850E2227
:1065C00083F82E40012183F82F20C3E90C44B278D0
:1065D000AA70124AC2F830C5C2F83875C2F8044130
:1065E000C2F8084119700E4BC2F8803002F57432BF
:1065F000C2F88430A2F58022C2F884310222094B0D
:10660000C3F80425BDE8F08134120020C43403002F
:106610000100000C0100000DE803000E00600450B2
:1066200001000080002004500A4A13788BB1002337
:1066300009490220C1F8803001F57431C1F8843075
:10664000A1F58021C1F88431A1F58051C1F8080578
:1066500013707047341200200060045008B50B4BD3
:10666000D3F8082122B10420FCF79CF9022008BDD0
:10667000D3F8042122B90520FCF794F90320F6E7AA
:10668000D3F80004003818BF0120F0E70060045080
:10669000014B01225A607047006004502DE9F04F11
:1066A000264C85B0054698460E46174600F0C2F8BF
:1066B00023788146AB4211D16378B3420ED194F96D
:1066C0000230BB420AD1E378834207D1A388A8F8FD
:1066D000003094F9060005B0BDE8F08F012D05D01B
:1066E000022D0FD048F25050F9F74CFF00200DF169
:1066F0000F033A46314600F0A3F8824620B14FF42A
:106700003540F1E70120F2E730469DF90FB0FFF781
:10671000EFF9A91E0346CDF800A04A4258464A4167
:10672000414600F03DF8B8F80030A071A380257014
:106730006670A77084F80390CBE700BF9E0000202E
:10674000014B1B681B681847D0000020014B1B68D9
:106750005B681847D0000020014B1B689B681847F6
:10676000D0000020014B1B681B691847D000002097
:10677000014B1B685B691847D0000020014B1B6868
:106780009B691847D0000020014B1B68DB69184744
:10679000D0000020014B1B689B6A1847D0000020E6
:1067A00030B4044C9DF8085024680295E468A4466F
:1067B00030BC6047D000002000220D49134610B5C0
:1067C00040FA02F4E40744BFCA545C1C02F101021F
:1067D00048BFE3B2042AF3D1054AFF24D118032BA2
:1067E00001D9107110BD013301F8014BDBB2F6E79E
:1067F0002017002011B9000017B9000019B90000D6
:106800003FB900001DB9000049B9000023B90000DC
:1068100053B9000029B900005FB9000035B9000084
:1068200039B900002BB9000031B900004FB90000A0
:1068300059B90000014B187D704700BFA812002015
:10684000042810B511D883B104280CBF10242824C3
:10685000A1420AD2064C54F8200018B141568A428F
:10686000A8BF0A4600201A7010BD6FF01500FBE7A4
:10687000A81200200728034611DC10F12D0F10DBB1
:10688000094A101890F82E0002EBC00292F93C2041
:106890009A4207D0002918BF0130C0B270471B20B0
:1068A00070470020704700BFEC340300072808B58C
:1068B00007DCFFF7DFFF044B03EBC00393F93C0059
:1068C00008BD0820FCE700BFEC340300C0B208B5E7
:1068D00020B9044B01229A601A6008BD41F670008D
:1068E00001F078FF00E0105010F0FF0008B513D160
:1068F0000B4B01225A60DA600A4AC3F8000110709B
:10690000D3F8082412F0010205D1C3F81021C3F80E
:106910001821C3F8142108BD40F2F96001F05AFFB4
:1069200000E01050BD120020014B01221A70704788
:10693000BD12002008B540B9064BD3F8103113B989
:10694000054B187808BD0120FCE74EF24D3001F0F0
:1069500041FF00BF00E01050BD120020024BD3F8F1
:10696000080400F00100704700E01050024BD3F81B
:10697000480400F00100704700E01050024BD3F8CB
:106980004004C0B2704700BF00E010500749024603
:10699000D1F84C04D1F84C1410F4803005D0D0B2AA
:1069A00001F003031B1A58425841704700E0105091
:1069B00038B5194BD3F80C34DA0303D448F6CD10AC
:1069C00001F008FF154A0124154B106A536620F0A8
:1069D0003F0094645464136CDB03FCD4136A116CA1
:1069E00003F03F03C1F30A01C1F5806181EAE1755B
:1069F0000B29A5EBE17509DD3F2B04D001330343DF
:106A00001362172DE6DC0023936438BD0B31F8DAEE
:106A1000002BF8D0013BF2E700E0105000081250C4
:106A20000100008038B50B4C23781BB10023237084
:106A3000FFF7BEFFEFF3108572B6637803F0FF0037
:106A40000BB9FFF751FF05B962B6034B00225A6636
:106A500038BD00BFC012002000081250F8B50F4E1C
:106A6000012704460D463318DF7004F07AFF58B949
:106A700034B90B4B11227771B560C3F80423F8BD0C
:106A80004CF60D3001F0A6FE002DF8D01CB9022006
:106A9000A847B460F3E749F65950F3E7C012002065
:106AA00000E01050044B0022191803EB80034A71D8
:106AB0009A60CA70704700BFC0120020014B188254
:106AC000704700BFC0120020014B588A704700BFBA
:106AD000C0120020014B188A704700BFC01200206E
:106AE0000C4B034410B55A78632A03D94DF67060F5
:106AF00001F070FEEFF3108472B65A780132D2B210
:106B00005A705B78012B01D1FFF7E0FE04B962B641
:106B100010BD00BFC012002012490B1810B55A78E2
:106B20001AB944F67A3001F055FEEFF3108472B6CC
:106B30005A78013AD2B25A705B7883B90B7D43B16F
:106B4000094BD3F80C34DB0306D44B7803F0FF0079
:106B50002BB9FFF7C9FE02E0487D01F0BDFF04B983
:106B600062B610BDC012002000E0105010B504F055
:106B7000FBFE0C4C04F0F5FE60B1A37D3BB90A4B63
:106B800001229A610423E3750023237610BD04F0EB
:106B9000EEFEF9E703230122E375034BC3F8042358
:106BA000F2E700BFC012002000E01050014B0122AC
:106BB0001A62704700E01050044B587E28B1044B15
:106BC000D3F81001B0FA80F040097047C0120020DD
:106BD00000E0105038B50D4B5C7E7CB901255D7628
:106BE00004F0C2FE0A4B1022C3F81041C3F814414E
:106BF000C3F81841C3F80423DD6138BDFFF7DCFF9B
:106C00000028FAD040F2173001F0E4FDC012002055
:106C100000E01050024BD87D003818BF01207047AB
:106C2000C012002038B5164C237D1BB94FF6D50095
:106C300001F0D0FD01232370A37DC3B9A37EB3B1BE
:106C4000227E013B9A4212DA04F08BFE054601F0E7
:106C5000DDFEA37E012B82BF237E0133237655B157
:106C6000E369C31A0133022B09D935B1E061BDE8EC
:106C70003840FFF77BBF236AF3E72062F7E738BDB0
:106C8000C012002037B5184CA37D63B9606A00F0CC
:106C90000300FFF77BFE30B1EFF3108372B6E27DA5
:106CA0001AB103B962B603B030BD0122E27503B96F
:106CB00062B608230D4DC5F808334FF42073ADF8C4
:106CC0000630BDF806309BB25A1E92B2ADF80620CF
:106CD000002BF6D1C5F80C3184F82830FFF746FFB9
:106CE0000823C5F80433DEE7C012002000E010508E
:106CF0002DE9F74F4E4C237D002B00F095800323A8
:106D0000ADF804304B4BD3F80051D3F80891D3F8C9
:106D1000142112B9D3F818216AB10026C3F81461FE
:106D2000C3F81861C3F81061637E0BB104F01FFE55
:106D3000667604F049FF3F4BD3F81031002B58D052
:106D4000637E1BB104F013FE00236376637913B1F5
:106D500002238DF80430003D18BF012545F01005D1
:106D6000354E0DF1040A334B4FF00008F71EC3F8FF
:106D700008531AF8010B03280AD03B7843B14FF0AF
:106D8000000B336887F800B013B19847C6F800B01D
:106D900008F10103043601374FF00108022BE8D156
:106DA000B9F1000F08D0234B0022C3F808210422B8
:106DB000C3F80823FFF766FF94F82860EA071D4B25
:106DC000F6B2D3F80C7108D5E27D032A05D1A27D75
:106DD0009AB90422E27501229A61BFB1154B0022D3
:106DE000C3F80C21E37D042B0CD043F6436001F083
:106DF000F1FC002DD4D00125B2E704F0B8FD022348
:106E0000E375EAE70223E37504F0B1FD66B1002300
:106E100084F82830E37D022B01D1FFF7A7FE03B0F1
:106E2000BDE8F04F04F0A3BD03B0BDE8F08F00BF94
:106E3000C012002000E01050C812002010B5054C10
:106E4000606A00F00300FFF7A1FD0028F8D00020E1
:106E500010BD00BFC0120020F8B5054650B1027841
:106E6000022A07D8437842B9013B1F2B02D8837806
:106E7000212B07D96FF0150093E0002BFAD183780E
:106E8000002BF7D1694B2022C3F8A020BFF34F8F0E
:106E9000BFF36F8F664EC3F8A0217D23654CC6F803
:106EA00008330023C6F80031C6F81031C6F8143193
:106EB000C6F81831C6F80831C6F80C316370A370F3
:106EC000AB886382FFF74AFD10B10123E370637062
:106ED000D6F80C0440F2563310F4803023821AD0D6
:106EE000FFF722FD544801F0CDFD514E602360753F
:106EF0000022C6F804332B78A978012B62766262EF
:106F0000A375A176227625D0022B1CD01BB34FF699
:106F10001D6001F05FFCC6F81001FFF7D7FC444B81
:106F2000D3F81021002AFBD00026C3F81061C3F863
:106F30001461C3F81861FFF73BFD3046FFF7D4FC3E
:106F40003E4B5E66CEE704F00FFDD6F80C34D90355
:106F5000FBD502236362FFF709FD40B3FFF70EFD87
:106F6000636A03F00303984221D1AB79D3B9FFF7E9
:106F700065FFA37E63B12B7853B904F0F2FC05469C
:106F800001F044FD6FF00043002D4BD0C4E907032E
:106F90000123202200202375244BE075C3F8A02193
:106FA0001A62F8BD224B0422C3F80423E1E7204B08
:106FB000012200215A61C3F8081194F82410C3F883
:106FC00040141A610422C3F80423AA79002AD0D1FC
:106FD000D3F80423520702D443F2883099E7184AC1
:106FE0001769116907F0100741F010011161D3F81A
:106FF00008310BB905F037F80D4ED6F8083173B1EA
:10700000FFF71CFF27B90E4A136923F01003136121
:107010000423C6F808330023C6F80831A9E705F0B1
:1070200020F8EAE7C4E90730B2E700BF00E100E07A
:1070300000E01050C0120020256A00000008125025
:1070400000ED00E038B50C4B0C46197919B14EF63D
:107050006F0001F0BFFB60B95D790DB1002038BD54
:1070600001225A71FFF73CFD21462846FFF7F6FC46
:10707000F4E76FF01500F2E7EC12002038B50B4D85
:1070800004462B791BB143F6975001F0A3FB48B996
:107090006B792BB1FFF706FD20466C71FFF73CFDC5
:1070A000002038BD6FF01500FBE700BFEC12002098
:1070B00010B501B3F0B14FF0FF33104A1C46E0FBAE
:1070C0000134944203D948F2E61001F083FB1A0D13
:1070D000C3F30F100A4B42EA04324FF22444B2FBCE
:1070E000F4F100EB024003FB1100B0FBF4F040EAC6
:1070F0000140013010BD0846FCE700BF3F420F00D1
:10710000000024F4014B9B68184700BFEC120020DC
:10711000014BDB68184700BFEC120020014B1B69D4
:10712000184700BFEC12002008B5054B1B791BB1B6
:1071300043F6FC1001F04EFBBDE80840FFF772BDBE
:10714000EC120020034B1A790AB9FFF7BDBC988DE9
:10715000704700BFEC120020034B1A790AB9FFF701
:10716000B9BC988A704700BFEC120020024B1B7913
:107170000BB9FFF787BD7047EC120020014B9B69EC
:10718000184700BFEC12002038B51D4C23792BB3F3
:10719000FFF7C4FF50B91B4DC5F81001FFF7B2FF50
:1071A000D5F81031002BFBD0FFF7B2FF154B602252
:1071B000C3F80423636A9847002806DB94F82E304E
:1071C00023B10123002084F8303038BDFFF7D6FF0B
:1071D0000028F6DA48F23A2001F0FCFA0A4BA361E3
:1071E0000A4BE3610A4B23620A4BA3600A4BE3603C
:1071F0000A4B2361FFF730FE0028E2D0E5E700BF2D
:10720000EC12002000E010503D6E00007BB9000041
:10721000156C000069B900006FB9000075B9000075
:1072200038B5074B04461D791DB142F6155001F0E3
:10723000D1FA00F0C3FD2046FFF740FC284638BDD8
:10724000EC12002008B5074800F0A6FD054800F044
:1072500019F801F0AFF800F0DFFF00F0E5F90120C8
:1072600008BD00BF2013002008B5054B1A781AB1DD
:1072700043F20D7001F0AEFA5860197008BD00BFFE
:1072800028130020024B986000221A705A60704741
:1072900028130020F7B51E4C2378012BDAB204D056
:1072A000022A2ED0012003B0F0BD0DF10701606865
:1072B00000F0D8F965686B7DDB071CD5AB7F042B2C
:1072C00019D000F0F3FD0646A8B100F0F5FD2B69DA
:1072D000D5E900279A18B36847F100070A332CBF95
:1072E000012500251B1845EB01059342BD4102D342
:1072F000606800F0BBFA0023636023709DF807000C
:10730000D1E70DF10701606800F0B6F9F3E700BFBF
:107310002813002073B505460C4600F0C7FD06464D
:10732000AB7F012B1AD021462B4604F1180251F8ED
:10733000040B914243F8040BF9D101230DF107012D
:107340002846AB7700F08EF916B1012002B070BD6F
:10735000034B0421986804F0F0FDF6E70020F5E700
:1073600028130020024B0621986804F0E6BD00BFF8
:1073700028130020174B1868F0B560B150F8102C96
:1073800050E9063418380A3344F100049B18826926
:1073900044F1000402B9F0BD52E90615994275EBBB
:1073A0000406F8D2077D12F8046CB7420BD00FD94F
:1073B0000A3152F8103CA2F1180045F100055B18A3
:1073C00045F1000404E09688878BF61B3604EFD461
:1073D0001268DFE734130020F8B5244C0023237132
:1073E0006371A371E371EFF3108272B6A168E36079
:1073F0006160A36002B962B600261D4D636803B9DF
:10740000F8BD9A79A3F11800032A07D11A6801215F
:107410009E7153F80C3C62609847EFE71B6863B1BC
:10742000183B07462A46997F04290ED09B7F032BE1
:1074300004D040F6065001F0CDF92A461368022127
:107440001B681360C3688677E6E7B0F81CC0998BA9
:10745000A1EB0C010904996944BF07F11802184611
:107460000029EBD01F46A1F11803DCE734130020FC
:1074700038130020042300F11802837700230376D9
:1074800043768376C376044B996811B99A60DA60C3
:107490007047D9680A60FAE7341300202DE9F041FB
:1074A000134C06460F460020236833B9E8B1114B50
:1074B000BDE8F041187801F00FBB53E9061553F809
:1074C000082CD3F80080521845F10005B242BD41A6
:1074D00009D22268A3F1180012682260FFF7CAFFE0
:1074E00001204346E1E71C46FBE7BDE8F08100BF11
:1074F00034130020D4000020494B1B682DE9F74FBE
:10750000044682838B46D0E9002003B1183B94F8EF
:1075100015C0DFF80CE10CF0010C002B3BD0D3E9D7
:107520000056AA4270EB060135D3BCF1000F2CD0F7
:10753000277D197D8F4228D399684D1946F10006A1
:1075400015F10A0846F1000E424570EB0E0119D202
:107550002169891840F1000788457EEB070901D2AF
:1075600041467746A942B7410FD22046FFF782FF36
:107570002C4B187801F0B0FA00238BF8003003B0E0
:10758000BDE8F08F11460746ECE703F1180E9B6942
:107590000BB1183BC3E7BCF1000F34D0A1688918C8
:1075A00040F10009019173B30199D3E9007611F11B
:1075B0000A0549F10001AF4276EB010123D2257D96
:1075C000197D8D4218D39D68ED1946F1000615F11D
:1075D0000A0A46F10008524570EB080110D22169F1
:1075E000891840F100078A4578EB070C01D2514613
:1075F0004746A942B741B8D39B6923B1183BD3E7AB
:1076000011460746F5E7DEF80020234643F8182F19
:10761000CEF80030FFF7AEFE8442ADD10123ACE7D7
:1076200034130020D400002010B50B4C2378FF2B1E
:1076300003D048F65E1001F0CDF8084801F022FAB8
:10764000074B002220701A705A709A70DA709A6094
:10765000DA601A8210BD00BFD4000020D973000088
:1076600034130020034B1A8A10B4541C1C8210BC23
:10767000FFF742BF3413002038B504460D46FFF72C
:1076800079FE231A04F11801584258412870044821
:1076900004F07BFC10B100230120A37738BD00BFAC
:1076A0003413002038B5114B044600F118019A68D4
:1076B000B2B19A6800209AB191420ED108B1A56981
:1076C00005609D68A94204BF12689A60DA68914219
:1076D00000D1D8600023A37707E010461268EAE7DC
:1076E000034804F052FC0028F4D138BD34130020C4
:1076F000381300202DE9F041264E04460D46FFF7D1
:10770000CDFE3068002843D0A0F1180C50E90631B6
:10771000A34271EB050250F8102C3CBF23462946CA
:107720000A322CBF012700279B1841EB070207688C
:10773000604627B900F118037361BDE8F08157E98D
:1077400006EC9E457CEB0201F4D290F8148017F809
:10775000041C884513D019D9744523462A46A7F13D
:10776000180075EB0C0157F8101C3CBF73466246BD
:107770005B1842F100020A3342F1000206E0B988C8
:10778000B0F81C80A1EB08010904E5D43F68D0E7FC
:107790000346D1E73413002010B5054C616920463B
:1077A00004F0F3FB18B1606900231838636110BD61
:1077B000341300209C46144BF0B51D68FDB115F83C
:1077C000043C183D834218D812F10A04D5E900366A
:1077D0004CF10001A34276EB01070BD22F69FF1891
:1077E00046F10006A7428E4107D3B4F10A0041F1E9
:1077F000FF31F0BD1C463146F7E7AD69DEE74FF0DB
:10780000FF300146F5E700BF3413002008B5837F41
:10781000022B1CD1437D13F0020302D00023837797
:1078200008BD0322037643768376C3760D4B8277B9
:1078300000F11802996839B99A60DA600A4B187831
:10784000BDE8084001F048B9D9680A60F5E7837FD0
:10785000012BE5D0837F042BE2D043F25B7000F074
:10786000B9FF00BF34130020D400002010B500F190
:1078700018010446084804F088FB18B94EF2FC6071
:1078800000F0A8FF2046FFF7F5FD044BBDE81040CF
:10789000187801F021B900BF34130020D400002073
:1078A0002DE9F74FD0F810E0BEF1000F03D045F2FC
:1078B000D82000F08FFF836890F814800193D0E9FE
:1078C0000014EFF3108972B6264BB3F810C01B6892
:1078D0006BB1019D183B0A35D3E900264EF1000A31
:1078E0006D1844EB0A0A95427AEB060707D2B9F104
:1078F000000F35D0C0E9001403B0BDE8F08F8A4214
:1079000076EB04070CD31F69BF1846F1000BAF429A
:107910007BEB0A0B34BF0125002575B99B69D7E7BE
:1079200012F10A0A9D6846F1000715EB0A0547F1B6
:107930000007A94274EB0707ECE71D7DA84509D0B5
:10794000ECD912F10A019D6846F10004691844F16E
:107950000004E3E79D8BA5EB0C052D04DED5F0E7D5
:1079600062B6C7E734130020024B0521186804F003
:10797000E4BA00BF50130020064B586810B518B980
:107980004CF2C63000F026FFC3680521BDE8104068
:10799000184700BF501300202DE9F84F274C8146AF
:1079A000237BA668A3BB94F80D8018F0010803D0D0
:1079B000E3899E4238BF1E4600F036FD10EB060BF1
:1079C00005460F4641F1000A58465146FFF792FE20
:1079D00008B3D0E900329B457AEB020104D29D1B2B
:1079E0009B46924662F100070023154A2846394615
:1079F0002362C4E904BAC4E9065700F0EDFCB8F10B
:107A0000000F02D0E3899E4216D002230D4A0DE0FA
:107A10004FF00008D0E7237B2BB1637B9B0702D597
:107A2000636A012098470023074A237384F82830AB
:107A3000C9F80020BDE8F88F0123E7E750130020C4
:107A4000697900005D7B000091BB00002DE9F047E3
:107A500017463E4C002B69D0E289D3E900566432C8
:107A6000854276EB01034FF000033CBF05460E460E
:107A70002362B5EB000A66EB010952451A4672EB28
:107A80000902C4E9045627DA237B3BB1637B9A07DA
:107A900002D5636A012098470023237394F80D8070
:107AA00008F00108A36803F5E1739A4579F1000134
:107AB0001FDAB8F1000F11D0E089254A281A66F1C3
:107AC0000001C4E9060100F087FC0623214A84F87E
:107AD00028303A60BDE8F0879846E3E7B5F1320018
:107AE0001B4A66F10001C4E9065600F075FC052347
:107AF000ECE7FFF70DFBE089A368B8F1000F0BD0AE
:107B0000984209D9281A124A66F10001C4E906010F
:107B100000F062FC0123D9E7E81A0D4A66F1000182
:107B2000C4E9060100F058FC0223CFE7237B2BB108
:107B3000637B9B0702D5636A012098470025257364
:107B4000FFF7E6FA2B46044AC1E700BF50130020B6
:107B5000697900005D7B000091BB0000023970B5BF
:107B60000546032900F2D380DFE801F00602083F52
:107B7000684B002283F82920002023E0654C94F80C
:107B80002830042B08D8022B27D8013B012B1AD907
:107B90004EF2516000F01EFE053B012BF8D8FFF7B6
:107BA00079FB0028E8D000F02FFC00F03DFC0646F1
:107BB0000C46FFF79FFD2A46034621463046FFF755
:107BC00045FF022070BDFFF765FB0028D4D000F010
:107BD0001BFC2846FFF7E0FEF3E7FFF75BFB0028FE
:107BE000CAD0012384F82930C6E74A4C94F82830DB
:107BF0001A1F012A2AD8042B94F829600CD100F00E
:107C000059FB48B900200021FFF774FD08B1FFF7C8
:107C10002DFEFFF77DFADCE7002EC6D1FFF7BCFD95
:107C20000028C2D06060C4E90B6600F013FB6068F6
:107C3000022331468377C3689847D4E9040103F0EF
:107C4000A5FF354B84F828602B60BAE700F0ECFB09
:107C5000A369C01A236A9842ACBF2062236294F8D9
:107C60002830022B19D1FFF74DFA94F82830022B57
:107C7000D4E904012CD1637BDB071BD5237BCBB973
:107C8000E389264AC01A61F10001C4E9060100F047
:107C9000A3FB032384F828306EE7637BDA0701D562
:107CA000207B10B146F2840074E7636A9847012391
:107CB0002373DAE73238236A184A41F1FF31C018DA
:107CC00041EBE371C4E9060100F086FB0423E1E720
:107CD000012B0AD1A368114AC01A61F10001C4E95D
:107CE000060100F079FB0223D4E7236A32380B4AFD
:107CF00041F1FF31181841EBE371C4E9060100F0CE
:107D00006BFB94F82830062BE0D10523C2E742F242
:107D1000DF603FE750130020217D000069790000FB
:107D200002392DE9F041064604292ED8DFE801F09A
:107D300003090B2D0E00174A537B003B18BF01238C
:107D4000137300201FE0FFF7A5FAFAE7DFF844807D
:107D500000F090FA00F068FB0C460546FFF7CAFCFD
:107D60000746D8F80400FFF751FD002300222846FB
:107D7000C8F8043000232146C8E904233B463246B4
:107D8000FFF764FE0220BDE8F08143F6DB3000F02F
:107D900021FD00BF50130020064A002310B5064CF9
:107DA0000260206084F828306373FFF7D5F9323021
:107DB000A06010BD91BB00005013002008B5064B19
:107DC0001A681168054A914203D049F2BE4000F09A
:107DD00001FD3230986008BD5013002091BB0000B7
:107DE00010B5EFF3108472B6034B0421186804F049
:107DF000A4F804B962B610BD5013002008B5084BB2
:107E00005A681AB94FF2E77000F0E4FCD3E9042194
:107E1000BDE808408018034A41F1000100F0DCBAD7
:107E2000501300207979000008B5054B5B681BB939
:107E30004DF6206000F0CEFCBDE8084000F0E4BA4A
:107E40005013002008B5044B5A681AB947F68660EB
:107E500000F0C0FCD86208BD5013002008B5044BE8
:107E60005A681AB94AF27F2000F0B4FC186308BDC2
:107E700050130020054B1B6B10B51BB94EF67870E4
:107E800000F0A8FCBDE81040184700BF50130020C8
:107E9000054BDB6A10B51BB94CF6E31000F09AFCF9
:107EA000BDE81040184700BF50130020014B586830
:107EB000704700BF5013002008B5054B5A681AB927
:107EC00040F26E5000F086FCD3E9040108BD00BF0B
:107ED00050130020034B587B10F0010018BFD889C5
:107EE000704700BF501300200028ADBF00F1604074
:107EF00000F00F00044B00F56140B4BF185C90F82F
:107F000000034009704700BF14ED00E02DE9F04187
:107F100005460E46E1B9114F3B681BB14DF6FC40DA
:107F200000F058FC38600E48FFF78CFF0D48FFF753
:107F300095FF03F0D3FD6B7D04465B0708D503F086
:107F400029FD0A34241A7C6000F080FA0028FBD056
:107F50002B6A3146686ABDE8F04118478813002053
:107F6000897F0000697F0000064B1B6810B51BB9B4
:107F700040F6E60000F02EFC1A6A0421586ABDE8BB
:107F80001040104788130020064B1B6810B51BB922
:107F900043F2C52000F01EFC1A6A0321586ABDE8AE
:107FA0001040104788130020024B00221A601A81EB
:107FB000704700BF8813002008B5074B1A681AB92C
:107FC00049F2D76000F006FC0449D16000221A6033
:107FD000BDE80840FFF7C6B9881300200D7F0000F8
:107FE00030B587B00C46182200210546684604F0DB
:107FF000C4F8637A4FF000026168C3F38003029112
:1080000083F0010363F38202237A8DF81430224B4C
:108010008DF81520039323785BBB9DF81500D4E9F8
:1080200004324007CDE9003207D50A3B01F10A01CD
:1080300042F1FF320291CDE90032637A69469DF840
:108040001520C3F3400322F003025B0043F0010359
:1080500013438DF81530114B5868C0F30800B8B1C0
:108060001038FFF741FF98B92846FFF753F907B0DA
:1080700030BD2369049303F087FC9DF815305B073E
:1080800044BF029B0A33CDE9000148BF0293D4E705
:10809000284603F087FCEAE70D7F000000ED00E0D2
:1080A00008B50A4B1B681BB946F6877000F092FBB7
:1080B0005B7D5B0703D4BDE8084003F00FBD03F010
:1080C0000DFD0A3041F1000108BD00BF88130020FA
:1080D00070B50B7886B01BB141F26E1000F07AFBE0
:1080E0004C7A4FF000060593C4F380034D6883F08B
:1080F0000103029563F382060B7A8DF81430104B5E
:108100008DF8156076070393D1E90431CDE900318C
:1081100007D50A3B05F10A0541F1FF310295CDE98A
:1081200000319DF81530C4F340046946049264F3AD
:1081300041038DF8153003F035FC06B070BD00BF6B
:108140000D7F00007FB503F01FFC002305930B4B50
:10815000039340F21E2302934FF0FF33CDE9000159
:10816000694607480493FFF7D5F818B942F6EC00C2
:1081700000F030FB07B05DF804FB00BFA9810000F0
:10818000C013002010B5074C94F820304BB9FEF70F
:10819000C5FF30B9012384F82030BDE81040FFF757
:1081A000D1BF10BDC013002008B505292DD8DFE8C8
:1081B00001F0032F282C2C0D03F0E2FB154803F0EF
:1081C0008FFC1E38BDE8084003F0E0BBFEF7A6FFB9
:1081D00038B1104B002283F82020BDE80840FFF79B
:1081E000C1B803F0CFFB08B903F0CAFB00214FF47C
:1081F000007003F046FC0028E0D142F24E7000F01F
:10820000E9FABDE80840FFF79DBF4EF68740F6E764
:1082100008BD00BFC01300204FF000430B4A0021EF
:10822000C2F88030A2F58022C2F88031012302F525
:108230007832C2F80435A2F58022C2F80435202233
:10824000034B184683F8201003F097BF00400C50F2
:10825000C013002008B518F011F9054AD2F85837B4
:1082600043F00103C2F85837BDE80840FFF78ABF62
:1082700000200E5008B518F011F90B4AD2F8583703
:1082800023F00103C2F858370122084B5A604FF01F
:10829000FF32C3F808232022054BC3F89021BDE824
:1082A000084000F0B1B800BF00200E500050085048
:1082B00000E100E008B5FEF731FFB8B90D4BD3F887
:1082C00000314BB90C4A536A0133312B53620CD93C
:1082D0004DF6714000F07EFA03F054FB10B14DF6FC
:1082E0005A70F7E703F04AFB012008BD024B002259
:1082F0005A62F9E700E01050C01300201449202210
:10830000C1F89020BFF34F8FBFF36F8F114BC1F8AF
:108310009021D3F8040520F00300C3F80405D3F836
:10832000080540F00300C3F8080592FAA2F0B0FA7D
:1083300080F0C3F8100501205860D8604FF000406D
:10834000C3F880004FF0FF30C3F808030A6170479C
:1083500000E100E000500850134A4FF4E063202190
:10836000C2F838330023C2F8AC35C2F8BC35C2F8C5
:10837000CC35C2F82031C2F82431C2F828310B4A7A
:10838000C2F89C11C2F89C10BFF34F8FBFF36F8FE0
:10839000C2F89010BFF34F8FBFF36F8FC2F89011E8
:1083A000034A1360704700BF00200E5000E100E058
:1083B000E813002008B5FFF7CFFF054B4FF4A0628C
:1083C000C3F834232022034BC3F89C21DA6108BD93
:1083D00000200E5000E100E0094B10B51C681CB1F4
:1083E0004EF6B07000F0F6F91A60C1F31301054BB8
:1083F0000122C3F8A005C3F8A415C3F8AC2510BD2D
:10840000E813002000200E50054A136833B1002302
:108410000449C1F8AC35C1F820311360704700BF82
:10842000E813002000200E5030B54FF0FF30064C0E
:108430006FF04041D4E90023904271EB0305F9D37A
:108440001046C3F3130130BD40270E5008B5FFF7A7
:10845000EBFF044BD3E90223904299412CBF01204A
:10846000002008BDE813002008B5FFF747FF024BC6
:1084700001221A6008BD00BF0050085010B5FFF778
:108480003DFF0E4C0023C4F8BC35C4F82431FFF77F
:10849000CBFF0A3041F10001C4F8B005C1F313036A
:1084A000C4F8B4354FF00043C4F8A4310123C4F834
:1084B000BC35034BC3E9020110BD00BF00200E50C4
:1084C000E8130020144BD3F8342312F4A06F10B536
:1084D00003D143F6DD2000F07DF9D3F8202162B10D
:1084E00000220E49C3F8AC25C3F820210B6813B94C
:1084F00047F60830EFE70A609847074BD3F8282182
:108500004AB10022C3F8CC25C3F82821034BBDE8AB
:1085100010401B69184710BD00200E50E8130020C2
:10852000034610B3007888B91A79012A1ED85A79FF
:10853000012A1BD89A680E49643A8A4216D8D8682C
:108540000C4B98422CBF00200120704701280CD111
:108550001A79012A09D85A79012A06D8DA68044911
:10856000643A8A4201D89868EAE70020704700BF61
:108570003C8601000040420F70B5044603F004FA47
:1085800040F2F966656AD4E90632963342F1000298
:108590005B1905F5DF6542F10002B5FBF6F55B19E5
:1085A00042F1000283428A410FD294F82A30052B0F
:1085B00003D04DF2FB4000F00DF9236A0A2194F834
:1085C000580098474FF69F00F5E7054C236813B114
:1085D000984700232360BDE87040FFF7EDBC00BF63
:1085E000FC13002070B504460D4639B9012380F80C
:1085F0005930FFF7C1FF0226304670BD0E78032EBA
:108600006FD801A353F826F0F78500001986000003
:10861000838600003B8600004868C72801D80026F2
:10862000EAE7042103F02DFA0028F8D003F0B0F9AE
:108630006968204603F0ECFADEE790F8286006BB94
:108640004D682846FFF76CFF00284AD02B78D3B935
:10865000012121702B796A79003B18BF0123002A80
:1086600014BF0422022243F004032272AA68A53236
:108670006260EA6863720323226184F82A3084F816
:1086800029102046B5E794F82A30052B03D046F28E
:10869000200000F09FF8267004F130002B796A79F1
:1086A000003B18BF0123002A14BF0422022243F01A
:1086B00004032272EA686372A532A9686260D4E991
:1086C00006325B1842EBE1722146C4E9043204230E
:1086D00084F82A30FFF784FC0028D2D148F22460C5
:1086E000D7E7012384F85930CBE700BF2DE9F843E1
:1086F0008846074658B300F02FF84FF000090446AB
:108700005FFA89F6B44203D86FF00B00BDE8F88336
:10871000304609F1010900F025F890F82A50002DA3
:10872000EED1304600F01EF80A490446058580F86F
:108730002A50024680F85860303003F03FFA012397
:108740002762284684F82A3088F80060DEE76FF058
:108750001500DBE71FBC0000014B1879704700BF14
:1087600000140020044B1A79824283BF1B686022E8
:1087700002FB003000207047001400200A4610F071
:10878000030110B50AD1074C2271206008B90020FE
:1087900010BD60235A4303F0F0FCF8E76FF00D00C2
:1087A000F6E700BF00140020084B01225A604FF08A
:1087B000FF32C3F808238022054BC3F88820BFF39B
:1087C0004F8FBFF36F8FC3F888217047007004503C
:1087D00000E100E0014608B572B6094B5B680BB1D9
:1087E00008489847BFF34F8F0749084BCA6802F4FF
:1087F000E0621343CB60BFF34F8F00BFFDE700BFC4
:1088000008140020DD83030000ED00E00400FA05F9
:10881000F8B5234F05460C4616463B78002B3CD155
:1088200003F09EF87E601F4B01263C814FF480626E
:10883000C3F8A4601C4BC3F89020BFF34F8FBFF365
:108840006F8FC3F89021FFF7AFFF184B002D14BFB7
:1088500028461846FEF798FC0546E0B9FFF7A4FB4A
:10886000FEF784FC03F0B7FAFEF7ECFC18B94CF6FF
:108870008B60FFF7AFFF002C0BDB04F01F036409D4
:10888000A4009E4004F1604404F56144C4F8806192
:10889000266001233B702846F8BD4FF0FF35FAE70C
:1088A0000814002000A0085000E100E00436030096
:1088B000074BB3F90830002B09DB5A09012103F0FB
:1088C0001F03994002F14003024A42F82310704707
:1088D0000814002000E100E0014B1878704700BF49
:1088E0000814002050B1074B03F1140253F8041B85
:1088F000934240F8041BF9D1002070476FF0150037
:10890000704700BFADC203002DE9F84F0746894606
:1089100093469846374CDFF8E0A0384D2E78013664
:10892000F6B2D5E84F3F0133DBB2C5E8403F00283F
:10893000F7D101216160C4F80001C4F80401EFF32C
:10894000108072B62E4BC5F80490AB60C5E905B334
:108950003B68C4F810357B68C4F81435BB68C4F8AC
:108960001835FB68C4F81C35264BC4F83035103375
:10897000C4F83835216000B962B6D4F800312BB99B
:10898000D4F8043113B92B789E421CD0B8F1000FF3
:1089900009D00A9B3BB1D4F840350A9AC8F8003098
:1089A000D4F83C351360D4F80431002BB5D12978C4
:1089B000B142B2D1C4F80031C4F804310323C4F881
:1089C0000833BDE8F88FDAF81030DB06D5D503237D
:1089D0008021C4F804330C4BC3F88811D4F800315B
:1089E000002BCAD1D4F80431002BC6D103F039FBD7
:1089F000C3E700BF0070045000ED00E01414002035
:108A00001000000B1814002000E100E01A4B4FF496
:108A1000000270B5C3F89820BFF34F8FBFF36F8F7C
:108A2000164C0021164DC4F80011C3F898212E6988
:108A30002B6906F0100643F010032B610123C4F8E4
:108A400004332360D4F800319BB11EB92B6923F0A5
:108A500010032B610123D4F808054FF40002636072
:108A6000C4F808330023C4F80031034BC3F898213D
:108A700070BD03F0F6FAE5E700E100E000700D508C
:108A800000ED00E038B50B49042301EBC302157972
:108A900005F0FF042DB1013BF7D248F69C50FFF7DB
:108AA00099FE41F8330001215471D8B294711171CB
:108AB00038BD00BF38140020042808B503D943F698
:108AC0007820FFF787FE034B002203EBC0031A71E7
:108AD00008BD00BF38140020042808B503D945F2AA
:108AE000BB20FFF777FE0A4B03EBC0000379012B95
:108AF00002D04AF20300F4E7437982790133DBB212
:108B00009A4218BF4371BDE80840FFF7D1BE00BFCD
:108B10003814002038B505240F4D95F8281005EBC2
:108B2000C1031A79012A09D158799A79904205D05E
:108B30005A79D2B29A7155F83130984795F8283061
:108B4000013C0133DBB2052B28BF002314F0FF04E6
:108B500085F82830E1D138BD38140020094B0A4A85
:108B6000C3F800230132C3F80C230132C3F81823E1
:108B70000132C3F820230132C3F81C230132C3F8A9
:108B80001021704700A0085004000080074B00220D
:108B9000C3F80023C3F80C23C3F81823C3F8202319
:108BA000C3F81C23C3F81021704700BF00A0085071
:108BB000844641EA000313F0030359D1403A33D30A
:108BC000F0B4F0C9F0C0F0C9F0C0F0C9F0C0F0C90D
:108BD000F0C0403AF5D2F0BC26E0403A24D300BFC2
:108BE0000B6803604B6843608B688360CB68C3602D
:108BF0000B6903614B6943618B698361CB69C36115
:108C00000B6A03624B6A43628B6A8362CB6AC362FC
:108C10000B6B03634B6B43638B6B8363CB6BC363E4
:108C200040304031403ADBD230320BD30B68036026
:108C30004B6843608B688360CB68C3601030103131
:108C4000103AF3D20C3205D351F8043B40F8043B00
:108C5000043AF9D2043208D0D2071CBF11F8013B04
:108C600000F8013B01D30B8803806046704700BFCA
:108C7000082A13D38B07B0D010F00303ADD0C3F193
:108C80000403D21ADB071CBF11F8013B00F8013BBB
:108C9000A3D331F8023B20F8023B9EE7043AD9D334
:108CA000013A11F8013B00F8013BF9D20B7803704F
:108CB0004B7843708B78837060467047BDC100006D
:108CC000C9C10000CDC10000D5C10000D9C100005C
:108CD0007BB972B90029BEBF00204FF0004106E009
:108CE00008BF00281CBF6FF000414FF0FF3000F0BC
:108CF00057B8ADF1080C6DE904CE002909DB002B53
:108D00001ADB03F085FADDF804E0DDE9022304B0A4
:108D10007047404261EB4101002B1BDB03F078FA06
:108D2000DDF804E0DDE9022304B0404261EB4101DB
:108D3000524263EB43037047524263EB430303F039
:108D400067FADDF804E0DDE9022304B0404261EB9C
:108D500041017047524263EB430303F059FADDF8D7
:108D600004E0DDE9022304B0524263EB43037047A1
:108D700053B94AB9002908BF00281CBF4FF0FF3182
:108D80004FF0FF3000F00CB8ADF1080C6DE904CEE7
:108D900003F03EFADDF804E0DDE9022304B0704799
:108DA000704700BF08B5F7F7F5FCF9F747F9F7F793
:108DB00007FC002008BDFFF795BDF9F7CFB800F01C
:108DC000F3BE00F0F4BE10B586B0044601A8FFF76C
:108DD00089FD02230020237005236070A3709DF895
:108DE0000430E0706371BDF805302071E380DDF878
:108DF0000730A36006B010BD00F009BD70B5044691
:108E0000FCF7A4FC012805461AD1601CFCF7A6FC5F
:108E1000B0B1A3790020E61D63F03F03A371F9F719
:108E2000F5F938B110220021304603F0A6F90020F0
:108E3000257070BD3046FCF7A5FC0028F2D0F6E79F
:108E40000025F4E710B504461022002103F095F93F
:108E500004F1100310220021184603F08EF9FCF7EC
:108E6000ABFC0020F9F7D2F920B12046FCF78AFCD0
:108E7000002010BDFCF76AFC0028F6D0F8E710B51A
:108E80000446FFF7C3FDB0F5007F09DA10F5007F57
:108E900008DD031EB8BF03339B100020237010BDF4
:108EA0007F23FAE76FF07E03F7E78178008800F010
:108EB0003EBE37B505460C4600880DF1060100F0B0
:108EC0005DFD2B882380BDF80630638003B030BD84
:108ED000F7B504462046F9F785FC022805462ED052
:108EE00004282CD123788A2B18D13E20F7F766FC72
:108EF00078B9E37801A92279684643EA0223ADF8FC
:108F0000003000F0B9FD0028E4D044F20D20F7F75E
:108F100039FB0520F7F796FC0028EAD0204600F040
:108F200013F82678A7783046F7F748FC0028D1D008
:108F30003E2E04D13846F7F785FC0028CAD02846D3
:108F400003B0F0BD01F076BB10B503780446813B59
:108F50000E2B2FD8DFE803F02F3541454F6F7508F2
:108F6000693B797F5B2E85002920F7F76BFC30B1D8
:108F70003E232370222363702923A3701AE00A2062
:108F8000F7F760FC3E23237018B11F2363700A2398
:108F9000F3E70123A37013236370E37903F0010364
:108FA000E371D4F81A30C4F80E30E38B638294F87E
:108FB0002030237510BD3E23037004234370142317
:108FC000DBE73E2303700A2343700323D5E73E23E8
:108FD00003700D2343700523CFE70523237004237B
:108FE00007E05A20F7F7EAFB08230028F6D05A22B8
:108FF00022706370DEE75B20F7F7E0FB18B15B23BC
:1090000023700623F5E7302323700323F1E73E2383
:109010000370FC20F7F716FC18B10C236370FC23D7
:10902000ABE70B2363700723A7E73E2303700623F8
:1090300043700C23A1E71323037083789B00013353
:10904000D7E7572303700223D3E73E230370062399
:109050004370122391E73E230370092343701323C7
:109060008BE7FF2303700D234370802385E708B54A
:1090700010B96FF0150008BDFFF764FF0028F8D0A5
:109080000020F8E710B50C4648B141B1FFF720FFCA
:10909000002820700CBF6FF02200002010BD6FF080
:1090A0001500FBE710B5941C0C446343B3F5004F67
:1090B000A8BF4FF0FF3310F003049BB203D04DF272
:1090C0001920F7F75FFAB3F5004F02D940F22B50A1
:1090D000F7E7C46044608460C2734380018010BDC0
:1090E00038B50388C4888B420589C4F30E0203D2C5
:1090F00048F64210F7F746FA84EA0503C3F30E0375
:109100000BB9AC4206D102F110030122C1528273A5
:10911000184438BD1846FCE7023101444A43B2F511
:10912000004FA8BF4FF0FF3290B2133020F0030081
:10913000B0F5004F34BF00B24FF0FF3070474088A9
:10914000133020F00300B0F5004F34BF00B24FF0F1
:10915000FF3080B2704738B503888B4203D249F69E
:109160007960F7F70FFA857B65B1C388C3F30E0307
:109170001033C25A8A4207D3C152811DF7F776FBDA
:1091800000238373284638BD0025FBE703461030D3
:10919000F0B59E88DD88B4B2C6F30E06A54214D0A1
:1091A0005F89DD7B845B3D44E41B0235A4B235441A
:1091B00028440D88A54284BF0C8025465989B1FA00
:1091C00081F1490911709D81F0BD00252846FAE71B
:1091D000F8B582880026838904460D4692B20E6057
:1091E000C3B14189C2F30E020B4410329BB28718FF
:1091F000825A4381934203D94FF62D60F7F7C2F9A3
:1092000004D1011DF7F732FB46812F6000230120B6
:10921000A381F8BD1846FCE78388014602899BB20A
:109220009A4202D00831F7F721BB70478388C08883
:109230009BB2C31A584258417047828873B595B2A1
:10924000C488C2F30E02AC4202F1100212D041896E
:109250008689835A314499420EDB0DF10601ADF83F
:109260000650F7F703FBBDF80600001B18BF0120EE
:1092700002B070BD0020FBE70120F9E7C38830B5DC
:109280000589044683EA0502C2F30E0008B9AB4221
:109290000AD122888A4225BFC3F30E03E27B002055
:1092A0009B1824BF1233E01830BDC288C2F30E02EF
:1092B00010328152811DF7F7D9BA8388C2889BB2D8
:1092C0009A4206D0428922B9C3F30E0310331844E0
:1092D000704700207047C37B0233C81870470230C4
:1092E000704738B58388C2889BB29A4207D04589B7
:1092F0002DB9011DF7F7BAFA8581012038BD00208C
:10930000FCE703881380C388C3F30E0310331844AB
:109310000860002070470368002223B9C0E90132C9
:10932000031D0360704759681B680A44F5E7072965
:10933000034670B503D846F66230F7F723F90068A4
:10934000C0B1446806461A688C4210D0106860B9F3
:1093500001F10805AC420DD3546850501868651AE5
:10936000541800686560505002E01346E9E714683D
:1093700030461C6070BD0023C1E9003203680B60F9
:109380000160704730B590B18478B1FBF4F304FB11
:10939000131300EB430252898A4201D1D8B230BD87
:1093A000C27822B900F10803D0B2844201D8FF206C
:1093B000F5E733F8025F01328D42F5D1EFE78278AD
:1093C000038805324B4303EB42031844704737B51B
:1093D00000240546CDE900448DF806006846ADF846
:1093E0000440F7F715FCBDF8044008B103B030BDE8
:1093F00029462046F7F7E8FB0028EFD046F2541044
:10940000F7F7C0F870B51E460D460921FFF784FE38
:109410000446324609212846FFF77EFE40EA04034F
:109420001B0454BF00194FF0FF3070BD01230370BF
:10943000704710B5FF238B70C2F3800301245B00DB
:10944000DBB2CA18127D032A08BF0133CA1814758B
:1094500003F10C04002201EB830321F814205B6864
:109460008A700360828010BDF8B50C46054611462F
:109470001E4684F001046400E4B2FF2383700319E4
:109480001B7D012B05D00134E4B203191B7D012B98
:109490000AD105EB44073B8B3A8C9819904205DDC5
:1094A00000232C443B8323750020F8BD05EB840486
:1094B000324660681844FFF77BFB3B8B1E443E83BB
:1094C0000023AB700120F0E781F00101490010B5E5
:1094D000C9B2FF23837043181C7D012C07D10C31C6
:1094E00020F8112002221A750023837010BD01316B
:1094F000C9B243181C7D012CF1D04EF6A520F7F718
:1095000041F8024630B5837803F0FF00F3B9137DCC
:10951000022B19D0537D022B15D10346012089B1AE
:109520000024D5180C332C7522F81340131803248B
:109530001C7502EB80035B680B6000F10C0332F8D2
:1095400013308B80012030BD0123E8E70020FAE7CB
:10955000034630B5827802F0FF00E2B99A7D022A14
:1095600017D0DC7D022C13D1032281B11D190020FC
:109570000C34287523F8140098180324047503EBA1
:1095800082000C32406833F8123008608B80012072
:1095900030BD0324E9E70020FAE7037D012B01D168
:1095A000008B7047437D012B0CBF408B0020704720
:1095B000837D012B01D1808B7047C37D012B0CBFB4
:1095C000C08B00207047027D022A01D1008B7047BA
:1095D000437D022B01D1408B7047032AF6D0032B29
:1095E000F9D000207047827D022A01D1808B70471C
:1095F000C37D022B01D1C08B7047032AF6D0032B09
:10960000F9D000207047F7F7F1BBF7F74BBC002308
:1096100007B5CDE9003301238DF806306846F7F72A
:10962000F7FA08B1002004E0009801F0C7FD002817
:10963000F4D003B05DF804FB1FB5002240F6881398
:1096400003A90092FDF7ACF805B05DF804FB10B576
:10965000044638B1F8F71CFD24EA0000B0FA80F0A7
:10966000400910BD0120FCE72DE9F34104880346C1
:109670001546A0B20C80002A55D19E8844F2902253
:10968000964204D91225284602B0BDE8F081B3F80D
:10969000028000F0C0FD0446002846D00378C3F3E2
:1096A00040138DF8073090F866309B0602D49DF881
:1096B0000730E3B3A8F11B03E02BE3D8B6F5A47F92
:1096C000E0D340F648039E4228BF1E46FF2784F899
:1096D0002B71002304F5957204F1A800194601F0DE
:1096E000E7F8B4F83031B4F83221434528BF434697
:1096F000A4F83031B4F82C31434528BF4346A4F8D0
:109700002C31B4F82E31B34228BF3346964228BFDD
:109710001646A4F82E31A4F8326184F82A71002389
:1097200084F82B31AFE71125ADE70225ABE71A2509
:10973000A9E710B5FFF76BFF60B1F8F7FBF8044637
:1097400001F07DFE40B9204601F075FE80F0010079
:10975000C0B210BD0120FCE70020FAE790F8B2216A
:1097600022B1002280F8B221FAF774BA70471122B0
:1097700043F245030270C2705922A0F80130828082
:10978000C38000207047082108B5F7F75FFB002071
:1097900008BD38B5054600880C46088080B200F048
:1097A0003AFD68B1AB783BB990F92401A070FBF7A2
:1097B00087FEA070002038BD7F20FFF73DFFF5E752
:1097C0000220F8E710B504466FF07F00FFF734FF82
:1097D000FBF776FE20707F20FFF72EFFFBF770FE71
:1097E0006070002010BD0A4600F1100108B5072383
:1097F00002F02DFC002008BD10B5014604460020F3
:10980000F8F7EAFC08B92060A080002010BD10B570
:109810000446F8F70DFC28B900202146F8F7C4FCEF
:10982000002010BDFFF785FF0028F5D10C20F8E7D8
:1098300010B50446FFF77DFF28B101202146F8F757
:10984000B3FC002010BD0C20FCE70022FFF70CBF8A
:10985000034648210020082210B56FF00404587018
:1098600099701C70DA701C7158719971DA7110BDA1
:10987000008810B5088080B20C4600F0CCFC03468E
:10988000D8B1002183F81E1193F81C21012A05D0BC
:10989000022A03D04EF23F70F6F774FEA27093F8DE
:1098A0001D21012A01D0022AF4D1E27093F81E2171
:1098B00002F0FF00002AE5D110BD0220FCE730B520
:1098C000044685B0008800F0A6FC054638B3A3889E
:1098D000FF2B26D803F00303032B22D0E078FFF7F9
:1098E000B6FE10B9112005B030BDA078FFF7AFFE6D
:1098F0000028F7D0A28800232846ADF80C3062F388
:1099000001038DF80C30BDF80C30ADF808300123A0
:109910000093029BE278A17800F0B6F9E3E7022019
:10992000E1E71220DFE737B58378C17803F001045F
:10993000027903F0020351EA04051DD052EA03053F
:109940001AD0002C18BF0021002B037818BF00226A
:109950008DF802108DF80320427843EA0223ADF817
:10996000003043798279684643EA0223ADF8043037
:10997000FFF7A5FF03B030BD1120FBE710B50C4683
:1099800000F049FC20B1C38800200133238010BDC2
:109990000220FCE708B5008800F04DFC38B190F8D3
:1099A0003B3113B9FF2380F83B31002008BD022072
:1099B000FCE710B50446F8F765FB20600020616005
:1099C00010BD37B50446F7F7B5FF054623781F2BC2
:1099D00018D8816A04226846FFF72BFD2246002131
:1099E000A86A12F8013BFFF73FFD68B1AC6A204658
:1099F000FFF7DEFD002102462046FFF765FD00204F
:109A000003B030BD1220FBE70720F9E737B5044665
:109A1000F7F790FF054623781F2B18D8816A00229C
:109A20006846FFF706FD22460121A86A12F8013BAD
:109A3000FFF71AFD68B1AC6A2046FFF7AEFD0121C1
:109A400002462046FFF740FD002003B030BD122043
:109A5000FBE70720F9E710B5044634F8020B08804D
:109A6000002180B2F7F79AF820B12146BDE81040F6
:109A700001F0CABE022010BD008808B50880002190
:109A800080B2F7F78BF820B10021BDE8084001F063
:109A9000BBBE022008BD008810B5088080B20C460D
:109AA00000F0B9FB20B1B0F840300020638010BD59
:109AB0000220FCE7038810B504460B8098B2638847
:109AC0000BB9122010BD00F0A6FB0346F8B1648864
:109AD00042F21071A2B24A43B0F8DA10D0F8C400D2
:109AE0004143B3F8CC0000FB01118A42E9D3013AAB
:109AF000D3F8C400D3F8C4108142F9D10A4400203D
:109B0000A3F840409863B2FBF1F2DA63DAE702208F
:109B1000D8E7008810B5088080B20C4600F07BFBC7
:109B200018B1C37A0020A37010BD0220FCE710B565
:109B30000C460021F7F732F890B1022C12D804F04D
:109B40000102C4F3400480F8B42180F8B34112B19B
:109B500090F8B2310BB9002010BDFAF77BF8FAE7A4
:109B60000220F9E71220F7E710B504460078FF2835
:109B70000AD00121F7F712F858B16378A27843EAC6
:109B80000223C383002010BDB4F80100FAF7F6F8F1
:109B9000F8E74220F7E708B50078003818BF012041
:109BA000FAF752F8002008BD0820F8F75FBA01F074
:109BB00054BE10B5044604B910BD236898476468C4
:109BC000F9E703680BB9016070471A465B6813B187
:109BD0008A42FAD170478A4218BF5160704708B56F
:109BE000FAF7D2FCFAF726F8BDE80840FAF7B6BC57
:109BF00008B50020FFF7EBFBF7F794F8F8F78EFABB
:109C0000F7F76CFD18B14AF2CE60F6F7BBFC08BD61
:109C100008B501F0D8F9FAF78FFC18B143F2C22069
:109C2000F6F7B0FC0120BDE80840FFF7D0BB08B54F
:109C3000FFF7EEFF01F0D4FD18B145F29340F6F7BF
:109C4000A1FC08BDFDF77EBA0B46892203F8032B61
:109C5000D0F80920C1F80320427B1A71704738B54B
:109C60000D460446F8F714FA2B78002B08BF03467C
:109C700084F870306B78002B08BF034684F871308D
:109C80006B88A4F8723038BD2DE9FF41ADF804307F
:109C9000044690F867300F46164690F80F8043EA66
:109CA000D303DB0702D4B8F1250F3DD1A7BBF8F7EA
:109CB000EFF90546002E3DD1F8F7EAF975BBB8F18A
:109CC000250F34D100200546FF2384F8353194F860
:109CD000343103F0FF0823BB9DF8283003A984F832
:109CE000370104F1A80084F83431BDF8043084F859
:109CF0003651A4F83831BDF804308DF80C708DF869
:109D00000D60ADF80E30FFF7AAFF002384F835315F
:109D1000404604B0BDE8F0813D46CBE70028CED0F8
:109D2000D2E74FF03A08F0E74FF01A08F0E74FF0AB
:109D30000908EDE7002DC2D03046C5E738B590F8E8
:109D4000343104460D46012B02D11E21F8F7C2F929
:109D5000002084F834015DB1182384F89930082379
:109D6000A37394F84E308BB94CF67B00F6F70AFCDF
:109D7000E37B233B072B03D82046E57300F0F1FD7E
:109D800020461821BDE8384000F009BE38BD08B5AE
:109D9000837B1BB14AF25160F6F7F4FB23238373F4
:109DA00008BD034610F0010002BFC3F340035B008F
:109DB000D8B270472DE9F84F074610461E4642EAD2
:109DC0000104FFF7EEFF8346084692464BEA04047F
:109DD000FFF7E7FF88460A9D04438146E4B2003C52
:109DE00018BF0124F8F754F910EA0A0A18BFDA4636
:109DF000F8F74EF997F81C3110EA080118BF4946E8
:109E0000534508BF4FF0000A85F800A097F81D31B0
:109E10008B4208BF002169705AEA01010AD1FB8810
:109E2000013EF61A47F6FD73B6B29E428CBF00247F
:109E300004F001042046BDE8F88F37B5C57B044621
:109E4000A5F12303072B52D9002D4ED1837B282B5C
:109E50004DD04B7813F0070340D08A7812F00702F8
:109E60003CD080F81431252380F81521A0F8165134
:109E7000C37390F83531F3B990F83431012B1AD00F
:109E800090F8181190F8192194F81D3190F81401E8
:109E9000984216D194F8150194F81C31984210D1CB
:109EA000022384F8361184F8372184F83431B4F869
:109EB0001A31A4F83831204600F04AFD284603B094
:109EC00030BD022320460093B4F81A31FFF7DCFEC0
:109ED0000028F0D04BF2C630F6F754FB0978204644
:109EE00003B0BDE8304000F05ABD0125E6E720256B
:109EF000E4E72DE9F04F90F80EB087B00446ABF1DF
:109F00002403D3F1000848EB0308052A68D1C37B7A
:109F1000262B6BD100F10F078A784E7802F0070AE2
:109F2000039206F007090AF1FF3009F1FF3300EA56
:109F30000A0003EA090303435ED1B1F80350F8F7BE
:109F4000A7F8039A164306F00706864354D15046F5
:109F5000FFF727FFA8B194F81C31984211D094F86C
:109F600036211AEA020F47D0BBF1240F09D094F82A
:109F700015211AEA020F04D102286AD1013B012BF4
:109F80006BD84846FFF70DFF40B194F81D3183426E
:109F900004D094F8373119EA030F2DD005AB52469F
:109FA0004946204600932B46FFF704FF04F10F08B3
:109FB000064638BB94F83431012B20D101462046A7
:109FC000F8F788F884F834613E7047452CD10023B7
:109FD000E373204600F0C5FC002007B0BDE8F08F19
:109FE000414607B0BDE8F04FFFF7A8BEBBF1240F14
:109FF0002DD100F10E078FE741462046F1E784F8A6
:10A000003401E2E7E388A4F84C52013DED1A47F62B
:10A01000FD73ADB29D420BD92823204684F837301A
:10A02000F8F7D6FE4745D4D0002384F84E30D3E766
:10A03000E37B0C2B02D0093B012B01D82A23ECE750
:10A04000BDF81430A4F84E3228233B70EAE7022012
:10A05000C3E7012B95D0022BCED04DF67D40F6F70D
:10A0600091FA08B5C37B252B04D01BB149F2AF3060
:10A07000F6F788FA2623C37308BD2DE9F04104469C
:10A080000E4600F1A80890F84E1294F84F3290F85E
:10A090001C01002908BF01460BB994F81D3181420B
:10A0A00024D194F81D51ED1A18BF012584F81C1114
:10A0B00084F81D31FF2384F81E310AB140469047D1
:10A0C00094F83471404600F044FB237BFFB2012F2B
:10A0D00008BF45F001051D43002345EA400584F80B
:10A0E0003431257326B1A373BDE8F0810125DDE786
:10A0F000E673F9E7F8F712B8704730B542401C78BC
:10A1000008785D7860404C786C409D7820448C786D
:10A110006C40DD782044CC786C401D795B7920441C
:10A120000C7949796C404B40204418441044B0FAF3
:10A1300080F0400930BD024600200139C9B2FF2934
:10A1400000D17047535C83F001030344D8B2F4E7B5
:10A1500008B5F8F767F8082803D0BDE80840F8F715
:10A1600083B808BD08B501F085FB18B1BDE808400B
:10A17000FBF79EBA082008BDF8B50C460546D0E9A5
:10A18000007601F0AFFCF4B1D5E90023D21B63EBFC
:10A190000603012A73F100014FF0000115DB6FF097
:10A1A00001009042994103DA41F6EF00F6F7EAF92F
:10A1B000631E1344B3FBF4F35C43E41946F1000659
:10A1C000C5E900461C462046F8BD0C46FBE70229BF
:10A1D00005D13C2808D980100F3880B2704770280C
:10A1E00002D9C0100E38F8E700207047012908B5E1
:10A1F000034605D002290BD045F29160F6F7C2F96B
:10A2000040F6C41040F2E242002B08BF104608BDE1
:10A2100040F6C410FBE70021F6F7C0BC437BDBB27D
:10A2200090F836202AB903F0FB00003818BF01204F
:10A2300070470020704708B5FFF7EDFF014610B9E1
:10A240000021084608BDFFF7E9FF0028F9D1F7E72C
:10A2500040F6B832D0F8C410A0F84020B0F8CE20B4
:10A26000F8F7B8B938B54FF41E720D460021044610
:10A2700001F083FF6FF036020123A4F8AA5084F89E
:10A2800067200422237784F868206FF03B0284F86B
:10A29000A83084F869206FF0100284F86A20032245
:10A2A00084F86B20002284F86C206FF07F0284F821
:10A2B0006D202B2284F86620FE2284F89E207F22C7
:10A2C000E27238BDC2B292FAA2F2030A93FAA3F381
:10A2D0001B0E100E40EA03207047013105300022AA
:10A2E000C9B270B510F8013F8B4216D310F8054C77
:10A2F0000023012505FA03F626421CBF01F1FF31B8
:10A30000C9B269B10133082BF4D10132D2B2052AA6
:10A31000E8D144F21900F6F735F9C91AC9B2F4E7E1
:10A3200003EBC200C0B270BD0B6870B5C0F801305D
:10A3300004460B790546461D03F01F0343710023B5
:10A34000C37215F8010F00F0EBFA6871B542E37AB9
:10A350001844E072F5D170BD81EA114170B58CB23C
:10A360000546C17A032682EA0400FFF7ABFF013EEF
:10A3700000EB001016F0FF0604EB000290B2F4D1DF
:10A3800044402522B4FBF2F302FB1343C3F3C4029F
:10A39000D8B203F007032A445678012202FA03F3E5
:10A3A0001E4207D161432846C1F30741BDE8704012
:10A3B000FFF793BF70BDF8B590F8275004466B1EA9
:10A3C000242B03D940F2DE40F6F7DCF8DAB1007F47
:10A3D000002844D194F8293094F8281002FB013267
:10A3E0002523B2FBF3F103FB1123DBB204EBD30211
:10A3F00003F0070684F82930517F0122B240114250
:10A4000002D084F82A30F8BDB3FBF5F205FB123315
:10A4100004F12101013303F0FF0311F8012F9A42E7
:10A420001AD311F8055C0022012606FA02F72F4222
:10A4300008D0013B13F0FF0304D102EBC00284F803
:10A440002A20E0E70132082AEFD10130C0B2052806
:10A45000E3D144F2B070B7E79B1ADBB2F5E7E288CC
:10A4600004F11C00096AFFF777FF84F82A00CAE7A5
:10A470000378890123F0400301F040010B4303708E
:10A480007047037803F07F0343EAC11303707047FA
:10A490001F2A38B50546144603D946F27930F6F737
:10A4A00071F806340930FEF783FB6C7038BD1F2A43
:10A4B00038B50546144603D94FF43860F6F762F80C
:10A4C00006340930FEF774FB6C7038BD0378024621
:10A4D00003F00F03032B3ED0052B42D1C37F90F82E
:10A4E0002000034392F82100034392F82200034323
:10A4F00092F8230000F01F00184333D05378222B2A
:10A500002FD1B2F81930B1B1B3F5506F13D940F66D
:10A5100007518B4225D8B2F81B30B3F5FA7F20D211
:10A52000B2F81D0040F676430A3880B298428CBFDC
:10A53000002001207047991F40F67A4089B281427D
:10A540000FD8917D481E07280BD8994209D2B2F83E
:10A5500017109942DEE74078A0F10C0358425841A9
:10A560007047002070478388A1B1B3F5506F11D9AF
:10A5700040F6075293421BD8C388B3F5FA7F17D22F
:10A58000008940F676430A3880B298428CBF00209A
:10A59000012070479A420BD8B3F5486F08D842782B
:10A5A000511E072904D89A4202D242889A42E2E711
:10A5B000002070472DE9F8430E4615469846FFF7F0
:10A5C0002AFE044610B125B90123C3760120BDE857
:10A5D000F883D0F8BC7029463846FEF781FD8146E5
:10A5E00008B90020F3E7F7F7BFF98542F9D84946E3
:10A5F0003846FEF770FEE37E4FF000094146002B1F
:10A600002A46A0F8019018BF022600F8036BFEF757
:10A61000CFFA29463846FEF79EFD18B94FF2504052
:10A62000F5F7B0FF2046FFF799F8A4F8AA9184F84F
:10A630001B90CBE743780246C3F30111012910B503
:10A640000ED0022915D00478022103F00F00131D4B
:10A65000528844EA0020FFF7ADFF38B1012010BD59
:10A66000047803F00F00131D5288F2E7F8F78CF915
:10A67000F4E70020F3E71A230B7001234B708B7073
:10A680007047F8F759B810B519B948F2DA60F5F71C
:10A6900079FF4A600B72EFF3108472B6031D0B60F2
:10A6A00042681AB1127A012A08BF03600368196070
:10A6B000016004B962B6BDE81040F8F785B802221F
:10A6C000F8F750B90322F8F74DB90422F8F74AB960
:10A6D0000222F8F78BB98D230B7030F89D3CA1F85E
:10A6E000033030F8473CA1F8053030F8433CA1F87E
:10A6F000073030F8453CA1F8093030F8413CA1F86A
:10A700000B3000234B737047012908B503D10E307D
:10A71000C00080B208BD022902D10F308000F8E7E6
:10A7200043F25750F5F72EFF406870470A89436D92
:10A73000C88810B58C884988988119815C81DA8134
:10A7400010BD406D8380BDF8003001804280C38021
:10A7500070472DE9F047466D0446B0F864A037888D
:10A76000B389B5889F42B0F85A90B0F85E8028BF90
:10A770001F46F3899D42A0F85A7028BF1D46BA456E
:10A78000A0F85E5038BFBA46B0F8660094F875106D
:10A79000A842A4F864A038BF2846A4F86600FFF7D2
:10A7A00016FD043080B2504528BF5046B945A4F884
:10A7B00062002AD1B8EB050518BF012577883389D7
:10A7C00072899F42B4F85890B4F85C8028BF1F4645
:10A7D000F38894F874109342A4F8587028BF134675
:10A7E0001846A4F85C301E46FFF7F1FCB84228BFBB
:10A7F0003846B945A4F8600009D1B04518BF45F006
:10A80000010505F00100BDE8F0870125D6E7012527
:10A81000F7E7F8B506460D4690F875101446B0F8FF
:10A820006200FFF771FF074696F87410F08FFFF78C
:10A830006BFF04F5997207443A44AA4294BFA81AE0
:10A840000020F8BDF0B5436B0D46C16987B090F8A4
:10A850007470044699424FF0960200F1340028BF0C
:10A8600019460DF11603A942029390F841308CBFAE
:10A87000491B0021CDE900730023F8F7E3F83946BE
:10A880000646BDF81600FFF7A2FC94F83C303544AC
:10A890008342A56338BF0346E38707B0F0BD01F1EB
:10A8A0009C0383423DBF9C38401A400800207047FB
:10A8B0002DE9F0411746B0F85060B0F8525000F062
:10A8C000C1FB02210446FFF782FC8046022120469C
:10A8D000FFF77DFC464540F6480328BF4646B6B222
:10A8E0001B2E38BF1B26FB2E28BFFB26854228BF08
:10A8F000054620467E80ADB21B2D38BF1B25FB2DA3
:10A9000028BFFB25B4F5A47F38BF4FF4A470FD80A9
:10A91000984228BF184680B2B8803881BDE8F081DF
:10A9200000F05503400800F05500034403F03300E5
:10A930009B0803F03303034403F00F0000EB1310F4
:10A9400070470023837380F84E30A0F84A30704778
:10A950000023A0F8523090F85430013380F854307E
:10A96000704708B590F85430013B5BB2002B80F87B
:10A97000543003DA43F61460F5F704FE08BDA0F185
:10A980000903042B09D9A0F14603012B05D923386B
:10A9900007288CBF00200120704701207047026803
:10A9A00010B512F0080408D142F0080280F898109F
:10A9B0000260FFF7CDFF204610BD0120FCE730F814
:10A9C000023CF7B505460E46B0F87C7073B1012223
:10A9D0006846ADF801708DF80020ADF80330F7F748
:10A9E0004BF818B146F2E170F5F7CCFD8323002453
:10A9F000A6F803703370B4706B7AD5F89200737157
:10AA0000FEF714FC10B947F29C20EDE721463846CA
:10AA1000F6F7DAF84FF40173204603F004021B0A3C
:10AA200062F3070063F30F2003B0F0BD037C063B25
:10AA3000012B81BF4B7843740623037400207047B9
:10AA4000037C063B012B84BF07230374704738B592
:10AA5000C47BDCB9CA88C588A0F84C22013A521BD5
:10AA600047F6FD7592B2AA4206D9282280F837200F
:10AA7000F8F7AEF9204638BDD1F80120C0F84E22D3
:10AA80004A7980F852220922C273F3E70124F1E7E0
:10AA90000B46822203F8032BD0F80920C1F80320CB
:10AAA000D0F80D205A60427C1A720023CB70704798
:10AAB00070B5C67B04460D46DEBB062231462846ED
:10AAC000FFF751FD28B929782046BDE87040FFF70F
:10AAD00066BF6B89E288A4F84C32013B9B1A47F6AB
:10AAE000FD729BB2934207D92823204684F8373061
:10AAF000F8F76EF9304670BDAB8840F2E24253433E
:10AB0000C4F854326B78C3EB431103EB810303EBBE
:10AB100083035B00A4F84E326B885343C4F8503271
:10AB2000EB88A4F858322B89A4F85A320C23E3732B
:10AB3000E0E70126DEE70B46842203F8022BD0F87B
:10AB40000920C1F80220D0F80D205A6070470B464A
:10AB5000852203F8022BD0F80920C1F80220B0F8B2
:10AB60000D209A80704738B5C47B054634B1103C3F
:10AB70000F2C8CBF01240824204638BD837E002B77
:10AB8000FAD0FFF7E5FE1023EB73F5E708B5C37BBA
:10AB9000152B03D043F68950F5F7F4FC012380F818
:10ABA00055301723C37308BDC37B112B03BF12237A
:10ABB000C37300200220704710B5C37B04461B2BD3
:10ABC00005D1FFF7CEFE1F230020E37310BD022046
:10ABD000FCE708B5C37B102B03D046F28420F5F7C1
:10ABE000D1FC012380F855301123C37308BD08B58B
:10ABF000C37B172B03D045F69C30F5F7C3FC1B2312
:10AC0000C37308BD3E230B700C234B7004238B7061
:10AC1000D0F80930C1F80330D0F80D30C1F8073052
:10AC2000B0F81130A1F80B30C37C4B73704708B5F6
:10AC3000837B1BB14FF28B50F5F7A4FC0423837385
:10AC400008BD0268D10708B503D443F6FE20F5F726
:10AC500099FC22F00102BDE808400260FFF781BEC6
:10AC600087230B7030F8943C4B807047837B0E2B0E
:10AC700001BF002380F8423080F84E3083730020FB
:10AC8000704738B50368054613F0040407D1FFF791
:10AC90005FFE2B68204643F004032B6038BD012083
:10ACA000FCE7026822F004020260FFF75ABE08B512
:10ACB000837B1BB140F29370F5F764FC0E23837322
:10ACC00008BD10B5D0E90E42A24206D38B8C121BF0
:10ACD000498E05334B43934202D3012380F842301F
:10ACE00010BD0C230B7008234B7000238B70B0F841
:10ACF0005230A1F80330437A4B714389CB8083896A
:10AD00000B81704710B590F8573004469A070CD461
:10AD1000837B1BB140F6AC50F5F734FC0122A0F860
:10AD20004A30827380F84E2010BD03689B0705D51A
:10AD3000FFF717FE236823F002032360002384F843
:10AD40003A31F1E710B50B7901284C790A6843EAEA
:10AD50000421104608BF41F4803110BD07B5FFF74C
:10AD6000F1FF0DF10702F8F753FA03B05DF804FBA9
:10AD7000002307B501A80193FBF7E2FC019810F04E
:10AD8000030018BF012003B05DF804FB08B5FFF70E
:10AD9000EFFF002814BF1420002008BD08B5837BF6
:10ADA0001BB142F2F520F5F7EDFB2023837308BDBC
:10ADB00037B504460846A37B203B022B29D8B1F8BF
:10ADC00005101A291FD9B0F80730B3F5A47F1AD39C
:10ADD000B0F801201A2A16D9B0F80300B0F5A47F04
:10ADE00011D304F1A80500902846FFF7AAFC2846D5
:10ADF000FFF7AFFC18B104F24710F7F71DFE06216C
:10AE00002046F8F735FF002084F84E00A07303B009
:10AE100030BD0120FBE70368D90610B5044603D412
:10AE20004FF2A900F5F7AEFB9A0602D54DF61310C6
:10AE3000F8E723F010030360FFF793FD2046062197
:10AE4000BDE81040F8F714BF10B5FBF7C3F904468E
:10AE5000FFF79CFF4FF47A7204F544437B3049338B
:10AE6000B3FBF2F3184410BD10B5044690F875001A
:10AE7000FFF7EAFF012201462046BDE81040FFF738
:10AE8000E1BC7FB5044690F8503003F0FF05002B7D
:10AE900056D1437B032B53D100F076FDD4E98A23AE
:10AEA000801A61EB0301012871F1000348DB6FF0A8
:10AEB0000103834275EB010103DA4EF69F30F5F78B
:10AEC00061FBD4F8C420E3880AB1B0FBF2F201338D
:10AED00013449BB2A4F8F431B4F8AC31B4F8F421C3
:10AEE0009B1A1BB2002B2BDD04F5007000F071FDE6
:10AEF00030B3FF2384F8F931B4F846300DF10E0673
:10AF0000E5881D44B4F84430013DED1AADB2B4F803
:10AF1000F431EB1A1B0413D4B4F8F411002301220A
:10AF2000204689B20096F8F71BFA012808D1B4F838
:10AF3000F431BDF80E2013449BB2A4F8F431E6E7D7
:10AF400004B070BD002313B51A464373A0F8403215
:10AF5000194600930446F8F703FA18B14DF65F005E
:10AF6000F5F710FB0123C4F8E001C4F8D8016373BE
:10AF7000A4F8F601A4F8F40184F8F901E388A4F830
:10AF80004202013BE38002B010BDD0F8E8007047F8
:10AF900038B5044690F828319BB1FF2380F8303152
:10AFA000012100F065FA94F8283153B104F1C0058D
:10AFB000284600F00EFD284600F017FD002384F817
:10AFC0002831002038BD2DE9FF410023CDE90033B1
:10AFD00001238DF806306846F5F71AFE60B10026A9
:10AFE0004FF0FF08CDE9026602A8F5F711FE05460D
:10AFF00030B104B0BDE8F0810098FFF7C9FFEAE77F
:10B00000029C84F81280637B43B104F500773846D4
:10B0100000F0DFFC384600F0E8FC6573A674E3E757
:10B0200008B590F8302142B990F8EC2042B1D0E94F
:10B030003C31994202D9F9F7E7FB0022104608BDDE
:10B040000122FBE710B50446FFF7A0FE00F598715A
:10B05000E269636B9A4228BF1A461046FFF71FFC4D
:10B0600040F64803984228BF184680B210BD2DE92B
:10B0700070430C461546E2B9FAF748FD84F8EC50E7
:10B080000646D4E9468984F82851D4F8E800FFF749
:10B09000DFF8D4F8E800C0E98A89C0F84462C0E962
:10B0A0008E89FFF74FFFFAF707FFBDE87043FCF703
:10B0B00083BF43F65470F5F765FA70B5044621B1C5
:10B0C000012977D049F6F52072E000F005F994F8EF
:10B0D000293105460E46DBB150EA010318D0D4E908
:10B0E0003E32D4E94601C01A334661EB02012A46DA
:10B0F00000F0FAFF05FB01F300FB0633A5FB00029D
:10B100001344D4E93E21121843EB0103C4E93E2362
:10B11000E08B30B1F7F7D8FCE38BB0FBF3F202FB26
:10B120001300D4E93E32ED184FF0000346EB02065F
:10B130002D1840F2024284F8083146F1000684F8E6
:10B140002931A4F81021C4E93E56C4E9465694F8C2
:10B15000303103F0FF01DBB96FF00043D4E948025E
:10B160009A4208BFB0F1FF3F18D02046D4E94656B6
:10B1700000F0A7F8AE30D4E948325B1B62EB060260
:10B180001B1A62F10002002A08DA2046F9F73CFB9C
:10B19000FAF792FEBDE87040FCF70EBF04F584712B
:10B1A00004F1C000FCF71CFF0028F1D14AF607208B
:10B1B000F5F7E8F9002380F8EC30E9E790F828018A
:10B1C000003818BF012070470B468C2203F8032B70
:10B1D000D0F80920C1F80320D0F80D205A6070473C
:10B1E00038B588220B460C4603F8032B00F1090200
:10B1F000293052F8041B824243F8041BF9D112781B
:10B2000000211A700123A588A3712846F5F7C6FC12
:10B2100050B1E37843B100212846F5F7D5FC18B1C9
:10B220004FF6B530F5F7AEF938BD0121F9F79EB804
:10B23000FFF7FBBF90F872300BB10120704790F818
:10B24000AA2002F0FF03002AF7D190F89C201846AC
:10B25000704737B50D464FF49C720021044600F04C
:10B260008CFFFF2323701323638042F21073E38368
:10B27000F5F78EFD00220146A0626846FEF7D9F878
:10B28000A06A00220121FEF71FF9A16A6846042284
:10B29000FEF7CFF80022A06A1146FEF715F904F177
:10B2A0002000A57403B0BDE8304000F018B9FF23BA
:10B2B000886A0B70FEF7BAB80078FF3818BF012013
:10B2C000704710B50446203000F059F928226188F3
:10B2D000F9F7CAFA6D3010BDD0E9020170472DE9C7
:10B2E000F04F07468FB00C46064606AD0DF110082C
:10B2F0000FCF0FC597E80F0085E80F00404600F01C
:10B30000EEF8677894F8149007F07F0594F80AA097
:10B31000B9F1010F94F800B02F4606D0B9F1020F31
:10B3200003D048F24650F5F72DF9617A404600F017
:10B33000DDF8237D227F4046022B02F101020CBF83
:10B34000617D0121D2B204BF0131C9B200F0D0F851
:10B3500015F0080360D14046019300F010F928224F
:10B360003946F9F781FA40F2712100F28622E57838
:10B370002079019B45EA00256079B2FBF1F245EAAC
:10B3800000454A434D43AA420AD9E079A57945EAE6
:10B390000025207A45EA00454D43954228BF1546D1
:10B3A000227E0393531EA17CB06A5A4202915A41F5
:10B3B0000192FEF708F9B06AFEF715F9039B019AAE
:10B3C0000299ADF81A7006AF8DF818B00895354699
:10B3D0008DF828208DF82B108DF82CA08DF81C905E
:10B3E00009930FCF0FC597E80F0085E80F0098E885
:10B3F000030030620020B184E37A03F0FD03003BD8
:10B4000018BF012386F84F30E3683365238AA6F816
:10B4100054300FB0BDE8F08F00252B46C0E74FF445
:10B420000043C38443881D2B08BF0021417470472B
:10B4300090F912007047408800F001007047807852
:10B44000C0F3400070478078C0F3C000704790F8A8
:10B450004830816181F8B330D0F84930C1F8B43058
:10B46000B0F84D30A1F8B83070477047F8F7DEBC3F
:10B4700080F8681070478278034612F0010002D00D
:10B48000D978C90710D5900702D5D97889070AD588
:10B4900012F0040008D0D878C0F3800080F00100DA
:10B4A0008000C0B2704702207047C0F34002C0F372
:10B4B000800300F00100134418447047022808B5C7
:10B4C00007D0042807D0012807D043F6E150F5F74C
:10B4D00059F8262008BD2720FCE72520FAE700239D
:10B4E000C0F80230012343700370704781707047C9
:10B4F00010B54270144601708078FFF7D6FF4843BC
:10B5000004FB00F2FE2A03DD4BF2C330F5F73AF8F4
:10B5100010BD0023C37043710371704710B504461A
:10B52000FFF7A9FF637962780133DBB29A42637156
:10B530000CD1E3780022A17803436271DBB2994217
:10B54000E37001BF2379E27001332371BDE810403D
:10B55000FFF7B4BF38B504468078FFF7A6FF014671
:10B56000E078FFF7A2FF2378227965789B1A6B4376
:10B5700059436379C91A00FB1510C0B238BD0146A2
:10B5800008B58078FFF791FF4A780B78534358430A
:10B59000C0B208BD40F2EE20704740F25A33584323
:10B5A00070470E3838B50D461446937B09283AD8B3
:10B5B000DFE800F0053939390F3918393926042BFD
:10B5C00005D12046FFF7BDF92046F7F767FD0020BB
:10B5D00038BD0E2BFBD1002220461146BDE8384075
:10B5E000FFF744BB202BF2D12046FFF7AAF9002D2C
:10B5F000EDD094F8663023F0200384F86630E6E757
:10B60000E37B262BE3D100252046E573FFF7A9F95C
:10B6100094F83431012B03D129462046F6F75AFD20
:10B6200084F83451D3E74BF23660F4F7ABFF73B5CF
:10B63000044600680D4610F0300627D1B1F8051019
:10B640001A2904D9B5F80730B3F5A47F06D22978B2
:10B65000204602B0BDE87040FFF7A1B9B5F801205F
:10B660001A2AF4D9B5F80300B0F5A47FEFD30090FF
:10B6700004F1A800FFF765F82368204643F01003A3
:10B680002360FFF765F9304602B070BD0120FBE78B
:10B6900008B5C37B172B03D04FF62500F4F772FFD4
:10B6A0001D23C37308BD08B590F89E30FE2B03D050
:10B6B00043F2E920F4F766FF002380F89E1080F83B
:10B6C0009F3012B9A0F8522008BDA0F84A300123DB
:10B6D00080F84E30F8E708B5C27B342A05D1002245
:10B6E000C273BDE80840FFF73CB9172A02D11D22FA
:10B6F000C27308BD47F6EB20F4F744FF08B5837B1F
:10B70000082B0AD190F8992090F8A0309A4204D1E1
:10B710000023837380F84E3008BD03681A0706D5EE
:10B7200023F008030360BDE80840FFF71AB944F6A8
:10B73000C140F4F727FF837E63B9C37BA3F10F02F7
:10B74000032A07D990F8560028B11F2B8CBF002080
:10B750000120704701207047837B02464978202BE7
:10B7600013D00AD8042B12D00E2B12D0D37B262B49
:10B770000CBF1720FE20F9F7D7B92A2B03D02C2BAA
:10B7800009D0242BF2D11620F5E71420F3E70E2080
:10B79000F1E71220EFE72320EDE70B4690F8661063
:10B7A000024641F0040180F8661099785878F9F75C
:10B7B000BBB938B50C460546D1E92F01F5F79EFA1D
:10B7C000637B3BB104F50074204600F002F920468B
:10B7D00000F00BF928460221BDE83840F5F7F4B92E
:10B7E0000020704708B5F7F7B9F9BDE80840F7F74A
:10B7F00053BB0022C281027690F8503013B102216F
:10B80000F8F736BA0321FBE738B504460846E37B70
:10B8100003F0FD0394F8482212B10C25284638BDE8
:10B82000152BFAD194F8643203F0FF05002BF4D104
:10B8300089B194F8CE311BB941F6C600F4F7A2FEE7
:10B84000052304F1800204F5DF7100F000FC012300
:10B8500084F84832E2E70223FAE7F7F7F3B908B5CC
:10B86000FAF73EF9F9F748FFF9F776FEBDE8084028
:10B87000FAF7A4BD10B5C824F9F702FF022808D1D1
:10B88000013C14F0FF04F7D10620F7F78BF82046AF
:10B8900010BD431E58425841FAE710B5FAF73EF979
:10B8A000044600F01BF9201841F1000110BD19B940
:10B8B00043780BB1C3788370704710B504460846CF
:10B8C000FAF788FC4FF47A73B0FBF3F0201A10BD3E
:10B8D00010B504460846FAF77DFC4FF47A7200F280
:10B8E000E733023CB3FBF2F3E01A10BD00F038B8C6
:10B8F000801A00F3070038B50D46144659B240B21D
:10B90000FAF7D4FF0023287020446B7040B238BD92
:10B910000023036070477047002070474FF0FF30EE
:10B9200070474FF0FF30704770474FF0FF3070475F
:10B9300000207047002070470023037070479DF877
:10B9400000300022FFF7D4BF4FF0FF3070470020D7
:10B9500070474FF0FF3070474FF0FF30704770472F
:10B9600070470020FAF7E6BF0020FBF7B9B80020C7
:10B97000FBF7D2B80020FAF7DDBF7047FBF716B926
:10B98000FBF728B9FBF718B9FCF74EBDFCF736BA40
:10B99000FCF74ABAFCF772BD00F018B9FCF764BDB9
:10B9A000FCF754BD10B5837F8BB9034601F1180233
:10B9B00051F8044B914243F8044BF9D101248477A8
:10B9C0002146FBF751FCFCF70BFA204610BD002086
:10B9D000FCE710B504460221FBF746FCFCF700FA31
:10B9E000A07FB0FA80F0400910BD38B50446A37FAF
:10B9F00003B938BDA37F032B02D0A37F042B0ED144
:10BA0000EFF3108572B62046FBF74CFE05B962B61F
:10BA1000A37F002BEDD046F68C20FCF7DBFEA37F46
:10BA2000012B02D148F20B70F7E700F01AFBDEE7BA
:10BA3000F8B50746FCF73AFA044618B94DF6C07057
:10BA4000FCF7C8FEFCF738FAA4680025241838462D
:10BA500041F1000622463346FBF7ACFEA04271EBF3
:10BA6000060309D3001B6FF0010361EB060183425B
:10BA700075EB010102D3F8BD2846FCE74FF0FF301B
:10BA8000F9E72DE9F04104460F46FCF70FFA0646A8
:10BA900018B944F24D20FCF79DFE85680023621919
:10BAA0005B4113B10020BDE8F081FCF705FA2A18CC
:10BAB000384641F1000314EB020843F10005FBF79F
:10BAC00079FE4045A941EDD3FCF7AEFC00F05EF8ED
:10BAD000B368012037752344B360E4E7FCF7ECB9A1
:10BAE00080687047F8B5036904461BB143F6A82087
:10BAF000FCF770FEFCF798FC05460E46FBF70EFBC4
:10BB000070B36435D4E9003246F10001AB4272EB08
:10BB1000010001D22B460A46C4E90032EFF310853A
:10BB200072B6FCF7C3F9064698B1FCF7C5F9B368DD
:10BB30000B332CBF012200221B18D4E9006042EB1A
:10BB40000101B34271EB00023CBF33460146C4E938
:10BB5000003105B962B62046BDE8F840FBF7A0BE4B
:10BB6000FBF7FAFA0746FCF7B5F9B84238BF384692
:10BB7000963546F100024319D4E9000142F1000272
:10BB8000834272EB0105C7D20346C4E7FBF786BCCC
:10BB9000032910B5044605D801290DD841F6E51052
:10BBA000FCF718FE0429F9D1FBF774FB20B12046FD
:10BBB000FBF7F2FE022010BD0020FCE7C0E90812EE
:10BBC0002022002100F0D9BAFCF7DCBA10B5029CA3
:10BBD000241841F10001A01A61EB0301B0F1004FFC
:10BBE00071F1000103DB4FF42750FCF7F3FD10BDAA
:10BBF00008B500230B8581F82A300B6A0921984784
:10BC000028B103781BB14BF6A910FCF7E3FD08BD82
:10BC1000436A19444162A1F19600FFF7B7BEF8B537
:10BC2000044618B94DF28260FCF7D4FD90F85850E4
:10BC3000052900F2C780DFE801F0038043656F79D2
:10BC400090F82A30033B012B02D949F2D620EBE7CA
:10BC5000052380F82A30002380F859300378EBB1AF
:10BC60002378012B24D1FCF71BFA636894F8286031
:10BC70006362C4E90601F6B9FFF790FE314620463B
:10BC8000FFF7C6FF236A31462846984701462046FB
:10BC9000FCF7A8FC022840F09880F8BDFFF774FE7E
:10BCA00007460E46FCF7FCF987428E41F6D3D7E7EC
:10BCB000D4E90401D9E72046BDE8F840FCF75CBCB4
:10BCC00090F82A30DA1E012A02D940F21C40ABE774
:10BCD00090F828202AB121462846BDE8F840FFF711
:10BCE00087BF042B036A18BF012180F82A100521A1
:10BCF000284698470028D0D00378002BCDD049F6AD
:10BD0000487091E790F82A30052B02D047F2167060
:10BD10008AE7036A0221B7E790F82A30052B02D0A0
:10BD200042F2667080E7036A0121ADE790F82A309D
:10BD3000052BC0D04BF2926076E790F82A30052BA5
:10BD400007D090F829200AB1032B02D045F65C7089
:10BD50006AE794F82820002ABDD194F8593083B1BD
:10BD600002230821284684F8592084F82A30236ABF
:10BD70009847002891D00378002B8ED046F26A10A5
:10BD800052E794F8292062B1214604F1300084F88A
:10BD90002930FCF725F900287FF47FAF4AF2525092
:10BDA00042E702230721284684F82A30236A98476D
:10BDB00000283FF472AF0378002B3FF46EAF40F6DB
:10BDC000764031E74BF279502EE70128236A0CBF09
:10BDD0000421032158E770B50024FCF7BDFC05469B
:10BDE0002646E0B2854200D870BDFCF7BBFC0134AA
:10BDF000068580F82A60F4E7F8B504460D4600276A
:10BE0000FCF7AAFC0646F8B2864204D8082D0CD9E5
:10BE10006FF0150008E0FCF7A5FC90F82A30013718
:10BE2000002BF0D04FF0FF30F8BD2CB12946204652
:10BE3000BDE8F840FCF7A2BC21462046F8E710B563
:10BE40000446FCF78FFC014688B190F828308BB986
:10BE500090F82A3073B1013B012B04D82046FFF73C
:10BE6000C7FE002010BD012380F82830F9E76FF0ED
:10BE70000100F7E76FF02200F4E770B50D46FCF71C
:10BE800071FC044600284BD090F82A60731E012BE9
:10BE90004CD8002D47D02846FCF742FB002842D062
:10BEA0002B7803BB012323702B796A79003B18BFE1
:10BEB0000123002A14BF0422022243F00403227249
:10BEC000AA68A5326260EA68637203232261214690
:10BED00004F1300084F82A30FCF782F848BB42F2C3
:10BEE000DE70FCF777FC022E20D1002323702B7923
:10BEF0006A79003B18BF0123002A18BF042643F0CB
:10BF000004032672EA686372A532A9686260D4E904
:10BF100006325B1842EBE172C4E904320423D6E72F
:10BF20006FF0010070BD6FF01500FBE76FF02200AD
:10BF3000F8E70020F6E7FCF73BBEF8B503790446C6
:10BF40001BB14CF6CC00FCF745FC4679017126B9D3
:10BF500001234371217909B96171F8BD2768204631
:10BF60002671B84702280546F4D103212046B84778
:10BF700010B143F27230E6E723682946204698471D
:10BF80000028E7D049F20A00DDE70346006800B95F
:10BF900070478842F9D102681A60704701F11003B6
:10BFA000013813F8012D8B4200F8012FF9D17047A9
:10BFB0002DE9F04713F0010F8EB004460D461746E9
:10BFC0009A46DDE9168924D006A8FFF7E7FFA30704
:10BFD00035D002AA04F110052068083454F8041C76
:10BFE0001346AC4203C31A46F6D106AD02AC1AF0B2
:10BFF000020F4346CDF8009023D0294620460AAAD6
:10C00000FCF782FC0AA93846FFF7C8FF0EB0BDE86E
:10C01000F08713F0040F0DD106AB0E4601F1100CA2
:10C020001D463068083656F8041C1A46664503C299
:10C030001346F6D1214602A8FFF7B0FFD6E706ADBA
:10C04000D5E73A4629462046FCF75EFCDEE713B505
:10C050000024CDE90044FFF7ABFF02B010BDFCF7B0
:10C0600059BD20BF704720BF70479142F8B503D338
:10C0700048F2E610FCF7AEFBB2FA82F33BB1C3F133
:10C08000200499409A4020FA04F4984021434FEA52
:10C09000124C93B2040C87B2B1FBFCF50CFB151EDD
:10C0A00005FB03F64FEA0E4E0EEB1040864205D913
:10C0B000361A964294BF01260226AD1B04EB0141BD
:10C0C000280405FB1211B1FBFCF40CFB14116343B3
:10C0D00007EB0147BB4205D9DB1B934294BF012309
:10C0E0000223E41A2043F8BD2DE9F0411D4607461E
:10C0F0000C46164652EA050303D144F67260FCF77B
:10C1000069FB85B9914204D2FFF7AFFF2946BDE82C
:10C11000F08108462946FFF7A8FF05463246384613
:10C1200006FB1541F0E7B5FA85F80123400803FA4C
:10C1300008F3C8F11F0840EAC470A3FB02126108AB
:10C1400003FB0522FFF791FF30FA08F04FF00001E2
:10C1500002D0013861EB010100FB05F3A0FB062CC6
:10C1600006FB0133BF1A634464EB0304B742AC41DE
:10C17000CDD3013041F10001C9E7F0B5C9B20446A1
:10C18000A30726460ED14FF0013522F003034D439D
:10C19000E718BC420CD1334402F003021A44934224
:10C1A00009D1F0BD002AFCD0013A04F8011BE7E7F1
:10C1B00044F8045BEDE703F8011BF0E700280CBF2F
:10C1C0006FF01500002070470020704707230370B0
:10C1D00000207047002070470020704710F8012BA6
:10C1E00011F8013B012A28BF9A42F7D0D01A7047B4
:10C1F000034611F8012B03F8012B002AF9D17047EF
:10C20000034613F8012B002AFBD1181A0138704796
:10C210002DE9F0478C468E46089E15460446194681
:10C22000002B40F0D080724547D9B2FA82F74FB167
:10C23000C7F120030EFA07FCBD40BC4020FA03F30F
:10C2400043EA0C0C4FEA154EA8B2230CBCFBFEF8D7
:10C250000EFB18CC08FB00F943EA0C43994528D99A
:10C26000EB1808F1FF3204D2994502D9A8F1020275
:10C270002B44A3EB0903A4B2B3FBFEFC0EFB1C335F
:10C280000CFB00F044EA0344A04214D92C190CF131
:10C29000FF3304D2A04202D9ACF102032C44241A89
:10C2A00043EA02401EB1FC40002334607360BDE8E5
:10C2B000F0874246DDE76346F1E7002A79D0B2FA1B
:10C2C00082F3002B3FD01946C1F1200302FA01F599
:10C2D00000FA01F42EFA03F20EFA01FE20FA03F33B
:10C2E000AFB243EA0E034FEA154EB2FBFEFC0EFB63
:10C2F0001C201A0C0CFB07F842EA004290455AD960
:10C30000AA180CF1FF3004D2904502D9ACF102001A
:10C310002A44A2EB08029BB2B2FBFEFC0EFB1C22DD
:10C320000CFB07F743EA02439F4246D9EB180CF196
:10C33000FF3204D29F4202D9ACF102022B44DB1B34
:10C3400042EA004202E0AEEB020301224FEA154E40
:10C35000AFB2200CB3FBFEFC0EFB1C330CFB07F84A
:10C3600040EA034398452AD9EB180CF1FF3004D278
:10C37000984502D9ACF102002B44A3EB0803A4B208
:10C38000B3FBFEFC0EFB1C330CFB07F744EA034433
:10C39000A74216D92C190CF1FF3304D2A74202D9B7
:10C3A000ACF102032C44E41B43EA00400F46114663
:10C3B00078E71F2188E76046ABE76246BFE7604643
:10C3C000DBE76346EFE7734506D916B90021084657
:10C3D0006DE7C6E9000EF9E7B3FA83F787B973454D
:10C3E00001D3824207D8841A6EEB030301209C46D6
:10C3F0001EB900215BE73846FAE7C6E9004CF8E7CA
:10C40000C7F1200CBB4000FA07F422FA0CF520FA21
:10C410000CF1BA401D432EFA0CF30EFA07FE4FEA58
:10C42000154941EA0E011FFA85FEB3FBF9F809FB35
:10C4300018300B0C08FB0EFA43EA00439A4540D92A
:10C44000EB1808F1FF3004D29A4502D9A8F1020096
:10C450002B44A3EB0A0389B2B3FBF9F809FB1833A9
:10C4600008FB0EFE41EA03418E452CD9691808F1FC
:10C47000FF3304D28E4502D9A8F10203294443EACE
:10C480000040A1EB0E01A0FB02984145CE46434679
:10C4900002D306D14C4504D20138B9EB020E68EB49
:10C4A0000503002EA5D0B4EB0E0261EB030101FAE7
:10C4B0000CFC22FA07F3F9404CEA0303C6E9003109
:10C4C00097E74046C5E74346D9E700000000000073
:10C4D0002DE9F04704460F46164688B024F0C7FD04
:10C4E0004FF47A75A0FB050C47F6122205FB01C13B
:10C4F0000023FCF73DFC012F80460D4607D1024684
:10C500000B46204626491EF014FC002011E07668F8
:10C5100024483146FFF762FE70B131462248FFF7EA
:10C520005DFE48B12046324620491EF01EFC6FF0E9
:10C53000040008B0BDE8F087404617A3D3E9002304
:10C540002946FCF7C5FB06460D4610461946184A13
:10C550000023FCF7BDFB80460F46104619464EF6F9
:10C5600060220023FCF7B4FB824689461046194638
:10C570004FF47A720023FCF7ABFBCDE902A9CDE9B9
:10C580000623CDE9040132462B462046CDE900873B
:10C5900008491EF0CEFBB8E7005C2605000000004D
:10C5A000F96003000A6103000D61030016610300D6
:10C5B00080EE36002E61030013B500246FF00903EE
:10C5C0004FF4806214491548009418F073FC144924
:10C5D000124818F013FD1349134824F097FA224625
:10C5E00004211C2006F02AFB0122104BD3E8EF1F88
:10C5F000C3E8E02F0028F9D105A3D3E900230C49B3
:10C60000064818F097FC204602B010BDAFF300803A
:10C61000389C1C0000000000208700200030002013
:10C620007EAF0300B1EC0200483F0020E03E002056
:10C63000800200200000000010B50B4BD3E8AF3F94
:10C6400053B1FAF771FD06A3D3E90023BDE810400A
:10C650000649074818F06EBC10BD00BFAFF300805C
:10C66000389C1C0000000000E03E002080020020FA
:10C67000003000200000000070B4174E0C46B0429D
:10C68000154608D00136B0420FD0023EB04210D05D
:10C6900070BC1BF04FBB0AA3D3E90023C5E90023FC
:10C6A0000E4B0020236070BC704707A3D3E9002322
:10C6B000F4E707A3D3E90023F0E700BFAFF300805E
:10C6C00002C0FF7F0000000003C0FF7F00000000E9
:10C6D00001C0FF7F0000000002C0FF7F03004E800A
:10C6E000044B1B681A1A50425041002B08BF00200F
:10C6F000704700BF10360020014B1878704700BF0C
:10C700005C4B002010B50446064A07481CF039FD72
:10C71000012022F033FA054B1A68A24204BF00221E
:10C720001A6010BD456403007056030010360020E7
:10C7300030B58DB008F03CFD40F20113ADF80C307F
:10C7400006238DF8083002AB0493092304468DF8C4
:10C750001430FFF755FD0E4D069407AC8DF815000B
:10C760000FCD0FC42B6803A923600123022200937D
:10C7700007A8084B0AF050F8014620B106481CF003
:10C7800000FD0DB030BD05481CF0FBFCF9E700BF13
:10C79000903203008C37030090560300B656030016
:10C7A00010B5044629B1BDE81040094A09481CF0FB
:10C7B000E8BC09481CF0E5FC012022F0DCF9074B3D
:10C7C0001A6822B91C60BDE8104023F04ABA10BDB7
:10C7D00045640300D8560300FA56030010360020C3
:10C7E000CA0770B505460C4606D500F0010630466E
:10C7F00005F03CFB084B1E702C40A3070AD50748E8
:10C800001CF0BFFC002383F31188BFF36F8F032359
:10C81000184602DF70BD00BF5C4B002005570300C7
:10C82000014818F041BB00BF0036002010B5274872
:10C830001CF0A7FC12F0C6FE014620B124481CF0F3
:10C84000A0FC002010BD234812F0F0FE014608B104
:10C850002148F4E7214805F079FD014608B1204858
:10C86000EDE709F07FFA014608B11E48E7E71E48E8
:10C870001CF087FC1DF017FF1C4802F0B1FB0028DC
:10C8800008DC20211A4816F0F9F8014610B11948C1
:10C890001CF077FC184805F0DFFA044610B1014699
:10C8A0001648CCE71648174924F030F9144818F018
:10C8B000FBFA013404F00101002012F049FF0021CD
:10C8C00047F6122024F0E3FAF3E700BF45570300D0
:10C8D00079570300E1C7000094570300883703002D
:10C8E000B2570300DD570300FD570300145803003F
:10C8F000295803004A580300400300207F580300D2
:10C900000036002031C700002DE9F04110F003048B
:10C9100007464FD121F00306DFF8B4E0DFF8B4801A
:10C920002D4A8D0800EB060C60451CD16FF0030307
:10C9300003FB0515B81900230544A84242D1244839
:10C940004C405843234B4FEA70405843234B6040C0
:10C9500080EA10405843224B80EA5030584380EA26
:10C960001040BDE8F08150F8043B0EFB03F34FEAA2
:10C97000734308FB03F363404FEAF34303EB830382
:10C980009C18D1E71B68043D7B434FEA73430CFBC3
:10C9900003F363404FEAF34303EB83039C18032D37
:10C9A000A6EB0503EED86FF003028B085343CD18B6
:10C9B000C01AC0E70D460024054FDFF818C0064A2C
:10C9C0004618ECE710F8012B42EA0323B5E700BF55
:10C9D000512D9ECC9335871B646B54E66BCAEB8557
:10C9E00035AEB2C22DE9F0478A4600AF00297AD0B1
:10C9F00004680E1F361BF50826F0070604EB060830
:10CA0000B8F8023013F0010319D138480268520710
:10CA10000DD0E94688B06A463549CDE9051A0321AB
:10CA200042F8101F4FF4C25101F094FFCD4600238D
:10CA300083F31188BFF36F8F0423184602DF294662
:10CA400020461CF0EAF9284434F83030C01A8542F8
:10CA50001AD02648036859070ED0E94688B06A46BE
:10CA6000244BCDE9053A032342F8103F00234FF44D
:10CA7000C25101F06FFFCD46002383F31188BFF34D
:10CA80006F8F0423184602DFB8F80230294623F0DE
:10CA90000103A8F8023020461CF0BFF905EB00089E
:10CAA00004EBC8035B88DA0708D4414620461CF033
:10CAB000FDF94246294620461CF03DFAA65BAE1B16
:10CAC00004EBC6035B88DB0709D4314620461CF023
:10CAD000EDF92A46314620461CF02DFA3546294606
:10CAE00020461CF09FF9BD46BDE8F087BC08002039
:10CAF000E9580300C05803002DE9F04F91B00093AE
:10CB000002F004030293C2F3C20301338407054613
:10CB10000E46DDF868A00392059340F09C81041D49
:10CB2000002849D101F00706341DC6F10806009B14
:10CB300000274FF004085A1E4FF0FF33B946019307
:10CB4000BB46434604970DB1009921600598002823
:10CB500000F3D6808F480099814203D38E488142EA
:10CB6000C0F0CE800399601B11F0020C40F0D6801B
:10CB7000B9F10F0F00F2CF80002D00F0D68009F13F
:10CB800040010DEB010E0199C0F387000EF8200C57
:10CB90000EF8101CBCF1000F00F0C38060F07F00A5
:10CBA0000EF8200C013709F10109C5F108014FF613
:10CBB000DA7E043406918CE00729B8D86FF01B00A8
:10CBC00011B0BDE8F08F7A285BD84B280FD84728E2
:10CBD00057D829282ED8252850D052D8202818BF19
:10CBE00023280CBF4FF0010B4FF0000B71E04C38C5
:10CBF0002E2846D8DFE800F06D45454545454545BA
:10CC000045454545484545454545454545564548BD
:10CC1000485656566D486A456D4518481845457F33
:10CC20007C48454548457C0000204FF0000B4FF004
:10CC3000040835E001212A38C0B201FA00F010EAF8
:10CC40000E0F46D110F0625C2CD110EA010B40D0DF
:10CC50006046013C4444B4FBF8F408FB04F425B1FD
:10CC6000A3EB050CA444B445A8D8002870D00599BE
:10CC7000013905915AF8041B009164E701990139C3
:10CC800001914FF0000B24E012F8010C6C2834D114
:10CC9000002012F8023C83466C2BC8D14FF00808E4
:10CCA0004346D6E70AF1070A2AF0070A073424F0B8
:10CCB0000704FAE802BC35B106982044B0423FF6BA
:10CCC0007DAFC4E900BC4FF0000B08344FF00808FA
:10CCD000434612F8010F002853D0BBF1000F7FF438
:10CCE00072AF2528F5D14FF0010B019B0133019361
:10CCF0004FF00408ECE7584697E700208346A8E782
:10CD0000039988077FF551AF4FF0010C601BB0F518
:10CD1000007FFFF42DAF6FF0150051E74FF0000CCE
:10CD2000F5E70498013004903DE7BCF1000F01D015
:10CD3000013638E70298023600287FF434AF0098B5
:10CD4000CDE90632FFF75CFADDE9063206442AE750
:10CD5000042B08D10AF1040015B1DAF800102160A3
:10CD600082460434B5E70AF1070323F0070303F111
:10CD7000080A1DB1D3E90001C4E900010823083401
:10CD8000A7E7631BB3F5806FC5D23DB9A6F10804D0
:10CD9000E01815E7E8210300A4C50300029A9B08E8
:10CDA00028602B709DF81030AAB1EB70AF702FB1D6
:10CDB000002208A8C5F1010C91450ED14FF0000AE0
:10CDC000C5F101030DF1200801930DF1300BD145A0
:10CDD00012D1601BF4E66B70E8E710F8013B19060E
:10CDE00008D50CEB040EB64503F07F033FF6E6AE24
:10CDF00004F8013B0132DFE71FB198F90020002A57
:10CE000017DB029BD3B11AF80B2004F8012B002288
:10CE1000019B18191044B0423FF6D0AE98F80000BC
:10CE2000009904F8010B2046039225F0DDF8039ADF
:10CE300014440AF1010A08F10108C8E798F8002033
:10CE400055F822300093029B009845F82230FFF7F6
:10CE5000D7F9421CDCE76FF00D00B1E62DE9F04F89
:10CE600097B000AF05468A46C7E90A3249B9037848
:10CE70004678807800EB83002844564524D8A0EB00
:10CE8000050AD7F8803095F8028003F00103D7F83F
:10CE90008040FB61EB78B8F1000F0CBF002404F078
:10CEA00001047B621BB1D7F880309A0715D4A4B96E
:10CEB000FB6A1BB151462846BA6A98475646304627
:10CEC0005C37BD46BDE8F08F441C2046FFF798F95B
:10CED000013020440AF1010ACFE7D7F88030C3F3CC
:10CEE000C0033B622B78BB619B003B616B687B613D
:10CEF000BB6905EB830BFB6A002B7BD15646D844FC
:10CF0000BCB11C461BF8013B55F82300FFF778F92C
:10CF1000D7F88430013043B1D7F88830A34282BFBC
:10CF2000D7F8843023F814000134C3450644E9D10E
:10CF3000D846D7F880304FF0000913F0050F0CBF2A
:10CF40004FF0020B4FF0010B7B6A9945B7D298F86E
:10CF5000013008F1020855F823A0B04B9A45C0F003
:10CF60005081AF4B3A6A9A452CBF002301232AB364
:10CF700018F8021C7869FB621CF0B2F8FB6AE8B191
:10CF8000A848036813F0060F14D0EA468AB06A4630
:10CF9000A54B05937B69CDE906314FF40073ADF8DD
:10CFA0002030A24B42F8103F00234FF4125101F001
:10CFB000D1FCD546023E09F10109C5E723B1FB6961
:10CFC00033B9A6EB0B06F6E7D7F880309B07F2D50E
:10CFD0005046FFF715F9D7F884304BB1D7F88830B1
:10CFE0009C423FBFD7F88420431C22F81430013400
:10CFF0000644E0E7002C6AD1B8F1000F6DD0D7F8F5
:10D00000803058076CD5C14607F148004246594662
:10D0100024F0EAFF00220BEB0803FB600233796A7D
:10D020008A425FD3D7F8802095F801B0F96992075A
:10D0300004EB0B0348BF0022DBB258BF4FEA590292
:10D04000002940F0A680D7F8801011F0040F14BF1B
:10D05000494600216B70A970EA702846BA6A39699E
:10D06000FB6A9847061EFFF62AAFBB6949462B703C
:10D070007B6ABA6AEB7085F801B0FB6A85F80280BA
:10D0800007F148009847B0F10009C0F2B6803B694B
:10D090007A6A786A03EB4201FB68414403EB400083
:10D0A000BA6AFB6AAAEB010198470028C0F2A78080
:10D0B0004FF0000BB14409EB000607F1380AA34515
:10D0C00069D30021BA6A0846FB6A9847F7E64446E6
:10D0D0004FF0000907F1380098E74446C14699E748
:10D0E000A14697E713F8016CDFF830C155F8260028
:10D0F00013F8021C6045C0F08A80DFF824C1604547
:10D10000386A2CBF4FF0000B4FF0010B38B1786933
:10D11000C7E901321BF0E4FFD7E90132F0B9BBF1F6
:10D12000000F1ED0F96949B1611C04F1280007F114
:10D130003004041904F8206CCCB20FE0D7F880104A
:10D1400049070BD509F1280007F1300C09F101015D
:10D1500000EB0C0909F8106C5FFA81F90132023317
:10D160005DE7D7F880008007DED409F1280C07F1CD
:10D17000300EF44409F101000CF8101C07F15801BD
:10D1800009F1020951FA80F05FFA89F900F8106C90
:10D19000E4E700215EE71BF80A3055F8239087F892
:10D1A0003730D7F884302BB3D7F888309B4521D25D
:10D1B000D7F8843033F81B800121BA6AFB6A07F183
:10D1C0003700984700281ADB0644B8F1000F06D153
:10D1D0004846FFF715F800F101081FFA88F84146A4
:10D1E0004846BA6AFB6A9847002808DB06440BF1F8
:10D1F000010B64E74FF00008DEE74E465FE60646A7
:10D200005DE63B6A002B3FF4DFAE0023B0E6386AF0
:10D210000028A6D04FF0000B79E700BFE8210300FB
:10D22000A4C503006C080020165903000400000187
:10D2300030B50446EFF31185402383F31288BFF322
:10D240006F8F044B0FCB84E80F0085F31188BFF379
:10D250006F8F30BD2817002001281FB50C4605D060
:10D2600004281ED06FF0150004B010BD23F0FFFE9F
:10D2700047F612220023FBF77BFD4FF4FA435A4393
:10D28000C4E90001A2606846FFF7D2FF6946204664
:10D290001BF043FF18B90A4B0FCB84E80F000020A6
:10D2A000E2E723F0E4FE47F612220023FBF760FDDD
:10D2B0004FF4FA435A43C4E90001A260EFE700BF0C
:10D2C0007032030001287FB50D462DD18A68184BB6
:10D2D0009A4229D823F0CBFE47F612220023FBF70F
:10D2E00047FD144B404202FB03F361EB4101CDE9E2
:10D2F00000016846029300F0DFF8294668461BF0FB
:10D300000CFFEFF31186402383F31288BFF36F8F76
:10D310009DE80F00084D85E80F0086F31188BFF3E4
:10D320006F8F002004B070BD6FF01500FAE700BFEA
:10D33000FFC99A3B0083FFFF28170020014B1860AC
:10D34000704700BF4803002080B505460E461746CB
:10D35000984618F015FA034605F078FD0446DFF804
:10D360001890424649F8003039463046A84754F8EC
:10D37000090005F0F5FC00BF08000000044608B5F0
:10D38000EFF31183402383F31288BFF36F8FEFF322
:10D39000108372B611F016FF204606F0FFFB03481B
:10D3A0001BF0EFFE1EF05AFDFCE700BFCA59030058
:10D3B0002DE9F84340F26C7344690569E1170135C2
:10D3C000E41841F10001022D8CBF00230123E41A6F
:10D3D000C76861F100010029064607F1FF374EDA00
:10D3E0006FF4C7704FF4C8720023201861F1000178
:10D3F000FBF76EFC244B4FF03C0E03FB0044D6E9D8
:10D4000000834FEAE37C99466346032D024634BF0E
:10D4100009206FF00200B6680544C6FB0E93A9FB15
:10D420000EC60EFB036640F26D1E9920A3080EFB8C
:10D4300004333B44642745430520B4FBF7F402352D
:10D44000B5FBF0F51B1B114C1CEB080CA2FB0420D8
:10D4500004FB01012B4446EBE87698180C4A41F195
:10D46000000380180B4A63F10003A0FB020102FBDA
:10D47000031110EB0C0041EB0601BDE8F8834FF4FB
:10D48000C87200232046B3E770FEFFFFB13A0200E6
:10D490009405F5FF8051010010B5FFF789FF0024C6
:10D4A000024605F0D3FC0B4602494450104619468B
:10D4B00010BD00BF0C00000070B51F4B82689A427F
:10D4C00015DDD0E90016013392FBF3F3012976F163
:10D4D00000054FEAE3741CDAC91844EB0604C0E9FE
:10D4E0000014164901FB03238360012070BD002A4C
:10D4F000FBDAD0E90041124E9B1A0029B3FBF6F388
:10D5000010DA01F100459C4275F100050ADA0020AD
:10D51000ECE7CD439D426FF00045A5EB0605A54124
:10D52000DADAF4E706FB0322E41A61F10001C0E94C
:10D5300000418260D9E700BFFFC99A3B003665C44D
:10D5400000CA9A3B08B500F0B7F801220023094948
:10D55000C0E9002241610849C0E902330A60074975
:10D5600003610A60064A1360064A1360064A1360A4
:10D5700008BD00BF45640300680300206403002069
:10D580001C36002018360020143600202DE9F04704
:10D5900081468846174600F08FF8C36804461BB9D9
:10D5A00043691A78002A3ED10023E36063684B4543
:10D5B00058F8232008DB314B6361204600F060F807
:10D5C0004FF0FF30BDE8F087511C616192F800A078
:10D5D000BAF12D0FEFD1951C656156782D2EA660FE
:10D5E00004D1927872B901336360E4E756B9234DF0
:10D5F00051463846656124F040FD0028DDD056468E
:10D60000C4F808A03146384624F037FD3A2E00D041
:10D6100070B92B7813B9636801336360204600F05A
:10D620002FF83F20CEE75D1C45611E788660E9E754
:10D6300043783A2B0BD0002323612B7813B963680E
:10D6400001336360204600F01BF8A068BAE72B782E
:10D650000A4A33B9636801339945636004DD58F8B9
:10D660002350C4E90452EAE762613D7820463A2D2E
:10D67000D5D100F005F82846A4E700BF45640300B3
:10D680000168084A084B11604168084A11608168C6
:10D69000074A1160074AC168116002691A6006F002
:10D6A000D3B800BF680300201436002064030020B4
:10D6B0001C36002018360020004870474C0300201C
:10D6C0002DE9F047058B0446280717460CD501299C
:10D6D0000CBF45F0100545F02005258387F3118820
:10D6E000BFF36F8FBDE8F087022905F0070540F012
:10D6F000948020461CF069F8052864D801A353F8EB
:10D7000020F000BFDDD600001BD80000C7D7000006
:10D7100089D70000A3D70000B5D7000001F00703A8
:10D720005A1F012A1FD8002221F00701062BD4F826
:10D73000008089B2C4E9002209D1434603E0628B2C
:10D74000013262831B68002BF9D141F002012046AF
:10D7500021831CF03AF84FF0000900286DD041F009
:10D760002001218369E0042B0AD121F0070189B24D
:10D77000204621831CF029F810B141F020012183BB
:10D780004FF00008C14658E02369D3F80090238B7E
:10D7900023F0070343F006034FF0000823834646B7
:10D7A0004BE02369D3F80490238B23F0070343F065
:10D7B0000403F1E72369D3F80890238B23F00703D0
:10D7C00043F00503E8E74FF00008C146E7E7012210
:10D7D00043F00803238387F31188BFF36F8F002A78
:10D7E0003BD1B8F1000F4AD1B9F1000F02D0204669
:10D7F0002C49C847EFF31187402383F31288BFF306
:10D800006F8F238B23F008039BB22383D9063FD568
:10D8100023F01002228303F007056669218B002E96
:10D82000BFF67CAF00239946D4F8008021F00701B1
:10D83000C4E9003341F001012183238B03F0070A7F
:10D84000AA4502D0A268002AC1D1B8F1000F02D1C6
:10D85000B9F1000FDAD00022BAE7A1680029C0D0E0
:10D860000D680029BDD03346524620464F68B84760
:10D870001DB12B6829461D46F3E72B46FAE74146C2
:10D88000334652462046D8F800801BF0CAFFA8E76E
:10D890009A067FF523AF23F02002228303F00705C9
:10D8A00027E700BF4F98020000B5034691B0084635
:10D8B000002926D0DA7B25210E929A7B0D925A7B85
:10D8C0000C921A7B0B92DA7A0A929A7A09925A7A15
:10D8D00008921A7A0792DA7906929A7905925A7919
:10D8E00004921A790392DA7802929A7801925A781D
:10D8F00000921B78044A1AF085FE002011B05DF8F2
:10D9000004FB6FF01500F9E7FE5903002DE9F04F15
:10D910001D46036C04461B7999B0DA0703D5002035
:10D9200019B0BDE8F08F826903684FF0000A05FB6B
:10D930000233C06B049383689B68002B4AD0049920
:10D9400098470028ECD1216C08A80B6849795B4204
:10D9500003F020031A46D4F81890059324F06AFBCC
:10D96000B9F1000FDBD0059E236C4E4528BF4E4613
:10D970001B68B3465B4203F020030693D0462B4658
:10D9800008AA0392BBF1000F07D1A9EB060916EB19
:10D990000A06B24645F10005E2E7069F10AA5F4578
:10D9A00028BF5F46009220464246019707931CF02D
:10D9B0008DF890B93A46039810A924F04EFB60B94F
:10D9C000079B039A17EB0808ABEB070B43F1000327
:10D9D0003A44D6E76FF05700A2E7064803685B07B2
:10D9E00004D00121049B044A1CF018FD6FF00500CF
:10D9F00096E700BF88080020535A03000022002346
:10DA00002DE9F04F00269FB0CDE90823036C00F10B
:10DA100028091B79044602934FF0FF324FF0FF3381
:10DA200048461CF0A0F8374635460DF148080DF180
:10DA3000580AE369AB420FD8E369BB4259D1002EC3
:10DA400057D16FF08503484602931CF0BCF9029B46
:10DA500018461FB0BDE8F08F626CA1695000884283
:10DA600094BF2B466B1EA1EB42022046CDE900A8D5
:10DA7000CDE908231CF04FF803460028E3D19DF8B8
:10DA8000593084F82430199B03F47023B3F5803F98
:10DA90002DD24246514620461CF0C7F838B3199B98
:10DAA000013703F47F42B2F5844F0ED1DBB2012B74
:10DAB0000AD09B4803685E0703D00121994A1CF0F5
:10DAC00047F86FF07A03BEE70646204608A91CF027
:10DAD00017F8DDE908232046CDE900A81CF0CBF8B3
:10DAE000031EB0DB9DF8593084F82430A4D00135F2
:10DAF0009FE7AB4247D1636C089A0EADD21A099BDF
:10DB0000204663F1000300951BF0F0FF0346002858
:10DB100099D1284694F824101CF027F818B920460B
:10DB200008A91BF0EDFFDDE9086712AB16AD019304
:10DB300032463B46204600951BF0EDFF0346002889
:10DB400081D1199B03F47023B3F5803F3CD2284662
:10DB50001CF01CF8002837D0199B03F47F42B2F563
:10DB6000844F02D1DBB2012BA3D104F12403009333
:10DB700032463B4620461CF01DF80346981C43D114
:10DB8000002384F824300026636C089A099D5B000A
:10DB9000B2EB030B65F10005B0462F46CDE908B5A1
:10DBA00003950DF1680A0495039B5E45AB412ED3A6
:10DBB000029BC4E90487DD43DDE9082305F0010584
:10DBC000C4E902230AAE6FE0236ADD0712D43B46A4
:10DBD00032462046FFF79AFE034600287FF433AF13
:10DBE0003B460090324620461CF040F90346002890
:10DBF000BBD028E74A4803685C073FF422AF012105
:10DC0000494A1BF0A5FF1CE7002BBCD01BE72B46A5
:10DC10005A462046CDF800A01BF068FF03460028B6
:10DC20007FF411AF059094F8241050461BF09DFF2F
:10DC300078B1BDF86A10059B08291E4607D9206CEB
:10DC40001CF0B7F81C9B049F18448619B046CDE918
:10DC500008B5636CBBEB03039B4665F10005A3E7C6
:10DC6000204600961BF042FF034600287FF4EBAEEF
:10DC7000002D4DD0226C5179324612F8010B8842AA
:10DC800017D0D4E90223D4E90487BB4208BF424538
:10DC900004D1BDF82A10002940F0E280616C521ACC
:10DCA00063F10003C4E90223424573EB0707D7D2AF
:10DCB00002E00133102BE0D1626CA3695200E168ED
:10DCC0009B1A61F10001CDE90831204608A91BF03B
:10DCD00017FF12AB019316AB00932046DDE9082332
:10DCE0001BF0C9FF031EFFF6AEAE012B1ED00023B2
:10DCF000626CA169A06802EB4202891A9B4208BFCC
:10DD000088427FF4A0AE20461CF031F903469AE623
:10DD1000304694F824101BF028FF0028B1D1CBE73F
:10DD200088080020845A0300A15A03000023D4E984
:10DD30000257626C07939DF85930551984F82430C6
:10DD400047F100071AAEA169CDE90857A1EB4201DE
:10DD50008D4235D30022444807AD036803F0070322
:10DD6000002A4AD0022B03D90321404A1BF0F0FEBF
:10DD70000022E368204608A9CDE908231BF0C0FE75
:10DD8000DDE9086720463B46324600951BF02DFF33
:10DD9000034610B1811C7FF456AE3B463246204606
:10DDA000FFF7B4FD031EFFF64EAE079B324600930D
:10DDB00020463B461CF05AF80346002897D042E61E
:10DDC0003B462A46204600961BF090FE034600285C
:10DDD0007FF439AE30469DF869101BF0C6FE28B1BD
:10DDE000BDF86A3013B91B9B013304D0626C55191E
:10DDF00047F10007A7E70122ADE7022B03D9032172
:10DE00001B4A1BF0A5FE0095D4E9022320461BF017
:10DE1000ECFE034610B1821C7FF415AED4E9022358
:10DE20002046FFF773FD034600287FF40CAE079BE6
:10DE300020460093D4E902231CF018F8034600287A
:10DE40007FF401AE616CA26901EB4101521AE168F5
:10DE50001218C4E90401A26020461CF011F9ABE7D6
:10DE60006FF01C03EFE500BF88080020CD5A0300C7
:10DE7000E25A03002DE9F04387B00D46044602AF95
:10DE800050B962480368590703D0614A01211BF069
:10DE90005FFE6FF01503B4E0283022F006FDE06B62
:10DEA00083681B6998470246206428B9574803686D
:10DEB0005A07EED0574AE9E710211BF07AFF606459
:10DEC0001368013B1F2B05D9504803685B07E0D05E
:10DED000514ADBE71379DE0719D4E06B21683A1D5C
:10DEE00020F0C6F828B1494803685C07D1D04B4AF6
:10DEF000CCE7A3692BB1BA68B3FBF2F102FB113393
:10DF00002BB1424803685907C3D0454ABEE7636C4A
:10DF1000A26903EB83039A4208D23C480268520785
:10DF2000B7D001213F4A1CF079FAB2E7E369012B2F
:10DF300005D8364803685B07ABD03B4AA6E72046C6
:10DF4000FFF75CFD0346002848D101232F4D84F8DC
:10DF500025302B6803F00703022B3DD9D4E90623B3
:10DF6000032100922846314A1CF062FA2B6803F024
:10DF70000703022B30D9D4E902316E468AB002AAD7
:10DF80004FF000094FF006082948C2E90619C2E916
:10DF90000839506142F8108F4FF443514B462846E0
:10DFA00000F0D8FC2B68B54603F00703022B13D909
:10DFB000D4E904318AB002AA1E48C2E90793C2E933
:10DFC0000501C2F8249042F8108F4FF443514B469C
:10DFD000284600F0BFFCB546002312E08DB10B4887
:10DFE000026812F0060F03D00221134A1CF016FA41
:10DFF00020461BF094FF2046FFF700FD0346002853
:10E00000A3D018461437BD46BDE8F0838808002029
:10E01000095B0300145B0300365B0300535B0300E2
:10E020006B5B03007F5B0300AB5B0300135C0300CF
:10E030002A5C0300405C0300EC5B03002DE9F04F19
:10E040008A4690461E46044685B050B9514803683A
:10E050005C0703D00121504A1BF07AFD6FF01505D3
:10E060000CE090F825306BB94A480368590703D093
:10E0700001214A4A1BF06CFD6FF00C05284605B0E3
:10E08000BDE8F08F3146006C1BF093FE636CA26913
:10E0900003EB8301521A96420746DFD8B6F5803F5C
:10E0A000DCD216B1B8F1000FD8D01FB1082E94BF42
:10E0B0001F46FF1804F1280B4FF0FF324FF0FF33DB
:10E0C00058461BF050FD4FF00009E3694B455ED008
:10E0D000D4E90221002A3CD0D4E90453781943F151
:10E0E00000038242994134D3636C9A4200D186BBCB
:10E0F00010220021684623F09DFF94F82430082E5A
:10E10000CDF804A0ADF802608DF8013018D9029561
:10E1100068461BF01FFD082E06D9324641462046B0
:10E120001BF094FF054638B9694620461BF085FE72
:10E13000002814BF0546354658461BF044FE9DE7AF
:10E14000731E072BE4D83246414602A823F04CFF49
:10E15000DEE720461BF024FF054648B10D48036862
:10E160005A07E9D02B460E4A01211CF057F9E3E784
:10E1700020461BF085FF054630B1064803685B0763
:10E18000DAD0084A2B46EFE709F101099DE76FF065
:10E190001B05D1E788080020095B0300555C0300DC
:10E1A000695C0300935C03002DE9F04F15461E46A1
:10E1B000002200238BB088460446CDE9042360B9D1
:10E1C000334803685A0703D00121324A1BF0C0FCD0
:10E1D0006FF015000BB0BDE8F08F90F8253053B903
:10E1E0002B4803685B0703D001212B4A1BF0B0FCCE
:10E1F0006FF00C00EEE74FF00009D0E9022304AF06
:10E200000DF1180BCDE902B7D4E90201CDE9000107
:10E2100041462046CDE904231BF06BFD0028D9DBE5
:10E2200011D039462046DDF814A009F101091BF090
:10E2300032FD0028CED1DDE9042314994945E1D20D
:10E24000079A424502D06FF00100C3E7BDF81A708B
:10E25000002FF8D0082F0AD83DB1BE4232462846DA
:10E2600028BF3A4608A923F0BFFE3846B2E7002D82
:10E27000FBD0089A53460244B74294BF01970196D7
:10E28000204600951BF022FC0028EED0A2E700BF3C
:10E2900088080020095B0300555C03002DE9F04766
:10E2A000044607464FF00109DFF84C8094FAA4F5C4
:10E2B000B5FA85F509FA05F32E0108EB05156FEAA5
:10E2C000030A24EA03042B7B63B158F806301B6968
:10E2D0006BB94644736803222846196807EA0A079F
:10E2E0001CF00FF8002CE1D13846BDE8F087284635
:10E2F00098470028F6D1ECE7D82F030010B500228C
:10E3000088B00E490E4822F0FAFE002200230024B5
:10E31000CDE906230E234FF44072CDE90334CDE955
:10E320000144084B08490094084816F02FFF08499B
:10E33000064816F063FE204608B010BD55E3000005
:10E34000081C00205DE6000028650020381700202A
:10E35000C35C0300014816F0A3BB00BF840A002081
:10E360002DE9F047804621480F461BF0A6FF0646E0
:10E37000002833D000252846BDE8F087237B83B1F1
:10E380002368DB680BB120469847636883F80690E2
:10E3900023681B69D3B963680322204619681BF000
:10E3A000B0FF013610345445E8D3B8F1000FE2D085
:10E3B000002DDFD02846FFF771FF0546002FF7D06C
:10E3C000002140F2391022F062FDF1E72046984723
:10E3D0000028E0D009FA06F31D43E2E705464FF0B6
:10E3E0000109034CDFF80CA0DDE700BF3036002048
:10E3F000D82F0300F82F030008B5034608462BB1B9
:10E40000044A136000F012FD002008BD6FF01500F3
:10E41000FBE700BF6C03002010B5044C237813B950
:10E42000034816F03DFB0123237010BD5D4B002017
:10E43000840A002010B5044609481BF03EFF3CB199
:10E44000084BD3E8EF1F0139C3E8E21F002AF8D1D7
:10E45000054817F021FDBDE81040044816F020BB28
:10E46000283600202C360020081C0020840A0020BA
:10E470000022044BD3E8EF0FC3E8E12F0029F9D1C4
:10E48000704700BF2836002070B5FFF7F1FF054642
:10E49000074C084EB44200D370BD63685B792BB162
:10E4A00023685B6813B12946204698471034F1E78A
:10E4B000D82F0300F82F030010B5044C0449204660
:10E4C0001AF07AFF034B1C6010BD00BFF00700205C
:10E4D000A83703002036002000230E4A10B5137021
:10E4E0000D4A0E4913600E4A0E481360FFF784FF71
:10E4F000FFF7E2FF00F05EF90B4B0C4918468B4228
:10E5000000D310BD1A1A5C68121101322271103347
:10E51000F5E700BF5E4B00202836002040420F0088
:10E520002C360020B7A20200D82F0300F82F0300DA
:10E5300001460022002301481AF05FBFF0070020C7
:10E5400001481AF0F6BF00BFF0070020024B014659
:10E5500018681BF049B800BF2036002001481BF0A6
:10E560007EB800BFF00700202DE9F041354B1B7845
:10E57000002B64D0FFF7E4FF044600285BD1324B48
:10E58000324D1B68002B19DD22F071FD4FF47A76B5
:10E59000A0FB060747F61222002306FB0171FAF7DB
:10E5A000E7FBD5E90032C01A40F2E93361EB020122
:10E5B000984271F1000101D3FFF766FFD5E90032FF
:10E5C00013F57A7342F10002C5E90032002C36D00F
:10E5D000BDE8F041FFF7C2BF6B685B793BB12178C2
:10E5E0004B0713D52B68214628461B6898471035E2
:10E5F0004545F1D32046FFF7A9FF154BD3E8EF1FA0
:10E600000139C3E8E21F002AB9D0F7E7204626887F
:10E61000C1F3C20700F07CFAC6F382160246002E50
:10E62000E0D00028DEDB01233946284600F06CF9F3
:10E63000B042DCD3D6E7074DDFF81C80D8E70020D6
:10E64000BDE8F0815D4B002028360020001C002032
:10E650002C360020D82F0300F82F030000212DE9CD
:10E66000F8430846FFF77CFE044648B340F21B68B7
:10E670004FF0000904F0EAFB1A4B1B4A1B581360C9
:10E6800033B11A4B1B68092B02DD194816F008FA42
:10E690000025184F44B12046FFF700FE044618B984
:10E6A0004FF0FF384FF0FF39FFF75EFF064628B9FD
:10E6B000B5B90F4842464B4616F026FA3546E9E70B
:10E6C0004FF0FF384FF0FF39D4E72B689B691BB13F
:10E6D00000222846114698471035BD42F5D3E8E799
:10E6E000054DFAE708000000243600202C360020F3
:10E6F000840A0020F82F0300D82F030013B5184810
:10E700001BF0DBFD174B1B7873B1EFF31184402333
:10E7100083F31288BFF36F8FFFF726FF84F311880E
:10E72000BFF36F8F02B010BD0F4B1B68002BF9D0E9
:10E7300050B9002200230D48CDE9002347F61222EC
:10E74000002317F071FBEDE70928EBD1074817F01C
:10E75000A3FB074802B0BDE8104016F0A1B900BF06
:10E760002C3600205E4B002024360020081C0020A0
:10E77000840A002010B5064B04461B6898472146C2
:10E78000A06004481AF0B6FEBDE81040FFF7B6BF1F
:10E790006C030020F0070020044A054B9B1AB1EBE4
:10E7A000D30F34BF52F8310000207047602E0300B1
:10E7B000D82F03000021084B084A09489B1ADB08A0
:10E7C000994200D170470268013122F0070242F0FD
:10E7D000030240F8042BF3E7D82F0300602E030058
:10E7E0002C080020F8B5064600240A4F0A4BDB1B14
:10E7F000DD08AC4203D14FF0FF342046F8BD57F896
:10E80000340020B13146FDF7E9FC0028F5D0013491
:10E81000EFE700BF602E0300D82F030000282DE98A
:10E82000F047884615461F461DDA4FF0000A544649
:10E83000DFF89090244EA6EB09063609B24509F19F
:10E84000100902D12046BDE8F08759F80C0C3B4670
:10E850002A4641460079FFF7E1FF844238BF04466B
:10E860000AF1010AEAE7194B194AD21AB5EBD20F9D
:10E8700026D203EBC5031C79BC4228BF3C460722C5
:10E88000144EC0B200EB400056F82530824023EA17
:10E89000020304F00702824013430021032223FAFB
:10E8A00002F000F00700814202F1030238BF014686
:10E8B0001E2AF4D123F007030B4346F82530C1E7A5
:10E8C0000024DCE7D82F0300F82F0300602E03009C
:10E8D000D82F03002C080020F8B506460F46002468
:10E8E000074D084BED1AED08AC4200D3F8BD0021EE
:10E8F00022B23B46304601341BF0FBFCA4B2F3E7E6
:10E90000D82F0300602E030070B14168097973B1FC
:10E91000002A17DBCBB20C4903EB430351F822006A
:10E92000D84000F0070070474FF0FF31EFE707498C
:10E930000748401AB2EBD00F3ABF01EBC201087989
:10E9400018467047042070472C080020602E0300F2
:10E95000D82F03002DE9F04F8FB0C1F34A2604AF42
:10E960000D469046B8607B600C0D002E65D04FF0D0
:10E9700000090A234FF0040B07F1140AFE60C7E9EF
:10E980000799C7F824900093CDF808B0CDF804A0FB
:10E9900007F11C034A464046F968FEF75FFAB0F5F6
:10E9A000006F034620D32948036813F0060F17D0E1
:10E9B0006C468AB0D8F8041004AB254D1A46C3E95A
:10E9C000055140F2FF71D9614FF400711984214B58
:10E9D00042F8103F4FF412514B46FFF7BBFFA546DC
:10E9E0002C37BD46BDE8F08FC0F30A0604F11700CE
:10E9F000184420F0070080083B60FFF799FD66F39C
:10EA00005325044680B13B6800F11001C7E908397D
:10EA10000A23F961CDE901AB009340460E4AF9683B
:10EA200007F11C03FEF71AFA66F353252A4620461F
:10EA30007B68B9681BF099FCD2E704F1170020F05D
:10EA400007008008FFF774FD0446EDE78C080020FE
:10EA5000D85C0300040000013DA302002DE9F04F43
:10EA600087B00546DDE9106BDDE9127A8846144669
:10EA70009946DFB110213B465A460020CDF800A050
:10EA8000CDF814A0FEF738F8B0F5006F01460FD3AB
:10EA90001D48036813F0060F32D040F2FF730221C5
:10EAA0001A4A07B0BDE8F04F1BF0B8BC39463846EB
:10EAB00004F0070305F00704E40044EA831444EA81
:10EAC000402444EA065406F11700084420F00700E9
:10EAD00080080391FFF72CFD054640B13FB13B464E
:10EAE0005A460399CDF800A01030FEF705F84B46C2
:10EAF00022464146284607B0BDE8F04F1BF035BC22
:10EB000007B0BDE8F08F00BF8C080020175D030040
:10EB1000406820B1034BC01A40F38F0070474FF09C
:10EB2000FF3070472C0800200EB403B503AB53F838
:10EB3000042B01460448019304F0C8FB02B05DF8C1
:10EB400004EB03B0704700BF7FA40200CA0605D4DF
:10EB50008B064CBF02490349FFF7E6BF704700BF71
:10EB6000446403004F5D03002DE9F04F89B09846DF
:10EB70009DF85090159B044606930D46DDE916A3BB
:10EB8000189F05920493B9F1000F00F0B08007F4CC
:10EB9000807307931BF0ABFB07F0020B02460028C3
:10EBA00074D020467749FFF7BFFF0646BBF1000F40
:10EBB00008D017F0440F6BD12A4620467249FFF760
:10EBC000B3FF064407F0010353B1704B204653F8DE
:10EBD00029206F4B6F49002A08BF1A46FFF7A4FF90
:10EBE00007F48073002B07F0080318BF4FF00008EC
:10EBF000002B79D0684B204653F829206749FFF74E
:10EC000093FF0546059B2BB11A4620466449FFF742
:10EC10008BFF0544B8F1000F05D0424620466149FC
:10EC2000FFF782FF054460483544069B1BB122462E
:10EC30005E491AF024FA049B002B00F08E80DDF868
:10EC400010803946B8F1100F204628BF4FF0100849
:10EC50000026FFF77BFFB54250DC002633462046F6
:10EC60001AF803205249FFF75FFF0136102E4BD0F0
:10EC7000710703D120464F49FFF756FF46453346FB
:10EC8000EDD320464C49FFF74FFFEEE706468DE7F0
:10EC90004A4B1868002894D0494B4FF47A7B1B6884
:10ECA0004FF03C0CB5FBF3F5B5FBF0F14FF46163AD
:10ECB00000FB11550BFB05F5B1FBF3F2B5FBF0FEC4
:10ECC00003FB121100FB1E55B1FBFCF30BFB05F51A
:10ECD000B5FBF0F50CFB131120460091CDE901E5E1
:10ECE0003849FFF721FF6CE707F008058AE7B8F11C
:10ECF000010F4D460CBF2C48334896E720462D495E
:10ED0000FFF712FF0136A6E7002620462F49FFF73E
:10ED10000BFF33461AF803202046A2F120035F2B95
:10ED200028BF2E222A49FFF7FFFE0136102E0DD0F4
:10ED3000720703D120461F49FFF7F6FEB045334660
:10ED4000E8D820461B49FFF7EFFEEEE7049BC244DC
:10ED5000B3EB080304937FF472AFB9F1000F0AD04C
:10ED6000FB0704D520460A4A0A49FFF7DDFE39466B
:10ED70002046FFF7EBFE204609B0BDE8F04F1BF040
:10ED800071BB00BF506F0300575D0300BC37030029
:10ED9000525D0300F0660300D03703007C5D030082
:10EDA000825D0300865D03007FA40200CD32010076
:10EDB0008B5D0300935D0300915D030038360020F6
:10EDC00034360020605D0300ADA40200955D0300B1
:10EDD000346F030042F20F7373B58B4228BF0B46AA
:10EDE00005680446052168460D4A19F00BFC0646E5
:10EDF000636828460B225B680A491BF025FB6368A1
:10EE00003246694628465B681BF01EFB63681B227E
:10EE100028465B6804491BF017FB02B070BD00BFB9
:10EE20006FAA0300FEC20300E2C203000021012317
:10EE3000064A904206D8064A01B901231360054BE1
:10EE400018607047012140085B00F2E740420F0064
:10EE50003436002038360020014B03600020704714
:10EE6000E437030070B5104B0D461C68B4B10F4B6E
:10EE7000196800238B4202DB6FF0010070BD22464F
:10EE800012F8106B864202D014460133F2E7E068B4
:10EE900021F02DFC28B100202C60EFE76FF00C0072
:10EEA000ECE76FF01200E9E770030020E43703009D
:10EEB00010B5436888B0029383680C46CDE90332ED
:10EEC00000230A68C068CDE90623054901AA059315
:10EED0001FF0D2F8079808B9059B236008B010BD51
:10EEE00037A5020010B54FF42814DFF820C086B013
:10EEF000CDE904C40824029404AC0194BDF8204078
:10EF000000941EF0A1FD06B010BD00BF180028003F
:10EF10002DE9F0410C4B05461C680E4617467CB1A6
:10EF200000F09CF963682046D3F8108032463B46D7
:10EF30002946C047044600F09BF92046BDE8F08111
:10EF40006FF00104F9E700BF3C36002000230360A6
:10EF5000044B5A6812B9C3E900007047106058604A
:10EF6000704700BF40360020014B1860704700BF5B
:10EF70003C360020002330B585B0CDE9023305468C
:10EF8000019000F06BF9094B1C6844B9284600F069
:10EF900007F9044600F06CF9204605B030BD6368FF
:10EFA00020461B6801A998472468EEE740360020F8
:10EFB0001FB5CDE90101039200F050F9074B1C6821
:10EFC00024B900F055F9204604B010BD636820460E
:10EFD0001B6801A998472468F2E700BF403600206B
:10EFE0002DE9FF410024E8460646009400F036F97A
:10EFF000104B114F1D6845B900F03AF9002CA8BF1D
:10F00000009C204604B0BDE8F0816B689B682BB182
:10F0100031462846984700902D68ECE7CDE9016716
:10F02000CDF80C806B6828461B6801A998470446F8
:10F03000F2E700BF4036002091A602000022024BFA
:10F04000C3E90022704700BF403600200022024B77
:10F05000C3E90022FFF7F2BF483600202DE9F7434D
:10F0600007460C4609B100230B6000261E4DDFF851
:10F070007C904D450FD31E4B1D6885B355F8188CF9
:10F080003846414601AA183D1BF014FB10B3D6B90F
:10F0900014BB2E461EE0D5F800803846414601AA32
:10F0A0001BF008FB50B116B954B92E4606E00022F9
:10F0B000404631681BF0FEFA0028F5D11835D8E734
:10F0C000019B2360F1E70022404631681BF0F2FA11
:10F0D0000028DDD1AD69D0E7019B2360D9E7304638
:10F0E00003B0BDE8F08300BF3C300300CC30030028
:10F0F000483600202DE9F04784B002AFD7F82890B9
:10F1000004460D46164698467860B9F1000F07D0C0
:10F11000D9F8001051BBD9F804A0BAF1000F2CD1D6
:10F120002046391DFFF79AFF28B34346D0F80C90CC
:10F13000324629467868C8470346E0B11548026858
:10F14000520718D06D468AB002AAD3614FF40073FB
:10F1500011491384114BC2E9051442F8103F0023F2
:10F160004FF41151FFF7F6FBAD4604E03A1D1BF0DA
:10F17000A1FA0028CFD1002007E0D9F808303246A4
:10F180000093294643467868D0470837BD46BDE816
:10F19000F08700BFC0080020E05D0300040000010C
:10F1A0002DE9F04780464FF000470026DFF8A09099
:10F1B000DFF8A0A03D46284C4C450DD3DAF80040BE
:10F1C000002C40D0183CB8F1000F24D1226952BB6A
:10F1D000A469F5E72F46EDE7B8F1000F03D12269E6
:10F1E0004AB91834E8E70022414620681BF062FA69
:10F1F0000028F4D1F5E76368BB4206DDAF4202D0D8
:10F20000AB42A8BF2B461D46EBE7EAD19047002E44
:10F2100008BF0646E5E70022414620681BF04AFA8F
:10F220000028D3D1D4E76368BB4206DDAF4202D0E9
:10F23000AB42A8BF2B461D46CAE7C9D19047002E56
:10F2400008BF0646C4E7AF42C4D13046BDE8F087E8
:10F25000CC300300483600203C3003004FF0FF3232
:10F260004FF0FF33014815F027BB00BF700A0020A4
:10F27000014815F093BB00BF700A002038B5094D56
:10F28000FFF7ECFF2B785BB9FFF7E0FE00F05CFACC
:10F29000044608B901232B70FFF7EAFF204638BD6A
:10F2A0000024F9E75F4B002010B5044650681BF0BE
:10F2B000FDF930B10246034920461BF056FD6FF0C0
:10F2C000070010BD055E030013B502290446009037
:10F2D00014BF0020506807496A460190FFF768FE96
:10F2E00030B10246044920461BF03FFD6FF0070095
:10F2F00002B010BDA9F30000235E03002DE9F04128
:10F300000E46C0B0002117469846469C1BF0F6F901
:10F31000054680B90123B6F5807F3246694628BF8D
:10F320004FF4807240466371B847021E07DA1949EC
:10F3300020681BF01AFD002040B0BDE8F08104D128
:10F34000154920681BF003FDF5E723794BB1012B2C
:10F350000CD0B6F5807FEED9104920681BF0E9FC8F
:10F36000E9E7694620681BF00EFDF2E7694611F8EF
:10F37000013B203B5E2B04D9094920681BF0F5FCBA
:10F38000D9E70135AA42F2DC6B46064920681BF03A
:10F39000D0FCDEE7405E03005A5E0300875E030098
:10F3A0006A5E0300815E030008B502990346D1E955
:10F3B000000222B104491BF0BCFC002008BD1A4623
:10F3C00002491BF0B6FCF8E7A85E0300059E0300A7
:10F3D0000229F7B505460C46164614D957681C494C
:10F3E0003846FCF7FBFE38B338461A49FCF7F6FE00
:10F3F000034648B128463A4617491BF0B6FC6FF061
:10F40000150003B0F0BD00238DF8043000238DF803
:10F41000053004F18043013B6A46104956F8230049
:10F420000095FFF7C5FD48B102460D4928461BF07F
:10F430009CFC6FF00700E4E70123E5E79DF8053049
:10F44000002BDED1284607491BF08FFCF1E700BFF7
:10F45000AF5E0300B65E0300BA5E0300FDF200007B
:10F46000CC5E0300E85E0300F0B5032905460C46B8
:10F470001646A1B022D9576822493846FCF7AEFE9D
:10F4800068B138462049FCF7A9FEB8B13A4628468B
:10F490001E491BF06AFC6FF0150021B0F0BD04F1AD
:10F4A0008043013B56F823703846FCF7A9FE02461C
:10F4B000AAB9284616491BF058FCECE704F1804332
:10F4C000013B56F823703846FCF79AFE6A4601461F
:10F4D000802338461AF041F96F460246E8E704F106
:10F4E0008044023C394656F82400FFF711FD0028FD
:10F4F000D3D00246074928461BF037FC6FF00700BF
:10F50000CBE700BFAF5E0300B65E0300BA5E030048
:10F51000FB5E0300125F03002DE9F04F00F10806C7
:10F520009BB00746894608234FF00041304607AAA2
:10F530001AF099FE002827DB089D0DB9284623E024
:10F5400025F0010A492307AA514630461AF08BFEDE
:10F550000AF1804B5946044630461AF091FE0823C2
:10F5600080462946304605AA1AF07DFE00280BDBAE
:10F57000002C069D02DDB8F1000F08DC514638462C
:10F580001BF030F90028D8D01BB0BDE8F08F04F193
:10F5900068030DEB03040023414604F84C3C054A84
:10F5A000CDF8009003AB07A8CDE9036BFFF7A2FDF0
:10F5B000E8E700BF25A702002DE9F04F9BB0044605
:10F5C0008846CDE90123002900F0B5804A21404654
:10F5D00022F085FD019B814693B3029BB3FA83F52C
:10F5E0006D094FF0000B49464046FDF78DF94FF08D
:10F5F000FF36DA4620F0404020F01F0040F0004384
:10F60000009304F10803039394F85C305B4519DA26
:10F6100053453CD3009F760006F01E0637436DB974
:10F620000125DDE9012304F10806304607F1804198
:10F63000FEF704FD002837DB002D45D1002033E024
:10F640000125CEE7009B07AA03EB4B073946492368
:10F6500003981AF008FE821C06D1B6F1FF3F08BFDE
:10F660005E460BF1010BCFE700281DDB002200F105
:10F6700068036B44484503F84C2C05D14A46404684
:10F6800007A922F0EAFCC0B10AF1010AE9E7BAF1E0
:10F690000F0F0CD9294803685B0703D00121284AC2
:10F6A0001AF0B3FE6FF01B001BB0BDE8F08F009B9B
:10F6B00084F85CA043EA4A07B1E7002DB1D039468F
:10F6C00020461BF08FF8EFE700230693636D002BB5
:10F6D00022DA636D47F00105059329460823304679
:10F6E00005AAFEF7ABFC0028DEDBA36D30460593D0
:10F6F000616D082305AA0695FEF7A0FC0028D3DB60
:10F70000636D4246C4E9155339464B463046FEF711
:10F7100095FC00EAE070C7E70848036813F0060F9D
:10F7200003D00221074A1AF070FE20461BF000F8B1
:10F730000028CED0B8E76FF01500B5E7C00800206C
:10F740003C6003005C6003007FB501236946032031
:10F750000193FFF787FB044668BB032002AA01A9B7
:10F760001AF00BFF044610B110F10C0F23D1009BCF
:10F7700003999A68134DB2FBF1F2C5E908125A6871
:10F78000DB68AA602B656B64C3B105F108001AF051
:10F7900063FD044678B985F85C0028461AF0C8FF76
:10F7A000044640B9084E28466E60FFF7CFFB284656
:10F7B0006E60FFF7D9FB204604B070BD6FF01204F5
:10F7C000F9E700BF401C0020EC39030010B50446E7
:10F7D0001FF0A4F90349024620461BF0AAFA0020B4
:10F7E00010BD00BFA760030037B5134600220446D2
:10F7F00001920A21586801AA01F00CFE019D95B9F9
:10F8000047F6122C20EAE074294640F2E7304FF424
:10F810007A720023E4FB0C01F9F7AAFA21F037FB16
:10F82000284603B030BD2A46204602491BF09DFA07
:10F83000019DF5E7D360030008B5034A03491BF0B7
:10F8400078FA002008BD00BFC0610300C661030054
:10F85000F7B51746002305460A2101AAB8680193A7
:10F8600001F0D8FD1749C6B228461BF070FA019C7A
:10F8700044B12246284614491BF077FA019C2046E1
:10F8800003B0F0BD042E09D9324628460F491BF0BB
:10F890006CFA28461BF0B6FA0124F0E77868FEF708
:10F8A000A1FF021E07DA28467A6809491BF05DFAB3
:10F8B0006FF01504E3E733462146204612B21AF0F2
:10F8C00018FDDCE7E96103004F6203007662030084
:10F8D0008D620300002307B50090694604488DF847
:10F8E000043016F0A9F89DF8040003B05DF804FB9D
:10F8F00079A9020038B50446EFF31185402383F35C
:10F900001288BFF36F8F0FF049FC024685F3118810
:10F91000BFF36F8F064920461BF00BFA20460549BE
:10F920001BF007FA2146044816F0A0F8002038BD65
:10F930001F6303003E6303003DF90000F0B599B07A
:10F9400004460D46D0F8B06021F07DF9034603F07F
:10F950007DFA314A1158314A3148002B18BF1A46F6
:10F960000092304A23468C4218BF024628462E4950
:10F970001BF0DFF9D4E90A23CDE90023284694F9E6
:10F980000E30A28929491BF0D4F9202210A9204663
:10F9900015F044FBA36F0246254928461BF0C9F920
:10F9A00004A9204621F067F907460AA821F06DF95D
:10F9B00007431DD1DDE90A236421049FDDF814E02B
:10F9C000A7FB010C01FB0EC1F9F7D2F93A46034639
:10F9D000184928461BF0ADF920460AA921F041F943
:10F9E000024650B1284614491BF0A3F919B0F0BDE6
:10F9F000284612491BF09DF9EEE764220A9B28462F
:10FA0000F11A4A43B2FBF6F20091CDE901620C49CA
:10FA100032461BF08EF9E9E7080000004863030056
:10FA2000935D03000D7C03004B63030057630300E9
:10FA3000836303009A630300E2630300BF63030070
:10FA40000F64030030B5044691B008AD20220021B8
:10FA5000284622F0EFFA1A222021284622F0EAFA5C
:10FA60002146104816F002F807AA4FF400610E482C
:10FA700021F0EBF86423079A2046C2F500614B435E
:10FA8000DB0A05934FF400630095CDE90313CDE93C
:10FA9000013206490023044A1BF04BF9002011B043
:10FAA00030BD00BFB1FA000020AB00205B64030052
:10FAB00070B504460D46D0F8B06088B007A921F0B3
:10FAC000D0F8024628B128460E491BF032F908B09A
:10FAD00070BD204621F0B7F86422079B0096F11A0A
:10FAE0004A43B2FBF6F2CDE90131074BCDE903629F
:10FAF000002818BF03462246284604491BF019F97E
:10FB0000E5E700BFE263030048630300A464030069
:10FB100038B51346054610220021586818F010FE2B
:10FB20000446FFF7D7FE38B9224628460D491BF098
:10FB30001CF96FF0150038BD03F088F90A4B1B580B
:10FB40009C4204D1284609491BF00FF9F1E72046F1
:10FB500015F038FC2846224605491BF0EAF800203B
:10FB6000E9E700BF08650300080000002365030003
:10FB70004B65030038B5134605461022002158682E
:10FB800018F0DEFD0446FFF7A5FE38B922462846E8
:10FB90000D491BF0EAF86FF0150038BD03F056F977
:10FBA0000A4B1B589C4204D1284609491BF0DDF83A
:10FBB000F1E7204621F0DDF82846224605491BF0F2
:10FBC000B8F80020E9E700BF08650300080000005E
:10FBD0008A650300B065030038B513460546102258
:10FBE0000021586818F0ACFD0446FFF773FE38B9E1
:10FBF000224628460D491BF0B8F86FF0150038BDB5
:10FC000003F024F90A4B1B589C4204D128460949A9
:10FC10001BF0ABF8F1E7204603F0A2F82846224695
:10FC200005491BF086F80020E9E700BF08650300DE
:10FC300008000000EB6503001066030010B50C46D9
:10FC400000211BF046FB00B100680023024A20603F
:10FC5000C4E90123E36010BD2B67030010B50C4617
:10FC600000211BF03AFB00B100680023024A20602B
:10FC7000C4E90123E36010BD2B67030070B505469E
:10FC8000506814461BF02DFB064640B962682846B2
:10FC90000F491BF06AF86FF01204204670BD20F087
:10FCA00026FD30B162680B4928461BF034F8002469
:10FCB000F3E7304620F012FD6268044628B103469F
:10FCC000054928461BF051F8E7E70449ECE700BF77
:10FCD000486603005D6603007F660300AC660300B0
:10FCE0002DE9F04F8FB0044601A88846914614F0E4
:10FCF00053FC019F08212D4A07EB401720461AF0BC
:10FD0000FDFF019EBE4203D300200FB0BDE8F08F7F
:10FD100035680DB12B7833B933463021244A02A817
:10FD200018F070FC02ADB8F1020F07D12846D9F8DF
:10FD3000041022F0E0F908B92036E3E72B46082149
:10FD400020461C4A1AF0DAFF304620F0D0FC1A4A4E
:10FD50001A4B0821002808BF13462046184A1AF0FB
:10FD6000CDFFF369002BE7D01D68002DE4D02B6890
:10FD7000002BE1D008212046124A1AF0BFFFAB4603
:10FD80004FF0000A2B68534505D8082120460E4A3B
:10FD90001AF0B4FFD0E7082120465BF8043F0B4A75
:10FDA0001AF0ACFF0AF1010AECE700BFDF660300BE
:10FDB000E9660300EE660300D6660300D066030022
:10FDC00056660300F366030044640300EF66030015
:10FDD000F7B5137806463A2B0F46154614D1541C36
:10FDE00023783A2B28D101340A22204601A918F0A1
:10FDF00033FC019A0346A242386017D01078A8B9A4
:10FE00003C2B15D915490EE00A22284601A918F005
:10FE100023FC019CB860AC4208D023783A2B05D172
:10FE2000172807D90E4930461AF09FFF6FF01500CA
:10FE300003B0F0BD0134D3E70A22204601A918F02F
:10FE40000BFC019B7860A342F0D01A783A2AEDD1DE
:10FE50003B2801D90349E6E75C1CC5E7936703002B
:10FE600075670300836703002DE9F0410D4694B0E8
:10FE700006A9044601201746FDF7EEF90BA906A8CE
:10FE800018F0F4FA032D55D17D680A22284605A9F9
:10FE900018F0E2FB059E8046B54215D032782D2A37
:10FEA00012D101360A22304605A918F0D5FB059B70
:10FEB0009E4209D01A782D2A06D1451E0B2D0CD949
:10FEC0002E4920461AF051FF20461AF09BFF6FF092
:10FED0001505284614B0BDE8F0815E1C0A223046A4
:10FEE00005A918F0B9FB059B9E42EDD01B78002BAD
:10FEF000EAD1431E1E2B01D92149E2E7A8F26C7317
:10FF0000CDE90F53BA680E9020460BA9FFF760FFAA
:10FF10000028D9D10BA8FDF7BFFAB1F1FF3F08BF08
:10FF2000B0F1FF3FCDE9060108D1204615491AF08E
:10FF30001CFFCCE7022DC7D17A68E5E700230893C0
:10FF4000012006A9FDF7BEF9054628B102460E4973
:10FF500020461AF00AFFBAE70B9B109A03930C9BFA
:10FF6000204602930D9B094901930E9B02F26C728D
:10FF700000930F9B01331AF0DCFEAAE7A36703008E
:10FF8000B2670300BF670300E8670300FF67030071
:10FF900010B5044692B004A90120FDF75DF909A946
:10FFA00004A818F063FA099B0E9A03930A9B204653
:10FFB00002930B9B064901930C9B02F26C72009317
:10FFC0000D9B01331AF0B5FE002012B010BD00BF2A
:10FFD000FF6703002DE9F0411446884607461022CA
:10FFE0000021606818F0ACFBB8F1020F06461CD97E
:10FFF0000A220021A06818F0A3FBC5B22A463846A1
:020000021000EC
:100000001E491AF096FEB8F1030F1DD8102D0ED020
:10001000202D0FD0082D0FD13278D2B200233846D0
:1000200017491AF086FE00200CE02025E6E732880A
:1000300092B2F3E73268F1E7384612491AF079FED6
:100040006FF01500BDE8F0811022E068002118F083
:10005000DDFB0B46024604460B4938461AF069FEA2
:10006000102D06D0202D07D0082DE5D1E4B2347034
:10007000D9E7A4B23480D6E73460D4E749680300F6
:10008000746803005E6803008768030000232DE99D
:10009000F04791464FF0FF35012286B00193514B56
:1000A000074688461A602026FDF74CFA2C4649463A
:1000B00040464D4AFDF76AFA431C06D1691C41D1FE
:1000C0004A4938461AF051FE17E073281AD07728AB
:1000D00028D0612811D1DFF818A11021DAF800002A
:1000E00001AA01F097F9019B0546002BDFD0DAF851
:1000F0000020404938461AF038FE6FF0150006B06F
:10010000BDE8F087DFF8E8A00021DAF8000001AAD6
:1001100001F080F9019B0446002BC8D0DAF80020DA
:100120003549E7E7DFF8C8A00021DAF8000001AAA6
:1001300001F070F9019B0646002BB8D0DAF80020D8
:100140002E49D7E7621C01D12D49BAE75FFA86F83C
:10015000A8F10803DBB2182BC6F3C40604D8294A59
:1001600022FA03F3DB0723D44246384626491AF025
:10017000E0FDC2E7B8F1100F21D0B8F1200F24D074
:10018000B8F1080F01D10A781A703144334442188B
:10019000102AEFD9102CA14628BF4FF0100929468C
:1001A0004B46384602AA01F02FF81035A4EB09049B
:1001B000B4B1A642EED8294602AB701BE7E70A8825
:1001C00092B21A70120A5A70DFE70A68C2F3072C5B
:1001D0001A70120C9A70120A83F801C0DA70D4E710
:1001E00020468CE764030020D7680300DE68030024
:1001F000143600209D680300B0680300C368030044
:10020000FB680300010100011569030070B50E4E83
:1002100004460D46337829B123B10C49BDE870403E
:100220001AF0A3BD83F0010333702BB120460849B7
:100230001AF07FFD0123337029462046BDE8704047
:1002400000221AF0F9BD00BF604B00202F690300A7
:100250006A6903002DE9F04105460C46DFF8EC80A1
:100260003B4E8F18A74201D1BDE8F08198F80020DD
:1002700014F8013B182A22D1112B20D10026354C2D
:1002800028462268344988F800601AF052FD284652
:100290003146FFF7BBFF314B18780028E4D1304AD4
:1002A00023681168042B2EDC08B12360116013F061
:1002B00003012FD1126813681BBA1360D4E7A3F1AE
:1002C0003002092A88F8003004D923F02002413A8C
:1002D000052A04D83168234A535401313160336808
:1002E000022BBFD1102200211E4818F029FA1E4A05
:1002F000136803F8010B1360164A13680133136087
:1003000000233360AEE70868043B00BA41F8040BF1
:100310000120C7E75B4203F0030358BF594202299B
:1003200004D1126813885BBA9BB2C6E703299BD13C
:10033000106802681104C2F3074301F47F010B4304
:1003400002F47F42134303608EE700BF614B00203D
:10035000503600205436002094690300624B002080
:1003600058360020634B00205C3600202DE9F8430E
:100370000023804617460D462549264E0B60264928
:1003800033700B60012DB94657F8044F1DD9022276
:100390002046224921F07EFE70B9A378003B18BFA9
:1003A00001231C44022220461D4921F073FE28B976
:1003B00001233370013DE5E70023F2E720461749AA
:1003C000FBF70CFFC0B909F104090022D9F80400B9
:1003D000114618F0B5F90022124B11461860D9F8F1
:1003E000040018F0ADF9104B104918604046FFF7B3
:1003F0000DFF0020BDE8F88323782D2BE5D163782D
:10040000002BE2D02246404609491AF092FCD1E77F
:1004100050360020624B002054360020AE690300A5
:10042000B16903005C3600205836002055020100F7
:10043000B469030008B502491AF07BFC002008BD2E
:10044000116B030008B502491AF073FC002008BDC7
:100450001F6B030008B502491AF06BFC002008BDB1
:10046000286B030007B5094820F041F958B104236F
:100470003A22009305490123054800F019FF0020A6
:1004800003B05DF804FB6FF01200F9E78823030066
:10049000CC30030010B54468C4E90012A360426880
:1004A0004021134653F8404B51635362002302F13D
:1004B0003801C2E904130821C2E90A33C2E906334C
:1004C00013631162C2F8B830A36823B11B6C13B177
:1004D000204604499847A3681B6A0BB120469847F9
:1004E000002010BDE90401002DE9F74F05460C4638
:1004F0008368DB6B03B19847AB68DB6A002B35D1AF
:100500004FF00008DFF810A104F12409218E238D9B
:10051000626B5B1A9BB2D31A934204F1280B28BF7B
:1005200013465946484601AA19F03EFA07460028E4
:1005300041D0AB6801991B69002B37D00246284691
:1005400098470646002818BF48F001083246594629
:10055000484619F05FFA0EB1BE42D7D0B8F1000F8D
:1005600008D0D4E901310020984703E02846984795
:100570000028C5D1AB68DB6993BB628BE38A04F1C9
:1005800010079B1A226A9BB2934204F11A0828BFF3
:1005900013464146384601AA19F006FA064630BB12
:1005A00028461AF0FFF9C4F8B8602CE06FF057063F
:1005B0004FF00108CAE7DAF8003013F0060F04D054
:1005C00002215046154A19F020FFAB681B69002B29
:1005D000C4D0012228460DF1030198470646BAE728
:1005E000284698470028C8D103B0BDE8F08FAB6813
:1005F0000199DB6863B102462846984702464146A6
:10060000384619F007FAD4E9013101209847EBE7A1
:100610006FF05702F3E700BFC80800201D6C03000D
:1006200010B504468168183101F080F9A1682046B0
:10063000BDE81040014A183101F018B95F6C0300A1
:1006400038B583680446D3F88032DB051DD4C06911
:100650001BF08FF9606803685B689847054620B90E
:10066000E0681BF05FFBA3681D75A3685B6C13B1AA
:10067000294620469847002202F0E8FBA368C3F809
:10068000A022034B185802F06BFB6FF00F05ECE74C
:100690000800000001491AF0FFB900BF44640300DC
:1006A0002DE9F04FA7B004465422002111A821F0F3
:1006B000C1FC0023CDE90533A36820465C330293D7
:1006C0001AF02AFF20461AF06DFE10B96069FFF794
:1006D000E1FF00264FF0FF38B246B3463546B1463B
:1006E000A06814220021183021F0A4FC20461AF042
:1006F000B5FDA168E068B1F854205C311BF0D7FA71
:1007000020461BF038FB11AF0396DDE90532012AC4
:100710006BD0132B6CD8B8F1000F2AD1BBF1000FAE
:100720000AD020461BF048FB1423A26811A95C32B2
:100730000DEB03001AF032FCB9F1000F0CD099F860
:100740001130FE2B08D1059B26AA02EB830252F83A
:10075000542C0AB101330593A068436A002B40F082
:10076000B580C6B1C369B3422BD00D9600F1180510
:1007700022E002233946029A06A81AF00FFC7A6892
:1007800006990346029231B101290AD148B16A4A59
:1007900020461AF06CFF6FF00705284627B0BDE829
:1007A000F08F059B002B32D0386801F0EFF898B13C
:1007B00066B1A5680D9618350CAE0FCE0FC533681F
:1007C0002B602046FFF72CFF0125E6E75B4A01215D
:1007D00020461AF04CFFDEE7059BC3B129462046B0
:1007E0003A6801F06DFA022809D1059B132B95D9BF
:1007F000069B022B92D10121514B524AC8E7032894
:1008000005D0059B4FF0010B013305937DE7039B5A
:100810002BB94846396807AA1AF097FC05460437F1
:1008200008F1FF38A5B3EB68BBF1000F08D0FBB1AE
:1008300020461AF071FE20461AF0CBFD424AC6E768
:10084000B3B1AE46A368DDF814A003F1180CBEE8FE
:100850000F00ACE80F00DEF80030CCF80030AB68D9
:1008600033B96B7CFE2B04BF95F8108008F1FF387C
:10087000D5F804C0BCF1000F08D0AE460CAEBEE8FF
:100880000F000FC6DEF8003033606646A94603E06D
:10089000059B63B101230393B8F1000F03D1069BBD
:1008A000022B7FF432AF059B013305932DE7A3683C
:1008B000DB6A13B1DB68002BECD1244B01210093E0
:1008C0002046119B224A1AF0D2FEE3E7059D90F8DC
:1008D0002830A5EB0A05BBB14FF6FF7290F829103E
:1008E000FF2918BF0A469D4202D313449D420BD9EB
:1008F000836901212046174A1AF0B9FE2046FFF706
:100900008FFE6FF0150548E701211AF0E4F8A068A2
:100910001AF0D5F8A36811AA29465B6A02EB8A028D
:10092000204698470546A0681AF0CDF80021A06837
:100930001AF0D1F831E700BF6D6C0300816C030041
:10094000E26C0300059E03009F6C0300CE6C030065
:10095000C46F0300066D0300F7B5044680680D46BA
:10096000817D002949D1D0F880325A0504D51AF08A
:10097000BDF8E0681BF06DF9E368DB6873B9002D22
:100980003BD0A66806F15C0738461AF092F80028BA
:1009900035D0394606F5AE70FBF72AFCA268294629
:1009A000E0680DF106035C321BF056F958B9A068F7
:1009B00000F5AE715C30FBF71BFCA0685C301AF0F0
:1009C00078F8ADF8060020461AF09FFDA368D3F82A
:1009D0007C329B0603D50B4960691AF05DF820460E
:1009E00000F07EFDA268BDF806302046A2F8563021
:1009F000A268A2F854301AF0ECFC03B0F0BD86F8FF
:100A00005C01CBE748360300022210B58368044638
:100A10001A7583689B6CBBB91AF01DF88368D3F80C
:100A20008032DB040BD50321084B094A1AF01FFE64
:100A3000A0686FF4805100F520701AF022F820466B
:100A4000BDE8104000F0D0BE10BD00BF216D030016
:100A5000F066030000232DE9F04F0446B1B009937E
:100A6000A36860689E6C026815691EB3DF6C102273
:100A700009AB1BA9A847099BCBB10121A0681AF0BB
:100A80002AF8A0681AF01BF83B46099A1BA92046D1
:100A9000B047A0681AF017F80021A0681AF01BF8F8
:100AA000A3689B6C002BDBD12046FFF7ADFF31B074
:100AB000BDE8F08F09AB01220DF12301A847099B86
:100AC000002BF4D09DF923109DF823300029A26853
:100AD000C6DB517D032900F21C83DFE811F004001E
:100AE0008F02B3021A030D2B43D00A2B41D0B2F868
:100AF0008012092B21F0FF01A2F880126DD028D8B6
:100B0000002B00F00281082B00F0EB81A268D2F8E4
:100B10007C12890740F1F980013B162B00F2F58029
:100B2000DFE813F0E002FE010202FA01DA021B0222
:100B3000F300F300F300F3001F022302F300380276
:100B4000F3003D02F300F300F3003F024F02F30015
:100B500064021B2B3DD07F2B00F0D081A3F120023B
:100B60005E2AD3D80121A06819F0C0FF9DF8231098
:100B7000BBE0D2F88012C9B221B1D2F88012C9B25A
:100B80008B42C3D1B2F8801263F30701A2F880123E
:100B9000A568AB7D012B06D16069FFF77BFD0222C2
:100BA000A3689A7583E7B5F8541061B9284619F01F
:100BB0009DFFE0681BF04DF86069FFF76BFD204674
:100BC000FFF722FF4CE72046FFF76AFDC5F8A402B5
:100BD000F5E70122A3685A7597E0A068D0F87C3247
:100BE0009B0740F19280012119F080FFA068857D6C
:100BF000002D40F08A80B0F85430FF2B00F0858043
:100C0000B0F8562000F15C0100F5AE7021F0ECF96F
:100C1000A3681BA9B3F856200BA8134483F85C51B2
:100C2000A268142302F5AE721AF0B8F90B991429D0
:100C30006BD830AB03EB810343F8545CA368B3F883
:100C40005620002A00F06782134493F85B30202B73
:100C500000F0658221B1093B042B4BD9012948D111
:100C600000250A950A9B30AA02EB830353F854AC83
:100C70000026504619F01DFFB34681463746B04660
:100C80004146284616AA00F08BFB0346002840D1B7
:100C9000012E67D10A9B30AA02EB830353F8540C50
:100CA00019F007FFA268064639462846183200F0B8
:100CB00077FB0568284619F0FCFE864205D0821BAA
:100CC00092B22046A9191AF019FDA068B0F8563062
:100CD000034493F85C30202B33D0093B042B30D9EC
:100CE000D0F87C32DF0731D42021204600F044FDCB
:100CF0000BE0013900200CAB009301900AAB1BAA5A
:100D00001AF04EFA05460028ACD160691AF09FF837
:100D1000A6E61B684A4651461846039321F0BAF9E5
:100D200060B9039B1846FBF76BFA584538BF584625
:100D3000002E08BF47461FFA80FB013608F1010864
:100D40009EE7012120461AF078FBDEE7002119F02A
:100D5000D8FE2021204600F00FFD0121A06819F0E7
:100D6000D0FED2E70490D0D90A9A30AB03EB8202CE
:100D700052F8543CB9461846039319F09AFE049B66
:100D8000A2680690A2F840300496A2684946284618
:100D9000183200F005FB039BD0F800A0D4F80880BF
:100DA00009F10109002B38D0BAF1000F38D01946EB
:100DB0005046069A21F06EF90028E6D19B4819F0BA
:100DC00078FEB8F83A2000EB0B0189B2121A92FBB8
:100DD000F1F2504692B20591079219F06AFE059918
:100DE000079A091A8BB2B8F840100593481CA8F866
:100DF0004000B1FBF2F002FB101189B200295DD175
:100E000006212046894B8A4ACDF800A01AF02FFC13
:100E10002046059900F04EFB05E0BAF1000FCDD158
:100E20000023A8F84030049B013B0493ADD16069D6
:100E3000FFF730FC204600F0D7FC0A9B30AA02EBFB
:100E4000830353F8540C19F034FE394611AA804636
:100E5000284600F0A5FA07F101090746A06839689D
:100E6000FF2200F5AE7021F027F93B684FF6FF77BF
:100E7000BA4603934946284616AA09F1010B00F029
:100E80008FFA10B30022A168036801F25B1111F818
:100E900001EF985C704503D110B101325245F6D193
:100EA000B8F1000F01D0424506DBBA42A8BF3A466E
:100EB000013E012E97B208D0D946DBE75346062102
:100EC00020465C4A1AF0D3FBA2E7002F3FF41DAF87
:100ED0000399A7EB0802204692B241441AF00EFC97
:100EE00013E7A068D0F87C329E077FF50EAF012192
:100EF00019F0FCFD20461AF022FC06E7A068D0F8A5
:100F00007C329D077FF501AF012119F0EFFDA36849
:100F1000D3F87C321807EDD420461AF0F1FBF4E642
:100F200020461AF002FBF0E620461AF0F5FA2046B9
:100F30001AF038FA10B96069FFF7ACFB0121A0681C
:100F400019F0D4FDA3689A7D012A02D103229A7573
:100F5000DBE62046FFF758FDD7E620461AF0EEFA0A
:100F6000D3E620461AF0F5FACFE6D2F87C329F0697
:100F700003D53149606919F08FFDA368D3F87C323D
:100F80009E0603D52D49606919F086FD204600F0C4
:100F90002BFCBAE600212046FFF7DEFCB5E6012176
:100FA000F9E7E06983681B79012B02D11AF0E1FCB3
:100FB000ABE6022B7FF4A9AE2146126D1AF0C2FCFB
:100FC000A3E620461AF0A1FA204619F044FD0121BB
:100FD000A06819F08BFDA368D3F87C329D067FF5DD
:100FE00094AE1749606919F057FD8EE6204600F06F
:100FF000F1FA0121A06819F079FD86E65B2B02D198
:101000000223537581E6D2F87C22900706D5622B25
:1010100007D14FF0FF3120461AF038FA0022A368BA
:10102000D9E5662BFAD10121F5E700BF925D0300F7
:10103000656D0300F06603004D3603005236030071
:101040004836030000215175A268D2F87C12890746
:101050007FF506AD313B1B2B3FF657AE01A151F892
:1010600023F000BFE1100100ED10010001110100AB
:10107000D51001000B0D01000B0D01000B0D01003F
:101080000B0D01000B0D01000B0D01000B0D0100FC
:101090000B0D01000B0D01000B0D01000B0D0100EC
:1010A0000B0D01009F0F0100950F01005B0F010068
:1010B000210F01000B0D0100D91001000B0D0100E3
:1010C000E51001000B0D01000B0D01000B0D0100DF
:1010D000F11001000323537520461AF01DFA14E69F
:1010E0000323537520461AF010FA0EE603235375B6
:1010F000A068D0F87C1201F0010181F001012EE618
:1011000003235375A368D3F87C329B077FF5FDADAD
:1011100002E7002375E700297FF4A0ADA0E50029D0
:101120007FF4E8AD9CE500BFF7B50446806815463E
:1011300000F52070002937D04FF4804119F096FC5B
:10114000A36800211D65606803689B68984780BBA1
:10115000204619F05FFD60BB4FF0FF364FF0FF37C0
:10116000A06800F5217000220721CDE9006720F07A
:1011700045F8A06819F0A7FC042120460E4A19F092
:101180002DFD012120460D4A19F028FD204602219F
:101190000B4A19F023FD606803685B6903B1984747
:1011A000A06819F08CFCDBE76FF4804119F069FC52
:1011B000C6E703B0F0BD00BF41060100ABAB0200C3
:1011C0004FAB020010B504460A4919F0B2FD2046A3
:1011D000094919F0AEFD2046084919F0AAFD20463C
:1011E000074919F0A6FD20460021064A00F03EFB03
:1011F000002010BD6B6D0300A96D0300086E030095
:101200005C6E0300F76E0300F8B516460A462149E6
:1012100004461F46002519F08CFDAF420ED920462A
:10122000725D1D4919F085FD0135102D0BD06A073F
:10123000F3D12046194919F07CFDEEE72046184904
:1012400019F077FDF0E72046164919F072FD0025E8
:10125000BD4213D2725D2046A2F120035F2B28BF4E
:101260002E22114919F065FD0135102D0BD06B07A9
:10127000EED12046094919F05CFDE9E7204607490F
:1012800019F057FDF0E72046BDE8F840074919F08E
:1012900050BD00BF0D6F03008B5D0300935D030025
:1012A000915D0300955D0300346F0300146F03002C
:1012B0002DE9F041044680688846D0F8A0621546C2
:1012C0001F4688B0002E50D14FF42A72314620F0CC
:1012D000B1FEA06800F521701FF080FFA06800F546
:1012E0002470012211461FF089FBA3694FF400719D
:1012F0001E60A06866F3820500F5207019F0B6FB49
:101300005022A36820465A871822A3681A872168AA
:1013100019F051FDA3684146C3F87C526068144A35
:1013200003681D682346A8470546D0B90122A36873
:101330001A75D4E90A0100220023CDE906230E2301
:1013400003930E9B4FF40062CDE901730495094BA2
:10135000009413F01BFFA368C3F8A002616A13F0A6
:101360004DFE284608B0BDE8F0816FF07705F8E73C
:1013700021AB02002911010010B5044613460A46AC
:101380000146064801F0A2FF23691B7923B12046DC
:10139000BDE8104019F05BBD10BD00BF67AE020094
:1013A00038B50B46154648B91449154A521AB3EBDD
:1013B000920F05D251F82350284638BD84680CB9E5
:1013C0000025F9E70F4A94420AD30F4A944207D204
:1013D00018462946226890472B68002BECD1EFE78E
:1013E0000A4A944202D30A4A944205D3246814223A
:1013F0005343E518E358F0E70133F8E7FC30030006
:101400003C31030068320300703203003C310300BA
:1014100068320300F7B5037804462D2B154605D135
:101420006FF0150300202B6003B0F0BD01F00EFD3E
:10143000002306460A4F0A46C35101A9204617F069
:101440007FF9F359222B02D16FF02103EAE7002B39
:10145000E6D1019BA342E3D01B78002BE4D0DFE769
:101460000C0000008368D3F87C329B0603D5024948
:10147000406919F078BF704758360300014919F0E8
:1014800072BF00BF446403000A1E0DDC0ED042236D
:101490008168D1F87C12890608D5002A0449406980
:1014A000B8BF524219F05FBF4123F1E7704700BF58
:1014B000306F03000A1E0DDC0ED044238168D1F882
:1014C0007C12890608D5002A04494069B8BF5242F7
:1014D00019F049BF4323F1E7704700BF306F0300A5
:1014E0002DE9F0478468054604F15C00FAF788FEB0
:1014F0000022914694F83C8087B2668FA6EB0806DE
:10150000BE4209DB002F21DD5C32686922441049AC
:10151000BDE8F04719F027BF1644344494F85CA0A6
:1015200084F85C90AB685C321A440A49686919F027
:101530001AFFAB683246334483F85CA0AC68638F13
:10154000A3EB0803FF1A4FF00008D6E7BDE8F087C9
:10155000F0660300059E030008290A4617D8836831
:1015600093F83E10914212D083F83E208368082AF7
:10157000D3F87C3205D0990609D50549406919F0A0
:10158000F2BE9B0603D50349406919F0ECBE7047D3
:10159000376F03005D36030038B50D460978044601
:1015A000FFF7DAFF6A78072A11D8A36893F83F108B
:1015B00091420CD083F83F20A368D3F87C329B067D
:1015C00005D560690249BDE8384019F0CCBE38BD88
:1015D000406F0300F8B583680446B3F85420002A2E
:1015E00055D0B3F85610002951D05B3103F15C059A
:1015F0000B441846A84206D3014611F80169202E73
:101600003CD0A8423CD286B29DB2AB1B9BB2591CC7
:10161000471CD21A0144384620F0F3FCA268711B23
:10162000B2F85430204613FA81F3A2F85430A3687C
:1016300009B2B3F854201344002283F85C2019F057
:10164000FCFEA368D3F87C329A0603D51049606982
:1016500019F089FE3B46082120460E4A1AF007F889
:101660002046FFF7FFFEA368D3F87C329B060ED519
:1016700060690949BDE8F84019F075BE0846B9E748
:10168000014611F80169202EBDD00846B9E7F8BD22
:1016900062360300F0660300663603002DE9F0476A
:1016A00004460F4690460AB1FFF7DCFEA668D6F85E
:1016B0007C32B6F856505B0723D505F15C00304408
:1016C000FAF79EFD0546B5B9A368B3F85420A3F810
:1016D0005620A06819F054FE30B1B8F1000F00D0C8
:1016E00017B16069FFF7CAFE79422046BDE8F047AE
:1016F00009B219F0A2BE1D49606919F034FE013D1E
:10170000E1E73046FAF77CFDB6F85490738F19FA8A
:1017100080F915FA80F0B0FBF3F2B9FBF3F39A42CB
:10172000AA461AD04845A368CEDA5A8F451CB0FBAA
:10173000F2F302FB130313B96069FFF79FFEA3687E
:1017400020465344082193F85C30094A0AF1010607
:1017500019F08DFFB2462846E4E75C3508212046A3
:10176000044A731919F083FFAEE700BF0D7C030034
:10177000346F0300F066030013B583688DF807101B
:10178000D3F87C220446D00725D5B3F85610B3F819
:1017900054208A421FD0481C9DF80720A3F8560009
:1017A0000B4483F85C20A368D3F87C12890710D51A
:1017B000D3F87C32606913F0040F18BF2A2209495C
:1017C00019F0D1FD204619F0EDFD10B16069FFF769
:1017D00055FE02B010BD012220460DF1070119F09F
:1017E00053FFF6E7346F030010B5836804469A7D13
:1017F0001AB90221084A19F03AFFA368D3F87C32DB
:101800009B0707D52046FFF76BFE2046BDE810403A
:1018100019F0EEBD10BD00BFF066030001491AF0DB
:1018200024B900BF44640300F8B50F46516805466B
:1018300016461C4611B11A461AF024F9B3688BB14A
:1018400021462846FFF736FE0821074A3B46284630
:1018500019F00DFFB168E21D21B12846BDE8F8403E
:101860001AF010B9F8BD00BF496F03002DE9F0432D
:101870000E460021044617460D4689B0304603AA9D
:1018800001F10108FFF78CFD88B96DB127B13A4627
:101890000821204619F0EBFE0021304603AA01F191
:1018A0000108FFF77DFD60B909B0BDE8F08300686D
:1018B00010B1FAF7A5FC80B2854238BF0546414613
:1018C000DCE7D0F80090B9F1000F0FD099F80030A4
:1018D00063B1476808212046CDE90059104B114AF1
:1018E00019F0C5FE27B96069FFF798FF4146D4E7B4
:1018F0000B4B204608210C4A19F0B9FE38461AF065
:10190000A2F8AB1D9BB228B13A4649462046FFF7E4
:101910008BFFEBE71A46394620461AF0B3F8E5E7A5
:101920000EC30300546F0300865D0300F7B50F6814
:1019300005460E46D7B13846FAF762FC84B2114B21
:10194000082128460093104A3B4619F090FE716822
:1019500008461AF078F8E31C9BB248B10A462846BC
:10196000316803B0BDE8F040FFF75EBF3C46E6E7F4
:1019700031B11A46284603B0BDE8F0401AF082B8EB
:1019800003B0F0BD0AC30300666D030010B507493C
:101990000446FAF723FC38B120460549FAF71EFC45
:1019A000B0FA80F0400910BD0120FCE75B6F030036
:1019B0005E6F030010B583680446D3F87C329B0643
:1019C00003D5064940691AF0C9F85022A3680020DF
:1019D0005A871822A3681A8710BD00BF6A36030011
:1019E00008B5836902491A6819F0A3F9002008BDF7
:1019F000656F0300F7B50C49054619F09AF9002206
:101A00000A4C0B4EB44202F1010702D3002003B08E
:101A1000F0BD636A92B20093A3682846054919F0A5
:101A200088F930343A46EDE7756F0300CC30030097
:101A3000FC3003008D6F030008B5024919F0BBF9B3
:101A4000002008BD4564030037B504460025A268A0
:101A50000DF106030121E06802F5AE721AF0FCF800
:101A6000BDF80600A36840B12A462046054903F5A3
:101A7000AE7319F05EF90135E9E783F85C0103B054
:101A800030BD00BF9E6F030010B5044619F0CCF9BD
:101A900003490246204619F04CF9002010BD00BF52
:101AA000AA690300022907B50BD153680C490093BA
:101AB00012680C4B19F059F96FF0150003B05DF87E
:101AC00004FB8368084AD3F87C32084913F0020FFC
:101AD000074B18BF1A4619F02CF90020EEE700BF9B
:101AE000C16F0300AC6F0300A86F0300CA6F03004F
:101AF000DF6B030010B583680446D3F87C329A0686
:101B000003D5074940691AF029F8A368D3F87C3255
:101B10009B0603D5034960691AF020F8002010BD28
:101B20007136030076360300F0B50129044685B00E
:101B30000BD053685C49009312685C4B19F015F99F
:101B40006FF01505284605B0F0BD8368D3F87C32E8
:101B50009A0603D5564940691AF000F800256FF03F
:101B6000F9012046FFF790FCFA212046FFF7A2FC7E
:101B7000A0684FF48072294600F5AE708DF80B50C6
:101B800020F058FA4B49606919F0E8FF606919F0D4
:101B90005EF94FF47A766068012203680DF10B015B
:101BA0001F6903ABB847039B53B9013E4FF47A70EA
:101BB000B6B21EF077FD002EEDD16FF0850535E051
:101BC0009DF80B20A3681B2A61D093F85C111B2998
:101BD000E1D1522A5BD15A19002382F85C31A66800
:101BE00096F85D215B2A39D1022006F25D1515F8C1
:101BF000011F02463B2900F1010080B231D1FF2ACA
:101C0000DBD002F5AE7216FA82F1002211F8015F04
:101C1000002D30D1FA2A28BFFA22FA2B28BFFA2346
:101C200086F85C51A1684A87A2681387A368D3F835
:101C30007C329B0603D52049606919F08FFF002D87
:101C400080D05022A36820465A871822A3681B49D7
:101C50001A8719F07CF86FF0070573E786F85C3196
:101C6000ABE703EB8303303901EB4301B0F5807F31
:101C70008BB2BCD1A1E7013002EB820280B2303DD1
:101C800005EB4205B0F5807FAAB2BFD195E72B44A2
:101C90000135ADB2092D83F85C217FF67CAF0022BF
:101CA000A36883F85C2188E7C16F0300AC6F030071
:101CB0007C36030011C3030080360300DB6F030092
:101CC0002DE9F04F07461546894689B021B11046E7
:101CD0001AF03DF800285BD1032455E05C463CE057
:101CE00029460AF5AE7020F006FA0646002854D0C0
:101CF000FAF786FA82B2601C31460132304420F095
:101D000080F922465946304620F06EF94FF0200304
:101D10003355BAF8583008F1010801331C44AAF8C9
:101D20005840002401994B1C484603AA0193FFF731
:101D300037FB0646E8B10022284631681AF0DFF882
:101D40000028EFD1D6F800B0D7F808A0BBF1000FFB
:101D5000C4D05846FAF754FA84B2BAF8583023443B
:101D6000FF2BBDDD2B46032138460D4A19F07FFCC1
:101D70000124B8F1000F07D0B8682A4600F15801D5
:101D800000F5AE7019F0BAF9204609B0BDE8F08F41
:101D90004FF0000802244146C5E70224E9E700BFEE
:101DA000C674030008B5054817F0EBF9044817F0AE
:101DB000E8F9044817F0E5F9002008BD187503009C
:101DC00052750300867503004B1E59425941014B61
:101DD00019707047844B002008B5012BBDF808101E
:101DE0000CD171B90A4B1B680BB9012008BD1078E2
:101DF000012809D800F001009847F6E76FF00C00C1
:101E0000F4E76FF00600F1E76FF01200EEE700BFB5
:101E1000603900202DE9FF411F460D4B05465868EB
:101E20000C46164680B1D1F80C808047094B3246EB
:101E300018700123CDE90183BDF8283021460093B5
:101E400028463B461BF000FE04B0BDE8F08100BF11
:101E500060390020834B002020B1034B02681A60D8
:101E600042685A60002070476039002000B50E4B70
:101E700089B01B788DF807009BB10021182202A8B9
:101E800020F0D8F8094B002003930DF107030493C9
:101E9000012302A9ADF8143008F022FE09B05DF864
:101EA00004FB6FF00C00F9E7844B0020543F030063
:101EB000064BD3E8EF1F0131C3E8E21F002AF8D137
:101EC00000220023024813F093B800BF340400201E
:101ED000E0000020054BD3E8EF1F21F00201C3E82A
:101EE000E21F002AF7D102481EF069BE3804002024
:101EF000E000002010B50B4C6368834211D1FFF75E
:101F0000E9FF00236360237402230834D4E8EF2F31
:101F1000C4E8E13F0029F9D1BDE8104002481EF0B5
:101F20004EBE10BD2C040020E00000202DE9F0473B
:101F300090B0594D00AFD5E8AF3F99073ED555F861
:101F4000088C0C3D6E46B8F1000F0DD040461BF0DA
:101F5000F1FD0328034635D850480268520703D0E4
:101F600001214F4A18F05AFA00244FF0000A04F1F8
:101F7000080323F00703ADEB030D611C07F1080014
:101F80007C60C7F808D0A7F80CA0F981C7F810D07A
:101F90001AF02BF88146E0B9404803685B0713D17B
:101FA000B5460EF085FF002872D03E4BD3E8AF3F18
:101FB00023B1002200233C4813F01AF84037BD46F5
:101FC000BDE8F087041FD0E70121384A18F01DFA58
:101FD000E6E7391D01300EF079FF0028E0D02B7CB8
:101FE00007F1080003F01F0389F800307968611ACF
:101FF0002F4C1AF01BF81822514607F1280020F048
:1020000019F82068B8B92B4B07F1140203F1100E30
:102010009446186859680833ACE803007345624673
:10202000F6D11B780C2124488CF8003007F11402FB
:1020300008F0F2FA2060BB68F8623B63BB89404657
:10204000BB861E4B07F12801BB6308F049FD04461F
:10205000B8B11CF0D9FE1148036813F0060F04D084
:1020600002212346164A18F0D9F9002CB54698DD0E
:102070000C4BD3E8EF1F0139C3E8E21F002A90D0D0
:10208000F7E72B7C7C68013303F01F032B74ECE72C
:1020900047F612228EE700BF380400209408002083
:1020A000BA75030034040020E0000020E875030046
:1020B0006839002084360300A43F0300B11E0100EC
:1020C000167603002DE9F04F98463E4B9BB01B68F7
:1020D00006460D461746BDF89090CC6833B9E3B27A
:1020E000032B6BD8DFE803F00D1A255D1B68002B6E
:1020F000F5D098470028F2D16FF001001BB0BDE881
:10210000F08F01230293304B019343463A46294610
:102110003046CDF800901BF097FCEFE70AA80EF0D0
:102120002DFA0A9C2046FAF76BF880B2CDE90140FF
:10213000EBE706A80EF022FA069B18460593FAF77D
:102140005FF800F12E0ABAF1400F02460AD91F4883
:1021500003685B0703D001211D4A18F056F96FF0A0
:102160000C00CBE70DF1280B5B461A4C04F1280E4E
:102170009C46206861680834ACE8030074456346F7
:10218000F6D12068A188CCF80000ACF804100599BD
:102190000DF156001FF028FF1FFA8AF3CDE901B3B5
:1021A000B3E70D4B0D4C0E4A1B683621002B08BFC0
:1021B000134620460B4A16F025FAB3E76FF00900E4
:1021C0009CE700BF2C0400206BC303009408002090
:1021D0004776030054760300F4060020854B002068
:1021E00045640300837603002DE9F0411646012281
:1021F00004461F46BDF8188008F034FA002852D073
:102200002A4D2B6873B9B8F1000F16D0284803681F
:1022100013F0060F03D00221264A18F0F6F86FF0EB
:10222000060008E01B68002BEDD0204698470028E8
:10223000E9D16FF00200BDE8F081012F0BD01C48FE
:10224000036813F0060F03D002211B4A18F0DDF8D3
:102250006FF00C00EFE7337813B3012B0BD0144869
:10226000036813F0060F03D00221144A18F0CDF8CA
:102270006FF0FE00DFE7124BD3E8EF2F42F00201D0
:10228000C3E8E01F0028F7D1930707D46B6803B9B0
:102290006C60002200230B4812F076FE0120CAE792
:1022A000FFF718FEFAE76FF08000C4E72C04002067
:1022B000940800209B760300C0760300E9760300B3
:1022C00038040020E00000207FB50023012A0446E6
:1022D0001546CDE9013303912DD80120174901AAF4
:1022E00004F0CAFF9DF804307BB1029BA3420CD0DE
:1022F0001348036813F0060F03D00221114A18F0A7
:1023000084F86FF07F0004B070BD0F4E336813B9CE
:102310005DB10220F7E71B68002BF9D020469847F3
:102320000028F5D16FF00200EDE77368A342F0D109
:10233000FFF7D0FDEDE76FF01200E4E7DBBD020030
:10234000940800201C7703002C040020044A034654
:10235000106808B9136070476FF07700704700BFCE
:102360002C04002008B50348034A0021121A19F072
:1023700040FD08BDC80B002028650020074808B5AF
:10238000074A0849121A19F036FDBDE80840064808
:10239000064A0749121A19F02EBD00BF600000203E
:1023A000C80B0020A4C503006000002060000020CE
:1023B000A4C503002DE9F04780460C4600AF002974
:1023C00000F09780554D2B685A0736D0D1E90001AF
:1023D0006E468AB06A46A3684FF00509DFF840C12F
:1023E000CDE90713CDE905C042F8109F00234FF453
:1023F00021512846FCF7AEFA2B68B5465B071CD086
:10240000D4E903018AB06A466369DFF818C1CDE9EF
:102410000713CDE905C042F8109F002328464FF46A
:102420002151FCF797FA2B68B546580705D0E369A8
:10243000012128463C4A17F0F1FF266A002E46D0BB
:102440002B68590755D0D6E90001E9468AB06A469B
:10245000B3684FF0050ADFF8D4C0CDE90713CDE922
:1024600005C042F810AF00234FF421512B48FCF770
:1024700071FA2B68CD465A073BD0D6E903018AB0E2
:102480006A467369DFF8A8C0CDE90713CDE905C036
:1024900042F810AF00234FF421512048FCF75AFABC
:1024A0002B68CD465B0724D0D6E906018AB0336A93
:1024B0006A46204ECDE90713CDE9056042F810AF1A
:1024C00000234FF421511548FCF744FACD462B6800
:1024D00058070ED0A36A0121174A104817F09EFF33
:1024E0002B68590705D0A3690121144A0B4817F03E
:1024F00095FFB8F1010F0AD1EFF305830748026891
:10250000520704D00E4A4146103B17F087FF214680
:10251000404611F011F8BD46BDE8F087B80800202C
:102520005A77030089770300B8770300C777030061
:10253000F6770300257803005478030066780300DB
:10254000947803002DE9F04105460B4EDFF82C800E
:10255000324606EB0807CC1B204609491FF044FD14
:10256000A01942460021083C1FF064FDC5F8BC409C
:1025700007F10800BDE8F08100000000080000003D
:102580007032030010B5334C2368580703D032492A
:10259000204619F04CFC314B9B6A990157D52368B2
:1025A0005A0703D02E492B4819F041FC1E202B4B13
:1025B0009B6ADB0107D52368580703D029492548C2
:1025C00019F035FC1F20254B9B6AD90207D52368DB
:1025D0005A0703D024491F4819F029FC02201F4B39
:1025E0009B6A1B0307D52368580703D01F49194866
:1025F00019F01DFC2120194B9B6A590307D523684C
:102600005A0703D01A49134819F011FC2220134B22
:102610009B6A9B0307D52368590703D015490D48CA
:1026200019F005FC23200D4B9B6ADA0307D52368BC
:102630005B0703D01049074819F0F9FB2420074A2B
:10264000936A6FEA03436FEA1343936210BD1D2040
:10265000ADE700BFB8080020A778030000ED00E058
:10266000BF780300D2780300EC78030016790300EA
:10267000347903005979030073790300F8B5364CB7
:10268000064623680D465B0703D03449204619F0FF
:10269000CEFB334B9B6ADF065CD52368580703D01B
:1026A00030492D4819F0C3FB11202D4B9B6A1907A7
:1026B00007D523685A0703D02B49274819F0B7FBE1
:1026C0001220274FBB6A9B0719D52368580703D0F0
:1026D0002649214819F0ABFB7B6BBA6A11060DD570
:1026E0002268520704D00121214A1B4817F096FEA8
:1026F00026B11B4A936A23F0800393621320184B80
:102700009B6ADB0707D523685F0703D01949124886
:1027100019F08DFB1420124B9B6A9E0607D5236887
:10272000580703D014490C4819F081FB15200C4BB5
:102730009A6AD10658BF9A6A9A6A920642BF5A6A42
:1027400022F400525A629A6A42F0FF029A6200230F
:102750002B70F8BD1020A8E7B80800209E79030070
:1027600000ED00E0B4790300E7790300FA79030093
:10277000127A0300287A0300477A0300F8B5374C31
:10278000064623680D465B0703D03549204619F0FD
:102790004EFB344B9B6ADF0451D52368580703D0A6
:1027A00031492E4819F043FB17202E4B9B6A19051F
:1027B00007D523685A0703D02C49284819F037FB5E
:1027C0001820284FBB6A9B0519D52368580703D0EA
:1027D0002749224819F02BFBBB6BBA6A11040DD5AF
:1027E0002268520704D00121224A1C4817F016FE25
:1027F00026B11C4A936A23F4004393621920194BB3
:102800009B6A5B0507D523685F0703D01A49134805
:1028100019F00DFB1A20134B9A6AD60511D52368BF
:10282000590703D015490D4819F001FB1B200D4A2B
:10283000936A43F47F43936200232B70F8BD162004
:10284000B3E79B6A9A04F2D523685B0703D00C496F
:10285000024819F0ECFA1C20E9E700BFB808002094
:10286000767A030000ED00E08C7A0300E77903003C
:102870009D7A0300B67A0300CB7A0300E67A030060
:10288000477A03002DE9F04F8DB09A46784B814688
:102890005C680D469046002600AFC4F3080B86F333
:1028A0001188BFF36F8F02F07F43B3F17F4F0AD1DE
:1028B00002F00C03082B16D16E4803685A0702D0A9
:1028C0006D4919F0B4FA002635460023FB70ABF1D0
:1028D0000303092B00F2A680DFE803F00B979A931D
:1028E000A4A4A4A4A49D12F0080F04BF05460126C9
:1028F000EBE7604C23685B0703D06049204619F082
:1029000096FA0023FB705A4BDA6A900708D52368C1
:10291000590703D05A49574819F089FA002437E07B
:10292000DA6A002A04DA23685A07F7D05549F2E731
:10293000DB6A5B00F2D52368580703D052494D4843
:1029400019F075FA4A4BA9695A6942F480725A61C2
:10295000BFF34F8FBFF36F8F31F8022C596921F409
:1029600080715961BFF34F8FBFF36F8F02F47F41C6
:10297000B1F55F4F30D1D2B2022A2DD12368590769
:1029800005D02B680121414A3A4817F047FD2C68D1
:10299000FB78EBB93A1D05F1200C134628686968ED
:1029A000083503C365451A46F7D1C7E909A93B6A4B
:1029B000C7F82C80002E57D0C3F3080222B96FEA63
:1029C00053236FEA43233B622046391DFFF7F2FC95
:1029D0003437BD46BDE8F08F9A6AD2B222B10120E9
:1029E000F91CFFF74BFE0EE09A6A12F47F4F04D0F9
:1029F0000120F91CFFF7C2FE05E09B6AB3F5803F9A
:102A00008CD3FFF7BFFD0446C2E70020F91CE8E7BE
:102A10000020F91CEEE7174803685A073FF47EAF21
:102A20001B4979E7134803685B073FF477AF194AFE
:102A300014F4F87F6C468AB0174B08BF13466A46F9
:102A40001649CDE90513ABF1100307934FF400735A
:102A5000ADF82030124B42F8103F00234FF41151D3
:102A6000FBF778FFA54659E76FF30803ABE700BF14
:102A700000ED00E0B80800202C7B0300577B03002A
:102A80006E7B03008F7B03009D7B0300BC7B0300F8
:102A9000D87B0300FE7A0300137B0300FC7B03005A
:102AA00004000001064B5A6942F010025A615A694B
:102AB00042F480625A615A6922F008025A617047F2
:102AC00000ED00E0EFF30880EFF3098101B506B4F3
:102AD0002DE9F00F6B4672461DF000F90AB001BDFA
:102AE000002080F31488BFF36F8F002080F30A88E2
:102AF00080F30B88144880F308880020134908707D
:102B000010F070FD002012490860BFF34F8F00F0F5
:102B100035F8402080F311880E484FF0AA014FF499
:102B2000006219F066F90B484FF40061401880F319
:102B30000988EFF314800221084380F31488BFF35F
:102B40006F8F00F0A3F8000060C200202565002010
:102B500094ED00E020AB0020002318460649D1F890
:102B60009020C2F30722934200DB7047C1F89830EF
:102B7000C1F8A0000133F6E700ED00E010B572B631
:102B8000002484F31388FFF7E7FF23464FF0FF305C
:102B90000C4A03F120010133102B42F82100F8D137
:102BA00000234FF0FF30074A03F160010133102B7F
:102BB00042F82100F8D162B6BFF34F8FBFF36F8F99
:102BC00010BD00BF00E100E01EF0040F0CBFEFF3EA
:102BD0000880EFF30980816911F8021C0229FFD0F7
:102BE00001B5EFF3098106B42DE9F00F694672468D
:102BF00019F003F90AB001BD00B2002807DB012378
:102C00004109034A00F01F00834042F82130704719
:102C100000E100E000B200280CDB01220649430974
:102C200000F01F008240203341F82320BFF34F8F74
:102C3000BFF36F8F704700BF00E100E0D30748BFCC
:102C4000002100B258BF02310028ACBF00F1604043
:102C5000064A4FEA4113DBB2ABBF00F5614000F01A
:102C60000F0080F800331354704700BF14ED00E0EC
:102C7000044B054A23F07F039360BFF34F8FBFF3EC
:102C80006F8F70470000000000ED00E008B5FFF70F
:102C9000EFFF074AD2F8883023F47003C2F8883077
:102CA000FFF760FBFFF76AFB00F0AEF811F03AFDAA
:102CB00000ED00E042F8203C009B0B4942F81C3C30
:102CC000019B21F0010142F8183C029B42F8081CCC
:102CD00042F8143C4FF0807342F8043C0023203A41
:102CE0000266C0F8C030704749D30000044608B5FA
:102CF0000E4B15469860D0F8BC200D4B0E461A605E
:102D000012F070FAD4F8AC3083F30B882C4686F3BB
:102D100009880020034B9847204600210022002309
:102D2000014C20474FBE020049D30000B0330020C1
:102D30006C3900201022014B1A61704700ED00E051
:102D4000054BDA699B689A421FBF044A536843F0F7
:102D500080535360704700BFB033002000ED00E0A7
:102D6000084B9B6883420BD1EFF3058343B1064BBD
:102D70005A6842F080525A605A6A22F400425A62FB
:102D80000FF0B8BEB033002000ED00E001B51DF03B
:102D900070FFBDE8014019498A684FF040001044B7
:102DA000EFF3098C80E8F01F402080F31288BFF316
:102DB0006F8F134F4FF00066CA698A603E60D2F889
:102DC000BC00104C2060D2F8C0000023C2F8C03014
:102DD00080F3118802F1400090E8F01F8CF309881D
:102DE00002F1000004B519F02AF8BDE8044001B56D
:102DF00012F0F8F9BDE8014070470000B033002040
:102E000004ED00E06C3900200023402040F20F1256
:102E100010B5044CE1180133934281F80003F9D155
:102E200010BD00BF00E100E008B5EFF30583064ADE
:102E3000103B02EBC30152F8330049688847BDE8F4
:102E40000840FFF77DBF00BF482403000148006829
:102E5000704700006C3900201FB50121094B0A4A58
:102E60000A4800F01BF90023064A0393084B01218E
:102E7000019301A8D31A029300F01AF905B05DF886
:102E800004FB00BF00000420000000209440030069
:102E9000C80B00200A7A0B6810B562F304031C46C5
:102EA000CB68520923F01F0343EA4203044A43F06C
:102EB0000103C2F89800C2F89C40C2F8A03010BDCF
:102EC00000ED00E010B50C4B0446D3F89030C3F38E
:102ED0000723013B98420BD9084803685B0704D0DD
:102EE00001212346064A17F099FA6FF0150010BD2C
:102EF000FFF7D0FFFBE700BF00ED00E0A8080020CF
:102F0000137C03002DE9F04F8946144606464FF026
:102F10000008534D85B0C8452EDAD6F804A0BAF1A2
:102F2000000F4BD0BAF11F0F1BD91AF01F0F18D189
:102F3000D6F800B01BF01F0F13D1584618F0AAFFA7
:102F400007460AEB0B00013818F0A4FF874217D0A0
:102F50006FF01507434803685B070BD0424A3B46B6
:102F600005E0404803685A0704D043463F4A012120
:102F700017F054FA6FF01504204605B0BDE8F08F45
:102F800017F1160FE6D0BC42E4DDC5F89870D5F80D
:102F90009C10C5F89870D5F8A03021F01F0143F0BF
:102FA0001F0BD6E900321A44994202F1FF3A1AD1B6
:102FB000D34507D13146F8B218F075FF08F1010882
:102FC0000C36A8E73146C5F89870D5F89C30E0B2C9
:102FD00063F30402C5F89C2018F065FF10F1160F8A
:102FE000C8D0441CEAE7C5F89870D5F8A020013B8A
:102FF00023F01F0302F01F021343D3453146E0B212
:10300000C5F8A030E8D018F04EFF10F1160FB1D07F
:10301000C5F89870D5F89C209DF808300BF1FF3B5F
:1030200062F304038DF80830D5F8A0309DF808202D
:103030005B0863F347128DF80820D6E90032134489
:10304000009323F01F035B44A3EB0A03013023F03A
:103050001F036946C0B20393FFF734FFBEE700BF0A
:1030600000ED00E0A80800205F7C0300397C03002D
:103070000522044BC3F89420BFF34F8FBFF36F8F2B
:10308000704700BF00ED00E0BFF35F8F0022024BEE
:10309000C3F89420704700BF00ED00E010B5034C6A
:1030A0002278FFF72FFF207010BD00BFBB4B002020
:1030B0002DE9F74F294D8A4606464FF00008AB46EA
:1030C000274FD0451BDAD6F80490B9F1000F3FD056
:1030D00031680846019118F0DDFE0199044609EBBC
:1030E0000100013818F0D6FE84424FF014021D4B47
:1030F00008D002FB08F36FF015024BF8032003B071
:10310000BDE8F08F14F1160F2C60F8D01978A142A9
:10311000F5DD02FB08B0C7F89840C7F89840D7F82B
:103120009C4000F10801007B64F304000871D7F8AB
:10313000A0000C79400860F347140C71D7F89C107C
:1031400021F01F016960D7F8A01021F01F0129614B
:1031500008F1010814350C36B3E700BF70390020C0
:1031600000ED00E0BB4B0020F0B55349534DD1F8C2
:1031700090302C68C3F307239C4287B000F29980FB
:103180000020FFF781FF4E4BC1F8C030844216D1BA
:103190004C4D01A82C70FBF75FFE002607464A4CF9
:1031A000B74213D100202B784349D1F89020C2F3C5
:1031B0000722934277DBFFF75BFF002046E0696858
:1031C00001EB0011FFF766FE0130DFE701993001E6
:1031D00001EB0613DA682240B2F1807F52D00AD8A0
:1031E000B2F5001F34D0B2F5800F3ED0B2F5801F8B
:1031F00012D00136D4E7B2F1006F43D0B2F1805F54
:10320000F7D15A689B680958013B22F01F0003441C
:1032100023F01F03012032E05A689B680958013BE4
:1032200022F01F0003440120844623F01F0340EADC
:103230004C10CDE902218DF8100002A928780593E1
:10324000FFF740FE00282ADA6FF0150007B0F0BD46
:103250005A689B680958013B22F01F0003444FF055
:10326000020C012023F01F03E1E75A689B6809580C
:10327000013B22F01F000344022023F01F034FF004
:10328000000CD4E75A689B680958013B22F01F00E4
:1032900003444FF0030C012023F01F03C7E72B78F2
:1032A00001332B70A5E7C1F89830C1F8A0000133B5
:1032B0007BE74FF0FF30C9E700ED00E0A0400300DE
:1032C000AAFF4400BB4B00200000F0FFF0B587B020
:1032D00007460E4614460021102268461D461EF081
:1032E000A9FE02238DF80230054B2A462146684686
:1032F000CDE90476019315F015FB07B0F0BD00BFD2
:10330000D9BE020008B5024815F05CF9FEE700BF1F
:10331000917C030008B5024B1B689847002008BD4C
:1033200084390020034B044A1860937843F0020369
:1033300093707047843900204004002008B5064986
:10334000064821F00701C1F1005202F5802215F074
:1033500055FE002008BD00BFD7E2002088390020BC
:103360002DE9F04F91B01D461A9B06460C46934638
:10337000002B00F04B82B146294619F8010B18F0DA
:10338000B6FD0246207818F0B2FD3F2A07465FFAE4
:1033900080F821D006DC92B12A2A32D0D2B242453E
:1033A0002DD01EE05B2A7DD05C2AF7D1EB07F6D446
:1033B000707818F09CFD06F10209C2B2EFE7E8064A
:1033C00002D5B8F12F0F03D0B8F1000218BF0122C7
:1033D000104611B0BDE8F08F18B12F2803D1A9070E
:1033E0000DD50122F4E72E2809D16A0707D55C45DF
:1033F000F7D0AB0703D514F8013C2F2BF1D00134E3
:103400002CE0707818F073FDC1B22A2918D02E2F45
:1034100009D16F0707D55C45E3D0AE0703D514F893
:10342000013C2F2BDDD079B915F00202D0D0ED068A
:1034300000F1EE812F2120461EF01FFE021EC5E77F
:10344000294619F8010FDDE72F2909D1A80707D56B
:1034500020461EF012FE04460028C2D04E468AE7DF
:103460001A9B05F0020A5F1E2646B8F1000FB8D07D
:103470005A462B46214648460097FFF771FF024601
:103480000028A5D02946307818F031FD2F2804F106
:10349000010404D1BAF1000FA3D12646E8E75FFA90
:1034A00080F8E1E700289CD02F2848D1AA0798D4BB
:1034B0007378212B01D05E2B4FD1B31C05930123D0
:1034C00029463846069318F012FDC3B20493A0F1C2
:1034D0004103192B099394BF002301230F93A0F1FB
:1034E00020035E2B94BF002301230E93A0F1610300
:1034F000192B089394BF002301230D93A0F12103FE
:103500005D2B0B9394BF002301230C93A0F1300398
:10351000092B079394BF00230123064600220A9338
:10352000059B0393039B1B785D2B1ED1059B039981
:103530008B4222D2069B01F1010993425EE72E28BD
:10354000B6D16B07B4D55C453FF44BAFA807AFD5F8
:1035500014F8013C2F2BABD143E70023CDF8149096
:10356000AEE70122CDF80CA0DCE7002B00F04C8187
:103570002F2B38D1A9073FF534AFDDF80CA0294631
:103580001AF8010B18F0B3FC0399C3B249782D293E
:1035900040F0348103998978002900F02F815D295A
:1035A00000F02C8103985C2900F1020A04D1E9079C
:1035B0005CBF014601F1030A29461AF8010B039387
:1035C00018F095FC002800F01F8115F0080F039BF0
:1035D00040F00E810499C0B29942C3D3814298BF92
:1035E00042F00102BEE703995C2B497805D1EB0755
:1035F000C3D4039B01330393BFE75B2BBDD13A29AF
:10360000BBD10020039B991C03468A4611F801CBCD
:10361000BCF1000F46D17F497F4FBB4208BF8842B3
:1036200000F0DB80814277EB03015AD36FF4817C99
:103630007A49A7F510276744BB4208BF884200F0CB
:10364000BA80814277EB030137D37549A7F500377C
:10365000A7F50177BB4208BF884200F09A8001F1CC
:10366000C16107F57F4701F50031F137BB4208BF63
:10367000884200F09880DFF8ACC101F1E06101F50B
:103680000031634508BF88427FF477AF26F02003FE
:10369000413B192B7FF665AF079B092B98BF42F082
:1036A00001025FE711F802ECBEF15D0FB3D01B021F
:1036B00043EA10634CEA0020A7E75B495B4FBB423B
:1036C00008BF884200F08E8007F1E047584907F5AF
:1036D0007437F6378B4208BFB8427FF44EAF0C9B6D
:1036E0007CE05449544FBB4208BF88426BD08142B2
:1036F00077EB030129D35149A7F53F37A7F5FC77AD
:10370000BB4208BF88426FD007F1C6474C4907F556
:10371000713707F57D778B4208BFB8427FF42DAF34
:103720000B9B0E2B7FF61DAFA6F13A03062B7FF6FF
:1037300018AFA6F15B03052B7FF613AFA6F17B0351
:10374000032B98BF42F001020CE732493D4FBB42C8
:1037500008BF88424AD06FF4E16C07F1F04701F1ED
:103760008061A7F5881701F500316744BB4208BFA7
:1037700088427FF402AF079B092B7FF6F2AE099BCC
:10378000052B7FF6EEAE089B052B98BF42F0010299
:10379000E8E6099B192B7FF6E4AE089B192B98BF2E
:1037A00042F00102DEE6202E3FF4DBAE092E08BF18
:1037B00042F00102D6E61F2E7FF7D3AE7F2E08BF60
:1037C00042F00102CEE6202E3FF4CBAEA6F1090373
:1037D000042B98BF42F00102C4E60D9B83F0010365
:1037E0001A43BFE60A9BF9E70E9BF7E70F9BF5E745
:1037F000A0F14101192998BF2030EBE604999942C4
:1038000008BF42F00102ADE65B22C8E50322DFE516
:103810000A46DDE55D3A7265776F6C005D3A6C7261
:103820005D3A61686E6C61005D3A74696769640055
:10383000617267005D3A6563617073005D3A746E32
:103840006E757000707075000268064B1A604268F1
:10385000054B1A608268054B1A600269044B1A60B6
:10386000704700BF9C39002098390020943900200F
:10387000A039002070B541690446867A0A4D59B1D5
:10388000437ADB0706D4242303FB0653DB691B685A
:103890009B689847002363612420214600FB065063
:1038A000BDE870401DF09CB8CC0A00202422024BD9
:1038B00002FB0030704700BFCC0A00202421827A2E
:1038C000054B01FB02331A6A1B7D801A1B3323F060
:1038D0000303B0FBF3F07047CC0A002038B5242472
:1038E000827A064B04FB0233DB69D3E901240C60C6
:1038F0001568FFF7E3FF04FB005038BDCC0A002039
:103900002DE9F04385B00546684690461C46039174
:103910001DF0AFFBDDE90067EFF31189402383F36E
:103920001288BFF36F8F6B8A002B41D02A8A9A428C
:1039300025D900220023284611F080F80446F0B172
:1039400089F31188BFF36F8F039B002B41D0324660
:103950003B4668461DF0B2FB2421A27A254B204647
:1039600001FB0233DB6903A91B681D68DDE9002345
:10397000A847606170BB2046FFF77CFF24E0698A9E
:103980004B1E6B8289F31188BFF36F8F2B7D2A8AC0
:103990002C6A1B3323F00303521A02FB0344154B1A
:1039A000154AEB1A9B105343A3722B7DE372CBE7AE
:1039B00089F31188BFF36F8F23464246284611F0E2
:1039C0003DF804460028BFD10024204605B0BDE8DC
:1039D000F0836361012300252381039B29466382D1
:1039E000E27A656004F118001EF024FB6369258209
:1039F000E360EAE7CC0A0020398EE33870B524256D
:103A00000C4C00B970BD037A4668002BFAD0013B1C
:103A1000DBB20372002BF5D1C3604360837A05FBF0
:103A200003439B6913B198473046EAE7FFF722FF4B
:103A3000FAE700BFCC0A00202DE9F84F06460D46F4
:103A400017460446A3466468002CFBD14FF02409B6
:103A5000DFF878A0BBF81030BBF81220DBF81410A8
:103A6000D21ADBF80C300BF10C005B1AD21AAA4206
:103A700028BF2A461FFA82F83946424618F0BBFA98
:103A8000B5EB0805444447441DD00C9B53B1DDE918
:103A90000A010D9A98478346A8B10146304618F0AE
:103AA00082FAD7E7B07A09FB00A0C3699B6843B1EB
:103AB000AB4228BF2B461946DDE90A23FFF720FF5A
:103AC000E9E72946F8E72046BDE8F88FCC0A002050
:103AD00008B5244A244B1A600AF062F84FF47A6160
:103AE0002248D0F82436C3F30802C3F309434B43FA
:103AF00082F480721E49883201FB02334FF4FA21AE
:103B00005B00B3FBF1F201FB12331A49B3F57A3FC4
:103B100028BF0132C1F80429D0F820364FF47A606A
:103B2000C3F30802C3F30943434342F21C5082F437
:103B3000807202F2172200FB02334FF47A701B0AE4
:103B4000B3FBF0F200FB12330020B3F5FA7F4FF025
:103B5000010328BF0132C1F81C27C1F80009C1F8D0
:103B6000003608BD0020A1072807002000C0FF0084
:103B7000F82A00800000125048B1054B054A1B6826
:103B8000B3FBF2F35843044B43F00103184770476B
:103B90002807002040420F0060370300BFF34F8F1B
:103BA0000549064BCA6802F4E0621343CB60BFF3D9
:103BB0004F8F00BFFDE700BF00ED00E00400FA05F5
:103BC00070B50B7892B006460C4607AD032B31D882
:103BD000DFE803F0022A2C2E19492846F8F708FBE3
:103BE00005956378174A0493A3781E210393E3781D
:103BF0000AA80293237910AD019363790093A37906
:103C000014F000FD32460AAB1C4603CCAC421060F7
:103C10005160234602F10802F6D120681060304658
:103C2000A388938012B070BD0749D6E70749D4E74F
:103C30000749D2E70A212846064A14F0E3FCCFE7F9
:103C4000B17C0300D37C0300B87C0300BF7C03007D
:103C5000C97C03006A8F03000E4B402928BF402116
:103C600070B51D460C4C4618B04203F1020304D156
:103C7000002305F81130074870BD02781209A25CD4
:103C800003F8022C10F8012B02F00F02A25C03F8DB
:103C9000012CE9E7BC4B002041C403002DE9F347A8
:103CA0004FF0300ADFF830900C4C0746A4EB0904C3
:103CB00088461646B4FBFAF40025A54202DB02B0A2
:103CC000BDE8F0870AFB0590334642463946019627
:103CD000013516F0D1FFF0E7CC300300FC300300D3
:103CE0002DE9F8434FF03009DFF828800A4B0646EB
:103CF000A3EB08030F46B3FBF9F40025A54201DB53
:103D0000BDE8F88309FB05803A46314617F03BF8D9
:103D10000135F3E7CC300300FC3003002DE9F3411B
:103D2000064617469846334CD4E8AF3FDD0725D505
:103D300050B9314803685C0703D001212F4A16F0BF
:103D400064FB6FF001001AE001A916F0D7FC02280D
:103D5000054631D102462A4930461EF07EF9002838
:103D6000EFD1D4E8AF3F18070CD52348036813F010
:103D7000060F03D0234A294616F047FB002002B065
:103D8000BDE8F081D43C072221464046B8470628CA
:103D90000DD819480368590703D001211A4A16F0B3
:103DA00034FB00232360E371C4F80330E6E7072304
:103DB000B0FBF3F0E071E1E70428C2D102461349F9
:103DC00030461EF04AF905460028BAD11C2240466A
:103DD00004F17C01B847031E08DA0748026852075D
:103DE000CCD001210A4A16F019FBC7E71C4484F81D
:103DF0007C50C3E7E401002060080020F67C03004B
:103E0000C67C0300177D03003B7D0300AF830300E6
:103E1000607D03002DE9F04389B0DDF840909D7985
:103E20005E791F7993F803C093F802E093F801805C
:103E30000C461B78B9F1000F15D0CDE90639CDE954
:103E400004E81346CDE9027CCDE900560D4A14F092
:103E5000D9FB002813DBA0422CBF6FF01500002017
:103E600009B0BDE8F083CDE90583CDE903CE134663
:103E7000CDE90167044A009514F0C4FBE9E76FF04F
:103E80001500EDE7927D0300B67D030010B5FBF74A
:103E9000F5F9044640B1054803685B0704D00121E9
:103EA0002346034A16F0BAFA204610BD60080020E7
:103EB000D77D030070B504461E4615468CB0AAB1E6
:103EC00029B10A4602A8042115F0E1FB02A90091DC
:103ED0002B462246242103A8FFF79CFF70B93146E8
:103EE000109A03A8FBF714F80CB070BD0346242108
:103EF000044A03A814F086FB2328F0D96FF01500BC
:103F0000F2E700BFFC7D030007B50D4B0D48DA79E1
:103F1000C2EBC202009200221146FFF7CBFF03461C
:103F200050B109480268520706D00121074A03B080
:103F30005DF804EB16F072BA03B05DF804FB00BF45
:103F400010010020C67C030060080020027E0300F0
:103F500030B5044615468DB09AB129B10A4602A87B
:103F6000042115F094FB02A900912B46224624213E
:103F700003A8FFF74FFF60B903A816F097FB0DB039
:103F800030BD03462421044A03A814F03BFB232838
:103F9000F2D96FF01500F2E7FC7D030007B500933E
:103FA00013460A4601460348FFF784FF03B05DF855
:103FB00004FB00BFB29603000A4601460148FFF722
:103FC000C7BF00BFB296030007B5009313460A4669
:103FD00001460348FFF76EFF03B05DF804FB00BF26
:103FE000AC9603000A4601460148FFF7B1BF00BF87
:103FF000AC96030007B5009313460A4601460348F2
:10400000FFF758FF03B05DF804FB00BF14950300F1
:104010000A4601460148FFF79BBF00BF1495030005
:1040200007B500220346009103481146FFF742FFFF
:1040300003B05DF804FB00BFA496030007B500229F
:104040000346009103481146FFF734FF03B05DF8C3
:1040500004FB00BFAF83030008B5024810F024FF43
:10406000002008BD40050020F8B51F4DD5E8AF3F42
:1040700013F0010F2F4635D095F87C40A5F1D406FA
:104080003CB91C22194906F5A8701EF015F886F8EF
:104090006C41F379A3B902F005FA044648B114481B
:1040A0000368590703D00121124A16F0AEF92046E1
:1040B000F8BDF37923B902F005FA04460028EED1E1
:1040C000D5E8AF3F5A0701D400F04CFFD7E8EF3FE7
:1040D00023F40062C7E8E12F0029F7D11B0501D5C1
:1040E000FFF7BAFF0024E2E7E40100201D7E030091
:1040F00060080020327E030010B50024094B86B012
:1041000009480393CDE904441CF047FD03AB009339
:1041100040F638020A230549034810F0CBFE20463A
:1041200006B010BD657E0300282000202872002004
:104130000146014810F0FEBE2820002030B503786B
:10414000012B11D0022B21D06BB90A46144B03F17D
:10415000100453F8045BA34242F8045BF9D143888E
:104160001A0A8A70CB7030BD0A460D4B03F1100459
:1041700053F8045BA34242F8045BF9D143681A0C7C
:10418000180E4A700870C3F30722EAE700F1100323
:10419000013913F80129984201F8012FF9D1E2E71A
:1041A00052C4030030B50C460178154601298FB082
:1041B0000BD002290CD0A1B94388114A29462046C8
:1041C0000FB0BDE8304014F01DBA43680D4AF5E762
:1041D0006946FFF7B3FF684604A9F9F765FB38B1F4
:1041E0002A46002120460FB0BDE830401DF022BF16
:1041F00029462046044A04AB14F004FA0FB030BD3F
:10420000D7C1030084770300F066030070B50C4645
:10421000511C154617F0DFFF064688BB20461A4999
:10422000F7F7DCFF20B120461849F7F7D7FF18B998
:1042300000232B70304670BD20461549F7F7CEFF9E
:1042400020B120461349F7F7C9FF08B90123F0E769
:1042500020461149F7F7C2FF20B120460F49F7F772
:10426000BDFF08B90223E4E720460D49F7F7B6FF82
:1042700020B120460B49F7F7B1FF08B90323D8E76F
:104280006FF01506D6E700BFB17C03006E7E030019
:10429000B87C0300777E0300BF7C0300807E0300B0
:1042A000C97C03008C7E030010B517F0C5FF1CF01D
:1042B000C4FC044608B911F09FF9064BD3E8AF3FA0
:1042C0000BB10A2098471CB9BDE8104011F0A8B9FD
:1042D00010BD00BFA439002038B50446084817F0C7
:1042E0001EFE054648B1631EDBB21F2B96BF054A72
:1042F0000021D15C0C3017F087FE284638BD00BF86
:10430000800B002062C40300034BD3E8EF2FC3E807
:10431000E10F0029F9D17047A43900200F2810B50A
:104320000CD80D280CD90A4817F0F9FD044618B12D
:1043300004210C3017F068FE204610BD1328F2D07F
:1043400009B10448F0E70220BDE81040FFF7C4BF00
:10435000A40B0020140B002003460648026812F04C
:10436000060F05D0DB681B780221034A17F0DFBF78
:10437000704700BF48080020A77E030038B5C56815
:104380002B7893B9B5F801400F21204602F09CFF2D
:10439000EB78054650B90A4A118831B96FEA0450E2
:1043A0006FEA10501080074A137038BD4372012124
:1043B00002F08AFE2846BDE8384002F033BE00BF56
:1043C000384B00203D4C002070B5C3681D78D5B92E
:1043D000B3F801600F21304602F076FF044650B971
:1043E000094803685B070ED001213346BDE87040E1
:1043F000064A17F09CBF294602F066FE2046BDE83B
:10440000704002F00FBE70BD48080020CF7E030050
:1044100010B5C3680121B3F80140204602F054FFF3
:1044200050B9084803685B070AD001212346BDE85C
:104430001040054A17F07BBFBDE8104002F0F2BD06
:1044400010BD00BF48080020F57E030010B5C3680A
:1044500001211C88204602F037FF50B90748036845
:104460005B070AD001212346BDE81040044A17F03B
:104470005EBFBDE8104002F0D5BD10BD4808002069
:10448000F57E0300012110B50C3017F0EFFD034657
:1044900005480268520706D01B780121BDE810408C
:1044A000024A17F044BF10BD48080020197F0300DE
:1044B000014610B5094817F036FD094909481CF0B6
:1044C00041FB031E09DA08480268520705D0BDE81F
:1044D00010400121054A17F02ABF10BD44020020F8
:1044E00060050020F8210020480800203B7F0300E1
:1044F00070B508210C3017F0B9FDB0F80160054621
:104500000F21304602F0E0FE044650B9144803681B
:104510005A0723D001213346BDE87040114A17F0F5
:1045200006BF2B7843B9EB7880F8A830AB88A0F8A9
:10453000AA30EB88A0F8AC30251D4FF48021284626
:1045400017F0EAFED5E8AF3F9B0302D5204603F003
:10455000ADFA2046BDE8704002F064BD70BD00BFFA
:1045600048080020587F030010B50024084B86B08F
:10457000039303AB00934FF462724FF0FF3305498E
:104580000548CDE9044410F095FC204606B010BD66
:10459000747F0300607A00201021002010B5084CC1
:1045A0000146062294F86F0003F0A8F938B994F890
:1045B0006F000522BDE81040024903F09FB910BD0D
:1045C0001001002027C40300044803685B0703D0E0
:1045D0000121034A17F09EBE704700BF4808002023
:1045E000847F030080B500AF8AB06A46094B4FF460
:1045F0001251CDE90530084B0848079340F20133CA
:10460000ADF82030064B42F8103F17F092FEBD4641
:1046100080BD00BF9E7F0300456403004808002062
:10462000040000010B46B0B50D8A00AF04462946D0
:10463000D868FFF711FB8AB06A46094BCDE90750ED
:10464000CDE9053440F20243ADF82430054B4FF478
:104650003251054842F8103F17F06BFEBD46B0BD21
:10466000BA7F030005000001480800202DE9F04F43
:1046700083B0D0F80C80018A98F8004000AFA30006
:1046800001338B4269D93748026855070FD06D4610
:104690008AB06A46CDE907310523334E4FF42151E4
:1046A000CDE9056442F8103F17F043FEAD460C37E4
:1046B000BD46BDE8F08FD9F800305A0705D001217A
:1046C00053462A4A274817F032FE013598F8003041
:1046D0009D42ECDA08EB8503B3F801A00F215046A8
:1046E000B3F8036002F0F0FD04460028E3D000F1C7
:1046F000C80A56B1636963B9D9F800305B0704D0C2
:1047000001211B4A174817F005FE204602F08AFCDB
:10471000DBE7A1691A688B42626100D1A261204681
:104720007B6002F095FB10F0BBF97B68C3F800B02A
:10473000226A7AB9C4E90733DAE8EF3F013BCAE8F5
:10474000E23F002AF8D100212046013E02F08CFB16
:10475000B6B2CEE713602362EEE70025DFF80490DF
:10476000AB46B3E748080020DC7F0300587F030016
:104770000780030037B50446084602EBC3039A429C
:1047800002D16FF05E0013E0114611F8085BA542FC
:1047900014D1038A517899420CD90948026852070A
:1047A00004D00121074A009415F042FE6FF0150075
:1047B00003B030BD536898470020F9E70A46DEE7AA
:1047C000480800201E80030038B504460D46FFF758
:1047D000D1FF5F300AD1064B1B6813F0060F05D0DE
:1047E00029462046BDE83840FFF71CBF38BD00BF52
:1047F000480800202DE9F0470C4610F0FDFEE56862
:104800002B78022B7FD0042B0DD04348026852072F
:1048100003D00121414A17F08AFD2046FFF7EEF848
:104820006FF0150411E0B4F81080B8F1020F11D840
:10483000394803685D0704D04346394A012117F01F
:1048400076FD2046FFF7DAF8002410F0E9FE204656
:10485000BDE8F08768783E2810D1B8F1030F06D183
:104860002D4803685907ECD02E4A4346E6E7EB781B
:10487000012B01D00A2B46D1032704E017F038FDA5
:10488000C20707463FD504F10C0601213046D4F893
:1048900014A017F0E3FB0221304617F0E7FB814636
:1048A00000783E2807D1E3681B78012B01D00A2B42
:1048B00006D1032614E017F01BFDC30706460FD4EC
:1048C00041F26813184A1949194814F067FC00238B
:1048D00083F31188BFF36F8F0323184602DF02268C
:1048E00099F8000006232146124AFFF76DFFB00732
:1048F0000DD56369A5EB0A0513FA85F5E560A4F803
:104900001080B907A0D52046FFF7D2FD9CE72046CE
:10491000FFF774F8F5E700BF48080020E6800300C1
:10492000408003005C8003007C800300B0800300B3
:10493000C98003005041030010B5012104460C302A
:1049400017F094FB2146BDE810400223014A00788D
:10495000FFF73ABF8041030073B5474817F0F8FAF4
:104960000446002800F0868000F10C05284617F068
:1049700085FB0228034607D0042859D03F48026827
:10498000510724D03E4A07E0238A032B08D83B482E
:10499000026852071BD03B4A012117F0C8FC16E001
:1049A0000421284617F062FBFF23428806882376FD
:1049B000238AC6F30B009A4260830CD02F4801680B
:1049C0004E0704D0012100922F4A15F031FD2046F8
:1049D000FFF714F816E00F2102F076FC054630B917
:1049E000264803685D07F2D0638B284AD4E702F0BB
:1049F00095FC21462076320B284602F087FA28469D
:104A000002F010FB224BD3F83431002B32D0214975
:104A100021481CF097F8031E2CDA18480268520748
:104A200028D001211D4A02B0BDE8704017F07FBCBC
:104A30002846022117F01AFB054600783E2812D0BE
:104A400017F056FC10F002060DD140F69A43144AB6
:104A50001449154814F0A2FB86F31188BFF36F8F39
:104A60000323184602DF05232146104A2878FFF762
:104A7000ABFEACE702B070BD440200204808002045
:104A80008F810300FA8003001B8103003F81030034
:104A90001001002060050020F82100203B7F03006A
:104AA0007C80030061810300C98003009041030002
:104AB00010B5012104460C3017F0D8FA2146BDE8A4
:104AC00010400723014A0078FFF77EBEB84103007B
:104AD0002DE9F0410121044600AF0C3017F0C6FA71
:104AE00090F80080002321464046134AFFF742FE1B
:104AF0005F301ED1114D2B6813F0060F19D0268A96
:104B0000E0683146FFF7A8F86C468AB06A460C4B5D
:104B1000CDE90760CDE9053840F20243ADF8243015
:104B2000084B4FF43251284642F8103F17F001FC71
:104B3000A546BD46BDE8F081F041030048080020CD
:104B4000A3810300050000012DE9F74F00238146F2
:104B50008A469046444ED6E8EF4FC6E8E23F002A28
:104B6000F9D15CB9414803685A0779D001214B4615
:104B70003F4A03B0BDE8F04F17F0D9BB2046FEF71F
:104B80009DFE4FF00C0B3B4D27460BFB005043881E
:104B90004B451ED0354F3B685B070CD02046FEF7D7
:104BA0008DFE0BFB005043880121009338464B4695
:104BB000314A15F03DFCD6E8EF7FC6E8E34F002B05
:104BC000F9D1002F4CD0384603B0BDE8F04FFEF7C6
:104BD00015BFA0450AD0204617F09CF9B8F8102060
:104BE000D8F80C1004F10C0017F005FA2046FEF777
:104BF00065FE0C2606FB00504368ABB1BAF1000F0E
:104C000012D12046FEF75AFE012106FB00504268F1
:104C1000536803F01F00814010685B0900EB8300BC
:104C2000137ACBB117F078FB2046FEF747FE0C262F
:104C300006FB00508368002BC5D02046FEF73EFEE1
:104C4000704305F800A02046FEF738FE06FB00552D
:104C5000A8680FF025FFB6E7C94317F06DFBE3E73F
:104C600003B0BDE8F08F00BF4002002048080020DC
:104C7000D5810300A8390020FD8103003C2838B508
:104C800005461ED101F0C4FD6FF48071103017F09D
:104C900053FB0020FFF782FC044648B90E48036826
:104CA0005B0717D0BDE8384001210C4A17F032BB32
:104CB0004572002102F008FA2046BDE8384002F0B3
:104CC000B1B9054B1B6813F0060F03D0BDE838409F
:104CD000FFF788BC38BD00BF4808002030820300C1
:104CE00070B5C5680121B5F80160304602F0ECFAF4
:104CF000044650B9134803685A0722D001213346AD
:104D0000BDE87040104A17F012BB2B783BB9D5F8BC
:104D10000330C0F89930D5F80730C0F89D30251D14
:104D20004FF40031284617F0F7FAD5E8AF3F5B03A0
:104D300002D5204602F0BAFE2046BDE8704002F0DF
:104D400071B970BD48080020F57E030073B5C568D1
:104D50000121B5F80160304602F0B6FA044660B9A8
:104D600045480368590700F0858001213346434ACE
:104D700002B0BDE8704017F0DABA2B78061D1A2B86
:104D800019D1C378012B5DD14FF48041304617F023
:104D9000C3FA42040FD4D4F88C3069460093D4F897
:104DA00094302046019303F08FF9204602B0BDE80D
:104DB000704002F037B92B78002B43D140F2E24229
:104DC000B5F803302E495343C4F88830B5F80520B0
:104DD000A4F89020B5F80720A4F89220A3F5EA5291
:104DE0000C3A8A4208D92448026812F0060F03D010
:104DF0000221244A17F09BFAB4F89030B3F5FA7FF9
:104E000008D31D48026812F0060F03D002211E4A83
:104E100017F08DFA40F67641B4F89230A3F10A0209
:104E200092B28A4208D91448026812F0060F03D0E1
:104E30000221164A17F07BFA6FF48051304617F0C2
:104E40007BFA13E0D6E8AF3FDB04F5D52B78202BB7
:104E5000F2D194F89830002BEED0013B84F89830D2
:104E60000B4A002304F1400010F08EF8204602F0B7
:104E700039FC9AE702B070BD48080020F57E0300B7
:104E800095F03C0051820300788203009F8203006A
:104E90005A620200054BD3E8AF2F02F00B02D3E8B1
:104EA000EF1FC3E8E02F0028F9D17047E40100208C
:104EB00010B5C1E900239DF808300C460B72FEF7CF
:104EC000FDFC0C22024B02FB00335C6010BD00BFF6
:104ED000A8390020F8B502460B46104817F01FF815
:104EE0000446C0B104210C3017F074F82046FEF7D8
:104EF000E5FC0C2700260A4D07FB005046802046A3
:104F0000FEF7DCFC07FB005086602046FEF7D6FC6F
:104F100007FB00556E602046F8BD00BF5C0B00200B
:104F2000A839002010B5044692B0482268460649C8
:104F30001DF05AF8112C9DBF12AB03EB840454F8FA
:104F4000480C024812B010BDA4320300CB8203000B
:104F5000034B0146D3F84C0182689268104700BFAA
:104F6000100100202DE9F04F584D91B00421584810
:104F700000AF17F0D1F92B68564C03F00703022B52
:104F800037D96E4688B06A46534B4FF4E6510593C5
:104F9000524B284606934FF40073ADF81C30504B2B
:104FA00042F8103F17F0C5F92B68B54603F0070328
:104FB000022BE1791DD94B4B4B4A07F120090129FE
:104FC00094BF9846904648462146FEF7F9FD8AB0C0
:104FD0006A46464BCDF81C90CDE90538444B4FF45A
:104FE00023510893434B284642F8103F17F0A1F98C
:104FF000B5464FF0010A404EDFF80081E2792B6898
:10500000924503F0070343DB022B3DD994F87080EF
:105010006E464046FFF786FF8CB06A46B4F87210C1
:10502000B4F87630CDE907814FF400780993DFF8C2
:10503000D0C0344BCDE905C0ADF828804FF45351B2
:1050400042F8103F214817F074F92B68B54603F079
:105050000703022B18D994F871502846FFF762FF16
:105060008AB0B4F874306A462749CDE90753274B14
:10507000CDE90510ADF824804FF43351134842F8C0
:10508000103F17F056F9B5464437BD46BDE8F08FDE
:10509000022B17D9CAEBCA0138462144FEF790FD0E
:1050A000E9468AB06A4640F20133CDE9056A0797BE
:1050B000ADF820304FF41351044842F8108F17F028
:1050C00038F9CD460AF1010A98E700BF48080020E8
:1050D000E401002010010020D7820300E9820300D0
:1050E0000300000145640300D3820300ED82030046
:1050F0000002010304000002FC820300040000011E
:105100000D830300060000014B830300050000012E
:1051100008B50B48C3795BB90A48036803F0070375
:10512000022B03D90321084A17F0F4F8002008BD28
:105130000821D43017F0F0F8FFF714FFF6E700BFAE
:1051400010010020480800207283030038B505468E
:10515000F7F756F81C2804461FD829461048F7F7D9
:105160003DF8C0B1224629460D481CF03DFF002203
:105170000C482146031900F5A87083F85021FEF76A
:105180005DFF40B10848036813F0060F03D0022109
:10519000064A17F0BFF8002038BD6FF00B00FBE7A0
:1051A0006002002010010020480800209F830300B7
:1051B0000048704760020020014902481BF0C2BC51
:1051C000500500201021002070B505460C4639B16D
:1051D000CB684A699B1A032B0ED86FF0150509E0BE
:1051E0004FF0FF304FF0FF31FFF774FE044618B95F
:1051F0006FF06805284670BD2046FEF75FFB0C2265
:10520000174BA61802FB0033032130465D8016F0D1
:1052100014FF0580238A0121033B8370304616F07A
:1052200014FF40F635439D4211D12046FFF790FE12
:10523000054690B10B4803685B0704D001212B465B
:10524000094A17F074F82046FEF7D8FBD2E721464A
:1052500006481BF0BAFBFFF7AFFF0025CAE700BF07
:10526000A839002048080020B48303004C02002025
:105270002DE9F04784B0804691460C4600AF71B9E5
:105280004FF0FF304FF0FF31FFF724FE044660B9C6
:105290006FF0680528461037BD46BDE8F087887A6C
:1052A000FEF704FB3D4B834272D1012200213846B8
:1052B0001BF0A4FB2046FEF701FB0C23DFF8E0A067
:1052C00003FB00A08760204616F058FE01464046CA
:1052D000FFF77AFF054618B12046FEF78FFBD9E7A6
:1052E000002338462F4A0FF00FFC064690B14FF4CA
:1052F000F1732D4A2D492E4813F050FF3246414696
:105300002C4813F04BFF85F31188BFF36F8F0323F5
:10531000184602DF2046FEF7D1FA0C2358431AF84C
:1053200000607EB32448036813F0060F14D06D4666
:105330008AB06A46214B0796CDE90538204B4FF4D9
:105340003251089340F20243ADF824301D4B42F82D
:10535000103F16F0EEFFAD462046093EFEF74EFB2D
:10536000092E0CD8DFE806F0050B0B08170B0B0B0A
:105370000B146FF06E058DE76FF00C058AE76FF088
:10538000040587E7B9F1000FA6D0C9F8004081E70E
:105390006FF015057EE76FF00B057BE75C0B0020D7
:1053A000A8390020B4C404007C800300D683030025
:1053B000C9800300DF830300480800202484030021
:1053C000456403000500000173B506460D4642F230
:1053D0002F00002101AAFFF74BFF044650B11A48E5
:1053E00003685B0703D00121184A16F093FF20469B
:1053F00002B070BD0198C368B3F801203280B3F8E1
:1054000003302B80FEF7FAFA3388A3F11B02E02A5F
:1054100008D90D48026812F0060F03D002210C4A89
:1054200016F085FF44F248112B88A3F5A47292B2BE
:105430008A42DCD90448026812F0060FD7D0022154
:10544000044A16F074FFD2E74808002043840300A2
:1054500063840300888403002DE9F04F8DB000269B
:105460005F4BB0F80190198849F47042914204BF33
:105470001E805C4B00F1040A08BF1E78C37800AFA1
:10548000012B08BF584B0546504614BF002493F823
:105490006F4016F0CDFE07F108085146A0B34FF05B
:1054A000010B404616F0B9FED5F81130C7F80130AF
:1054B000B5F81530A7F80530EB78012B3BD04B4CF5
:1054C00023685B0718D007F1100551462846FEF700
:1054D00077FB6E4688B06A46454B4FF4E251CDE902
:1054E00005354FF40073ADF81C30424B204642F8AE
:1054F000103F16F01EFFB5461321484616F08CFFEC
:105500003437BD46BDE8F08F204617F03FF803461C
:10551000006895F804B0B8609A889B796868A8F824
:10552000042088F80630BAF804209AF8063038606B
:10553000BA80BB71C0E74046FFF730F80446002848
:10554000BDD00346B5F8012023F8702B98F806204B
:10555000B868B8F8041020679A7140F2E242998066
:10556000B5F8173053430022C4F88830B5F8193025
:10557000A4F89030B5F81B30A4F89230EB78627242
:10558000012BE3701AD187F800B0BA88BB7938686C
:10559000A4F87B2084F87D30C4F8770001F038F956
:1055A000237A1149C3EBC3035A18CB58C4F87E3091
:1055B0009388A4F88230937984F8843007212046B8
:1055C00001F082FD26B101212046667201F07CFDCA
:1055D000204601F0E3FE204601F024FD90E700BFE5
:1055E000384B00203D4C00201001002048080020CE
:1055F000AB8403000300000100B5C36889B01878CC
:1056000020B109B05DF804EBFFF738BBB3F8012017
:105610008DF80000ADF80120DA788DF80320B3F89A
:105620000B20ADF81720B3F80D20ADF81920B3F812
:105630000F20ADF81B205A7C8DF81D205868019072
:105640001A899B7AADF808208DF80A30084B684615
:105650001A689B88CDF80B20ADF80F30CDF81120DB
:10566000ADF81530FFF7F8FE09B05DF804FB00BF98
:105670003BC4030070B5354D0221284616F04CFEA0
:1056800010EA01045ED16FF00401284616F054FEC2
:1056900001F0AEF801F008FE2D4B2246214640F6FF
:1056A00003401C80FFF7E4FD044648B12948036825
:1056B0005A0703D00121284A16F02CFE204670BD5F
:1056C000A5F1D406FFF7E6FBD6F84C0183685B68CA
:1056D00053B96FF002011D4816F02EFE042116F09A
:1056E0001BFE6FF08504E9E7984710F1580F044658
:1056F000EFD068B1174803685B0704D00121234647
:10570000164A16F014FE0421104816F005FED5E7DF
:105710001348FDF725FB2146402206F180001CF0CE
:1057200089FC104B6FF0010118689A889B7945F845
:105730006C0C2846F471A6F86C2086F86E3016F0D2
:10574000FBFDBBE76FF07704B8E700BFE401002082
:10575000384B002048080020C7840300E68403007B
:10576000F82100202EC4030038B5174B054693F8E6
:105770009B301B070BD41548036813F0060F03D0AA
:105780000221134A16F0C6FD6FF0850038BD4FF0B8
:10579000FF304FF0FF31FFF79DFB044688B1052134
:1057A0000C3016F022FC2B68214603602B79002276
:1057B00003F01F030371BDE8384042F21400FFF705
:1057C00057BD6FF06800E1E7100100204808002095
:1057D0000385030000222DE9F04184B0114640F614
:1057E000034002AFFFF744FD044600285AD1FFF7FB
:1057F00051FB214641F203003A1DFFF739FD0446F3
:1058000000284FD17A682C4DD16805F17803D1F882
:105810000100D1F8051003C31046FEF7EFF821464A
:1058200041F201003A1DFFF723FD0446002839D15B
:105830007868C3685A7885F870205A88A5F872206D
:105840001A7985F87120B3F80720A5F87420B3F809
:105850000530A5F87630FEF7D1F8214641F2020076
:105860003A1DFFF705FD0446E0B9D7F804C005F17D
:105870008006DCF80C20531C413234461868596805
:10588000083303C493422646F7D16046FEF7B6F8C4
:1058900095F87C30580615D408480368590706D196
:1058A0006FF0120420460837BD46BDE8F0810121A3
:1058B000034A16F02FFDF3E71001002048080020EE
:1058C0003C850300002142F203003A1DFFF7D0FCA3
:1058D00004460028E6D17A68A04BD168D1F80100CF
:1058E000D1F8051003C31046FEF788F8214642F2AE
:1058F00002003A1DFFF7BCFC04460028D2D17E68A6
:10590000F468B4F801309AB2B2B1E278A2B1A5F865
:10591000FC30E378032B0AD09148026812F0060F9E
:1059200005D00322022100928E4A14F081FDE27814
:105930008D4811461BF062F83046FEF75FF81F23D2
:1059400095F87C60A5F8103116F0200619D14FF0BB
:10595000FF304FF0FF31FFF7BDFA0446002800F09A
:10596000C08102210C3016F040FB01232146037058
:105970004670324640F66D40FFF77AFC0446002838
:1059800090D195F89C301A0712D5002142F21C00E4
:105990003A1DFFF76DFC0446002883D17868C36880
:1059A000D3F80120D3F80530C5E93823FEF726F8EF
:1059B00095F8D8309B0623D53846B91CFFF704FD6F
:1059C000044600287FF46EAF4FF0FF304FF0FF31F8
:1059D000FFF780FA0646002800F0838104210C308E
:1059E00016F003FB3B88224603807B8831464380C8
:1059F00042F22400FFF73CFC044600287FF452AF3B
:105A00004FF0FF304FF0FF31FFF764FA04460028F3
:105A100000F0678108210C3016F0E7FA95F8D820DD
:105A2000214612F0020F14BF2F230F23960695F87C
:105A3000D92048BF43F0400312F0090F4FF0000295
:105A400018BF43F400630370C3F3072343708270ED
:105A5000C270027142718271C27142F20100FFF79D
:105A600007FC044600287FF41DAF95F87C30B5F89C
:105A7000FC10980663D4C9B941F205003A1DFFF73E
:105A8000F7FB044600287FF40DAFB5F8FC307C68C6
:105A90004BB9E368B3F80120A5F8FC209A88324896
:105AA00011461AF0ABFF2046FDF7A8FF4FF0FF307C
:105AB0004FF0FF31FFF70EFA0446002800F0118185
:105AC00008210C3016F091FA10230370882300226D
:105AD00043700226202321468270C67002714271F3
:105AE0008271C37140F60140FFF7C2FB04460028F3
:105AF0007FF4D8AE01463A1D4FF60140FFF7B8FBE0
:105B0000174C2368002835D013F0060F04D0314617
:105B10002046164A16F0FEFBEB79002B40F0D180B0
:105B200016F05CFD044600287FF4BCAE02F0A0F83D
:105B3000044600287FF4B6AEFFF7EAFAB2E6002981
:105B4000B4D107480368590702D16FF00404A9E6ED
:105B50000121074A16F0DEFBF7E700BFE80100204D
:105B6000480800206085030010020020C98503005A
:105B7000A685030003F00703022B69D97B68E8467A
:105B8000DE688AB0B6F80130042B96BF624A6349DA
:105B900052F8231002AAD3614FF4007360481384B3
:105BA000604BC2E9050142F8103F4FF413515E48C3
:105BB00016F0BFFB2368C54603F00703022B47D945
:105BC000B6F80120B6F80330022A55D1052B53D878
:105BD000564A52F82310E8468AB002AAD3614FF41D
:105BE0000073534813844F4BC2E9050142F8103F3C
:105BF0004FF413514C4816F09CFB2368C54603F044
:105C00000703022B24D9737996F806E0032B98BF7B
:105C1000484AB6F807C0D6F809006E468CB094BF63
:105C200052F823103D4902AAC2E9073E4FF400731F
:105C3000DFF804819385414BC2E90581C2E909C0BF
:105C40004FF47351384842F8103F16F072FBB546D6
:105C50007868FDF7D3FE00214FF602403A1DFFF7AA
:105C600007FB064650B1236813F0060F3FF454AF0C
:105C7000334A02212C484DE72849ACE77868C368CD
:105C8000B3F80130A5F8C130FDF7B8FE95F8C13082
:105C90005A077FF541AF31464FF603403A1DFFF7F3
:105CA000E7FA30B1236813F0060F3FF435AF254A09
:105CB000DFE77868C3685B7885F8C030FDF79EFE43
:105CC0002AE72E78002E7FF42BAF95F8C1309B0683
:105CD0001FD54FF0FF304FF0FF31FFF7FBF80446C0
:105CE00010B96FF06804DDE506210C3016F07DF97F
:105CF000D5F8013021460360134B32469B888380E0
:105D00004FF60640FFF7B4FA044600283FF408AF08
:105D1000C8E56FF08504C5E53C410300CB82030074
:105D2000ED85030004000001480800202441030021
:105D300006860300144103001E86030007000001CD
:105D40004B860300748603001101002010B5FFF795
:105D500041FD034B1B6813B1BDE81040184710BD4F
:105D6000D839002073B5304D0646D5F84C011AF0ED
:105D7000BEFC60B92D480368590703D001212C4AA5
:105D800016F0C8FA6FF01204204602B070BD6FF032
:105D9000020105F1D40016F0CFFA012116F0BCFA89
:105DA000C2073DD4FEF772F804460028ECD1214B1F
:105DB0001E60012205F5907011461AF01FFE05F5D0
:105DC0009E701AF0FAFD1C481AF0E7FE6FF0070308
:105DD00040F698021949184800940FF06BF81849DA
:105DE00015480FF00BF9D5F84C01164983681B686C
:105DF0009847044648B10D4803685B07C4D00121A9
:105E00002346114A16F093FABEE726B902B0BDE860
:105E10007040FFF7DFBC05F1C4000FF045F8B3E7B1
:105E20006FF07704B0E700BF1001002048080020A1
:105E30009D860300D8390020F8210020E87D00204D
:105E4000B5860300F5470100BE86030073B5C3683D
:105E5000D9789A781E8842EA0122ADF80020597953
:105E60001A79B4B242EA0122ADF80220D9799A79BE
:105E7000204642EA0122ADF804201A7A5B7A012119
:105E800042EA0323ADF8063001F01EFA054670B968
:105E90001E4803685B0704D0012123461C4A16F004
:105EA00046FA0221204616F03FFB02B070BD69465B
:105EB00001F064FC38B91E21204616F035FB284657
:105EC00001F0B0F8F1E74FF0FF304FF0FF31FFF78E
:105ED00001F804460028F2D00E210C3016F085F8A7
:105EE00000230680C0F80A30BDF800302146438008
:105EF000BDF802308380BDF80430C380BDF80630A1
:105F0000038142F22000FFF75FF9D8E7480800203C
:105F1000F57E030038B5042104460C3016F0A6F8CF
:105F2000034640885D7818B122461978FEF70CFECA
:105F300035B104480EF0B4FDBDE83840FFF73CB978
:105F400038BD00BF30020020B0B50446032100AFC9
:105F50000C3016F08BF8E2680346117840F63542B3
:105F6000B0F8010090421AD11348036813F0060FED
:105F700013D06C468AB06A46104BCDE90531104B00
:105F80004FF41251079340F20133ADF820300D4B1E
:105F900042F8103F16F0CDF9A546BD46B0BD1D78BC
:105FA00010B12246FEF7D0FD002DF6D006480EF0C7
:105FB00077FDFFF701F9F0E748080020DA860300D3
:105FC00045640300040000013002002038B50FF0E2
:105FD00013FB324DD5F83C31002B5CD0002200235E
:105FE00005F590700EF090FD002854D1002200239A
:105FF00005F59E700EF022FD044668B940F6AA43EE
:10600000274A2849284813F0C9F884F31188BFF3B8
:106010006F8F0323184602DFD5F8303173B1234860
:106020000368590703D00121214A16F073F9D5F806
:106030003001FDF7E3FC0023C5F83031204615F0B0
:106040009DFFC5F830012046FEF782FF0346E0B110
:1060500016480268520703D00121164A16F067F964
:1060600015480EF01DFD2046FDF728FC0C22134BB1
:1060700002FB0033588818B122461F21FEF764FD49
:106080002046FDF7BBFCFFF797F8FFF795F8BDE852
:1060900038400FF0C5BA01F091F9F8E7100100207F
:1060A0007C8003009B7E0300C98003004808002019
:1060B00012870300B483030030020020A8390020B7
:1060C000F8B506460024094DEF79E3B29F4202D8A5
:1060D0006FF0010007E02946304616F041FA073517
:1060E000631C08B12046F8BD1C46EEE710010020F5
:1060F00070B51C4E0622314605461BF0AEFF58B364
:106100004FF0FF304FF0FF31FEF7E4FE044628B3B6
:10611000062229460C3015F06EFF2146002242F27D
:106120000500FFF7A5F8044668B110F10D0F08D17E
:106130000D48036813F0060F03D002210B4A16F036
:1061400017FA204670BD33462A6843F86929AA88A1
:10615000B280012283F868200024F2E76FF068041F
:10616000EFE700BF790100204C08002035880300CC
:1061700073B504460D46D1B128461C4916F0F0F916
:10618000A8B91B4A2968C4EBC4041151A318AA88F2
:106190009A80AA799A71174BD3E8AF3F5B0703D572
:1061A000FDF75AFF15F0BAFF002002B070BD6E4631
:1061B000304616F002F80028F7D13046FFF780FF8E
:1061C0000028F5DA0A4A0098C4EBC4041051B179EA
:1061D000B088A31898809971002DDCD012592A60DC
:1061E0009A88AA809B79AB71D5E700BF2EC40300C3
:1061F00010010020E401002038B50D460649CC7995
:1062000038B12B689C4228BF1C46C4EBC4021BF06B
:10621000EBFE2C6038BD00BF1001002070B50446B5
:1062200041BB50B3284916F09BF930BB2046FFF71D
:1062300047FF002841DA23786BB9244AD379002B31
:106240003BD120681060A179A088917101219080D4
:106250001846D17170BD012B04D1A37903F0C0039E
:10626000C02B0AD01A4803685A0703D00121194AE3
:1062700016F07EF96FF01500ECE7144DEB79012B69
:106280001ED005F1D403D3E8AF3FDB0707D4002CC1
:10629000F0D020460C4916F063F90028EAD1EE79D7
:1062A0002146731C3046EB71FFF762FF08B9304698
:1062B000D0E7EB79013BEB71CCE76FF07700C9E7F2
:1062C0006FF00B00C6E700BF2EC4030010010020D2
:1062D0004C0800204488030073B5054616460C465A
:1062E000F9B12046204916F03BF9D0B92378012BAB
:1062F00004D1A37903F0C003C02B0DD01B48036861
:106300005B0704D16FF01503184602B070BD012180
:10631000174A16F02DF9F5E72046FFF7D1FE0028C1
:106320001EDA002EEED1002DECD0124BDB79AB4201
:10633000E8D9114801A98DF804508DF8056000F0E6
:1063400051FA9DF8053013B16FF00F03DCE72146D9
:106350002846FFF70DFF002814BF03462B46D3E75E
:106360006FF07703D0E700BF2EC403004C08002075
:10637000728803001001002075C502002DE9F34169
:106380000446A0B31D4DEB79834230D9C0EBC00861
:106390001B4E08EB05073146384616F0E1F848BBBE
:1063A0008DF8050001A917488DF8044000F01AFA8D
:1063B0009DF8053023B16FF00F0002B0BDE8F08109
:1063C000336845F80830B388BB80B379BB71EB798B
:1063D000013B9C4208BFEC710B4BD3E8AF3F5B071E
:1063E00003D5FDF739FE15F099FE0020E5E76FF0C3
:1063F0001500E2E76FF07700DFE700BF1001002033
:106400002EC4030075C50200E40100202DE9F3410C
:10641000044660B91E48036813F0060F03D01D4AF6
:10642000022116F0A5F8002002B0BDE8F08100219D
:1064300041F2090001AAFEF71BFF054630B11448DE
:10644000036813F0060FEED0134AE9E7019E062217
:10645000D6F80C80114908F1010738461BF0FDFD04
:1064600028B1062238460E491BF0F7FD18B9304610
:10647000FDF7C4FAD7E7D8F801303046C4F8013048
:10648000BB882570A4F80530FDF7B8FA0120CBE7EA
:106490004C080020A0880300B98803003BC4030017
:1064A00035C4030007B56846FFF7B0FF044BD87149
:1064B00018B169460020FFF75BFE03B05DF804FBEE
:1064C000100100202DE9F041374E88B0F179002904
:1064D00062D196F8C24014F0010415D13348036824
:1064E00013F0060F03D0324A022116F041F80024BF
:1064F000F471162500240127F379E0B2834235D8E0
:10650000002B49D0002044E06A464FF60940FEF7D0
:10651000AFFE30B12548036813F0060FE7D0254AD7
:10652000E2E7DDF800C0DCF80C5095F80180B8F126
:10653000000F0ED0AB1C02AA123517461868596816
:10654000083303C7AB423A46F7D1186838609B88D6
:10655000BB806046FDF752FAB8F1000FC8D113486E
:10656000036813F0060FC2D0134ABDE708AB05FB62
:10657000003353F8182C33F8143C6946CDF8012049
:10658000ADF805308DF80070FFF7F2FD01340028FA
:10659000B2D008B0BDE8F0810021084608B0BDE8DF
:1065A000F041FFF73BBE00BF100100204C08002067
:1065B000D788030003890300238903002DE9F041F4
:1065C0001D460E461746034660B15DB10A0314D559
:1065D00076070BD5294803685C0703D00121284AB8
:1065E00015F0C6FF6FF01500BDE8F08115F0DBFF78
:1065F0000028F9D101232B70F6E7B107047824D0E5
:1066000020492FB1B20603D591F8D820500632D5D3
:10661000C4EBC40411F80480B8F1010F09D10134AE
:106620001846214415F0B7FF0028DDD185F8008019
:1066300002E0B8F1000FF9D02FB1B30642BF2B78BA
:1066400043F002032B700020CEE7720710D50D49EE
:10665000C4EBC4040F5D012F07D10134214415F0B0
:106660009AFF0028C0D12F70E7E7002FE5D1FAE7A5
:1066700015F099FFBEE76FF08500B5E74C080020E4
:106680004C8903001001002070B504460D4611B975
:106690006FF0150070BD0B4ED6E8AF3F5B070ED50F
:1066A0000028F5D100F0B4F856F8D40C286036F87C
:1066B000D02C16F8CE3C2046AA80AB71EAE76FF0EA
:1066C0000A00E7E7E40100202DE9F74F8846019032
:1066D0004FF0FF314FF0FF30FEF7FCFB044600287F
:1066E00051D020210C3015F080FC002706460021F7
:1066F00020221BF09FFC3946D8F8005006F1010B10
:10670000D8F804309F4208D3317000222146019806
:1067100003B0BDE8F04FFEF7ABBD6A78881C1318D4
:106720001F2B95F800C05FFA80F918D9BCF1090F4A
:10673000C9F11F0201D1002A0FDC144803685B076E
:1067400003D00121124A13F060FE2046FDF756F9EE
:106750006FF0150003B0BDE8F08F4FF0080C5FFA42
:1067600082FA0AF1010E0BF801E00131C9B20BF80F
:1067700001C069685844D1441BF036FC01375FFA08
:1067800089F10835BCE76FF06800E3E72C080020CA
:1067900071890300F7B5CDE90001694642F20800AE
:1067A00016461D469DF82070FFF78EFF044648B937
:1067B0005FB90B4BD3E8EF1F41F00401C3E8E21FC0
:1067C000002AF7D1204603B0F0BD694642F2090025
:1067D000CDE90065FFF778FF0028EAD00446F1E72D
:1067E0003801002003460148184700BF2801002057
:1067F00008B500210448FFF7F5FFBDE80840502226
:10680000002102481BF016BC33C6020028010020FC
:1068100000487047280100202DE9F04FD0F8109073
:1068200089B0B9F100040546934618BF0124DFF88A
:10683000B4A202910393DAE8AF3F5E0740F1808192
:10684000466870050CD56FF01504002240F2011067
:10685000029B934540F07D81204609B0BDE8F08F52
:10686000D5F81080B8F1000F01D0B107EBD09E4FE2
:106870002878FB798342E6D9C0EBC00007229B4908
:1068800038441BF0EAFB0028DDD0B20706D197F8A8
:106890007030082B02D8AB689F2BD4D916F0300F7C
:1068A0006DD0B8F1000FCED0F3066BD406F460368D
:1068B000B6F5603FC7D0284615F08CFE804600280C
:1068C000C1D08B4ED6E8AF2FD005C2F3002300F124
:1068D0003A81CDE90533CDF81B30AB686A68ADF875
:1068E0001030EB6812F4004FADF8123014BF0623DD
:1068F0000723D10348BF03F00503900348BF03F00B
:10690000FB038DF81D30DAE8EF3F23F48073CAE80B
:10691000E23F002AF7D12B7822463B7687F86F308A
:10692000696874480DF11503FFF748FE0446002816
:106930008BD1714BB9F1000F30D02A6911684AF838
:10694000B31C9188998092799A716B68990727D0C6
:10695000B9F1000F2BD013F0100F0CBF012304234B
:106960008DF814302B691A68CDF816209A88ADF886
:106970001A209B798DF81C304FF000081AE0B8F10E
:10698000000F93D1D5E902239A423FF65CAF1F2A4C
:106990007FF659AFB3F5804F88D954E7534ACDE716
:1069A0009A0502D4039B002B3FD0022300E04B4604
:1069B0008DF814304FF0FF304FF0FF31FEF78AFAB8
:1069C0000446002800F0C2800F2204A90C3015F004
:1069D00012FB2146002242F20600FEF749FC044663
:1069E00000287FF432AFB9F1000F22D06B6813F0AA
:1069F00003032AD11F4601213E4815F0F1FD04464C
:106A0000002848D03D4803685B0703D001213C4A79
:106A100013F0FBFC002F3FF418AF3846002100F0C4
:106A200053FB384600F0FEFA0FE703238DF81430CD
:106A3000A2E75946129B039A0298CDF80080FFF70F
:106A4000A9FE04460028D1D0FFE63C7E0722274954
:106A5000294887F86F401BF000FB60B920462949A0
:106A600000F0C8FE074610B96FF00B04EDE60521F3
:106A700000F02AFBBFE720461F4900F0FFFE002878
:106A80007FF4E1AE387E1C4900F0B4FE07460028D2
:106A9000EAD00621ECE717B1384600F0C3FA6B687C
:106AA0009F0731D0D6E8EF3F43F40073C6E8E23FDA
:106AB000002AF7D1B8F1000F2FD0D6E8EF3F43F40A
:106AC0008063C6E8E23F002AF7D16B6858072DD5EE
:106AD000D6E8EF3F43F48053C6E8E23F002A3FF494
:106AE000B4AEF5E7E4010020100100202EC403003D
:106AF0003801002028010020310100202C0800204E
:106B00008A89030027C40300D6E8EF3F23F400730B
:106B1000C6E8E23F002ACDD0F6E7D6E8EF3F23F4FF
:106B20008063C6E8E23F002ACFD0F6E7D6E8EF3F21
:106B300023F48053C6E8E23F002A3FF486AEF5E72F
:106B40006FF00A0481E66FF077047EE66FF0680468
:106B50007BE61988814204D1596811B10978C907C7
:106B600002D40132083374E6044905481AF01BF8D0
:106B70000023044A02480EF03BFA6DE6FD6B01006B
:106B8000400100201C4E0E0010B5184815F04EFDB7
:106B9000174CD4E8AF3FDA05C3F3002024D5D4E87E
:106BA000AF3F9B0517D513490722E01F1BF055FA8D
:106BB0000346A4F1280114F8100C93B905220E49DC
:106BC00000F09CFE044630B10021417200F07CFAD6
:106BD000204600F027FABDE810400021034815F0D8
:106BE000FFBC06222131EBE710BD00BF28010020C9
:106BF000380100202EC4030027C4030010B5FFF79E
:106C0000C3FF034650B10648026812F0060F05D0D4
:106C1000BDE810400221034A13F000BC10BD00BFC4
:106C20002C080020A589030070B505460B4B1C6895
:106C300044B154F8183C183C13B12846697A984777
:106C4000A469F5E7064C074EB44200D370BD236833
:106C500013B12846697A98471C34F5E7103A0020AA
:106C6000C02D0300302E030010B50446FCF726FEAD
:106C7000044901EB0011204615F01BFBBDE8104054
:106C8000FEF79ABADC390020002270B50446D1E93B
:106C900001560748C1E9012219F097FE3DB131467E
:106CA00020462B46BDE870406FF06D02184770BD5E
:106CB000BC0A002070B50546002200230E480DF0E6
:106CC00023FFB8B90D4B1C6834B154F8103C183C84
:106CD00003B19847A469F7E7094C0A4EB44204D3BC
:106CE0002846BDE870400EF0DFB8A36803B19847AE
:106CF0001C34F3E770BD00BF940A0020103A002056
:106D0000C02D0300302E03002DE9F041044640273A
:106D10000025EFF3118287F31288BFF36F8FE169CB
:106D200029B1206A0B688142E36108BF236282F3C4
:106D30001188BFF36F8F71B1D1E901680748C1E9CC
:106D4000015519F042FE1EB1002241462046B047CF
:106D5000FEF732FADDE7BDE8F08100BFBC0A002093
:106D600037B50446051DD5E8EF3F43F48062C5E81A
:106D7000E12F0029F7D15A055CD4284615F075FC9F
:106D8000830342D5284615F070FC40030FD42046FB
:106D900015F081FB034638B127480268550703D038
:106DA0000121264A15F064FCA37A072B42D1E3782F
:106DB00043B92148026812F0060F03D00221204A8D
:106DC00015F056FCA37A072B34D11E4B93F8D8301C
:106DD00099062FD515F0D4FA60B30DF1060101A87C
:106DE000FEF7F2FA30BB2046BDF80620BDF80410CD
:106DF00015F07BFB0346E8B10F480268520719D033
:106E00000121114A15F034FC14E00E4B93F8D830F0
:106E10001907B7D5204615F023FB034638B10648BD
:106E20000268520703D00121084A15F021FCA37A19
:106E3000072BA7D003B030BD38080020EC89030031
:106E40000C8A030010010020258A0300CB8903006F
:106E50000448B0F8FC3000F58070002B08BF00201B
:106E6000704700BF1001002030B50446FBF7EEFF6D
:106E70000D460D4A0D4989B00858D2F8C81088420D
:106E800005D1204609B0BDE83040FFF73DBF2434AE
:106E90002146104619F056FE1DB16946204619F0EC
:106EA00061FE09B030BD00BFF033002008000000D3
:106EB00038B5002204468A4202D10024204638BD5B
:106EC000012004F1D003D3E8EF5F002D04D1C3E823
:106ED000EC0FBCF1000FF6D102D0D8340244EAE73F
:106EE000002CEAD0D022002120461BF0A3F804F1A8
:106EF0004000044919F057FE034904F1240019F039
:106F000005FEDBE7617B010075C60200F7B516469A
:106F10000D4601210446FFF7A7FF012E29D0022EBE
:106F20005ED1236953B139480368590703D0012161
:106F3000374A13F06AFA204615F0C0FB2561216933
:106F40000B8A012B5FD9CA681288043292B293422D
:106F500059D34FD92D480168490704D00121009227
:106F60002C4A13F065FA204603B0BDE8F04015F056
:106F7000A5BB206980B9254803685A0703D0264A73
:106F8000314613F042FA204615F098FB284603B02C
:106F9000BDE8F040FCF732BD2A8A002AF6D0018A0B
:106FA000438A47695B1AC168C91B5B1A9A420FD9A9
:106FB000164803685B0703D0184A314613F025FAD8
:106FC00000222046216901F04BF800232361DDE710
:106FD000E9680C3015F00FF82846FCF70FFDAEE716
:106FE0000A4803685F07CED0012133460C4A15F0EA
:106FF0003FFBC8E7002301222046236103B0BDE820
:10700000F04001F02DB803B0F0BD00BF38080020FB
:10701000418A0300C18A03005E8A03007C8A030060
:10702000A38A030008B500F1D003D3E8EF2F013A9B
:10703000C3E8E12F0029F8D1AAB90B4B984212D32B
:1070400003F1D80290420ED2C01AD823B0FBF3F25B
:1070500003FB120038B905480DF022FDBDE80840D9
:1070600003480DF021BF08BDE0220020940A002053
:107070008005002010B5044615F029FB0EF0BCFA7F
:10708000104A04F1C403D2F8141161B9C4F8C41051
:10709000D2F8181159B9C2E945330EF0C1FABDE86A
:1070A0001040FEF789B88B4205D00968EDE70B6008
:1070B000C2F81831F1E70EF0B3FA2046FFF7B2FF3D
:1070C000EDE700BF10010020F8B5867A04468E4235
:1070D0000D4600AF21D15E4B1B6813F0060F1AD08E
:1070E000082E98BF5B4B6C4688B094BF53F826308F
:1070F000594B6A465949CDE905134FF40073ADF871
:107100001C30574B42F8103F00234FF4E4515048D5
:10711000F7F720FCA546BD46F8BD81720EB915F003
:10712000D6FAA37A082B00F2898001A252F823F044
:107130007D710100DB710100177101001771010001
:1071400017710100177101001771010055710100DD
:10715000177101000023C4E90D33E378012BDAD164
:10716000A378404A012B08BF032304F1400008BF65
:1071700084F8983000230DF007FFCCE7082ECAD81A
:10718000DFE806F02005171C1C1C1720200004F166
:107190004005284619F013FD01212046FFF764FE43
:1071A000204615F08BFA0022002328460DF020FF20
:1071B000B1E7637A13B12046FFF736FD2046FFF7AB
:1071C00031FFA8E72248036813F0060FA3D02B462F
:1071D000254A022115F04CFA9DE7637A3E2B13D124
:1071E0001B48036813F0060F0ED06D4688B06A4640
:1071F0001E4BCDE90534032342F8103F00234FF422
:10720000C451F7F7A7FBAD46194D05F580766169C6
:1072100011B9FDF7D1FF7EE7A2690B68914208BF63
:10722000A36120466361FFF72FFDB5F8FC30002B0A
:1072300014BF304600200DF033FCE8E70448036833
:1072400013F0060F3FF467AF0A4A2B46C1E700BFB1
:107250003808002004420300DC8A0300E68A0300A9
:10726000030000015A620200F78A03000E8B03003C
:1072700010010020358B0300F8B5074609480D467C
:10728000164615F024FA044650B183781F4203D104
:10729000BDE8F840FFF7C6BE3146A8472046F7E7ED
:1072A000F8BD00BFE022002000220F200149FFF7B7
:1072B000E3BF00BFFDC60200002201200149FFF725
:1072C000DBBF00BFB1C6020070B5054610480E46D0
:1072D00015F0FDF90446C0B1837A012B02D0073BBB
:1072E000012B10D82388AB420CD1A3781E420DD1BC
:1072F0000848036813F0060F04D002212B46064A03
:1073000015F0B6F92046FFF78DFE0024204670BD2B
:10731000E022002038080020518B0300034BC01AE4
:10732000034BC0105843C0B2704700BFE02200209A
:1073300013DA4B6870B51C46144305460E4611D04F
:10734000FBF784FD1049D1F8C840104909588C4218
:107350000AD10F48036813F0060F03D002210D4A2B
:1073600013F053F8002213460B49002D14BF284692
:10737000084614F0D4FD044618B1711D0C3014F009
:1073800029FE204670BD00BFF03300200800000039
:1073900038080020688B0300CC0A002010B5044692
:1073A00005480DF081FD204600F096FD2046BDE821
:1073B0001040FFF739BC00BF700500202DE9F04FE9
:1073C000002387B000AFFB607B61BA4B5A8A3AB1A9
:1073D000B94DD5F814413CB91C37BD46BDE8F08F16
:1073E0001B68002BF4D1F7E754F8C43903B1C43B50
:1073F0000026B24901E01C461346B5F8FC20002ADD
:1074000000F06E81D5F808214AB904F1C406002BBA
:10741000E2D0D3F8C420002AEDD0C43AEBE70A68E2
:10742000002AF2D0D4F8B020002AEED0D4F8B4204C
:10743000002AEAD0D4F8B820002AE6D0A37A072B95
:107440006AD120469047002866D004F1C80015F0A4
:107450000CF9022860DC204615F039F904460028B2
:10746000BAD0A37A072B40F038812046D4F8B03048
:10747000B5F8FC1007F1100298478146002800F08B
:107480000B81B5F8FC203B699A4208D30146D4F839
:10749000B460204607F1140307F10C02B0477B6982
:1074A000D7F80C803B60B9F81030002B00F0FE805C
:1074B0004846D7F810A014F012FF7860002840F07A
:1074C0000981B5F8FC30DFF8F8B1002B14BF58463D
:1074D0000020002200230DF017FB78B900220023C2
:1074E00076480DF0ABFA064600283BD1B5F8FC30E3
:1074F000002B18BF5E4630460DF0D2FA6FF00B0538
:107500004846FCF77BFAB8F1000F00F0AD802A4640
:1075100020463968C047A7E0D4F8C43004F1C4025B
:10752000C6B9D5F81811C5F814318A4201D1C5F889
:10753000183100232046C4F8C430D4F8B830984736
:1075400000288ED0A37A072B40F0C7802046FFF793
:1075500091FD86E73360D5F818319A4208BFC5F827
:107560001861E6E73B68C0F804808360B5F8FCB0BA
:107570000022DA454FF000034FF000014D4898BF5C
:107580001FFA8AFBFCF7BCF9804650B1FCF796F96C
:107590004C4B5A4603EB00134946404614F064FE38
:1075A0008046B5F8FC3094F8CC909A4584BF01230E
:1075B0007B607B689CBF09F102095FFA89F984F856
:1075C000CC3004F1C80ADAE8EF3F0133CAE8E23F01
:1075D000002AF8D100233360A369002B60D1C4E9ED
:1075E0000566A378012B5ED108F10C0B04215846E7
:1075F00014F023FD238809F0FD0943EA09330380D1
:10760000B8F810300221043B4380584614F01DFDA9
:107610004046FDF79DFC814600285ED0DAE8EF3F4A
:10762000013BCAE8E23F002AF8D1314604F11400D8
:1076300015F023F8244803685A0704D001214B466B
:10764000224A15F015F84046FCF7D8F92046314695
:10765000FFF71AFBB5F8FC301948002B08BF0020D3
:107660000DF01EFA6FF00405174803685B070FD092
:107670006E4688B0164A0423CDE905256A4607946C
:1076800042F8103F00234FF40151F7F763F9B54674
:107690001321204615F044F82046FFF7C3FC9BE673
:1076A0001E60A6619DE76FF01509B7E76FF07905D9
:1076B00026E700BF380B002010010020BC0A002084
:1076C00010020020DC39002038080020B4830300B9
:1076D000918B03006FF0040512E7FDF76DFDDBE70A
:1076E0009368FFDE40F2E2432DE9F041D0F8886074
:1076F0000446B6FBF3F6031D184614F0B6FF8204E9
:10770000B6B213D5B4F88C20B2420FD8B4F88E209C
:10771000B2420BD3D4E92412914207D1D3E8EF1F30
:1077200021F40051C3E8E21F002AF7D1104B1D6875
:1077300065B155F8087C183D37B131462046B4F89C
:107740009230B4F89020B847AD69F1E7094DDFF801
:107750002880454501D3BDE8F0812F6937B1314616
:107760002046B4F89230B4F89020B8471C35F0E7C2
:10777000103A0020C02D0300302E03002DE9F04107
:10778000074608460D4614F0FDFD064618B90026CA
:107790003046BDE8F081144B1C6884B154F80C3CB1
:1077A000183C0BB9A469F8E72946384698470028E1
:1077B000EDD0284614F0E6FD0028F3D1E7E70B4CA6
:1077C000DFF82C804445E3D2E3680BB91C34F9E7B9
:1077D0002946384698470028D9D0284614F0D2FDCB
:1077E0000028F3D1D3E700BF103A0020C02D0300DA
:1077F000302E030038B505460C460E480121FFF730
:1078000057FBB0B1057223680367A388A0F87430F2
:10781000A37980F8763001238370074BC0F8B0302D
:10782000064BC0F8B430064BC0F8B830054BC0F872
:107830008C3038BDE0220020D17D010055C6020009
:1078400049C602001800280070B505460A480E46D1
:1078500014F03DFF044620B18378012B04D0FFF7DC
:10786000E1FB0024204670BD3246294614F078FF23
:107870000028F7D12046F2E7E0220020F0B589B0D9
:1078800000AF0D46FFF7E0FF044640B3154B1B6801
:1078900013F0060F1FD029463846FCF791F9A37A5A
:1078A0006D46082B98BF104A8AB094BF52F8233017
:1078B0000E4B6A46CDE907730D4B0E4909930E4BEB
:1078C000CDE9051442F8103F00234FF4425105481A
:1078D000F7F740F8AD462046FFF7A4FB0120243718
:1078E000BD46F0BD3808002004420300DC8A0300D6
:1078F00001030204B48B030005000002F8B505463D
:107900000E480E46174614F0E2FE044620B1837876
:10791000012B03D0FFF786FB00240DE036B1324681
:10792000294614F01DFF08B92046F3E7A37ABB42AD
:10793000FAD1237AAB42F7D12046F8BDE0220020ED
:1079400070B58B780646012B0C4692B042D191F867
:10795000703007AD032B37D8DFE803F00230323444
:107960001E492846F4F744FC059594F871301E2111
:10797000049394F872301A4A039394F873300AA867
:10798000029394F87430019394F87530009394F84E
:10799000763010F037FE32460AAB10AD1C4603CCF1
:1079A000AC4210605160234602F10802F6D1206813
:1079B00010603046A388938012B070BD0949D0E7AB
:1079C0000949CEE70949CCE70A212846084A10F0C0
:1079D00019FEC9E700238DF82830DCE7B17C0300ED
:1079E000D37C0300B87C0300BF7C0300C97C030088
:1079F0006A8F030010B583780B70C3784B70037ADD
:107A00008B70837A023BDBB2062B8EBF0023254AA4
:107A1000D35C81F82030012381F8213000234B848E
:107A20008378012B3AD100F170038B60037A1E4AF0
:107A3000C3EBC30313444B60C27800F1770300F13A
:107A40007E0412BB1A462346C1E9032340F2E242F8
:107A5000D0F888304B61B3FBF2F30B83B0F8903071
:107A60004B83B0F892308B83D0F8A4302BB15B7C81
:107A7000DA0644BF012381F82330D0F8A43013B1D3
:107A80005B7C9B0603D4002010BD2246DCE791F806
:107A9000233043F0020381F82330F4E76FF0150040
:107AA000F2E700BF82C40300100100207FB56946E1
:107AB000054614F075FE78B90C4B1C6844B154F8B7
:107AC000043C183C13B1694628469847A469F5E779
:107AD000074C084EB44201D304B070BD636913B1C2
:107AE0006946284698471C34F4E700BF103A002046
:107AF000C02D0300302E030038B5044608460D465D
:107B000014F040FC38B3154B93F8D830990707D4DC
:107B1000E37873B129462046BDE8384000F0D4BA76
:107B200094F899309A07F3D5201D14F09EFD430474
:107B3000EED42946204614F05BFE58B92B88A4F8F1
:107B40008C306B88A4F88E30AB88A4F89430EB8826
:107B5000A4F8963038BD6FF01500FBE71001002047
:107B6000F7B510F8363C0446A0F140060BBB304692
:107B700014F0BDFE374B1D684DB155F8143C183D4F
:107B80001BB1304614F8371C9847AD69F4E7324D05
:107B9000324FBD4205D3304603B0BDE8F040FFF799
:107BA00041BA6B681BB1304614F8371C98471C3536
:107BB000EFE710F83E3C012B25D1A0F13C05D5E8BC
:107BC000EF3F23F40052C5E8E12F0029F7D19904D3
:107BD00025D5E36C69460093636D30460193FFF74A
:107BE0008BFF034688B9D5E8EF3F23F48053C5E8FF
:107BF000E23F002AF7D1D5E8EF3F43F40063C5E840
:107C0000E23F002AF7D103B0F0BD1548026812F038
:107C1000060FF0D0134A022114F02AFDEBE74FF4CF
:107C20002813114A69463046CDE90023FFF764FF67
:107C3000034640B9D5E8EF3F43F48053C5E8E23F3F
:107C4000002AD8D0F6E70648026812F0060FD2D014
:107C5000064AE0E7103A0020C02D0300302E030052
:107C600038080020ED8B030018002800128C030058
:107C700010B50E4818F0A1FE0D490C4818F0A5FEED
:107C80000C490A4818F0A1FE0B49084818F09DFE5F
:107C900015F079FA04F0A0F8044628B916F003F9B3
:107CA000044608B914F0CAFE204610BDBC0A0020E4
:107CB000EC390020F8390020043A0020034604483B
:107CC0000268520703D00121024A12F0A7BB704795
:107CD00050080020B88C030098B503460B4800AF4D
:107CE000026852070ED06C4688B06A460849CDE952
:107CF0000513032342F8103F00234FF4C251F6F757
:107D000029FEA5466FF00B00BD4698BD5008002027
:107D1000E08C030008B5064A136823B90548506093
:107D200018460A6008BDFFF7D7FF6FF00B00F9E7B0
:107D3000183A00205042030070B5044652EA03008E
:107D400008D0FBF783F8074D074ED5F8C8503058D8
:107D5000854201D1002213462046BDE8704004311F
:107D6000FFF7E8BAF03300200800000073B50546BD
:107D700018462B682BB39B7A072B22D1002A0CBF05
:107D8000012302230E7A9E420DDD0F48026852073E
:107D900003D16FF0150002B070BD01210B4A0096AF
:107DA00012F046FBF5E7CB7A072BF2D9C8618A615E
:107DB00005F1300018F009FE284614F06FFD002090
:107DC000E9E76FF07F00E6E750080020078D030029
:107DD0002DE9F84F88469146D0F8BC4000AF44B139
:107DE000403C236B63B92068BC3014F076FD246CF2
:107DF000F5E7FDF7E1F900263046BD46BDE8F88F0E
:107E000004F1300A504618F0F5FD05460028F0D080
:107E100014F065FA98B12D4803685B07EBD06C4607
:107E200088B06A462A4BCDE90535032342F8103F56
:107E300000234FF4C251F6F78DFDA546DBE7284637
:107E400014F09CF8656C06469DB9A38C058A403BEE
:107E50009BB23F2B03D8238D9D4228BF1D46042192
:107E600006F10C0014F0E9F80580A38C043543807A
:107E7000656445451FD8B6F810B0AB4506D1002261
:107E8000002350460CF0DAFDFBF7B8FDA38CA3F1FC
:107E900040023F2A06D8AB451ABF002213460D4ABE
:107EA000F361B2612068BC3014F017FD236B13B18D
:107EB000204614F0F3FC636C98452CBF0021A3EB23
:107EC0000801C9F80030616496E700BF500800203F
:107ED000278D0300EFC90200F7B504460026234DA5
:107EE000234FBD4201D303B0F0BD2988204614F0D2
:107EF00075FD6B68019001A920469847002830DB8A
:107F0000019B2A889A829A8403F11002D2E8EF1F1B
:107F1000C2E8E06F0028F9D11E645E649E60A16B28
:107F200003F10802F9B9C4E90D221C60DE6003F117
:107F3000300018F042FD019843681B6803B1984770
:107F4000019B1033D3E8EF1F41F00101C3E8E21FAA
:107F5000002AF7D101984368DB6913B100F11001E1
:107F600098470835BDE70A60A263DEE7A82D030045
:107F7000C02D030073B50D460646042105F10C0023
:107F800014F074F82B8A428804469A420AD0244896
:107F90000168490704D00092224A012112F048FAF0
:107FA00002B070BD437853B91D4803685A07F7D033
:107FB00001211D4A02B0BDE8704012F026BA0378D4
:107FC000012BEDD0132B0AD1022AE9D01448036803
:107FD0005B07E5D0022300931346144ADDE71048FF
:107FE000026812F0060F03D00221114A12F016FAAD
:107FF000617802220120356814F0D6FC044600287E
:10800000CED002210C3013F0F0FF00232146037084
:108010004370284602B0BDE8704014F0F5BC00BFC4
:10802000500800203F8D0300608D0300818D030008
:10803000AC8D030008B50B8A032B09D806480368EA
:108040005B0703D00121054A12F0DFF9002008BDCB
:10805000FFF790FFFAE700BF50080020D48D03001F
:1080600038B50B8A0546032B0C460CD81348036819
:108070005B0703D00121124A12F0C7F92046BDE880
:108080003840FBF7BBBC042104F10C0013F0EEFFF9
:108090004188284614F0C9FC50B90848036813F019
:1080A000060FEBD0074A0B46022112F0B7F9E5E7BD
:1080B000436821465B699847E0E700BF500800200D
:1080C000F28D03000F8E030070B5134A0C4613782F
:1080D0000646013313F0FF010ABF01230B46194680
:1080E00013701220082214F05FFC054688B10821A5
:1080F0000C3013F07AFF2288294602806288428081
:10810000A2888280E288C2803046BDE8704014F0C8
:108110007BBC6FF00B0070BD3E4C002023281FD8A5
:108120001A2804D8431E182B0ED906207047A0F138
:108130001B03082B1ED8DFE803F0051D1B231D19A8
:10814000251D05000320704701230F4A83401A4074
:10815000C2B90E4A1A40002A0CBF062001207047FF
:1081600000F07F03522B05D100207047012070479B
:108170000520704710F0400F14BF00200620704704
:108180000420704702207047AAAA8A02545545016C
:108190002DE9F74F064608460C46FBF78FFB1823E0
:1081A0004343314F0546FA1891680191E16806F1A1
:1081B0004C00D0E8AF0FC0070DD42C480368590716
:1081C00003D001212A4A14F05CFC6FF015094846DF
:1081D00003B0BDE8F08FE068007810710022FA501B
:1081E0000B78D22B12D133682146186815F058FE4F
:1081F000814658B11D480268520703D001211D4A2B
:1082000014F03FFC2046FBF7F9FBE0E7182303FBE3
:108210000573D4F80C80D4F814B0B4F810A09E60A4
:10822000002321461A46301DFFF7A0FD8146002895
:10823000CDD010F1690F07D10C480268530703D065
:1082400001210D4A14F01DFC6269A8EB0B0812FA1B
:1082500088F2E26018225543019B7A19A4F810A015
:10826000936047F80590B2E7683A00203008002094
:108270004B8E0300658E0300788E030008B5EFF384
:108280001181402383F31288BFF36F8F00230360B3
:10829000104B5A68DAB9C3E9000081F31188BFF3C3
:1082A0006F8F0D480CF000FE031E0FDA0B480268BA
:1082B000520703D001210A4A12F0B0F8002383F3D9
:1082C0001188BFF36F8F0323184602DF08BD1060CB
:1082D0005860E2E7603A0020B8050020300800202E
:1082E0009B8E0300011F014818F094BAAC090020CE
:1082F000044803685B0703D00121034A14F0C1BBA3
:10830000704700BF30080020C48E030010B504463B
:1083100000F14803D3E8EF1F41F00101C3E8E21F79
:10832000002AF7D1201F14F004FC04F16400044972
:1083300018F039FC2068BDE8104003F00FBC00BF06
:10834000C593010073B50E46438D418B01328B42BC
:1083500028BF0B469A4205460DD92048016811F006
:10836000060F04D0022100921D4A12F061F8002489
:10837000204602B070BD3046FFF7D0FE6FF0140308
:10838000034113F0010310D0FAF760FD154B1958A3
:10839000154BD3F8C83099421DD0144B1B685A1A9C
:1083A00018BF4FF0FF32134600E0114A0021114878
:1083B000FFF7C2FC04460028DAD0FBF77FFA182248
:1083C0000D4B012102FB003304F10C009D6013F002
:1083D0000CFE0670CCE70022E5E700BF3008002065
:1083E000E18E030008000000F0330020B03A0020C6
:1083F0001C4E0E00F00A0020683A002070B50446BA
:1084000001F10C000D4613F041FE266801462B8A4F
:10841000EA68306815F0BDFC1E2100222046FFF7F7
:1084200091FF014648B9074803685B0703D0012163
:10843000054A14F026FB002070BD204614F06BFBAB
:10844000F9E700BF30080020068F0300F0B51D4695
:1084500003680E460039044618BF012187B018682A
:10846000174615F0A7FC40B904F14C0014F05EFC6F
:10847000002849D0002007B0F0BD002D46D01822BA
:108480000021684619F0D6FD87B10022132120464D
:10849000FFF758FF019048B91D4803685B0703D0F8
:1084A00001211C4A14F0EDFA1120E4E72368294663
:1084B0001B68284600930023ADF812300C9B164A27
:1084C0000393BDF834308DF80860ADF81030012307
:1084D0008DF814306B4614F005FC9DF8143063B130
:1084E000002FC7D00198FBF789FA2A46314620466B
:1084F0009DF8143014F025FCBCE701990029B9D08F
:10850000204614F008FBB5E71220B4E70120B2E7DB
:1085100030080020238F03009BCB02002DE9F3419C
:108520000B8A04460D465BB92F4803685C0703D0ED
:1085300001212E4A14F0A5FA002002B0BDE8F08116
:108540000768012105F10C0013F090FDBB7A064687
:10855000072BF1D154F8043C002BEDD00022037816
:10856000234F043C17F832004FEAC208984207EB49
:10857000C20109D12A8A487890421FD84B68204608
:108580002946984703461EE001321C2AEAD11648C4
:10859000026812F0060F03D00221164A11F03EFFC6
:1085A00031780846FFF7BAFD2122C24012F00102DD
:1085B000C2D10623204614F0C4FBBDE70A48016877
:1085C000490709D104234744BA78012AB4D1002BC2
:1085D000B2D000223178EDE7012100931346064A1C
:1085E00011F026FFEEE700BF300800203C8F0300AB
:1085F00078420300578F0300718F0300F8B5144AC7
:108600000746002313480D4613F089FC044650B971
:10861000114803685B0704D001212B460F4A11F073
:10862000FDFE2046F8BD00F10C060921304613F08E
:10863000D1FC2046FBF742F91822094B012102FB2D
:10864000003330469F6013F0D0FC0570E9E700BFAF
:108650001C4E0E00F00A002030080020B88C0300E9
:10866000683A00202DE9F0410E8A0446043EF6B235
:10867000022E08468CB001D0102E64D104210C309B
:1086800013F0F4FC0DF1080805884788011D3246F7
:10869000404613F072FD002857D0A5B300268FB3D3
:1086A000AF4230D34FF42053404601A98DF8046007
:1086B000ADF8063013F034FD48BB1422002107A8A2
:1086C00019F0B8FC11212046FFF798FF0990002807
:1086D00037D001210C30CDE9074813F086FC002388
:1086E0000A90394603701A4A0B93284607AB14F0D8
:1086F000F9FADDE909131B78FBB90846FBF77EF9A7
:108700000A2301E03D4601232A4610210EE042F6ED
:108710000103404607A98DF81C60ADF81E3013F028
:10872000FFFC0028C9D010232A461946204614F021
:1087300008FB00200CB0BDE8F081204614F0EBF9F6
:10874000F7E71120F6E70420F4E70E20F2E700BF78
:10875000B98C01002DE9FF41036804460D461868F5
:10876000012115F027FB40B904F14C0014F0DEFAAA
:10877000A0BB122004B0BDE8F081102200216846A1
:1087800019F058FC21212046FFF738FF029038B33A
:108790004FF00108009405F10C072B8A012B04D837
:1087A0002046029914F0B7F918E0384613F06EFC31
:1087B0006B4601460B4A06468DF80C8014F092FA7F
:1087C0009DF80C30002BE8D00298FBF717F93246E1
:1087D000202120469DF80C3014F0B3FA0020C9E7A0
:1087E0001120C7E7A5CF02002DE9FF410368044629
:1087F0000D461868012115F0DDFA40B904F14C006E
:1088000014F094FAA0BB122004B0BDE8F08110224D
:108810000021684619F00EFC0F212046FFF7EEFEFE
:10882000029038B34FF00108009405F10C072B8A31
:10883000012B04D82046029914F06DF918E038464F
:1088400013F024FC6B4601460B4A06468DF80C805B
:1088500014F048FA9DF80C30002BE8D00298FBF792
:10886000CDF832460E2120469DF80C3014F069FAFE
:108870000020C9E71120C7E729D00200F0B51D4646
:10888000036804460E4685B001211868174615F0A6
:1088900091FA38B904F14C0014F048FA50BB122098
:1088A00005B0F0BD65B310220021684619F0C2FB87
:1088B00039462046FFF7A2FE029018B3BDF82830D3
:1088C0002946ADF80430012328468DF80C300E4AB5
:1088D0006B46009414F006FA9DF80C3002995BB1D7
:1088E0000846FBF78BF82A46314620469DF80C30A7
:1088F00014F027FA0020D3E7204614F00CF9F9E72A
:108900000120CDE71120CBE729D002002DE9F0416D
:108910000E8A0446043EF6B2022E08468CB001D000
:10892000102E76D104210C3013F0A0FB0DF10408B9
:1089300005884788011D3246404613F01EFC00287A
:1089400069D085B377B3BD422DD80121606815F099
:1089500031FA064678BB42F602038DF800006946FC
:108960004046ADF8023013F0DBFB20B342F60303C0
:10897000404606A98DF81860ADF81A3013F0D0FB08
:10898000C8B1012D03D14FF6FF739F4213D004F1FC
:108990004C0014F0CBF9002814BF002012200CB0BA
:1089A000BDE8F0813D4601232A460821204614F007
:1089B000C8F90020F3E7182200210DEB020019F09E
:1089C00039FB09212046FFF719FE0890F8B1012173
:1089D0000C30CDE9064813F008FB00230990037022
:1089E0000A2339468DF82C30284606AB0B4A14F082
:1089F00079F99DF82C3008992BB10846FAF7FEFF5B
:108A00009DF82C30D0E7204614F085F8D1E71120EE
:108A1000C5E70420C3E70E20C1E700BF718D010048
:108A20002DE9F0430F460446062187B007F10C00FC
:108A300013F01CFB0588EDB1B0F80280B8F1000F0F
:108A400017D0454516D8002382888DF800308DF860
:108A500004304FF42053684601A9D7F80C90ADF8C4
:108A60000220ADF8063013F05BFB064660B10A2326
:108A700001E0454601232A460621204614F061F90B
:108A8000002007B0BDE8F0830146142201A83F7C16
:108A900019F0D0FA07212046FFF7B0FD0290D8B1B7
:108AA0000A2341468DF81530284601AB0B4ACDE923
:108AB000036901948DF8147014F014F99DF81530C1
:108AC00002992BB10846FAF799FF9DF81530D2E7C5
:108AD000204614F020F8D3E71120D2E74D8B010097
:108AE0007FB5CB6804461D888DB15E8876B1B542EE
:108AF0000DD810220021684619F09CFA0521204665
:108B0000FFF77CFD019058B9112007E0354601239D
:108B10002A460421204614F014F9002004B070BD48
:108B20006B4631462846084A009414F0DBF8DDE92C
:108B3000011323B90846FAF761FF0A23E8E7204644
:108B400013F0E9FFE9E700BF0DCC02002DE9F04387
:108B500042F60103002591B0D2F8008006460F4688
:108B600000680BA9D8F8049014468DF82C50ADF885
:108B70002E3013F0D5FA002871D04FF4205330680E
:108B80000BA98DF82C50ADF82E3013F0C9FA38B17E
:108B9000A3681BB15A88BA4200D25F80012010E05E
:108BA0006168084613F055FFB8F82A20B8F81A3063
:108BB0009A4294BFC0EB0200C0EB0300032803D825
:108BC000002011B0BDE8F083084613F0DBF905463C
:108BD0006168084613F03DFF6B8A2A8AA3EB020CFA
:108BE0006B69EA68D21AACEB0203B8F82AC0B8F88D
:108BF0001A20944594BFC0EB0C00C0EB02008342E6
:108C000028BF03466BB9887AFAF750FE002200238A
:108C100013F085F905460028D2D00146606813F0AC
:108C2000C2F9002300933146D6F804801023484649
:108C300002AAC047061E12DB227CE068964230D0B2
:108C400001460BA813F099FA60B91848036813F0AD
:108C5000060F04D0237C164A022111F0DFFB00230B
:108C6000A3609BE7F2B202A906A813F086FA38B90E
:108C70000E48036813F0060FF1D00E4A3346EBE7B7
:108C800006A90BA813F04CFA0028E8D10023042110
:108C9000637405F10C0013F0A8F9A0600780A368C5
:108CA0007BE7324602A919F0D8F9EDE73008002039
:108CB000908F0300AF8F03002DE9FF414FF00008B4
:108CC0004FF4205305460E46006802A91446176863
:108CD0008DF80880ADF80A3013F022FAA0B142F600
:108CE0000103286803A98DF80C80ADF80E3013F04D
:108CF00017FA48B123691BB15A88B24200D25E808C
:108D0000012004B0BDE8F0816168286813F008FA1A
:108D100010B100232361F3E7E368A0681A786AB111
:108D2000B7F81AC0798D038A8C4594BFC3EB0C0346
:108D3000C3EB0103934201DA0020E2E704210C3087
:108D400013F053F920610680236929465E80074BA2
:108D50000194009338460023A26814F09AF8002882
:108D6000EADB2069003818BF0120CAE7C5CC020041
:108D70002DE9F3471768054689460068516814468F
:108D8000D7F804A013F0CCF9804600284BD19522E7
:108D90002946504614F0D0FE0646207540B1E368DF
:108DA0001B780BB184F81480002002B0BDE8F08776
:108DB0002946504615F037F810B908232375F3E714
:108DC000A068267513F0DEF802210C3013F00DF9BF
:108DD000164B2061A0F80090009301943346294679
:108DE0003846A26814F055F8002807DA10F1FF0F92
:108DF00032BF0E204042C0B22075D5E72369002B58
:108E0000D2D0A06813F025FE7B8D7A8B9A4294BF56
:108E1000C0EB0200C0EB0300E3681B78984294BFEC
:108E200000200120C1E70120BFE700BF63CA0200A4
:108E30002DE9F04182B000AF0446884600220023AD
:108E400039463E480BF00AFD0546C8B13C48036868
:108E50005B070ED06D4688B06A463A4BCDE90534C3
:108E6000032342F8103F00234FF4C251F5F772FD7F
:108E7000AD466FF00B0630460837BD46BDE8F081C1
:108E8000F9F7E4FF304B29461A58304B38681A601E
:108E9000242219F0CFF83B6800221C603C680023B4
:108EA000C4E90155C4E907552948391D7D600BF017
:108EB000D5FC0646A8B12248036813F0060FD8D0A7
:108EC00023686C4688B06A462249CDE9051303231E
:108ED00042F8103F4FF4C4512B46F5F73BFDA54631
:108EE000C7E70146A022786819F0A4F878681A4B01
:108EF0008360543017F061FD7B684C33D3E8EF2F6B
:108F0000C3E8E16F0029F9D17B681C60E3697D68E3
:108F10001BB904F10C0017F050FDE26905F198034C
:108F2000C5F89820226AE36102B9236217227B68A0
:108F30005A855A830433C8F800309CE79009002012
:108F400030080020CE8F030008000000B03A002057
:108F5000AC090020F38F03009005002008B5837A48
:108F6000072B0AD01248036813F0060F03D0022122
:108F7000104A13F086FD002008BD042113F055FDB2
:108F800030B90B4803685907F5D00B4A0121F0E7C7
:108F900000F14803D3E8AF3FDA0705D4044803687B
:108FA0005B07E8D0054AF1E750F8040CE4E700BF9E
:108FB0003008002018900300269003004B8E030019
:108FC0002DE9F04F85B000AFB860EFF31188402372
:108FD00083F31288BFF36F8F5D4C204613F02FFD93
:108FE0002668054688F31188BFF36F8F002865D087
:108FF000FAF764FC182202FB00F35649C81851F82E
:1090000003A003690021D0E90248FB6090F80490B6
:10901000B0F806B019F00EF8A87AFAF747FC6969BB
:10902000034659B16A7AD20706D4C26978601268D9
:109030002846926890477B6800226A612946184654
:1090400017F0CEFCB9F1000F10D07CB123686BB1E2
:109050001B685BB1BAF1000F34D03F4803685B076F
:1090600004D0012153463D4A11F0D8F936B300200F
:10907000B96817F067FD031E20DA37480268520707
:1090800014D06C468AB06A46354905913549CDE918
:1090900006134FF40073ADF82030334B42F8103F05
:1090A00000234FF41151F5F755FCA546002383F337
:1090B0001188BFF36F8F0323184602DF1437BD46B4
:1090C000BDE8F08F201D13F0DFFF4846FFF726F8BC
:1090D0000528CBD801A353F820F000BF2791010049
:1090E000F59001006D900100279101006D90010045
:1090F000F590010004F14C03D3E8AF3FDD0708D43D
:10910000154803685907B1D00121184A13F0B9FC7A
:10911000ACE7236D002BA9D00023154A04F16800A9
:109120000BF066FFA2E754F84C3B1D68D4E8AF3F54
:10913000D807E5D5B8F1000F98D0002403E0284601
:10914000F968C0470134A3B25B45F8D38EE700BF8E
:10915000603A0020683A0020300800204190030067
:109160006090030089C40300040000014B8E0300DB
:109170001C4E0E0070B50E461546FFF7EFFEC0B14F
:10918000C06960B150F8984904B1983C6A1C438B9F
:10919000418D8B4228BF0B469A420CD98CB90C48A2
:1091A000036813F0060F04D002210A4A6B1C11F069
:1091B00035F9002070BD2A463146BDE87040FFF702
:1091C000C1B8D4F8983003B1983B20461C46DEE77E
:1091D000300800207B90030007B50B4600210246B3
:1091E000F9F734FE01910E4909580E48006888428B
:1091F00004D00D48D0F8C800884201D1002213469F
:1092000001A90A480BF02AFB014638B9102201983F
:1092100018F010FF019803B05DF804FB0020FAE796
:1092200008000000B03A0020F0330020C8090020F8
:1092300010B50446806818B1FAF7E0FB0023A3607C
:109240002146BDE81040014817F0E4BAC8090020E3
:109250002DE9F743044668300F4690461E4617F046
:10926000AEFC206D70B91748036813F0060F03D0E9
:109270000221154A13F005FC204603B0BDE8F04377
:1092800000F086B8114B98424FF0000317D04568A4
:109290004360206DD0F80C90FFF7CAFF00232068D0
:1092A000236513F022FF3DB12068CDF800904346BE
:1092B0003A4631460068A84703B0BDE8F0831D4632
:1092C000ECE700BF3008002096900300B43A00207D
:1092D000F7B550F8044C0546002C55D000F1940128
:1092E00004F11C0013F009FD2E1F05F150070022A8
:1092F000002338460BF0A2FB024658BBEB6C2BB1A7
:1093000001466FF067033046FFF7A2FF002345F8E0
:10931000043C05F14803D3E8EF1F21F00101C3E845
:10932000E21F002AF7D1E36973BB04F10C060022A7
:10933000002330460BF082FB78B9666886B9214677
:109340001248266017F066FA286803B0BDE8F040BE
:1093500002F0B8BCFAF752FBC9E7FAF74FFBE6E7B1
:10936000A26833689642636008BFA36077683FB124
:10937000F3686FF067010093002320681A46B8472E
:109380003046FFF755FFD8E703B0F0BD9009002045
:1093900010B504460430FFF79BFF1321606813F0FB
:1093A000BFF9034648B105480268520705D0BDE839
:1093B00010400121024A11F031B810BD30080020E0
:1093C000AD9003002DE9F04188B0144C00AF226845
:1093D000A0F16806520719D050F8683C3846196861
:1093E000FEF7AEFAE84688B06A460D4BCDE9053780
:1093F0004FF40073ADF81C300A4B42F8103F0023C5
:109400004FF4E2512046F5F7A5FAC5463046FFF77E
:10941000BFFF2037BD46BDE8F08100BF3008002007
:10942000CB9003000300000108B5036D6BB1084A3F
:1094300093420AD0CB68DB78002B08BF0E230022B2
:109440001146FFF705FF002008BD0E23F7E700BF18
:10945000B43A002010B50C4608B301B3FFF77EFD07
:10946000E8B1C3693BB153F8982902B1983A196D34
:109470008C4206D062B90430214613F03EFC2046EF
:1094800002E02046064A1A65BDE81040FFF7D0BE4C
:10949000D2F8981001B1983913460A46E7E710BD93
:1094A000B43A0020F8B51D460F461646FAF706FAFC
:1094B0001823044C03FB00400123C0E90376C3805A
:1094C0000575F8BD683A002008B518F018F803468D
:1094D00048B106480268520703D00121044A13F03C
:1094E00062FF6FF00403184608BD00BF4408002067
:1094F000FE90030010B51846144609491022A047F3
:10950000041E0ADA074803685B0704D001212346DA
:10951000054A13F048FF204610BD0024FBE700BFBA
:10952000082400204408002014910300034610B5CD
:10953000074C084622789A4207D1611C13F08BFF32
:10954000002814BF2046002010BD0020FCE700BF0B
:10955000DC3A002010B5074C2378834207D1601C09
:1095600013F079FF002814BF2046002010BD002012
:10957000FCE700BF3E4B002038B50C4619466BB1E6
:1095800003F114055B698AB9E268A360954200D1D2
:10959000E36000230D681A464B61A847A3685BB9D6
:1095A000601C0649BDE8384013F082BF1360E368D1
:1095B0009D4208BFE260ECE738BD00BF2EC4030047
:1095C00070B5204B144682689A420FD1A568C668D0
:1095D00075B922793046216813F045FF024628B15B
:1095E0001949013013F064FF15701581012070BD19
:1095F000E0680028FBD02B888B420AD0F6D2E068C6
:10960000A36801380433E060003818BF0120A3606C
:10961000EDE7256822792946304613F024FF0246FB
:1096200060B93046084913F01EFF02460028E6D014
:109630002946013013F03CFF23791370A3685B883F
:109640001381DCE7F99B01002EC40300102110B543
:109650000748FAF7E5FC034648B106480268520796
:1096600005D0BDE810400121034A13F09CBE10BD97
:10967000F8230020440800203591030008B530B9D4
:109680000749084813F0E7FE38B1074808BD054A06
:1096900012F8011C13F064F8F6E70020F6E700BFAB
:1096A0002EC40300DD3A0020DC3A002010B54A1C2D
:1096B0000C4628B1097813F053F830B1204610BD9C
:1096C0001046034913F0C7FEF7E70020F7E700BF95
:1096D0002EC4030008B530B90749084813F0BBFE93
:1096E00038B1074808BD054A12F8011C13F038F8D4
:1096F000F6E70020F6E700BF2EC40300F93A002089
:10970000F83A00202DE9F04105460E46174612F0C2
:1097100081FE154904460B78AB420FD1304601312A
:1097200013F099FE50B13CB9BDE8F0813146D01F2D
:1097300013F0BEFE02F8085C0B4808E0002CF3D0E2
:109740000A4A104613F0F8FE0028EFD0002001214D
:109750000830B94013F096FEBDE8F04147F61222FA
:10976000002303480BF044BCB8230020C023002092
:10977000C82300200246014610B5042311F8010B4E
:109780000832FAF70BFC034648B105480268520755
:1097900005D0BDE810400121024A13F004BE10BDFF
:1097A000440800205B9103002DE9F04180460F46FC
:1097B00016461D46FFF7CEFE044698B91949FFF735
:1097C000C9FE044648B9184803685B0727D0BDE8BE
:1097D000F0410121154A13F0B2BE394600F8018B61
:1097E00013F066FE238973B9628972B92681658197
:1097F000214611F8010B12F00DFE80B12046BDE8A4
:10980000F041FFF7B7BF9E4204D36289AA4206D255
:109810009E42ECD263892681AB42E9D2E7E7BDE8FC
:10982000F08100BF2EC4030044080020779103009C
:1098300008B5054803685B0703D00121034A13F00C
:109840007EFE002008BD00BF440800209691030062
:1098500038B514460E4B82680D469A4215D12279CE
:109860002168C06813F0FFFD78B1D4F8C8302F2B01
:1098700003D9FFF7DDFF002038BD04EB830215811B
:10988000018901335181C4F8C8300120F4E700BFD9
:10989000F99B010008B5054803685B0703D0012167
:1098A000034A13F04CFE6FF0150008BD4408002079
:1098B000EA91030008B513468168074A914209D12D
:1098C0001A791968C06813F0CEFD18B1002303603F
:1098D00043600381012008BDF99B010040F2391269
:1098E000002301480BF084BB8824002008B5042124
:1098F000084813F0C7FD6FF00201064813F0CDFDD4
:10990000044813F019FEC30701D5FFF7E7FF002055
:1099100008BD00BFB8240020024608B50749013041
:1099200013F0C6FD00230C3202F8043CD2E8EF1F0E
:10993000C2E8E03F0028F9D108BD00BF2EC40300F3
:1099400010B5FFF707FE044690B1014611F8010B70
:10995000FAF732FB034638B106480268520703D0D3
:109960000121054A13F01FFD002323606360A360FB
:1099700010BD00BF44080020F69103002DE9F84314
:1099800006460D461948002117469846DDF82490F2
:10999000FFF722FC044660B14560C7604A46304686
:1099A0009DF82010FFF7E6FB054638B92046FFF783
:1099B0003FFC6FF00B052846BDE8F8830022012329
:1099C0001146FFF76FFD2846A5603A464946C04755
:1099D000054618B12046FFF72BFCECE72146304640
:1099E00013F059FC05460028E5D0F3E71C4E0E00A5
:1099F00080B500AF88B06A46074B0791CDE90530C6
:109A0000042342F8103F00234FF402510348F4F7B7
:109A1000A1FFBD4680BD00BF139203004408002093
:109A200031B1044B1B6813F0060F01D0FFF7E0BF04
:109A3000704700BF440800202DE9F04385B00E4672
:109A400090469946044600AF70B93D4803685E07EA
:109A500003D001213B4A13F072FD6FF01505284633
:109A60001437BD46BDE8F08307F1080112F032FB60
:109A70000546B8B1324803685D07EED06D4688B040
:109A80006A46314BCDE905344FF40073ADF81C3014
:109A90002E4B42F8103F00234FF4E251F4F75AFFE7
:109AA000AD46DAE72046391D10F028FE786870B11F
:109AB0000A2229460EF044FE034640B120480268BF
:109AC0005107CAD00121224A13F06DFCC5E70020DE
:109AD00007F10801FFF73EFD044650BB002EBED043
:109AE0001C49FFF737FD044650B9154803685A076B
:109AF00003D00121184A13F022FD6FF00B05AEE7E9
:109B0000002307F1080100F8013B13F0D1FC04F138
:109B1000080104224846C047041EA0DA084803682A
:109B20005B0704D0012123460C4A13F03CFC254678
:109B300095E7002EEBD10660466086608FE700BF98
:109B400044080020F67C0300269203000300000175
:109B5000429203002EC403005D920300149103009F
:109B60002DE9F041214B1546826807469A4202D101
:109B7000C4686389E3B90120BDE8F08105F170088C
:109B80004146287A12F046FC68B9194B9C4202D132
:109B9000284613F0E3FE3046164913F089FC0023F3
:109BA0002370238119E04146304613F081FC14E014
:109BB000238993B1264616F8011B2846324612F037
:109BC000CFFD0028DAD131462078FDF73DFE20B1E7
:109BD000857AFDF727FA072DCDD00021E368618152
:109BE000002BC8D038469847C5E700BFF99B010055
:109BF000E40500202EC403002DE9F0471F46BDF800
:109C0000203006468846D1F80C90002B52D17B1E9E
:109C1000012B52D8012F49460CBF15781588FFF744
:109C200045FD0446D8B915B93846BDE8F087494620
:109C3000FFF73CFD044658B92148036813F0060FAE
:109C400003D002211F4A13F07AFC6FF01000ECE7FA
:109C500006F17001013013F02BFC337A2370D9F830
:109C60001030DBB9B4F808A02581B9F80A30AB424E
:109C700003D04946404613F064FCAA4505D00022B3
:109C8000307A06F17001FFF73DFD002DCCD10E4971
:109C9000601C13F00DFC25702581C5E72A4641465E
:109CA000304698470028C0DB01380128DAD96FF028
:109CB0000D00BAE76FF00600B7E76FF00C00B4E7ED
:109CC000440800207F9203002EC4030073B50C46A5
:109CD0000546082104F11000164613F0D3FB1223A9
:109CE00004223146CDE9003228462246024BFFF7D6
:109CF00045FE02B070BD00BFA9D9020008B5012120
:109D0000114813F0BFFB10F0010F104B0AD1104A9D
:109D10009A610D4813F010FC830713D4BDE8084086
:109D2000FFF7DCBD1A8B588B012A4FF6FF7205D85E
:109D3000904207D04FF6FF725A83EAE790421983A8
:109D4000E7D0F7E708BD00BFB82400206824002052
:109D50000100FFFF2DE9F0411E46BDF8183007460F
:109D6000012B90463AD83344012B354639DCFFF7B6
:109D700085FC044688B9FFF781FC044668B91C4895
:109D8000036813F0060F03D002211A4A13F0D7FB21
:109D90006FF010052846BDE8F0819EB10023217ABE
:109DA00021FA03F2D00704D598F80020DA40D20750
:109DB0001AD50133032BF3D198F8003003F00703D1
:109DC0001943217207F17001601C13F071FB3B7A9B
:109DD00001212046237013F00CFEDBE76FF006052F
:109DE000D8E76FF00C05D5E76FF01205D2E700BF9A
:109DF000440800209992030010B56FF00201044658
:109E00000E4813F04AFB0D4813F096FBC20704D529
:109E1000002200230A480BF0EBF8204613F071FAF9
:109E200058B12046FFF72AFC38B1037ADB0704D586
:109E3000BDE81040012113F0DCBD10BDB8240020A6
:109E4000882400202DE9F04385B0894616469846BF
:109E5000044600AF70B94E4803685E0703D0012185
:109E60004C4A13F06CFB6FF0150528461437BD46BD
:109E7000BDE8F08307F1080112F02CF90546B8B1EE
:109E8000434803685D07EED06D4688B06A46424B92
:109E9000CDE905344FF40073ADF81C303F4B42F868
:109EA000103F00234FF4E251F4F754FDAD46DAE7DA
:109EB0002046391D10F022FC786870B10A2229462C
:109EC0000EF03EFC034640B1314802685107CAD04B
:109ED0000121334A13F067FAC5E7002007F10801B2
:109EE000FFF724FB0446A8B9FFF7C8FB044650B9A6
:109EF000274803685A0703D001212A4A13F01FFBA1
:109F00006FF00B05B1E7002307F1080100F8013BF2
:109F100013F0CEFAB9F1000F35D00222394640468F
:109F2000B047061E0ADA1A4803685B0704D001210D
:109F300033461D4A13F037FA354696E73B78022E32
:109F400023720DD01248036813F0060F03D00221CC
:109F5000164A13F0F4FA0021204613F04AFD84E774
:109F60007B78012B09D90A48026812F0060FF2D05B
:109F70000F4A314613F017FAEDE7204603F00101CE
:109F800013F027FD71E72046FFF7C6FC6DE700BF21
:109F900044080020F67C0300269203000300000121
:109FA00042920300C592030014910300E79203005C
:109FB0003B93030037B504460D46FFF7B7FA024658
:109FC000E8B1037A0C308DF8043013F0B5FA10F0D4
:109FD000010318BF01238DF80530022301AA294689
:109FE0002046F9F7F1FF034638B1064802685207E8
:109FF00003D00121044A13F0D6F903B030BD034663
:10A00000EDE700BF440800208C930300094908B520
:10A01000094813F020FA014650B9074B581E13F0B7
:10A02000D8FCBDE80840044911F8010CFFF7C2BF95
:10A0300008BD00BF2EC40300DD3A0020012110B589
:10A04000184813F01FFAC3072BD40221154813F048
:10A0500019FA084007D11449144A0B88144CA2423B
:10A0600019D300B10B801349134816F09CFD40F240
:10A07000391200231048FAF75BF81049104816F01F
:10A0800092FD02210F4813F0FDF9BDE810400E4982
:10A090000E4816F088BD5068083203449BB2012078
:10A0A000DDE710BDEC3A00204A4B0020302E0300C3
:10A0B000602E030025DB0200182400208DA901007A
:10A0C00088240020B824002029DB0200C8230020B7
:10A0D00000234360044B021D596811B9C3E90022F3
:10A0E00070470A605A607047F03A002003462DE935
:10A0F000F04148B1008A38B901244FF0140C1149DD
:10A10000DFF844E0714501D3BDE8F081D1E9007684
:10A11000BB4204D30CFB0672143A93420ED934446A
:10A12000A2B214460831EDE70CFB0578434507D091
:10A1300001356219AE4292B2F6D1F2E70025F8E796
:10A140001046E1E7302E0300602E03002DE9F74FA3
:10A1500099464FF6FF73BDF830500746002D08BFF3
:10A160001D46244B90461B88009183423CD203B08D
:10A17000BDE8F08F73682344BB4232D29CB20836EC
:10A180001D4B9E42F6D3F2E740468958019311F0E9
:10A19000C7FF019B90B101340AF1010AA4B27368B0
:10A1A0005345ECD9009B9C42E1D8BC42F3D30BFB56
:10A1B0000AF231688B18B8F1000FE5D1B9F1000F40
:10A1C0000BD1013D1846ADB221460E9A0D9B984722
:10A1D000002DCCD00028DED1C9E7DA689145DAD16C
:10A1E000EFE74FF0000ADAE701244FF0140B034EBB
:10A1F000C6E700BF4A4B0020602E0300302E03004C
:10A2000030B5E5B010220021684617F013FF182280
:10A21000002105A817F00EFF4FF41053ADF81030D1
:10A2200080231022ADF812304FF480632A4C694627
:10A23000CDE906340DEB020062AB0CF03BFC0BAD3C
:10A24000034648B125480268510703D0244A01213A
:10A2500013F0A9F865B030BD01464FF4AE72284640
:10A2600017F0E8FE22462846D5F85C1117F044F9AD
:10A27000034628B1194802685207EBD0194AE6E7AD
:10A280002B464FF6FF710120174A13F040FC1022B5
:10A290002846164904AB17F044F90446D5F85C018A
:10A2A0000CF0BCFB34B10D4803685B07D2D0104AF8
:10A2B0002346CCE721460D4B03F11002187812F823
:10A2C000014D0131082903F8014B1070F6D10948FE
:10A2D00013F0D8F8BEE700BF0002C0034408002016
:10A2E000B5930300DE930300ABD30200F8230020F4
:10A2F000FC930300B82400202DE9F04118490446DE
:10A30000A1F1300015461E46BDF8187016F06AFC23
:10A31000144813F011F9010705D4FFF771FFFFF797
:10A3200075FEFFF793F92046FFF7A8F968B1037AA5
:10A33000DA070AD500F10C04204613F0FDF8C30734
:10A3400003D40221204613F09DF810233A460693C9
:10A3500031462846BDE8F041034B13F03FBA00BF39
:10A3600048240020B8240020F823002010B51A4803
:10A3700013F0E2F8C0F3C00080F0010408B9FFF761
:10A380003FFF154813F0D8F80346134813F0D4F8EC
:10A39000DA061FD5830606D5E4B1FFF737FEBDE820
:10A3A0001040FFF753B920210B4813F06BF810222F
:10A3B0000A49881817F051FE48B9094816F0FFFB02
:10A3C000BDE810406FF00101034813F066B8FFF7D5
:10A3D00095FCE2E710BD00BFB8240020F823002060
:10A3E0008824002008B51021034813F04BF8FFF72C
:10A3F000BDFF002008BD00BFB82400202DE9F04FAC
:10A40000B9B000AF0C4690463E493A46D7F808012D
:10A41000994610F04FF940B9FFF73CFA6FF0150577
:10A420002846E437BD46BDE8F08F3E68391D30460A
:10A4300010F064F95EB9344803685C0703D0012169
:10A44000324A13F07CF86FF015042546E8E7786887
:10A4500018BB4FF0000B07F1080A5146304687F849
:10A4600014B011F037FE054638B3274803685A0781
:10A47000E9D06C4688B06A46254BCDE905364FF4E5
:10A480000073ADF81C30234B42F8103F4FF4E251FB
:10A490005B46F4F75FFAA546D5E70A2200210EF0E5
:10A4A0004FF903460028D4D0174802685107CAD094
:10A4B0000121194A12F077FFC5E7C7F810A0F4B1DF
:10A4C000C022484607F12001C047041E09DA0E48A1
:10A4D00003685B07B9D001212346104A12F063FFDD
:10A4E000B3E7A40807F12003C7E906344FF6FF716C
:10A4F00001200B4A07F1100313F009FB90E72346F4
:10A50000F2E700BF1294030044080020F67C030029
:10A5100026920300030000014292030014910300FD
:10A52000C1950100F0B52F4C054623780E468342B5
:10A53000B5B053D1611C304612F08DFF002808BF22
:10A5400000243146284611F065FF002844D0002C35
:10A5500042D004F108076FF00101384612F09DFF68
:10A56000C1071DD500234FF6FF713393012001ABC6
:10A570001D4A01968DF8085013F0C9FA339B7BB33E
:10A580009B0003AA31462846F9F734FD034638B14B
:10A5900016480268520703D00121154A12F003FF42
:10A5A0006FF00201384612F078FF830703D5314679
:10A5B0002846FFF7FFFC384612F0BEFF60B923467D
:10A5C00003F8010BC4F80100C3F80300D7E8EF3F1C
:10A5D000C7E8E20F002AF9D135B0F0BD0024B0E79A
:10A5E0001A46CFE7B8230020519801004408002004
:10A5F00019940300002307B50193FFF777FD411C71
:10A6000089B20846034A01AB13F081FA019803B0FE
:10A610005DF804FB47D30200002370B586B0064600
:10A620000C4615460593FFF761FDA0B14FF6FF718B
:10A6300024B103198B42A8BF0B4699B205AB029314
:10A64000074B2A460193012300930023FFF77EFD69
:10A65000059806B070BD002EFBD14FF6FF71EDE7F7
:10A6600047D302002DE9F04387B0837A8046072B59
:10A670000C46154602AF40F0B18000233B7342F612
:10A680000303206807F10C01FB8111F049FD064628
:10A6900000283FD1D4F80490B9F1000F09D15248F5
:10A6A00003685C0700F09A800121504A12F047FFCE
:10A6B00094E001232146009007F10802C847031ED9
:10A6C00015DA49480268510700F088806D4688B065
:10A6D00002AAD36104234649C2E9051442F8103F97
:10A6E0004FF401513346F4F735F9AD4676E0012BCE
:10A6F00008D03D480268520770D001213D4A12F04F
:10A7000052FE6BE03B7A13F0300F67D02046FFF724
:10A7100071FF0446002320683B7342F6021307F1E1
:10A720000C01FB8111F0FCFC18B12046FFF762FF21
:10A730000446002642F60219206839463E70A7F802
:10A74000029011F0EDFC18BB002320683B7342F629
:10A75000021307F10C01FB8111F0E2FC0646002810
:10A760003CD1D4F80490B9F1000F98D002230090A6
:10A770002146404607F10C02C847031EA1DB022B0D
:10A78000B7D1BB8905EA0300003818BF012026E0D5
:10A7900042F603032068391D3E71FB8011F0C0FCB6
:10A7A0000028D1D04FF42053206807F108013E72F1
:10A7B0007B8111F0B5FC0028C6D042F60103206869
:10A7C00007F10C013E73FB8111F0AAFC0028BBD0FD
:10A7D0002046FFF70FFF04460028ADD100201437B4
:10A7E000BD46BDE8F08300BF440800203794030055
:10A7F0004B940300719403002DE9F8438946516896
:10A800000746B1F81280154618F094083BD1022291
:10A81000FFF728FF002839D000211E48AE8AFEF736
:10A82000DBFC0236044660B11B4B32464360C56018
:10A830001D213846FEF79EFC064638B92046FEF735
:10A84000F7FC6FF00B052846BDE8F883012342466C
:10A850004146FEF727FEA98A06F10C00023111F0ED
:10A86000C4FB20F8029BAA8A296917F0BDFB214688
:10A870003846A66012F00FFD05460028E3D02046BA
:10A88000FEF7D6FCDFE74FF0FF35DCE76FF015058C
:10A89000D9E700BF1C4E0E004DD3020070B5044630
:10A8A0008AB0374812F048FE42070D4661D514B110
:10A8B000A37A072B60D16E6830460596FFF716FC29
:10A8C0002A68ADF8180032B305A902912D4900237A
:10A8D0000191012100914FF6FF710593FFF736FCBE
:10A8E000059E1EB96FF001000AB070BD6E600023B6
:10A8F00030688DF8103042F6030304A9ADF8123029
:10A9000011F00EFC70B90598C3689B799B0605D4BD
:10A910006FF01500E8E70028E9D1E3E713F0B0F89D
:10A92000ADF81800BDF818003CB1012301462A46D5
:10A930002046AB75FFF760FFD6E76FF07F03079304
:10A940000223ADF8203042F60213ADF8123005AB09
:10A95000AC7502930C4B4FF6FF710193012304AACF
:10A960000093234609958DF81040FFF7EFFB0798F9
:10A97000BAE76FF00A00B7E76FF07F00B4E700BFF7
:10A98000E40100207BD30200C9AB010073B504468B
:10A9900050F8083C00F130056FF00101A0F12006ED
:10A9A0002846019312F079FD0D4B002044F81C3C21
:10A9B0000C4B314644F8183C01AB44F8103C0423DE
:10A9C00024F8080C24F8060C24F80C3CFFF766FF6A
:10A9D00018B90221284612F055FD02B070BD00BF23
:10A9E00094430300F99D0100F8B5344B8168044697
:10A9F000994200AF26D1C66833891BB31568324629
:10AA0000284612F8011B11F0ABFED8B14FF4957235
:10AA10002146284613F090F80328034615D128480C
:10AA2000026812F0060F0DD06D4688B06A462549BF
:10AA3000CDE9051442F8103F00234FF4C451F3F759
:10AA400089FFAD460120BD46F8BD3146204612F0D3
:10AA500078FD1D4B9E42F5D1287A05F17001FEF775
:10AA600079FD04460028EDD0038913B94389002BF2
:10AA7000E8D02846FCF752FC2289144B144923F8ED
:10AA80002020628903EB80035A80182202FB001108
:10AA90000B6104230F4A28464A600F4A8B828A6062
:10AAA000FFF7FCFE0028CDD0054803685B07C9D03E
:10AAB00001210A4A12F043FDC4E700BFF99B0100DF
:10AAC000440800208A940300E40500203A4B00204B
:10AAD000C43A0020944303000FDA02009E9403005E
:10AAE00070B504468AB0354812F026FD42070D467F
:10AAF0005DD514B1A37A072B5CD16E6830460596FC
:10AB0000FFF7F4FA2A68ADF8180032B305A90291EC
:10AB10002B4900230191012100914FF6FF7105930C
:10AB2000FFF714FB059E1EB96FF001000AB070BD5F
:10AB30006E60002330688DF8103042F6030304A9DC
:10AB4000ADF8123011F0ECFA70B90598C3689B7932
:10AB5000DB0605D46FF01500E8E70028E9D1E3E74C
:10AB600012F08EFFADF81800BDF818002CB10146A8
:10AB70002A46204612F0FEFFD8E76FF07F0342F628
:10AB8000021207930123ADF8122005AA02920D4A82
:10AB9000ADF82030CDE900324FF6FF71234604AA0C
:10ABA00009958DF81040FFF7D1FA0798BEE76FF0CE
:10ABB0000A00BBE76FF07F00B8E700BFE4010020A8
:10ABC0007BD30200C9AB0100F8B51546354B82684E
:10ABD00004469A4201D00120F8BDC768324B9F421B
:10ABE00046D03A89AB899A42F5D1394611F8010B22
:10ABF000FCF72AFE06460028EDD0837A072B05D005
:10AC0000FCF710FAE7E7FCF70DFAEAE77B6923B1F6
:10AC10002146984708B93046F2E7648A14F0940454
:10AC2000F9D1AB89022B16D13C8914F002040AD069
:10AC300030462A69A988FFF7DFFD044618B92A695A
:10AC4000937D013393753046FCF7ECF9002CAC6032
:10AC5000C1DA0020C0E7012BF5D13C8914F00104D2
:10AC6000F1D030462A69A98812F084FF0446EAE749
:10AC70000E4E0F49304612F0EEFB0028B1D10722EC
:10AC8000314616F8010CFCF739FE0028BBD12B69C0
:10AC900031461A6916F8010C53881288FEF784FDB4
:10ACA0009FE700BFF99B0100E40500203F4B002017
:10ACB0002EC4030073B5837A0446072B0D461AD1C0
:10ACC000061D4FF48031304612F0DCFBC30315D46F
:10ACD00002232046CDE900332A460A4B0A49FEF7F3
:10ACE0004DFE044620B16FF48031304612F0D5FBA2
:10ACF000204602B070BD6FF07F04F9E76FF0770473
:10AD0000F6E700BF73D5020083D3020070B5837AE3
:10AD10000546072B0C4686B040F0A4800B7C062B22
:10AD200013D8DFE803F004045D5D65982B000B6821
:10AD3000E3B11B7863B1022B16D04C48026854076C
:10AD400003D001214A4A12F02EFB6FF0150009E0F2
:10AD5000082301930623224600934649464B284682
:10AD6000FEF70CFE06B070BD1623F2E71023042197
:10AD70002246CDE90031414B4149F0E708680028FF
:10AD8000E3D00678002EE0D14FF4245302A98DF8C9
:10AD90000860ADF80A3011F0C3F908B342F60213A7
:10ADA000206803A98DF80C60ADF80E3011F0B8F9E9
:10ADB000B0B142F60313206804A98DF81060ADF815
:10ADC000123011F0ADF958B142F60413206805A90C
:10ADD0008DF81460ADF8163011F0A2F90028B4D146
:10ADE000082304222749CDE900322246264BB6E744
:10ADF000086880B300264FF4205302A98DF808603C
:10AE0000ADF80A3011F08CF900289ED042F601030B
:10AE1000206803A98DF80C60ADF80E3011F080F9B0
:10AE2000002892D042F60203206804A98DF8106031
:10AE3000ADF8123011F074F9002886D042F6030301
:10AE4000206805A98DF81460ADF8163011F068F986
:10AE500000283FF47AAF04232246CDE900330B49A2
:10AE60000B4B7CE76FF07F007CE700BF44080020BD
:10AE7000BB9403001BDC0200A5D8020007D6020029
:10AE800095AE0100C9AF010037D6020001B4010040
:10AE90009FD502002DE9F0478EB0064617461C46A6
:10AEA000169D31B12A4600216B680EB0BDE8F0470F
:10AEB000184783B94148036813F0060F03D00221F5
:10AEC0003F4A12F03CFB2A46002130466B68984707
:10AED0000EB0BDE8F0871378062B0BD0142B08D0EA
:10AEE000364802685207EED00121364A12F05BFA6A
:10AEF000E9E702214FF00008C146013C8DF810102F
:10AF0000A4B207F1010A9C420CD2002CDBD1B8F1AB
:10AF1000000FD8D02A46414630460EB0BDE8F04773
:10AF200012F05DBE1422002109A817F083F8BAF8C8
:10AF3000002093B2002BC6D0BAF802101FFA81F895
:10AF4000B8F1000FBFD04345BDD89DF8103013B302
:10AF5000022B25D02B7CADF80C10002B42F6010300
:10AF600008BF4FF42053ADF8063004AB029301AB99
:10AF7000099302ABADF834200C932A4630466B6837
:10AF80008DF8049009A998470028A1D03B78E41ACD
:10AF9000A4B29A44B7E7BAF80430ADF81230D9E752
:10AFA0000AF104030DF111000AF1140C53F804EB3B
:10AFB000634540F804EBF9D1CCE700BF440800201A
:10AFC000D0940300DA9403002DE9F04F93B01746B4
:10AFD00080461C460A461C9D31B12A4600216B68FA
:10AFE00013B0BDE8F04F1847297C022940F08A8051
:10AFF0006BB9A648036813F0060F02D0A44A12F0FA
:10B000009EFA2A46002140466B6898475EE03B78EE
:10B01000062B0BD0082B08D09C4802685207F0D0B2
:10B0200001219C4A12F0BFF9EBE71146002642F6D7
:10B03000020A013C8DF82010A4B207F1010B9C42DA
:10B040000BD2002CDDD1002EDBD02A463146404603
:10B0500013B0BDE8F04F12F0C2BDBBF800901FFA6C
:10B0600089F6002ECDD0BBF802009DF82020ADF867
:10B070001C00BBF80410ADF81E1062B1022A15D0F6
:10B08000296831B308A811F04BF810B33B78E41AE3
:10B09000A4B29B44D3E708AA06929BF806209BF82B
:10B0A000071042EA0122ADF82220E9E70A2368816D
:10B0B000A981A5F808904046019200932A46764B54
:10B0C0007649FEF75BFC86B2002EBED113B0BDE818
:10B0D000F08F4FF00003102200210EA88DF81430DD
:10B0E000ADF816A016F0A6FF05AA0D9206AA1092BA
:10B0F00040462A466B68ADF844900DA99847002851
:10B10000C4D1E3E703296DD143B96048036813F064
:10B11000060F3FF476AF02215D4A70E73B78072BBC
:10B1200003D0152B7FF478AF02220026013C8DF866
:10B130002020A4B207F101090DF1200A9C4280D31E
:10B14000B9F800B01FFA8BF6002E3FF45AAF9DF805
:10B15000203063B1022B13D02968F1B1504610F0B2
:10B16000DFFFD0B13B78E41AA4B29944E6E799F83E
:10B17000053099F8062043EA0223ADF82230EBE7C8
:10B1800009F105030DF1210209F1150153F8040B32
:10B190008B4242F8040BF9D1DEE799F80230B9F896
:10B1A00003208DF81E304FF000038DF8143042F666
:10B1B00003030021ADF81C200EA81022ADF81630B4
:10B1C000CDF818A016F036FF05AB0D9306AB109323
:10B1D0002A4640466B68ADF844B00DA99847002850
:10B1E000C0D173E72B681E784EB96CB92748036845
:10B1F00013F0060F03D0264A022112F0A0F92A46C6
:10B20000002140466B68EBE6B3F802A0013CA4B213
:10B2100007F10109AAF5245A3B78A34204D9002C6E
:10B22000EDD1002EEBD010E7012C06D817480368AB
:10B2300013F0060FE3D01A4ADEE7B9F800B01FFAA0
:10B240008BF6002EDBD0BAF1040FD8D801A353F847
:10B250002AF000BF69B20100FFB101007BB201001A
:10B26000ADB20100FBB20100032C28D807480368E7
:10B2700013F0060FC3D00B4ABEE7032C1FD80348B8
:10B28000036813F0060FBAD0074AB5E74408002058
:10B29000D0940300DA9403008BD5020055B301006B
:10B2A000EE940300FC9403000A950300032C06D8D7
:10B2B0002548036813F0060FA1D0244A9CE7B9F88B
:10B2C0000230ADF820302B68102200210EA8039325
:10B2D00016F0B0FE039B2A460D9308AB1093404630
:10B2E0006B68ADF844B00DA9984700283FF4EEAE66
:10B2F0003B78E41AA4B299448EE7082C07D8124888
:10B30000036813F0060F3FF47AAF114A74E799F817
:10B3100002308DF8203099F803308DF8213099F8FB
:10B32000052099F8043043EA0223ADF8223099F859
:10B3300006308DF8243099F8073099F8082043EA50
:10B340000223ADF82630BEE744080020189503001C
:10B3500026950300F0B5102B8FB00546149C0FD036
:10B3600025480268520703D00121244A12F01BF835
:10B3700022460021284663680FB0BDE8F040184718
:10B38000638904A8ADF80C30A3892689ADF80E3086
:10B39000022302908DF8103002F110010DF111031B
:10B3A00052F8047B8A4243F8047BF9D12168C1B981
:10B3B000002142F6020310220AA88DF80410ADF80D
:10B3C000063016F037FE01AB099302AB0C93224610
:10B3D00028466368ADF8346009A9984728B90FB0CA
:10B3E000F0BD10F09DFE0028E2D0224628462189BB
:10B3F00012F0F5FBF3E700BF44080020DA940300E5
:10B400002DE9F04F8FB00746189D184649B973B91A
:10B410005848036813F0060F03D00221564A12F071
:10B420008EF82A46002138466B6898479EE01378CC
:10B43000012B0AD0022B23D04E4802685207F0D0CD
:10B4400001214E4A11F0AFFFEBE70B464FF0040924
:10B45000013880B248458DF81030E2D34FF0000833
:10B46000B0FBF9FBC246541CCDF8008004AEBBF122
:10B47000000F08D12A463846009912F0B0FB75E05B
:10B480004FF01209E4E723880193BDF804300093DC
:10B49000B8F1000F53D19DF81030002B37D0022B9C
:10B4A0003CD02968002945D12B7C042B4DD14FF489
:10B4B0002053304602A98DF808A0ADF80A3010F0EC
:10B4C0002FFE00283BD042F60103304603A98DF839
:10B4D0000CA0ADF80E3010F023FE80B342F602034C
:10B4E000304609A98DF824A0ADF8263010F018FEDA
:10B4F00028B342F60303304609A98DF824A0ADF81D
:10B50000263010F00DFE00BB4FF0010819E0A378C3
:10B51000E27843EA0223ADF81230C2E7A31C0DF132
:10B52000110204F1120153F8040B8B4242F8040B90
:10B53000F9D1B6E7304610F0F3FD0028B4D04FF053
:10B5400000080BF1FF3B4C4491E7102200210AA8B0
:10B5500016F070FDBDF804302A46ADF83430384698
:10B560006B68099609A998470028EAD10FB0BDE891
:10B57000F08F00BF44080020D094030034950300EE
:10B5800007B5837A0A46072B2CD14B683BB90823B1
:10B590004FF0040ECDE9003E144B154909E0012B94
:10B5A00011D0097B5B00019341B120231149009325
:10B5B000114BFEF7E3F903B05DF804FB0E230F49CE
:10B5C00000930F4BF5E74B8933B10C234FF0040C7C
:10B5D000CDE9003C0B4BE0E70A230221CDE9003125
:10B5E000094BDAE76FF07F00E5E700BFF1D8020012
:10B5F0000DB601005BD702009BD602001BD70200EC
:10B6000073D60200CBD50200B7D502002DE9F04F6A
:10B6100083B002AF804691461D460E46BC6A41B9D2
:10B620006BB92568002322460093F1B24046A84733
:10B6300035E0B1F5807F28BF0E262568F2E7636804
:10B64000002B79D1013D2689B4F80AB0ADB202F1E0
:10B65000010A002D57D099F80030AB4228BF2B4685
:10B66000012B0ED84348026812F0060F03D00221C6
:10B67000414A11F098FE00230093224604212568D8
:10B68000D4E7BAF80020023B91B29BB259B93948CD
:10B6900003685B0703D00121384A11F050FF0437DB
:10B6A000BD46BDE8F08F8E4201D88B451BD2314894
:10B6B000036813F0060F10D06D468AB002AA304B13
:10B6C000C2E9076BC2E90531052342F8103F0023A8
:10B6D0004FF42251F3F73EF9AD460023009325685D
:10B6E00022460E21A2E722810093224600214046F5
:10B6F000D4F800C00AF10203E0470028CFD099F83F
:10B700000030AB4206D921464046FFF739FF0028FA
:10B71000C5DAE2E7238962899A4205D100230093C2
:10B7200025682246194681E70133238199F80030C4
:10B73000ED1AADB29A448CE700951346D4F800C0D8
:10B740002246E0470028AAD0238A013B9D4203DA23
:10B75000009633462568E4E7638921461D44404648
:10B760006581FFF70DFF002899DA009633462568BA
:10B77000B6E700BF44080020469503007E9503000D
:10B780008D95030073B5837A0546072B0C4603D0CD
:10B790006FF07F0002B070BDCB88B3B1284611F0C6
:10B7A000F4FC0028F4D0A289431F9BB2934228BF27
:10B7B000134604339BB201931623224600930A4991
:10B7C0000A4B2846FEF7DAF8E4E78E8911F0DDFC33
:10B7D00002360138B042E1D31223224600930449D5
:10B7E000044B0196EDE700BF2FDD0200DBD602001F
:10B7F00093D302009FD60200032A2DE9F7430646A1
:10B800001C4610D82A48036813F0060F03D0022103
:10B81000284A11F094FE22460E213046236803B0D8
:10B82000BDE8F0431847B3F80C90151F4D4516D9E5
:10B830001F4803685F0703D01F4A012111F07FFEF4
:10B8400018230121CDE900311C4B224630461C490A
:10B85000FEF794F80028DED103B0BDE8F083DB8862
:10B86000B1F80280984506D1A7682A4638460431C7
:10B8700016F0F3FB28B10E4803685D07E0D0114ACB
:10B88000DBE7A9EB050318FA85F82F449BB2A4F86F
:10B890000680A760A3812BB918230122CDE90032CD
:10B8A000094BD2E721463046FFF76CFFD2E700BFD5
:10B8B00044080020D0940300F4950300E3D502006F
:10B8C00093D3020016960300F5D5020070B5837A73
:10B8D0000646072B0D463DD1FDF7FCFE044658B940
:10B8E000FDF7F8FE0446002837D006F1700101305C
:10B8F00011F0DEFD337A2370A36893B10022143B6C
:10B900009D422DD018892989884205D19889A98915
:10B91000884228BF42F001025B690BB1143BEFE79C
:10B9200072B9114A29463046FEF7D0F9024638B1BD
:10B93000A3681BB90D49601C11F0BAFD104670BD1B
:10B94000A26805F114036A61E268A36002B9E360CA
:10B950000022F3E76FF07F02F0E76FF00B02EDE7F4
:10B960006FF07702EAE700BFBFD402002EC40300E5
:10B97000F8B5184C064623780F46834215461FD16A
:10B98000601C11F068FDD8B1A2686AB1A2F114037D
:10B990009D4212D05B693BB1143BF9E73946601C0C
:10B9A00011F086FD2670EFE76A61E26805F1140385
:10B9B000A36002B9E3600020F8BD6FF07700FBE7F9
:10B9C0000020FDF787FE04460028E7D16FF00B004A
:10B9D000F2E700BFF83A0020F8B5837A0646072B55
:10B9E0000C4643D1FDF776FE0546002841D083681A
:10B9F000002B3ED000221746143B9C4209D01889E8
:10BA00002189884208BF47F001075B691BB1143BDD
:10BA1000F3E70122F9E762B304F1100011F08CFDA5
:10BA2000430703D52146304612F094F977B104F16B
:10BA3000140105F1080011F076FFAB681BB90E493F
:10BA4000681C11F035FD57B9002007E0214630464B
:10BA50000A4AA781FEF73AF90028E8D0F8BD00238A
:10BA600021461A4630462568A847EDE76FF07F006B
:10BA7000F4E76FF01500F1E72EC40300BFD4020015
:10BA80002DE9F0478C68064690469946BDF820A0FF
:10BA900024B154F8145905B1143D0CB9BDE8F08730
:10BAA0002389434515D153464A46214630462768E7
:10BAB000B84770B921463046FFF78EFF034640B1C4
:10BAC0000848026812F0060F03D00221064A11F05E
:10BAD0006AFC2DB1696901B114392C460D46DCE7C9
:10BAE0002946FAE7440800204C960300F0B587B0D9
:10BAF00007460E461546FDF7EDFD0446E0B12A4621
:10BB0000314603A810F060FABDF81030042B13D9A9
:10BB1000042103A810F0AAFABDF810104688028884
:10BB2000B1420BD20B4803685B0705D001213346B5
:10BB3000094A00950EF07CFC07B0F0BD2146031DBC
:10BB400000963846FFF79CFF314603A810F08EFAA6
:10BB5000DAE700BF440800206B960300012370B5AC
:10BB600000F170058EB0044603902946007A8DF8E6
:10BB7000103010F04FFC90B1227A42B302AE042193
:10BB800030460DF084FD00962421124A2B4605A86C
:10BB9000F8F740F905AA10460F49F3F709FA03AB85
:10BBA0004FF6FF7101200D4A11F0B1FF20460C49FC
:10BBB000FFF780F8034640B10A48026812F0060F0A
:10BBC00003D00221084A11F0EEFB0EB070BD0092C6
:10BBD000DAE700BF14950300FDA30100E9A9010005
:10BBE000C805002044080020849603002DE9F04198
:10BBF0000D4B06461B680F46904623B153F8044987
:10BC000004B1043C0BB9BDE8F0811B681BB142468E
:10BC10003946304698472CB1656805B1043D234646
:10BC20002C46EFE72546FAE7F03A002073B50546C3
:10BC30000C466B46214A00918DF804004FF6FF71C7
:10BC4000012011F064FF21462846F8F7E1F90028A9
:10BC50001ADB21462846FDF773FE21462846FDF7EC
:10BC600065FC08B1FDF758FE21462846F8F7BAF9F9
:10BC7000002809DB124E3378AB4204D12046711CF8
:10BC800011F0E9FB88B9002002B070BD23461446CC
:10BC900000220B4910469D81FDF76EFC002CF2D06E
:10BCA0006269002AF2D0143AF0E7B368002BEAD0B8
:10BCB00053F8144904B1143C0025E9E7B598010094
:10BCC000F83A00202DE9F74F044603464FF6FF717E
:10BCD00001203A4A04F1700611F019FF3146207A2A
:10BCE000FEF720FC3146207A10F094FB50B1237A05
:10BCF0004FF6FF718DF8043001206B46304A0096F4
:10BD000011F005FF2046FDF7E5FC074640B9204647
:10BD1000FDF7B4FC054600283DD103B0BDE8F08F27
:10BD20008568002DF3D055F81489B8F1000F01D0C3
:10BD3000A8F114084FF00009CA4601E045469846AC
:10BD400005F1100B6FF00801584611F0A6FB3146C3
:10BD5000207A10F05FFB80B92B464A4639462046D0
:10BD6000A5F80CA0FDF708FCB8F1000FCFD0D8F86B
:10BD70001430002BE2D0143BE0E7584611F0DCFB16
:10BD8000C307E9D47B781BB13146781C11F090FBD6
:10BD900005F11409E8E73146207A10F03BFB28B999
:10BDA000284603B0BDE8F04FFDF7B6BD3146681C2C
:10BDB00003B0BDE8F04F11F07BBB00BF619B0100F9
:10BDC000B5980100034B42689A4204BFC3681982C8
:10BDD000704700BF0DB601007FB54FF4205200231D
:10BDE000ADF8162004AA02920A4A0120CDE90032D9
:10BDF0004FF6FF7105AA04938DF81430FEF7A6F9EB
:10BE0000049B012B14BF6FF01500002007B05DF8F4
:10BE100004FB00BF2FDE020098B503460B4800AFBD
:10BE2000026852070ED06C4688B06A460849CDE9D0
:10BE30000513032342F8103F00234FF4C251F2F7D9
:10BE400089FDA5466FF00B00BD4698BD6408002033
:10BE5000BD96030008B5064A136823B9054850602B
:10BE600018460A6008BDFFF7D7FF6FF00B00F9E72F
:10BE7000083B00200C440300014810F00FB900BF3C
:10BE8000E996030007B5CB88054800938B884A885C
:10BE9000098810F003F9012003B05DF804FB00BF2E
:10BEA0001997030030B50C4D04462B688BB03BB995
:10BEB00001A9FBF79FFD28B12146084810F0FCF8C6
:10BEC0000BB030BD9DF82430022BF9D1204610F084
:10BED000FEFB2860F4E700BF583B00204F970300AB
:10BEE00030B50D46044601469BB08DB101A8FBF765
:10BEF00027FD2A46194B1A4801A910F0DDF8194C04
:10BF0000206818B1FBF78EF8002323601BB030BD0A
:10BF100009A8FBF715FD144809A910F0BFF811A9ED
:10BF20002046FBF767FD014618B1104810F0C4F831
:10BF3000E5E79DF845304BB90D4D286808B1FBF792
:10BF400071F8204610F0C3FB2860D8E7012BD6D14A
:10BF5000074D2B68002BD2D1F3E700BF45640300E7
:10BF60006C970300543B00208F9703009E970300BB
:10BF7000583B0020F7B5576805460E4638461D4920
:10BF80001446F0F72BF9014698B91B4B187810F0BE
:10BF900019FA044628B10246184928460EF0E5FE73
:10BFA00004E0174928460EF0C4FE0024204603B0E2
:10BFB000F0BD022E06D8284612490EF0BAFE6FF0E8
:10BFC0000704F3E7A1686A463846F8F71FF9044604
:10BFD00020B128460C490EF0ACFEE7E7064B694657
:10BFE000187810F0EFF9044610B102460749D4E77B
:10BFF0000749D7E7C4970300AA4C0020C89703005D
:10C00000EB9703000A98030030980300419803005F
:10C010006398030030B50A78054689B0B2B18B79D0
:10C0200003F0C003C02B11D0012A11D1094C0A4AD8
:10C03000402B18BF14466846F7F7C2FD23466A46F0
:10C040002946064810F02AF809B030BD044CF2E742
:10C05000014CF0E78598030081980300999803004C
:10C060009098030073B51E4E0546336814464BB9CD
:10C0700083681C499A690EF078FE6FF00704204629
:10C0800002B070BD1022002160680CF059FB102234
:10C090000021ADF80000A0680CF052FB1022002136
:10C0A000ADF80200E0680CF04BFB10220021ADF867
:10C0B000040020690CF044FB6946ADF806003068C6
:10C0C00010F0BFFB044628B10246074928460EF08F
:10C0D0004CFED4E7284605490EF02BFECFE700BF03
:10C0E000583B0020AE980300D8980300F698030050
:10C0F00070B50229064613468EB011D0032921D00F
:10C10000012906D13E4B186818B110F0E0FA054637
:10C1100020BB30463B490EF028FE6FF007040EE0CE
:10C12000002258680DF10D018DF80C2010F053F825
:10C13000044668B10246344930460EF016FE2046E9
:10C140000EB070BD03AAD3E90101F8F75FF8EFE77D
:10C150002E4B03A91878FBF777FBD8E705A9FBF767
:10C1600049FC044638B1304629490EF0E2FD284624
:10C17000FAF758FFE3E79DF814309DF81510013BDE
:10C18000DBB2032B96BF234A234A52F8232000290F
:10C1900033D0224B2048012918BF03469DF81610C2
:10C1A000304600911E490EF0C4FD9DF81430012B5D
:10C1B000DDD107991B48FFF72DFF06991A48FFF7B5
:10C1C00029FF09991948FFF725FF08991848FFF733
:10C1D00021FF30460A9A17490EF0ABFD3046BDF8F4
:10C1E0002E2015490EF0A5FD0A23BDF8302030465B
:10C1F000534312490EF09DFDB9E7114BCEE700BF46
:10C20000583B00204899030029990300AA4C0020BC
:10C2100057990300344403000E9903001E9903004C
:10C220006B990300879903008E990300949903008A
:10C23000A2990300AF990300C0990300D1990300AC
:10C24000169903001346F0B58BB00546D3E90101FA
:10C250006A46F7F7DBFF044638B102461249284622
:10C260000EF083FD20460BB0F0BD104B69461878E8
:10C27000FBF7EAFA064630B928460D490EF075FD7F
:10C280006FF00704EEE70B4F386808B1FAF7CAFE03
:10C29000694602A83E60F7F793FC2846064902AAC1
:10C2A0000EF047FDDEE700BF29990300AA4C0020ED
:10C2B000F6990300583B0020149A030073B5134607
:10C2C0001C4A064612686AB1022913D8104610F0BB
:10C2D000FEF9054608BB304617490EF046FD6FF0E3
:10C2E000070404E0022905D80EF08CFD0124204645
:10C2F00002B070BD6A46D3E90101F7F787FF044633
:10C3000028B102460D4930460EF02FFDEFE70C4BE9
:10C3100069461878FBF798FADBE7132110F000FA6A
:10C32000044610B102460749EDE72846FAF77AFEBF
:10C33000DDE700BF583B002048990300299903001E
:10C34000AA4C00202E9A03002DE9F04717468AB028
:10C3500003AC224605468846D7E90101F7F756FFA8
:10C3600000230321CDE90834CDE906130446ADF8D6
:10C3700014308DF8163000285CD002463349284628
:10C380000EF0F3FC20460AB0BDE8F08757F82460B1
:10C390002F493046EFF722FFC0B9069BCDE907A928
:10C3A00043F01003069301344445EFD3002305A85E
:10C3B0001A4619460093FAF72FFA044600283FD090
:10C3C0000246244928460EF0D0FC30E0304622498F
:10C3D000EFF704FF20B9069B43F004030693E2E75E
:10C3E00030461E49EFF7FAFE18B9069B43F02003CA
:10C3F000F4E730461A49EFF7F1FE18B9069B43F40B
:10C400000043EBE730461749EFF7E8FE18B9069B03
:10C4100043F48033E2E730461349EFF7DFFE18B903
:10C42000069B43F40033D9E728460EF0EBFC6FF08F
:10C430000704A7E70C464FF0F0094FF0A00AB3E756
:10C4400028460A490EF075FC9CE700BF29990300B5
:10C45000DFBF0300769A0300909803004D9A030013
:10C46000559A0300609A03006B9A0300A19A030097
:10C47000012970B50546164609D8F8F799FE0A490C
:10C48000024628460EF055FC0024204670BD506838
:10C49000F8F75CFE04460028F7D003467268284689
:10C4A00002490EF062FCF0E7BF9A0300D99A03003C
:10C4B0001346012270B58CB00021019205460A2274
:10C4C00058680CF0C9F802AEC4B201A93046F9F7B9
:10C4D00093FE019B9C4207D328460B490EF045FC76
:10C4E0006FF007000CB070BDC4EBC401314404A868
:10C4F000F7F766FB2846054904AA0EF01AFC044B20
:10C5000000201C70EEE700BFF99A03000B9B0300AC
:10C51000AA4C002001232DE9F0478EB0064603A95E
:10C5200004A803930025F9F767FEDFF84480DFF8DD
:10C53000449004AC039BAB4203D800200EB0BDE88E
:10C54000F08798F80030DFF830A006AFAB4208BFA4
:10C55000CA4621463846F7F733FB2B46524630464B
:10C56000064900970EF0E5FB01350734E2E700BF0E
:10C57000AA4C00200D7C0300935D0300229B030066
:10C58000012970B51346064606D810490EF0EDFB9A
:10C590006FF00704204670BD0A22002158680CF095
:10C5A0005BF8C5B22846F9F7E9FE041E06DA234611
:10C5B0002A46304606490EF0D8FBEBE72A463046BD
:10C5C00004490EF0B6FB0024E4E700BF2D9B0300F6
:10C5D0004C9B03006C9B030038B505460EF063F8D6
:10C5E000044630B10246054928460EF0BEFB2046FF
:10C5F00038BD284602490EF09CFBF8E7819B0300FA
:10C60000A09B030030B50D4604469BB0014601A82F
:10C61000FBF796F92A46154D154801A90FF03EFD86
:10C620002B68A34217D111A92046FBF7E3F928682C
:10C63000FAF7F8FC00220F499DF844002A60FAF747
:10C640001BFE2A684AB1214609A8FBF779F90A4876
:10C6500009A90FF023FD1BB030BD01200549FAF7F1
:10C660000BFE2B68002BF6D0EDE700BF583B0020F7
:10C67000B19B0300A5BE0100149A0300012910B567
:10C680000C4603D10EF0BEFB204610BD0349D2E993
:10C6900000230EF06AFB6FF01500F6E7D39B030052
:10C6A000012910B5044606D10FF0B2FE0349024637
:10C6B00020460EF03EFB002010BD00BFED9B0300A6
:10C6C000014608B520B1BDE8084009480FF0F4BCA8
:10C6D00008480FF0E3FC084B1B7823B90DF0E3FF8B
:10C6E00006480FF0DBFC0022054B1A6008BD00BFB6
:10C6F000DD570300FD570300AB4C00200B9C0300EB
:10C70000583B00202DE9F84F012405460E4690467F
:10C710004FF00009A346194FB44209D3B9F1000FF5
:10C7200020D00020F9F71EFB0446FFF7C9FF13E0F5
:10C7300058F824A012495046EFF750FD18B987F871
:10C7400000B00134E8E750460E49EFF747FD30B13D
:10C7500028460EF057FB01242046BDE8F88F4FF025
:10C760000109EEE70848F9F7FDFA04460028F3D07E
:10C770000246064928460EF0F8FAEDE7AB4C0020D9
:10C780001C9C03002D9C0300C1C60100DD57030063
:10C7900070B51A4B04461A4918789CB0F9F774FF23
:10C7A000054630B1204617490EF0DFFA28461CB086
:10C7B00070BD0AAE32462123102113480CF0ADFFA4
:10C7C00013AA2123102111480CF0A7FF204610497D
:10C7D0000EF0AFFA0F4B20460F4A00930F49104B53
:10C7E0000EF0A7FA02A80649F7F7EAF920460D4924
:10C7F000009613AB02AA0EF09CFAD7E7AA4C0020D1
:10C80000834C0020329C03009A4C00208A4C00206C
:10C81000439C0300619C0300FFBF03004E9C030088
:10C82000B87C0300699C0300002337B554680546B3
:10C83000204600938DF80430EFF7E2FC0523014613
:10C840006A4620460CF089FFC8B19DF800309DF87B
:10C8500004208DF804308DF800209DF801309DF8FB
:10C86000032068468DF801208DF80330F8F77CFF2F
:10C87000044668B9284609490EF05BFA05E02846E7
:10C8800007490EF072FA6FF00704204603B030BD7E
:10C890000246044928460EF068FAF6E7B29C030007
:10C8A000799C03008E9C0300F0B5012905460F46D4
:10C8B00014468BB007D820490EF057FA6FF00704E2
:10C8C00020460BB0F0BD0A22002160680BF0C4FEC8
:10C8D000022FC6B26F460BD0A0686A461749F7F719
:10C8E00095FC044668B1284615490EF022FAE7E7A0
:10C8F000144B18689A889B790090ADF804208DF845
:10C900000630002239463046F9F7E6FC041E06DA06
:10C910002346324628460C490EF00BFAD0E739463A
:10C9200002A8F7F74DF932462846084902AB0EF047
:10C9300000FA0024C4E700BF2D9B0300B87C03006D
:10C94000309803002EC40300C39C0300E49C030042
:10C950002DE9F34114460F46102200210546606878
:10C960000BF0EEFE102280460021A0680BF0E8FEDE
:10C97000032F06463CD9E4682046EFF741FC8228A5
:10C98000014609D9204928460EF0EFF96FF0070457
:10C99000204602B0BDE8F081412320461B4A0CF03E
:10C9A000DCFE074608B91A49EDE74FF0FF304FF0BB
:10C9B000FF31F8F78FFA044630B9284615490EF0D2
:10C9C000D4F96FF00B04E3E73A4610490C300FF04E
:10C9D00012FB46EA8820214601AA80B2F8F748FCFB
:10C9E000044638B102460C4928460EF0BEF9CFE79E
:10C9F0000024EEE7019B28461A8AD9680EF0C3F995
:10CA00000198F6F7FBFFC3E7FB9C03003F4C0020B7
:10CA1000129D0300339D0300529D030010B50C4688
:10CA200092B009A9FAF7E6FF6078F8F77BFA638815
:10CA300001460093A38862780E480FF02FFB9DF803
:10CA40002430012B14D1A16802AA01F1080313F8C4
:10CA5000010D8B4202F8010BF9D1082111230DEBD6
:10CA6000010004AA0CF059FE034804A90FF016FBBC
:10CA700012B010BD6F9D0300B59D030070B5012974
:10CA80008AB0054613466E4617D96A461649586855
:10CA9000F7F7BCFB18B1284614490EF066F90021DF
:10CAA0003046F9F7BBFB041E11DA2246284610492E
:10CAB0000EF05BF920460AB070BD0E4B18689A88DC
:10CAC0009B790090ADF804208DF80630E7E73146F9
:10CAD00002A8F7F775F822462846074902AB0EF080
:10CAE00028F90024E6E700BFB87C03003098030073
:10CAF000C99D03002EC40300EA9D03002DE9F04FF9
:10CB0000924614229BB00391074600210DEB0200D0
:10CB100015F090FADAF80440AB492046EFF75EFBD7
:10CB200080B9FAF731F8002806DA3846A7490EF03E
:10CB30001CF96FF007049AE0A54938460EF0F9F8A1
:10CB4000002494E0A34BA0211B7820468DF81430DC
:10CB5000F023CDE90713A049EFF740FB002840F090
:10CB60008A800323069301254FF000084FF0020945
:10CB70002C46AB46CDF80880039B9945C0F08680D3
:10CB80000AAEB8F1000F00F0F080002C00F0F68043
:10CB9000304611F097F90124002D40F0E980002281
:10CBA0008E4BD3E8EF1FC3E8E02F0028F9D1069A97
:10CBB000920700F0E580D3E8EF2F42F00102C3E8CE
:10CBC000E12F0029F7D1BBF1000F00F0E380D3E89B
:10CBD000EF2F42F00202C3E8E12F0029F7D1029AB9
:10CBE000002A00F0E180D3E8EF2F42F00802C3E80A
:10CBF000E12F0029F7D1D3E8AF1FD3E8AF2FC2F35D
:10CC0000C002D3E8AF3F11F0020F0CBF042306238C
:10CC100040F2011072494FEAC4080B701AAB03EBE3
:10CC2000C40323F8400C43F83C1C002A00F0C680E3
:10CC30000FF0EEFB40F219226A4BB0441870000A64
:10CC4000A8F808205870C8F80C30A21C002D00F07D
:10CC5000B78012AB3146009505A8F9F7DDFD041E3B
:10CC600080F2B080224638465F490EF07EF82046BA
:10CC70001BB0BDE8F08F20465C49EFF7AFFA002803
:10CC80003FF471AF38460EF0BDF852E75AF829600C
:10CC900057493046EFF7A2FA002858D03046554998
:10CCA000EFF79CFA002855D030465349EFF796FA33
:10CCB000002851D030465149EFF790FA30B9069B21
:10CCC00043F0C003069309F1010955E730464C498A
:10CCD000EFF784FA18B9069B43F04003F2E73046B9
:10CCE0004849EFF77BFA18B9069B43F08003E9E760
:10CCF00030464549EFF772FA18B9069B43F0040332
:10CD0000E0E730464149EFF769FA40B33046404921
:10CD1000EFF764FA28B330463E49EFF75FFA18B9E7
:10CD2000069B43F40043CDE730463B49EFF756FA04
:10CD300018B9069B43F48033C4E730463749EFF710
:10CD40004DFA00289ED1069B43F40033BAE74FF01A
:10CD5000010BB8E78346B6E701230293B3E7044625
:10CD6000B1E700254FF00108ADE735B134B14446D5
:10CD700012A811F0A7F8012511E72C4625460EE769
:10CD8000D3E8EF2F22F00102C3E8E12F00293FF49E
:10CD90001AAFF5E7D3E8EF2F22F00202C3E8E12F44
:10CDA00000293FF41CAFF5E7D3E8EF2F22F008028B
:10CDB000C3E8E12F00293FF41EAFF5E7621C45E709
:10CDC000002347E71649B8E6A86F0300099E030051
:10CDD000259E0300AA4C0020DF6B0300503B00207F
:10CDE000824C0020804C00207C9E03003A9E030071
:10CDF000449E0300409E03004B9E0300569E03008A
:10CE00005A9E0300639E0300909803006C9E0300EB
:10CE1000749E0300559A0300609A03006B9A030006
:10CE2000A29E03000348436913B980F84832704753
:10CE300000207047783B002010B5094B04461B6862
:10CE40004BB1184610F076FE0649024620460DF01A
:10CE500070FF002010BD04490DF06BFFF9E700BF23
:10CE6000583B002073A1030081A103002DE9F0418C
:10CE7000836806461446C2B0BBB1002702AD6368A2
:10CE8000BB421DD80025CDE9005502AA31462846EF
:10CE9000D6F80880BBB2C047021E0DDA20680E49E2
:10CEA000E2600DF062FF284607E00C4910680DF0C3
:10CEB0005CFF6FF00103E360012042B0BDE8F08148
:10CEC000A368102253F8270000210BF039FC01372A
:10CED00005F8010BD3E700BFADA1030098A1030043
:10CEE000F0B5144685B007460E4660681022002152
:10CEF0000BF026FC08340294002485B26B462946C8
:10CF000028460B4A023E00970196039410F0E4FF76
:10CF1000039BA34208DB28463B462946054A10F0FE
:10CF2000DBFF204605B0F0BD6FF00700FAE700BF59
:10CF30006DCE0100FDD00100F8B515460F4606463E
:10CF40001022002168680BF0FBFB022F84B20CD981
:10CF500000211022A8680BF0F3FB81B22046334673
:10CF6000034A10F0B9FF0020F8BD2146F6E700BFE4
:10CF7000FDD001002DE9F0410024284E012986B0A2
:10CF80000546884617463460746020D91022214631
:10CF900078688DF814400BF0D3FBB8F1020FADF8B0
:10CFA000160005D021460A22B8680BF0C9FB84B2EE
:10CFB0001B4B4FF6FF71CDE9004301200023029582
:10CFC00005AAFDF7C3F8002006B0BDE8F0810346CE
:10CFD0004FF6FF710120124A10F07EFF738823B9CB
:10CFE000284610490DF0A5FEEDE70C21B4883288E3
:10CFF000E40001FB0244142202FB03441822F388DC
:10D00000284602FB034408490DF093FE009428468D
:10D010007388328805490DF08CFED4E74C4B002014
:10D0200031D00100C3A10300D7A103000AA203006D
:10D030002DE9F0432E4D8FB06B884FF0000901337E
:10D040006B804FF4205304468846006803A91746B6
:10D050008DF80C90ADF80E300FF062F804AE002899
:10D0600038D12B8801332B8000238DF8103042F605
:10D07000030331462068ADF812300FF051F810B9B3
:10D08000AB880133AB8000238DF8103042F60213D9
:10D0900031462068ADF812300FF042F830B9154B28
:10D0A000A2689A4202BFEB880133EB8031462068C8
:10D0B0002522F7F777F8638A3846C3F30E03CDE9E4
:10D0C0000063224643460C490DF033FE01200FB0A9
:10D0D000BDE8F08342F60103314620688DF81090D8
:10D0E000ADF812300FF01CF80028BAD0BCE700BF32
:10D0F0004C4B0020F99B010038A20300F0B5044618
:10D100001646CDB02522006802A9F7F74BF8638ACE
:10D110002246C3F30E03009330460E4902AB0DF0D6
:10D1200008FE6768A7B100250CAA4FF4807321465A
:10D1300028460095B847021E06DA304606490DF02B
:10D14000F8FD28464DB0F0BD30460CA90DF01BFE91
:10D150000120F7E763A2030080A2030038B5104B5B
:10D1600005461B6833B90F490DF0FFFD6FF007044A
:10D17000204638BD0C490A890AB90C49F4E718461B
:10D18000FEF72AFC044628B10246094928460DF05C
:10D19000ECFDEDE7284607490DF0CBFDE8E700BFC1
:10D1A000583B002048990300603B002095A20300F3
:10D1B000ACA20300C9A203002DE9F84FDFF8B4A028
:10D1C0000646DAF8003015462BB32B4CA76B47BB4D
:10D1D0001022394668680BF0B3FA102239461FFA5C
:10D1E00080F9A8680BF0ACFAD5F80CB01FFA80F8FB
:10D1F0005846EFF705F804F1480501464FF400736F
:10D200002A4658460CF0A9FA80B2A4F8440080B926
:10D2100030461A4900E01A490DF0A7FD6FF00705E6
:10D2200004E018490DF0A1FD6FF00F052846BDE898
:10D23000F88F2146144BDAF8000041F8383F256496
:10D24000A4F83C90A4F83E80FEF79CFA054658B13D
:10D250003946102204F1380014F0ECFE2A4630461C
:10D260000A490DF082FDE1E7304609490DF061FD04
:10D27000DCE700BF583B0020783B0020FCA2030005
:10D2800048990300DEA2030095D2010009A3030020
:10D2900020A3030010B5144604480EF0FFFE2046FC
:10D2A000BDE810401022002114F0C4BE2FA30300DB
:10D2B000064B10B51446064A0648002908BF1A4610
:10D2C00011460EF0EBFE0023236010BD53B50300A2
:10D2D0008DB203004BA3030030B515460C468DB04C
:10D2E00051B937480EF0DAFE14222146284614F0D0
:10D2F000A1FE20460DB030BD137C022B51D00CD9BD
:10D30000032B18D0206802A92522F6F74BFF228AAA
:10D310002C4802A90EF0C2FE0BE0CD682522286839
:10D3200002A9F6F73FFFAB88228A274802A90EF030
:10D33000B5FE0120DEE7CD682522286802A9F6F7B0
:10D3400031FF228A214802A90EF0A8FEAC792048BC
:10D350000EF0A4FEE20702D51E480EF09FFEA307C2
:10D3600002D51D480EF09AFE250702D51B480EF087
:10D3700095FE600702D51A480EF090FEE10602D530
:10D3800018480EF08BFEA20602D517480EF086FE56
:10D39000230602D515480EF081FE15480EF07EFEDC
:10D3A000C7E7CD682522286802A9F6F7FBFEEA88C0
:10D3B000AB880092228A0F4802A90EF06FFEB8E7F0
:10D3C00058A303004BA403006BA303009DA3030019
:10D3D000C1A30300CFA30300D8A30300E0A303006D
:10D3E000E9A30300FAA3030004A4030010A40300AC
:10D3F000446403001CA403002DE9F341244C1546AA
:10D4000022890746884642B122490DF0AEFC6FF0F2
:10D410000705284602B0BDE8F0816A46D5E901015A
:10D42000F6F7F4FE064618B102461B493846ECE70B
:10D4300001461022E8680BF083F910226081314622
:10D4400028690BF07DF90123A381144BB8F1050F76
:10D450002081236006D912496869EEF7BFFE08B93A
:10D460000223A3810F4B6946094A1878FEF780FA18
:10D47000054638B1002302460B49384623810DF09A
:10D4800074FCC6E7384609490DF053FCC1E700BFFC
:10D49000603B00206BA4030029990300B1D4010074
:10D4A000A2A40300AA4C0020A6A40300C3A4030066
:10D4B00070B50E461D4614462AB908480EF0EEFD1A
:10D4C0002046348170BD1A46098905480EF0E6FDF4
:10D4D00020462946F6F704FC0120F3E7D1A4030017
:10D4E000DFA403002DE9F843224C0646278988462D
:10D4F000154647B13A4620490DF037FC6FF0070555
:10D500002846BDE8F883DFF87490D9F800301BB9DD
:10D510001B490DF02AFCF1E71022394668680BF030
:10D520000FF9608110223946A8680BF009F9012330
:10D53000A381144BB8F1030F2081236006D912494F
:10D54000E868EEF74BFE08B90223A3810949D9F830
:10D550000000FEF7BBF9054638B1002302460B492F
:10D56000304623810DF001FCCAE7304608490DF032
:10D57000E0FBC5E7603B002009A50300583B002005
:10D5800048990300B1D40100A2A403003EA5030002
:10D5900059A503002DE9F0410E4611F0BFFA174FCF
:10D5A000174C3B68B5B2C21A4FF47A735A432368DA
:10D5B00001332360A36813FA86F6124BA6609A42E1
:10D5C0000DD900236360E36011F0A8FA3860216888
:10D5D000D4E902230C48BDE8F0410EF05FBD63685A
:10D5E0000A481D44A5FB0001012A38BF012200237F
:10D5F00065602944EBF7BCFBE060E8E75C3B00209A
:10D60000C83D002000CA9A3B65A503000050D6DC47
:10D610002DE9F04FDFF8009187B0D9F800300E46C1
:10D620001446059043B93D490DF09FFB6FF0070686
:10D63000304607B0BDE8F08F176839493846EEF735
:10D64000CDFD051E0CBF4FF0010A4FF0000A0BD0B4
:10D6500034493846EEF7C2FD014600284ED110226B
:10D66000314814F0E7FC314D1022002160680BF0C6
:10D6700067F8102200211FFA80F8A0680BF060F80C
:10D68000DFF8ACB0032E8BF8000040D91022002147
:10D69000E0680BF055F8B0F5007F31D21022002180
:10D6A000E0680BF04DF887B201229BF8000020499A
:10D6B000974228DC042E2DD02069102200210BF087
:10D6C0003FF884B2012C38BF0124CDE90157CDF8D1
:10D6D00000A03B464146164AD9F8000010F0E9FA8E
:10D6E000013C0646A4B218B907F0CCFF002CECD1DF
:10D6F0003246104905980DF01CFB99E70025B3E769
:10D700004FF40077D0E701F8010F0132D0E701278D
:10D710000024D7E70124D8E7583B002048990300AC
:10D7200083A5030090A50300C83D002095D5010006
:10D73000AC4C0020AAA503002DE9F047DFF8A49027
:10D740000646D9F8003090463BB927490DF00DFB4D
:10D750006FF007052846BDE8F087FFF763FB044636
:10D7600030B9304621490DF000FB6FF00F05F1E7AD
:10D770004D1E082D1FD8002700F1260ABD4222D8D1
:10D780001B4BD9F80000C4E9053504F12803E36117
:10D790000123143423732146FDF7F2FE0546E0B160
:10D7A00014220021204614F045FC2A463046114937
:10D7B0000DF0DBFACEE7082230460F490DF0B9FA3A
:10D7C0006FF01505C6E701371022002158F8270031
:10D7D0000AF0B6FF2AF8020FD0E7304607490DF0ED
:10D7E000A8FAB7E7583B002048990300DEA20300DF
:10D7F00041DB0100E7A50300C3A5030013A6030056
:10D800002DE9F041DFF8A8800646D8F800300F4631
:10D8100015463BB927490DF0A8FA6FF007052846D1
:10D82000BDE8F081FFF7FEFA044630B930462249E0
:10D830000DF09BFA6FF00F05F1E700211F4B012F50
:10D8400043611F4BC0E906131AD9102268680AF019
:10D8500077FF80B2A4F84A0210B104F51273236274
:10D86000022F0DD010220021A8680AF069FF032FB3
:10D87000A08305D010220021E8680AF061FFE08350
:10D8800014342146D8F80000FDF77AFE054650B161
:10D8900014220021204614F0CDFB2A4630460949C7
:10D8A0000DF063FABBE7304607490DF042FAB6E7E0
:10D8B000583B002048990300DEA2030041DB010031
:10D8C0000100FFFF21A6030013A603002DE9F0418C
:10D8D000DFF888800646D8F800300F4615463BB979
:10D8E0001F490DF042FA6FF007052846BDE8F081A8
:10D8F000FFF798FA044630B930461A490DF035FA68
:10D900006FF00F05F1E7184B00214361012383619C
:10D91000102268680AF014FF0021022FA083E1831F
:10D9200004D91022A8680AF00BFFE08314342146C2
:10D93000D8F80000FDF724FE054650B1142200215E
:10D94000204614F077FB2A46304608490DF00DFAC0
:10D95000CBE7304606490DF0ECF9C6E7583B00200E
:10D9600048990300DEA2030041DB010021A6030069
:10D9700013A60300F8B5164B05461B6833B91549C5
:10D980000DF0D7F96FF007042046F8BD124E376846
:10D990002FB112490DF0CDF96FF00F04F4E7104AE2
:10D9A000314618463260FDF785F9044670B110F132
:10D9B000780F376004D10B4928460DF0BAF9E3E738
:10D9C0000246094928460DF0B4F9DDE70749F3E7B7
:10D9D000583B002048990300C43D002037A60300AF
:10D9E000B1D2010072A6030085A603009FA6030022
:10D9F0002DE9F0413D4F06463B6888461546002B11
:10DA000060D13B490DF0B1F96FF007042046BDE845
:10DA1000F081384BB8F1010F63604FF001032381AF
:10DA20004FF6FF7384F84812E3811CD9102268680E
:10DA30000AF086FE80B2A4F84A0210B104F512730F
:10DA40002360B8F1020F0ED010220021A8680AF05E
:10DA500077FEB8F1030F208105D010220021E8687D
:10DA60000AF06EFEE0812D6823492846EEF7B6FBEA
:10DA700070B328462149EEF7B1FB58B32846204938
:10DA8000EEF7ACFB40B328461E49EEF7A7FB28B3E0
:10DA900028461D49EEF7A2FBB0FA80F35B099B0014
:10DAA0001A4938682374FDF731F90446C0B11422CD
:10DAB0000021164814F0BEFA2246304614490DF0F3
:10DAC00054F9A3E7114C61680029A2D0114999E7E4
:10DAD0000523E5E70123E3E70223E1E70323DFE78B
:10DAE00030460D490DF025F990E700BF583B002066
:10DAF00048990300D9D20100B1A60300BAA60300D9
:10DB0000CDA60300DEA60300F6A60300783B0020A6
:10DB10000AA70300DEA2030024A70300012910B511
:10DB20000C4603D10DF06EF9204610BD0349D2E931
:10DB300000230DF01AF96FF01500F6E7D39B0300F0
:10DB400070B51C46BDF810601546094832460EF007
:10DB5000A5FA34B914222146284614F06BFA20465F
:10DB600070BD20463146F6F7BBF80120F8E700BF4C
:10DB700036A7030010B5094C0A44914200D110BDEC
:10DB800011F8013B58400309E35C0001C0B2434077
:10DB90001809205C1B01DBB25840EEE7A5C4030066
:10DBA0000122024BC3F80424704700BF002008E0A4
:10DBB000084B70B5C31A0D4607499B1004465943DC
:10DBC0004022064810F09CF92B4601462046BDE84D
:10DBD00070401847EC3D0020B76DDBB6E82203002B
:10DBE000402373B50B4C0093041B0B460D460A49AA
:10DBF000A41061430646094A094810F0ADF90146F0
:10DC000028B130462B4602B0BDE87040184702B03C
:10DC100070BD00BFEC3D0020B76DDBB6C5DF020074
:10DC2000E8220300F8B500220121054640F2051064
:10DC3000F5F704F80F4802F04FFD0446B8B911F0AB
:10DC400074F82F690C4938460BF00EFE031E09DBF1
:10DC500001263E642D69084905F11C000BF004FE05
:10DC6000031E02DA1C462046F8BDEE64FBE76FF0A7
:10DC70000404F8E7A5DD0100D04703001FB500222A
:10DC800001236C46CDE902236B46074ACDE90044E7
:10DC900010F091F928B943F609520023684606F0BE
:10DCA00033FF04B010BD00BFD7DF020010B5EFF3A3
:10DCB0001184402383F31288BFF36F8F074A1368E0
:10DCC00023F00201DB07116002D4012011F027F8D4
:10DCD00084F31188BFF36F8F10BD00BF3C3E00205E
:10DCE0000C22104B014602FB0033002030B4D3E974
:10DCF0000E529863EFF31180402484F31288BFF32F
:10DD00006F8F1C6C04F0C00444F002041C6480F3A8
:10DD10001188BFF36F8F1DB12B4630BC02481847E6
:10DD200030BC7047EC3D0020E822030010B4EFF354
:10DD30001180402282F31288BFF36F8F16490B685F
:10DD400043F0020413F001030C6017D0134BD3F817
:10DD50000C3413F4803311D0EFF3118182F3128865
:10DD6000BFF36F8F0E4A136C03F0C00343F002033E
:10DD7000136481F31188BFF36F8F012380F311883F
:10DD8000BFF36F8F1BB1002010BCFFF7A9BF0120AC
:10DD900010BC02F091BC00BF3C3E002000E01050DF
:10DDA000EC3D0020022808D0042808D1044B186C50
:10DDB00010F0070003D1FFF793BF0120FBE7704786
:10DDC000EC3D0020C3B21C20014A00FB0320704739
:10DDD000EC3D00202DE9F041012280463549D1E893
:10DDE000EF3FC1E8E02F0028F9D133B93249334879
:10DDF0004B60CB608A600BF04AFD08F1FF33012BCA
:10DE00004BD8B8F1010F06D12D4BD3F8503403F0A5
:10DE10000303012B41D012F010FF054650B1EFF380
:10DE20001186402383F31288BFF36F8F0125244CA2
:10DE3000244F20E0244B1B78002BF0D00422204BF1
:10DE40000646C3F80823F2E74DB330460EF013F848
:10DE5000D4F8403413F0FF030DD1D4F8082152B1A7
:10DE6000C4F80831D4F8083120220123C4F8403422
:10DE7000C7F8A0212361D4F84C24D4F84C34D20341
:10DE8000E2D503F00303012B02D0B8F1010FDBD17F
:10DE900055B186F31188BFF36F8FBDE8F081002183
:10DEA000202012F0F4FFD3E70422054BC3F804232B
:10DEB000F3E700BFE83D0020D83D0020083E0020E9
:10DEC00000E0105000E100E02565002008B507489B
:10DED00012F00DFC38B10648F5F724FA0448EFF7C4
:10DEE0002DFA002008BD6FF01200FBE78823030025
:10DEF000F5DE01000A2838B50446074D04D1AB68A9
:10DF00000D2128465B689847AB6803485B68E1B21F
:10DF10009847204638BD00BF882303000023024AEB
:10DF20000020C1E90023704700D017000048704767
:10DF30000C480300024B0B6001231360704700BFC5
:10DF40001448030008B501220548114612F056FD99
:10DF500002F00CFC034B044A0020C3F80C2508BD5A
:10DF6000403E002000B004508000008038B51546C7
:10DF70001C461A4681B114F037F8BFF35F8F084B87
:10DF8000D3F81824D20706D4C4F308041CB1012224
:10DF90009A60BFF35F8F38BD294614F04BF8ECE769
:10DFA00000B004502DE9F04106460F4690461C464D
:10DFB00086B05BB34FF0FF324FF0FF33194806F0E5
:10DFC000A3FD42F20102184BC3F8002510F0B0FE89
:10DFD0000546F8B101238DF81530144B4FF4FA5073
:10DFE000009302AB04940193CDE902768DF814807E
:10DFF00002F0C4FB684602F0C7FB04464FF400522F
:10E00000094BC3F80025074806F04AFD204606B034
:10E01000BDE8F0812346424639463046FFF7A6FF69
:10E020002C46EBE7403E002000B004506DE00100BC
:10E03000084630B4114692B140EA030212F00F02D2
:10E040000DD100280BDB084DA84208D8C0F5BE153D
:10E0500005F58055AB4202D830BCFFF7A3BF6FF087
:10E06000150030BC704700BFFFCF170042F201021D
:10E0700070B5174B0446C3F80025437B0BB110F075
:10E0800063FE0026A06800B970BDB0F5007F28BF10
:10E090004FF4007005460346D4E90010227BFFF7D9
:10E0A00065FF63682B44636023680BB12B442360D6
:10E0B000A3685B1BA360002BE4D0637B0136002BBD
:10E0C000E0D0304610F041FE0028DBD00120DBE735
:10E0D00000B0045010B50C1E10461A460CDB084B5D
:10E0E0009C4209D8C4F5BE1404F58054A24203D85A
:10E0F00013F07AFF002010BD6FF01500FBE700BFA2
:10E10000FFCF170070B410460E469BB142EA0305DC
:10E1100015F00F0111D1002A0FDB094A90420CD8EB
:10E12000C0F5BE1202F58052934206D8324670BC4A
:10E13000FFF738BF184670BC70476FF01500FAE75C
:10E14000FFCF1700084613468AB11143C1F30B01F4
:10E1500079B900280DDB084A90420AD8C0F5BE12F2
:10E1600002F58052934204D8FF22FFF71BBF1046EE
:10E1700070476FF015007047FFCF170000487047D9
:10E18000784803002DE9F34743680F1E06461546FD
:10E19000D3F828806CDBBB18434569D847EA0204F2
:10E1A000C4F30B04002C63D100690FF09FFF4FF004
:10E1B000FF39002D55D0002C53D12346CDE9004422
:10E1C0008022062130460FF097FF0446002848D1F0
:10E1D000A84513D10346CDE900008022C72130466F
:10E1E0000FF08AFF00250446002C3AD140F21B6252
:10E1F000002330460FF0E1FF0446DAE782461E4B6B
:10E200005A7882B109FA02F137EA01010BD10121F2
:10E210009140A94207D8BAF1000F1ED09AF8011018
:10E22000914238BF9A460134042C03F10203E7D12E
:10E23000BAF1000F13D0002381229AF80010304663
:10E24000CDE900333B460FF057FF01239AF8012038
:10E25000044693401F44ED1AC6E79A46E3E76FF081
:10E26000150430690FF040FF204602B0BDE8F0878A
:10E270006FF01504F8E700BFB5C403002DE9F043C3
:10E2800085B0044602AF00694FF0FF32012112F061
:10E29000B5FB6668306812F02AFAF0B1337EBBB97C
:10E2A00096F84030D8061BD420690FF01FFF204697
:10E2B00010F01BF8031E6ADAAD480268550703D058
:10E2C0000121AC4A0CF0AAF820690FF00DFF04E020
:10E2D000F06812F00CFA0028E2D16FF01205C7E0E6
:10E2E000306A12F004FA40B9A14803685907F4D023
:10E2F000A14A01210CF089F8EFE7306A96F8241062
:10E30000F38C4FF0010CD0F810E0DA0754BF43F45F
:10E31000D01383F4B013DEF8005023F480120CFA0B
:10E3200001FCDB07D0F808804CBF4CEA050525EA64
:10E330000C05CEF80050D8F80030984728B18C482A
:10E3400003685E07C9D08D4AD3E7012196F82430CF
:10E35000306A994003691B681942836814BFDB68FF
:10E360001B699847054600289ED0002D02DA15F15A
:10E37000860F7DD120690FF0B9FE20460FF0B5FF62
:10E38000054620690FF0B0FE05EAE57570E020460D
:10E390000FF002FF051E10DDE8070ED57448036874
:10E3A00013F0060F03D00221754A0CF02EF800225C
:10E3B000002320460FF001FF054620690FF094FE70
:10E3C000002D09DA6A480368590786D02B466D4A42
:10E3D00001210CF023F880E720690FF087FE4FF051
:10E3E0000309002307F104081A469F212046CDF8AF
:10E3F0000490CDF800800FF07FFE054620690FF0F5
:10E4000073FE3DB15A4803685A073FF466AF5E4A4F
:10E410002B46DDE740464A4606F1340113F01DFE67
:10E42000804650B3524803685B071FD06C468CB0DF
:10E4300097F8049097F8058097F806E096F834C0AE
:10E4400096F8351096F8363002AAD36208234F4E5C
:10E45000C2E9078EC2E90569C2E909C142F8103F65
:10E4600044F240012B46F0F775FAA5466FF015050A
:10E4700028460C37BD46BDE8F08396F838309BB38C
:10E4800020690FF033FE20460FF086FE051E1FDDCB
:10E4900096F83830802225EA0305FD7043460621B0
:10E4A0002046CDE900880FF027FE054680B90121FE
:10E4B000FB1C009380220346019120460FF01CFEB6
:10E4C000054628B90022002320460FF076FE0546B7
:10E4D00020690FF009FE3DB1254803685C073FF451
:10E4E000FCAE2B4A2B4673E796F83750002D53D0DD
:10E4F000FF2D51D015F00B0F36D020690FF0F6FD2F
:10E5000015F0080312D001238022FA700193FB1C3E
:10E5100000931721002320460FF0EEFD0546B8B901
:10E520002269137D43F00103137511E0A80705D498
:10E5300000238022B721CDE90033ECE780220621B9
:10E540002046CDE900330FF0D7FD05460028EFD077
:10E5500020690FF0C9FDFDB10548036859073FF474
:10E56000BCAE0C4A2B4633E76FF08505F4E700BFDD
:10E57000D0080020FBA90300CAA90300DEA90300FC
:10E5800013AA030030AA030059AA030072AA0300C9
:10E59000B0AA0300C5AA030020690FF0A7FD6368B5
:10E5A00093F840309A071DD500238022B9212046D8
:10E5B000CDE900330FF0A0FD0546A0B9636893F8DC
:10E5C00040309B070ED5266912F051FD4FF47A7545
:10E5D000A0FB050C47F61222002305FB01C1EAF758
:10E5E000C7FB3061002520690FF07EFDBDE600BF4E
:10E5F0002DE9F04340F206354768D00648BF4FF09A
:10E60000030C3B7C02EA050558BFC2F3401C87B0EF
:10E6100001F01F06B5F5837F144646EA43168DF8D0
:10E6200003C045D00DD8062D44D005D8A5B1022D84
:10E6300012D06FF0150038E0B5F5807FF9D10125D3
:10E640000AE040F20222954236D0B5F5407F35D03F
:10E65000B5F5007FEDD10425220331D501237A6879
:10E660008B405360B86890BB5F2E06F01F034FEAE3
:10E67000561175D83C4A52F82120C4F3004102EBF0
:10E680008302D2F8803081F00101C4F3404423F4C6
:10E69000706344EA410423F00F031C4344EA8C04F2
:10E6A00044EA0524C2F88040002007B0BDE8F083AA
:10E6B0000925D1E70825CFE70625CDE70525CBE7D6
:10E6C000630341BF01237A688B409360CAE73146F8
:10E6D0000DF1020211F0BCFD14F4403F80460CD154
:10E6E0003146B86811F0CDFDB8F1000FDCD19DF8CE
:10E6F0000210B86805F040F9D6E74FF0000901AB09
:10E70000CDE90199CDE90439CDF80C903146B868CE
:10E7100003AA11F0E6FC4845C6DB14F4003314D01C
:10E720009DF80330C4F3004484F001048DF80E30EA
:10E730008DF80C508DF80D404B463146B86803AA51
:10E7400005F06CF80028CFDAAEE7CDE904330DF11F
:10E75000030303933146B86803AA11F0C2FCF1E742
:10E76000203350F82330FFDE804803004209022A9C
:10E77000034670B503D0012A18D0CAB170BD0E4E41
:10E78000326951680029F9D0012503F01F030C6894
:10E790009D400029F2D08A682A4002D030464B685A
:10E7A00098473CB1236821461C46F2E7034EE7E751
:10E7B000034EE5E72346F6E748230300282303003A
:10E7C0000823030038B54568A868C0B111F053FDAF
:10E7D0000146A0B9A86805F097F8044688B9024632
:10E7E0000949A86811F031FD22460121DB20F4F728
:10E7F00025FA2246012140F20D10F4F71FFA0020FD
:10E8000038BD6FF00400FBE76DE70100F0B5446828
:10E810001646A068227C01F01F0587B045EA421524
:10E8200000286CD0B6F5001F04D1294611F07BFDFD
:10E83000002055E06268607CB6F5800F50624FF0B2
:10E84000000001AA0190506039D1B3F1007F14BFDC
:10E85000052304238DF804300023CDE9042303931A
:10E86000E3680DF1030723FA01F111F0010139D139
:10E87000B6F1A07F36D105F01F035F2D4FEA55108A
:10E8800003F120033ED8214A52F8202052F82330C9
:10E89000DB0727D43A462946A06811F0D9FC163088
:10E8A00018D002972946A06803AA11F01AFC002884
:10E8B00016DB01222946A06811F0E5FCB8E7B3F1A8
:10E8C000C06F05D0B3F1007F14BF01230223C1E75D
:10E8D0000323BFE73946A06805F058F80028E0DABE
:10E8E00007B0F0BD3A462946A06811F0B1FC0028F7
:10E8F000D8D19DF80310A06805F03EF8D2E76FF07C
:10E900008500EDE751F82330FFDE00BF80480300AB
:10E91000082913B528BF08210C46084AD2F8043349
:10E92000D2F808231BBA12BA00920A46694601932C
:10E9300013F05AFB204602B010BD00BF00C0FF001C
:10E940001A4BD3F8002602F0010312F0060F18BF8D
:10E9500043F01003110648BF43F48073D10548BF4C
:10E9600043F08003510548BF43F02003510648BFE0
:10E9700043F00203910548BF43F08003D10448BF30
:10E9800043F08003110748BF43F02003D10648BF7E
:10E9900043F02003910648BF43F02003120548BF0F
:10E9A00043F4006303600020704700BF00E0105094
:10E9B0004FF0FF32024B0020C3F80026704700BF23
:10E9C00000E01050036803F01F025F2B02604FEA63
:10E9D00053129ABF024B53F822000020704700BF29
:10E9E000EC4803002DE9F74F154606464FF00108A5
:10E9F00000EB8101B14203D1002003B0BDE8F08FEC
:10EA00003268C2F3C323082BC2F3080400F2A080CB
:10EA10005148C75C40F2FF139C4208BF4FF0FF34DF
:10EA2000B2F1D05F4FEA126310D2192B12D8DFE88F
:10EA300003F014233734282F34111111111111113F
:10EA400011111111111111113A717477382B6AD00B
:10EA50004E2B25D06FF08500CFE7C5F80446621C29
:10EA600056D001A80194FFF7ADFF019B4FF00109BB
:10EA700008FA03F3436029E0C5F80C464FF0000A9A
:10EA800062E04FF00009C5F80046601C16D13FE077
:10EA90004FF00109C5F80446F7E7C5F80846EDE769
:10EAA000C5F81046DBE7C5F860457388621C03F0C3
:10EAB00001032DD0002BD4D14FF0010901A80194FE
:10EAC000FFF780FF019B08FA03F383604FF0010A10
:10EAD000D6F800B001A81BF4004F1CBF4FF001098D
:10EAE0004FF0000A0194FFF76DFF019B1B4C00EBF8
:10EAF0008300D0F88020CBF3412B3B0243EA8B0309
:10EB000043EA0A031440234343EA4903C0F8803030
:10EB100004366FE7C5F86445C7E7C5F86845C4E73C
:10EB2000C5F86C45C1E701A80194FFF74BFF4FF012
:10EB3000010A019B00EB8300D0F8803023F0E04312
:10EB400043F08043C0F88030631CE1D0D146BFE77A
:10EB50006FF0150051E700BFBDC40300F0F0FCFFEB
:10EB60002DE9F04104460D46476812F066F888B179
:10EB70004021EFF311831A4681F31288BFF36F8FA0
:10EB800060680068D0F83001D0B983F31188BFF312
:10EB90006F8FEEE71E4B1B78002BE9D04FF040083B
:10EBA000642663681B68D3F83031FBB9012011F08B
:10EBB0005AF9013EF5D10021202012F068F9EFE763
:10EBC0007B6A00201D706368796A1B68C3F83C1774
:10EBD0000121C3F84017C3F83001D3F8300119659B
:10EBE00082F31188BFF36F8FBDE8F081EFF31183DB
:10EBF0001A4688F31288BFF36F8F61680968D1F8ED
:10EC000030110029DCD183F31188BFF36F8FD2E775
:10EC10002565002008B5054803685B0703D001217E
:10EC2000034A0BF0F2FB6FF0730008BDD40800201C
:10EC300059AB030070B50D1E064604690ADAE16D92
:10EC40000FF0E5FEC4F88C5004F17C00BDE8704084
:10EC500005F026BFD4F8A8304BB19D4219D92E48F3
:10EC600003685A0703D001212C4A0BF0CEFBD4F8DD
:10EC7000B0304BB19D422DD9274803685B0703D0C4
:10EC80000121264A0BF0C1FB3046BDE870400FF071
:10EC9000E6BD5B1BC4F8A830A3B9D4F8903004F1EA
:10ECA000A8020833C4F89030D4F8943004F19401E9
:10ECB000013BC4F8943004F190000FF04AFDC4F811
:10ECC000A400D4E7D4F8A430002BD0D02B44C4F84F
:10ECD000A430CCE75B1BC4F8B030A3B9D4F89830AB
:10ECE00004F1B0020833C4F89830D4F89C3004F131
:10ECF0009C01013BC4F89C3004F198000FF029FD01
:10ED0000C4F8AC00C0E7D4F8AC30002BBCD02B4426
:10ED1000C4F8AC30B8E700BFD40800207FAB0300D4
:10ED20002DE9F04198468B880E4699040746154612
:10ED3000046900F182804FF0FF324FF0FF3304F19D
:10ED40006C0005F0E1FE2666002D7FD1C4F89050DE
:10ED50000023C4F8943004F1A80204F1940104F1F2
:10ED600090000FF0F6FC0546C4F8A400B8F1000FBF
:10ED700074D1C4F898800023C4F89C3004F1B00228
:10ED800004F19C0104F198000FF0E3FC00231A4603
:10ED9000D4F894C0C4F8AC00C4F88C30624566D195
:10EDA00000221146D4F89CE0714568D193422CBFF3
:10EDB000C4F8A030C4F8A02015B1D4F8A8302BB9FD
:10EDC00000286FD0D4F8B030002B6BD031463846D5
:10EDD00000F06EF8054610BB04F15C08E66504F12E
:10EDE000B405284605F0B6FE384630490FF0F8FD68
:10EDF0004FF0FF324FF0FF33284605F085FE3146D5
:10EE000038460FF0EEFD38460FF029FD40460FF072
:10EE100000FD054600283BD1B3889A040AD4E36D6F
:10EE200013B19B889B0405D40023236604F16C0076
:10EE300005F036FE2846BDE8F081636F002B7FF4B5
:10EE40007AAF236E9E427FF476AF7DE72B68C4F8DD
:10EE50009030002B3FF47CAF6B687AE7D8F8003035
:10EE6000C4F89830002B86D0D8F8043084E7D4F862
:10EE7000901001EBC201496801320B448EE7D4F8CF
:10EE800098C00CEBC10CDCF804C0013162448BE784
:10EE900010F1740FC3D138460FF0DBFD40460FF080
:10EEA000B8FCBCE76FF01505B9E700BFD3E8020076
:10EEB000F0B58BB00569034695F828200C4600AFE5
:10EEC0000AB3E96A226891421DD1296B62689142B6
:10EED00019D195F84020207D904214D1B5F8441006
:10EEE000228B91420FD16A6BA168F0B191420AD195
:10EEF000AA6BE1684A4032F47F4204D1E96B22698F
:10EF0000914200F0C380A28812F4006112D06248DE
:10EF100003685B0703D00121604A0BF076FA6FF0BB
:10EF2000850630462C37BD46F0BD9142EBD1A96B2A
:10EF3000E268E5E7D6071AD557480268540713D0A8
:10EF40006C4688B01B686A46554DCDE905534FF4B1
:10EF50000073ADF81C30534B42F8103F0B464FF492
:10EF6000E251EFF7F7FCA5466FF01506D9E712F06E
:10EF7000080608D0484803685907F5D04A4A0121D5
:10EF80000BF043FAF0E702F4FC61B1F5807F05D0A5
:10EF9000414803685A07E7D0444AF0E720684449EB
:10EFA000884205D83C4803685B07DDD0414AE6E764
:10EFB00029685868D1F80016B1F1FF3F10D012F05F
:10EFC000020201F01F0CDFF8F0E04FEA51113FD1CF
:10EFD00002295DD801225EF8211002FA0CF28A6043
:10EFE0004FF0FF32FA60827F2168BA7482699142E1
:10EFF00094BF79617A61A288960702F0040130D546
:10F0000000290CBF02210321C2F300127A764FF0CF
:10F01000FF32FA6190F82020397687F8202001220B
:10F0200087F8232087F8242095F82820DAB139467C
:10F03000284611F032FA0646D8B1174803685B0734
:10F040003FF46FAF012133461C4A0BF0E7F968E744
:10F0500002291FD801225EF8211002FA0CF24A6040
:10F06000BEE78908D0E739462846154A11F0F4F979
:10F07000E1E705F12C0304F11C0254F8041B94424F
:10F0800043F8041BF9D1012385F82830002648E70E
:10F090009260FFDE7660FCE7D4080020ADAB030091
:10F0A000C7AB030003000001E9AB030008AC030099
:10F0B00047E8010037AC0300AC49030068AC03002B
:10F0C000ABE9020070B4104CD4E90015501A63EBA0
:10F0D0000506400940EAC6602026E0FB0615C4E9A3
:10F0E0000015002400250949C1E90023084BC3E9A4
:10F0F0000045EFF31181402383F31288BFF36F8F34
:10F1000070BC06F097BD00BFE0240020C82400209A
:10F11000D824002008B500220121E420F3F78EFD59
:10F12000164A0020D2F8183723F44033C2F81837B3
:10F1300004F080FD002820DB0120114904F006FEC8
:10F1400000281ADB04F050FD0E4B20F01F00C3E92D
:10F1500000010D4B0022C3E900014FF0FF304FF0DA
:10F16000FF310A4BC3E90001094B0A49187A04F040
:10F170004BFD67220020084B1A6008BD00200E508E
:10F18000E8060020E0240020C0240020C82400203D
:10F19000E0060020C5F001008C3E002008B504F018
:10F1A00023FD064AD2E90032C01A054B61EB020189
:10F1B000C3E90001400940EAC16008BDE024002025
:10F1C000D824002010B504F011FE0120FEF7FAFD4E
:10F1D0000AF0A8FBBDE81040054B064A1B684FF437
:10F1E0007A70B3FBF2F35843034B43F00103184723
:10F1F0002807002040420F0070370300F7B5224B6C
:10F200000146224F187A224BD7E90056D3E9002352
:10F210009E4208BF954211D1B1F1806F0ED24901D3
:10F22000012938BF012101224D1946F10006C7E925
:10F23000005603B0BDE8F04004F064BE154BDFF8A3
:10F2400058C0D3E90043DCE9002CA41843EB0C0CB4
:10F250004FF0200E22466346C1FB0E23954276EB0B
:10F260000301C7E900230DD2291B66EB0C04C82952
:10F2700074F10004B4BF01210021009104F00CFEE0
:10F2800003B0F0BD0021F8E7E0060020D024002004
:10F29000C8240020E0240020D8240020034630B4F5
:10F2A0000C46DA88006802F040021979224383682C
:10F2B0009C6984B1130207D5012305698B402D6831
:10F2C0002B4218BF82F0C062054BA44630BC1340ED
:10F2D00002F0B07260476FF0570030BC704700BF5B
:10F2E000400000062DE9F84307460026154DDFF8DB
:10F2F0005880DFF85890CFB12968414519D0494569
:10F300000CBF4FF098614FF0E8612846FFF7C6FF49
:10F31000044688B10E4803685B0704D001212346E8
:10F320000C4A0BF07BF82046BDE8F8834FF400113F
:10F33000EBE74FF09861E8E70136042E05F1080588
:10F34000D9D1F0E7D849030008230300282303009C
:10F35000780800209AAC030008B5054803685B07ED
:10F3600002D004490FF003FC6FF0150008BD00BF88
:10F3700078080020BAAC030038B5EFF311854023BC
:10F3800083F31288BFF36F8F114C2378D3B9114BDD
:10F39000984202D0104B98420DD10020FFF7A2FFF7
:10F3A00030B10E4803685B0702D00D490FF0DFFB58
:10F3B00000220C4B1A700123202223700A480023DC
:10F3C00005F016FE85F31188BFF36F8F38BD00BFBF
:10F3D000DF4E0020082303002823030078080020C4
:10F3E000D5AC0300DE4E0020E824002008B5044818
:10F3F00003685B0702D003490FF0B9FB002008BD8A
:10F4000078080020F1AC03002DE9F74300244FF009
:10F4100001082546114E30683779D0F8109083687E
:10F4200001A95B689847002807D00EDAFFF7DEFFD6
:10F430000024204603B0BDE8F083D9F80020019BEA
:10F4400008FA07F753403B4202D008FA05F31C4381
:10F450000135042D06F10806DDD1EAE7D84903009D
:10F460002DE9F041074688460025114E27FA05F29E
:10F4700012F0010213D128FA05F3D90711D5317919
:10F4800030680FF064FB044658B10A4803685B0714
:10F4900002D009490FF06BFB2046BDE8F081012244
:10F4A000EDE70135042D06F10806DFD10024F3E76E
:10F4B000B84903007808002006AD03002DE9F041AB
:10F4C000344F3B786BB10020FFF70CFF40B132485E
:10F4D00003685A075CD03149BDE8F0410FF047BBE3
:10F4E0003870FFF791FF04462D4BD3E8EF2FC3E8A8
:10F4F000E14F0029F9D12B4BDFF8AC801A7842BBE1
:10F50000D8F80060A64219D0284B66401B680BB1A2
:10F51000314698474FF0FF334FF0FF32244805F053
:10F52000CBF9244B1D6835B1043D2B68314620468C
:10F5300098476D68F7E71E4805F030FAC8F80040B4
:10F5400054B1BDE8F04140F2391200231A4805F0E9
:10F550004FBD00221A70F1E7EFF31186402383F3C9
:10F560001288BFF36F8F154B1D78012D05D12846EA
:10F570001C70FFF7B7FE04463D7086F31188BFF399
:10F580006F8F2CB1044803685B0701D00C49A3E7D7
:10F59000BDE8F081DE4E0020780800201CAD03009D
:10F5A000C03E0020D4070020943E0020C43E00202E
:10F5B000983E0020AC3E0020E8240020DF4E0020D2
:10F5C00035AD030070B500250D4E4FF400313046C7
:10F5D0000FF0A8FA044640B10A4803685B0702D05E
:10F5E00009490FF0C4FA204670BD0135042D06F11B
:10F5F0000806EAD1BDE870400F21FFF731BF00BF18
:10F60000B8490300780800204DAD0300054BD3E84E
:10F61000AF3F00B10360044811B102685A400A606C
:10F6200003607047C03E0020903E00202DE9F84363
:10F630003A4B18603A4D3B4811F037F92E460027F7
:10F64000A846F388304613F0010F0CBF202110218B
:10F6500041F480310FF066FA044648B1324803683D
:10F66000590702D031490FF082FA2046BDE8F883ED
:10F670000137042F06F10806E3D1064607464FF08E
:10F6800001094FF400112846FFF708FE044628B18F
:10F69000254803685A07E8D02549E4E72B79013764
:10F6A00009FA03F3042F46EA030605F10805E8D139
:10F6B0000546204F204BC7E9013658F835008368CE
:10F6C000DB6953B1012239469847044640B11648D8
:10F6D00003685B07C9D01949C5E76FF05704F6E71F
:10F6E0000135042DE9D11649164811F05CFA0122C2
:10F6F000154B14481A700023002205F045FC2146E2
:10F700002046FFF783FFFFF77FFE104BD3E8EF2F74
:10F71000C3E8E10F0029A8D0F8E700BFC43E0020ED
:10F72000D8490300983E00207808002067AD030008
:10F7300084AD0300B43E002079F301009FAD0300C7
:10F74000BDF40100E8240020DF4E0020C03E002070
:10F7500003280A4610B505D9FFF7FEFD6FF0150422
:10F76000204610BD094B03EBC001097953F8300066
:10F770000FF0EDF904460028F2D0054803685B0756
:10F78000EED004490FF0F3F9EAE700BFB8490300EF
:10F790007808002006AD030002460B46014805F03C
:10F7A0008BB800BF480A0020014805F0F7B800BF39
:10F7B000480A002030B50D4604468BB030B31029FE
:10F7C00024D9082108A8FFF7A3F8082821D19DF81B
:10F7D0002730294606939DF82630204605939DF84C
:10F7E00025300D4A04939DF8243003939DF823306F
:10F7F00002939DF8223001939DF8213000939DF8EB
:10F80000203008F0FFFE00200BB030BD6FF0150077
:10F81000FAE76FF00400F7E7C7AD030001490248BB
:10F8200011F090B9CC3E002000300020094B93F835
:10F830000031042B02D1810709D47047022B02D179
:10F84000020704D47047082B03D1830601D5FFF7C4
:10F85000E5BF7047E04E002010B403460A46034857
:10F8600081680C681946234610BC184768230300BA
:10F870002DE9F04188B0064600AF3B480D463B4CB1
:10F880003B4911F043F907F10C00E9F794FA2368BA
:10F8900003F00703022B14D9E84688B06A46354BBB
:10F8A0000593354B06934FF40073ADF81C30334B82
:10F8B00042F8103F3249204607F10C03EFF74AF8AF
:10F8C000C546304810F013FF70B92368590704D0BB
:10F8D00001212D4A25480AF098FD6FF012042046B8
:10F8E0002037BD46BDE8F081284B381D7B60E1F72D
:10F8F000A5FA034650B12268520704D00121244AD8
:10F900001A480AF08BFD6FF01504E8E74FF0FF305E
:10F910004FF0FF31FFF740FF04460028DFD11D49BB
:10F920001D48E0F7E1FE044610B1FFF73DFFD6E7C2
:10F9300041F64C5307F10800BB60E2F7FBFA20B137
:10F94000FFF732FF6FF08504C9E7012338463B70AB
:10F95000EAF721F90028F3D1FFF726FF33690F48B2
:10F960001D60F4F7D1FCBAE7CC3E00205C08002013
:10F9700027EC0200F0660300E8AD0300030000017D
:10F98000C01C4001682303000FAE030059F80100BA
:10F990002FAE03001825002091FA01002DF8010078
:10F9A00030B5364887B0E0F723FE002862D1344CEA
:10F9B000344DAC4257D30124E0F7D4FEE0F7DEFE2D
:10F9C000E9F7FBF9E9F7FBF9E9F7FBF90221002078
:10F9D00003AA8DF80C40E0F739FE00284ADB082323
:10F9E0000721002003AAADF80C30E0F72FFE002815
:10F9F00040DB4FF0FB13039340F20323032100206D
:10FA000003AAADF81030E0F721FE002832DB042114
:10FA1000002003AA8DF80C40E0F718FE002829DB2F
:10FA20001F230621002003AAADF80C30E0F70EFEDC
:10FA300000281FDB40F6E42398421DD9124D2A68A6
:10FA4000520705D0114A0090214628460AF0F0FCE2
:10FA5000002383F31188BFF36F8F0423184602DF5E
:10FA60006FF00B0006E063680BB90834A1E7984714
:10FA70000028FAD007B030BD0020FBE71DFC0100D4
:10FA800030D1030030D103005C08002053AE0300E6
:10FA900073B5534C94F80031002B30D094F80031FA
:10FAA000042B62D120783E283CD1A678A6F1020C26
:10FAB000DCF1000646EB0C066378FF2B34D1494895
:10FAC00003685D0712D04FF48073009340F2011376
:10FAD0000121454A0AF0ACFC424803685B0705D0A7
:10FAE0006FF00B030121414A0AF098FC002383F3D5
:10FAF0001188BFF36F8F0423184602DF1DE04FF01B
:10FB0000FF304FF0FF31FFF747FE48B9204604F5BC
:10FB1000807100F0C5FB0546FFF746FE002DBDD005
:10FB200002B070BD0026C7E7002200233146F4F77B
:10FB3000F5FB054648B9002EF2D0002384F80031C9
:10FB400002B0BDE87040FFF769BE61780C30023149
:10FB50000CF04BFA627822490232ECF7ECF92946B4
:10FB6000234B1B6823489847E7E7022B15D1002257
:10FB700000230820F4F7B0FB06460028D0D06588A3
:10FB80000435B5F5807F14D9164803685907ADD000
:10FB90004FF4807300932B469AE7082B16D100226E
:10FBA00000232020F4F798FB658806460028E7D15B
:10FBB000B6E7294606F10C000CF017FA08492A4668
:10FBC000ECF7B9F90A4B31461B68CBE705480268E8
:10FBD0005207B2D00121084A0AF020FCADE700BF6D
:10FBE000E04E00205C08002076AE0300D0AE03009B
:10FBF000C83E0020A823030097AE030010B50C46B2
:10FC000012F020FA30B948F2570303489C4218BF5B
:10FC1000002010BD0020FCE7FDAE03002DE9F041FF
:10FC2000002584B000AF3C1D264E7D600A22656031
:10FC3000C4F8075039600146204612F03DFA336897
:10FC40005A0716D0E8468AB08AB03B686A460793DE
:10FC50004FF400731C49ADF820301C4BCDE905145E
:10FC600042F8103F4FF411512B463046EEF772FE2A
:10FC7000C54620463968FFF7C1FFB0B133685B075E
:10FC800013D06C4688B06A46114BCDE905304FF46D
:10FC90000073ADF81C300F4B42F8103F00234FF4B7
:10FCA000E2510848EEF756FEA546002383F311887B
:10FCB000BFF36F8F0323184602DF1037BD46BDE840
:10FCC000F08100BF5C08002018AF030004000001B1
:10FCD00041AF0300030000012DE9F3479D4E0446A8
:10FCE0003578002D40F0D58204238DF807309A4BEB
:10FCF0000788D3F80080B8F1000F1ED00DF106037D
:10FD00000DF10702711CC0470346DFF85082DFF88F
:10FD100050A2D04513D3012B40F03681B7F5105FC8
:10FD20004FEA97221ED202B3013A072A1DD8DFE814
:10FD300002F0311C4D90D71C1CE60123E5E7D8F8F2
:10FD40000090B9F1000F0AD00DF106032046854955
:10FD50000DF10702C8470128034640F0158108F15C
:10FD60000808D6E73F2A00F0B28142F264029742C7
:10FD700000F2778242F21902974200F2658242F263
:10FD80000C02974217D9A7F500520D3A41F24125CE
:10FD900092B253E2204640F2064130F9032B8A42E8
:10FDA00006D040F21D418A42DFD1E1F7EDFE01E0CD
:10FDB000E1F774FE034640F21D4540F20642AF42B1
:10FDC00018BF974214BF01250025D9E0204640F610
:10FDD000634130F9032B8A422FD00DDC40F60341FA
:10FDE0008A421ED040F62D418A421DD040F6014184
:10FDF0008A4212D00125C3E040F67B418A421FD0DF
:10FE000040F67C418A42F5D19DF8073056490233CD
:10FE10008DF80730E9F74EFE01E0E0F7EDFC034610
:10FE2000E8E7E8F7BFFFFAE79DF807304E490333EC
:10FE30008DF80730E9F7ADFCF1E7E0F7EFFCEEE70E
:10FE40009DF80730484904338DF80730E9F723FE61
:10FE5000E5E72288A2F58052013A082ACAD801A112
:10FE600051F822F089FE01009BFE0100AFFE010067
:10FE7000F5FD0100F5FD0100F5FD0100F5FD0100B6
:10FE8000F5FD0100CFFE01009DF80730364808332C
:10FE90008DF80730E9F76BFCC1E79DF80730324871
:10FEA00040338DF807300EF0C0FE0023A2E7002299
:10FEB0009DF8073008338DF807302B4B1A605A60D5
:10FEC000F37A23F0600343F06003F372EDE79DF8EB
:10FED0000730254806338DF80730E9F78DFC9EE79B
:10FEE00041F205422188914284D19DF807301E4994
:10FEF0000333E01C8DF80730E9F70BFE8FE720464F
:10FF000042F2320430F8032B11B2A1422EDCB1F5DB
:10FF1000005F30DDA2F50052013A312A2BD8DFE82C
:10FF200002F0484C552A5E612A64676A2A2A2A2A06
:10FF30002A2A2A2A2A2A2A6D70792A828B942A2A26
:10FF40002A2A2AA92AB22A2A2A2A2A2A2A2A2A2A0A
:10FF5000B5BEC7CAE14F0020DC3E002030D103000F
:10FF600030D10300E24F0020E84F002042F24B0264
:10FF7000914200F0A38042F2640297427FF4F5AE12
:10FF800085F001058DF806509DF8062012B9012B69
:10FF900040F075810F22F3707270012304223371D7
:10FFA000B270A6F8057001230020337002B0BDE8DE
:10FFB000F087E0F73DFC0346DDE79DF80730B648E3
:10FFC00003338DF80730E1F75FFDF4E79DF8073064
:10FFD000B14808338DF80730E9F7EBFCEBE7E9F7B8
:10FFE00027FCE8E7E1F7A8FEE5E7E9F70FFDE2E720
:10FFF000E9F7E7FCDFE7E1F7F9FEDCE7E9F7CAFC40
:020000022000DC
:10000000D9E79DF80730A44910338DF80730E9F798
:10001000EAFBD0E79DF807309F4808338DF807309A
:10002000E9F7B1FBC7E79DF807309B4902338DF82C
:100030000730E9F710FDBEE79DF807309649023317
:100040008DF80730E9F718FDB5E79DF8073008335C
:100050008DF807308F23F371CC2333723023737202
:10006000EC23B372C023F372012333730023737341
:10007000B37380E79DF80730874902338DF8073066
:10008000E9F7E3FB97E7E1F737FD94E79DF80730E1
:10009000814808338DF80730E9F7DAFB8BE79DF8E4
:1000A00007307D4904338DF80730E9F7E1FB82E73B
:1000B000E1F73AFD7FE7E9F736FC7CE79DF807308A
:1000C000754802338DF80730E9F77CFB73E720466B
:1000D0004FF60C5130F8032B8A4247D84FF60251A5
:1000E0008A4225D802F2FF3189B20A293FF63DAE95
:1000F000A2F57C42013A0A2A3FF637AE01A151F837
:1001000022F000BF85010200990102006BFD010091
:100110006BFD01006BFD0100F10102006BFD0100B0
:100120006BFD0100CD010200DF010200F7010200BA
:10013000A2F57D42033A092A3FF617AE01A151F814
:1001400022F000BF090202006BFD01000F02020055
:100150006BFD01006BFD01006BFD0100150202004B
:100160006BFD01006BFD01001B0202004FF61451F4
:100170008A4255D04FF616518A427FF4F6ADE1F728
:10018000E1FE07E09DF8073043480C338DF8073057
:10019000E8F719FE034613E09DF807303E4A403366
:1001A0008DF8073000231380F27922F0230242F009
:1001B0002302F271327A22F0070242F00702327211
:1001C0004FF6025227F00805AD1A55E09DF80730AA
:1001D000314817338DF80730E8F710FEDAE79DF85D
:1001E00007302D4820338DF80730E8F72BFED1E794
:1001F000E8F702FECEE79DF80730274801338DF877
:100200000730E8F73CFEC5E7E9F7C5FCC2E7E1F7D0
:1002100091FEBFE7E8F749FEBCE7E9F7A5FCB9E7BF
:100220009DF807301C4904338DF80730E8F741FE8C
:10023000B0E7A7F50152283A184D92B2D54005F023
:10024000010585F001059BE642F2320297423FF438
:1002500097AEA7F50155033D012D94BF002501255B
:100260008EE642F285029742AAD842F2670297428E
:10027000DFD842F266057D1B18BF012580E69DF898
:1002800007200E21B27001227170F270B780B37135
:1002900089E64FF0FF3089E6E84F00202F804020AC
:1002A00038B5094C0D4623781BB9BDE83840E8F74E
:1002B000E9BEA278611C023211F096FE00200423F0
:1002C00020702B7038BD00BFE14F002070B505468F
:1002D0000E46084C204610F00AFA38B1A3682946A9
:1002E0002046B2B21B68BDE8704018476FF012009C
:1002F00070BD00BF682303004FF40071014806F091
:1003000059B800BF29500020322337B50125ADF878
:10031000043000231C216846134A8DF80630ADF8DE
:1003200000508DF80230E8F773FA0446C8B90DF0B2
:1003300059FE80B2E6F774FF29460C48EBF75CFDE6
:10034000044670B901462A468520F2F777FC2A4612
:100350002146E520F2F772FC2A4621468A20F2F770
:100360006DFC204603B030BDB9030200E43E00201E
:100370000149024810F0E6BB483F00200030002051
:1003800038B50C4611F05EFE0A4B002219461D6876
:10039000854207D15D68A54204D10C2303FB0211FD
:1003A000886838BD0132062A03F10C03EFD1002022
:1003B000F7E700BF104A03002DE9F0434FF00008B3
:1003C00085B000AF3B1DC7F804800A22C7F808803B
:1003D0000446C7F80B800D4639600146184611F0F7
:1003E0006BFE214E03463268520715D0E9468AB0AB
:1003F00039686A461D480791CDE905034FF400733B
:10040000ADF820301A4B42F8103F4FF411514346DB
:100410003046EEF79FFACD4629462046FFF7B0FF5B
:10042000B0B133685B0713D06C4688B06A46114B95
:10043000CDE905304FF40073ADF81C300E4B42F897
:10044000103F00234FF4E2510748EEF783FAA54628
:10045000002383F31188BFF36F8F0323184602DF55
:100460001437BD46BDE8F083A408002088AF030020
:100470000400000141AF0300030000010122054B0D
:1004800005491A63A3F54323D3F818050860C3F898
:100490001825704700E01050443F00200122044B13
:1004A0005A63044B1A68044BC3F81825704700BF01
:1004B00000E01050443F002000B0045070B586B0FA
:1004C000112101A8FFF776F9234D044611220028D7
:1004D0003CD0224E2846224911F0EEFD336813F03D
:1004E000070321D16B740EF018FCEEF7C7FE1D4810
:1004F000EEF740FD034638B118480268520703D0B2
:100500000121194A09F08AFF1848EEF769FD041E17
:1005100007DC124803685B0703D00121144A09F085
:1005200074FF204606B070BD012123463046114AB3
:1005300009F074FF00236B7433685907D3D001218D
:10054000234630460C4A09F069FFCCE7284601A94A
:1005500011F0B2FD6C74C6E7295200209808002003
:10056000DDAF0300FFC0030031B0030014580300E7
:1005700065B00300E5AF030004B00300044B036063
:10058000044B4360044B8360044BC360704700BF5F
:100590002952002090B0030095B003009BB00300E7
:1005A0002DE9F04184B000AF804610F04CFB0546C9
:1005B00008B103784BB943460B21234A381D08F094
:1005C00021F81037BD46BDE8F081204B1C68002C97
:1005D000F7D02022294654F8080C11F05BFD083CA6
:1005E000064608B1A468F2E74046391D10F039FB11
:1005F0000346C8B11648026812F0060FE1D06C46F7
:100600008AB06A4607934FF400731249ADF8203060
:10061000114BCDE9051542F8103F4FF41251334606
:10062000EEF798F9A546CCE7796860680FF0E2FA32
:100630000028C6D0064803685B07C2D00121074ADC
:1006400009F0E3FEBDE700BFB18B0300583F002077
:100650009C080020B3B0030004000001DAB00300DE
:100660000021014805F002BAA1050200034602215B
:10067000014A024809F0D2BE12B10300B4080020BA
:1006800028B1022806D10420064B1B681847054BE9
:100690001B68FBE7044B1B6813F0060F01D0FFF744
:1006A000E5BF7047603F0020B4080020014B0220E6
:1006B0001B681847603F002028B1012807D100209F
:1006C0000349E6F7BFBC034B02201B68184770477D
:1006D00081060200603F0020014B18600020704737
:1006E000603F002010B51D48D0E8AF3F23B9062970
:1006F00004D8042926D839B1002010BD0729FBD120
:10070000383804F0CDF9F7E750F8203CA0F1380470
:10071000D3E900209047012808D0114B984203D01C
:100720000223606384F82C300E48E6E742F210732F
:10073000A362032384F82C3004F11C0384F8210005
:100740002363F1E700F8173C074BA0F11C0140F8C8
:10075000103C3838007CEBF790FBCDE79C3F002045
:100760001F646602903F0020FF3F420F01220021DC
:10077000014810F043B900BF643F0020014B5861AD
:10078000704700BF643F002070B54FF0FF31054651
:100790004FF0FF30FFF700F831493248E7F7A6FF86
:1007A0000446FFF701F8002C0BDA2F4803685A07BC
:1007B00004D0012123462D4A09F030FE6FF00B00D2
:1007C00070BD40F201132A4C002223846369A561A5
:1007D0006433636242F21073A3626FF07303227793
:1007E000636304F13805D5E8EF3FC5E8E12F002940
:1007F000F9D14FF0FF314FF0FF30FEF7CDFF04F19C
:100800001C01207CEBF739FBFEF7CEFF00232046CE
:10081000184A04F079F900282E460EDA12480368C7
:100820005B0703D00121144A09F0EFFD0123D6E84C
:10083000EF2FC6E8E13F0029F9D14FF0FF314FF02B
:10084000FF30FEF7A9FF207CEBF7F9FAFEF7ACFFCB
:10085000D5E8AF3F13B1064804F07CF9606BAFE711
:10086000743F0020E5060200840800203EB103002A
:10087000643F00200E720B00EFB6030010B50C2988
:10088000036915D118680C4C80EAE0730028A3EBCB
:10089000E0734FF000004FEA930103F0030304FB01
:1008A00003F3BDBF49425B4211601160536010BD4C
:1008B0006FF08500FBE700BF90D00300002307B571
:1008C00001A8019301F044FA38B90120064901F06A
:1008D00077FF002003B05DF804FB0120019A034973
:1008E00001F06EFFF5E700BFC3360300D836030002
:1008F00008B50120034901F063FF02F06BFA002004
:1009000008BD00BFF336030008B50EF04FFA4DF6F0
:10091000AD61044B04481B68C3E900014FF0FF3090
:1009200008BD00BFEC0600200000EFBE08B5024B7A
:1009300098474FF0FF3008BDADDEEEEE08B5024B34
:1009400098474FF0FF3008BD0100006040F6AD3120
:10095000034B04481B68C3E900014FF0FF307047A8
:10096000EC0600200000FECA012808B50B4606DC94
:100970000320094901F024FF4FF0FF3008BD002299
:100980005868114607F0DCFE04490346026801205E
:1009900001F016FF0020F1E729370300403703007C
:1009A0000B4B1A78022A05D0032A01D15B682BB9B8
:1009B000002070475B681A680C32134403F114027C
:1009C00053F8041B934240F8041BF9D101207047EF
:1009D000644A030010B590B06846FFF7E1FF30B9F4
:1009E0000120184910B0BDE8104001F0E9BE2922ED
:1009F000002105A811F01EFB00246A4605A812F884
:100A0000013B013419099F2B03F00F0394BF3031D0
:100A10005731092B94BF30335733142C0170437076
:100A200000F10200EBD1084A08481178084A05ABEA
:100A3000022918BF02460120064901F0C1FE10B08C
:100A400010BD00BFA7B10300644A03009EB10300BC
:100A50009AB10300BDB103001FB510220021684602
:100A600011F0E8FA6846FFF789FD114C009A012061
:100A7000002A08BF22460F4901F0A2FE019A012078
:100A8000002A08BF22460C4901F09AFE029A012072
:100A9000002A08BF2246094901F092FE039A01206C
:100AA000002A08BF2246064901F08AFE04B010BDA4
:100AB000CDB10300D4B10300DCB10300E8B1030001
:100AC000F7B1030010B5054CA36933B19B68984793
:100AD000D0220021204611F0ADFA10BDE8300020F0
:100AE0002DE9F041144F0346B8690E461546F0B1A2
:100AF000F9699A188A4219D8BC6C9C4214D9E41A34
:100B0000AC4228BF2C464C3322463046F91811F02F
:100B10006BFA2D1B0DD000202644BB692A463146B6
:100B2000BDE8F0415B681847181BF6E70020BDE8F8
:100B3000F0810120FBE700BFE83000202DE9F04103
:100B40003A4C0646A56986B04DB9DFF8E48058F8FE
:100B5000047B7FB33B683748984758B3A761684622
:100B6000354A364980230EF058FD05216846314A42
:100B70000EF04EFAC8B1042168460EF06CFDA0B12B
:100B8000042168460EF09FFD01216846E26B0EF0DD
:100B900016FA50B1022168460EF05DFD28B1684694
:100BA000616B0EF094FD00283ED10320244901F032
:100BB00007FE05E00135042DC9D1A369002BCED174
:100BC00000252DE0236B684653F825100EF062FDDA
:100BD0000028EAD00135636B9D42F3D303216846B8
:100BE0000EF039FD0028E0D06846216C0EF052FD71
:100BF0000028DAD0042168460EF02DFD0028D4D05C
:100C00006846A16B0EF042FD05460028CDD068462F
:100C10000EF019FD0346A26BA0641344E361336038
:100C2000284606B0BDE8F0810025D4E7E830002072
:100C3000B43F00200831002034310020EDF60200DE
:100C400006B2030070B5502906460C469EB001D985
:100C500000F034FF114B2146B3F803205B79304696
:100C6000ADF804200DF107028DF8063001F028F8E8
:100C700003230234B4FBF3F43A22A40001ADE318D9
:100C8000EA5404F178030DEB03040023284604F82A
:100C9000703C02F0C1F91EB070BD00BF58370300B0
:100CA000F0B50D461446064685B088BB1A4A137A3D
:100CB000527A8DF80C301AB163F07F038DF80C3046
:100CC000012C274628BF012728463A4603A911F0E0
:100CD0008BF900203D44E41BE4B10F4F2246FB6832
:100CE00029465B689847A8B93B7A324600930320AF
:100CF00023460A4901F064FD102C22464FF0EF0113
:100D000028BF1022284605B0BDE8F04011F092B986
:100D10000138E1E705B0F0BDC43F00205BB203003D
:100D200008B528220021034811F084F9002000F0C2
:100D30000DFA08BDC43F00202DE9F84F05460C46CA
:100D40004FF0000A0126DFF85C80174F98F800B0DA
:100D50003B6806FA0BF21A4209D10AF1010ABAF10C
:100D6000040F08F10808F1D10020BDE8F88F98F8C9
:100D70000130D8F8049063B90020607084F800B0A6
:100D8000C4F804902846D9F8003098470028E4D0E9
:100D9000EBE7484600F0DAF90028EDD0DFF80C90D8
:100DA000EBE700BF844A0300F0060020A44A0300DA
:100DB00070B50C46014600B12CB9114A1149032007
:100DC00001F0FEFC02E0104D2B780BB9002070BD45
:100DD000224605F1100026680EF043FA236813B985
:100DE00032460A49EBE730B9EB689B689847FFF752
:100DF00097FF0120EBE7287E0130C0B2E7E700BF94
:100E0000E0C4030094B20300C43F0020ADB203006D
:100E10002DE9F0430D4687B000B141B90320204AC7
:100E2000204901F0CDFC002007B0BDE8F0831E4C46
:100E300094F80090B9F1000F28D10DF1040807785B
:100E400041466846FFF778FF10B9C5E90000EAE7B8
:100E500006AB98E80300282203E903004946204630
:100E6000009E11F0E7F823460122039603F8042BB5
:100E700006AA12E9070083E807000C4B013604F1CB
:100E800010002661636127760EF081FAD4E907230A
:100E9000003B18BF012301202B706A60C4E700BF2C
:100EA000C6C4030094B20300C43F0020A10C02009A
:100EB0001FB5054B187818B902A901A8FFF73CFF28
:100EC00005B05DF804FB00BFC43F00207FB50023E0
:100ED00005460E4601A802A98DF80430FFF798FFD9
:100EE000044650B131462846FFF762FF012802460A
:100EF00004D00320034901F063FC0024204604B021
:100F000070BD00BFDCB20300084B93F83C20012AFF
:100F100002D1D3F8C4007047D3F8C010D3E906203B
:100F2000914224BF4018801A704700BFEC3F002058
:100F300010B5CC220021044811F07CF8BDE8104027
:100F4000024B1B689B681847EC3F0020B84000200C
:100F50002DE9F843244D07462C7C8846D4B1D5F8BA
:100F6000C030AC699C4218D9E41A8C4228BF0C46A8
:100F70001133E918224611F037F8D5F8C030B8EB34
:100F800004082344C5F8C03008D1D5F8C83023443C
:100F9000C5F8C8302046BDE8F8830024A9692A6A4C
:100FA00001EB0209A9EB0306464528BF4646FFF7B9
:100FB000ABFF0E4B39191B6832465B689847D5F872
:100FC000C030344433444B4502D0C5F8C030DCE770
:100FD0000021012314220648C5F8C01085F83C30D2
:100FE00011F028F8D1E700BFEC3F0020B840002006
:100FF000FC3F00202DE9F74FDFF884900190D9F8ED
:10100000003020481B689847074690B11E4DAC68D9
:101010006CB94FF0010B05F13D0A6E68A6420CD188
:10102000EC68302200211948AC6011F003F8019BF4
:101030001C60384603B0BDE8F08F361B802E28BFF9
:101040008026D9F800303246514620465B689847E2
:101050004FF00008A6EB08020AEB08010B480EF05F
:1010600080FB80444645F5D1A96B6A68914204D162
:1010700006480EF074FB85F83CB04444CDE700BF51
:10108000B8400020F03F0020EC3F0020F83F002057
:1010900038B50A460C46014609480EF062FB054683
:1010A00014B907480EF05BFB064BD3F8C4202A4462
:1010B000C3F8C4201A7C12B1022283F83C2038BD48
:1010C000F83F0020EC3F00202DE9F0411C4F0D4679
:1010D000D7F8C8301446984230D111462846FFF759
:1010E00037FF241A27D0DFF85C800544D7F8C430D6
:1010F0007E689E4208D100210846FFF7C9FF2146BD
:101100002846FFF725FF16E0F61A802E28BF802616
:10111000FFF7FAFED8F8003032465B680A49984774
:1011200031460948FFF7B4FF21462846FFF710FF74
:10113000241A0544DAD10120BDE8F0810020FBE744
:10114000EC3F0020B84000202940002038B5064D73
:1011500004462B68834205D0CC220021034810F0BE
:1011600069FF2C60012038BDB8400020EC3F002012
:1011700010B504480EF0F9F9044602480EF0E9F9FA
:10118000204410BDBC400020044AD06920B19369BE
:10119000126A1344A3EB4000704700BFBC4000201C
:1011A0002DE9F04F0446154685B0FFF7EDFF6319B2
:1011B00098420F4642D323490E6AB44212D2361BDC
:1011C000AE4228BF2E46243438462144324610F021
:1011D0000BFF0024AD1B37440026B046B3461DB9B3
:1011E00001202CE0A41BF7E702233146154803AA8F
:1011F000ADF80CB00EF01BF900B3BDF80C90023640
:10120000A9F1020909EB080AA24502D2D0464E44D0
:10121000EAE7AAEB0403AB4228BF2B46A6EB080182
:101220003A460848214401930EF001F930B1019B80
:10123000D0461F444E44ED1A1C44D0E7002005B0B0
:10124000BDE8F08FBC40002037B50D4C0546237C2F
:1012500063B101F011FD616955B120460EF06FF9DF
:1012600001F014FD0023074A2361536003B030BD31
:101270000223204601AAADF804100EF074F9EFE73E
:10128000BC400020CC40002070B504460D46084EFE
:1012900001F0F2FC21462A4630460EF05FF9044682
:1012A00001F0F4FC14B173692B447361204670BDE6
:1012B000BC40002037B5104C237C13B1002003B094
:1012C00030BD4FF6FF73ADF8043001F0D5FC0222BB
:1012D000204601A90EF042F9054601F0D7FC002D89
:1012E000ECD0064A04F1100392E8030083E80300FF
:1012F00020460EF02EF9E2E7BC400020EC3203005D
:1013000010B5094CA3696BB101F0B6FCA169204688
:101310000EF002F91422002104F1180010F08AFEE8
:1013200001F0B4FC10BD00BFBC40002070B586B019
:10133000064601F0A1FCFFF727FF044601F0A6FCDA
:101340001CB10120346006B070BD01F095FC022391
:101350006A4621461148CDE903440594ADF80040A2
:101360000EF065F8C0B14FF6FF72BDF80030934241
:1013700012D01C460123CDE90143094C01AD0FCD2C
:101380000FC42B68236001F081FCFFF7FDFE306085
:10139000003818BF0120D6E72346ECE7BC40002008
:1013A000D44000200A4608B5014607480EF029F847
:1013B000054A00211046C2E904111830142210F029
:1013C00039FE024808BD00BFBC400020B04A0300FF
:1013D00070B505460C4601F1080602233246216825
:1013E00006480EF024F840B12046A8472368627AE8
:1013F0000233134423600028EFD170BDF840002071
:10140000014B9868704700BFE8400020014BD86846
:10141000704700BFE840002070B50C4D04466E7860
:1014200016B90026304670BD0822002005F12001C3
:1014300000F07CFC2B8D8342F3D1D5E908232C21CD
:101440002560C4E90112E360ECE700BFE84000203A
:1014500010B5044606480EF088F82246BDE8104054
:1014600052F8081B0223411A01480EF07CB800BF55
:10147000F8400020034607B500685A7A0091811CA5
:1014800002480EF015F803B05DF804FBF8400020A8
:101490002DE9F04F424C9846637889B006461746CE
:1014A0000091002B76D0A378834273D804A801F072
:1014B0003BFC802F28BF802707EB800A5FFA8AFA5F
:1014C0000AF102058146EDB2B8F1000F01D001F03A
:1014D000D3FB34480EF03DF82D1A002D36DD31488F
:1014E0000EF043F8854228DC00F07EF9834620BBED
:1014F0000223002103AA2B48ADF80CB00DF097FF92
:101500009DF80C309DF80D103F2B8CBF6368A368CD
:1015100001F102018CBF5B1A013322488CBF63606A
:10152000A36001910DF0F8FF01996D1A002D0DDDFA
:101530001C480EF01AF80028DAD1A3680133A36022
:10154000B8F1000F26D001F0A1FB23E0E36806F01C
:101550000706013346EA09160222124802A9E3608F
:101560008DF808608DF809A00DF0F8FFB9F1000FB3
:1015700006D0069B04220B4803A903930DF0EEFF4F
:101580003A46009907480DF0E9FFB8F1000F04D181
:101590000DF049FC09B0BDE8F08F01F077FBF7E7EB
:1015A000E8400020F840002010B513460B4A0446DE
:1015B0005078A2B080B19278A2420DD80A4601A814
:1015C000812107F0F1FB021E06DD802A28BF802260
:1015D000204601A90DF028FC22B010BDE8400020F3
:1015E000F8B50C460646E8B1E1B10F4D6F78CFB9BA
:1015F0002C223946284610F01DFD4FF001132246DB
:10160000314605F110002B60C5E908640DF0F9FEC4
:101610000822384605F1200100F088FB28850120CA
:101620006870F8BD0020FCE7E840002070B5044673
:10163000064D38226E68002110F0FCFC44F8086B5F
:1016400005F108030FCB84E80F0070BDB83100200E
:1016500010B5002492B004A8029001940394FFF7FF
:10166000E5FF01A906480DF0D1FB01F005FB1822AA
:101670002146044810F0DEFC01F008FB12B010BD5A
:101680006BEE0200B831002070B54E680C4606F1D2
:101690000802062105460DF0BBFC08B9002070BD0C
:1016A000042128460DF0D7FF0028F7D031682846DE
:1016B00001EB41010EF00BF80028EFD00348214662
:1016C0000DF0A4FB96F83000E9E700BF21170200F7
:1016D00070B596B0144606460D463C22002107A878
:1016E00010F0A8FC002308A8019303930290CDE911
:1016F00004650694FFF79AFF4FF0FF3304AA0EA883
:1017000006490DF08AFF01A90EA8FFF7BDFF079853
:10171000031B5842584116B070BD00BF93EE020043
:1017200010B5446894F83120A2B9037A5B0613D44B
:101730000A49FFF79FFE94F8303080F0010018430B
:10174000636B84F8300020680133C01A18BF012091
:10175000636310BD0020FCE70120FAE7D9EE020028
:1017600070B50B4B04461D7892B06DB104AE304697
:10177000FFF75CFF0023074901AA0AA8CDE902632D
:1017800001930DF0F7FC2060284612B070BD00BF39
:10179000B83100208916020010B5114C86B02378AC
:1017A0008BB901AA03A90F48CDE9013303938B60DC
:1017B00004920DF02BFB019B2BB101F05DFA237815
:1017C0001BB101F063FA06B010BD2046012300F8FA
:1017D000083B01F0A9FA00B92072019B6360F0E7B1
:1017E000B83100204FEE0200014B1878704700BF5F
:1017F000B831002008B5104B1B68D3B119680F4AE7
:10180000914214D040220021184610F013FC5222BD
:10181000027042224270542282702122C27002223F
:1018200002714FF0FF32027242728272C272012064
:1018300008BD1846FCE700BF144100205242542165
:1018400030B50B4B1A680B4B956818806C1C4FF029
:10185000010402D05D801C7130BD58801C71906005
:101860000029F9D00B68D3604B681361F4E700BF1F
:1018700014410020544B002038B5114D0C4628600F
:10188000D0B10DF05BFBFFF7B5FFA8B1ACB122689A
:101890002B685A61A0880021FFF7D2FF4FF6FF7135
:1018A000084A53888B4208BF13881BB2002BDFBF46
:1018B0002A6853790133537138BD2046EBE700BFE6
:1018C00014410020544B002038B504460D46FFF764
:1018D00091FF38B120462946FFF7B2FF024B186846
:1018E0000DF02DFB38BD00BF1441002070B504463B
:1018F00008B9002070BDFFF77DFF0028F9D00B4B21
:101900001B6899685A694D1C01D1002AF1D0DE6824
:101910001D69DB79C4E9016503F1FF3CDCF10003DB
:1019200043EB0C032180E2602374E3E714410020C1
:1019300008B5FFF75FFF10B1014B1B68587908BD70
:101940001441002008B5FFF755FFA8B14FF0FF3252
:101950000A4B1B681A725A729A72DA720022DA7192
:101960001A735A739A73DA731A745A749A74DA740B
:101970001A755A759A75DA7508BD00BF14410020B2
:1019800008B5FFF737FF18B10122024B1B68DA7167
:1019900008BD00BF1441002040B1064B1A792AB19E
:1019A0005A881B8842800380002070474FF0FF3028
:1019B000704700BF544B002080B10A4A13796BB1C5
:1019C0004FF6FF7153888B4208BF13881BB2002B60
:1019D000CCBF002301230370002070474FF0FF307D
:1019E000704700BF544B002008B5FFF703FF30B12C
:1019F0000022034B1B681A765A769A76DA7608BD6F
:101A00001441002030B50A4D8DB001AC0FCD0FC48C
:101A100018222B680DEB02000021236010F00AFB56
:101A2000044901AA06A80DF0A5FB0DB030BD00BF0A
:101A3000F432030041EF020010B504468CB068B3E5
:101A4000184A194900F086F801A8FFF74FFF30B98E
:101A50000220164A164900F0B3FE002019E01822B1
:101A600000210DEB020010F0E5FA2146114A01AB0E
:101A700006A800F02FF870B9E36898470446FFF70E
:101A8000C1FF224603460C49022000F099FE6FF088
:101A900001000CB010BDFFF755FFDEE74FF0FF303F
:101AA000F7E700BFD5620300051A0200FDC403007A
:101AB000FDB2030041EF020019B303007246032098
:101AC00008B5034900F07CFE0DF079F90DF061FADC
:101AD00053B30300F7B51F460B680D460646144680
:101AE000984701AA03461649304601950DF095FD29
:101AF00039463046A047044630460DF0A4FDAB6899
:101B000084F001000F4DC0B298472A6854B91AB941
:101B100003200D4900F054FE2B6801332B60204652
:101B200003B0F0BD002AFAD00849012000F048FEB9
:101B3000074A296813680B4413600023EEE700BFCF
:101B400095EF02001C41002064B3030077B303004B
:101B50001841002073B5C3680E46154698470446E1
:101B6000B047844209D200902B4602202246044905
:101B700000F026FE002002B070BD0120FBE700BF90
:101B80009FB3030010B5044686B0182200216846B2
:101B900010F050FA064923466846064A0968FFF7DE
:101BA00099FF00280CBF6FF00100002006B010BDA7
:101BB0009041002091F102001C2200B58FB00DEB86
:101BC0000200002110F036FA02238DF81C304FF08D
:101BD000FF330122CDE908336FF000430021CDE946
:101BE0000A2301A8182210F025FA044907AA01A81F
:101BF0000DF0C0FA0FB05DF804FB00BF91F10200D8
:101C000010B5044640B1074A0749FFF7A3FF30B1BA
:101C10000020064B1C6010BD6FF00300FBE76FF067
:101C20000200F8E7D5B30300B91B02009041002081
:101C300010B5074C23680BB9002010BD201DFFF71D
:101C4000A1FF08B92060F7E76FF00100F5E700BFDA
:101C500020410020F8B5184B06461B6843B30DF031
:101C60009CF8E0B1154F33783A6812B16FF001007B
:101C7000F8BD3C46354644F8043B0FCD0FC495E80B
:101C8000070084E80700BB693BB1D6E9051207F1FC
:101C90002003184610F0A8F9B8610020E8E7FFF724
:101CA000C7FF0028E2D13046BDE8F840FFF76ABF21
:101CB0004FF0FF30DCE700BF9041002020410020C2
:101CC000F0B50225184EAB1E994200D8F0BD6F1E2C
:101CD000B94294BF00234378A94298BF002490F8EA
:101CE00000C088BF84781B0203EB0C431C444FEAFE
:101CF000934CC3F30533F35CB942537092BF3D2359
:101D0000C4F38513F35CA942937094BF3D2304F0A0
:101D10003F0416F80CC088BF335D82F800C0D37052
:101D2000033504320330CEE7DBB3030030B5074D93
:101D30000A44914200D130BD11F8014B030284EAFC
:101D4000102435F814009BB25840F2E718540300F1
:101D500030B5002485B005462146094A01A8CDE9E1
:101D6000014403940DF067FD30B1064B019A9A428D
:101D700004D10DB1039B2B6005B030BD2046FBE7BD
:101D800033F80200434F52452DE9F0430024D0F8C8
:101D90000C8095B005460E461746CDE90344CDE9C3
:101DA00005440794B8F1000F03D1002015B0BDE839
:101DB000F083D0F81090B9F1000FF6D0C9B90DF04A
:101DC00009FE0028F1D00DF003FE0028EDD05F4A97
:101DD00003A905A80DF02FFD0028E6D05C4B059A5D
:101DE0009A42E2D0039C3046214600F0D1FF002801
:101DF000DBD000230A930C23102C2968099388BF99
:101E0000A4F1100308948DF8286088BF0893002976
:101E100040F083800BA8FEF7B1FB0FA8FEF7C0FDD2
:101E200038B114220C2008AB0FA90DF089FD002851
:101E3000BBD00D9E56B13046EAF7E2F93146024674
:101E400008AB0A200DF07CFD0028AED00C9E56B1E8
:101E50003046EAF7D5F93146024608AB0B200DF0C3
:101E60006FFD0028A1D00E9E56B13046EAF7C8F9A2
:101E70003146024608AB04200DF062FD002894D0E4
:101E8000282304220293072008AB02A90DF058FD75
:101E900000288AD02B8904220F93052008AB0FA9B4
:101EA0000DF04EFD002880D0002501A8019500F01E
:101EB00077F8064602A8029500F0A2F831460546DA
:101EC000019A08A80DF045FD00282FD19DF82A3071
:101ED000002B7FF46AAF00251E4B10210F939DF855
:101EE000293008AA0FA8CDE91155109308940DF0D8
:101EF000C2FC00283FF459AF0223154A099CCDE9E2
:101F00000B230C2108AA0BA809950D940DF0B3FC26
:101F100000283FF44AAF3C6048E700206A6808ABFD
:101F20000DF00EFD00287FF475AF3EE72946029ABA
:101F300008A80DF00EFD0028C8D04A46414608A862
:101F40000DF007FD0028C1D0C5E700BF6D2D0200D0
:101F5000434F524544554D500F4B104A5A604FF075
:101F6000E022D2F8241DD960D2F8281D1961D2F8D8
:101F70002C1D5961D2F8301D9961D2F8341DD961F8
:101F8000D2F8381D1962D2F83C2D5A621C229A6090
:101F900001221A60704700BF9441002024ED00E048
:101FA0004FF0E02170B5134CD1F8902D226042B96A
:101FB000114B1B680BB9FFF7CFFF0A2303600F48D3
:101FC00070BDD1F8943DC2F30722082A636028BF90
:101FD000082200239342EBD0C1F8983DD1F89C5DD4
:101FE000013344F83350D1F8A06D04EBC3056E60A3
:101FF000F0E700BF3B52002094410020E44A030078
:102000001FB5102200210446684610F013F86846F8
:10201000FFF702FA0022034658B10748009B0270FE
:102020004360019B02738360029B0361039B4361D6
:102030000223236004B010BDBC41002007B5034655
:102040001046064A14882CB9CDE900316946108043
:10205000FFF73AFC4DDE0DF0FFFE00BF5A4B0020AB
:102060002DE97041DFF8D4809DB004460D460DF097
:102070001AFDB8F8000009AE58B9236828469A69D5
:10208000314609925B690A93FFF71EFC2846A8F8BF
:102090000050616A236811F0100F14BF20226822DB
:1020A000DD691A44AD051D6848BF043209955D68B5
:1020B0000A959D680B95DD680C9565680D95A5687A
:1020C0000E95E5680F952569109565691195A569C7
:1020D0001295E5691395256A14951D69CDE9155288
:1020E0005D6917959D691895DB6919934B0721D494
:1020F000EFF309831146CDE91A130023CDF81A3006
:10210000CDF81E30ADF822304C23ADF81800ADF8F4
:10211000080008A901A8049605930192039400F011
:10212000F7FD079004A80DF062FC08B1FFF728FC4A
:102130000DF092FEEFF308811346DCE75A4B0020C6
:1021400008B5104800F0ACFB01200F4900F038FB47
:1021500002200E4900F034FB03200D4900F030FB53
:1021600000200C490CF063FE012007490CF05FFED3
:10217000022006490CF05BFE032005490CF057FED7
:10218000002008BD1CB4030025B403002FB40300D5
:102190003CB4030047B4030008B5034800F080FBDB
:1021A000FFF7FAFA002008BD52B403000B4B30B51C
:1021B0001B5C0B48DC0803F0070339B1012201194D
:1021C00091F888509A402A4381F88820204490F85A
:1021D0008800184100F0010030BD00BF48C5030071
:1021E000D441002010B50C460368097B007998475C
:1021F00088B1114B226853F822202379032B19D878
:10220000DFE803F0020B041563795BB1A3680B49A7
:10221000012000F0D5FA012010BD637913B1A36845
:102220000749F5E70749012000F0CAFAF3E7A36878
:102230000549EDE70549F6E75C4B03006CB4030084
:1022400080B4030075B4030089B4030094B40300A0
:1022500000222DE9F0434FF0010C15461749184FA5
:10226000184CDFF864E0DFF864800B7C834204D113
:102270000B79022B08D9032B18D001321F2A01F148
:102280001801F2D1BDE8F083BB5C9E1C04EB86060E
:10229000756004EBD30696F8889003F007030CFAF8
:1022A00003F329EA030386F88830E6E718F80230DA
:1022B0005EF82330002BE0D01D70DEE75C4C03009D
:1022C00048C50300D4410020544C030029C5030035
:1022D0001E2838B50C4606D900230425C1E9003371
:1022E0008B60284638BD1822114B02FB00331D7944
:1022F000032D15BF0F4B104B1A5C1A5C16BF0F4B0A
:102300000F4B033203EB82030E4A52F820104A1C93
:102310001DBF0A4A233102EB810200220021012D58
:10232000C4E90032A160DCD8FFF740FF2072D8E793
:102330005C4C030048C5030029C50300D4410020BC
:10234000544C0300D84B03002DE9FF4100240646FE
:102350000F46A0460A4D01A92868CDE90188CDF8AD
:102360000C80FFF7B5FF2946304601AAB84720B1D7
:1023700001341F2C05F11805EDD104B0BDE8F08142
:102380005C4C030073B515460C4611460646FFF734
:102390009FFF2A6803465AB1A0420CD00320224670
:1023A0000649009600F00CFA6FF0010002B070BD13
:1023B0004FF0FF30FAE70020F8E700BFA9B40300B0
:1023C000F0B5054685B00E4600F056FC002303210B
:1023D000284601AACDE901330393FFF7D3FF1E2D51
:1023E0000446019F18D8B8B93046E9F709FF18220A
:1023F0000B4B314602FB0533DB68984228BF184679
:102400000546024638680FF0EFFD3B685C5500F06A
:102410003DFC204605B0F0BD4FF0FF34F7E700BFAC
:102420005C4C030030B5054685B00C4600F024FC3A
:102430000023284601A9CDE901330393FFF748FFA4
:10244000019B33B94FF0FF3400F020FC204605B06B
:1024500030BDF0B101282CD11968E2170C1942EBFC
:10246000E172B4F1004F72F1000108DB6FF000423D
:102470001A6001212846FFF799FE0024E4E7B4F131
:10248000004F72F1FF3202DA4FF00042F0E71C60B9
:10249000EFE71A68002C04EB0201D4BF00240124EA
:1024A0008A422CBF00220122A24218BF6142196059
:1024B000DFE72A460320034900F082F96FF00104A8
:1024C000C2E700BFCDB4030070B500F0EDF8FEF731
:1024D00097FF0646FEF79AFF04460E4D0820D5F8F2
:1024E000AC10C5F8AC60711AFFF79CFFD5F8B010BE
:1024F0000920611AC5F8B040FFF794FF0DF000FC09
:10250000BDE87040044BA0FB03020A2003FB01213D
:102510000DF070BBD44100203789410008B5002080
:102520000849FFF711FF00F0E7FDFFF7CDFF0CF0C2
:10253000F2FB054B18680DF0CEFBBDE8084000200B
:10254000FFF786BE7DFB0200D441002037B505466B
:102550000C4600F091FB68460449CDE90054FFF7B2
:10256000F3FE03B0BDE8304000F090BBCFFA0200AC
:10257000002307B5CDE9003369468DF80400034810
:10258000FFF7E4FF009803B05DF804FBFDFA0200DA
:1025900013B5044608490020FFF7D6FE012007497D
:1025A00000F00EF9064B6946064800938DF804408A
:1025B000FFF7CCFF02B010BD7DFB0200F4B40300B6
:1025C00017FB0200E521020007B500200849FFF7CC
:1025D000BBFE0120074900F0F3F800230193064BEE
:1025E000694606480093FFF7B1FF03B05DF804FBAE
:1025F0007DFB0200F4B403000FFB0200E5210200A2
:1026000070B50D46064690B389B31C4A1C49FFF7C6
:10261000A1FA78B31B4C00202660002600F036F8A3
:102620007C22002104F10C000FF004FD1022314641
:1026300004F18C00C4F888600FF0FCFC304684F88C
:102640009C600DF0F1FA044678B9012029680DF07C
:10265000D1FA044648B9FFF7C7F93C200A4900F00F
:10266000C1FDB04208BF6FF00504204670BD6FF099
:102670000204FAE76FF00404F7E700BFF5B00300C7
:10268000D1FC0200D44100201D25020010B5054CEC
:1026900018B107C884E8070010BD0DF031FB2060B9
:1026A000FAE700BF8842002037B50DF029FB124C35
:1026B000D4E900239B1A114A0344B3FBF2F502FB51
:1026C00015319342C4E9000114D329460620FFF7CF
:1026D000A9FE00238DF80730237A2BB901230DF1D1
:1026E00007002372FFF768F99DF807100720691AA1
:1026F000FFF798FE03B030BD8842002080EE360020
:1027000010B588B004461C22002101A80FF092FCED
:10271000012301AA104604498DF81C308DF81E4093
:102720000CF028FD08B010BD2D27020010B50C4696
:10273000012120460CF0D0FC08B9002010BD042176
:1027400020460CF088FF0028F7D0022120460CF02C
:10275000BAFF0028F1D002212046A27E0CF02FFC07
:102760000028EAD0012120460CF075FF0028E4D0B3
:10277000A07EFFF7FDFE014620460CF0A8FF0028D2
:10278000DBD003482146FFF7E1FE607ED6E700BFBD
:1027900067FC020030B504460D4689B01C220021BA
:1027A00001A80FF047FC01AB21461846034A8DF8FB
:1027B0001E50FFF78FF909B030BD00BF2D27020072
:1027C0000EB4B0B5A3B0054600AF07F19C0353F8B3
:1027D000042B07F10804802120467B6006F0E4FA10
:1027E000032D4CD8DFE805F01B0221372848036889
:1027F00003F00703022B12D96D4688B06A46254BB9
:10280000CDE905344FF40073ADF81C30224B42F88B
:10281000103F00234FF4E651ECF79CF8AD468C379F
:10282000BD46BDE8B04003B070471948036813F0D7
:10283000060FF4D06D4688B06A46164BCDE90534D4
:102840004FF40073ADF81C30134B42F8103F0023D7
:102850004FF4E451E0E70E4803685A07DFD06D46B5
:1028600088B06A460B4BC2E905344FF4007393837A
:10287000094B42F8103F00234FF4E251CCE70448E3
:1028800003685B07CBD06D4688B06A46034BEAE726
:10289000A0080020F066030003000001CCB703008D
:1028A0000FB490B5A3B000AF07F1980353F8042B11
:1028B00007F10804802120467B6006F075FA88B095
:1028C0006A460B4BCDE905344FF40073ADF81C306C
:1028D000084B42F8103F00234FF4E0511846ECF744
:1028E00039F88C37BD46BDE8904004B0704700BF52
:1028F000059E030003000001F0B5002493B00546D7
:10290000019401A8FCF71CF870BB019E002E32D088
:1029100003AA1746214B03F1380C1446186859686E
:10292000083303C463452246F7D1186800232060AA
:1029300037F82340344028D012AA02EB830333F83F
:102940003A4C0023164A32F8330002EBC301A0428E
:102950001FD14E680120019A1249FFF731FF32461C
:1029600001201149FFF72CFFFCF722F8019BAC80F6
:102970002B6013B0F0BD02A80BF058FD029B03F0D2
:1029800008030343C4D10724DBE701330F2BCFD166
:10299000D7E701330F2BD6D1044EDBE70C3603000B
:1029A000444F0300D3B70300EFB70300DDAF0300CC
:1029B000014B1868FFF740B8944200201FB5002370
:1029C00002A8CDE90233FFF797FF134802A9FEF7EB
:1029D00053FF6846FEF7E0FF28B90120BDF802204A
:1029E0000E49FFF7EDFE4FF480510D48FEF7DAFC7B
:1029F0000C4C2060FFF7DCFF2068FFF701F9FEF7C1
:102A000097FF01A901902068FFF7FAFDFDF7E2FFAB
:102A1000002004B010BD00BF90E20020FFB703000B
:102A2000835200209442002038B5104914461D46B8
:102A3000E9F7D4FB10B10024204638BD20222846F7
:102A40000B49A047041E05DA224603200949FFF777
:102A5000B7FEF1E7202C05D02346202202200649AC
:102A6000FFF7AEFE0022024B1A55E4E71D580300A3
:102A700083620020DAB8030002B9030038B50C46BF
:102A8000054688B14B1E1F2B0ED80A460146084842
:102A90000FF0AAFA0023064A294613550548224694
:102AA000BDE83840ECF734BA6FF0150038BD00BF10
:102AB00083620020145803002DE9F0410C4D0024DE
:102AC000DDE9067C2E46DDF820E055F8048BB8F1F0
:102AD000000F09D00134202CF7D1CDE907CE06979D
:102AE000BDE8F041F0F7E6B846F82400F5E700BF8E
:102AF00018430020084A0023114610B452F8044B32
:102B0000A04205D00133202BF8D110BC02F03EBE0C
:102B1000002241F82320F8E718430020064B984292
:102B200007D3064B984204D2181A884228BF084699
:102B300070470020704700BFC80B00200000042031
:102B40002DE9F04F0E46044685B0002878D00029C4
:102B50003FD0DFF8F080012547464FF00C0B3A4B91
:102B600008F1800A93E8070084E80700AE420ED916
:102B700057F8049BB9F1000F07D0C8214846FFF76A
:102B8000CDFF002348BB47F8040CBA45EED14FF007
:102B9000000ADFF8B890AE4213D958F8047B4FB161
:102BA000D7E92B012A4B9B68BB421ED10DF0CDF813
:102BB000C9F800000AF1010ABAF1200F09F104096D
:102BC000E9D10C2303FB0543224A6E1C07CA83E8A4
:102BD0000700304605B0BDE8F08F0BFB05F1621829
:102BE00063540135C2E90190CFE7D7F8B430D7F884
:102BF00060B00144C91AA1EB0B01B1F5807F28BF79
:102C00004FF480715846FFF789FF03900028D1D018
:102C1000D7E92B010C2303FB05F2A318CDE9013200
:102C20000DF093F84FF00003029AC9F80000A35486
:102C3000019B01351A46C3F804B0039B9360B9E7C2
:102C40000646C6E7184300200833030098420020D8
:102C5000B0330020143303000346084639B1002284
:102C6000012003491A70034A5960521A9A6070474A
:102C700060000020C80B00204FF0FF324FF0FF3300
:102C8000014801F019BE00BF5C0A0020014801F0B4
:102C900085BE00BF5C0A00202DE9F04105460C46C8
:102CA00000684FF480711646FFF738FF00222B684A
:102CB0002270C4E90130AB685B6A13F0040523D1CC
:102CC000EFF309874FF4C0713846FFF727FF2573EC
:102CD0000225C4E904704FF00C0808FB05F30B4A09
:102CE000E71807CA013587E8070003EB0800711BE6
:102CF0002044FFF725FF054408FB0540711BFFF743
:102D0000ABFF2844BDE8F0810125E4E72033030050
:102D100010B546220C460349FFF7BEFF206001486C
:102D200010BD00BF984300201FB50446694601202E
:102D3000EAF792FA60B9DDE900230649914270EBA7
:102D4000030103DA0120C4E90223207004B010BD9E
:102D50000020FBE7FFCCB0630346034A92E8030080
:102D600083E80300704700BF2C33030008B5034617
:102D700008469918B1F5005F05D8044919440FF0C9
:102D800033F9012008BD0020FCE700BF208B0020A4
:102D900008B54318B3F5005F0A4606D8044B002176
:102DA00018440FF047F9012008BD0020FCE700BFE0
:102DB000208B002008B58318B3F5005F05D8044BBD
:102DC00018440FF011F9012008BD0020FCE700BFF6
:102DD000208B00200022014B1A707047208B0020AE
:102DE0000023034A4FF0FF30C3F80120704700BFB3
:102DF000FECAAD0B0023024AC3F80120704700BF92
:102E0000FECAAD0B08B5034907F093FF4FF0FF3042
:102E100008BD00BF3CB9030008B5034907F089FFAE
:102E20004FF0FF3008BD00BF94B9030008B5024958
:102E300007F07FFF002008BDF6B9030008B502497E
:102E400007F077FFFEE700BF3BBA030008B5024971
:102E500007F06FFF002008BD6BBA030008B50249F8
:102E600007F067FF002008BD94BA030007B50B46C2
:102E70007246794601200093034B0CF0BFF9002005
:102E800003B05DF804FB00BFE3BA030008B50349D3
:102E900007F04FFF0CF0E5FE002008BDF0BA03007C
:102EA000012938B5044603D80CF0D8FE002038BDFF
:102EB000556809492846E9F791F910B9FFF784FBED
:102EC000F4E728460549E9F789F90028ECD02046BF
:102ED000034907F02EFFE9E706BB03000FBB030021
:102EE00019BB030013B50446694601A80CF087FD21
:102EF0002046009A054907F01CFF2046019A044924
:102F000007F017FF002002B010BD00BF4ABB03004E
:102F10006BBB030037B5054601A8FEF73DFD04462F
:102F200038B102460849284607F003FF204603B09F
:102F300030BDBDF804200549284607F0FAFEBDF86B
:102F400006200349EFE700BF89BB0300ADBB0300C8
:102F5000D0BB030010B5034C20600BF045FF0020F0
:102F6000206010BDE0460020012938B5054610D18B
:102F7000124B1A685AB11178114B002908BF1A4632
:102F80002846104907F0D5FE0024204638BD0C4ADB
:102F9000F6E754682046E9F733F901462046FFF783
:102FA0006DFD044628B102460749284607F0C1FED8
:102FB000EBE72846054907F0BCFEE5E7F4060020EC
:102FC000F4BB0300FEBB03000FBC030033BC0300D3
:102FD00007B5074907F0ADFE40F239120023054856
:102FE000CDE9002302F020FF002003B05DF804FBD0
:102FF0005ABC03002009002007B5002340F2391213
:103000000448CDE9002302F00FFF002003B05DF873
:1030100004FB00BFE8080020054B0246186810B109
:10302000044907F086BE1146024806F0AAB800BF60
:10303000E0460020059E030010B504464FF40071E1
:103040000248FEF7CDFA024B1C6010BDA4620020BE
:10305000EC4600200148EBF7BDBE00BF6052030004
:1030600037B50D460BF099FE30BB2B88C3F38213A6
:10307000012B23D0022B02D0DA1E53425341104CB5
:103080008DF80430D4E8EF3F43F00102C4E8E12FAB
:103090000029F7D1DB070FD40A4B01AA5A60294651
:1030A0000822094807F010FAD4E8EF3F23F00103A3
:1030B000C4E8E23F002AF7D103B030BD0323DEE7C6
:1030C000FC460020F0460020605203000022024B24
:1030D0001B685B685A717047EC460020024B1B6806
:1030E00003B11847704700BF00470020014801F0B6
:1030F000DBBE00BF10070020F0B5EFF7A7FE334B93
:1031000091B01C58204601A90DF0ABFD01990B2090
:103110000CF070FD204604A90DF0ADFD2C4B049A77
:1031200019681A60511A059A0D205A600CF062FD58
:103130000AA80DF0AAFDDDE90A21264B0E20D3E9ED
:103140000045141BC3E9002161EB050521460CF085
:1031500051FD54EA050317D0DDE90C261E4BD3E9D7
:103160000001101AC3E9002666EB010142F2107655
:10317000A0FB060722462B4606FB0171E5F7F8FD8A
:1031800001460C200CF036FD144C20460DF0AFFA31
:10319000B0B1A5684C212046EB68984780B90C2156
:1031A00020462B6902AA984750B90D4B03990A2271
:1031B00091FBF3F1029B182002FB03110CF0FFFCC2
:1031C00000F0B4F900F06CF911B0F0BD0800000097
:1031D000E0310020D8310020D03100202824030025
:1031E000A08601000E4B13B519604FF47A7347F6B1
:1031F000122C03FB00F4002140F2E7304FF47A7206
:103200000023E4FB0C01E5F7B3FD02460B46CDE9D4
:103210000001044802F008FE012002B010BD00BF0A
:10322000004700205809002010B50C468AB0202223
:10323000002102A80EF0FEFEA388074A01936388CE
:1032400020210093637802A805F0DCF902A9102080
:10325000FFF7B6F80AB010BDCDC1030008B50449A8
:1032600004480DF0A0FC0448F6F732FF002008BD2A
:1032700041340200F03100202007002010B58AB050
:1032800001A9F4F7B7FB0D4C80B9BDF81E1013204F
:103290000CF0B0FCBDF8201014200CF0ABFC06992B
:1032A000122021600CF0A6FC0AB010BD03200449D6
:1032B000FFF786FA00232360F6E700BF04470020EB
:1032C000DCC1030010B50446D9B909F000FA0D4B72
:1032D000186016200CF0A8FC20460AF02BFC0146D2
:1032E0000F200CF087FC2046FFF7C8FF002347F6AD
:1032F0001222054801F048FE0CF002FD034BC3E921
:10330000000110BD08470020F0310020E831002006
:10331000F8B50746C8B10CF0F3FC04464FF47A7CCC
:103320000E460A4D3A46D5E90031E31AA3FB0C0ECE
:1033300066EB010100230CFB01E1E5F719FD0146F5
:103340001120FFF76FF8C5E90046F8BDE83100200D
:1033500070B5002604460A4D2868FFF7D9FF2E6095
:10336000084D2868A04202D1F3F75CFE2E600121CF
:103370001720FFF757F8BDE8704016200CF061BC2D
:10338000044700200847002070B51D4640F2E24384
:10339000164603FB01F4122021460CF02BFC3146AB
:1033A00013200CF027FC2946044D14200CF022FCBD
:1033B0002868FFF7ADFF2C6070BD00BF04470020F8
:1033C00037B51C4B0DF10201186809F018F80546D5
:1033D00030B1024618490320FFF7F2F903B030BDBF
:1033E0004FF0FF304FF0FF31F1F774FD0446002835
:1033F000F4D002210C3008F0F8FDBDF8023001AA2B
:103400000380214641F205400195F1F731FF024664
:1034100038B103200949FFF7D3F90198F0F7EEFA24
:10342000DCE7019B1520DB6893F903100CF0C7FB68
:10343000F3E700BF08470020FAC1030023C20300DE
:1034400010B5144C8EB0236883B1FFF7B9FF20226A
:10345000002106A80EF0EEFD206802A909F0A0F9EF
:10346000024628B103200C49FFF7AAF90EB010BD9F
:10347000BDF80C3020210193BDF80A30074A0093B3
:1034800006A89DF8093005F0BDF806A91020FEF742
:1034900097FFEBE70847002036C20300CDC10300C9
:1034A00010B50B4C23688BB10A4B1868FFF730FF3F
:1034B000FFF786FF2068FFF7E1FE20680AF03AFB7D
:1034C000BDE8104001460F200CF094BB10BD00BFBA
:1034D000084700200447002073B504460DF0B3FBF5
:1034E00030B1037823B1104D04F18C06286808B977
:1034F00002B070BD3146E8F771FE90B901A92046CF
:103500000DF0AFFB42F21072D4F8B010019B686866
:10351000CB1A5343B3FBF1F102B0BDE870400CF09D
:1035200069BB0835E2E700BF705203000021014883
:1035300002F09CBAD934020000B58A6A0B6A12F014
:10354000040F14BF196A496A8BB0009119680138D9
:10355000019159682B28029199680391D9680491C7
:10356000196905915969069199690791DB6988BFC5
:103570004FF41441CDE908329CBF044B33F81010CE
:103580006846FEF76DFD0BB05DF804FB18560300AE
:10359000064BD3F840231C2A05D1D3F84403431E1D
:1035A0005842584170470020704700BF00C0FF00DC
:1035B00003689A070CD50368DB070DD50922074B72
:1035C000C3F80C250F22C3F8042501221A60FEE778
:1035D000034B0360EF3B0360704700BF0080105057
:1035E000F000FA5008B50123404A4148C2F80038BB
:1035F000404AD2F840231C2A04BF3F4AC2F80C3488
:10360000FFF7D6FF0830FFF7D3FF0830FFF7D0FFF2
:103610000830FFF7CDFF00F5F470FFF7C9FF374A18
:10362000D2F88C3043F44063C2F88C300022D300CF
:1036300003F57F0303F54043D3F8001401310AD0AA
:10364000D3F8001439B1D3F800140132D3F804349C
:10365000402A0B60EBD1254BD3F84024002A41D0FF
:10366000FFF796FF48B1234BD3F83423244B9A42FB
:103670009EBF1E4B234AC3F84026FFF789FF18B1AF
:10368000214B224AC3F8AC27FFF782FF48B134220E
:10369000164BC3F82426D3F83C2622F40022C3F8A4
:1036A0003C261B4B1549D3F80026D20744BF6FF0C8
:1036B0000102C3F80026174BD3F8182522F00302A5
:1036C000C3F81825D3F8182542F00302C3F81825CB
:1036D000D1F88C2042F44062C1F88C200022C3F85B
:1036E000A02508BDC822C3F84024B9E70000125045
:1036F00000C50D5000C0FF000030055000ED00E097
:10370000001D0A1840E0A91E00A0085078000A0415
:1037100000E0105000B00450036803F01F025F2B5C
:1037200002604FEA53129ABF024B53F82200002066
:10373000704700BF88520300034A4309D35C00F07E
:103740001F001844C0B2704767C50300F0B50646B5
:10375000002487B0114F019117F8012B06AB03EB42
:10376000D20313F8143C02F00702D34013F0010314
:1037700006D10134032CEFD10023184607B0F0BD69
:10378000074A03AD07CA85E8070055F824100A6AFE
:1037900046F824200A62002AEBD0EEE777C5030042
:1037A00034330300F7B504460846FFF7C5FF04EBC2
:1037B0004006B38A0D46DB072AD520460CF06FFC85
:1037C000294620460CF0DCFB50B120460CF0EEFB05
:1037D0000023276807EB8000C0F81035C0F81035CB
:1037E000294620460CF00BFC002101A8B18201956E
:1037F000FFF792FF019B00EB8300D0F88020064B7F
:10380000134043F00203C0F88030084603B0F0BD17
:103810006FF01500FAE700BFF0F0FCFF2DE9F04370
:10382000044685B0084615461F46FFF785FF0E463D
:10383000804625B320460CF0AEFB18B920460CF0AC
:103840009FFB18BB04EB4809B9F8143003F01C03C4
:1038500013B16B78012B19D001238DF80F300023A1
:103860003046CDE900536A1CAB1C0DF10F010CF082
:103870002FFBB9F8143043F00303A9F81430002FDC
:103880003ED0314620460CF086FB20B96FF0150083
:1038900005B0BDE8F0830022397823684FEA810C37
:1038A00003EB8103C3F81025C3F8102504EB48028D
:1038B000938A23F4604323F0200393827D78FDB143
:1038C0002468B8786444D4F810750E4B2D043B403E
:1038D000C4F8103541F6F07305F4403503EA0613D9
:1038E0000005D4F810752B4300F4801003433B43CC
:1038F000C4F81035938A43EA413343F0200393829E
:103900000020C5E70FE0ECFF70B590F87440054665
:1039100090F8756044BB4622214614300EF08AFBB5
:103920002146134A2B6852F836608E4212D1002489
:1039300040F20D10C3F84441D3F844210D4A93429C
:1039400008BFDB20EFF758F90123204685F87430D3
:103950002B6670BDCAB2920002F58070442A04BF83
:103960001C501A580131E0E76FF07700F1E700BF13
:103970009452030000A00D5090F87500024B03EB29
:1039800080000CF08CBA00BF2C07002010B5064B4D
:1039900090F875000C4603EB80000CF066FA0028E6
:1039A000A4BF2070002010BD2C0700202DE9F04F8F
:1039B000804658F804BB90F87540DBF814136A4B46
:1039C000C9B253F8342007468BB0584641F4003151
:1039D0000CF03EFB8203054639D50023CDE90733C1
:1039E0000993614BE60003EBC404636807A819461A
:1039F0000093FFF7ABFE331D03934FF0000A5B4BC0
:103A00000DF11C090293029A574912F8013B0292E8
:103A1000039A02EBD3028A5C03F0070322FA03F352
:103A2000DB071AD40AF1010ABAF1030F09F10409FC
:103A3000E9D14FF40031002258460CF009FB0099FF
:103A400007A8FFF783FE0028D7D125F4003501240D
:103A5000002D73D10BB0BDE8F08F454B5344049358
:103A6000D9F80060002EDDD096FAA6F6B6FA86F6F2
:103A7000049B1C7846EA44142046FFF75DFE07EBE2
:103A80004000818AF208C1F3820305930193012368
:103A900019F8020006F0070603FA06F620EA060007
:103AA00009F8020006A80694FFF736FE069A11F000
:103AB000100F02F1200250F82260059BC6F3014668
:103AC00023D04046019A21460CF07AFA06A80694C3
:103AD000FFF722FE069BF6B2203350F82330C3F3E3
:103AE00001439E4207D1002120460CF03AFA3146AC
:103AF00020460CF036FA06A80694FFF70DFE0122C8
:103B0000069B02FA03F30362AAE7022E14BF022106
:103B10000321204605930CF024FA059B032B03D0C8
:103B2000022E07D1012BE6D121464046019A0CF026
:103B300047FAE0E7032EDED1022BF4E795FAA5F36E
:103B4000B3FA83F304FA03F225EA020503F5A2723D
:103B50005BF8222007EB43034046B3F86410C2F33E
:103B600001420CF02DFA73E79452030077C503006D
:103B700077C503000123034A03FA00F09368034367
:103B800093607047B00200200123044A03FA00F05A
:103B9000936823EA00039360704700BFB0020020DF
:103BA00073B504460191EFF31186402383F3128825
:103BB000BFF36F8F0B4D019B6A6801A813400193FF
:103BC0000CF053F9002807DB01226B68824023EADE
:103BD00002036B602070002086F31188BFF36F8FA3
:103BE00002B070BDB00200204FF0FF326FF04043D2
:103BF00030B5044CD4E90001824273EB0105F9D3DE
:103C000030BD00BF40270E5030B50C25074B1C18A7
:103C100094F8544005FB0433C3E9031218750123DB
:103C2000034A8340C2F8243330BD00BFB0020020F5
:103C300000200E50F8B53E4C2278002A72D13D4B40
:103C4000D3F8101521F00201C3F81015D3F81015A0
:103C500041F00101C3F810150521C3F8A416042191
:103C6000C3F8AC160723672101F001000244013BB1
:103C7000D2B24FEA5101F7D1052A56D119464FF079
:103C8000010C2B4E00256720CFB204E00CFA02F2A3
:103C900020EA0200013590FAA0F25FFA85FEBE45E7
:103CA000B2FA82F2F2D3013132750529224482F848
:103CB000547006F10C06E5D1012100251E489A0832
:103CC00001FA02F212F0670F18BF1D500433302BB7
:103CD000F5D1E420EEF790FF164B1849D3F81025E4
:103CE00003F5C07322F00202C3F8902340F6FF727E
:103CF000C3F8A82100221A60A3F5807004338B4218
:103D00000260F8D101250B4B0D4A1D660D4B5D205D
:103D10001B68B3FBF2F358430B4B2B43984700202F
:103D20002570F8BD6FF07700FBE76FF08B00F8E7C8
:103D3000B002002000200E5000210E50B0210E5085
:103D400040420F00280700208037030038B5244B7D
:103D50000D46D3F8102594073CD4D3F8102542F033
:103D60000202C3F81025C0B1D3F8482712F00102AF
:103D700002BFD3F8481741F00101C3F84817184BA8
:103D8000D3F84017D3F844174800F9D42AB9D3F828
:103D9000482722F00102C3F84827124B124A1B6839
:103DA000B3FBF2F30E4A03EB4313B3B1D2F840175F
:103DB000D2F8441749000BD44FF0FF312846FFF7E3
:103DC000EFFE044610B92878FFF7D4FE204638BD30
:103DD000013BEAE76FF07704F8E76FF07304F5E76B
:103DE00000200E502807002040420F002DE9F04728
:103DF000DFF89C9067234E4656F8044F0025E443B5
:103E00004FF00108234F04F06704C7F82833E9B2E4
:103E1000E4B9E420EEF7FEFE1E4BD3F8482722F06B
:103E20000102C3F84827D3F8102522F00102C3F895
:103E30001025D3F8102522F00202C3F81025012224
:103E40005A669A6689F80040BDE8F087D9F80830CC
:103E500008FA05FA0AEA030313F0670F02D00846CE
:103E6000FFF792FED9F80430DB4303F0670313EA4F
:103E70000A0F09D0002207EB0513C3F82C25E3072E
:103E800002D530460CF00BF864080135BFE700BFDF
:103E9000B002002000200E5070B51E461546174A8D
:103EA0009DF81010131893F854300C3302EBC30430
:103EB00042F833506660C6F313020401A1B104F165
:103EC000A04404F56224C4F82055C4F824250C4C01
:103ED00080000444236833B1FFF786FEA842B14155
:103EE00001D20023236070BD04F1A04303F56223D7
:103EF000C3F82055C3F82425F5E700BFB002002021
:103F000000210E50F0B50E4D2B1893F854300001DF
:103F10000C3355F8334005EBC3077E68641800F195
:103F2000A04021F0004146F1000641EAC27100F5CF
:103F3000622045F833407E60C0F82815F0BD00BF10
:103F4000B0020020F7B5284B284CD3F82C6304F1BD
:103F500088070EB903B0F0BD96FAA6F00123B0FAB7
:103F600080F08340DA43224926EA0306231893F8B7
:103F70005450830019440C2303FB0543DB6873B3DF
:103F8000D7E8EF3F03EA020CC7E8EECFBEF1000F1F
:103F9000F6D1C340DB0719D5020102F1A04202F5B8
:103FA0006222D2F82435D2F82025D1F800C0BCF125
:103FB000000FCED04FF0000CC1F800C00C2101FB67
:103FC000054529690091E9688847C2E705F10C03B6
:103FD00004EBC30C54F83320DCF80430E5E70A683E
:103FE000002AB6D00B60B4E700200E50B0020020CB
:103FF00000210E5000220D4BC3F80021D3F8001110
:10400000C3F80421D3F80411C3F80821D3F8081128
:10401000C3F80C21D3F80C11C3F81021D3F81011F8
:10402000C3F81421D3F81431704700BF0050045076
:1040300070B54FF4FA7500F15024144E04F5802445
:1040400023682BB123689BB1FFF7D4FF00200EE05B
:10405000D6F80831002BF5D1D6F80C31002BF1D170
:104060000A200BF000FF013DEAD16FF0730070BD34
:10407000064BD3F8083123B1FFF7BCFF6FF00C00FB
:10408000F5E7FFF7B7FF6FF00D00F0E700500450C1
:104090002DE9F04105460E464FF4FA77104CD4F85E
:1040A0000084B8F1000F08D00A200BF0DCFE013FBD
:1040B000F5D16FF00A00BDE8F0810123C4F8005586
:1040C0004FF48870E360FFF7B3FF10F1740FF2D084
:1040D00010F10E0F14BF0020012030704046EAE7B7
:1040E0000050045010B5054C207820B9FFF782FF2E
:1040F0000123237010BD6FF07700FBE724650020DB
:10410000F8B506460D464FF4FA770C4CD4F8003457
:104110003BB10A200BF0A7FE013FF7D16FF00A0078
:10412000F8BD0123C4F80465C4F8005523604FF4BA
:104130008070BDE8F840FFF77BBF00BF005004501F
:10414000F8B504460F4E4518A54201D800200BE0F3
:104150004FF4FA77D6F800343BB10A200BF083FE17
:10416000013FF7D16FF00A00F8BD0123C6F8004502
:104170004FF482707360FFF75BFF0028F4D10134C5
:10418000E2E700BF00500450F8B504460F4E451852
:10419000A54201D800200BE04FF4FA77D6F800349E
:1041A0003BB10A200BF05FFE013FF7D16FF00A0030
:1041B000F8BD0123C6F800454FF48470B360FFF7E3
:1041C00037FF0028F4D10134E2E700BF005004506B
:1041D000F8B505460E464FF4FA770D4CD4F8003486
:1041E0003BB10A200BF03FFE013FF7D16FF00A0010
:1041F000F8BD0123C4F800554FF48870E360FFF761
:1042000017FF0028F4D1D4F808353360F0E700BF79
:10421000005004502DE9F04116460446134F45184E
:10422000A5421ED94FF4FA78D7F8003443B10A20DA
:104230000BF019FEB8F10108F6D10120BDE8F081BC
:104240000123C7F800454FF48870FB60FFF7F0FECC
:1042500010F1740FF1D00D300CBF01230023337027
:1042600001D00020EAE70134DAE700BF0050045033
:10427000044B40EA0120C3F80005D3F80024D2071C
:10428000FBD5704700B00450036803F01F025F2B9A
:1042900002604FEA53129ABF024B53F822000020EB
:1042A000704700BFA452030010B50B4B04680B4AC3
:1042B0000B48844208BF1346B3FBF1F001FB1033F7
:1042C000834206D2C30704D47E288CBF002001207D
:1042D00010BD0020FCE700BF0024F4000020A1076F
:1042E00000A0045073B51646421C1C460546069BAA
:1042F00018D0012902D1BBB10CF07DF801A80195BD
:10430000FFF7C2FF019B240200EB8300D0F880205E
:10431000074B44EA86040C4313401C4344EA410122
:10432000C0F8801002B070BD0CF071F8E6E700BF75
:10433000F0F0FCFF2DE9F74F91F8213005460C46CF
:10434000002B00F0B38091F822802968654A664FFF
:1043500066486369914208BF0746B7FBF3F7644BB1
:10436000D3F840331C2B13D1022F95F8223040F2A2
:10437000A080227E12F0FD0F40F09B807A0801326F
:10438000D2B2904538BF904643F0040385F82230FE
:1043900094F8232095F8223062F3000385F8223048
:1043A000227CDBB262F3410385F8223094F823606B
:1043B000002E32D162694F4B01219A4214BF4FF057
:1043C00005094FF00F09237E3246012B94BF0023CD
:1043D0000123009320684B46FFF784FF00964B466D
:1043E000324601216068FFF77DFF00964B4631465B
:1043F000A27EA068FFF776FF237C324683F001039C
:10440000009301214B46E068FFF76CFF012100910A
:104410004B463246E069FFF765FF94F82130002BE8
:104420004AD04FF0FF336B6294F8211094F812E0F9
:10443000207E627E002949D0E668217C94F8249091
:1044400094F820C02B68B9F1000F10D1D4E900BA5C
:10445000D4F80890E469C3F800B6C3F804A6C3F81A
:104460000896C3F80C46C3F8B815C3F81066003AAE
:1044700018BF01220228C3F8B085C3F8C0E5C3F80D
:104480002C7526D0032827D0012801D142F0020242
:10449000C3F85425C3F8ACC56B6803B32868C0F3F0
:1044A000083003B0BDE8F04FEEF7A6BB4FF00208AE
:1044B0004BE723F0040369E7E3686B62227C95F81D
:1044C000223062F3410385F82230ADE74FF0FF362A
:1044D000B4E742F00402DBE742F00602D8E703B09B
:1044E000BDE8F08F00A004500024F4000020A107D4
:1044F00000C0FF000048E801431C07B50ED0019042
:1045000001A8FFF7C1FE019B00EB8300D0F88020DB
:10451000044B134043F00203C0F8803003B05DF851
:1045200004FB00BFF0F0FCFF38B504460068C0F3A0
:104530000830EEF76FFB636843B12146154A51F826
:10454000043BC3F8082320680BF06DFF2368D3F801
:104550000006D3F80416D3F8085694F82230DB0787
:1045600014D4FFF7C9FF2846FFF7C6FF0846FFF738
:10457000C3FF606AFFF7C0FF2368D3F80C06D3F8C7
:104580001016FFF7B9FF0846FFF7B6FF002384F8BF
:10459000203038BD0700F81F024B03600248C01AE4
:1045A00040097047E82203004824030038B50A4B4D
:1045B00053F82040013053F82050A54200D838BDB0
:1045C000606830B1037EDB0701D40CF06FF808346B
:1045D000F3E723689847FAE7B0520300012270B569
:1045E000294B86B003201A70FFF7E0FF0CF020FE85
:1045F0000420FFF7DBFF254C254D2646AE4204F193
:1046000030040FD300F0F8FF204CAC4226D301F069
:1046100007F80BF084FB1F4A938923F00103938171
:1046200006B070BD54F80C3C059354F8103C04934C
:1046300054F8143C039354F8183C029354F81C3C6F
:10464000019354F8203C009354E90A2354E90C01E7
:1046500000F022FD54F8303C5E66CEE7D4E90A2330
:10466000B3F1FF3F08BFB2F1FF3F05D052EA0301AB
:10467000206803D10CF034FC3034C6E7064918300A
:1046800001F048FAF8E700BF25650020C02C0300C0
:10469000C02C0300E8320020F10D0300C8232DE9EF
:1046A000F0411A4E86B003FB0066194B4FF001082B
:1046B00005930F231C254FF4A072CDE90338002386
:1046C000144F044605FB00751349CDE9013302FB85
:1046D0000011124B3046009500F0DEFC337C04EBF9
:1046E000080223F0040333740D4BEE6003EBC22386
:1046F0006B60E31C07EB031307EB04172C74AB612F
:1047000087F8388006B0BDE8F08100BF2032002075
:1047100054C20300B033002020B3002085080300FA
:1047200020AB00207FB50020FFF740FF294B03F5A9
:10473000006282F3088883F30A88E023264C002570
:1047400084F822302023E37725766576A57684F8F1
:104750002050636A43F4E023636284F82350EEF749
:10476000A1F9EEF7E7FA4FF0FF33A362E362EEF749
:10477000FBFCEEF771FBE9F7AFFE184800F038FDDF
:104780000120FFF713FF0220154CFFF70FFF00F089
:1047900071FF144B4FF46062DC61134B13490593B6
:1047A00001232046CDE90353CDE90155104B009577
:1047B00000F072FC0646237C204623F00403237499
:1047C0000CF0C8FA2846FFF769FF31462046084A30
:1047D000EEF78CFA20AB002000ED00E0D83400208A
:1047E000E8320020B033002090B0030060B4002015
:1047F000DD45020038B5064C064DAC4201D3002021
:1048000038BD2046D4E901120BF0BEFF1434F4E7A2
:10481000E4090020F80900201FB5054CCDE900236C
:1048200002940A4600210BF06DFF04B010BD00BFDA
:10483000F78F020038B5074C074DAC4201D300207A
:1048400038BD20460BF0C4FF08B91C34F5E76FF003
:104850001500F5E790090020E409002073B50C4627
:10486000EFF31181402585F31288BFF36F8FC56880
:104870005DB125602B68C3608369013383610020CB
:1048800081F31188BFF36F8F11E052EA030603D161
:104890006FF00B002560F3E7CDE9002302460830F6
:1048A00000F008FE18B9034B9B685B69236002B0F7
:1048B00070BD00BFB03300202DE9F3410446174618
:1048C0001E46EFF31188402383F31288BFF36F8FE6
:1048D000304BC2689B6872B18068984217D057EA23
:1048E000060216D188F31188BFF36F8F6FF00F00A7
:1048F00002B0BDE8F08193F90E1001322161C4E9E4
:10490000023288F31188BFF36F8F0020F0E721692E
:10491000F3E793F90E1090F90E30994230DA99428C
:10492000A8BF19460BF0B9FF054622464146CDE91E
:104930000076194800F0BEFD0028E6D0EFF311869E
:10494000402383F31288BFF36F8FA068D0B1236830
:1049500021699C420AD04BB193F90E309942A8BF0D
:1049600019466FF07F039942B8BF19460BF095FFC7
:1049700040B1314608480CF061FA6FF00A00B7E721
:104980000025D2E7002DF4D186F31188BFF36F8F95
:10499000F3E700BFB033002026650020F8B5836838
:1049A0000546002B40D0234A926893423FD1C3680A
:1049B000012B03D9013BC3600020F8BDEFF3118741
:1049C000402383F31288BFF36F8F016980680BF077
:1049D00064FF2C68A54207D10023C5E9023387F3A1
:1049E0001188BFF36F8FE7E7002CF5D0D4E90032D0
:1049F000002613605A60237CC4E9006623F002039A
:104A00002374A66004F118000CF0F8FAAC6094F975
:104A10000E3020462B61C4F8C4600CF09BF9394677
:104A200005480CF00BFAC7E76FF01500C5E74FF02B
:104A3000FF30C2E7B03300202665002037B51146AD
:104A4000EFF31185402282F31288BFF36F8F046861
:104A50009CB12368426823F003039442036008BFBB
:104A60004360012120460BF09CFF044685F311882A
:104A7000BFF36F8F204603B030BD51EA0302F5D07B
:104A800000F10802CDE900131046294600F012FD9E
:104A90000028EFD1014B9B685C69EBE7B033002045
:104AA00070B5EFF31186402383F31288BFF36F8F45
:104AB0000468A0421BD0D4B1D4E9003200251360B1
:104AC0005A60237CC4E9005523F002032374A560D7
:104AD00004F118000CF092FA2046C4F8C4500CF00F
:104AE00039F93146BDE8704006480CF0A7B9D0E965
:104AF00002329A4218BF0133836086F31188BFF3F4
:104B00006F8F70BD2665002013B5EFF3118140242F
:104B100084F31288BFF36F8F846844B1013C8460D2
:104B200081F31188BFF36F8F002002B010BD52EAED
:104B3000030406D181F31188BFF36F8F6FF00F006C
:104B4000F3E7CDE900230246014800F0B3FCECE7AF
:104B50002665002070B50546EFF31186402383F3E8
:104B60001288BFF36F8F00232C68A54219D0C4B1FF
:104B7000D4E9003213605A600023227CC4E9003378
:104B800022F002022274A36004F118000CF036FA3D
:104B90006FF00A032046C4F8C4300CF0DBF80123A0
:104BA000E2E70022AA6023B986F31188BFF36F8F72
:104BB00070BD3146BDE8704001480CF03FB900BF00
:104BC0002665002007B5074B4FF4006200930649A5
:104BD0004FF0FF33054800F06DF9002003B05DF899
:104BE00004FB00BFC852030060C20020F033002065
:104BF0002DE9FF4104464027534EEFF3118887F318
:104C00001288BFF36F8FD4F8CC50F5B9022104F1AC
:104C1000E4000BF0FFFE002870D004F1DC05002258
:104C2000012128460CF07CF90028F8D100234FF030
:104C3000FF3202934FF0FF334146CDE90023434852
:104C400004F1D40200F044FED7E7D4F8D0202B685A
:104C50009542C4F8CC3008BFC4F8D030D4F8E43062
:104C600043F00203C4F8E430EB6823F0040343F09C
:104C70000103EB606B6888F31188BFF36F8F2846E0
:104C80009847EFF3118887F31288BFF36F8FEB68B3
:104C9000D80623F001023ED4EA60EB689A0717D5E4
:104CA000306823F00203EB6090B10021036878B113
:104CB000426895423DD10368002934D1726833605F
:104CC000904200D17360002340F8083BFFF7E8FEF4
:104CD000D4F8E43023F00203C4F8E430DB0530D428
:104CE000D4F8CC30003B18BF012388F31188BFF300
:104CF0006F8F002B81D000F0C5FC7EE7D4F8E43044
:104D0000D90693D5C4F8E40088F31188BFF36F8FF8
:104D100004B0BDE8F08123F01103EB6005F1100051
:104D2000FFF7BEFEB9E70B607368984208BF716079
:104D3000C9E701461BB11A6818461346B7E71A4679
:104D4000FAE70023D1E700BF0C47002026650020CA
:104D500070B5C3680546C3F340069B070C460DD5E6
:104D60000122002104F108000BF048FE002323601B
:104D7000054B65605A681AB9C3E90044304670BDF6
:104D800014605C60FAE700BF0C470020F8B5C36808
:104D900004469A070E46C3F3400542D45F0742D447
:104DA0000B680BB983680B60E368D80742BFA36840
:104DB00002253360376858BF012557B31B4B9A68EB
:104DC000D7F8C8309A421ED10BF037FF80F00100AF
:104DD000C0B2D7F8E430D907C3F380021CD5F2B1D2
:104DE000F8B100232360D7F8D03073B9C7E9334452
:104DF00038460BF02AFEE36843F00403E3603368AF
:104E0000A3602846F8BD0020E3E71C60C7F8D04047
:104E1000EEE76FF0150506E06FF0120503E01B07E3
:104E2000DFD56FF00F0500233360EAE7B0330020D1
:104E3000F8B5C368064603F00503002B0C4614BF03
:104E4000012700271CD085680122002104F11000F1
:104E50000BF0D4FD204613490BF058FEE36843F0F5
:104E60001003E360F3685B0712D5336823606BB906
:104E7000D5F8D03033B9C5E9334428460BF0E5FD09
:104E80003846F8BD1C60C5F8D040F6E73460F4E75A
:104E9000D5F8CC302360D5F8D030C5F8CC40002B05
:104EA000EBD1F0E72B0A0300014601480BF04ABEA4
:104EB000F0330020F0B50446002089B00E9DC4E90F
:104EC000330004F1D400C4E9350004F1DC00C4E986
:104ED000370055B32879002840F2011008BF01209F
:104EE000C4F8E40000204FF0FF364FF0FF37CDE963
:104EF0000330CDE90100CDE9066720460C4B009454
:104F000000F044F955B1296811B1204600F076F857
:104F10006B791BB1A38943F00103A38120460BF0F9
:104F2000DFFFC4F8C84009B0F0BD0120D8E700BFDA
:104F3000F14B020037B501900846EFF31184402190
:104F400081F31288BFF36F8FC16811F01E0F16D165
:104F500053EA020508D101A9FFF718FF84F311886D
:104F6000BFF36F8F03B030BD41F00801C1600199FC
:104F700010308161034900F0CDFD0120EEE70020F3
:104F8000ECE700BFBF0A030001460148FFF7D2BFAC
:104F9000F0330020F7B50C4616461D460190EFF39E
:104FA0001187402383F31288BFF36F8F08460BF0FD
:104FB0003DFD55EA060309D1204601A9FFF7E6FEAB
:104FC00087F31188BFF36F8F03B0F0BDE3683246FB
:104FD00043F00803E360019B0449A36204F110005D
:104FE0002B4600F097FD0120EAE700BFBF0A03004F
:104FF00001460148FFF7CEBFF033002010B504464C
:1050000008B9054B9C681F2204F18C000DF054F880
:10501000002084F8AB0010BDB03300202DE9F0472C
:105020000C4681B37AB3002590F81090174F561EA6
:105030006019B9F1000F04D104F805902046BDE8CD
:10504000F087B7F804A019EA0A0F1AD0FB88A6EB7C
:105050000508984528BF9846396842460CF0C4FFB9
:1050600039EA0A0945440CD0A6EB0508B8F1010F4E
:1050700028BF4FF001086019424605490CF0B4FF03
:1050800045440837D4E7034CD8E700BFD4520300A7
:1050900065C20300456403002DE9F04F984685B0D2
:1050A00000F16803C0E91A33129B0F468381042381
:1050B0000026044603740732119B22F0070A524669
:1050C000837301EB0A05C0E906668660C673AA21F0
:1050D0003846DDF838B0DDF84C900CF0ABFF2946CF
:1050E0002046EDF72FFA109B073020F00700C4F898
:1050F000B400C4E92B7A02930F9B2D1ACDE900B3BB
:105100002A46434639462046FDF7D6FC0F9BC4E9A4
:105110001E8BC4F88030109B6666C4F88430EFF3B1
:105120001183402282F31288BFF36F8F164FBA6A41
:10513000BC62C4F8882083F31188BFF36F8FB9F184
:10514000000F0FD01F22494604F18C000CF0B4FF71
:1051500084F8AB60BB6843B9C4F8B830284605B0E2
:10516000BDE8F08F84F88C90F4E7D3F8B8301022C3
:10517000C4F8B830002104F130000CF05BFF0123CB
:1051800084F83830EAE700BFB0330020F0B50025DE
:1051900087B00595109DDDE9127604950F9D0446B4
:1051A00003950E9D02950D9D01950C9D0095FFF7B1
:1051B00073FFB6F1FF3F08BFB7F1FF3F05D056EAD6
:1051C000070305D120460BF08BFE204607B0F0BD4B
:1051D0003A46334604F11800014900F09BFCF4E71D
:1051E000F10D0300014B986800F0ACBEB033002015
:1051F0000123037483810023C0E92B33C0F8B83046
:10520000014B9860704700BFB03300206FF00A0177
:10521000094A9368C3F8C4100849C3F8C0004B6832
:1052200043F080534B60002383F31188BFF36F8FEB
:105230009368D3F8C4007047B033002000ED00E05D
:1052400070B590F91020037C002A2FDBD9062DD1F0
:105250001A4C63F07F032246037452F8203F616AC0
:10526000934207D1C0E90021086060620FE09942D3
:10527000F8D01B68002BF5D093F90E6090F90E5012
:10528000AE42F4DD5968C0E9003108605860256A13
:10529000954200D005B9E568A3681A7CD20606D10C
:1052A000DA897F2A03D9AA690AB9E36170BDAB42E2
:1052B00002D0284600F04EFBE561F7E7B03300204E
:1052C00038B590F910200146002A037C04DA03F077
:1052D0007F0303740BF006FD0D4D2A4652F8204F54
:1052E000AB68944200D004B9EC688B4207D01A7CBA
:1052F000D20604D1DA897F2A01D9A2692AB1A34250
:1053000002D0204600F026FB2346EB6138BD00BFEB
:10531000B0330020B3F1FF3F08BFB2F1FF3F03D02D
:105320000249183000F0F6BB704700BFF10D0300D2
:10533000034648B9EFF3058232B9064AD16992684B
:10534000914201D0FFF762BF83F31188BFF36F8FE3
:10535000704700BFB033002038B5184CA168606AB0
:105360000B68814214BF1A46002249680B605960DD
:10537000A368616A2AB9124AC3E900210B6063621B
:105380000AE092F90E5093F90E00854212DD516841
:10539000C3E900210B605360256A094B9D4200D090
:1053A00005B9E568A3689D4202D0284600F0D2FA0C
:1053B000E56138BD8A42DED01268DBE7B0330020F9
:1053C000D0330020F8B5394C0546A268824224D17A
:1053D000EFF305830BBBEFF31186402383F31288B1
:1053E000BFF36F8F137C03F07F0343F0100313743C
:1053F0000BF078FC234653F8205F9D4200D005B99E
:10540000E568A3689D4202D0284600F0A3FA304622
:10541000E561BDE8F840FFF7F9BEEFF311874023DF
:1054200083F31288BFF36F8F2B7CD90604D587F3E3
:105430001188BFF36F8FF8BDD90943F010022BD14B
:105440002A74266A1A4B9E4200D006B9E668A36801
:10545000B34202D0304600F07DFAA368E6619D4277
:10546000E5D1EFF30583002BE1D1AA89D20711D54D
:1054700087F31188BFF36F8F83F31188BFF36F8FAA
:105480000423184602DFEFF31187402383F31288C9
:10549000BFF36F8F3846BCE703F07F0343F0100380
:1054A00028462B740BF01EFCCBE700BFB033002066
:1054B000D0330020F8B5DDE906670D4B0C4698683F
:1054C00011460C4A1060EFF31182402282F31288D9
:1054D000BFF36F8F9D6828460BF016FC28463246B6
:1054E0003B46FFF717FF2046BDE8F840FFF78EBEAA
:1054F000B033002014470020F8B50446EFF31187BD
:10550000402383F31288BFF36F8F037C49B203F00B
:105510001F02002A0CBF0126002635D103F07F03AD
:105520002A4D03740BF0DEFB2A46037C817363F083
:105530007F03037452F8203F686A934207D1C4E99D
:10554000002004606C620DE09842F8D01B68002BCC
:10555000F5D093F90EC08C45F6DD5968C4E90031E9
:105560000C605C602C6A944200D004B9EC68AB68B3
:105570009C4202D0204600F0EDF9EC6187F31188DF
:10558000BFF36F8F3046F8BD9B071CD585680BF0C5
:10559000A9FB81732B689D4209D16B68C4E9005354
:1055A0001C606C60EAE76A689A42F6D01B68002BC0
:1055B000F3D093F90E208A42F5DD5A68C4E900322F
:1055C00014605C60DAE78173D8E700BFB033002075
:1055D000034648B9EFF3058232B9064AD1699268A9
:1055E000914201D0FFF712BE83F31188BFF36F8F92
:1055F000704700BFB0330020EFF31181402383F3E5
:105600001288BFF36F8F054B9A68D37B013BD3732E
:1056100081F31188BFF36F8F704700BFB033002054
:1056200070B5EFF31186402383F31288BFF36F8FB9
:105630000F4DAB68DA7B0132DA732A4652F8204FFD
:10564000944200D004B9EC681A7CD20604D1DA89FD
:105650007F2A01D9A2692AB19C4202D0204600F0DB
:1056600079F92346EB613046BDE87040FFF760BE34
:10567000B0330020024B03F12002C3E90822704737
:10568000B033002070B5EFF31186402383F3128806
:10569000BFF36F8F1A4CA168606A0B68814214BF18
:1056A0001A46002249680B605960A368616A2AB9EA
:1056B000144AC3E900210B6063620AE092F90E50BC
:1056C00093F90E00854216DD5168C3E900210B6095
:1056D0005360256A0B4B9D4200D005B9E568A3686D
:1056E0009D4202D0284600F035F9E5613046BDE81C
:1056F0007040FFF78BBD8A42DAD01268D7E700BF4F
:10570000B0330020D0330020F8B550EA010306463C
:105710000C4603D1FFF7B6FF0020F8BDEFF3118769
:10572000402383F31288BFF36F8F124D124BA8688A
:105730001860FFF7C5FDA868234632460F491830A8
:1057400000F0E8F9AA680446137C384643F00403E5
:105750001374FFF75BFDAB68D3E90A23B3F1004F85
:1057600008BF002AD8D10BF07EFC201A20EAE07096
:10577000D3E700BFB033002014470020F10D030031
:10578000014B9868704700BFB03300202DE9F84303
:1057900004468789EFF31186402383F31288BFF311
:1057A0006F8F037C190705D586F31188BFF36F8FC0
:1057B000BDE8F883D90943F0080272D10274A368E6
:1057C00013B120460BF096FA04F118000BF016FC0A
:1057D000A56E04F16808A84511D04FF0000975B115
:1057E00028460BF087FA05F118000BF007FC284655
:1057F000C5F8C490FFF724FDA56EA845EFD1DFF8EA
:10580000C480D8F808309C4253D1EFF30589B9F130
:10581000000918BF4FF00109D8F820502A4A9542D4
:1058200000D00DB9D8F80C50AB4202D0284600F099
:1058300091F82046C8F81C5006F006FB204600F000
:10584000D9F8B9F1000F02D02048FFF7D1FCD8F801
:1058500008309C4230D1EFF305836BBBA289D2079D
:1058600011D586F31188BFF36F8F83F31188BFF3CF
:105870006F8F0423184602DFEFF31186402383F372
:105880001288BFF36F8F3046FFF7C0FCFB078FD540
:10589000002383F31188BFF36F8F0423184602DFC0
:1058A00086E703F07F0343F0080303740BF01AFA52
:1058B00085E74FF00009AFE786F31188BFF36F8FDC
:1058C000E4E700BFB0330020D0330020D8340020FC
:1058D000D3B5DDE90667089CCDE90067FFF7EAFD6F
:1058E0001CB1034B9B685B69236002B0D0BD00BF55
:1058F000B0330020027C034612F01F0210D10A4987
:1059000088420DD00949086868B1D9897F2909D82A
:1059100093F90E20064B1B689A42B8BF00207047CF
:1059200000207047104670472032002034070020C6
:10593000184700200122044BC01A044BC0105843E2
:10594000034B1A54704700BFA0350020ABAAAAAA87
:105950002665002070B50C4B0C4D1E7CFFF7CAFF6E
:10596000182303FB0655044628460BF047FB00228C
:10597000074B9A553CB1621E2846BDE87040054968
:10598000D31700F0C7B870BDB0330020A035002099
:10599000266500203559020038B5EFF31185402304
:1059A00083F31288BFF36F8F0F4B104A9C68106807
:1059B000A04206D1FFF7CEFF85F31188BFF36F8FAA
:1059C00038BD00211B7C1160094AD35C002BF3D049
:1059D0002046FFF78FFF0028EED0237CDB0601D1A5
:1059E000FFF7BAFC2046E5E7B0330020144700205B
:1059F00026650020EFF31181402383F31288BFF363
:105A00006F8F0C4A936A834208D1D3F8883093622F
:105A100081F31188BFF36F8F70471346002BF7D0C7
:105A2000D3F888208242F8D1D0F88820C3F88820A3
:105A3000EEE700BFB0330020F8B505460E46EFF3A1
:105A40001187402383F31288BFF36F8F064B9C6A44
:105A500024B987F31188BFF36F8FF8BD2046314614
:105A6000A847D4F88840F3E7B0330020F8B50646DD
:105A70000F46EFF31183402282F31288BFF36F8F3A
:105A800015460C498C6A24B983F31188BFF36F8FD4
:105A9000F8BD83F31188BFF36F8F39462046B047B6
:105AA000EFF3118385F31288BFF36F8FD4F888402A
:105AB000E9E700BFB0330020024B1868984208BFE6
:105AC0000020704738070020034B1B680BB9F9F71B
:105AD00065BB0020704700BF1C47002030B570B187
:105AE0000B4B5B6898420AD0036843B1D3E90421A9
:105AF000D0E90445121941EB0501C3E90421D0E9BD
:105B0000003213605A600023C0E9003330BD00BF8B
:105B100038070020B3F1FF3F08BFB2F1FF3F2DE986
:105B2000F84F0446994615461F467AD08160EFF338
:105B30001188402383F31288BFF36F8FB9F1000FF0
:105B4000DFF8E4A020DBFFF7BFFFDAE9002701352B
:105B500049F100092D1849EBE07306464FF00109A1
:105B6000C4E90453AD1843EB0707FFF7A5FF03464D
:105B7000DFF8B8E0DEF804A0EBB9C4E900EACAF83F
:105B80000040CEF8044028E06FF00103DAE900128B
:105B90005B1A4FF0FF3161EB02025B1B62EB090203
:105BA000012B72F10001BCBF012300224FF000095C
:105BB000C0E90432D9E7D3E9041CD4E904208A42BD
:105BC00070EB0C0B24DA891A5A686CEB0000C3E9FD
:105BD0000410C4E9003214605C60FFF76DFF84427A
:105BE0000ED1134B1B685BB9B9F1000F02D1FFF75F
:105BF0006BFF064630460BF0EAF90021F9F7FEFA92
:105C000088F31188BFF36F8F28463946BDE8F88FB7
:105C1000521A60EB0C005345C4E90420ADD01B6858
:105C2000AAE700252F46EFE7B83500203807002007
:105C30001C4700202DE9F047DFF8A8900246C9F87C
:105C400000000D46FFF738FF00260027DFF8988098
:105C50004FEAE27ED8E9001350B1D0E9044CA242E9
:105C60007EEB0C0A1ADAA41A6CEB0E06C0E90446A5
:105C70000024521843EB0E032046C8E90023C9F85C
:105C800000400BF0A4F92146F9F7B8FA85F3118822
:105C9000BFF36F8FBDE8F047FFF77EBE611843EB9F
:105CA000E473C0E90467C8E90013FFF717FF012296
:105CB0004FF00043C0E9042385F31188BFF36F8FD1
:105CC00083689847EFF31185402383F31288BFF36D
:105CD0006F8FD9F80020121BC9F80020FFF7ECFEE7
:105CE000B6E700BF1C470020B835002010B5EFF321
:105CF0001184402383F31288BFF36F8FFFF7E4FE14
:105D00000346054AD2E90001181841EBE37184F318
:105D10001188BFF36F8F10BDB8350020F8B5044669
:105D2000EFF31187402383F31288BFF36F8FD0E91D
:105D30000423B3F1004F08BF012A04D087F3118870
:105D4000BFF36F8FF8BDD0E90A566A1C46F1000315
:105D5000022A73F1000334D3013D46F1FF36002ED1
:105D6000BCBF00252E460BF082F9013041F1000145
:105D7000401946EB0101012871F1000148DB0BF0ED
:105D800076F96FF00203013041F10001401946EB52
:105D9000010183426FF000438B413EDB0BF067F95A
:105DA000013041F100016FF00102401946EB01039F
:105DB0004FF0FF31121A61EB030320461949FFF738
:105DC000A9FE236B01332363236A63B187F3118830
:105DD000BFF36F8F20469847EFF31187402383F37B
:105DE0001288BFF36F8F54F8185FA542A6D0002D1C
:105DF000A4D028460AF0D7FF0023C5F8C43087F3A3
:105E00001188BFF36F8F2846BDE8F8400AF0A2BFA3
:105E10006FF001024FF0FF33CFE700224FF0004355
:105E2000CBE700BF1D5D02002DE9F04105461C4691
:105E300090461F46EFF31186402383F31288BFF389
:105E40006F8FB4F1FF3F08BFB2F1FF3F05D186F37A
:105E50001188BFF36F8FBDE8F081002C09DB012AA8
:105E600074F10003BCBF0122002412F1FF3844F199
:105E7000FF3728460BF0C2F8DDE906010023C5E92B
:105E80000A012B6342463B4628460249FFF742FE81
:105E9000DDE700BF1D5D020070B50546EFF311841C
:105EA000402686F31288BFF36F8F0BF0A7F820B15E
:105EB00084F31188BFF36F8F70BD6B6A63B184F395
:105EC0001188BFF36F8F28466B6A9847EFF31184F0
:105ED00086F31288BFF36F8F05F118000AF098FF60
:105EE0000028E5D00AF036FF2146BDE870400148A1
:105EF0000AF0A4BF2765002073B50446EFF31186AE
:105F0000402383F31288BFF36F8F8368594003EAFD
:105F100002050A4053400022009309496B46019252
:105F20000BF021F8DDE9003223EA020304F10C0052
:105F30003146A3600AF082FF284602B070BD00BF60
:105F40009D11030008B508F0E9FD012838BF0120C4
:105F5000014B586108BD00BFB033002070B5EFF3AE
:105F60001186402383F31288BFF36F8F0F4D6C6946
:105F7000ACB108F0D3FDAB6801282CBFC4EB000125
:105F8000C4F1010193F8382032B1D3E90C20521842
:105F900040F10000C3E90C2004480BF032F9002363
:105FA0006B6186F31188BFF36F8F70BDB033002033
:105FB0002DE9F04106460C46EFF31187402383F3A9
:105FC0001288BFF36F8F1C2343431A4D1AD108F078
:105FD000A5FD012838BF0120AB68696993F8382016
:105FE0008046411A32B1D3E90C20521840F100002A
:105FF000C3E90C200F480BF004F91C2303FB0653E4
:10600000C3F814801C2303FB0655AA69D2E90032A9
:10601000C4E90232E868D0E90C105B1842EB0002D8
:10602000C4E90410C4E9003287F31188BFF36F8F0D
:10603000BDE8F081B03300202DE9F04104460D4663
:10604000EFF31187402383F31288BFF36F8FDFF8DC
:106050005C80D8F80830834217D108F05FFD012832
:1060600038BF0120D8F8141094F838300646411A89
:1060700033B1D4E90C325B1842F10002C4E90C32AE
:106080000A480BF0BEF8C8F81460D4E90C23C5E93F
:106090000023C5E9022300220023C5E9042387F376
:1060A0001188BFF36F8FBDE8F08100BFB0330020CF
:1060B000F8B507460C4616460AF0BFFD08B10020A9
:1060C000F8BD0E4B9B68D3F8B850002DF7D0221DB9
:1060D000F5D2EFF31184402383F31288BFF36F8F5F
:1060E000284647F00401B04784F31188BFF36F8F4F
:1060F0000028E4D040F8045BE2E700BFB0330020A2
:106100000146024A0020FFF7D3BF00BFF78F02000D
:1061100001680E4A0346914215D1C169A2F11022CD
:10612000A2F1EF1291420ED18268012A0BD8C26807
:1061300012B101698A4206D0586928B19B691B1ABD
:106140005842584170470120704700BF55AA00FFD0
:1061500070B50E4B9E68B6B13046FFF7D9FF0446C6
:1061600018B9F3687BB935690DB9204670BD28466A
:10617000FFF7CEFF28B9EB68B34204D12E462D6954
:10618000F2E70446F1E70124EFE700BF20470020D3
:106190002DE9F041404D0646686988460BF04BF802
:1061A00018B100242046BDE8F0812C68DCB1AC6851
:1061B000CCB1002E6AD0B8F1000F69D008FB06F709
:1061C000B7FBF6F6B04565D1391D63D8BA0710D0D4
:1061D00027F003020432EC6803E0616891420AD2BE
:1061E000A469002CF9D168690BF02BF80028D9D0EC
:1061F000D7E73A46EFE7D4F808C0BCF1000F02D069
:1062000001200BF023FF891A232904F120061CD852
:106210000123A360D4E90523AAB19361A3690BB15B
:1062200062695A610023C4E905332B69DB0703D592
:10623000FFF78EFF0028E3D13A460021304634466E
:106240000BF0F8FECFE7EB60E8E702F1200023183F
:106250002039C3E9011CDC602169DFF840C0196105
:1062600044F800C00E48D86101B1CB606169596142
:10627000A069986141B18B61996901B14B610121BC
:106280002361C4E90121CDE7EB60F5E73446AAE7D5
:106290004446A8E70446A6E72047002055AA00FF89
:1062A000669911EE70B5424E054670690AF0C3FF5B
:1062B00000287BD1002D5FD03368002B5CD0B26802
:1062C000002A59D09D4203D3726813449D4202D3E1
:1062D00001200BF0BBFEA5F120042046FFF718FFBC
:1062E0000028F5D155F8183C012BF1D155F8143C94
:1062F00045F8180CC3B19A68002A42D155F81C2CF5
:1063000002F120015A680A445A6055E905321A61BF
:1063100055F8145C2B6903B1DD6020462022002172
:106320000BF088FE23462C462069002836D0826870
:10633000002A33D1636842682033134463600369E1
:106340002361D4E90523F2B923BB43696361826900
:10635000A2610BB39C61A36903B15C61236903B1C2
:10636000DC60202200210BF065FE33699B0703D51A
:10637000FFF7EEFE0028ABD17069BDE870400AF06F
:1063800060BF0023D0E79361A369002BDDD0626971
:106390005A61DAE7F360F7E7F460DCE7002BE4D159
:1063A000F368A36103B15C61F460DEE770BD00BF18
:1063B0002047002070B50C46164E142200210546D9
:1063C00030460BF037FE144870610AF032FF134973
:1063D000134800F035F8232C1BD915F003031FBF19
:1063E000043CE418C3F10403ED18224600212846BA
:1063F0000BF020FEC6E90054203CB5606C60B36829
:10640000084A1A60B368A2F11022A2F1EF12DA6111
:10641000F36070BD2047002040070020A562020005
:106420009161020055AA00FF014B1B68184700BF8D
:10643000A4070020014B1B68184700BFA0070020DD
:10644000024B1860024B002019607047A40700201F
:10645000A007002010B50A46044619B1024B0021DE
:106460001B68984710BD00BF145303000E4B034038
:10647000B3F1607F06D1B1F5885F0CBF00206FF0EB
:1064800086007047B3F1707F0BD101F4E043B3F5A0
:10649000005F06D111F4E06F14BF00206FF086009A
:1064A00070476FF0860070470000C07F8A42F8B5E1
:1064B00006460D4600F00A8101F0FE41B1F1C06FC1
:1064C00061D1884C22F4FF7121F00101A14222F038
:1064D000FF0014D004F58854A04210D022F47F7637
:1064E00026F00306A4F57064A64208D004F5A06463
:1064F000A04204D004F57454A14240F0EB80D1B224
:10650000784E19B922F48061B14224D125F4FF7488
:1065100024F00104B44225F0FF0112D0724EB142C2
:106520000FD025F47F7727F00307A6F57066B742F2
:1065300007D006F5A066B14203D006F57456B44202
:1065400009D115F0FF0406D0684E44F00074B4423F
:1065500004BF02460D468BB122F4FF7323F0010302
:10656000B3F1062F06D0624B22F4FF6121F0070140
:10657000994203D122F4807225F48075954214BFAC
:1065800000200120F8BDB1F1A06F16D102F0FE434A
:10659000B3F1A06F40F0888082EA050333F47E13E4
:1065A00040F0828028047FD5C5F30540C2F3054240
:1065B00090428CBF00200120E4E74E4B9D4209D160
:1065C000A3F500439A4200F081804B4B22F47E10E9
:1065D0009842D4E7B1F1407F60D102F0FE43B3F1BD
:1065E000407F5BD182EA050030F47E1456D13146FB
:1065F0002846FFF73BFF00286AD1404912F47C1778
:1066000001EA020113D0B1F1607FC2F3054333D137
:10661000D1B241F0007101F17E410339122901D854
:106620003748445C15F47C1F2DD19C42A7E7B1F19B
:10663000607F0AD1D3B243F0007303F17E43033B82
:10664000122B4BD82F49CB5CE2E7B1F1707F17D109
:1066500006F4E043B3F5005F42D10123C6F3022103
:106660008B4006F4E041B1F5005FDBD10120C6F3B9
:10667000022600FA06F4D5E7B1F1707FD2D1F0E737
:1066800000242346CEE71FB9C5F30541A1421DD022
:10669000290403D5C5F3054098428AE71A4B9D4269
:1066A00002D1B2F1082F6AE725F0004323F47F03FB
:1066B000B3F1106F0CD102F0FE43B3F1106F07D1AC
:1066C0001248104040F01060A84258E7012059E7F6
:1066D000002057E7002B7FF446AF4FE7002397E7F2
:1066E0000023BEE70002000600130006FF000002C0
:1066F000004000060093C004000140050000C07F78
:106700007AC503007AC503000002C0030000FFF64B
:1067100070B505460F480E460AF08DFD044618B1C7
:106720006FF08F04204670BD6B6933602B7F012BA7
:106730000ABF022330602B77064818BF6FF096041B
:106740000AF07FFD0028EDD0002CE9D06FF0960410
:10675000E8E700BF8807002038B50C4C0C480AF069
:106760006AFD65780A480AF06CFD0A480AF063FD84
:10677000022D08D12478E31F5C425C4105480AF0F1
:1067800060FD204638BD0024F8E700BF38470020F0
:1067900058070020700700202DE9F047894615466C
:1067A0001C4600F0B7FB0646002851D1D9F800700E
:1067B000B7F800A00AF4E043B3F5804FBB6808BF08
:1067C00025F0010535EA03033AD1002C40D0B5F598
:1067D000006F40D0A5F5005255425541284A24F497
:1067E000FF7323F00103934213D0264924F0FF02E4
:1067F0008A420ED024F47F7020F00300A1F570616E
:10680000884206D001F5A0618A4202D01E4A934216
:1068100023D114F0FF0304D01C4A43F000739342C9
:1068200022D02B4622465046F968FFF73FFE8046AD
:1068300070B92B46224650463969FFF737FEE0B95A
:106840006FF0840600233846C9F8003000F02CFCB5
:106850003046BDE8F0870125C0E704F0FE43B3F100
:10686000407F04D12304DCD56FF08606EAE7B3F15C
:10687000A06FF7D0054B9C42D2E74646E8E700BF41
:10688000000200060013000600460006FF0000029A
:1068900038B500F0FE43B3F1407F04460D4602D008
:1068A0006FF0860038BDFFF7E1FD0028F8D114F441
:1068B0007C1F18D0C4F30543032B137022D9224A3E
:1068C0002240B2F1607F31D1E4B244F0007404F1AF
:1068D0007E44033C122CE3D81C4A125D9342DFD85D
:1068E000142BDFD90EE0184B2340B3F1607F0FD19A
:1068F000E3B243F0007303F17E43033B122B04D950
:10690000002313706FF08500CCE71149CB5CD3E70F
:10691000B3F1707FF4D101F4E043B3F5005FEFD140
:106920000123C1F302218B40DBB2C5E7B2F1707FD6
:10693000B6D105F4E042B2F5005FB1D10122C5F352
:106940000225AA40CAE700BF0000C07F7AC5030045
:106950007AC503002DE9F3414768D0F81480044656
:1069600038460E460AF02CFE0546E8B9FFB22FB9AC
:10697000B8F1000F05D06FF0860515E0B8F1000FF3
:10698000F9D0A36823F0031323F47F43002BF2D143
:106990004FF6F87362889A4228D8164827790AF089
:1069A0004AFC28B16FF08F05284602B0BDE8F0819F
:1069B00007B901A8314600F063FA05460D480AF010
:1069C00040FC10B1002DEFD1ECE7002DECD10FCC45
:1069D000D6F800C066460FC694E8070086E80700B0
:1069E000002FE1D1019BCCF81430DDE76FF0850575
:1069F000DAE700BF8807002010B5044650B106480A
:106A00000AF019FC20460AF003FDBDE810400248D8
:106A10000AF017BC10BD00BF8807002013B504465C
:106A200010B301A900F076FA0446E8B91F480AF04D
:106A300002FC58B1002401980AF0ADFD002818BFEF
:106A400004461A480AF0FDFB70B10AE00198037F82
:106A5000032B11D10AF09FFD044614480AF0F1FB04
:106A600028B10CB96FF08F04204602B010BD002C85
:106A700008BF6FF08704F7E7022B10D103230377D9
:106A80000379FF2B0ED04369094A03F14043A3F574
:106A900080539342CED800F0E3FB0446CBE76FF07F
:106AA0009604C8E76FF08404C5E700BF880700209C
:106AB000FFDFFF3F2DE9F04190461E46002288B0DF
:106AC000038805460F460592CDF81C803260B8F168
:106AD000000F65D0B8F1005F80F0A18023F0FF03C4
:106AE000B3F5E24F02D0B3F5824F25D128460AF024
:106AF000B7FB0446002840F08680EB6883B16A88C3
:106B000072B12B8803F44F41B1F5824F02D0B1F539
:106B1000884F05D1DBB2222B36D02CD8122B38D09F
:106B20003A46002308EB070112F8010B8A4243EAB8
:106B30000003F9D1002B33D0284605A9FFF70AFF3F
:106B40000446A0B9059B9B6A6BB3059B39465A88DE
:106B50002846069206AA029203F1280201929A6A36
:106B600000925B6A424600F0E5FA044680B305985D
:106B7000FFF742FF47E0273BDBB21B2BD0D8294968
:106B800021FA03F3DB07CBD50732B8EBD20FC7D21C
:106B900006E040F209239A42F6D1B8F1400FBFD87F
:106BA0006FF086042FE06B681B0A07D107990598E0
:106BB0000AF0EEFB04460028C7D0D8E74246394623
:106BC000284607AB00F086FA04460028EED0CEE750
:106BD0000599069B4A88D2B94B804FF6F873069AFE
:106BE0009A4219D82B88059813B102889A4210D17D
:106BF0006B8813B142889A420BD13146FFF788FD6A
:106C000004460028B3D1204608B0BDE8F0819A427E
:106C1000E3D06FF08604AAE76FF08504A7E76FF072
:106C20008504F0E70102000C38B504460D46FFF775
:106C300093FD30B12A462146BDE8384002480AF0AB
:106C4000E9BC6FF0880038BD3C47002010B51B4CF4
:106C50001B480AF0F0FA2378590744BF03F0FB03FE
:106C600023709A0705D500F0F1F8237823F002038A
:106C7000237013480AF0E5FA12480AF0DCFA637848
:106C800013B111480AF0C9FC002304210E486370B7
:106C9000FFF7E0FB0B480AF0D4FA09480AF0CBFAF8
:106CA0002378DB0705D50AF094FC237823F0010351
:106CB00023700348BDE810400AF0C3BA38470020EB
:106CC00070070020580700203C47002070B5FFF7F0
:106CD00043FD10B10024204670BD34480AF0ABFAE1
:106CE000044620B16FF08F04FFF7B0FFF3E7304D9B
:106CF0002B789E0706D400F0A1F804462B7843F0C9
:106D000002032B7029480AF09CFA10B1002CE9D03C
:106D1000EAE7002CE8D125480AF08DFA044600285D
:106D2000E0D12B78D80706D40AF051FC04462B7822
:106D300043F001032B701D480AF083FA0028E5D1C7
:106D4000002CD1D119480AF076FA0028CAD1174888
:106D50002E780AF076FA0028C4D116480AF06BFAA9
:106D600004460028BED16B783BB9F10705D512481F
:106D70000AF04DFC022304466B700E480AF061FADB
:106D80000028C3D1002CAFD108480AF054FA0028DB
:106D9000A8D12B7805485A075CBF43F004032B7039
:106DA0000AF04FFA002895D09CE700BF700700203A
:106DB00038470020580700203C47002038B500F134
:106DC00040430F2B0CD82C221A4C02FB0344237F88
:106DD000022B02D16369834224D06FF08B001AE04A
:106DE0006FF04042441E94420ED2124B00221C46C9
:106DF0001D7F022D02D15D69854210D00132102A1B
:106E000003F12C03F4D1E8E70B4AA3F58053934236
:106E1000EBD96FF0870038BD6FF09600FBE72C23AD
:106E200003FB024420460AF0A9FB0028F4D10C60C1
:106E3000F1E700BF40470020FFDFFF3F0122024B88
:106E4000002083F8C0227047404700202DE9F04120
:106E50000A4C002526464FF0010803272046C4F8B7
:106E60002080277701350AF0D3FA102D04F12C0485
:106E7000F4D1002386F8C032BDE8F08140470020FD
:106E8000F8B5214D064621480F460AF0D4F995F889
:106E9000C0421E480AF0D5F97CB300242B46224696
:106EA000197FD1B13CB9022905D1196A19B91979EB
:106EB000002918BF1C460132102A03F12C03EFD120
:106EC00014B96FF08C0006E020460AF057FB20460C
:106ED0000AF09EFA10B100240DE01C46237F7BB916
:106EE0000123237736B10A4B651BAD105D4305F1D5
:106EF0008045356000203C60F8BD6FF08800EAE70F
:106F00006FF09600E7E700BF4047002070070020C1
:106F1000A38B2EBA0023F0B5054691B05E480B60F6
:106F20000E460AF088F95D4B5B4893F8C0420AF0C0
:106F300088F9002C00F0AC8059480AF07CF907462B
:106F400020B16FF08F04204611B0F0BD31462846C5
:106F5000FFF734FF10F18C0F044607D050480AF0B9
:106F600070F90028EFD0002CEDD1EAE73846FFF7A2
:106F700087FF074620B14A480AF063F93C46E2E73A
:106F80000122336801465D61336809A85A601C22FA
:106F900035680BF04FF8002200236869CDE906231D
:106FA000404A00F14043A3F580539342CDE9047772
:106FB00003971DD806AA03A90AF032FB0446B8B904
:106FC000039B6A690A93DBB2002B08BF00220346C9
:106FD000CDE90000DDE906010E9209AA00F0DCF817
:106FE00010F18A0F04460ED0002808BF6FF09604F7
:106FF00030680AF00DFA14F18C0F08BF6FF08704A7
:1070000000233360AAE704A909A800F07BF804462E
:107010000028EDD1284604990AF0BAF90446002860
:10702000E6D1DDE9060105AB0193AB6A09AA00933D
:107030006B6A00F0B1F8044618B128460AF0DDF991
:10704000D6E72C46059BAB6209AD0FCD0FC495E882
:10705000070084E8070032689368D80414D49904C0
:1070600044BF43F40063936033681A7F012A04BF6E
:1070700002221A7730680AF081FA044600283FF4A9
:107080006DAF6FF09604BBE743F480639360E6E76F
:107090006FF0880457E700BF7007002040470020CA
:1070A00088070020FFDFFF3F10B5044608480AF0BC
:1070B000C2F840B920460AF06EFA044604480AF0C5
:1070C000C0F810B10CB96FF08F04204610BD00BF9E
:1070D0008807002010B41946002443680C60074C50
:1070E0001A0AB4EB132F02D0054B9A4202D110BCFE
:1070F00000F0A4B96FF0860010BC7047004E80000D
:107100004B4E800010B4002443680C60074C1A0AF0
:10711000B4EB132F02D0064B9A4202D110BC00F000
:107120008DB96FF0860010BC704700BF004E800024
:107130004B4E80002DE9F04FDFF854B0D0F804E05A
:107140000446DDE90989BBEB1E2F0D4616461F4696
:10715000DDF82CA04FEA1E2C0AD0DFF838E0F44509
:1071600006D0BCF1000F0FD1BDE8F04F0AF023B9F3
:107170003B46324629462046CDE90A9ACDF824807E
:10718000BDE8F04F00F08EBB6FF08600BDE8F08FD9
:10719000004E80004B4E8000F0B4DFF82CC05468E5
:1071A000DDE90456BCEB142F4FEA142702D0074C3C
:1071B000A74204D1CDE90456F0BC00F0B9BB6FF092
:1071C0008B00F0BC704700BF004E80004B4E80002B
:1071D000F7B5089E0E4FF5B2044645F000754868B5
:1071E000BD424FEA10200DD010B10A4DA8420CD17B
:1071F000009604F108000AF0BFFA08B905232360DD
:1072000003B0F0BD6FF08500FAE76FF08600F7E796
:10721000050000024B4E8000F7B5089E0E4FF5B2F8
:10722000044645F000754868BD424FEA10200DD075
:1072300010B10A4DA8420CD1009604F108000AF0E2
:107240009DFA08B90523236003B0F0BD6FF08500F7
:10725000FAE76FF08600F7E7050000024B4E80006A
:107260004268044BB3EB122F01D10AF052BB6FF00E
:10727000850070474B4E800010B50C4C20680AF01A
:107280007FFE0B4A1368591C11604BB9094A48200C
:10729000D2F8003443F00703C2F80034EBF7ACFC3B
:1072A0002068BDE810400AF071BE00BFAC070020A6
:1072B000044A00200080045038B5164D28680AF0B2
:1072C0005FFE154B1C68013C1C60ECB94820EBF7D5
:1072D000A1FC0722114BC3F80823D3F8002422F0A5
:1072E0000702C3F80024C3F80041D3F80021C3F813
:1072F0000441D3F804214FF48072C3F80841D3F855
:107300000831074BC3F888212868BDE838400AF0E7
:107310003DBE00BFAC070020044A0020008004509E
:1073200000E100E070B5144D144E2B68B34221D03B
:10733000FFF7A2FF01F01AF801F056F838B10AF091
:1073400071F90446FFF7B8FF44B92E6006E0FCF778
:10735000C9FE28B1FFF7B0FF6FF09204204670BD60
:1073600000F0A8FC044610B1FFF7A6FFF6E70AF00C
:1073700087FBE6E70024F1E7A8070020117365000A
:10738000F8B505460E4618461C2117461C460AF05D
:107390001FFE6B6821491A0AB1EB132F1BD1204A3B
:1073A000337822611F4A13F00303E26066610CD058
:1073B000023303F00303012B26D86B880733DB0865
:1073C0006360194B23600020F8BD6B880733DB082E
:1073D0006360164BF6E7164B9A4212D16A69154B59
:1073E0001344022B13D90023224642F8183FC4E964
:1073F000033362616A69104B9A4201D12023E7E7A7
:1074000047B1C4E90067DEE76FF08400DCE76FF0A6
:107410008500D9E76FF09600D6E700BF4B4E80009D
:1074200055790200591A03000000002040008151E4
:10743000004E8000FF3F008004C0FF7F10B5114C5C
:107440004368B4EB132F4FEA132219D142690E4B54
:107450009A420CD003F5FF437D331344012B03D82C
:107460000388B3F5105F07D06FF0860007E047F29E
:10747000121302889A42F6E7022300200B6010BD27
:10748000024BF7E7004E800001C0FF7F4B4E8000AB
:1074900000212DE9F043064695B0084600F0EAFECB
:1074A0000DF12705044625F01F0520B115B0BDE8F4
:1074B000F0430AF0B7B84FF01009DFF880800122DE
:1074C00010211F480AF01AF91D4A2B190093202198
:1074D0001023CDF80490A2F1200000F021FD074612
:1074E00050B1002000F0B4FE38460AF09BF8074681
:1074F000384615B0BDE8F083D8E90C3210340133BA
:1075000042F10002302CC8E90C32D8D100F0A0FEC4
:1075100026B12246314628460AF0E3F82E46074CAB
:107520000FCE0FC496E80F00203584E80F0095E8D1
:107530000F00103484E80F00DAE700BFC0350020E8
:10754000E0350020F0B5194D194FAB6B8DB0BB4243
:1075500029D0184E30680AF013FD40230022194646
:1075600028460AF02AFD302168460AF0D1F8044680
:1075700078B96846FFF78CFF044690B9302302467D
:10758000194668460AF019FD01220023C5E90C23BB
:10759000AF6330680AF0FAFC20460AF043F80DB0F9
:1075A000F0BD0E24F5E70020F9E700BFC03500204C
:1075B000B4A5B4A5B00700202DE9F04F99B00DF1A6
:1075C000570902F10F0A04468846154629F01F099B
:1075D0004FEA1A1A32B1002900F08580B2F5803FD7
:1075E00000F28180414F424E38680AF0C9FCD6E96A
:1075F0000C32134308D12046FFF7A4FF044618B10C
:1076000038680AF0C3FC5AE0D6E90C231AEB0202F0
:1076100043F10003B3F5803F14D3302102A80AF0F0
:1076200077F8F8B902A8FFF733FF04460028E7D13E
:1076300030230246194602A80AF0BFFC00220023AC
:10764000C6E90C230021084600F014FE044660B988
:1076500010249DB9284600F0FBFD2846FFF718FFCF
:107660000446CDE76FF09204CAE738680AF08EFC52
:10767000204619B0BDE8F04F09F0D4BF102D4FF0EF
:1076800001024FF010011B48AB4628BF4FF0100B12
:107690000AF034F8174A10232021CDE90094A2F112
:1076A000200000F03DFC824668B1002000F0D0FDD3
:1076B00038680AF06BFC504609F0B4FF04462046D7
:1076C00019B0BDE8F08F5A46404649460AF08CFC96
:1076D000D6E90C32013342F10002C6E90C32A5EBC7
:1076E0000B05D844B5E76FF08604E8E7B007002043
:1076F000C0350020E0350020F0B40568049C65BB6F
:1077000014F47C1604600AD0C4F30546164D24F424
:107710007E14AC42466024D1F0BC00F075B8134D25
:107720002540B5F1607F0AD1E5B245F0007505F15D
:107730007E45033D122DE9D80D4E765DE6E7B5F1A5
:10774000707FE3D10D8805F4E047B7F5005F02BF15
:107750000126C5F30225AE40D8E76FF08800F0BCE3
:1077600070476FF08500FAE70002C0030000C07F99
:107770008DC5030010B4046844B15AB1084B24F419
:107780007E149C4208D110BC0AF00EB86FF088003D
:1077900010BC70471046FBE76FF08500F8E700BFAC
:1077A0000002C003F8B51E46036805460F4603B342
:1077B00011B34168914222D8124A23F47E139342B6
:1077C00011D10AF06EF8044678B905F10C0138467B
:1077D0006A680AF009FC6B684FF4AA7128463360A6
:1077E0000AF0F6FB03E06FF09604002333602046B6
:1077F000F8BD6FF08804FAE76FF08604F7E76FF0E2
:107800008904F4E70002C0032DE9F0410E461C464E
:1078100033880546B3F5105F11463CD10F2C0BD8C9
:1078200073681E481A0AB0EB132F07D01C4B9A42FC
:1078300004D06FF086042BE0202CFAD805F59A7757
:107840002246384605F58C780AF0CEFB22464346A0
:1078500039463046FFF794FD0446C8B905F13406B1
:107860000121304600F006FD18B1BDE8F04109F0F5
:10787000D9BE414605F1200000F0A0FB0446304689
:1078800000F0E6FC0CB12046EFE710232C77AB604C
:107890002046BDE8F0816FF08504F9E74B4E80008B
:1078A000004E80002DE9F04F1D4600238BB0DDF81F
:1078B0005890DDE9146AC9F8003004460F46904636
:1078C000CAF8003066B34268184BB3EB122F2AD1C6
:1078D00002A9D0F814B0FFF7B1FD0146C8B9029B68
:1078E0009E421AD35FFA8BFB594643463A462046DE
:1078F00000F080F8014660B92B465846CDE9006A91
:1079000003AA00F039FA014618B9BDF80E30C9F8DB
:10791000003008460BB0BDE8F08F6FF08901F8E742
:107920006FF08601F5E76FF08501F2E74B4E8000BE
:1079300030B4074C041961F10005032C75F1000502
:1079400002D330BC00F018BA6FF0850030BC70472D
:10795000FF3F008008B503789B0705D005486021EC
:107960000AF036FB002008BD0AF08AF80028F5D09E
:107970000220F8E70000002030B51D49436885B0BB
:10798000B1EB132FDAB230D1032A03D16FF08400A8
:1079900005B030BD406903AA02A909F0FCFF002828
:1079A000F6D1DDE9024529462046FCF7C9FB00284F
:1079B000ECD19DF8043005F0070223F01F0343EAE1
:1079C000820301A88DF804308DF80540FFF7C2FF4F
:1079D0002946204609F0BEFF20B905B0BDE8304079
:1079E0000AF011B86FF09200D2E76FF08B00CFE78A
:1079F0004B4E80002DE9F04F8BB01C4607460D46DC
:107A000016460AF000F8034628B16FF09208404687
:107A10000BB0BDE8F08F7A690290C2F3013161F3D7
:107A200005138DF8083013F0300305D1B8688007CE
:107A30000DD06FF08608EAE7102B08D1BDF80A30A8
:107A400023F4F87343F4A873ADF80A306EE0F868D5
:107A500000F0FE4CBCF1A06F46D0DFF840E2B7F872
:107A600000C070453DD0DFF838E270453CD11420AD
:107A7000029A60F393320292BCF5105F2ED100227D
:107A80004FF0010B904610469446D7F808E0DFF817
:107A9000149259F804AB1EEA0A0F08D00BFA0CF244
:107AA00042EA080202F07F08012240EA0A000CF1D3
:107AB000010CBCF1070FECD12AB19DF80B2068F343
:107AC00047028DF80B203EEA000007D17A88FF2A92
:107AD00015D00CD8802A3DD0C02A3DD06FF0850843
:107AE00095E72420029AC4E7D2B2F82AC6E7B2F595
:107AF000807F33D0B2F5C07FF0D1062200E00322B0
:107B00009DF80A0062F306108DF80A0013B91EF002
:107B1000030F8ED13B79022B2DD021D8012B88D198
:107B2000BDF80A2063F3C812ADF80A2001293AD043
:107B3000032925D000297FF47CAF3B88B3F5105F83
:107B4000CCD1182C04D0202C02D0102C7FF471AF93
:107B5000554F2CE00122D3E70222D1E70422CFE7E0
:107B6000032B02D0FF2B7FF464AF0222BDF80A3052
:107B700062F3C81368E7BDF80A3043F4C07363E7E3
:107B8000202C05D006D8102C02D0182C7FF451AF31
:107B9000464F0CE024F02003412B01D0302CF5E7B8
:107BA0000136013CF4E7302C7FF443AF404F0F34F3
:107BB0004FEA1419494628460DF1070208F0B5FBB3
:107BC00000287FF422AF9DF807307BB9494628464C
:107BD00003AAFCF71FFB00287FF417AF9DF80C30B9
:107BE000002B7FF412AF6FF08A0810E71F2C39D1F9
:107BF0001C22002103A80AF01DFA4FF0000B4FF0E1
:107C0000FF3A07EB0B124FEA0B130892BBF1000F80
:107C10002FD1029A0992BDF80A203344C2F3C1124F
:107C200007920DF10C0C03F1100E624618685968AA
:107C3000083303C273459446F7D10021012005EBB8
:107C40000B0808F083FB414603A8FCF759FA002112
:107C50008046084608F07AFBB8F1000F0CD009F016
:107C6000D2FED2E64946284609F074FE0028BFD06D
:107C7000CBE6CDF824A0CEE71C2103A80BF1010B25
:107C80000AF0A6F9D945BCD11F2C3FF4C0AEBA20EA
:107C900009F0A8FE00283FF4BAAEB6E60002C00321
:107CA00000444004185303004000815100000020AC
:107CB0001084045010B590B01C22002101A80AF0D5
:107CC000B9F90221F8200DF1030208F02EFB044659
:107CD00020BB9DF80330F3B120220DEB0201FFF72A
:107CE0006BFC0446B8B94FF480710E4A0E4B01A8E4
:107CF000CDE901230D4BCDE903130D4BF82106937C
:107D000020230DEB0302FFF775FE202104460DEB47
:107D100001000AF05DF9204610B010BD6FF092042A
:107D2000F9E700BF00240001014B4E800010C004A1
:107D3000F800FF7F73B5C5B20E46284601A9144668
:107D400009F0E9FD88B9BDF80630C3F3C113013B62
:107D5000DBB2022B8FBF6FF08600054AD25C054B69
:107D60009EBF13433360C4E9005002B070BD00BF32
:107D7000A0C50300004B4E802DE9F74F9846009BAD
:107D80000C46C3F30D03694683461546009309F07C
:107D9000C2FD48B9BBF1F80344F1FF34022B74F182
:107DA000000404D26FF0860003B0BDE8F08F009BA2
:107DB0009DF80240BDF802609DF80300C3F38539C9
:107DC000C4F30214C6F3C1164FEA500A09F01BFEB1
:107DD00010B16FF09200E7E7002DE3D09DF800109E
:107DE00011F00F0340F08480721ED2B2022A00F21A
:107DF0008280454801F03006805C444A102E42EAF9
:107E000000026A602FD1424B2B60284601A9FFF780
:107E100015FB0028C8D1019B0C9A934271D80D9A8A
:107E2000072C13609DF8003098F80020C3F301136D
:107E300063F3010288F800204BD0042C56D8012CA3
:107E400005D0063404F00704022C42D8022498F826
:107E50000030202E08BF023464F3840388F8003019
:107E600088F801B0A0E7504619462A4AE0B9C8048C
:107E700054BF0B4641F480639A0448BF43F4006347
:107E8000B9F1140FAB6019D0B9F1240FA1D1224B75
:107E90004FF41052EB60631E2A80052B19D8DFE8DF
:107EA00003F0230F1B1D1820C70704D5062B25D868
:107EB00052F82370394340080133D7E7174BE7E7FF
:107EC000C0236B80002EA0D18B079ED06FF0960050
:107ED0006AE76FF0980067E7FF23F2E74FF48073DB
:107EE000EFE74FF4C073ECE78023EAE70324AEE743
:107EF0006FF0880058E76FF0910055E76FF083004E
:107F000052E76FF089004FE7A0C50300004B4E8099
:107F100001108001185303000002C0030044400414
:107F200037B54FF480740194214C41F00051A161A8
:107F300040F6110143F00053A3622123E16104F1F3
:107F40002001616101212262E362069A194B01ADB1
:107F50001A60079A256042F000521125C3E9011208
:107F60002022DFF854C02061C4E902C504F11005E5
:107F700065606162DA60BFF35F8F4FF0A342146007
:107F8000BFF35F8FBFF35F8F1361BFF35F8FBFF3EB
:107F90005F8F03235363BFF35F8FBFF35F8F9363E1
:107FA000BFF35F8F09F0F7FD431CFBD003B030BD7A
:107FB000184A0020084A00200400002038B5044672
:107FC0000D4619B10A688B681AB953B96FF02100D0
:107FD00029E033B94B6823F00802102A01D0202B86
:107FE00036D12561EB68D3B91B4B04F178012360CE
:107FF00001236360AB6804F114009A069B01DBB2B5
:1080000002F0E0421A4342F48032112300F026F8D5
:10801000AB684BB100201023C4E9020303E0686998
:1080200098470028E0D038BD2A68A3691A606B68B9
:10803000A26943F0005393602268A3699269926831
:10804000DA60A3691033A361636801336360E1E719
:108050006FF04100E7E700BF34530300026100F115
:108060001402826000F110024160C2600A6042683E
:10807000034991604268D36043681033436070479E
:1080800004000020BFF35F8F094A1368BFF35F8FBE
:1080900043F48071BFF35F8F1160BFF35F8F23F4F0
:1080A0008073BFF35F8F1360BFF35F8F704700BFB4
:1080B0000010805108B5FFF7E5FFBFF35F8F064A58
:1080C0001368BFF35F8F43F00103BFF35F8F13604B
:1080D000BFF35F8F08BD00BF0010805170B5002650
:1080E000C0E9006605460C46FFF7C6F801232B7071
:1080F000FFF7C8FFBFF35F8F204BDB68BFF35F8FD5
:108100009B08013BACB3226842B19A4205D9FFF704
:10811000D3F86FF03F002E7070BD1346D4E90115FF
:10812000E068002908BF4FF40071002808BFF12063
:108130002469BFF35F8F114A9360BFF35F8FBFF372
:108140005F8F1564BFF35F8FBFF35F8F5064BFF322
:108150005F8FBFF35F8F5163BFF35F8F44F4802461
:1081600044F00104BFF35F8F1460BFF35F8F002002
:10817000D2E74FF40071F1202546DAE70010805174
:1081800070B503780D461446002B52D0BFF35F8FB5
:108190002C4A136BBFF35F8F03F00E010A294BD0FB
:1081A00013F00C0F02D14FF0FF3070BD4368D3B90C
:1081B000BFF35F8F5368BFF35F8F032BF3D9224B5D
:1081C0002249BFF35F8FD2F88060BFF35F8FBFF3A8
:1081D0005F8F43F8046BBFF35F8F8B42F1D1FFF7E2
:1081E00069FF01234360BFF35F8F164B9A68BFF3AB
:1081F0005F8F0132B4EB021F21D8BFF35F8F5A6843
:10820000BFF35F8FB4EB820FCDD884B1BFF35F8F24
:10821000D3F88020BFF35F8F291D05F8012BA942F9
:108220004FEA122204F1FF34EFD0002CF5D10020E8
:10823000BBE76FF02000B8E76FF05100B5E76FF0D3
:108240003F00B2E700108051101080512010805183
:1082500010B5044608B1037843B1FFF72DF8044B7D
:10826000186809F093FE0CB10023237010BD00BF05
:10827000B407002073B50D460646FEF7FDFF15F066
:10828000010509D001A800F0CDF8044620B1FFF7A0
:1082900013F8204602B070BD184B186809F070FE44
:1082A0000EB101233370BFF35F8F4FF0A343002261
:1082B000DA61BFF35F8FBFF35F8F4FF0FF321A6356
:1082C000BFF35F8FBFF35F8F3422DA61BFF35F8F3D
:1082D00001220B4BC3F8042375B1019809F02EFE5F
:1082E000042104460DEB010009F072FE002CD0D0F1
:1082F0003046FFF7ADFFCCE72C46CAE7B4070020B5
:108300000080045038B5164CD4F80051C5B1BFF305
:108310005F8F4FF0A343996ABFF35F8FBFF35F8F07
:108320004FF0FF321A63BFF35F8F0023C4F80031B0
:10833000D4F800310B4B1868BDE8384009F039BE5D
:10834000D4F8083153B100F069F809F0CDFDC4F854
:108350000851D4F808310121034BECE738BD00BFC8
:1083600000800450BC070020B807002008B5074B68
:10837000186809F00DFE064B186809F009FEBDE803
:108380000840002248201146EAF758BCBC070020EC
:10839000B807002038B5094B1C7864B1084B4FF082
:1083A000FF311D68284609F0F5FD4FF0FF31044606
:1083B000284609F0FCFD204638BD00BF2565002099
:1083C000BC07002010B5064CE36C3BB9214651F8C0
:1083D0004C3B986909F08CFD0123E364014810BD12
:1083E000484A0020944A002010B50A4B0A4C2360EA
:1083F00003F5C04363602461FFF7E4FF236D0020B1
:10840000B3F5007FCCBF4FF480634FF40073A360DB
:1084100010BD00BF00208051484A0020004870472E
:10842000484A002070B50E4D0E4E0446286809F0EB
:10843000A7FD306828B980220B49FFF7BDF860B965
:108440002020094A013852F82020306022600024A0
:10845000286809F09BFD204670BD0224F8E700BFA4
:10846000C0070020B44A0020B84A0020F8B54F4A9F
:108470000D460023D0E90001E0F72AFC002A04465B
:10848000B7BF02F5A8324A4B4A4B02F5C072E41856
:1084900041F100064FF46161E01CB2FBF1F301FB16
:1084A00013224FF03C01AB60B2FBF1F301FB13224E
:1084B00046F100016B6000232A600722E0F708FC08
:1084C000002A54DA0732AA613B4800233B4A2018AD
:1084D00066F10001E0F7FCFB384B48F6AC6140F276
:1084E000B45703FB104440F26D164FF0050CB4FB7B
:1084F000F1F1B4FBF7F32144C91A314BB4FBF3F3A8
:10850000C91A48F69463B1FBF3F3B1FBF6F2B1FB81
:10851000F7F123445B1A992106FB123303EB830422
:108520005E1C0234B4FBF1F779430231B1FBFCF17C
:10853000761A40F2F9518C424FF4C8748CBF6FF038
:108540000901022104FB00203944012998BF0130B0
:10855000B3F5997F13D3A3F59973A0F26C70EB6117
:108560000023EE60C5E904102B622846F8BD002EFA
:10857000AA61A9DB114A002320463146AAE79707E2
:1085800010D14FF0640C92FBFCF70CFB17275FB97E
:1085900092FBF4F704FB1722B2FA82F252093B3342
:1085A0001344DAE70022FAE70122F8E780510100DC
:1085B0006CFA0A006BFA0A0050C5FDFFB13A0200DE
:1085C000B03A0200F8B50E4B06461D68AB789B0723
:1085D00012D56F6816F8014B29462CB90A20B84706
:1085E000002805DB204609E02046B8470028F1DADC
:1085F000AB7843F00403AB704FF0FF30F8BD00BF21
:10860000C84003000CB430B58BB004460D462022A0
:10861000002102A809F00EFD0223002D06948DF81A
:108620000A300C4B039312DB01D06B1E1C440FAAC3
:108630000E9902A80794019200F074F915B1069BF7
:1086400000221A700BB0BDE8304002B07047002421
:10865000EDE700BFCF210300242A2DE9F0410546B4
:1086600001D8012A0AD1354B1622EAF7EFFB1A503E
:1086700001B10D600020BDE8F0813046064616F8D5
:10868000014B202CF9D0A4F109072346042FF4D97B
:108690002B2C32D02D2C33D14FF0010C3378861C8B
:1086A000302B34D1307840F0200078282BD132F0B4
:1086B000100028D173783546102202360CF100479D
:1086C0000020013FB7FBF2FE02FB1E78392B82BF70
:1086D00003F1FF3343F02003263B303B9A421DD980
:1086E000704502D817D1984515D24CF0020C34468B
:1086F000354614F8013B2646E8E74FF0000CCDE77D
:108700004FF0000CCCE7002A08BF0822D6E7002A69
:1087100008BF0A22D2E700FB0230E8E701B10D6092
:108720001CF0010F18BF40421CF0020FA3D0034BF6
:108730002222EAF78BFB1A5038469CE70C00000017
:10874000242AF0B5044601D8012A40D12E4B162226
:10875000EAF77CFB1A5001B10C600020F0BD2F46F7
:108760003D4615F8010B2028F9D0A0F10906034673
:10877000042EF4D92B282CD02D282CD101262B788F
:10878000BD1C302B2DD1287840F02000782824D132
:1087900032F0100021D16B782C46102202350020D7
:1087A000392B82BF03F1FF3343F02003263B303BDC
:1087B0009A421AD9A0FB02040CB9C01801D346F0A2
:1087C00002062F462C4617F8013B3D46E8E70746D0
:1087D000C6E70026D3E70026D3E7002A08BF082211
:1087E000DDE7002A08BF0A22D9E701B10C60F207D1
:1087F00048BF4042B307B1D5034B2222EAF726FB1C
:108800001A504FF0FF30A9E70C000000242AF0B501
:1088100007460D4601D8012A0AD1414B1622EAF734
:1088200015FB1A5005B12F6000200146F0BD3046FF
:10883000064616F8011B2029F9D0A1F109040B46C0
:10884000042CF4D92B293DD02D293ED14FF0010C19
:108850003378861C302B3FD1317841F020017829C4
:1088600036D132F0100133D17378374610220236F8
:1088700000200146392B82BF03F1FF3343F0200370
:10888000263BA3F13004A24236D94FF0000E39BB8B
:10889000A0FB027338461946BEF1000F0AD13F19FA
:1088A00053F10003384628BF4FF0010E1946BEF1C0
:1088B000000F01D04CF0020C3446374614F8013B4F
:1088C0002646D7E74FF0000CC2E74FF0000CC1E797
:1088D000002A08BF0822CBE7002A08BF0A22C7E700
:1088E000A2FB0131A0FB02701B1841F1000100291D
:1088F000D0D04FF0010ECDE705B12F601CF0010F75
:1089000002D0404261EB41011CF0020F8ED0044BBB
:108910002222EAF79BFA1A504FF0FF3085E700BF9A
:108920000C0000002DE9F04F43688BB08046924662
:10893000009383789C0740F1F9800025087800288F
:1089400000F0F68025280AD04B1C019301354146E2
:10895000009B98470028C0F2E3800199EEE74E782B
:108960008B1C252E0193F1D000270A22B9463C46E4
:108970001F2C22D8A6F12003102B20D8DFE803F00B
:10898000141F1F1A1F1F1F0B1F1F1F121F171F1F30
:10899000090044F00104019B13F8016B0193002EC0
:1089A000E6D13AE044F0020444F00404F3E744F072
:1089B0000804F0E744F01004EDE77F2C24D8A6F17A
:1089C0003003092B08D860064EBF02FB073744F07E
:1089D000200402FB0939DEE72A2E0DD161065AF880
:1089E000043B53D4002BA7BF44F020049946C3F1A5
:1089F000000944F02804CEE72E2E05D1630600F1CD
:108A0000978044F04004C6E76C2E2ED028D8682EFC
:108A100032D06A2E37D04C2E35D0002F46F02003AE
:108A2000B8BF24F04004A3F16502BCBF0027A4B284
:108A3000022A01D9612B2BD10AF1070A07279D4E83
:108A40002AF0070A0AF1080A210760D506EB070B8E
:108A500034465C455DD1AE1BA9EB0709A21959E16B
:108A6000742E98D07A2E96D0D7E7260648BF44F4C5
:108A7000007444F080048EE7E00548BF44F40074BD
:108A800044F4807487E744F4207484E71F4682E747
:108A9000A6F16302122A00F2D880DFE812F0130078
:108AA0004D00D600D600D600D6004D00D600D60028
:108AB000D600D600D600E800D100D600D6001A00B5
:108AC000D600A0005AF8043B012704AE8DF8103000
:108AD000BAE75AF8046B784B002E08BF1E4614F014
:108AE000400F304614BF39464FF0FF3109F0F7FA16
:108AF0000746A9E741462020009B984700280FDB46
:108B0000013CA742F6D34D44A1462D1B9EE74C469F
:108B1000F7E7414614F8010B009B9847002898DAC4
:108B200098F8023043F0040388F802304FF0FF3524
:108B300028460BB0BDE8F08F220630D5A3052AD514
:108B40000AF1070A2AF007039A4659685AF8080BEF
:108B500024F0100B00291FFA8BFB2FDA40424BF454
:108B6000806B61EB410104AC0A23224609F0D9FA7B
:108B70001BF0400FA0EB040200F08E802BF00104EC
:108B80009742A4B240F38F80002E40F08E802BF0ED
:108B90001104A4B21DE05AF8040BC117D8E7E00590
:108BA0005AF8041B01D40846F7E7A20547BF48B2AC
:108BB00041F3C01108B241F3C031C9E750EA0103E3
:108BC000D1D16306CFD5002FCDD124F011043A4680
:108BD000A4B23B4640F206410C4262D124E024F0AC
:108BE00010040A23A4B214F0800243D014F40071DC
:108BF00017BF0AF1070A5AF8040B2AF00702924637
:108C00001CBF51685AF8080B50EA01023ED124F00B
:108C1000160B62061FFA8BFB3CD5002F3AD124F0CD
:108C200017043A463B46A4B221075AD4E10705D5BA
:108C3000994572DDA9EB03039F184B469B464AE01A
:108C400044F0100410237826CDE7782B04D1C6F128
:108C5000780343F01003C6E741462520009B984760
:108C60000028FFF65DAF02354146304670E6082326
:108C70000026B8E714F480715AF8040BC4D014F439
:108C800000711ABFC0B2114680B2BDE724F00604DD
:108C90001FFA84FB04AC68E713465C46E10699D5ED
:108CA0002EB90133C0E71346F8E73B46F6E7023337
:108CB000BAE700BFC9C20300C2C20300CDE9023255
:108CC00041462020009B98470028FFF629AF0BF172
:108CD000010BDDE90232D945F0DCEB1A03EB0B05A1
:108CE0005B46E10627D541463020CDE90232009BA4
:108CF00098470028FFF614AFDDE902327EB901354E
:108D00002F44791B8A4229DB144604AE94BB2A44C3
:108D1000A9EB03091546914440E017468EE702355A
:108D200041463046CDE90232009B98470028DDE9F4
:108D30000232E5DAF4E640F206410C42E0D014F0EB
:108D4000020F05F10105414614BF2B20202014F429
:108D5000806FCDE9023218BF2D20E5E7CDE9023260
:108D60004146009B3020013598470028DDE902325A
:108D7000C7DAD5E6013C4146CDE90232305D009BC1
:108D800098470028DDE90232C0DAC9E641462020D2
:108D9000009B013598470028FFF6C2AEA9EB0503FA
:108DA000002BF3DCD9E500BFF0B589B004460D46D1
:108DB00016460021202268461F4609F03BF902238F
:108DC000002D04948DF80230094B01930EDB01D085
:108DD0006B1E1C443A46314668460594FFF7A2FDD7
:108DE00015B1049B00221A7009B0F0BD0024F1E710
:108DF000CF21030038B5044C044DAC4200D138BD3E
:108E000054F8043D9847F8E7000000000000000017
:108E1000704701460220F6F79BBC00EBC10040887A
:108E200040087047F8B50346FFF7F7FFB0FA80F047
:108E3000C0F11F0003EB800CDCF81060CA00171DA6
:108E40000C4606328DB256B9012101FA00F0D968FC
:108E50000143D960CCF81040DD539D52F8BDF100BC
:108E60000431585AD85303EBC0009E52C5805D525E
:108E7000F4E710B500EBC104E3888B4202F1040172
:108E80000AD1012303FA02F2C36823EA0203C36092
:108E9000002340F8213010BDA28840F8213000EBBB
:108EA000C20100EBC300CB808280F4E708B5034623
:108EB000FFF7B3FFB0FA80F21846BDE80840C2F1F0
:108EC0001F02FFF7D6BF2DE9F843B1FA81F3C3F1D2
:108ED0001F0200EB8209D9F8107006460D4687B9CB
:108EE0004FF0FF34C3F120039C40F3681C4014D0C2
:108EF00094FAA4F2B2FA82F2131D56F823402146E6
:108F000008E03C464FF0030821463046FFF785FF56
:108F1000854205D83046FFF7ACFF2046BDE8F88310
:108F200006EBC404E488B8F10108C9F81040D7D0B2
:108F3000BC42E9D1D4E738B50446FFF76EFF0D46D1
:108F4000034611462046FFF768FF03449BB204EB3B
:108F5000C5055A0020466A80FFF75FFF014424F8E8
:108F6000313038BD70B50B460446FFF756FF04EBB1
:108F7000C305511A9B1A89B203444E009BB26E80FE
:108F800004EBC2005D00458024F8321020461146F3
:108F9000FFF743FF014424F8313070BD70B509B9C3
:108FA000002070BD056801F007030B33CC0804EB0B
:108FB000D304AB6828469C4228BF1C462146FFF7D5
:108FC00082FF06460028EBD001462846FFF725FF22
:108FD000A04207D928463219FFF7C4FF1146284698
:108FE000FFF720FF05EBC60210465388043043F01C
:108FF00001035380D5E71146FFF7D0BF043A2DE9AE
:10900000F843CC1D114424F0070421F00706A6EB19
:1090100004084FEAD807B7FA87F24FF00009C2F107
:109020002405AD000735C2F12002ED080460494671
:10903000A760C4F80C90920004F1100008F0FAFF49
:10904000AAB2530043F0010363807B1B9BB204EB85
:10905000C5015800A4F80090488024F83520A6F8EF
:10906000029024F8083004EBC7035A88294642F0DE
:1090700001025A802046BDE8F843FFF7D3BE2DE930
:10908000F04706460D46174698462BB34FF0000AA8
:1090900098F8004093F80190DB78A40004EB4304B7
:1090A00098F802301C444444CA4509D33946304636
:1090B000AC46D8F8042008F10803BDE8F047604743
:1090C00014F8013B0AF1010A204648F82340E3F76F
:1090D00097F801300444E7E76FF01500BDE8F0872A
:1090E00030B502460024002012F8013B43B178B1AC
:1090F0008C4207D1702B04D0A3F140053A2D07D83C
:10910000002030BDA3F140053A2D01D80134EAE733
:10911000252B08BF80F00100E6E7F0B4D1E9005448
:10912000D0E90032002A16DA002C08DA4FF00046A7
:109130005F4266EB0206BD4274EB06061ADB5B1962
:1091400042EB0402C0E9003283688A6813448360FA
:10915000F0BCE4F7B1B953EA0206F0D0012D74F186
:109160000006ECDBDE43AE426FF00046A6EB0206E3
:10917000A641E3E70020F0BC70470020704701F0F3
:10918000A5B80FB407B504A951F8040B019101F07B
:109190009DF803B05DF804EB04B070470FB407B559
:1091A00004A951F8040B0191FFF7E9FF03B05DF842
:1091B00004EB04B0704710B50369024613F00800D1
:1091C00009D11368D4689C429BBF0120126AE31A3C
:1091D000D31A0B6010BD00231846FAE713B501A996
:1091E0000446FFF7E8FF20B1019BE268013B13440E
:1091F0000193206A019BC01A013802B010BD10B55E
:10920000044650182269236AD20702D5013B184050
:1092100010BD984228BFC01AFAE710B504460A46A6
:10922000C168FFF7ECFF2369E06023F008032361C6
:1092300010BD38B50D46C2698B00016843F00203CA
:10924000044642F8213001682A46FFF7D8FFE36858
:109250006168984208BF2369206008BF43F0080393
:109260002A46204608BF2361FFF7C9FF606038BD6A
:109270002DE9F74F0F460021D0F80CB0C6690092D7
:1092800016F82B209A4602F00302022A14BF8946E0
:1092900056F82B2006EB8B030193009B08BFC2F30B
:1092A0009D0919600446CAF80010B9F1000F07D0F3
:1092B0004946FFF7B2FFE368A3604FF0010804E0FE
:1092C00001698A0705D44FF00008404603B0BDE8A5
:1092D000F08F816906EB8B00884716F82B10054646
:1092E00011F00108EFD08B071DD51FB1394620467C
:1092F000FFF79FFF61682A462046FFF780FFD4E909
:1093000002138B42606007D12A462046FFF777FFA1
:109310004FF000080146A0602369216043F0080374
:10932000E1602361D1E701462046FFF776FFE1685F
:10933000A1601FB12068E16941F82090EA19CAF8DC
:10934000002021682046FFF75AFF2269206042F082
:109350000802226116F82B2022F0010206F82B20C9
:10936000DDE900321A60A8E770B504461546FFF73C
:1093700046FF2368834205D12369216023F0080357
:10938000236170BDE269AB0043F0020342F8213073
:1093900061682A462046FFF732FF6060F1E738B582
:1093A000036904465B0706D5456AFFF717FF854248
:1093B0002CBF6562606238BD38B50D4604461C227C
:1093C000002108F037FE0022EB68A361AB686361FF
:1093D0002B68E3616B68626223622A6923B1591EBC
:1093E000194208BF42F001022261012204F1280063
:1093F0000021BDE8384007F001BB2DE9F04F002502
:109400009846036A87B08B4204460E469346AA46A6
:109410000395059538D3EFF31189402383F3128820
:10942000BFF36F8F059A2AB129462046FFF79CFFAC
:109430000023059304A92046FFF7BDFE04990746C3
:10944000B1422AD32268E369204613F8221003EBC5
:10945000820A21F0030103F8221021683246FFF747
:10946000CEFEE3682060984212D0002789F311886D
:10947000BFF36F8F039929B162690AB12046904703
:1094800000230393002FC6D1504607B0BDE8F08FEC
:10949000236943F008032361E7E718B12046FFF78B
:1094A000C8FEE3E75BEA08031CD0019107F0C5FBA7
:1094B0000199B8B9B9F1000F14D189F31188BFF33C
:1094C0006F8F5A46434604F12800FBF71DFBEFF36C
:1094D0001189402383F31288BFF36F8FB0FA80F7AE
:1094E0007F09C3E7204605AB03AA2568FFF7C0FE46
:1094F0000746BBE770B50446836908460D469847A2
:109500000246EFF31186402383F31288BFF36F8F77
:109510002B78204643F001032B706168FFF76FFE44
:1095200060602046FFF73BFF86F31188BFF36F8F23
:1095300070BD2DE9F843044600274026EFF311855E
:1095400086F31288BFF36F8F2369A268190702D4CC
:109550006368934200D2236A9B1A002B42D0E069D1
:1095600010F8221000EB820911F003033AD0022B0D
:1095700004D150F822305FEA930805D1CB0720D4FC
:109580004846A36998478046A16842462046FFF7AF
:1095900036FE0127A06041462046FFF73EFE3B46CF
:1095A00085F31188BFF36F8F002BC7D137B1B9F1A5
:1095B000000F03D104F12800FBF772FA4846BDE81A
:1095C000F88341F0020100F82210A3694846D4F85C
:1095D00008809847414602462046FFF710FE0023C8
:1095E000A060DDE79946DBE7F8B5044683690846E5
:1095F0000D4698470646EFF31187402383F3128800
:10960000BFF36F8F2B7823F001032B7023699B0727
:1096100005D5E268E36903EB82039D421AD12B78FA
:1096200023F002032B70D4E90231994204D132466F
:109630002046FFF7E4FDA06031462046FFF7EDFD30
:1096400087F31188BFF36F8F04F12800BDE8F8405D
:10965000FBF726BA2B6860F39F032B60F0E7EFF36C
:109660001181402383F31288BFF36F8F02698368EF
:10967000120702D442689A4200D2026AD31A81F3D6
:109680001188BFF36F8F181E18BF01207047F0B507
:1096900064230446042500204FF00A0C11B1013D5B
:1096A00001D12570F0BDB2FBF3F79A42FEB202D2AF
:1096B000012B00D030B130360139013004F8016B94
:1096C000C9B2C0B203FB1722B3FBFCF3D2B2E5E789
:1096D000A0F13003DBB2092B02D80B7000207047D9
:1096E000A0F16103052B02D857380870F6E7A0F106
:1096F0004103052B01D83738F7E76FF015007047A5
:10970000092803D830300870002070470F2801D88E
:109710005730F8E76FF015007047F8B54E000C466B
:10972000711C994217D8034615460719BB4204D14C
:10973000002302F814303046F8BD18782946000995
:10974000FFF7DEFF13F8010B691C00F00F00FFF7B5
:10975000D7FF0235EAE70026EDE7F7B5054601F049
:10976000010000EB51069E424FEA510703D9002643
:10977000304603B0F0BD58B128780DF10701FFF76E
:10978000A7FF0028F3D19DF80730013502F8013B0F
:1097900001351744BA42EBD015F8010C0DF1070161
:1097A000FFF796FF0028E2D19DF807402401E4B2BC
:1097B000147015F8020BFFF78BFF0028D7D19DF826
:1097C00007301C4402F8014BE4E7038B13F0070356
:1097D00006D10368002B18BF032008BF0020704784
:1097E000022B05D1408BB0FA80F040098000704711
:1097F000012B04D10368002B18BF0520EDE70020E2
:10980000704710B50C4600B111B96FF0150010BDCE
:10981000081D00F0ABF80028F9D1A368032BF6D996
:10982000F3E72DE9F0410D4607461946281D9046FD
:109830001E4600F0ACF8044638B13346424629468D
:109840003846A446BDE8F0416047BDE8F08110B459
:10985000EFF31182402484F31288BFF36F8F4161CC
:1098600010BC0121E3F72CBF38B50C46054658B1B2
:1098700051B10B6843B14B6833B11C22002108F091
:10988000D9FB00202C6138BD6FF01500FBE7F8B55F
:1098900004460E46FFF7B5FF051E3BDBEFF31182D2
:1098A000402383F31288BFF36F8F4FF6FF71638BF2
:1098B000278B8B4207F007072ED0062F2FD8DFE823
:1098C00007F0182E082E180418006FF085050023E5
:1098D00003E0013363830225012382F31188BFF380
:1098E0006F8FBBB100233A4631462046FFF799FF00
:1098F00010E000233360636823B9C4E9006627B130
:109900003D46E4E71E606660F9E702212046E3F782
:10991000D7FE3D462846F8BD6FF00A05D7E76FF041
:109920000405D4E710B5EFF31182402383F31288C6
:10993000BFF36F8F048B04F00704022C0AD0012CB4
:109940000CBF6FF004006FF0850082F31188BFF345
:109950006F8F08E0438B013B9BB2438323B92146C1
:10996000E3F7AEFE204610BD2046EEE7034658B1B1
:10997000426802F00302012A03D0032A04D10268DC
:1099800012B10020986070476FF015007047426870
:10999000034602F00302032A4FF00002816014BF65
:1099A000104600685A60704770B506460C88888873
:1099B000241A3069A4B2844285B224BF641BA4B2C5
:1099C0002D1BA8B2984228BF184633682344136061
:1099D0000B8803440B8070BD70B483898588066949
:1099E000ED1AADB2731B934228BF134670BC0A46F2
:1099F000011DFFF7D9BF70B40E460146C58831F886
:109A00000A3FEC1AA3B2934228BF1346324670BCF9
:109A1000FFF7CABF10B54B880C88E41AA4B2944271
:109A20000ED31A4492B28B884A800A800069D21AF7
:109A300092B2824201D2002010BD03448B80FAE72B
:109A40006FF01500F8E72DE9F34106460F4615467D
:109A50004FF000082A46304601A9FFF7BDFF044633
:109A600040B102463946019808F0BEFA2D1BA044C9
:109A70002744EFD142463046311DFFF7CBFF404629
:109A800002B0BDE8F0812DE9F34107460E461546C8
:109A90004FF000082A46384601A9FFF7ACFF0446FC
:109AA00048B12EB102460199304608F09DFA26448D
:109AB0002D1BA044EED14246384607F10A01FFF7BC
:109AC000A9FF404602B0BDE8F081704770B41E4661
:109AD0001546DDE9032381690468C06B06FB01417B
:109AE000294484682468A44670BC604707B51021E7
:109AF000019104990091FFF7E9FF03B05DF804FBC1
:109B000000224B6801334B60C069924208BF834218
:109B100008BF4A607047F7B5426C85695200AD1ABC
:109B200063F10006099B2A46009333460446089FCA
:109B3000FFF7DCFF50B92046626C0897521946F1D6
:109B4000000303B0BDE8F040FFF7D0BF03B0F0BDA5
:109B500000F05BBC10B5411C04460F22FF20F4F757
:109B600009F8207010BDFAF7A7BE10B54378044677
:109B70008B4209D1411C0F22FF20F3F7FBFF237812
:109B80001B1A5842584110BD0020FCE710B541781F
:109B90000446FFF7EAFF40B14FF6FF7362889A422E
:109BA00006D16068431C5842584100F0010010BDC6
:109BB0000020FAE710B58269416C86B0521A02ACF7
:109BC00063F100030094FFF791FF002808DB2046B3
:109BD000FFF7DCFF30B100209DF80920089B1A70C8
:109BE00006B010BD6FF00100FAE730B58269416C34
:109BF00087B0521A02AD63F1000300950A9CFFF78B
:109C000075FF00280ADB2846FFF7C0FF50B1049B10
:109C100033B99DF809201AB12260002007B030BD89
:109C20002360FAE76FF00100F8E770B506460846D2
:109C30000D461446FFF7AAFF08B9002070BD204664
:109C40006178FFF792FF0028F7D06388002BF4D1EA
:109C500063680133F1D1A268B3699B1A726CB3FBDC
:109C6000F2F102FB1133002BE7D168786378C31A55
:109C700058425841E2E773B5DDE90656CDE9005692
:109C80000446FFF748FF20B9324629462046FFF731
:109C9000CCFF02B070BD30B50C46D1E900130546CB
:109CA000426C8BB0521843F10003C4E90023406CAE
:109CB000A969A1EB40018A4213D1ABB9E9699A18AD
:109CC0004B1E06A9C4E90023019102A92846009170
:109CD000FFF7D1FF002805DB08D1D5E90223C4E94D
:109CE000002300200BB030BD013BEAE7089B236056
:109CF000F7E72DE9F04F99460646884614464FF09F
:109D0000FF378DB0CDE90629DDE916A308AD029332
:109D10000DF1170B22464B4630460095FFF7E6FE45
:109D2000024600283FD1304606A9FFF7B4FF0028BD
:109D30003DD1099A42451AD1FA17904208BFB94558
:109D400003900CD022464B463046CDF800B0FFF7CA
:109D500031FF831C0246039923D18DF81710284642
:109D60009DF81710FFF701FF024640B94F46DDE9A5
:109D70000612029B9A4208BF51450FD10022189F3C
:109D80002E460CAB03CE9E4238607960354607F113
:109D90000807F5D1199BC3E9004904E00C46914638
:109DA000B8E70028DBD010460DB0BDE8F08F0246C2
:109DB000F9E70368012B81BFC91801F1FF315B424C
:109DC000194008467047FAF7E9BD2DE9F04389B01C
:109DD0000746DDE910851DB9002009B0BDE8F08314
:109DE0008169066803FB0166036C16441C686442C3
:109DF0002C400DD0C06B83684246D3F804903146A6
:109E00002346C8470028E8D12D1BE5D02644A044AE
:109E10002A464146684608F0E7F83C6C0DEB050021
:109E200022686179521B08F005F9F86B2368826893
:109E3000314654686A46A047CFE737B51025CDE9CB
:109E40000015D0E902230446FFF7BFFF024650B9D0
:109E50002946206CFFF7ADFFD4E902311B1A61F1EE
:109E60000001C4E90231104603B030BD2DE9F041D4
:109E70004FF0FF3200268CB004960592ADF8122008
:109E800044F2012207920DF10F02009232461D4664
:109E900004460696FFF78EFE831CB0463AD18DF835
:109EA0000F60A269616C12EB08024FEA410145F1B3
:109EB0000003521A08A963F1000320460091FFF73E
:109EC00015FE002828DB9DF80F209DF82110531C5B
:109ED000DBB2994204BF0232D3B2129A04A8013213
:109EE00006928DF81130FFF735FED4E90267A369B9
:109EF000626C13EB080345F100059B1A65F1000540
:109F00002046C4E9023504A9FFF797FF20B9C4E948
:109F1000026701E00028C4D00CB0BDE8F081F0B5C4
:109F200000240546264685B003AFEB69A34202D85C
:109F3000002005B0F0BD0022234628460097039676
:109F4000FFF753FE08B1831CF3D1002223462846B5
:109F5000E3F7DCFC0028ECD1039B02460093284683
:109F60002346FFF783FF0028E3D10134DDE71FB567
:109F700004461022FF21684608F05CF80023ADF883
:109F8000023023696846029394F824308DF801303A
:109F9000FFF7E0FD69462046FFF74FFF04B010BD14
:109FA00030B58BB004461022FF2102A808F042F819
:109FB0000023A268ADF80A30636C06A89B180493CE
:109FC00094F8243010228DF80930236C597908F068
:109FD00031F8D4E9021341BB626CA1695000884298
:109FE00088BF013BA1EB4202C4E9022302A8FFF7AC
:109FF000B1FD02A92046FFF720FF204604F1080129
:10A00000FFF77EFD04F124030093D4E902232046E8
:10A01000FFF7D0FD831C4FF0000514D184F82450C5
:10A02000E3680020C4E904530BE0D4E90402814250
:10A0300073EB0202D0D3204606A9FFF7FEFE0028EC
:10A04000C7D00BB030BD0028EAD0FAE737B5CDE96C
:10A0500000121546D0E904230446FFF7B6FE002897
:10A060000CDB2946206CFFF7A4FED4E904321B1850
:10A070004FF0000042F10002C4E9043203B030BDE9
:10A0800000232DE9F04F00F12405ABB000950B93B0
:10A09000D0E902230446FFF78DFD821C12D1D4E9DA
:10A0A00002232046E3F732FC78BB0090D4E9022378
:10A0B0002046FFF7DBFE40BB00952046D4E9022393
:10A0C000FFF778FD08BB002294F824302046059362
:10A0D000E3680CA9CDE90C23FFF712FDDDE90C794B
:10A0E000A569636CED1949F10006ED1A12AB66F132
:10A0F000000601931EAB00932A4633462046CDE965
:10A100000E56FFF7B8FD002802DA2BB0BDE8F08F3D
:10A110002CD09DF879300DF1580A84F82430636C06
:10A120005B00EB1A079366F100030893149BCDE9DB
:10A130000E36DDE90EB820465A464346CDF800A05B
:10A14000FFF7D4FC0028E0D120460EA9FFF7A3FDBD
:10A150000028DAD1504694F82410FFF706FD30BBF2
:10A16000DDE90732904508BF9B45E2D1059B2046BB
:10A1700084F82430FFF7FBFE0028C6D10BAB009318
:10A180003A464B462046FFF730FD08B1831CBCD150
:10A190003A464B462046E3F7B9FB0028B5D10B9B66
:10A1A0003A46009320464B46FFF760FEADE7BDF808
:10A1B0005A30002BD4D0D4E9022310A903911AA954
:10A1C00002912046CDE900231799CDE910B8FFF799
:10A1D00090FD002899DBDDE91023434508BF5A456F
:10A1E000BED1BDF85A60082E29D9189B2269049364
:10A1F00043461892226C1268524202F020020692E4
:10A20000069D22AAB54228BF354600922046049AF0
:10A2100001950993FFF75AFC00287FF476AF2A4690
:10A22000204622A9FFF712FF00287FF46EAF049B9F
:10A23000EA18099B049243F10003761BE0D1059BC9
:10A2400050468DF85930FFF785FC51462046FFF700
:10A25000F4FD002884D058E70021E3F70BBE00236B
:10A260001A46E3F7EBBE37B5002500951C46E3F729
:10A270009BFF002802DBA04228BF204603B030BD70
:10A28000002307B51A460093E3F78EFF03B05DF88D
:10A2900004FB03785B075FBF03684288C3F34A236C
:10A2A00003EB12105DBF173020F00700800800207C
:10A2B00070470020704704F031BC0346D3E8EF0F2D
:10A2C000421CC3E8E12F0029F8D170471FB50023D5
:10A2D000CDE902011A4619461846CDE90033E4F7E4
:10A2E000BDFB05B05DF804FB0120E4F7A3B8002036
:10A2F000704718B140680079E4F790BA4FF0FF302A
:10A30000FAE738B504460D4643681146DA71E4F7BA
:10A31000E3FA012263681D6063685A71BDE8384042
:10A32000E4F77AB810B5436804465B7913B10021AD
:10A33000E4F7D2FA002263685A7110BD70B5154671
:10A340000C4669B1D2E901369B1B99420AD81368C1
:10A350000A460146981907F047FEAB682344AB60F4
:10A36000204670BD6FF01B00FBE770B50E4615462A
:10A370001946044618B9BDE87040E4F75BB833B13C
:10A38000C2F34A231030120D184407F02DFEC4E921
:10A3900000562046BDE87040E4F7ECB92DE9F341E2
:10A3A0005F1C4FEA8708064608F1170020F00700F7
:10A3B00080080C461546E4F7BBF800238DF80470BE
:10A3C000ADF805308DF8073068B10346019AA8F161
:10A3D000040143F8102F2A46294452F8045B8A42AC
:10A3E00043F8045FF9D100233146A20102F4E07280
:10A3F00042EA482222F07F4222F4700222F03F0219
:10A4000002B0BDE8F041FFF7B0BF07B501230192EC
:10A4100001AAFFF7C3FF03B05DF804FB07B5CDE960
:10A42000002302236A46FFF7B9FF03B05DF804FB7F
:10A430001FB5CDE90123069B01AA03930323FFF770
:10A44000ADFF05B05DF804FBF8B506460D461446B1
:10A450001F4604B9F8BD214628463A46B047241A9B
:10A460000544F6E710B542680446D2E90023816846
:10A470000068FFF7E9FF002263681A6010BD38B575
:10A480004B6805461A68CB680C469A4202D10846CA
:10A49000FFF7E8FF6368D3E8EF2F511CC3E8E01F24
:10A4A0000028F8D1A36800209D5438BD0A2838B58B
:10A4B00004460D4602D10D20FFF7E1FF2946204654
:10A4C000FFF7DDFF002038BD2DE9F043054689B0D8
:10A4D00008460E8891F800900C46D1F8088017467F
:10A4E000E4F716FB011EC6F38216C9F3C2091FDB8F
:10A4F0004846E4F751F90346214651F8102B60888D
:10A50000C2F34A22002A01EB020408BF0021002204
:10A51000C0F30B10CDE90507CDE9031428464146E9
:10A52000CDE900220296E4F71FFB09B0BDE8F083F5
:10A530000023E1E7704730B54C680368A34201D2BD
:10A54000012030BD8A682244934201D30020F8E7FD
:10A55000D1E90452954203D36FF00B038B61F5E709
:10A56000CA681B1B42F835304368086902EBC00219
:10A5700053600B6901330B61E2E737B50C46C0B29B
:10A5800001A91546E4F76EFC00280CDB019850B1D8
:10A5900021462A46E4F78CFC04460198FFF7CAFFDF
:10A5A000204603B030BD6FF01504F9E72DE9FF41F7
:10A5B000D1F80C80054640461F460C461646E1F78A
:10A5C0001FFEBDF8283080B2CDE9018000933246ED
:10A5D0003B462146284603F037FA04B0BDE8F08137
:10A5E000F0B587B01F4604460D46164601F010FF31
:10A5F000022302930DF116030193BDF83030ADF83C
:10A600001600009332463B462946204603F01CFACA
:10A6100007B0F0BD70B588B0BDF8306015460021B8
:10A620001D2268461C4607F005FD8EB91C2C12D869
:10A6300022462946684607F0D7FC04F120036B4404
:10A64000684603F8206CEAF781FD204608B070BD2B
:10A650006FF00604F9E76FF00C04F6E72DE9FF410F
:10A660001F460D4616460446EAF7A2FD8046E1F76E
:10A67000C7FDBDF8283080B2CDE901800093324695
:10A680003B462946204603F0DFF904B0BDE8F081DF
:10A6900013B50C4601A900F031F808B9049B1C6001
:10A6A000002002B010BD0020E4F764BC0022114677
:10A6B000E4F72EBC034610B508460AB1002111602C
:10A6C00053B1D0B1411E11F8010F80B113F8014B05
:10A6D000A04201D13D28F6D100200EE001331360E5
:10A6E0000AE03D2808D0B0FA80F0400905E018786B
:10A6F0002F28F6D1002AF1D1012010BD10B509B1E3
:10A7000000230B6058B103461A781C4601332AB166
:10A710003D2A03D02F2AF7D101B10B60201A10BDBA
:10A720000830704713460A46D0E90001FFF79BBD89
:10A73000F0B5002704464FF0004585B000F108064B
:10A7400080F85C7008236A4629463046FFF78BFD87
:10A75000831C21D1B5F1004F4FF000070FD1082322
:10A76000294630460DEB0302CDE90277E3F766FC9C
:10A77000002802DB3846C4E9155705B0F0BDA36DCB
:10A780003046CDE902370823616D0DEB0302E3F794
:10A7900055FC00EAE070F0E70028EEDB0099B942D2
:10A7A0000ED194F85C20C5F34303934217D8009B65
:10A7B00001982F466565A3650028DED00546C1E7F0
:10A7C0003046FFF74CFD0028D7DB08236A462946B0
:10A7D00030460097E3F732FC0028E2DACDE784F850
:10A7E0005C30E4E77FB500F10805044628460E46D4
:10A7F000FFF735FD002818DB284606F18041FFF7FA
:10A800002EFD002811DB46F0010608236A4631467A
:10A810002846FFF728FD002807DB009939B93146A3
:10A820002846FFF71CFD002818DA04B070BD082385
:10A8300028460DEB0302FFF716FD0028F5DB019B10
:10A840000BB9029AA26503930823284600990DEBE1
:10A850000302E3F7F3FB0028E1DAE6E70199C1B16F
:10A86000082328460DEB0302FFF7FDFC0028DCDB84
:10A87000009B28460293082301990DEB0302E3F79E
:10A88000DDFB0028D1DB039B0BB9009BA3650020F7
:10A89000CBE7009B6365FAE72DE9F0410D460746DB
:10A8A0004A2194B0284607F01AFC01462846E2F7F0
:10A8B0002BF8002620F0404424F01F0407F108087C
:10A8C00097F85C30B34201DA002417E066F34404E1
:10A8D0004923404601AA44F00041FFF7C4FC031E8F
:10A8E00001DC0136ECE7002250336B44284601A915
:10A8F00003F84C2CE1F772FC0028F2D1204614B08A
:10A90000BDE8F08110B5044661B1FFF7C5FF58B14D
:10A9100040F0004101F1804104F10800BDE8104021
:10A92000FFF7AEBC6FF0150010BDF8B50446164633
:10A930001D46B1B1AAB1FFF7AFFFA0B140F0004092
:10A9400000F1804708342B46324639462046FFF74F
:10A950008AFCA84207D139462046BDE8F840FFF7F7
:10A960008FBC6FF01500F8BD012008B5E2F706FDB9
:10A97000002008B5E2F702FD0B68834204BF012303
:10A980000B71704703785B075FBF03684288C3F3AE
:10A990004A2303EB12105DBF173020F00700800838
:10A9A0000020704783689B6903B11847704708B55A
:10A9B0004368197311B11868FFF7F4FF002008BD50
:10A9C00010B540681C462430FFF75DF82060002079
:10A9D00010BD10B5406850F8804BFBF75DFA20467B
:10A9E000FFF7E0FFA3685B6A0BB1204698470020A1
:10A9F00010BD2DE9F04145681E462B7B0C461746DD
:10AA000093B101EB0208A04507D137600120D5E9D9
:10AA1000013198470020BDE8F081286814F8011B37
:10AA200083685B689847EEE705F11000FFF70BF8C5
:10AA30000121306005F1B803D3E8EF2FC3E8E01F30
:10AA40000028F9D1002AE5D1286883685B69002BCA
:10AA5000E0D09847DEE70023826882F85C308268A5
:10AA6000A2F856308268A2F854307047034610B5F9
:10AA7000D3E8EF0F40EA0102C3E8E42F002CF7D13E
:10AA800010BD034610B5D3E8EF0F00EA0102C3E89A
:10AA9000E42F002CF7D110BD0EB403B503AA52F871
:10AAA000041B0192E6F768FC02B05DF804EB03B00A
:10AAB000704708B510B1E1F7A3FB80B208BD00F5FF
:10AAC0002470F9F7EDBF4FF0FF324FF0FF3300F580
:10AAD0002470FAF719B800F5207019B14FF400612D
:10AAE000FFF7C4BF6FF40061FFF7CBBF00F5207024
:10AAF00019B14FF48061FFF7B9BF6FF48061FFF7C0
:10AB0000C0BF08B500F51F7029B10121FFF7AEFFE6
:10AB100000F0010008BD6FF00101FFF7B2FFF7E799
:10AB200038B50C46051EA06814BF0821012100F5A8
:10AB3000217006F058FB012D08D1A0684FF4007178
:10AB4000BDE8384000F52070FFF790BF38BDF7B57D
:10AB5000044600260027204600F009FDE06900F0C9
:10AB600047FF05462046E6F73FFEA368B3F854309A
:10AB700023B140F2D510002106F089F955B1A06843
:10AB800000F5217000220121CDE9006706F036FBB7
:10AB90000028E0D003B0F0BD08B500F52470F9F747
:10ABA000B3FFB0FA80F0400908BD10B504468068D4
:10ABB0004FF4807100F52070FFF758FFA3681B7DEC
:10ABC000022B02D12046E5F745FFA0686FF48071A3
:10ABD000BDE8104000F52070FFF753BF73B5044681
:10ABE00080680E46154600F5217000220023CDE94D
:10ABF000002306F003FB58B1A06800F52170314630
:10AC000006F0F8FA20462B4602B0BDE8704018471F
:10AC100002B070BD10B5836804461A7D012A28D1A0
:10AC2000D3F88022510408D5D3F87C22520704D4EB
:10AC300001461A6DC06900F085FE43F609520023F3
:10AC4000A068FFF7A9FF10B96FF00F0010BD082131
:10AC50002046E6F781FC204600F084FD6069E5F7B8
:10AC600019FD2046E5F7D0FEA068FFF728FF002079
:10AC7000ECE76FF08500E9E7F8B5044680681F4609
:10AC8000037D0D46022B164607D0BDE8F8404FF471
:10AC9000805100F52070FFF7E9BE43F6095200230A
:10ACA000FFF77AFF48B3A368D3F88022100508D4D1
:10ACB0009A6C32B9D3F87C32990602D5204600F05E
:10ACC00056FC3B4632462946204600F0ABFCA368C2
:10ACD000D3F88022120508D49A6C32B9D3F87C32AA
:10ACE0009B0602D52046E6F77FFD606900F0AFF8CD
:10ACF000A068BDE8F840FFF7E2BEF8BD0CB407B5A8
:10AD000004AB53F8042B0193FFF7B6FF03B05DF8D3
:10AD100004EB02B070470EB403B503AB53F8042B39
:10AD200002210193FFF7A8FF02B05DF804EB03B026
:10AD300070470EB403B503AB53F8042B08210193FD
:10AD4000FFF79AFF02B05DF804EB03B070470EB452
:10AD500003B503AB53F8042B03210193FFF78CFFDA
:10AD600002B05DF804EB03B070470EB403B503AB5B
:10AD700053F8042B01210193FFF77EFF02B05DF829
:10AD800004EB03B070472DE9F04107460E46144628
:10AD90000D460CB9BDE8F081102CA04628BF4FF03D
:10ADA00010082A46A91B43463846E6F72DFAA4EBBD
:10ADB00008044544EDE770B504460D4699B10846D0
:10ADC000FFF777FE43F6095206460023A068FFF717
:10ADD000E3FE10B96FF00F0070BD731C142B05D982
:10ADE000A068FFF76CFE6FF01500F5E72946A06834
:10ADF000E1F7FEF9A36883F83C60A068FFF75FFE07
:10AE00000020E9E710B543F60952044600238068A4
:10AE1000FFF7C2FE38B12046E5F702FCA068BDE8A6
:10AE20001040FFF74CBE10BD18B18368D3F8A402E0
:10AE300070476FF01500704710B48468A164836890
:10AE4000DA6411B910BCFFF706BE10BC704710B52C
:10AE500002690446836812680168C0689847002246
:10AE600023691A6010BD38B5CB6805461B7C0C46BB
:10AE7000022B04D10A2802D10D20FFF7F4FF236929
:10AE800022681B68D5542269136801331360236953
:10AE90001A6863689A4202D12046FFF7D8FF002063
:10AEA00038BD08B510B1E1F7ABF980B208BD2DE9A6
:10AEB000F74F824601A80D4616461F46F9F76CFB70
:10AEC00080464FF00009019800EB4818804501D8F2
:10AED000002028E04FB9DDF804B0DBF8004084B969
:10AEE000019C04F120000190F0E7012F04D005F04F
:10AEF000FEFB0028EFD0F3E705F0F9FB0028EAD1CC
:10AF0000EEE72378002BEBD04DB12846E1F778F936
:10AF100021460246284607F0BDF80028E0D12EB9A8
:10AF2000D14508D1019803B0BDE8F08F5846B0472D
:10AF30000028F5D1D4E709F10109D1E710B5047B68
:10AF400043892244B2FBF3F0214403FB1022B1FBFE
:10AF5000F3F003FB1010101A10BD10B5047B4389E9
:10AF600021441019B0FBF3F0B1FBF3F1401A10BD0E
:10AF700030B5057B43892944B1FBF3F403FB14117D
:10AF80002A4401310180B2FBF3F103FB11220134A9
:10AF9000848001324C1CC480428030BD2DE9F74FC3
:10AFA00000260746884614469946B246066023782E
:10AFB000002B00F09F80202B23D0093B042B20D9AD
:10AFC0003B685A1C3A6048F823403B684B4500F008
:10AFD000918000262578002DE9D0002E7BD1272DE9
:10AFE00003D05C2D10D0222D6BD12046FFF759FFE6
:10AFF000611C0246204607F004F82E46A3465C4634
:10B00000E8E704F801ABD2E704F1010B2046FFF7B3
:10B0100048FF59460246204606F0F3FFEFE75C2D55
:10B0200056D162789642F1D0302A21D102230025F0
:10B03000E25CA2F13001C9B2072916D8ED00013354
:10B04000EDB2052B45EA0105F2D1591E21442046F7
:10B0500001930091FFF725FF019B0099023BC21A63
:10B06000204606F0CEFF2570C9E7DBB2022BECD1FB
:10B07000782A2DD102210025635CA3F13002D2B2DF
:10B08000092A08D82D01EDB215434B1C042B4FF0B3
:10B090000301DAD0F0E7A3F16102052A05D82D01FA
:10B0A000EDB2573B1D43EDB2EFE7A3F14102052A94
:10B0B00003D82D01EDB2373BF4E7022908D0032372
:10B0C000C3E7202D3FF473AF093D042D7FF66FAF2A
:10B0D00004F1010B93E7B54204F1010B9FD1204627
:10B0E000FFF7DFFE59460246204606F08AFFA346D8
:10B0F000002684E7304603B0BDE8F08FF8B50E4671
:10B1000011460746154606F0F6FF0446E0B128460C
:10B11000FFF7C7FEA742054607D214F8013C202BD3
:10B1200002BF0135ADB204F1FF342046FFF7B9FE8E
:10B130003388421C5B1B521B33802046611992B23C
:10B14000BDE8F84006F05DBFF8BD2DE9F0410F46BF
:10B150001646044686B070B1034601AC00F11005F6
:10B16000224618685968083303C2AB421446F7D127
:10B17000186801AC10604FF0000841463246204686
:10B18000E6F70EF908F10108054628B138462968A6
:10B19000E1F724F80028F0D1284606B0BDE8F08198
:10B1A0002DE9F0471C4600230F461646DDF82080A7
:10B1B0009DF82490236023680546BB421BD256F8B5
:10B1C000230000F0C4FD2368824618B101332846ED
:10B1D0002360F0E74246284656F82310FFF7B5FFF4
:10B1E00048B123685A1C2260B9F1000FE3D08045B2
:10B1F000E1D1554623602846BDE8F08770B5054685
:10B20000FFF74FFE044628B12B460026621E591B4D
:10B210008A4200DC70BD13F8012B202A02D0093AC3
:10B22000042AF3D8591B89B28AB29442EED96A5CD7
:10B23000202A02D0093A042A03D80136B6B20131D5
:10B24000F2E7002EE2D08AB2A21A1846013229444F
:10B2500006F0D7FEA41B0346A4B2D6E7F8B584686F
:10B26000064694F85C302BB9B368B3F85420A3F8C1
:10B270005620F8BD04F15C00B4F85430C21812F83E
:10B28000012C202A1CD0093A042A19D90022C254C0
:10B2900013461D46425D0133202A9BB200EB050197
:10B2A000F7D0093A042AF4D9002DDDD0B4F854704F
:10B2B0007A1C521B7F1B06F0A4FEA4F85470D3E73F
:10B2C000013B9BB2A4F85430002BD5D184F85C30FC
:10B2D000CAE700231A46FFF7EABD02230022FFF760
:10B2E000E6BD2DE9F74F054601A8F9F755F9019C90
:10B2F00004EB40180DBB0024204603B0BDE8F08FDE
:10B30000266876B13046E0F77BFF07462846E0F72F
:10B3100077FF874205D131462846E0F75FFF0028D6
:10B32000EAD0E3693BB11B682BB19A460026D3F8FB
:10B3300000904E4504D120340194A045E0D8DAE7CE
:10B340005AF804BF5846E0F75BFF07462846E0F787
:10B3500057FF874205D159462846E0F73FFF0028AE
:10B36000CAD00136E5E70EB403B503AA52F8041BB0
:10B370000192E6F701F802B05DF804EB03B0704704
:10B3800010B50446E0F73CFFB4F8543013FA80F0EF
:10B3900038B1638FB0FBF3F203FB1200B0FA80F018
:10B3A000400910BD38B584682046E0F729FFD4F87D
:10B3B0007C52B4F85630C5F3400580B205FB03005B
:10B3C000638FB0FBF3F203FB1200B0FA80F0400988
:10B3D00038BD10B50446FFF7E5FF18B9A068FFF7C0
:10B3E000CFFF20B16069BDE81040E6F747B810BD57
:10B3F000F8B50546846804F13000B4F85420B4F878
:10B400005610FFF7B5FDA868A78EE68EFFF7B8FFC8
:10B4100010B16869E6F732F8B74207D1218E638E22
:10B420002846C91ABDE8F840E6F744B8E18EA38E75
:10B430002846C91AE6F728F8F0E7F8B504460D469D
:10B440008068B0F85610B0F8542030300D44FFF743
:10B450008FFDA068ADB2B0F856102A463030FFF725
:10B460007CFD0746A0682A46B0F856103030FFF73A
:10B4700065FD064679422046E6F706F83146204645
:10B48000E6F718F8A368A3F85650F8BD2DE9F04187
:10B490000C1E064633DA4FF0FF35644224B2A4B2E4
:10B4A000AFB213E0B3680022B3F856C0B3F85480CB
:10B4B000614603F15C0E69B96B1C22D1A1EB0C0152
:10B4C000304609B2FFF7B9FF013CA4B2002CE9D124
:10B4D000BDE8F081884501D1012DEFD01EF8013083
:10B4E00023F020004138192807D9303B092B04D913
:10B4F000002AE3D1394489B2DDE70122FAE70125C8
:10B50000CDE7B8F1000FE9D1D8E78368B3F856105A
:10B51000494209B2FFF791BF8368B3F85410B3F8FA
:10B520005630C91A09B2FFF788BF8368B3F856309E
:10B530001BB14FF0FF31FFF780BF70478368B3F84E
:10B540005620B3F854309A4202D20121FFF775BF5A
:10B5500070478268B2F85610A2F854108368B3F8A6
:10B5600056201344002283F85C20E5F77BBF10B51A
:10B5700004468068B0F85420B0F856103030FFF719
:10B58000F7FCA3682046198EC1F10101E5F792FF8F
:10B59000A3682046998E0139E5F776FF2046BDE87D
:10B5A0001040E5F75FBF2DE9FF4105460F46144601
:10B5B000002684B904B0BDE8F081D3F8802292055A
:10B5C000FBD503F52073D3E8EF1F21F40071C3E826
:10B5D000E21F002AF7D1686822460368B919D3F838
:10B5E0000C8003ABC047039A1644A41A002AE0D18A
:10B5F000AB68197D0329EED00229DED84FF0FF3069
:10B600004FF0FF31CDE90001082103F5217005F06D
:10B61000F5FDA86800F52170082105F0EBFDDAE7DB
:10B62000FFF7C1BFF7B51E4683681546D3F87C22E5
:10B630000446D20613D593F83E208A420FD0DB8F02
:10B64000ADF80430E5F788FF324629466069E5F732
:10B6500093FE204601A9E5F79FFF03B0F0BD3246F7
:10B660002946606903B0BDE8F040E5F785BE0CB43B
:10B6700007B504AB53F8042B0193FFF7D3FF03B0D6
:10B680005DF804EB02B070472DE9F041876805468C
:10B69000B7F854608846B318FF2B144626DCB7F879
:10B6A0005630F61A5C331F44B6B232463946381962
:10B6B00006F0A7FC22464146384606F095FCAA68EB
:10B6C000B2F854302344A2F85430AB68B3F8542095
:10B6D0001344002283F85C20AB68D3F87C128907FE
:10B6E00006D4B3F856201444A3F85640BDE8F081C0
:10B6F00031462846BDE8F041E5F7D0BFFFF7C4BFAB
:10B7000038B505468068B0F85620B0F85440A41A01
:10B71000A4B29CB15C321044411C224606F071FC7C
:10B72000AA68611EB2F854302846013BA2F8543092
:10B7300089B20122BDE83840E5F7B0BF38BD10B589
:10B7400083680446B3F854205AB1B3F8563043B175
:10B750004FF0FF31FFF771FE2046BDE81040FFF7C4
:10B76000CFBF10BD002370B505464FF47A7492B078
:10B77000019368684022036802A91E6901ABB047C3
:10B78000019B13B108B9013CF3D112B070BDF8B5FB
:10B79000C3695E695F6883683046D3F87C52FDF701
:10B7A000C8FEC5F30015044650B1014605F18E02EE
:10B7B0003846FEF789FE30462146FDF715FF012089
:10B7C000F8BD43681B68D3E90632D3E8EFCF8C4459
:10B7D000C3E8E0CF0028F8D19368D3E8EF0F08441E
:10B7E000C3E8E20F002AF8D170472DE9F843436817
:10B7F00007461E680D46B268F369D2F87C429A6823
:10B80000C4F300141279012A03D0032A4FD0BDE8F3
:10B81000F883D868D3F814800B7847F6122E5907AE
:10B8200040F2E7318C464FF0000158BF2B68E0FB37
:10B830000EC15CBFC3F34A246B884FF47A725EBFBB
:10B8400004EB1314173424F007044FF00003604690
:10B850004CBF0024A408DDF78BFA02460B46404695
:10B860002146FDF7CAFD814628B93846BDE8F843B0
:10B870000121FFF7A6BF012CF7D9294651F8043B57
:10B880000268C3F39D0363F39F0240F8042B621E1A
:10B89000920006F0A9FB40464946FDF72BFEB06832
:10B8A00000F521700221BDE8F84305F09CBC30464C
:10B8B000D3F80480FFF75BFE05F0BFF904F18E07B3
:10B8C000044600B3EFF31184402383F31288BFF3DF
:10B8D0006F8FB368D3F880321A051ED53A462946D1
:10B8E0004046FEF7F1FDB368D3F880321B0502D461
:10B8F0003046E5F779FF05F0A0F990B184F311889F
:10B90000BFF36F8F83E7B06800F524704FF0FF320C
:10B910004FF0FF33F9F7F8F8DBE73046FFF727FE83
:10B92000DCE7B06800F52470BDE8F843F9F7B8B873
:10B93000134610B50C460A4601461846FFF770FE3E
:10B94000204610BD70B504460D46D0E904101646D9
:10B95000FDF732FD324629462068FEF7D2FC002270
:10B9600063685B685D60A3681A600122A3681A714E
:10B9700070BD10B504460068FEF7D4FC0222A3682F
:10B980001A7110BD10B5436801211C686068036816
:10B990009B689847E36930BB03229B681A71A368D0
:10B9A00003F52073D3E8EF1F41F40051C3E8E21F11
:10B9B000002AF7D1A068B0F85420B0F85610303003
:10B9C000FFF7D6FA4FF0FF312046E5F75DFDA3689B
:10B9D0002046198E4942E5F76DFD2046FFF7D7FE58
:10B9E0000028FAD110BD1846BDE81040FFF7C1BFCE
:10B9F000F7B50546002203685B681C68A368D3F8A6
:10BA00007C628368C6F30016D3E8EF7FC3E8E12FBA
:10BA10000029F9D18FB13EB1A3680121DB8F204607
:10BA2000ADF80430E5F798FD39466868E3F7D2F9D8
:10BA30001EB1204601A9E5F7AFFD204603B0BDE8E1
:10BA4000F040FFF7A4BE78B10378C42B0BD1437844
:10BA50000B2B08D18378D22B05D1C078A0F18603B7
:10BA6000584258417047002070470EB403B503AAEE
:10BA700052F8041B0192E5F77FFC02B05DF804EB7D
:10BA800003B070472DE9F843054688461746002461
:10BA900018F80430202B21D0093B042B1ED9404636
:10BAA000E0F7AEFBAB6880B2598F001BCB1B98420E
:10BAB00008EB040914D94846002610F8012B202A67
:10BAC00006D0A2F1090CBCF1040F02D80A2A2DD02D
:10BAD0003346BA19914228D90136EEE70134D7E747
:10BAE0004B460026B04208D168694946FFF7BDFFC2
:10BAF0006869BDE8F843E5F791BE13F8012B0A2AFF
:10BB000011D16869FFF7A3F9324649462846FFF785
:10BB10004AFD013434446869E5F780FE3946284619
:10BB2000E5F7C8FCBBE70136DCE71E466869FFF7AE
:10BB30008EF9324649462846FFF735FD344418F859
:10BB40000430202B02D0093B042BE4D80134F6E763
:10BB50000020704783690020186070470EB403B559
:10BB600003AA52F8041B0192E5F706FC02B05DF847
:10BB700004EB03B0704708B50168FFF71CF900201B
:10BB800008BD836803F51F73D3E8EF1F41F002017E
:10BB9000C3E8E21F002AF7D100207047836803F54D
:10BBA0001F73D3E8EF1F21F00801C3E8E21F002A4A
:10BBB000F7D100207047836803F51F73D3E8EF1FA8
:10BBC00021F01001C3E8E21F002AF7D100207047DE
:10BBD000836803F51F73D3E8EF1F21F02001C3E84A
:10BBE000E21F002AF7D100207047836803F51F7316
:10BBF000D3E8EF1F21F00201C3E8E21F002AF7D1CA
:10BC000000207047836803F51F73D3E8EF1F41F0EE
:10BC10000801C3E8E21F002AF7D1002070478368BB
:10BC200003F51F73D3E8EF1F41F01001C3E8E21FD3
:10BC3000002AF7D100207047836803F51F73D3E80B
:10BC4000EF1F41F02001C3E8E21F002AF7D10020D6
:10BC500070470023C360704770B515461E46C46820
:10BC6000F1B13CB9034653F8044F9C4209D100207E
:10BC7000308070BD8368A34202D10023C360F6E721
:10BC80002468C460002CF2D02289284604F10A01FD
:10BC900006F0AAF90022238901203380EA54E8E75C
:10BCA000002CE4D043689C42E7D06468E9E72DE9C2
:10BCB000F8430023044688461646C36022B3071D96
:10BCC0004068874200D0B8B906F10A090022002373
:10BCD00049462068F8F7A0FD0546B8B963689F4259
:10BCE00012D0A168D1E9003213605A60C1E90000A6
:10BCF000206804F051FDE9E703899342E4D10A305A
:10BD000006F0ABF90028DFD1BDE8F88306813246A2
:10BD100041460A3006F068F96368C5E900375D609E
:10BD20006560F1E770B504460025061D6368B342FF
:10BD300002D10023E36070BDA168D1E90032136035
:10BD40005A60C1E90055206804F026FDEEE710B501
:10BD5000044628B1E0F754FA002380B2984201D893
:10BD6000002010BDE25C3F2A03D02A2A01D0013313
:10BD7000F4E70120F5E710B5044680684FF48072BF
:10BD8000002100F5AE7006F055F9A068B0F8542017
:10BD900000F15C0100F5AE7006F026F9A06800F530
:10BDA000AE70FFF72BFAA46804F5AE70E0F728FA3E
:10BDB0000130A4F8580010BD10B504468068B0F8F2
:10BDC000582000F5AE715C3006F00EF9A368B3F8A8
:10BDD0005820A3F8542010BD704738B501220C46F6
:10BDE00089680546EEF73EFC10B1012365602370BB
:10BDF00038BD06F01FB906F0F7B8F0B503460D469A
:10BE00008DB0076801AE00F1200C344618685968FF
:10BE1000083303C463452646F7D10023384601A9F9
:10BE2000CDE909530B92E6F7C5FA0DB0F0BD0A460D
:10BE30000121FEF7EABA00210120E6F7BBBAD0F8EB
:10BE4000AC3083F30B8870476FF08500704761B6A4
:10BE500062B680F31188BFF36F8F704772B600230C
:10BE600083F31188BFF36F8FBFF34F8F30BF62B67C
:10BE7000BFF36F8F704772B6002383F31188BFF34F
:10BE80006F8FBFF34F8F20BF80F31188BFF36F8F89
:10BE900062B6704740E800F313F4803FD8B208BFA1
:10BEA0006FF01500704730B50C684B6885B00A8993
:10BEB0004D890094013B24F01F04234402F01F022B
:10BEC00042EA451223F01F0369468DF808200393C8
:10BED000E6F7F8FF05B030BD08B5D1E90431984761
:10BEE000002008BD08B5E7F715FA002008BD0B07CC
:10BEF00004D5A0F14103192B98BF2030704707B536
:10BF00001346402200920A46E7F72AFA03B05DF88A
:10BF100004FB7047002303824369C3607047C16913
:10BF20008968E7F7EDBCEFF31182402383F31288B1
:10BF3000BFF36F8F00230B60436833B9C0E9001172
:10BF400082F31188BFF36F8F704719604160F7E784
:10BF5000034610B5EFF31181402282F31288BFF33C
:10BF60006F8F006828B15C680268A0421A6008BF41
:10BF70005A6081F31188BFF36F8F10BD027A0132CE
:10BF800002727047034618465B68002BFBD170476E
:10BF9000426810B52AB10B461C465B68002BFBD1EA
:10BFA0006260416010BD10B5044620B908460B7AA6
:10BFB00001330B7210BD034618465B68002BFBD1A2
:10BFC000FFF7E6FF2046F5E792B281600160C2808C
:10BFD0008280704783680B440360704703680B607E
:10BFE00043684B6083688B6070478388026819449C
:10BFF0008180D018704730B484880568A318838086
:10C00000281930BC05F0F0BF10B5838802685C1CAD
:10C010008480D154D01810BD30B5838802689D1C2F
:10C020008580D418D154090A617030BD83885B1AA9
:10C030009BB28380006818447047034600689A8862
:10C04000401A11441860998070470268531E0360BB
:10C0500083880133838002F8011C7047034682887D
:10C06000521A8280006808441860704703460068CE
:10C070009A88521A01449A801960704710B5036873
:10C0800001211C78FFF7EAFF204610BD10B50368B8
:10C0900002211C88FFF7E2FF204610BD0FB407B550
:10C0A00004AA52F8041B08200192E7F7F7FD03B039
:10C0B0005DF804EB04B070470FB407B504AA52F85A
:10C0C000041B01200192E7F7E9FD03B05DF804EBE2
:10C0D00004B0704770B50D4600210446FEF70EFB14
:10C0E0000D2818D1237B302B13D1002305F8063BF4
:10C0F00004F10C062A462046012302210234FDF7F2
:10C100002CFBB44205F1FF35F4D1002070BD0123B2
:10C11000ECE7312BFBD06FF01500F7E700207047FC
:10C1200010B50C460178227888B08A420ED0694654
:10C13000E8F704F8204604A9E8F700F8102268465A
:10C140000DEB020105F089FF08B010BD012A06D0F1
:10C15000022A07D072B940886388C01AF4E74068A1
:10C160006368FAE71022611C013008B0BDE8104096
:10C1700005F073BF6FF01500E6E7042A0AD0102A15
:10C180000DD0022A4FF0000315D103700B884380B5
:10C1900001207047012303700B684360F8E7022316
:10C1A00000F8013B01F1100351F8042B994240F8CB
:10C1B000042BF9D1ECE718467047012310B506218E
:10C1C000044600F8013BF4F781F818B9A37963F04D
:10C1D0003F03A37110BD70B504460D46E0F710F89B
:10C1E000112817D10223E25C3A2A13D10333112B11
:10C1F000F9D1053504F1120601232A460221204611
:10C20000FDF7ABFA30B10334B44205F1FF35F3D199
:10C21000002070BD6FF01500FBE70B6803608B8892
:10C2200083808B798371037823F002030370704756
:10C230000078C0F34000704738B50446807AE7F7CD
:10C2400035FB6169054649B1637ADB0704D4C369EC
:10C2500020461B689B689847002363612146284657
:10C26000BDE8384004F0BCBB2DE9F0410C46174650
:10C27000054601F10C0800F10C0140461E46FFF78F
:10C28000ADFE6269E36839469B1A13FA87F36B8245
:10C29000012340466B722F82FFF7E0FEE3682846D9
:10C2A00073600023628AE360728163823460BDE858
:10C2B000F08138B50C46D1E900320546DA600B68EA
:10C2C0004A895A820868E7F799FB20461022002124
:10C2D00005F0B0FE2846BDE83840FFF7ADBF438A01
:10C2E00023B9C068B0FA80F0400970470020704759
:10C2F0000F2806D80D280BD8052814BF02200320CC
:10C300007047132804D01A2814BF02200120704758
:10C3100001207047FEF779B8034610B5D3E8EF0F58
:10C3200040EA0102C3E8E42F002CF7D110BDFEF76C
:10C3300075B80023E2F70EBBD0E8EF3F0B40C0E832
:10C34000E23F002AF8D1704710B5EAF761FA0446D7
:10C350006FF480711030FFF7EFFF2046BDE810400A
:10C3600000F064B9C368DB78012B01D1FFF7ECBFA3
:10C370007047C368DB78012B01D1FFF7E5BF704739
:10C380000020704710B5028843889A4218D8052AC1
:10C3900016D9B3F5486F13D88488B4F5FA7F0FD255
:10C3A000C18840F67640A1F10A0292B2824207D8D3
:10C3B00004FB0333B3EB810F34BF0120002010BD19
:10C3C0000020FCE770B50D460646A8B9A1B1EBF711
:10C3D0003BFA044650B183781321012B08BFC0F803
:10C3E000A46000F09DF92046EAF71CFE29460020D3
:10C3F000EFF71CFC002070BD6FF01500FBE7837A9F
:10C40000072B03BF038800200B806FF07F0070476D
:10C41000002070470020704770B506460D464FF06B
:10C42000FF304FF0FF31E8F755FD044668B10321B6
:10C430000C30FFF7DAFD068085702146BDE87040BC
:10C44000002240F20640E8F713BF6FF0680070BDAD
:10C45000C368187808B1E8F711BC1846E8F7FCBFC4
:10C4600038B54FF0FF3105464FF0FF30E8F732FDA9
:10C47000044668B102210C30FFF7B7FD2B88214636
:10C4800003800022BDE8384042F21600E8F7F0BE13
:10C490006FF0680038BD70B5837A0546072B1CD154
:10C4A000031DD3E8AF3FC3F380465B0318D44FF0BE
:10C4B000FF304FF0FF31E8F70DFD044690B1022147
:10C4C0000C30FFF792FD2B88324603802146BDE8F1
:10C4D000704040F21D40E8F7CBBE6FF07F0070BDAA
:10C4E0000020FCE76FF06800F9E7F8B507460E4654
:10C4F0004FF0FF304FF0FF311546E8F7EBFC0446F4
:10C5000078B106210C30FFF770FD3B884680038030
:10C5100085802146BDE8F840002242F22200E8F77B
:10C52000A7BE6FF06800F8BD70B506460D464FF027
:10C53000FF304FF0FF31E8F7CDFC044618B9BDE8F5
:10C540007040E8F741B803210C30FFF74EFD06803C
:10C5500085702146BDE8704042F22100E8F734BE04
:10C56000072208B505F079FDB0FA80F0400908BD52
:10C57000FDF74BBF0A7803789A4206D11030D0E815
:10C58000AF3FDB0544BF01234B70704700280CBF51
:10C5900008460020704718B111B10846E9F7A8BD58
:10C5A0006FF01500704713B5044680B10621684648
:10C5B000F3F78CFE48B99DF80530694603F03F0358
:10C5C00020468DF80530FFF7E6FF02B010BD6FF092
:10C5D0001500FAE7003818BF0120704700207047A7
:10C5E00070B506460D464FF0FF304FF0FF3186B074
:10C5F000E8F770FC0446B0B10C3095B10121FFF7AB
:10C6000003FD204606F1100203A908230095E8F770
:10C610004FFC0022214642F20A00E8F729FE06B04C
:10C6200070BD2946EBE76FF06800F8E7183004F0BA
:10C63000C6BA10B50446FFF7F9FF2046BDE8104022
:10C640005022002105F0F6BCD0F8BC00003818BF1D
:10C65000012070470846896918301160426800213E
:10C660001A6010F80D2C05F0E5BCD0E8AF0F70474C
:10C67000FDF7D4BE2438EAF747BB002203680BB9A4
:10C68000184670478B4210D10B6842B9426803606C
:10C69000914200D14360002301200B60704713607A
:10C6A0004368994208BF4260F5E71A461B68E6E70F
:10C6B000837A072B01D1EAF753BB704710B50446C4
:10C6C000006918B1E7F79AF90023236110BD03460A
:10C6D00010B500F1D0021046FFF7C7FF60B1411C52
:10C6E000D2E8EF4F844204D1C2E8EC1FBCF1000F46
:10C6F000F6D1F0D1184610BD0346FBE710B5837A9A
:10C700000446073B012B02D80121EAF7DDFCA37A9E
:10C710002BB12046BDE810400021EAF7D5BC10BD82
:10C7200010B5837A0446023B062B16D8DFE803F0E7
:10C7300009041515150B0900417200212046EAF77E
:10C74000C3FC002010BD0088FFF766FE0028F9D169
:10C75000A37A072BF5D10821F0E76FF07F00F1E70E
:10C7600038B5037A04468B42154615D100F17001A5
:10C770000722284605F071FC80B1E378072243B90F
:10C7800004F17E01284605F068FCB0FA80F040090B
:10C7900038BD04F17701F5E70020F9E70120F7E75C
:10C7A00008B582780346012A02D06FF0150008BD53
:10C7B000021D1046FFF759FF800302D46FF00F00EF
:10C7C000F5E71046FFF751FF4203F7D59A780A7054
:10C7D00093F8A8204A70B3F8AA204A80B3F8AC2096
:10C7E0008A809A78012AE0D1993300208B60DEE7B5
:10C7F000F8B507460D464FF0FF304FF0FF31E8F730
:10C8000069FB0646D0B10E210C30FFF7EEFB044663
:10C810000E22002105F00EFC3B88314623802B8838
:10C82000002263806B8842F21300A380AB88E38010
:10C83000EB882381BDE8F840E8F71ABD6FF0680087
:10C84000F8BD38B5034680780A46012822D11D1D5F
:10C850002846FFF70AFFC0F3C024000504D5184698
:10C86000BDE83840EBF748B90988A3F88C10518827
:10C87000A3F88E109188A3F89410D288A3F896207C
:10C88000D5E8EF3F43F40053C5E8E23F002AF7D173
:10C89000204638BD6FF01500FBE7704710B5044621
:10C8A000F8F7AAFE234653F8402BD2F8BC1061B922
:10C8B0002164D2F8C01061B9C2E92F33F8F7B0FE95
:10C8C0002068BDE81040EAF7D5BB8B42F6D0096876
:10C8D000EDE70B60C2F8C030F0E703682BB14168A8
:10C8E0001A688B42026008BF4260704770472DE9AA
:10C8F000F843446B2CB154F8085905B1083D0027A2
:10C900000CB9BDE8F883D4E900682EB3F8F774FEDB
:10C910000022D6F8BC3004F1400163B1994233D112
:10C92000236C4ABBD6F8C020C6F8BC30914201D176
:10C93000C6F8C0302764F8F773FE04F1300900220E
:10C9400000234846F8F77AF8064600BBD8F80430CA
:10C950000BB1204698472760E3680BB12046984703
:10C96000D8F820300BB120469847DDB1AB6803B151
:10C97000083B2C461D46C3E71360D6F8C0309942E9
:10C9800008BFC6F8C020D5E71A461B68C5E7B369DB
:10C9900023B16FF06D02F169206898473046E7F7E0
:10C9A0002DF8CCE72B46E4E7F8B50F460021054605
:10C9B000164600234FF224420846EBF7BDF9044621
:10C9C00020B92846EBF77AF92046F8BD04210C304F
:10C9D000FFF70BFB057047704680F5E7406B28B109
:10C9E000838B08388B4201D08068F8E7704710B518
:10C9F0004AB989B2FFF7F2FF28B143689B6913B1C6
:10CA0000BDE81040184710BD38B50D460521FFF7A9
:10CA1000E5FF002329461A46EBF7A8F9044610B1B2
:10CA20002846E6F7EBFF204638BD406B28B18389E6
:10CA300008388B4201D08068F8E77047704703469A
:10CA4000006828B15968026888421A6008BF5A60B5
:10CA500070470346002003B970471A8A5B68104488
:10CA6000F9E710B5D4680231237813B92170012099
:10CA700010BD8B42FBD0038A023B03820020106171
:10CA8000F6E7FDF7C2BC2DE9F04104468868FFF7E0
:10CA9000E0FF638D628B0D46934228BF13468342AD
:10CAA0001DD300272165D1F808808F60F8F7A4FD19
:10CAB00041462046EBF76CFB064638B1C5F80880C6
:10CAC0002765F8F7ADFD3046BDE8F081618D638BD9
:10CAD0002846994228BF1946EFF774F9F1E76FF03D
:10CAE0007906F0E708B503680A8A1868C968EEF79E
:10CAF000FDFF002008BD38B5054601F10C000C46CD
:10CB0000FFF7C4FA2D680146238A2868E26801F01D
:10CB100040F9002038BD38B504460D46EBF738FB28
:10CB200030B1294604F15400BDE8384003F04DBF50
:10CB300038BD70B40668F2695AB3144654F898398F
:10CB400003B1983B002211467CB9438D408B8B4248
:10CB500001D890421FD9824238BF024699423068BC
:10CB600038BF194670BCEFF741B8844207D0658DD5
:10CB7000648BA94238BF2946A24238BF224633B14E
:10CB8000D3F8985005B1983D1C462B46DCE71D466E
:10CB9000FAE71146D9E770BC704773B514460146F1
:10CBA00005464FF49572206800F0C6FF207530B935
:10CBB0002946206801F039F920B90823237500209F
:10CBC00002B070BD237AB3B1A3F1180253425341AE
:10CBD0009B000193638A29460093AE68238AE2682A
:10CBE0002068B047002808DB238A98420CD1002334
:10CBF00001202375E4E70223EBE710F1FF0F03D3D5
:10CC00004042C0B22075DAE70E20FBE7F8B5936822
:10CC100005460F461446166863B9506801210C306A
:10CC2000FFF7E3F9A0602B681B78002B14BF0223E9
:10CC300001230370A3681B78012B03D0022B1FD0A4
:10CC400000201CE02B681B78002BF9D160680421C0
:10CC50000C30FFF7CAF9E06007802A68E368528861
:10CC60005A806168728D738B088A9A4294BFC0EBB8
:10CC70000200C0EB0300042894BF00200120F8BD8F
:10CC80002B681B78022BDBD1606812210C30FFF778
:10CC9000ACF9E06007802B68E268591C023211335E
:10CCA00051F8040B994242F8040BF9D16168728D76
:10CCB000738B088A9A4294BFC0EB0200C0EB03005A
:10CCC0001228D9E7D0680431037813B90170012024
:10CCD00070478B42FBD0002091680B8A043B0B828B
:10CCE000106170471FB5CDE9012300231A46009358
:10CCF000EDF72CFA05B05DF804FB0022036803B9D8
:10CD000070478B420FD10B683AB942680360914279
:10CD100000D1436000230B60704713604368994261
:10CD200008BF4260F6E71A461B68E8E7D0E8EF3F25
:10CD300043F00802C0E8E12F0029F7D1C3F3C00097
:10CD400070472DE9F041064690461F460D46B9B1A1
:10CD500004220121EBF7F6FA044618B9BDE8F041C8
:10CD6000EBF7C6BA04210C30FFF73FF90570A0F8C5
:10CD70000180C77021463046BDE8F041FFF7CBBEC9
:10CD8000BDE8F08137B50C46054601F10C00FFF710
:10CD90007DF9228A03460192E26812210092284618
:10CDA0001322EBF753FB03B030BD37B50C460546F5
:10CDB00001F10C00FFF76AF9228A03460192E2684A
:10CDC0002846009200221146EBF740FB03B030BD2D
:10CDD00070B504460E46002200230846F7F72EFEE3
:10CDE000054658B101462046EBF7D2F9044618B182
:10CDF0002946304603F0F4FD204670BD6FF0010473
:10CE0000FAE707B5CA680C211388528800920D22F0
:10CE1000EBF734FD03B05DF804FB07B50022CB68E7
:10CE20000A211B8800920B22EBF728FD03B05DF866
:10CE300004FBF8B5CB6804461F88BBB2162B24D977
:10CE40000321EBF7DBFB064608B302210C30FFF7AA
:10CE5000CCF800256FF0080345700370314620467A
:10CE6000FFF759FEF7236383236867851B68043344
:10CE7000D3E8EF1F41F48031C3E8E21F002AF7D165
:10CE80002046FFF756FE2846F8BD0420FCE70E209A
:10CE9000FAE72DE9F04F064685B0104690469946D0
:10CEA000FFF7D7FD738B728D8B46934228BF1346D5
:10CEB000834275D9736840460393FFF763F84FF0D8
:10CEC000000A04464046FFF7C4FDE168228A658AED
:10CED0006369AD1ACB1AED1A778B738D9F4294BF9D
:10CEE000C0EB0700C0EB0300854228BF054625BB09
:10CEF00098F80A00E6F7DAFC00220023FFF70FF8A3
:10CF0000044608B9574627E001464046FFF74BF86C
:10CF10004046FFF79EFDE168228A658A6369AD1A83
:10CF2000CB1AED1A778D738B9F4294BFC0EB07002D
:10CF3000C0EB0300854228BF0546CDF80090DBF822
:10CF400004700A4403985946ABB2B847071E07DA83
:10CF5000BAF1000F18BF5746384605B0BDE8F08F4C
:10CF60000E9BABB9394604F10C00FFF73EF8404682
:10CF7000FFF76FFD738D728BB944934228BF134640
:10CF80008342BA441FFA89F9BCD9AF429AD0B9E7B3
:10CF9000394620460F9A0E9B98470028E2D1B1E708
:10CFA0000027D9E700232DE9F34117681446D7F885
:10CFB00004800146137306469522404600F0BCFDEE
:10CFC0000546207330B93146404600F02CFF28B9A1
:10CFD00008232373002002B0BDE8F081A068798D9A
:10CFE0007A8B038A914294BFC3EB0103C3EB020324
:10CFF000012BEFDD02210C30FEF7F7FFCDE90055E4
:10D000008046A38831463846A268FFF742FF031ED8
:10D0100006DA13F1FF0F2ABF5B420E23DBB2D8E71B
:10D020000120A8F80030D6E700232DE9F341176866
:10D030001446D7F8048001461373064695224046ED
:10D0400000F07AFD0546207330B93146404600F0C5
:10D05000EAFE28B908232373002002B0BDE8F0815E
:10D06000CDE9005531463846A388A268FFF711FF85
:10D07000002807DA10F1FF0F32BF0E204042C0B285
:10D080002073E9E70120E8E7F8B5054650F8044CBD
:10D09000071F00F14803D3E8EF1F21F00401C3E8A4
:10D0A000E21F002AF7D1FCB1EB6C83B9636873B15E
:10D0B000201DFFF7C4FC064601463846FFF7E3FC97
:10D0C00090B163683360A368666003B9A6603846B0
:10D0D00005F15001FFF77CFE30B1384604F10C0138
:10D0E000BDE8F840FFF774BEF8BD2DE9F041C46912
:10D0F000074644B154F8986906B1983E0022154697
:10D1000007F104080CB9BDE8F081236D9BB905B99E
:10D110008AB94046FFF793FC054658B101462046C0
:10D12000FFF7B1FC0028EED07B682B60BB687D6008
:10D1300003B9BD60224636B1D6F8983003B1983BAA
:10D1400034461E46DEE73346FAE738B50546D1E8F1
:10D15000AF3FDB0716D550F8040C98B1EB6C8BB9D8
:10D160000430FFF76CFC044660B10146281FFFF74E
:10D170008AFC38B155F8043C5A6822609A685C60B1
:10D1800002B99C6038BDECF759BF08B5EBF7E6FE75
:10D1900040B1C06930B1024652F8983903B1983BAA
:10D1A000002002B908BD518B528D8A4228BF0A4621
:10D1B000904238BF104633B1D3F8981001B1983976
:10D1C0001A460B46EDE71946FAE770B5CE680446F5
:10D1D00033880D469AB2162A06D800220423114637
:10D1E000ECF736F8002070BDF72243854283FFF745
:10D1F000A0FC0023314620462A8AF1E708B5002327
:10D200000A8AC968ECF724F8002008BDFFF7F6BFCA
:10D21000FFF7F4BFFFF7F2BFFFF7F0BFFFF7EEBF76
:10D22000FFF7ECBFFFF7EABFFFF7E8BFFFF7E6BF86
:10D23000FFF7E4BFFFF7E2BF70B50D46EBF78EFED8
:10D24000044628B92846E6F7D9FB6FF07F0070BD89
:10D2500000F10C062946304603F0B7FBE469C4B17F
:10D2600054F8985905B1983D0022104607E022462F
:10D270007DB1D5F8983003B1983B2C461D46831CF0
:10D2800001D1002AF4D131462046FFF7A1FD002844
:10D29000EDD10020DBE738B505460C46F8F7ACF9D0
:10D2A0002846EBF75BFE20B9F8F7BAF96FF07F007C
:10D2B00038BD0023236083683BB9C0E90144FFF710
:10D2C00014FFF8F7ADF90020F2E71C608460F6E780
:10D2D00010B50C46EBF742FE90B1C36943B153F869
:10D2E000482C983BD168A14209D0D3F89830F5E793
:10D2F000406828B1C368A34202D00068F9E710462D
:10D3000010BD0120704708B5EBF728FE78B1C3695E
:10D310006BB1983B03F14C02D2E8EF0F20F008000C
:10D32000C2E8E10F0029F7D1D3F89830F0E708BD43
:10D3300008B50421FFF779FB20B14830D0E8AF0FE2
:10D34000C0F3C00008BD10600020704710B5029CFB
:10D35000A36833B1B1F5807F28BF0E21CAB2214640
:10D360009847A37DE268013BDBB2A37522B11BB9EC
:10D370002046BDE81040104710BD1060918000208D
:10D380007047B1F5807F28BF0E21009AC9B213689B
:10D390001847B1F5807F28BF0E21009AC9B21368E3
:10D3A000184700207047FDF739B8F0B50768064602
:10D3B0003D78144689B0E5B97B88B3F5245F04D085
:10D3C00011D8A3F52053032B13D8ADF80A1002226D
:10D3D00020460DF10A01ECF777F870B16FF01503F4
:10D3E000C4F8603106E003F55643FF339BB2042BCB
:10D3F00020D90125284609B0F0BD7B8802222046AD
:10D400000DF10A01ADF80A30ECF75EF80028E5D11D
:10D41000009003AA132331467768B847021E02DA48
:10D42000C4F86021E6E703A92046ECF74DF8002890
:10D43000DFD0D3E7ADF80A10022220460DF10A0131
:10D44000ECF742F80028C9D17B880222ADF80A30F7
:10D450000DF10A01E8E7072208B504F0FEFDB0FA75
:10D4600080F0400908BD10B503780446934207D107
:10D470000130FFF7F0FF002814BF2046002010BD48
:10D480000020FCE7034610B5D3E8EF0F40EA0102A5
:10D49000C3E8E42F002CF7D110BD034610B5D3E844
:10D4A000EF0F00EA0102C3E8E42F002CF7D110BD12
:10D4B0000B6803608B8883808B79837170472DE9BB
:10D4C000F0410C46069D06466FF0040105F1100080
:10D4D000FFF7E3FFF4B13046ECF7FCF8014648B340
:10D4E000836853B10022186805F1140C2BB1634511
:10D4F00008D12B463046ECF73FF8B4F5807F28BFC3
:10D500000E240FE020B107681A4603463846EDE7BF
:10D510000746F9E7AB892BB9234622462946304610
:10D520002F68B8476B682BB12A463046E1B2BDE898
:10D53000F0411847BDE8F081D0E8AF0F7047FCF725
:10D5400064BF70B50D46064611F8010BEAF77CF989
:10D55000044610B12C89E9F765FD6B89A34207D019
:10D56000EB686C8123B121463046BDE87040184716
:10D5700070BD08B502210C30FEF737FD6FF00802D0
:10D58000034600201A70587008BD10B514460221D9
:10D590000C30FEF72AFD63890380002010BD10B512
:10D5A000144604210C30FEF720FD23890380E38913
:10D5B0004380002010BD10B5144602210C30FEF748
:10D5C00014FD23890380002010BD10B514460421EA
:10D5D0000C30FEF70AFD2389038063894380002015
:10D5E00010BD08B501210C30FEF7FFFC03460020FA
:10D5F000187008BD08B501210C30FEF7F6FC0123B8
:10D600000370002008BD38B5154600F10C04042154
:10D610002046FEF7EAFC2B890380EB8943802B7CB4
:10D6200033B94FF420512046FEF7F6FC002038BDF8
:10D6300042F60101F7E738B5154600F10C04042164
:10D640002046FEF7D2FC2B890380EB8943802B7C9C
:10D65000022B04D0032B09D02B68598801E042F635
:10D6600002012046FEF7D8FC002038BD42F6030137
:10D67000F7E770B51446002500F10C066268EBB2BE
:10D680009A4205F1010501D8002070BDA26830461C
:10D6900032F81310FEF7C0FCF0E7FFF7EABF30B531
:10D6A000144685B0054602210C30FEF79EFCA38887
:10D6B000002203800023CDE902330023CDE90023BB
:10D6C0002846A268A189E6F7B7F9A389834214BF67
:10D6D0006FF00B00002005B030BD7FB51546064643
:10D6E0000C460C300421FEF780FCAB88002203803E
:10D6F000EB88043C43800023CDE902330023CDE9CD
:10D70000002321463046AA68E6F796F9844214BF02
:10D710006FF00B00002004B070BDF7B5089D064601
:10D720000C462F6851B973B900232A460893E1B219
:10D730003046BC4603B0BDE8F0406047B1F5807F9D
:10D7400028BF0E24F0E7009313462A46B8470894F2
:10D7500023462A4621462F68EAE7F0B50D4687B0F2
:10D76000114606461A460C9C5DB983B9276800230A
:10D7700022463046BC46E9B20C9307B0BDE8F04003
:10D780006047B5F5807F28BF0E252768EFE703A81F
:10D79000FEF71AFCBDF81030012B08D800230093C7
:10D7A0002246194630462568A84707B0F0BD022139
:10D7B00003A8FEF75BFC0346BDF8102033F8027B9C
:10D7C0000021974228BF1746009722463046256819
:10D7D000A847394603A8FEF749FCDBE738B5BDF892
:10D7E00010401546A2420CD84CB16BB1A41A8C4221
:10D7F000A8BF0C46A4B22246591904F0F5FB2046F6
:10D8000038BD6FF00604FAE76FF00D04F7E730B5A6
:10D8100085B0C96814461D46EBF748FF00B1008982
:10D820000223ADF80E00009329462046BDF82020C3
:10D830000DF10E03FFF7D2FF05B030BD1FB50C464A
:10D840001946E36810461C78BDF818203CB1102436
:10D850000133069404B0BDE81040FFF7BFBF5B88FA
:10D86000ADF80E30022300930DF10E03FFF7B6FF63
:10D8700004B010BD30B51D46002385B014468DF8A8
:10D880000C30EBF7FBFE10B1037A8DF80C3001235E
:10D89000294600932046BDF8202003ABFFF79EFFEA
:10D8A00005B030BD38B5144600F10C0506212846F8
:10D8B000FEF79BFB23890380E3894380237C002BB5
:10D8C00042F6010308BF4FF42053838021680B7890
:10D8D0001BB1022B06D0002038BD28464988FEF730
:10D8E0009BFBF8E7102228460131FEF784FBF2E7A4
:10D8F00038B5154600F10C0404212046FEF775FBEF
:10D900002B8903806B894380E9680B782BB920460B
:10D910004988FEF781FB002038BD102220460131E6
:10D92000FEF769FBF7E7002203680BB9184670475A
:10D930008B4210D10B6842B942680360914200D11A
:10D940004360002301200B607047136043689942D5
:10D9500008BF4260F5E71A461B68E6E770B500F1BC
:10D96000700605463146007AFEF754FD04463146FE
:10D97000287A1CB1BDE87040EBF7E2BFEBF7EAFD97
:10D9800010B104604460846070BD022A10B508D1F3
:10D99000002300F170011A46007AEBF705FF022020
:10D9A00010BDFFF7DBFFFAE738B5144600F10C05B0
:10D9B00002212846FEF719FB63890380A1892846C6
:10D9C000FEF72AFB042104F11000FFF75BFD0020A5
:10D9D00038BD08B50C3029B10121FFF753FDC04314
:10D9E000084008BD6FF00101FFF757FD00F001008E
:10D9F000F7E710B50446FFF7ECFF38B12146BDE864
:10DA00001040012211F8010BEBF77CBE10BD38B5B8
:10DA100004461546FFF775FC48B12046EBF72EFE8D
:10DA200028B1037ADB0702D50121FFF7E2FF55B9E0
:10DA3000207A04F17001EBF78DFD20B18560BDE81F
:10DA40003840EBF797BE38BD38B5BDF81010BDF8BB
:10DA500018401046A142059D0CD84CB16DB1641A16
:10DA60009C42A8BF1C46A4B22246294404F0BCFA3A
:10DA7000204638BD6FF00604FAE76FF00D04F7E7B3
:10DA800013B5044610B9002002B010BD00238DF874
:10DA9000043042F60303006801A9ADF80630FEF732
:10DAA0003FFB0028EFD1E36898880028ECD120469E
:10DAB000ECF71CFB013080B2E6E770B5CC681E467F
:10DAC000A37988B008468DF80C301546FFF7D8FFCB
:10DAD000ADF80D00246823786BB96388ADF80F307A
:10DAE0000523009331462846BDF8302003ABFFF7ED
:10DAF00075FE08B070BD631C0DF10F02113453F8B0
:10DB0000041BA34242F8041BF9D11323E9E71FB514
:10DB1000CDE9012300231A460093ECF717FB05B06B
:10DB20005DF804FBECF722BCA0F10F0110F8100C1B
:10DB3000ECF7F8BCFFF729BB4B8A12F0010FC3F3D7
:10DB40000E0304D013F0950F10D0486870B112F096
:10DB5000020F04D013F4957F0AD0896841B11340B5
:10DB600013F4DE7F14BF05200020704702207047A9
:10DB700003207047F8B50F46516806464B8A144695
:10DB800003F0940313BB0122ECF76CFD08B3A289E8
:10DB90001B2130460232EBF7EDFA0546E0B1A189D0
:10DBA0000C300231FEF721FA20F8027BA289A1682D
:10DBB00004F01AFAD4E9041228460123EBF772FCA8
:10DBC00029463046BDE8F840FFF736BB4FF0FF303E
:10DBD000F8BD6FF01500FBE76FF00B00F8E770B5CC
:10DBE0000B460546144629B921462846EDF78EF81E
:10DBF00028B970BD4FF6FF72914207D121812246AC
:10DC0000284663680021BDE870401847E289013367
:10DC10009BB29A422381E7D2F1E72DE9F04F89B018
:10DC200006461446129F11B913F0030807D03A466E
:10DC3000002130467B6809B0BDE8F04F1847C14667
:10DC400042F6010A03F47F73D518AC4207D13A4675
:10DC50004146304609B0BDE8F04FFFF7C0BF3A7CFF
:10DC60006388002A14BF52464FF42052ADF80220B8
:10DC70001022ADF808301FFA83F83B68B4F800B002
:10DC800000210DEB020001938DF8009004F0D2F911
:10DC900001AB06933A4630467B68CDF80CD0ADF820
:10DCA0001CB003A9984704340028CED109B0BDE8C0
:10DCB000F08F2DE9FF479046DDE90D9A827A1D46E7
:10DCC000072A06460F469DF8303028D123B3D221CB
:10DCD00005F10E02EBF74EFA044628B302210C3090
:10DCE000FEF783F90023078000220027CDE90023F7
:10DCF000294642462046CDE90277E5F79DFE494692
:10DD000020463B465246EBF7CDFB2146304604B059
:10DD1000BDE8F047FFF790BA5221AA1CDAE76FF08E
:10DD20007F0004B0BDE8F0876FF00B00F9E730B476
:10DD30000C4611461A46029B4CB1B4F5807F28BFB1
:10DD40000E241D681A46E1B22B4630BC184730BC81
:10DD5000EDF752BD73B504460D46F7F74DFC294665
:10DD60002046FFF7B5FA014620B902B0BDE8704081
:10DD7000F7F756BC46682046EBF76CFBF7F750FC0C
:10DD80002EB100230E211A4620460095B04702B05E
:10DD900070BDF7B50D46044616461F46EBF79AFCD4
:10DDA000014628B133462A4620460097EDF768FE23
:10DDB00003B0F0BD2DE9F04105468846EBF75EFC67
:10DDC0000446E0B1037ADB0719D500F10C073846A9
:10DDD000FFF7B2FB10F0010611D1B8F1000F0FD020
:10DDE0006FF002013846FFF758FB10F0020F28468B
:10DDF00009D0FFF788FA01212046FFF7FAFD012636
:10DE00003046BDE8F081FFF77CFA0028F8D02846BC
:10DE1000FFF78EFA0028F3D06FF002013846FFF7C3
:10DE20003CFB2846E5E7012070470120704713B509
:10DE3000C068144668B100238DF804304FF4C05315
:10DE400001A9ADF80630FEF76BF910B9236801336C
:10DE50002360012002B010BD0021F8B54FF0FF3261
:10DE60004FF0FF3305460846E9F766FF00F10C075F
:10DE7000044601213846FEF7B8F805260121067050
:10DE80003846FEF7B2F8002306701A4621462846A7
:10DE9000E9F76CFF10B12046E5F7B0FD0020F8BDB2
:10DEA0006FF08500704700207047E7F7E3BB38B597
:10DEB00009230446037008460D46DEF7A1F96560A4
:10DEC000607038BD10B50446E7F772F90146204688
:10DED000BDE81040FFF7EBBF1FB5CDE901230023DC
:10DEE0001A460093ECF732F905B05DF804FB0C22FA
:10DEF0000369C9B202FB0133186C00F007007047D8
:10DF000070B50346C9B20069EFF31186402484F36B
:10DF10001288BFF36F8F0C2505FB0104246C14F0ED
:10DF2000C00401D0A24211D1012205FB010002640C
:10DF3000002086F31188BFF36F8F30B90C225B6825
:10DF400002FB01335B689847002070BD4FF0FF3043
:10DF5000EFE78022FFF7D4BFF8B5069F05460469B6
:10DF6000C9B2EFF3118C402080F31288BFF36F8F9A
:10DF70000C2606FB0146306C00F0070EBEF1010FC7
:10DF800010D1376400268CF31188BFF36F8F3EB930
:10DF90000C2041430C44C4E90E236B685B5898473E
:10DFA0003046F8BD00F0C00087420CBF6FF0770626
:10DFB0004FF0FF36E7E713B580240094FFF7CCFF5E
:10DFC00002B010BD10B41C240069CBB204FB0300E6
:10DFD000002110BC10471046F6F762BD00F09EBE4F
:10DFE000F2F764BB40F272607047084608B511460C
:10DFF000F8F71AFE002818BF6FF0040008BD08B536
:10E00000F8F764FE002818BF6FF0040008BDF7B5EC
:10E010001C460023164682682360A3600D46936960
:10E02000694601AA9847019B5A1E01921BB96FF0DD
:10E03000150003B0F0BD0098A268476821686760CA
:10E0400085B9B31AD0F800C0634528BF634603FB07
:10E0500007111A442160A26002689A4206D808306B
:10E060000090E0E76B1AB3FBF7F3EBE70020E0E783
:10E0700013460022FFF7CBBF2DE9F0470024836849
:10E0800086B0884691469B6902AA01A99847A24694
:10E090002546029BAB4202D806B0BDE8F0870026B9
:10E0A000019F07EBC5077B6804933A680AEB0603F8
:10E0B000B24202D89A460135EBE7494603940593EC
:10E0C00003A8C0470028E7D0049B01361C44ECE7B6
:10E0D00043682C330B6001231360704743680020B2
:10E0E0009B6AC1E900307047F6F7DABC4FF0FF32A7
:10E0F0004FF0FF33F6F708BD8C46F0B58FB08DF8C2
:10E1000000C04FF0010CDDE914154468D0F810E0B0
:10E110000020CDE907C1CDE90BC10DF10107D10701
:10E12000CDF80100CDE9095002F080063871CDF834
:10E1300018D00D9513D59EF814201BBAD20704935E
:10E1400057BFBDF81130CDF80130ADF801309DF862
:10E1500013304EBF0523BB70042307930B9306AB0C
:10E1600002939EB1002D14BF0223012303930AAB37
:10E17000049302232146059351F8040B46B18368AA
:10E180001C68002302AAA0470FB0F0BD0123EDE7F1
:10E1900083681C6804ABF5E71FB5012301930DF1FB
:10E1A0000F030093002305211A46FFF7A5FF08B9C6
:10E1B0009DF80F0005B05DF804FB2DE9FF41064610
:10E1C00015461C4601270DF10F08002305211A46AC
:10E1D0003046CDE90087FFF78FFF40B99DF80F303B
:10E1E000DB0704D52846214602F051FEEDE704B0D6
:10E1F000BDE8F0812DE9F3471F4643680D1E064632
:10E2000090469B6A4EDBEA199A424BD80069FFF7A9
:10E210006DFF4FF000090FB93C463CE0B7F5807F39
:10E22000BA4628BF4FF4807A2A460AEB0503002D30
:10E2300003F1FF334FEA1323B8BF05F1FF02B3EB3D
:10E24000222F08D06B42DBB25FFA85FA58BFC3F1C8
:10E25000000ACAF5807A0023802206213046CDE9E3
:10E260000099FFF749FF0446A8B92B4681220221F5
:10E270003046CDE9008AFFF73FFF044658B9012236
:10E2800000233046FFF799FFA7EB0A070446D04466
:10E2900055440028BFD03069FFF726FF204602B062
:10E2A000BDE8F0876FF01504F8E7F7B51E46436840
:10E2B0000D1E044617469B6A14DBAA199A4211D810
:10E2C0000069FFF713FF2B46012203212046CDE909
:10E2D0000076FFF711FF05462069FFF705FF284686
:10E2E00003B0F0BD6FF01505F9E7F7B544680546D2
:10E2F00094F840309A0746D5076902F0B8FE4FF40B
:10E300007A76A0FB060C002347F6122206FB01C119
:10E31000DAF72EFD3B69C31A13D4628FA68F9B1ABE
:10E32000B3420EDA47F6122740F2E7300021F61A20
:10E330004FF47A720023E6FB0701DAF719FD02F0C9
:10E34000A6FD94F8403013F004031CD18022AB21C9
:10E350002846CDE90033FFF7CFFEA8B994F8403046
:10E360009B0710D540F2E7310D46014647F61220D3
:10E37000E48F4FF47A72E4FB005100232846DAF769
:10E38000F7FC02F084FD002003B0F0BD43680020DC
:10E390005B68DB680B607047436802EA01005B68FA
:10E3A00021EA02015860002099607047436800200C
:10E3B0005B6859607047436800205B6899607047EC
:10E3C00043685B681A6821EA020011405860002027
:10E3D0009960704730B50369586800B300248842DB
:10E3E00019D108688CB99C685860A14200D1986026
:10E3F000002008602AB15A680A609A68596002B918
:10E40000996000200FE02846E9E720609868814283
:10E4100008BF9C60ECE705680446002DF3D1002A94
:10E42000E9D16FF0150030BDF5F7C0BA40F6B3136F
:10E4300003600020704730B543681360057A446874
:10E4400004EBC504A34202D36FF0010030BD5C7938
:10E4500008338C42F1D10020F8E710B40269436818
:10E4600011681B68D3F8304171B17CB100240C6194
:10E470001168C97B19B94FF48051C3F808131168AA
:10E480008C7B1CB100238B7310BC7047D3F8141124
:10E4900021B10021C3F81411D3F8143112681368A4
:10E4A000002BF1D0516810BC184743681B68D3F8A3
:10E4B0008004C3F88004704742681368D3F84C01A5
:10E4C00050B10020926A12780A70C3F84C01D3F858
:10E4D0004C2101229A6270474FF0FF307047002AAA
:10E4E0000FDD42681368D3F84C0158B10020C3F81F
:10E4F0004C01D3F84C010120926A12780A7098629C
:10E5000070470020704710B543681C680369EFF33B
:10E510001180402282F31288BFF36F8F1A68D17B7B
:10E5200039B9917301221B68DA734FF48053C4F830
:10E53000043380F31188BFF36F8F10BD03691A682D
:10E54000D17B21B10121917300221B68DA737047DE
:10E55000026903461168C87B40B15B681B68D3F849
:10E56000300118B100230B61136898897047436824
:10E570001B68D3F84C01003818BF0120704743686E
:10E580001B68D3F8042312035CBF4FF40022C3F8C6
:10E590000423704743681B68D3F80423120344BF65
:10E5A0004FF40022C3F808237047202243681B68F9
:10E5B000C3F804237047202243681B68C3F808236C
:10E5C000704738B5436804461D68D5F80433DB044A
:10E5D00005D4D5F8040310F4002006D138BDFFF7A8
:10E5E000B7FF0028F5D00120F8E72046BDE8384005
:10E5F000FFF7BDBF012070470369186801601B6801
:10E600005A60704713B501AA0446FFF714FF0028AB
:10E6100005DB019B226819791868F0F7E3F902B06D
:10E6200010BD38B5054600220121C620E4F706FBDF
:10E63000C620E4F7E1FA6C680121E068FFF7E2FF29
:10E640006B6819686369C1F82435E28BA38BA07EDF
:10E650001343228C1343628C1343627E9BB20243AA
:10E66000207E02431343C1F86C3569680B68D3F808
:10E67000002242F48022C3F800220822C3F80025B9
:10E680004A6A0121C3F83C270022C3F840271965D4
:10E69000D3F830110029FBD0C3F800256D680021A4
:10E6A000E8682C68FFF7AEFF0823C4F800352A7A23
:10E6B00052B9AB6AC4F804370123C4F80837C4F868
:10E6C0004C21D4F84C21A362002038BDF8B506696E
:10E6D0000546336801279C8910339442A8BF14462D
:10E6E000D3E8EF2F002A03D1C3E8E07F0028F7D159
:10E6F0000CBF3B46002325D133682246986803F0BF
:10E7000073FCEFF31180402383F31288BFF36F8F04
:10E710006B6831681B68D3F830213AB914460A6136
:10E7200080F31188BFF36F8F2046F8BD8A68C3F865
:10E730003C270022C3F84047C3F83021D3F83021EA
:10E740001F65EDE71C46EFE7002201214A20E4F7B0
:10E7500075BA10B50B6813B91846136005E0036865
:10E760005C681CB114600368186810BD083303604E
:10E770000B68013B0B60EDE710B5036804468BB1F5
:10E780001A7D7AB1186901F08DFF0121236898681C
:10E790001B7B994003691B68194283680CBF1B6986
:10E7A000DB689847A36933B9636004F11000BDE8E2
:10E7B0001040F6F775B910BD08B50069C36D8B42FE
:10E7C00004D15C30FFF7D8FF002008BD4FF0FF30C8
:10E7D000FBE738B50446056900F067F9C0B90122C6
:10E7E000014605F1B40002F009F905F15C00FFF7FC
:10E7F000C3FF0321204600F02FF9002802DA10F1B0
:10E80000860F05D10121204600F026F900EAE070CC
:10E8100038BD70B54FF4FA530646446C47F6122CD7
:10E820005C4356F8203B05461B6840F2E730B4FBDA
:10E83000F3F40021C8344FF47A720023E4FB0C0196
:10E84000DAF796FA02460B463046F6F75DF920B144
:10E85000F0F7E0F96FF0730070BD286BFCE7F7B5D7
:10E8600006690746D6F8A820D6F8B0509AB9C5B1BF
:10E870002C46D6F8A41031B33ABB1146D6F8AC30CA
:10E880002BB3002D04BF2C4623463846009400F0DD
:10E89000D2F803B0F0BDA5B195422C4628BF14466E
:10E8A000E7E7F16D8B88DB0401D400F0B0F80023BA
:10E8B000C6F88C3006F17C0003B0BDE8F040F6F7F6
:10E8C000EFB81446D5E70A46D8E72246D6E71C46F5
:10E8D000DBE70069B430F6F7E3B803460A46197976
:10E8E0000123006803FA01F103691B68194218BF8C
:10E8F00082F0010212B18368DB68184783681B69E4
:10E90000FBE7F0B504690646D4E915128B1A47688F
:10E9100085B004D1BB6805B0BDE8F0401847BD8B99
:10E92000E16C9D4228BF1D4621B101F06043B3F167
:10E93000005F06D1236D3BB103F06043B3F1005F8C
:10E9400002D0082D28BF08250023A36451B111442B
:10E9500001F06043B3F1005F04D02A46386903F048
:10E9600043FB3969236D43B1A26D134403F0604248
:10E97000B2F1005F1CBF7B69A364002914BF2A4663
:10E980000022002B08BF0025CDE9012300910022C1
:10E9900069462046039501F09EFD014618B1736853
:10E9A00030469B68984705B0F0BD70B50C690E46BF
:10E9B000A16C054639B1A36D206D2A69184403F096
:10E9C00013FB0023A3642969AA68A36D3046914212
:10E9D0002CBF5B189B18A365BDE87040FFF791BF83
:10E9E0000847072210B503690C461B68C3F80025C9
:10E9F0000B7D5BB1012104F10800FFF76EFF237D61
:10EA000023B12069BDE8104001F04CBE10BD38B5FF
:10EA100003690C461D680B7D4BB1086901F042FE8D
:10EA2000237D23B1002104F10800FFF756FF0023E6
:10EA3000C5F8003538BD10B40469C4E91313019B4F
:10EA400093422CBF636562650023A36510BCFFF78A
:10EA500058BF006901F0E6BD012913B515D008D9EA
:10EA6000023901298CBF6FF015006FF0850002B0EC
:10EA700010BD046994F828302BB12046F5F754FDF9
:10EA8000002384F828300020F1E7436800215C6807
:10EA900001AA2046FFF7CFFC0028E8DB019B226893
:10EAA00019791868EFF79EFFE1E72DE9F84304466E
:10EAB0000025012743681B6898476368DE7FDC6890
:10EAC000B54202D30020BDE8F88320682179E388AD
:10EAD000D0F810E0DA0754BF43F4B01383F4D01336
:10EAE000DEF800C023F4801207FA01F8DB07D0F843
:10EAF00008904CBF48EA0C032CEA0803CEF800301B
:10EB0000D9F80030984708340028DCD10135D7E720
:10EB100008B50220EFF75EF9002008BD08B5F5F74B
:10EB200063F808BD034670B40C46DA8800681979AA
:10EB30002243012405698C402B6812F0010F86687E
:10EB400014BF2343A3432B60336870BC18470123D1
:10EB500003FA01F103691B68194203D022B18368EB
:10EB60001B6903E0002AFAD08368DB6818470A466D
:10EB70000121FBF74ABC0121F0F7EABD0021F0F7C3
:10EB8000E7BD10B54FF0FF304FF0FF31F0F704FE56
:10EB9000044628B9D1F7D6FD044618B1F0F704FEB3
:10EBA000204610BDF0F700FE2046E5F7ADFBF7E785
:10EBB00038B50B8A0D463BB101F10C00FDF75EFA4A
:10EBC000012818D0022803D06FF01504204638BD64
:10EBD0004FF0FF304FF0FF31F0F7DEFD0446002824
:10EBE000F4D1E868DAF743FA0446F0F7DDFDACB19A
:10EBF000F0F714FEEAE74FF0FF304FF0FF31F0F787
:10EC0000CBFD04460028E1D1E868F1F765F8044639
:10EC1000F0F7CAFD002CD9D1F0F700FE2846E4F742
:10EC2000EDFE0024D2E7F0F733BF10B53222002109
:10EC3000044603F0FFF9202323708023A3706FF0B4
:10EC40003F0363710423A3722823A3732223E37376
:10EC50000423A3756FF0480363760323A3766FF054
:10EC60001F03E3760E232377302384F820304023DC
:10EC700084F82130012384F82230782384F823306B
:10EC8000802384F8263010BD08B5F1F735FB00204D
:10EC900008BD08B5F8F71AF848B1002383F31188C6
:10ECA000BFF36F8F0423184602DF6FF0040008BD26
:10ECB00008B54FF0FF314FF0FF30F0F76DFDDDF795
:10ECC000CEF9BDE80840F0F76FBD684620F00701B7
:10ECD0008D4601B5D9F7DCF8BDE80140854670479F
:10ECE000684620F007018D4601B5D9F7C3F8BDE8A5
:10ECF000014085467047684620F007018D4601B502
:10ED0000D9F7E0FBBDE801408546704708B5DCF760
:10ED1000EDFD002008BDF1F7A3BC70477047012846
:10ED200002D10020D8F7AAB970477047D7F7E0BFE3
:10ED300008B5D9F7D1FD30B1EFF3058003380328CA
:10ED400094BF0020012008BD7047012070470020BB
:10ED5000704710B521F040010C29046904D1D9F79E
:10ED600055FE2060002010BD6FF08500FBE70128F4
:10ED700037B574460DDD7D46486803F063F948F207
:10ED8000010300906A4621462846ADF8043000F0A1
:10ED900051FE7846714600F042FE4FF0E023D3F872
:10EDA000040DC0B2003818BF012070474FF0E022B8
:10EDB000D2F8243D23F47023C2F8243D70474FF06D
:10EDC000E023D3F8F03DDB0700D54DBE704780B59A
:10EDD00082B000AF7860396039687868F1F732FF47
:10EDE00000BF0837BD4680BD10B5502496B001A9BC
:10EDF00002A80194F2F76AF820B1019902A8FFF77E
:10EE0000E6FFF4E716B010BDF1F78ABF38B5044647
:10EE10000D46F3F731FF29462046F2F7D9FABDE84F
:10EE20003840F3F733BF70470123F2F731BB0EB41C
:10EE300003B503AA52F8041B0192F2F7B5FB02B026
:10EE40005DF804EB03B070470023F2F721BB037AAF
:10EE50005B0608D442681368516801331360437A33
:10EE60000B44013353600120704710B5027A5106FC
:10EE70000DD4446842F040020272F2F7E9FA636B83
:10EE800020680133C01A18BF0120636310BD012040
:10EE9000FCE7F8B5054617460068AA6802448A42AE
:10EEA00003D2012385F84130F8BDCC1888420646CC
:10EEB00038BF0E46944228BF1446A642F4D26B686F
:10EEC000A41B301A711A18442246394403F08CF8F6
:10EED000EB682344EB60E7E7F8B5017A074611F0E9
:10EEE000100116461C4604D0032B25D956F8041BE6
:10EEF0001C1F7D681835284600F0ADFBE0B1397A5B
:10EF0000284601F0070100F0A6FBA8B13B7A1B07D9
:10EF10000BD42146284600F0D2FB68B12246314688
:10EF20002846BDE8F84000F09ABB22463146284604
:10EF3000BDE8F84000F09ABB0020F8BD704770476C
:10EF400030B50122CB6887B0002B0CBF0123022310
:10EF50008DF804200A880C4602924A6805460392FE
:10EF60008A6801A9CDE9042300F0C7F810B9002090
:10EF700007B030BDE2682AB905212846227C00F09E
:10EF80001EF8F5E70421284600F019F80028EED015
:10EF9000F2E7FEE710B4016810464C6819462346B4
:10EFA00010BC184738B50446154600F054FB28B18C
:10EFB00029462046BDE8384000F06CBB38BD38B566
:10EFC0000446154600F047FB28B129462046BDE817
:10EFD000384000F040BB38BD38B50446154600F057
:10EFE0003AFB28B129462046BDE8384000F039BB3D
:10EFF00038BD70B5044615461E4600F02CFB30B1F6
:10F00000324629462046BDE8704000F02FBB70BD57
:10F010002DE9F0410446884615468AB0AAB1167813
:10F02000731E5E425E4105A8F1F7BAFC3118063145
:10F030000746204600F047FB0221204600F00BFB6C
:10F0400028B900200AB0BDE8F0811646EBE741463A
:10F05000204600F000FB0028F3D0012203212046C7
:10F06000FFF7ADFF0028ECD01022002101A802F02C
:10F07000E1FF01A8F1F782FA0A212046029AFFF780
:10F0800091FF0028DDD009212046039AFFF78AFF6F
:10F090000028D6D006212046049AFFF783FF0028D7
:10F0A000CFD027B966B9012000F00100CAE70623D6
:10F0B0000B21204605AAFFF79CFF0028F2D1C0E7EC
:10F0C00001212046AD6800F0C6FA0028ECD02946A0
:10F0D000204600F0C0FAE7E730B585B00446684640
:10F0E0000D46F3F721FE08B98DF800006A4629465F
:10F0F0002046FFF78DFF05B030BD2DE9F0410C46ED
:10F1000002210546FFF7E8FF18B900263046BDE8A2
:10F11000F081A3680421D4E90387002B28460CBFA3
:10F120000126022600F097FA0028EED0B8F1000F71
:10F1300018BF01362846F11900F0C5FA0028E4D0BE
:10F14000284662682178FFF73AFF06460028DCD09F
:10F15000A26842B9E268002AD8D02846BDE8F0414A
:10F160000321FFF72CBF02212846FFF728FF0028C4
:10F17000F0D1CAE770B5044616460D4600F05EFAB7
:10F1800031462046A8472046BDE8704000F05BBAF3
:10F1900006222DE9F04186B08DF804200A78CF6868
:10F1A00002924A6807F00103039217F002078A6887
:10F1B00098460C4618BF013301A90646CDE9042341
:10F1C000FFF79BFF054620B90025284606B0BDE89D
:10F1D000F081B8F1000F09D1002FF6D0D4E9052352
:10F1E00008213046FFF705FF0546EEE707213046C8
:10F1F0002269FFF7F1FE0028E6D0EDE708B42DE91B
:10F20000F0439CB023AC54F8049B08AD80460F46F5
:10F21000164600215022284602F00CFF23464A469B
:10F22000502128460094F9F7BFFD041E17DB4F2C30
:10F2300028BF4F241422002101A802F0FBFE022364
:10F2400001A8CDE90276CDE906548DF80480049337
:10F25000F2F700FD1CB0BDE8F04301B07047002498
:10F26000E8E72DE9F04716688046082E8946924661
:10F2700040F28A80076977BB0068013100F0C2FA6A
:10F28000D8F80030DAF8002003339A4238BF98F8F3
:10F290000870C8F80C3038BF87F001074FEA8713B1
:10F2A00043F0080334BF0126002689F800302FB14F
:10F2B000DAF80050013D2D1A441C1AE098F8083085
:10F2C000D8F800502BB1DAF80030013B9D4228BF3E
:10F2D0001D4601240DE0037A002B3AD00568002476
:10F2E000ED1BB54228BF3546761B012E8CBF00268C
:10F2F00001268DB109EB04072A463946D8F80430B7
:10F30000D8F8100098472A463946B8F81400F2F7A2
:10F310000DFD2C44A8F8140046B9B8F8143009EBD8
:10F32000040209F804301B0A53700234D8F8103074
:10F330002B44C8F81030DAF80020121B04D0BA2190
:10F3400009EB040002F076FECAF800403046BDE842
:10F35000F0873846013100F055FADAF80060D8F845
:10F360001030D8F80050013EED1A361AB54228BFC9
:10F370003546761B012E8CBF00260126B30163F0B3
:10F380007F0389F8003097E700240126DCE7036952
:10F3900013B903680333C36070472DE9F041144685
:10F3A0001F46054658B352B34068814227D8994258
:10F3B00028BF4FF00008AE6838BFA3EB0108331A2E
:10F3C00043451CD32B681844401AB0FBF6F306FBE8
:10F3D0001300361ABE4228BF3E46EB68324621462D
:10F3E000184402F001FEBA1B03D0E868A11902F02C
:10F3F000FBFD01206B6843446B60BDE8F081002099
:10F40000FBE770B50B461446054658B159B10026C6
:10F410005AB13146184602F00DFEC5E902400120FE
:10F42000C5E9006670BD0846FCE71046FAE7F8B586
:10F4300014461F460646F0B1EAB14268CB189A421C
:10F4400019D3036885681944B1FBF5F305FB131163
:10F450006D1ABD4228BF3D46C3682A46204619445E
:10F4600002F0C2FD7A1B01D10120F8BDF1686019DC
:10F4700002F0BAFDF8E70020F7E7F0B5A8B1AAB1AD
:10F48000A3B14668B14211D8046885680C44B4FB46
:10F49000F5F705FB1744C068761A20441060012078
:10F4A0002D1BAE4294BF1E601D60F0BD0020FCE726
:10F4B0002DE9F74FDDF830A00F4616469946054670
:10F4C00018B9002003B0BDE8F08FBAF1000FF8D0F2
:10F4D0008B1842689A42F4D300233446CDE90033B6
:10F4E0000CB90120EEE7A6EB040B6A46284601ABF7
:10F4F00007EB0B01FFF7C1FF0028E2D0019B594643
:10F50000A34228BF23464846009A9846D047002881
:10F51000D7D0A4EB0804E3E730B568B142688A426B
:10F520000BD3036884680B44B3FBF4F504FB153379
:10F53000521A03604260012030BD0020FCE738B160
:10F5400043688B4203D35B1A43600120704700205D
:10F55000704710B1D0E90103181A704713460A46E4
:10F560000021FFF71ABFFFF718BF00B140687047CE
:10F57000F8B504460E46154622B1216900788B186D
:10F5800010B123610120F8BDE2689A4202D20C2337
:10F590006361F8E72B4632466768A068B84723697D
:10F5A0002B44EEE713B5172A4FEA4111C9B2D3B283
:10F5B0000AD819448DF800100DF101026946521A5B
:10F5C000FFF7D6FF02B010BDFF2A07D818318DF81B
:10F5D00000108DF801300DF10202EFE7B2F5803F27
:10F5E000C2F3072409D219318DF800108DF80140BB
:10F5F0008DF802300DF10302E0E71A318DF80010AA
:10F60000110E120C8DF802208DF801108DF80340B8
:10F610008DF804300DF10502D0E7F8B50D4604462B
:10F620001746002118221E4602F004FDB5FA85F3A4
:10F63000C4E901575B092370E660F8BD00231A4650
:10F640001946FFF7EABF10B504691822002102F03D
:10F65000F1FC204610BD0A460021FFF7A3BFFFF7CB
:10F6600087BF81EAE172C90FFFF79CBF70B50D46F5
:10F67000022104461646FFF795FF30B1324629466F
:10F680002046BDE87040FFF773BF70BD0A460221F7
:10F69000FFF788BF70B5044608460D46DCF7B0FD9D
:10F6A0000321064602462046FFF77CFF30B1324672
:10F6B00029462046BDE87040FFF75ABF70BD0A4694
:10F6C0000321FFF76FBF0A460521FFF76BBF0A460C
:10F6D0000421FFF767BFF62307B5012201A98DF8C2
:10F6E0000430FFF745FF03B05DF804FB10B40C468F
:10F6F000114620441A4610BC02F076BC2DE9F041B8
:10F7000090F82060456A0446012E4FF01402D0F8AC
:10F710001C804FF0000100F1040014BF2F460127A8
:10F7200002F088FC01239E4218BF6D4223712846D7
:10F73000C4E90487611D00F077F823686269012E2F
:10F740001344E060184408BF0023E26A18BFA36AAC
:10F75000206018BFD21AE2616362BDE8F081FFF752
:10F76000CDBF2DE9F843054614460E46002947D083
:10F770006AB314220021043002F05CFCEF6A4FF0FF
:10F7800001083A46344416F8019B22B32B7E4B45C0
:10F7900020D10123AA6A013295F82010AA6201291A
:10F7A0001BD0022921D0E1B1D5E909321AB19A4220
:10F7B00008BF85F82080EA6A01336B622B79013239
:10F7C00085F81890EA620BB9B442DCD1D41B20460C
:10F7D000BDE8F88300221346DEE713B92846FFF799
:10F7E0008DFF022385F82030DEE7002BDCD0012AD4
:10F7F000DAD96B6A28469B1A6B62FFF77FFFD3E763
:10F800000C46E4E710B503460C467F2BDAB204F150
:10F81000010002D82270401A10BD62F07F02044637
:10F8200000F8012CDB09F0E7C31783EA4000FFF77B
:10F83000E9BFF3F79BBA2DE9F341002780466846FC
:10F840000C46164600970197F3F786FA009B23B9FA
:10F850000023184602B0BDE8F0810C22414638462C
:10F86000B04703460028F3D0002CF2D0DDE90001B8
:10F8700084E80300EDE738B5137A0D46144643B922
:10F880000A4601466068F3F795FA10B90123A3729E
:10F8900038BD636801202B446360F9E72DE9FF411F
:10F8A0000A9F0E4614469DF82C80002A46D0002957
:10F8B00044D0D7E90052954288BFAD1A3A7A98BF32
:10F8C00000255AB904F10C02AA4207D901220B2DD6
:10F8D0007A7223D90C3D35F003041FD000228DF835
:10F8E0000400ADF805208DF807200C213A4601A848
:10F8F000CDE90234FFF7BFFF80B1B8F1000F0FD0A0
:10F90000A3070DD124F00304344456F8043B3A46CF
:10F91000042168460093FFF7AEFF48B9002004E0D9
:10F920003A4621463046FFF7A6FF04B0BDE8F08115
:10F93000A642EAD1787A80F00100F6E70120F4E7E8
:10F9400013B51C460023CDE90043FFF7A7FF02B023
:10F9500010BD2DE9FF41064617460C464FF0000842
:10F96000B84501D1012025E0716811F003010CD0E8
:10F97000C1F104052A46002103A802F05BFB3346CF
:10F980002A46062003A9FFF7DBFF25786168042DCE
:10F9900013D10B681BB908F101080C34E0E700250E
:10F9A000D1E901320C310120CDE90065FFF776FF86
:10F9B0000028F0D104B0BDE8F081032D0B46A26809
:10F9C00003D0681E45424541EDE700250920EBE7DD
:10F9D0000120704701207047002307B5012101AACB
:10F9E0000193F2F7D1F9019803B05DF804FB07B574
:10F9F000002101AAF2F7C8F903B05DF804FB002367
:10FA000037B50D4604466846CDE90033F3F7A4F94F
:10FA1000009B2B6000F01BF8206003B030BD80B568
:10FA200082B000AF7860396048F2010239687868C6
:10FA3000F2F704FB80B584B000AFF860B9607A607B
:10FA40007B689B881A46B968F868F2F7F7FA30B510
:10FA50004C25A7B013AC2A460021204602F0EAFA52
:10FA60000021CDE904454FF4004509AB1846242296
:10FA7000CDF81A10CDF81E10ADF82210ADF81850C0
:10FA800002F0D8FA0422039008A90DEB02001292AA
:10FA90000194ADF80850F3F73BF9079004A8FFF77D
:10FAA0009BFF27B030BD70471EF0040F0CBFEFF373
:10FAB0000883EFF309832DE9F84F684648F2040103
:10FAC000F2F7CEFA08B5F0F7C7FF002008BD1FB562
:10FAD0000346106880B10C68127A00940C798DF896
:10FAE00005208DF804400268586802920A7C694635
:10FAF0008DF80C201A68904704B010BD03790A7B7A
:10FB00009A4202BF03680133036001207047081E58
:10FB100018BF012070470B1A58425841704770B502
:10FB2000456806462B780C4613F0010008D131B920
:10FB300000F0E6F8400040F001002860012070BDB0
:10FB4000D1B100F0DDF8296820F00043B3EB510F8C
:10FB5000C1F35E02316836BFC2F100429B1A9B18A6
:10FB60000A68012C1A4408BF00230A601CBF2B68D6
:10FB700060F35F032B60E1E70846E0E708B5097929
:10FB80001046022901D1FFF7CAFF012008BD00235A
:10FB900030B585B00D4601AA0221CDE901330393AA
:10FBA000F2F7F0FB044638B9294601A8FFF7B7FF82
:10FBB000002808BF6FF00304204605B030BD7FB5B4
:10FBC00005460E46F3F758F800230121284601AAFE
:10FBD000CDE901330393F2F7D5FB044628B9019B25
:10FBE000012128461E60F2F7E1FAF3F74FF82046AC
:10FBF00004B070BD7FB505460E46F3F73DF8002111
:10FC0000284601AACDE901110391F2F7BBFB044696
:10FC100028B9019B012128461E60F2F7C7FAF3F7C5
:10FC200035F8204604B070BD10B50446F3F724F84B
:10FC300000212046FFF7ABFF0446F3F727F82046E4
:10FC400010BD10B50446F3F717F801212046FFF761
:10FC50009EFF0446F3F71AF8204610BD0020F2F785
:10FC600097BCF2F75BBC38B50A7B837E04469A42A8
:10FC700002D00120607638BD0B79022B04D00AD95E
:10FC8000032B1CD0607EF6E7037E7BB98968204693
:10FC9000FFF7E1FC05E04D79027E25B99AB9FFF73F
:10FCA0001AFD6076EEE723B9002AEFD04FF0FF315E
:10FCB000EDE752B989682046FFF7D3FCF1E7896880
:10FCC000FFF7E8FCEDE7002BF0D04FF00041F2E742
:10FCD0000020F2F715BD0021F2F75CBD2DE9F041DF
:10FCE00004460D4616461F46F3F7F0F9F2F734F9CD
:10FCF0003B46324629462046BDE8F041E2F7C2BD08
:10FD000038B501F0B4F94FF47A74A0FB040547F656
:10FD10001222002304FB0151D9F72AF838BD38B567
:10FD200001F0A5F94FF47A74A0FB0405002347F60F
:10FD3000122204FB0151D9F71BF801461B20FFF7E3
:10FD400059FFBDE83840DCF771BD70B50E46054679
:10FD50000446F2F7E3FEB0420CD12844844204D3B7
:10FD6000601B08BF4FF0FF3070BD2378AA2BF7D17E
:10FD70000134F3E70020F7E708461146F2F7E0B94F
:10FD800008461146F2F708BA07B57A4602206946D6
:10FD9000CDE9002EF1F798FD00F05EF80846114617
:10FDA000F0F7E2BD08B508461146FEF7E0FF4FF058
:10FDB000FF3008BD08B508461146F0F7C7FD4FF003
:10FDC000FF3008BD08B508461146F0F7AFFD4FF00B
:10FDD000FF3008BD08B508461146F0F795FD4FF015
:10FDE000FF3008BD10B54FF0E024D4F8143D0846AC
:10FDF00043F480731146C4F8143DF0F79FFD4FF0B3
:10FE0000FF3010BD08461146FFF75CBE084611469C
:10FE1000F0F754BD08461146F0F76ABD08B54FF437
:10FE20007A7000F03FFCFAE7704770B506460C4662
:10FE30001546FEF7B2FF38B90DB9F1F73FFE22467D
:10FE400031462878FFF700F8204670BD914228BF60
:10FE500011460F20FFF7CEBE002008B5E3F79EFE47
:10FE600003460020184700F01DBC024610B511687B
:10FE700091B1B1FA81F3C3F11F000123834021EA5C
:10FE80000303D2E8EF4F8C4204D1C2E8EC3FBCF14F
:10FE9000000FF6D1EBD110BD6FF00B00FBE710B5F2
:10FEA0000368CB40DB0710D401238B40026843EA90
:10FEB0000201D0E8EF4F944204D1C0E8EC1FBCF13E
:10FEC000000FF6D1F2D1002010BD6FF01500FBE756
:10FED000F7B51646DDE90847019001A81D46F3F77E
:10FEE0001BFC019BB6F1000C18BF4FF0010C00EB9E
:10FEF00083000B1E18BF0123002D43EA4C030CBFE7
:10FF00004FF0000C4FF00C0C002C43EA0C030CBF1C
:10FF10004FF0000C4FF4706C002F43EA0C030CBF41
:10FF20004FF0000C4FF4403CD0F8802043EA0C0323
:10FF300022EA030301B109780EB13678760019433D
:10FF40000DB12D78AD0031430CB124782402294342
:10FF50000FB13F783F040C433C43C0F8804003B0EE
:10FF6000F0BD1FB50DF10F03019300238DF80F10A5
:10FF70001A4619460093FFF7ABFF05B05DF804FB86
:10FF800010B504460846F3F7D7FB04EB4004207D88
:10FF9000C0F3401010BD10B504460846F3F7CCFB83
:10FFA00004EB4004207DC0F3400010BD10B50446B2
:10FFB0000846F3F7C1FB04EB4004A08A400B10BDD8
:10FFC00070B5044608461646F3F7B6FB083034F819
:10FFD00010300D46DA0509D5C3F3432304EBC30201
:10FFE0003146284654F8333052689847A3682BB1FD
:10FFF00031462846E268BDE87040184770BD10B52C
:020000023000CC
:1000000004460846F3F798FB04EB4000838ADA05C0
:100010001DD5C3F3432123F4F853838204F1120264
:1000200004F1580032F8023F13F4807F03D0C3F389
:10003000432399420BD08242F4D1002204EBC10346
:100040005A6004F16000BDE81040FFF728BF10BD02
:10005000F0B50446002001270546844695420AD1A2
:10006000D4F8443133B10023C4F84431D4F84431D6
:1000700040F40030F0BDEBB29B0003F580769B08A6
:1000800007FA03F3194208D054F806E0BEF1000F56
:1000900003D044F806C0A65918430135DEE738B549
:1000A00004460D46FFF76CFFA8B12046FFF773FF2B
:1000B00088B92046FFF77AFF012322688340C2F8FF
:1000C0001833236803EB8000D0F8103523F00303C6
:1000D000C0F8103538BD2846BDE838400021FFF78C
:1000E00040BF2DE9F0431746044685B00846F3F7B4
:1000F00023FBD7F800800E460546B8F1000F1ED04E
:100100002046FFF748FF18B12046FFF739FF20BB14
:1001100000230DF10F02CDE900338DF80E308DF87C
:100120000F30304643460DF10E01FFF7D1FE04EBD0
:100130004502938A23F0020343F0010393827B6814
:100140009BB33146204693F80080D3F80490FFF724
:1001500022FF28B1B9F1000F1FD06FF0150027E082
:1001600004EB4500838A23F4604323F02003838259
:10017000B9F1000F11D0B8F1030FEED87B682168F8
:100180005B6893F800C04FEA8C031944B8F1000F84
:1001900011D1C1F81085C1F8108504EB4502938A8E
:1001A00023F01C0343EA88039382BB684BBB002007
:1001B00005B0BDE8F083D1F8102522F00302C1F8A4
:1001C000102522681344D3F8102522F4473222F474
:1001D0007C72C3F8102541F6F072D3F8101502EACC
:1001E000061242EA08420A43C3F8102504EB4C0306
:1001F000A3F86460838A43EA4C3343F0200383828C
:10020000CBE73146D3E900782046FFF7F8FE002F10
:10021000CDD063689F4206D004F16000FFF725FE51
:10022000002804DAC4E7A3689845F5D1002004EB60
:10023000C003C3E9017804EB4505AB8AC0B243EAC9
:10024000402343F48073AB82B1E7C0E903127047E7
:1002500070B504461546FFF793FE48B10846F3F71C
:100260006BFA04EB40040020A38A5B0B2B7070BD7B
:100270006FF01500FBE790F87400003818BF0120FC
:100280007047F3F78FBA2DE9F34104461746FFF79D
:1002900077FE0D462668F0B12046FFF77CFE8046CB
:1002A000C8B92046FFF782FE820002F5807346F847
:1002B0000380F35823681344D3F8102542F0010259
:1002C000C3F8102527B1012322688340C2F81433F4
:1002D00002B0BDE8F081D6F8143328469B035CBF1A
:1002E0004FF40033C6F81433F3F726FA04EB400456
:1002F000A38AC3F38203042B11D0052B11D001A8CC
:100300000195F3F709FA019BC168D94001F0010199
:100310000231284602B0BDE8F041FFF722BE0321BA
:10032000F7E70221F5E7FFF7BABE70B515460446B8
:100330004618A64206D929462046F3F7A9FE10B969
:100340002B780BB9002070BD0134F2E7C9B2F3F786
:100350008FBF30B50124054690084038844014EA28
:10036000010009D0A85838B10021A950AA5813B1EA
:100370001A6822431A60012030BD00232DE9F341A1
:1003800004460D460193904601AB4FF48072FFF78F
:10039000E0FF4FF4827229462046FFF7DAFF4FF460
:1003A0008472074629462046FFF7D3FF064630B140
:1003B000B8F1000F1DD017B13E46D4F80C374FF4FA
:1003C000A6722946204601ABFFF7C3FF30B1B8F152
:1003D000000F03D016B90FB1D4F80C374FF4B47234
:1003E0002946204601ABFFF7B4FF019802B0BDE8F3
:1003F000F0814646E3E707B5019001A8F3F744FF13
:100400000123019A9340436003B05DF804FB07B5F4
:10041000019001A8F3F738FF0123019A934083600C
:1004200003B05DF804FB70B54B7F04460D467BB10D
:10043000012364264360002202212046FFF79DFF2E
:1004400020B90120FFF70FFD013EF4D100236B77A7
:100450000023C4F8003570BDF8B51E4690F8203072
:1004600004460D46174693B919B14969F3F71CFFC5
:1004700080B1C4E901761DB129462046F3F75AFF41
:100480000020012384F8210084F82030F8BD6FF0AB
:100490007700FBE76FF01500F8E770B590F82030B3
:1004A00005460E4673B190F8213003F0FF0463B99E
:1004B0004969F3F7F9FE58B128463146F3F73AFF98
:1004C000204670BD6FF07600FBE76FF00F00F8E795
:1004D0006FF01500F5E7F0B590F8213005460E46AF
:1004E000174685B0002B40F09A8043682BB112F07C
:1004F000140F04BF012380F8213005F1100496E8A1
:100500000F0084E80F00686A431C05D095F822307C
:100510009C0717D5FFF76FFF33682C6823B103F0F2
:100520006043B3F1005F06D1B36873B103F0604379
:10053000B3F1005F09D000236FF00C0085F8213083
:1005400005B0F0BDFFF763FFE6E717F0010318BF42
:100550000123C4F84C3717F0020318BF0123C4F875
:100560001437D6E900C1D6E902230026C4F83CC7F7
:10057000C4F84017C4F80427C4F80837C4F8086161
:10058000D4F808010720C4F8000595F822004007B8
:100590000BD58220C4F8840C686830B1C4F80061BF
:1005A000D4F800010120C4F8040317F0080612D1A2
:1005B0004FF0010E6868C4F800E060B9D4F8080193
:1005C0000028FBD0CDE900C1CDE9022304216A4611
:1005D0002046FFF7D2FE6B68C3B995F82220510779
:1005E00048BFC4F8843C686A421C05D095F82230A4
:1005F0009B0708D5FFF70BFF1EB92046291DFFF703
:1006000012FF00209CE7FFF7F6FEF5E7042317F042
:10061000040F14BFC4F80833C4F80433F1E76FF0D3
:100620000F008DE7011D0068FFF7FDBE70B590F863
:10063000223004460568580710D5D5F80433D90789
:100640000CD5D5F800314BB10023C5F80031D5F8F1
:100650000021C5F8843C0123C5F80833042128464D
:1006600004F11002FFF789FED8B1606A421C05D080
:1006700094F822309B0711D5FFF7C9FE94F821307A
:100680001BB12846211DFFF7CEFE2046002300F8AF
:100690000C3FD4E90131BDE870401847FFF7ABFECD
:1006A000ECE770BD08B1E3F767BA704710B543696E
:1006B00004463BB90020E2684042537843F001030E
:1006C000537010BD98470028F4D00028B8BF4042AE
:1006D000FF28A8BFFF20E3681870ECE7C3685B78C9
:1006E000DB0701D4FFF7E2BF6FF07700704740B13E
:1006F000C368587810F001001EBF1878B0FA80F077
:10070000400970472DE9F04F89B0DDE91268059284
:1007100043460546324606A80F4600F0AAFCDDE92E
:100720000634CDE90234EFF311844FF0400989F328
:100730001288BFF36F8F05F10C0A05F1140B3946CF
:100740002846059A149B984730B184F31188BFF36B
:100750006F8F09B0BDE8F08F56EA0806F5D0DDE9E5
:10076000022306A800F0AAFCDDE9066852462146ED
:100770005846CDE90068F4F79DFEEFF3118489F344
:100780001288BFF36F8FDAE710B400F10C04C0E9F0
:10079000034410BCF8F732BC38B50446EFF31185BA
:1007A000402383F31288BFF36F8FDCF71BF904F14A
:1007B0000C0000F05DFB30B1294604F11400BDE8E7
:1007C000384000F03BBB85F31188BFF36F8F38BD15
:1007D00010B542696AB1836842EA0301890708D10A
:1007E0000169A2FB011424B95B182CBF012100216F
:1007F00002D36FF0150005E0C1609B1A02698A42BE
:1008000001D8002010BDC26801311A604269C3607E
:100810009B1AF3E72DE9F04105460F46EFF31188E7
:10082000402383F31288BFF36F8FC668FEB9046854
:10083000A0421CD0DCB1D4E9003213605A60237CA2
:10084000C4E9006623F002032374A66004F11800D3
:1008500000F0D4FB2046C4F8C460676100F07AFA67
:10086000414605F10800BDE8F04100F0E7BA3E60FE
:10087000AB69EF60013BAB6188F31188BFF36F8F09
:10088000BDE8F081402408B5EFF3118384F31288AA
:10089000BFF36F8FFBF7E2FAF6E790F90E308B4269
:1008A00001D0F4F729BE0020704703460020C3E9B9
:1008B0000033C3E902007047D0E9003213605A6088
:1008C0000023027CC0E9003322F00202027483603C
:1008D00070472DE9F843904604460D469DF82020C8
:1008E000EFF31187402181F31288BFF36F8F02B1BC
:1008F0004568A66804F10809B14516D0AEB10024D8
:100900003046FFF7D9FF06F1180000F077FB3046BC
:10091000C6F8C440C6F8148000F01CFA48463946B0
:1009200000F08CFA2046BDE8F883A3B10820F5F763
:10093000E7FB002832D00122C0F804800260016881
:1009400001F003015DB922680A4302606268206019
:100950006AB960600BE04046C8F80030EFE72A68EB
:10096000032A10D80160616839B9C4E90000002089
:1009700087F31188BFF36F8FD5E70A6802F003028F
:1009800002430A60E5E722F003020A4302602A6894
:1009900002F0030240EA02032B60E8E76FF00B006D
:1009A000E6E710B5044630B10268930703D0446807
:1009B00009B100F036FC204610BD0023C0E9003329
:1009C00000F10803C0E902337047012307B5009323
:1009D00000230A461946FFF77CFF03B05DF804FBCD
:1009E000002307B50A4600931946FFF772FF03B0CC
:1009F0005DF804FB00210068FFF7D3BF3AB18A42DB
:100A000005D3C0E90212C0E90000002070476FF072
:100A100015007047012302688B4022EA030303603C
:100A200022FA01F000F001007047704710B5032171
:100A300004460C30FFF7EEFF30B104F1100000F077
:100A4000DDFAB0FA80F0400910BD20B10022D430A8
:100A5000114600F065BA704770B5C3680446C3F329
:100A600040069B0716D4856802210C30FFF7D2FFA1
:100A700080B1D5F8CC206AB194421DD122689EB9CC
:100A8000D5F8D030C5F8CC209C4201D1C5F8D02093
:100A900000232360E36813F01F001EBF43F002032E
:100AA000E36040F0020070BD3260D5F8D02094427F
:100AB00008BFC5F8D060EBE716461268DBE773B5F0
:100AC0000446EFF31185402383F31288BFF36F8F41
:100AD00000230193D0E90423B3F1004F08BF012A9A
:100AE00005D085F31188BFF36F8F02B070BDA0F100
:100AF000100603210438FFF78DFF0028F1D0A36909
:100B0000304601A90193F4F741F9EAE738B5044604
:100B10000D461022002101F08DFA656038BD13B535
:100B200001900846EFF31184402383F31288BFF34A
:100B30006F8F01A9F4F72AF984F31188BFF36F8F3F
:100B400002B010BD10B5FFF7EAFF041E08DDEFF399
:100B50001180402383F31288BFF36F8FF4F738FDC1
:100B6000204610BD70B50D46EFF31186402383F388
:100B70001288BFF36F8FF4F75BF9044686F3118890
:100B8000BFF36F8F38B14FF0FF324FF0FF3305F1F5
:100B90001000F3F7B9FF204670BD08B5E822002128
:100BA00001F048FA08BD38B530220D460021044650
:100BB00001F040FA4FF480736560E36038BD38B5EA
:100BC0000446EFF31185402383F31288BFF36F8F40
:100BD000FFF72CFF2046FFF73FFF85F31188BFF397
:100BE0006F8F38BDF8B504460D46EFF311874023EB
:100BF00083F31288BFF36F8FC36803F01F03002BCA
:100C000014BF0126002609D0FFF710FF2046FFF78A
:100C100023FF29462046F4F79BF8034687F3118803
:100C2000BFF36F8F3BB14FF0FF324FF0FF3305F151
:100C30000800F3F769FF3046F8BDEFF30580003890
:100C400018BF012070478C307047002310B58B42CD
:100C500002D10020136010BDC45CAA2CF9D101336D
:100C6000F5E708B50A46D0E92B01FFF7EEFF0020B3
:100C700008BDF5F773B908B520B119B1F5F7DCF97E
:100C8000002008BD6FF01500FBE710B5044686B0E4
:100C900028B31822002101F0CDF969460020F5F7AC
:100CA00087F9D4E90032002000995B18019942EBE2
:100CB00001020299C4E90032D4E902325B180399B7
:100CC00042EB01020499C4E90232D4E904325B1810
:100CD000059942EB0102C4E9043206B010BD6FF081
:100CE0001500FAE7D0E9003213605A600023C0E92A
:100CF0000033704708B5FFF7F5FF037C23F00203CC
:100D000003740023836008BD38B504460D46F4F72C
:100D1000D7FA237C43F002032374D5B1A5602B6876
:100D20009D4209D16B68C4E900531C606C6010E0FF
:100D30006A689A42F6D01B68002BF3D093F90E1024
:100D400094F90E209142F3DD5A68C4E90032146030
:100D50005C6038BD10B5EFF31184402383F3128833
:100D6000BFF36F8FF4F76CFA84F31188BFF36F8FC2
:100D700010BD10B5EFF31184402282F31288BFF347
:100D80006F8F027CD10604D484F31188BFF36F8F78
:100D900010BD22F010020274F4F752FA2046BDE8AA
:100DA0001040F4F7C5BA08B5EFF31181402282F381
:100DB0001288BFF36F8F83680BB1FFF79BFF81F33E
:100DC0001188BFF36F8F08BD08B5037C014613F08F
:100DD000280F0CD183680BB1FFF78CFF0B7C084602
:100DE00023F004030B74BDE80840F4F729BA08BDEA
:100DF00010B5EFF31184402383F31288BFF36F8F94
:100E00001838FFF7E1FF84F31188BFF36F8F10BD2F
:100E100008B50346EFF31181402282F31288BFF335
:100E20006F8F0068834207D008B1FFF763FF81F33B
:100E30001188BFF36F8F08BD0020F8E70846F4F76C
:100E400077BA38B5054604680020AC4200D138BDF9
:100E5000002CFCD02046FFF74DFF04F1180000F0F5
:100E6000CDF82046F4F7ECF92C680120A542EDE717
:100E700010B5EFF31184402383F31288BFF36F8F13
:100E8000FFF7DFFF84F31188BFF36F8F10BD70B5DC
:100E900006460D46F4F738FCB5F1FF3F08BFB6F142
:100EA000FF3F04460CD047F6112000214FF47A751D
:100EB00047F612220023E4FB0501D7F759FF70BD66
:100EC0004FF0FF30FBE708B5C3171F3043F10003B5
:100ED000400940EAC360C117F4F716FC400108BDA1
:100EE00038B50446EFF31185402383F31288BFF32E
:100EF0006F8F037C5B070ED5183000F07FF8237CE2
:100F0000204623F004032374F4F79AF92846BDE839
:100F10003840F4F70DBA85F31188BFF36F8F38BDF1
:100F200038B5EFF31185402383F31288BFF36F8F39
:100F30000468A04213D0A4B1C4F8C4106261204672
:100F4000FFF7D8FE04F1180000F058F82046F4F737
:100F500077F9012085F31188BFF36F8F38BD00202A
:100F6000F8E72046F6E72DE9F04706460F4691469A
:100F70009A46EFF31188402383F31288BFF36F8FF3
:100F80000068864206D028B1736898420CBF0025DD
:100F9000056868B90024B9F1000F02D05146204617
:100FA000C84788F31188BFF36F8F2046BDE8F087EC
:100FB0005146B84704460028EDD135B17368AB42BD
:100FC00000D02C6828462546E3E72C46FAE708B50A
:100FD0000246F4F771FD70B1D0E904319B1A61EB60
:100FE000E272B3F1004F72F1000104DA002AACBFE3
:100FF0001846002008BD6FF00040FBE7024638B5F8
:10100000EFF31185402383F31288BFF36F8F0368DA
:10101000D3B1F4F751FD04461046F4F75FFD00220A
:101020004FF000438442C0E9042305D0002085F33B
:101030001188BFF36F8F38BDF4F746FDFFF7C7FF88
:101040000021EEF7DBF8F1E7D0E90413B3F1004F2C
:1010500008BF012904D100204FF00041C2E904017A
:101060006FF01500E3E708B5F4F740FE08BDF4F7AC
:101070003DBEB3F1FF3F08BFB2F1FF3F70B506467A
:101080001D46144614D01A4316D0002B08DBF4F783
:101090002DFE041941EB0501C6E90041304670BD43
:1010A0006FF001031C1B4FF0FF3363EB0501F3E707
:1010B0004FF0FF342146EFE70024FBE7B3F1FF3F99
:1010C00008BFB2F1FF3FF8B5074616461C4610D0E0
:1010D00054EA020311D0F4F709FEB0420A46A141D6
:1010E00003460AD2F31A64EB0204C7E90034384617
:1010F000F8BD4FF0FF331C46F7E70023FBE7002362
:10110000C0E9081200F11802C0E90622C0E9003364
:101110000363436370472DE9F3470446DDE90A980A
:1011200015460E4659B302F0010AF4F729FB0746AB
:10113000EFF31181402383F31288BFF36F8FA80769
:1011400044BF0023A360A36803EA0600BAF1000FBE
:101150000CD086420CD16A0744BF8343A36081F35D
:101160001188BFF36F8F02B0BDE8F0870028F2D17D
:1011700059EA080305D181F31188BFF36F8F00206E
:10118000F1E7C7E91C652246CDE9009804F10C009F
:10119000F4F790F90028F2D1386FE4E710B50B6846
:1011A0000446D0E91C0212F0010F03EA000301D04B
:1011B000984211D183B12367520748BF4A6804F1AE
:1011C000180044BF1A434A60FFF718FF0023204667
:1011D000C4F8C430FFF7F8FD002010BD0023C0E9BB
:1011E0000000836070470A46F4F786BE4FF0FF3276
:1011F000F4F782BE0A460021F4F77EBE5200FFF7E4
:101200008ABF10B583691A7A52B1D0E9024294427A
:1012100006D0D3E90020521840F10000C3E90020B5
:1012200010BD20B1011F50F8040CFFF7B5BA70478C
:101230007047FFF73ABB4FF0FF324FF0FF33F3F741
:101240003BBBF3F7ABBB00207047704710B50446BB
:1012500008B1F5F7FFF82046BDE81040F5F7EAB809
:101260000346C068F8B15888E8B11B8803F44F42C0
:10127000B2F5824F02D0B2F5884F09D1DBB2272BED
:101280002AD008D8172B0FD0222B34D0122B16D0EF
:101290006FF085007047302B2FD0413B012BF7D8E2
:1012A000FF2839D100207047C028FBD0E128F9D0B1
:1012B000B0F5807F14BF6FF086000020704720F0EB
:1012C0002003C02BEED020F08003B3F5807FE9D05F
:1012D00040F209239842EDE7E928E3D0EF28E1D076
:1012E00040F21B139842DDD040F299139842D9D0B6
:1012F00040F23B23EEE7E928F1E720F02003C02B82
:10130000D0D020F04003B3F5807FCBD0B0F5C07FC4
:10131000C8D0B0F5007FCDE7B0F5E07FCAE73AB1BD
:10132000002918BF00232121D21A184400F082BEE0
:10133000704741F2062398421AD8B0F5905F09D25F
:1013400041F2010398420CD0B0F5885F09D06FF0EC
:10135000850070476923A0F5905080B2C340DB0739
:10136000F5D511F0070F14BF6FF08600002070470D
:10137000B0F5105FEBD121F04003802B06D0B1F522
:10138000807F14BF6FF086000020704700207047F8
:1013900070B5446A05460E463CB90120F5F744F89D
:1013A000686228B12046AE6270BD6FF08A00FBE72C
:1013B0006FF08C00F8E7F8B51E460F461546038817
:1013C000C2B103F4E043B3F5805F02D0B3F5005F30
:1013D00010D1089BE90019600088FFF7AAFF0446B6
:1013E00030B92A463946304600F0FEFD079B1D60A5
:1013F0002046F8BD6FF08504FAE710B50446406A50
:1014000010B1A16AFFF722FF0020C4E9090010BD56
:1014100038B50446FFF7F1FF237F012B0FD0023BC5
:10142000012B0FD8236A012B14BF6FF096050025FE
:101430002C220021204600F0FDFD284638BD236AFD
:10144000002BF1E76FF09605F2E710B5036804464C
:1014500043B100F0D4F800232360A3886FF308039E
:10146000A38010BD1846FCE72DE9FF4198460023F4
:101470000C460168054616460393002939D14FF4FE
:10148000AA72083000F0D6FDB8F1000F20463346AE
:101490000CBF4FF400624FF4806203A9F5F77CF9AA
:1014A0000446B8B9039F304639882A1DF5F7F0F98C
:1014B000044678B96B79394668F300036B71D7E954
:1014C000092328460096B8F1000F0FD0F5F780FEEB
:1014D000044610B12846FFF7B8FF0398F5F7E4FD7E
:1014E000002C18BF204604B0BDE8F081F5F794FE4B
:1014F000EEE76FF08804EDE70123FFF7B5BF38B5DD
:101500000368054614464BB132B100F063F8044657
:1015100010B12846FFF799FF204638BD6FF08804C8
:10152000FAE72DE9F0411646026805460F4698464F
:10153000F2B14279D2071BD50279CAB1B2421AD8A8
:1015400000F051F8044618B10023C8F800602B7170
:1015500037B1324621463846D8F80030FFF7DFFE73
:101560002846FFF772FF002C18BF2046BDE8F08127
:101570006FF08804E8E76FF08904E5E7037F022B4A
:1015800006D1036A5A1C03D001330362002070475E
:101590006FF096007047034668B1017F8A1E012AEA
:1015A0000BD80329026A03D1012A01D1FFF730BF0A
:1015B0001AB1013A1A62002070476FF09600704726
:1015C000C0B2FF280CBF6FF0860000207047F5F70F
:1015D000A9BE70470368052B02D10830F6F7CAB8D8
:1015E0006FF08600704710B40468052C03D110BC5E
:1015F0000830F6F7D7B86FF0860010BC7047036864
:10160000052B02D1083000F0BBB800207047002045
:10161000F5F798BF0020F5F7CFBF002000F0AAB87B
:10162000DBF72AB80A2842DCC31C1FDA10F1400F8E
:1016300045D010F13F0F2BDA10F1410F42D010F1DD
:10164000550F42D010F1490F14BF6FF086006FF0B4
:101650008400704709282DD8DFE800F0052C2C2FD6
:10166000172C372C2C3A6FF09800704703300D2858
:1016700020D8DFE800F00A331F221F1F1F1F1F1F83
:10168000071F1F076FF0940070476FF085007047C9
:1016900010F1210F1FD00DDB10F1200F1ED010F123
:1016A000100F14BF6FF086006FF09400704764381D
:1016B0000928CFD96FF086007047002070476FF07F
:1016C000840070476FF0890070476FF09300704797
:1016D0006FF08C0070476FF0880070476FF09200D9
:1016E000704710B501380A44914200D110BD10F87E
:1016F000013F11F8014B63400370F5E7014481425B
:1017000000D1704711F8013D1A440A70120AF6E739
:10171000F7B506460D4659B36FF05103202D2F46FD
:1017200028BF2027523316D03A4631466846F6F78E
:1017300027FD10F1520F04460AD0431CF4D0ED1BD4
:101740003E4410D1684600F0C5FB204603B0F0BD12
:10175000684600F0BFFB00216846F6F7BFFC044670
:101760000028E1D0F1E74FF0FF33002CD6D0E9E7B5
:101770000C46EAE700207047F5F7BEBFF5F7BCBF9F
:1017800008B54FF4AA7100F023FC002008BD037FC8
:1017900013B1203000F0D6BAD0F8243113B1D0F80C
:1017A0002C011847184670472DE9F0470446806819
:1017B00089469042174609D3201A1C3000F014FCC9
:1017C000A368DB1BA3600020BDE8F08704F1340AA6
:1017D00001215046F6F74EFD064618B1BDE8F04728
:1017E000FFF720BF2046FFF7D2FF0546002848D16B
:1017F000A26832F0100309D0A01A49461C3000F04C
:10180000F3FB2A46A368A5609944FF1A07F1FF3845
:1018100028F00F08A7EB08065AB9102204F10C01B2
:1018200004F1200000F0FEF968BB1023A36001233F
:101830002377B8F1000F1BD04246494604F120003F
:1018400000F0F0F90546B0B90123237704F1200731
:10185000384600F0D5FA054668B9384600F02DFB49
:10186000054640B9102104F10C0000F0B1FB02E084
:10187000237F002BEAD15046F6F7EAFC2DB128462B
:10188000ACE7B046F7E70546F5E7002E9BD03246B9
:1018900009EB080104F10C0000F0A6FBA3689B1BF8
:1018A00090E7F8B543680546102B2FD800F13406B1
:1018B00001213046F6F7DEFC18B1BDE8F840FFF72D
:1018C000B1BE2846FFF763FF0446D0B9AA6805F108
:1018D0002007102A05F10C050AD12946384600F0E8
:1018E000D2F9044668B9384600F0E7FA044608E041
:1018F00029463846C2F1100200F094F90446002847
:10190000EBD03046F6F7A4FC2046D6E76FF0860011
:10191000F8BDF6F731B813B50C466946F2F758FC36
:10192000002805DA0D3012D06FF08B0002B010BD28
:10193000009B042223604FF0FF3321460DEB020091
:10194000019300F08AFB0028EED00020EEE76FF054
:101950008400EBE730B589B0182205460C4601A893
:10196000002100F067FB012044EA052400210794D0
:101970000590FEF7EBFCBA2101A8F2F7C1FB0021AC
:1019800004460846FEF7E2FC002C0CBF20466FF030
:10199000920009B030BD13B5C0B2086001A9144669
:1019A000FFF7B9FFB8B99DF80630C3F30213072B50
:1019B00015D0042B11D8012B05D0063303F00703F3
:1019C000022B0CD802239DF8042002F03002202ABA
:1019D00008BF0233236002B010BD0323F3E76FF0AA
:1019E0009800F8E710B5044600210120FEF7AEFC90
:1019F00001212046F2F7C8FB002104460846FEF705
:101A0000A5FC204610BDF7B5BA2001A9F2F7E0FB0E
:101A1000044610B1002003B0F0BD019D2F0AEDB2C5
:101A2000AC4205D1BA20FFF7DDFF0028F2D00EE06E
:101A3000E6193046FFF7D6FF60B1012130460DF1BF
:101A40000302FEF772FC10B99DF8033013B96FF072
:101A50009200E0E70134E3E708B50178CB1C03F01E
:101A60000303012B09D94078C1F38201F2F768FB27
:101A7000003818BF0120400008BD6FF02100FBE7CF
:101A800007B50221F8200DF10702FEF74EFC9DF884
:101A9000073003B920B16FF0920003B05DF804FB8A
:101AA0000221F820F2F74CFB0028F6D0F3E7436858
:101AB000A3F11001914241D8012243F80C2C53F8B4
:101AC000042C42F0200243F8042C53F8082C42F076
:101AD000005243F8082C836800F11402A3F11001AE
:101AE00091422FD8012243F80C2C53F8042C42F0D9
:101AF000200243F8042C53F8082C42F0005243F81B
:101B0000082CC36803F15402BFF35F8F4FF0A34367
:101B10001A60BFF35F8FC2680432BFF35F8F1A6130
:101B2000BFF35F8FBFF35F8F03225A63BFF35F8FF3
:101B3000BFF35F8F9A63BFF35F8F7047103242F835
:101B40000C2CB7E7103242F80C2CC9E738B5BFF3BC
:101B50005F8F4FF0A344E569BFF35F8FBFF35F8FE3
:101B600010236363BFF35F8F012000F024FABFF3FB
:101B70005F8F00236363BFF35F8FBFF35F8FE36B00
:101B8000BFF35F8F5B06F8D425B1BFF35F8FE561CC
:101B9000BFF35F8F38BD08B5F6F7FCFB30B9BFF374
:101BA0005F8F4FF0A343986ABFF35F8FBFF35F8FE0
:101BB0004FF0A342D36BBFF35F8F10F0240F03F0FD
:101BC000230304D0FFF7C2FF6FF01F0008BD4FF0E2
:101BD000FF30002BFAD1BFF35F8F1063BFF35F8F2D
:101BE0001846F3E7026913690BB1506918471846A4
:101BF000704708B5826803465AB902681169426A9B
:101C0000114206D0FFF7EEFF002808BF6FF0530027
:101C100008BD03F11400702103F17802FFF747FFBC
:101C20000020F5E710B5047D03464CB3B2F1807F88
:101C300006D3FFF7D7FF002808BF6FF03F0010BDA5
:101C40004468062C06D9FFF7CDFF002808BF6FF0C7
:101C50004400F4E70AB90020F1E78069016099695E
:101C60008A60186899698069C068C860996910318C
:101C70009961596801315960996811449960EAE79E
:101C80006FF02000DBE710B4037D002B56D0836893
:101C9000C3B9836900F124021A60036882691B6872
:101CA000013343F000539360046882692368A46998
:101CB0000133E4681B0203F4F8532343D3608369C0
:101CC00010338361036882681C68131923EA0403D4
:101CD00084699B1A54F8042C42EA032244F8042C29
:101CE000826952F8084C234443F0005342F8083C00
:101CF00003681A68C368134423EA0203C2691160C7
:101D0000C269C1689160C26902F11001C161C16814
:101D10008B420AD000211161C168C2695B1A43F08D
:101D200080439360C3691033C3610368DA68436A10
:101D300023EA0203436210BCFFF75BBF6FF0200091
:101D400010BC704738B5037D0446002B52D00368A1
:101D50005B69002B51D00269D3685BB15069984729
:101D6000054638B12046FFF73DFF002818BF05465D
:101D7000284638BD214651F8783B626A9B6904F1D8
:101D800014001B68F6F76AF90123636023699A68F7
:101D90009AB9A2691B6813602369A2695B6843F062
:101DA000005393602268A36992699268DA60A3691C
:101DB0001033A3616368013363600025236AA2695D
:101DC000C43313602368A2695B6943F000539360D6
:101DD0002268A36992695268DA60A36922681033A5
:101DE000A3616368013363601269636AA56013438A
:101DF0006362BDE76FF02005BAE76FF04705B7E70C
:101E000038B5027D0346002A40D002688168946894
:101E10008C4206D9FFF7E6FE002808BF6FF053009A
:101E200038BD5468B1FBF4F504FB151434B1FFF769
:101E3000D9FE002808BF6FF04500F1E7416AD0687D
:101E400001435962D3E90701C4315269016018683E
:101E5000D96940690F328860D96922F00F0201F117
:101E60001000D8611868406990420AD00C61186867
:101E7000D9694069121A42F080428A60DA691032E8
:101E8000DA611846BDE83840FFF7B3BE6FF02000B6
:101E9000C6E738B5037D054663B1FFF77CFE431CFA
:101EA000044605D02846FFF79DFE002818BF0446CB
:101EB000204638BD6FF02004FAE710B5037D0446D4
:101EC0002BB12046FFF7E5FF431CFAD010BD6FF0A1
:101ED0002000FBE710B5037804461BB1F5F7ECF9D9
:101EE00000232370002010BD022203689A6070470F
:101EF000C0F30B03482B4B6028BF482310F4003F6E
:101F00008B6008BF0023CB6010F4803308BFC1E9A9
:101F1000013300F47003B3F5700F14BF00238B6816
:101F200000284FF0010C4FF008028B60B8BF00236F
:101F3000C1E905C2B8BFC1E90533704710B59EB00D
:101F4000024646F611031AA901A8F6F787F80023FE
:101F5000039A10211360039A01A89360039B1AAAA5
:101F600010330393FFF7A3FDFFF715FE431C044650
:101F7000FAD001A8742100F02BF820461EB010BD45
:101F80004FF0FF324FF0FF33F2F796BCF2F706BD89
:101F9000FFF724B907B54FF0FF334FF0FF32CDE91B
:101FA00000230022FFF72AF903B05DF804FBFFF7D6
:101FB00021B9FFF71BB9FEF786BF10B58B4294BF5E
:101FC000C4184418A04200D110BD00F8012BF9E755
:101FD00000231A4682B001908B4201D102B07047B3
:101FE0000198C2540133F7E70A44431E914200D1DD
:101FF000704710B511F8014B914203F8014FF9D128
:1020000010BD884210B501EB020402D98442234678
:1020100007D8431EA14207D011F8012B03F8012F66
:10202000F8E70244824200D110BD13F8011D02F806
:10203000011DF7E702440346934200D1704703F8BD
:10204000011BF9E70A220021F6F706BB044608B592
:10205000F6F7D0FE2046E1F755F90139024410B5F4
:10206000904201D1002005E0037811F8014FA3420E
:1020700001D0181B10BD0130F2E7C9B20346184663
:1020800013F8012B12B18A42F9D17047002918BF09
:102090000020704710B56AB10139841810F8012B7F
:1020A00011F8013F9A4203D1A04201D0002AF5D194
:1020B000D01A10BD1046FCE70139034610B532B105
:1020C00011F8014F013A03F8014B002CF7D11A44E3
:1020D0000021934200D110BD03F8011BF9E702462D
:1020E000014410B58A42134603D01C780132002CFB
:1020F000F8D1181A10BD0A7870B56AB970BD9A4245
:1021000009D10C46054614F8013F002BF6D015F80E
:10211000016F9E42F7D001300378002BEFD11846B3
:10212000ECE7F0B5C3F13707044603F01F03104690
:10213000FFB2082BE6B232D0102B3DD06508A408C0
:1021400045EAC17544EA81748A082D1942EB5102AF
:10215000290941EA02716D1842EB1212290A41EA7B
:1021600002616D1842EB1222290C41EA02416D18FE
:1021700042EB1242AD1842F10002EC0844EA42740C
:10218000D10804EB8402A6EB4205EDB2092D0CD96F
:102190000134A5F10A0541F10001EDB212E0E408B5
:1021A00006F0070544EA4174C908303554EA0102D3
:1021B00000F8015BBDD1F0BD240906F00F0544EA2B
:1021C00001740909092D84BFED19EDB2EDE7D1E9DC
:1021D000043293421EBF5A1C0A61187070470000F7
:0821E00030A0FD7F01000000AA
:1021E800D13A01000000000015F1010000000000D4
:1021F80000000000E8220300F5470200000000008C
:1022080035480200000000000000000028230300F9
:10221800000000000823030000000000482303001A
:1022280009030200000000000DED0200000000009C
:10223800000000006823030000000000882303005A
:10224800CDDE01000000000011EB020000000000DC
:10225800FDE20000000000003D3301000000000026
:1022680000000000A8230300B9C50000000000001A
:10227800C54B02000000000000000000E823030036
:1022880000000000C8230300F9400100000000001E
:1022980089EC02000000000093EC0200000000003E
:1022A80000000000082403000000000028240300A8
:1022B80065040100000000006945010000000000FD
:1022C800A51D010000000000BD290200000000005B
:1022D8005D32020000000000BD04020000000000A2
:1022E80055A90300E8470300482D0300D80700203C
:1022F800EC3D002025DC010000000000DC47030065
:1023080003AB030098480300002D0300E0070020FA
:10231800683E0020C5E70100000000008C4803006B
:1023280015AB0300B8480300002D0300E2070020A6
:10233800743E0020C5E7010000000000AC4803001F
:1023480026AB0300D8480300002D0300E407002053
:10235800803E0020C5E7010000000000CC480300D3
:1023680082A9030000000000C02C0300DA07002047
:1023780000000000FFDF020000000000004803002A
:1023880037AB030004490300642D0300E60700206F
:10239800FC05002023E6020000000000F8480300C6
:1023A80053AF030000000000044A0300EA070020BE
:1023B800C83E0020A1F9010000000000F849030010
:1023C80092A9030000000000C82C0300DC070020CD
:1023D8000000000045DF0100000000001C48030069
:1023E8009DAB030060490300402D0300E80700206F
:1023F8001C060020D3E70200000000005449030037
:10240800E6AA030034480300E42C0300DE0700209A
:10241800503E00207DE20100000000002848030033
:1024280074B1030000000000242D0300EC07002015
:10243800A03F00204FED020000000000584A0300B2
:102448000000000037BE02000000000037BE020096
:102458000000000037BE02000000000037BE020086
:102468000000000037BE02000000000037BE020076
:102478000000000037BE02000000000037BE020066
:102488000000000037BE02000000000037BE020056
:102498000000000037BE02000000000037BE020046
:1024A8000000000037BE02000000000037BE020036
:1024B8000000000037BE02000000000037BE020026
:1024C8000000000037BE02000000000037BE020016
:1024D8000000000037BE02000000000037BE020006
:1024E8000000000037BE02000000000037BE0200F6
:1024F8000000000037BE02000000000037BE0200E6
:102508000000000037BE02000000000037BE0200D5
:102518000000000037BE02000000000037BE0200C5
:1025280000000000710302000000000037BE020036
:102538000000000037BE02000000000037BE0200A5
:102548000000000037BE02000000000037BE020095
:102558000000000037BE02000000000037BE020085
:102568000000000037BE02000000000037BE020075
:102578000000000037BE02000000000037BE020065
:102588000000000037BE02000000000037BE020055
:102598000000000037BE02000000000037BE020045
:1025A8000000000037BE02000000000037BE020035
:1025B8000000000037BE02000000000037BE020025
:1025C8000000000037BE02000000000037BE020015
:1025D8000000000037BE02000000000037BE020005
:1025E8000000000037BE02000000000037BE0200F5
:1025F8000000000037BE02000000000037BE0200E5
:102608000000000037BE02000000000037BE0200D4
:102618000000000037BE02000000000037BE0200C4
:102628000000000037BE02000000000037BE0200B4
:102638000000000037BE02000000000037BE0200A4
:102648000000000037BE02000000000037BE020094
:102658000000000037BE02000000000037BE020084
:102668000000000037BE02000000000037BE020074
:102678000000000037BE02000000000037BE020064
:1026880000000000058302000000000037BE0200C1
:102698001C0600202D0603000000000037BE0200C3
:1026A8000000000037BE02000000000037BE020034
:1026B8000000000037BE02000000000037BE020024
:1026C8000000000037BE02000000000037BE020014
:1026D8000000000037BE02000000000037BE020004
:1026E8000000000037BE02000000000037BE0200F4
:1026F8000000000037BE02000000000037BE0200E4
:102708000000000037BE02000000000037BE0200D3
:102718000000000037BE02000000000037BE0200C3
:102728000000000037BE02000000000037BE0200B3
:102738000000000037BE02000000000037BE0200A3
:102748000000000037BE02000000000037BE020093
:102758000000000037BE02000000000037BE020083
:102768000000000037BE02000000000037BE020073
:102778000000000037BE02000000000037BE020063
:102788000000000037BE02000000000037BE020053
:102798000000000037BE02000000000037BE020043
:1027A8000000000037BE02000000000037BE020033
:1027B8000000000037BE02000000000037BE020023
:1027C8000000000037BE02000000000037BE020013
:1027D8000000000037BE02000000000037BE020003
:1027E8000000000037BE02000000000037BE0200F3
:1027F8000000000037BE02000000000037BE0200E3
:102808000000000037BE02000000000037BE0200D2
:102818000000000037BE02000000000037BE0200C2
:102828000000000037BE02000000000037BE0200B2
:102838000000000037BE02000000000037BE0200A2
:102848000000000037BE02000000000037BE020092
:102858000000000037BE02000000000037BE020082
:102868000000000037BE02000000000037BE020072
:102878000000000037BE02000000000037BE020062
:102888000000000037BE02000000000037BE020052
:102898000000000037BE02000000000037BE020042
:1028A8000000000037BE02000000000037BE020032
:1028B8000000000037BE02000000000037BE020022
:1028C8000000000037BE02000000000037BE020012
:1028D8000000000037BE02000000000037BE020002
:1028E8000000000037BE02000000000037BE0200F2
:1028F8000000000037BE02000000000037BE0200E2
:102908000000000037BE02000000000037BE0200D1
:102918000000000037BE02000000000037BE0200C1
:102928000000000037BE02000000000037BE0200B1
:102938000000000037BE02000000000037BE0200A1
:102948000000000037BE02000000000037BE020091
:102958000000000037BE02000000000037BE020081
:102968000000000037BE02000000000037BE020071
:102978000000000037BE02000000000037BE020061
:102988000000000037BE02000000000037BE020051
:102998000000000037BE02000000000037BE020041
:1029A8000000000037BE02000000000037BE020031
:1029B8000000000037BE02000000000037BE020021
:1029C8000000000037BE02000000000037BE020011
:1029D8000000000037BE02000000000037BE020001
:1029E8000000000037BE02000000000037BE0200F1
:1029F8000000000037BE02000000000037BE0200E1
:102A08000000000037BE02000000000037BE0200D0
:102A18000000000037BE02000000000037BE0200C0
:102A28000000000037BE02000000000037BE0200B0
:102A38000000000037BE02000000000037BE0200A0
:102A48000000000037BE02000000000037BE020090
:102A58000000000037BE02000000000037BE020080
:102A68000000000037BE02000000000037BE020070
:102A7800882303005BE402000000000037BE020068
:102A88000000000037BE02000000000037BE020050
:102A98000000000037BE02000000000037BE020040
:102AA8000000000037BE02000000000037BE020030
:102AB8000000000037BE02000000000037BE020020
:102AC8000000000037BE02000000000037BE020010
:102AD8000000000037BE02000000000037BE020000
:102AE8000000000037BE02000000000037BE0200F0
:102AF8000000000037BE02000000000037BE0200E0
:102B08000000000037BE02000000000037BE0200CF
:102B18000000000037BE0200C804002029E40200BB
:102B28000000000037BE02000000000037BE0200AF
:102B38000000000037BE02000000000037BE02009F
:102B48000000000037BE02000000000037BE02008F
:102B58000000000037BE02000000000037BE02007F
:102B6800453F020061FE02000000000037BE02007F
:102B78000000000037BE02000000000037BE02005F
:102B88000000000037BE02000000000037BE02004F
:102B98000000000037BE02000000000037BE02003F
:102BA8000000000037BE02000000000037BE02002F
:102BB8000000000037BE02000000000037BE02001F
:102BC8000000000037BE02000000000037BE02000F
:102BD8000000000037BE02000000000037BE0200FF
:102BE8000000000037BE02000000000037BE0200EF
:102BF8000000000037BE02000000000037BE0200DF
:102C08000000000037BE02000000000037BE0200CE
:102C18000000000037BE02000000000037BE0200BE
:102C28000000000037BE02000000000037BE0200AE
:102C38000000000037BE02000000000037BE02009E
:102C48000000000037BE02000000000037BE02008E
:102C58000000000037BE02000000000037BE02007E
:102C68000000000037BE02002DED020061FE0200E8
:102C78000000000037BE02000000000037BE02005E
:102C88000000000037BE02000000000037BE02004E
:102C98000000000037BE02000000000037BE02003E
:102CA8000000000037BE02005004002029E40200A2
:082CB8000000000037BE02001D
:082CC000EBDF02000000000040
:102CC800D5E0010031E0010045E1010005E1010026
:102CD8002DDF01001DDF010035DF0100ABE202003E
:102CE800F5E1020085E10100000000007DE101003E
:082CF800DDE00200D1E0020062
:102D0000F1E501008DE3020099E30200ADE302006A
:102D1000B7E30200C1E302000DE80100D5E30200C1
:042D200000000000AF
:102D240000000000000000000000000053ED02005D
:0C2D34007D08020000000000000000000C
:082D400021ED0100B9E70200DA
:102D48007DDC010053DF0200B7DF02000000000055
:0C2D5800EFDE02000000000000000000A0
:102D6400B9E4020061EB0100ABE40200CDE602002D
:102D7400DFE4020007E502003DE5020051E5020040
:102D84007FE5020095E5020051E502006FE50200CF
:102D9400ABE50200B7E50200C3E50200F5E5020079
:042DA400F9E502004B
:102DA80005000000157D01000600000055BE010069
:082DB80004000000318E01004F
:102DC000C532020051330200000000000000000084
:102DD000893302002932020000000000A1C7000070
:102DE00005C7000021C8000000000000000000002E
:102DF000000000000000000000000000F51E0100BF
:102E000000000000000000000000000000000000C2
:102E100000000000E1BE010005C601000000000046
:102E200085BE010079BE01001DCA0100000000003E
:102E30006C43030008000000B438030007000000E2
:102E40009437030001000000283803000700000049
:102E50002C3F030006000000A43F03000C0000000C
:102E6000C489030003000000F79003000300000082
:102E7000987E030003000000B08C030003000000F4
:102E80009F7E030003000000D95D030003000000E3
:102E9000B59603000300000029880300030000002A
:102EA0006B89030003000000428E03000300000052
:102EB000B37503000300000070AF030003000000BF
:102EC0005EAF030003000000597E03000300000012
:102ED000E2960300030000004AA90300030000007B
:102EE000B95903000300000074A9030003000000A7
:102EF000A0C2030003000000B3AD03000300000004
:102F0000357D030003000000BBA90300030000009F
:102F100064B1030003000000BC5C03000300000078
:102F2000CB5C030003000000CF5C03000300000043
:102F30005677030003000000A6B003000300000062
:102F4000FDB0030003000000C8C10300030000003F
:102F5000A0AF0300030000000F7C0300030000008B
:102F6000967C0300030000009E7C03000300000029
:102F70002EB103000300000062C203000300000042
:102F80000E5903000300000087B003000300000097
:102F9000326C030003000000386C030003000000E3
:102FA000AD7C030003000000FBAA03000300000047
:102FB0008CAC030003000000F35903000300000081
:102FC00084B1030003000000435A03000300000023
:082FD00049AB030003000000FF
:102FD80044520300E4460020BCC103000100000085
:102FE800483C0300583900204C6C030000000000E6
:102FF800040000000F0000000100000008000000AD
:103008002800000078000000880000001000000080
:103018000C0000000E000000600000008C000000A2
:10302800C0000000FFFFFFFFFFFFFFFFFFFFFFFFE4
:04303800FFFFFFFF98
:10303C00567E030000000000000000001D3D010052
:10304C006940010000000000129403000100000020
:10305C0000000000A3D302000000000000000000EC
:10306C00A99603000100000000000000459E01002D
:10307C000000000000000000A19603000100000009
:10308C0000000000F5940100E5A301000000000021
:10309C00AF9603000100000000000000399A010007
:1030AC00ED98010000000000FFC0030000000000CC
:1030BC0000000000292A02000000000000000000AF
:1030CC00436C0300BC03002064360020AC030020DA
:1030DC0002000000CC3B030060360020E03B030004
:1030EC00C4080020386C0300A01C002028680020B5
:1030FC00643B030044440300B43C0300BC3A0300AB
:10310C005C3A0300103B030000460300343C030010
:10311C008C3C0300083A0300BC4F0300C83C03007E
:10312C00783C0300643C030040390300A03C0300DE
:10313C000000000000000000000000000000000083
:10314C0000000000BD600300C4600300000000002C
:10315C00CDF7000000000000AC620300B662030073
:10316C000000000051F8000003000000D5620300CD
:10317C00DC6203001C3A030069A902000000000095
:10318C00F36003001CB7030000000000E9F7000027
:10319C0002000000086303000F630300DC3103002E
:1031AC0000000000000000007C610300836103004C
:1031BC0000000000D1C4000001010000DA6B030024
:1031CC00D96103000000000039F800000000000085
:1031DC0000000000000000000000000000000000E3
:1031EC0000000000246603002966030000000000B4
:1031FC00D9FB000002000000798C03004664030038
:10320C0000000000F5F8000000000000C36503009A
:10321C00CA6503000000000075FB000002000000FE
:10322C00E7640300EE6403000000000045FA0000B0
:10323C0000000000606503006865030000000000EA
:10324C0011FB000002000000000000000000000064
:0C325C0000000000000000000000000066
:083268003DFC00005DFC0000CC
:10327000FFFFFFFFFFFFFF7FFFC99A3B0000000039
:10328000D85E0B7A6F0C010000133931000000008A
:103290000000000003000000A0000000F00000009B
:1032A000000000002D87030097B003003287030061
:1032B000368703003A8703003E870300C26103009C
:1032C00042870300468703004A8703004E870300B6
:1032D00052870300568703005A8703005E87030066
:1032E00062870300668703006A870300010000000D
:1032F0000200000000940000FFFFFFFFFFFFFFFF40
:10330000FFFFFFFF01000000000000001843002045
:1033100080000000000000009842002080000000B3
:1033200000000000B033002040000000002000003A
:103330000020000000A0105000820D500004055035
:103340000100010000010100000100010000010076
:103350000100000001000B0002000A000500090046
:103360000A000800140007001E00060032000500D5
:103370004B0004006400030096000200FA00010004
:10338000F4010000F401FA00960064004B003200E2
:103390001E0014000A000500020001000C080217BC
:1033A0000D010102090901010602091818030101B2
:1033B00009098383850302012302022409100404FE
:1033C00005050B0B040B2B1B1B159A9A1C021D16D3
:1033D000130501490D150508061B1B0F010100000F
:1033E000FEFEFEFEFEFEFEFEFEFEFEFEFEFEFEFEFD
:1033F000FEFEFEFEFE16FEFEFEFEFEFEFEFEFEFED5
:10340000FEFE1F1FFE26FEFEFEFEFEFEFEFEFEFE72
:10341000FEFEFEFEFEFEFEFE3E3EFEFEFEFE3B3BD2
:10342000A201B003BE05EE024806A209C405F40BD2
:1034300024120000D81100200200000B010000003F
:103440000700000000000000000000000000000075
:103450000406080A0C0E10121416181C1E20222432
:1034600026282A2C2E30323436383A3C3E4042440C
:1034700046484A4C4E021A50000000002800000046
:103480001800000000000000F023000024130000DA
:103490000000000040060000400600000000980800
:1034A0006B03000000000000F02300002413000064
:1034B0000000000048A3000014A000000000400627
:1034C0000C0300009C0000200200000B38120020BA
:1034D0000200000C9E1200200200000B9E12002031
:1034E0000100000C9C1200200100000C00000000F4
:1034F00000000101010101010101010101010202BC
:103500000202020203030404050506060707080871
:10351000090A0B0C0D0E0F101112131415161718A3
:10352000191A1B0010010000D20000003001000039
:10353000D800000001000000E400000002000000CC
:10354000EA00000002000000EC00000003000000A0
:10355000EE00000004000000F00000000500000084
:10356000F200000006000000F40000000700000068
:10357000F600000008000000F7000000090000004D
:10358000F80000000A000000F90000000B00000035
:10359000FA0000000D000000FB0000000F0000001A
:1035A000FC00000011000000FD00000013000000FE
:1035B000FE00000015000000FF00000018000000E1
:1035C000000000001B000000010000001F000000C0
:1035D000020000002300000003000000280000009B
:1035E000040000002D000000050000003300000072
:1035F0000600000039000000070000003F00000046
:103600000800000000100200FA000000040003801F
:10361000080007001000058020000500400002940B
:10362000800004000001019400020394000407805C
:103630000008078000100594002002000040049458
:103640000200080001000A001B5B4A00001B5B48E7
:1036500000001B5B324A00001B5B4A00001B5B6DD5
:1036600000001B3700001B3800001B5B3F336C0061
:10367000001B5B4800001B5B324A00001B37000048
:103680001B380000023684BD4E2F7271A30740A57F
:10369000F60500225455736167653A202263726112
:1036A000736822206F7220226372617368203C6EFF
:1036B0003E22207768657265206E20697320302E67
:1036C0002E34004E6F20636F726564756D702070CC
:1036D000726573656E74210048617320636F726553
:1036E00064756D7020776974682073697A653A2013
:1036F000256400496E76616C69646174696E672047
:10370000636F726564756D7000436F726564756D8B
:10371000702073697A653A2025642C20636170619A
:10372000636974793A2025640055736167653A20AE
:103730006C6F616461646472203C616464723E0019
:1037400052656164203078253038782066726F6D5C
:1037500020307825303878002573004D433A00003A
:103760000338FDD870470000000000000000000092
:103770000338FDD870470000000000000000000082
:103780000338FDD870470000E1C6000007100000B4
:10379000C4070020605303003DD802000000000071
:1037A000D1C2030000000100001800200001000049
:1037B000E9A2020093A20200020000000000000043
:1037C000975D03009F5D0300000000000000000003
:1037D00000000000D6940300A75D0300AB5D03006A
:1037E000AF5D0300040000000000000000000000C6
:1037F00000F80000C82303000100000000000100E1
:1038000000200B00C82303000200000000200C0071
:1038100000200B00C8230300030000000040170035
:1038200000900000C82303008C5303003DD8020021
:1038300000000000885303000000010084530300CF
:10384000BBDA020000000000840300200000010039
:103850007C530300ADA5020000000000B35D03002F
:103860000000010078530300BBDA020000000000F2
:103870007C0300200000010070530300ADA502008E
:1038800000000000C85D0300000001006C5303004D
:10389000BBDA0200000000007403002000000100F9
:1038A00064530300ADA5020000000000D05D0300DA
:1038B00000000100B85303003DD8020000000000E2
:1038C000B453030000000100B0530300BBDA020050
:1038D000000000009C03002000000100A85303002A
:1038E0005DA6020015A6020000000000000009000D
:1038F000A4530300BBDA0200000000009403002080
:10390000000001009C530300E1A50200000000003C
:10391000000000000000010098530300BBDA020021
:10392000000000008C030020000001009053030001
:10393000E5EE0000000000000000000000000100B3
:1039400087B003002F5F030054390300000000001C
:103950000000000058390300798C0300E0390300AF
:1039600000000000C9F20000010100008A7B030092
:10397000D439030000000000D1F300000201000070
:1039800046960300C83903000000000069F40000F7
:1039900003010000549F0300BC3903000000000035
:1039A000A9F200000200000000000000000000007A
:1039B000000000000000000000000000C40BD286E0
:1039C000415F03005B5F0300C40BD286625F0300AC
:1039D0007E5F0300C40BD286B75F0300CF5F030096
:1039E000C40BD286006003003260030019F50000AA
:1039F0002BA9020005A9020000000000B9F5000093
:103A00000000000021A702009060030097600300FF
:103A10003C3103000000000000000000203A0300D9
:103A2000E4620300E96203000000000069A90200EB
:103A300000000000F6620300FB62030000000000CB
:103A400071A902000000000000000000000000005A
:103A50000000000000000000000000002B670300D1
:103A600005670300703A030000000000000000003A
:103A7000743A0300798C0300B03A03006832030003
:103A8000E1FC000001010000A5AF03001567030081
:103A90006C3203007DFC000002000000000000000A
:103AA0000000000000000000000000000000000016
:103AB000C40BD2863267030063670300E0A00300F3
:103AC00020680300D03A030000000000000000005E
:103AD000D43A03004D8B03002E6803000000000061
:103AE00069FE0000000000003E6803004268030019
:103AF0000000000091FF0000000000000000000036
:103B000000000000000000000000000000000000B5
:103B1000C9690300D0690300243B0300D5FF0000FE
:103B200002020000283B030064BE0300926A030007
:103B3000000000008D00010005020000289C030029
:103B4000CA6A0300000000006D03010002010000CA
:103B50000000000000000000000000000000000065
:103B6000000000002F6B0300336B0300783B030061
:103B700000000000000000007C3B0300DA6B030043
:103B80005C6B030000000000550401000000000011
:103B90008A6B03009B6B03000000000045040100DA
:103BA00000000000D46B0300E26B03000000000083
:103BB00035040100000000000000000000000000CB
:103BC000000000000000000000000000654B002025
:103BD0001E00000021B60200CC300300A403002028
:103BE000E82F03000C3C030044390020640000006F
:103BF000F83B03000C390020681D00208000000005
:103C00000000000085A902000200000031B9020096
:103C10004C390020654B00201E0000009504010077
:103C2000D3A90200AFA90200F3A90200C1A90200B2
:103C300000000000606F0300176F03000000000029
:103C4000C511010001000000EBB70200C3B702007C
:103C500085B9020000000000000000000000000024
:103C600000000000157003001C700300000000003D
:103C7000891A010001000000467003004D70030026
:103C8000DC3C0300291B010001010000F27003006D
:103C9000FA70030000000000491A01000100000052
:103CA0000B71030011710300083D030000000000C8
:103CB00000000000377103003D71030000000000A8
:103CC000F51A0100010000004B7103004F71030061
:103CD0000000000051BB020000000000E03C0300B7
:103CE000727103007A71030000000000B519010031
:103CF00001000000000000000000000000000000C3
:103D000000000000000000000C3D0300BE71030035
:103D1000C771030000000000F51901000100000058
:103D2000E4710300F3710300AC3D030000000000E8
:103D300000000000A3720300AA720300EC3E03001F
:103D40000000000000000000C1720300C772030001
:103D5000AC3E03000000000000000000DE72030023
:103D6000E57203006C3E030000000000000000004C
:103D7000F4720300F97203002C3E0300A51A01003F
:103D8000010100000C73030012730300EC3D0300FB
:103D90000000000000000000000000000000000023
:103DA000000000000000000000000000B03D030023
:103DB000247303002E730300000000009DBB02006B
:103DC00001000000549F0300667303000000000020
:103DD00005BC02000100000000000000000000001F
:103DE000000000000000000000000000F03D0300A3
:103DF000299F03009D7303000000000055BB0200D3
:103E000001000000639F0300CB730300000000006B
:103E1000E1190100010000000000000000000000A6
:103E2000000000000000000000000000303E030021
:103E3000A86F0300F773030000000000EBBB020053
:103E400001000000DF6B0300367403000000000077
:103E500083BB020001000000000000000000000021
:103E6000000000000000000000000000703E0300A1
:103E7000A86F03004974030000000000391A010014
:103E800001000000DF6B0300597403000000000014
:103E900077BB0200010000000000000000000000ED
:103EA000000000000000000000000000B03E030021
:103EB000A86F03006874030000000000D1BB02007B
:103EC00001000000DF6B03008074030000000000AD
:103ED00039BC0200010000000000000000000000EA
:103EE000000000000000000000000000F03E0300A1
:103EF000A86F03009774030000000000B7BB020026
:103F000001000000DF6B0300AF740300000000003D
:103F10001FBC0200010000000000000000000000C3
:103F2000000000000000000000000000C853030073
:103F30003DD80200000000005AC303000000010049
:103F4000C4530300BBDA020000000000E4030020B9
:103F50000000010038C30300151E0100000000002E
:103F6000834B002000000100C05303000FD8020063
:103F7000F99B0100CC03002000000300BC530300A8
:103F8000BBDA020000000000C403002000000100B2
:103F900016C3030000000000D91D0100000000004E
:103FA00000000200E45303003DD8020000000000BE
:103FB00016C4030000000100E0530300BBDA020056
:103FC000000000000C04002000000100F4C3030006
:103FD000C5200100000000000000000000000100FA
:103FE000DC530300BBDA02000000000004040020E0
:103FF00000000100D2C30300C52001000000000042
:104000000100000000000100D8530300BBDA0200E9
:1040100000000000FC03002000000100B0C303000A
:10402000C5200100000000000200000000000100A7
:10403000D4530300BBDA020000000000F4030020A8
:10404000000001008EC30300C52001000000000035
:104050000300000000000100D0530300BBDA02009F
:1040600000000000EC030020000001006CC303000E
:1040700000000000E9210100000000000000020033
:10408000CC5303000FD80200F99B01001404002058
:104090000000030060000020000000000600010096
:1040A00002000000A840030000000000827C030022
:1040B00002000000E0CF1700000000208A7C03000F
:1040C00021000000E0FF032040040020DD38010053
:1040D0000000000013BF0200CC400300E8400300D2
:1040E000000100000000000060CA0020CC40030076
:1040F000FC4003002E00000000000000B0D70020AC
:10410000CC40030010410300020100000000000049
:1041100084D800206E8703008C870300A7870300E4
:10412000B7870300C4870300CD870300D48703004B
:10413000DB870300E2870300EA870300C4870300EC
:10414000F2870300B35D03000488030017880300AF
:104150000E030000495F01000F040000155F01001D
:104160001A01000059430100050400007D430100CD
:10417000130100006D4601003E01000039490100B5
:104180000112000065C302000A1E000073C3020092
:10419000FF010000D14A01003E010000B14A0100C8
:1041A00005040000C94301000C080000F1440100AF
:1041B000100100008544010001120000F9550100C2
:1041C0000A1E000051C40200030900004D4D010009
:1041D000040B0000E14C0100060A00004D5E0100E6
:1041E000070A00004D4401000C05000011440100C5
:1041F000CC40030000420300470000000000000024
:10420000A0D90020DB7503003C8C03005C8C03000C
:10421000508C0300678C03007E8C03008E8C03009F
:104220001C900300A28C0300CC4003003842030022
:1042300000000000000000001CDB0020CC40030058
:104240004C420300000100000000000044DB00209D
:104250009BC80200EDC80200000000000000000042
:104260000000000035800100000000000000000098
:1042700000000000000000000202010033CE020036
:1042800004040100E18A010006060100218A010000
:10429000080401000D8901000A0201001BCE020082
:1042A0000C04010003CE02000E040100E9870100A6
:1042B00020040100558701001004010065860100FB
:1042C0001202010085CD02001E00040035D202005A
:1042D00052020000ABCD020001040200299401004B
:1042E00003020200CBD1020005010200FDD1020051
:1042F000070402000DD202000901020011D20200DF
:104300000B00020015D202000D00020019D20200BB
:104310000F0002001DD202002102020021D2020081
:104320001101020025D202001300020029D202006E
:10433000170402002DD202001900020031D202003F
:104340001B020300F7CA02001D020500FD830100E5
:1043500023040300E5CA0200CC40030068430300C5
:104360000201000000000000BCDE00201454030025
:104370003DD80200000000001054030000000100BE
:104380000C540300BBDA020000000000DC05002032
:1043900000000100045403000000000000000000C1
:1043A0000000000000000000005403000FD80200CD
:1043B000F99B0100E405002000000300FC5303000A
:1043C000BBDA020000000000D4050020000001005C
:1043D000F453030075D80200559D01000000000051
:1043E00000000300F0530300BBDA020000000000ED
:1043F000CC05002000000100E8530300F9A20100F1
:1044000000000000000000000000010000000000AB
:10441000000000000000000000000000000000009C
:1044200059DE020000000000000000000000000053
:1044300000000000B79E0300BA9E03000E9903001F
:10444000C19E0300567E0300C59E0300584403002E
:104450007DC60100000000005C440300A5AF03001E
:10446000DE9E03000000000005C7010001020000FD
:10447000F99E03004268030000000000ABDE02006A
:10448000010000001F9C03004268030000000000C0
:10449000D9C5010001000000019F0300099F03002E
:1044A0000000000051C90100030100001C9F03002F
:1044B000349F0300000000007DCA010001010000DC
:1044C000269F03002F9F030000000000A9C80100E1
:1044D00002010000519F03005B9F030000000000E9
:1044E00081C5010002000000609F030042680300D4
:1044F0000000000015C5010001000000689F0300D6
:104500005B9F030000000000B1C401000200000036
:10451000AF830300729F03000000000071C401001C
:10452000010100004B9E03004268030000000000F0
:10453000A1C6010001000000799F0300839F0300D2
:1045400000000000FDCA01000208000036A00300C0
:1045500043A003000000000049C30100030600005F
:1045600099A00300A4A0030000000000BDC2010048
:10457000010200006B9F0300A4A0030000000000E4
:1045800045C2010003000000665B0300A4A0030015
:1045900000000000F1C0010001020000D9A00300EA
:1045A000E5A003000000000065C001000500000058
:1045B00005A1030011A103000000000029C80100AB
:1045C0000201000032A10300426803000000000065
:1045D00091C70100010000003771030036A10300FC
:1045E0000000000075BF0100020100000000000093
:1045F00000000000000000000000000000000000BB
:10460000B89603005BA70300144603001DDB0100FE
:104610000101000018460300B1A6030079A70300BA
:1046200000000000F1D9010001030000DEA6030034
:1046300079A7030000000000F1D901000103000088
:10464000F6A6030079A7030000000000F1D90100DD
:1046500001030000CDA6030079A7030000000000BD
:10466000F1D90100010300009CA7030079A7030012
:1046700000000000F1D9010001030000BAA6030008
:1046800079A7030000000000F1D901000103000038
:10469000ADA70300426803000000000075D90100C7
:1046A000010000008A7B0300BAA70300000000009D
:1046B000CDD8010002010000CCA70300D6A703005B
:1046C0000000000001D8010002020000F9A7030069
:1046D00007A803000000000039D7010002FF000016
:1046E00083A5030021A803000000000011D60100EB
:1046F0000302000045A8030084A803000000000096
:10470000E5D401000301000043A803004FA8030003
:1047100000000000F9D301000501000046960300E7
:10472000A6A8030000000000B9D1010004000000A9
:10473000BFA8030021A803000000000011D601005B
:104740000302000090A5030021A803000000000060
:1047500011D6010003020000D6A80300426803003E
:10476000000000005DD10100010000003E68030070
:10477000E2A803000000000039CF010002010000A0
:104780004D8B0300FEA8030000000000E1CE0100F5
:1047900002FF000011A9030019A903000000000096
:1047A00075CF0100010200002EA9030036A9030005
:1047B0000000000039CE01000100000000000000F0
:1047C00000000000000000000000000000000000E9
:1047D000E1DB0100B1DB010000000000E047030065
:1047E0000100000062A903002DDD0100ADDC010025
:1047F00068A90300E1DF0200DDDF02006EA903000B
:1048000004480300010000008AA903001000000012
:1048100001FF00007D01000000100000204803009F
:1048200001000000ABA903002C48030001000000B8
:10483000F3AA0300E823030000127A00000100003D
:1048400048230300050001000000000001000000F3
:104850000000000048230300000001000000800069
:104860008000000000000100C228170000000100C5
:1048700000000100120000000100000000FF000025
:1048800000A0105000820D50000405509048030015
:10489000010000000FAB03007F00000000A01050DB
:1048A000500400200000000000000000B048030099
:1048B0000100000020AB0300FFFF010000820D504B
:1048C000C80400200000000001000000D0480300E0
:1048D0000100000031AB0300FF0700000004055099
:1048E00000000000000000000200000000A01050C6
:1048F00000820D5000040550FC4803000100000038
:1049000042AB030000600C500000000000000000FB
:104910003049030000C201000000D6010000000081
:104920000000004000100000AD4E0020AC4E002002
:1049300000600C503C4903000100000044490300A2
:1049400004000000240000002600000225060001EB
:10495000270600035849030001000000A7AB03002D
:1049600049E702008449030035EC0100A449030033
:10497000D64E0020CE4E00200048E801FFFFFF0188
:104980000100000000A00450904903000100000055
:1049900098490300030000004100000442000005A4
:1049A00044000006482303000500010000A0105049
:1049B00000820D5000040550482303000900000048
:1049C000282303000A00000048230300070000001A
:1049D000282303000E000000282303000D0011000F
:1049E00028230300090011002823030008001100F8
:1049F0000823030004001100FC490300010000002B
:104A000053AF030071F8010083EB0200B1EB020029
:104A1000000000007A4B0000AAAF03000000000075
:104A2000AD540000BDAF030000000000D88A0000B4
:104A3000BDAF03000000000071DC0000BDAF03004B
:104A40000000000070DE0000CAAF0300000000009C
:104A5000D8E10000BDAF03005C4A03000100000084
:104A60007FB10300020C06000CD10300012A0000F4
:104A7000AFB0030093B103003D0B0200E10A020056
:104A8000C50A020001010000D84A0300020000002C
:104A9000C04A030003000000CC4A030004000000E9
:104AA000784A0300F50F0200C9100200310F02001E
:104AB000B5120200891202004912020071110200AF
:104AC0002D130200A1110200011302006117020060
:104AD000D116020051160200511D020033F80200E7
:104AE000D52D0200040000009441002028000000A1
:104AF0000100000018ED00E00C00000001000000C3
:104B000004E000E0100000000100000004ED00E0FF
:104B10000800000001000000FCED00E004000000BF
:104B20000100000000E100E024000000010000009E
:104B300000E200E0240000000100000000E300E0CB
:104B4000240000000100000000E400E0200100005B
:104B5000030000003B5200204800000009B503009C
:104B600026B503004EB503005EB503006BB5030028
:104B70008AB50300A8B50300BAB50300D6B5030093
:104B8000FAB503001FB6030028B603003BB60300C6
:104B900049B603005BB603006CB603007DB60300A4
:104BA00097B60300B1B60300CBB60300E1B603002D
:104BB000F7B603000AB703001FB7030033B70300BB
:104BC00041B7030055B703006DB703007AB7030080
:104BD0009BB70300B2B7030000000000FFFFFFFF18
:104BE000FFFFFFFFFFFFFFFF0100000002000000CA
:104BF000FFFFFFFFFFFFFFFFFFFFFFFFFFFFFFFFC5
:104C0000FFFFFFFFFFFFFFFFFFFFFFFFFFFFFFFFB4
:104C1000FFFFFFFFFFFFFFFFFFFFFFFFFFFFFFFFA4
:104C2000FFFFFFFFFFFFFFFFFFFFFFFFFFFFFFFF94
:104C300003000000FFFFFFFFFFFFFFFFFFFFFFFF7D
:104C4000FFFFFFFFFFFFFFFFFFFFFFFFFFFFFFFF74
:104C5000FFFFFFFF70420020000000000000000086
:104C60000200000000000000000000000000000042
:104C70000100000001000000000000000000000032
:104C80000000000000000000010000000200000021
:104C90000000000000000000000000000000000014
:104CA0000100000003000000000000000000000000
:104CB00000000000000000000100000004000000EF
:104CC00002000000000000000000000000000000E2
:104CD00001000000050000000200000000000000CC
:104CE00000000000000000000100000006000000BD
:104CF00000000000000000000000000000000000B4
:104D0000010000000700000000000000000000009B
:104D1000000000000000000001000000080000008A
:104D20000000000000000000000000000000000083
:104D30000100000009000000000000000000000069
:104D40000000000000000000010000000A00000058
:104D50000000000000000000000000000000000053
:104D6000010000000B000000000000000000000037
:104D70000000000000000000010000000C00000026
:104D80000000000000000000000000000000000023
:104D9000640000000D0000000000000000000000A2
:104DA0000000000000000000010000000E000000F4
:104DB00000000000000000000000000000000000F3
:104DC000010000000F0000000000000000000000D3
:104DD00000000000000000000100000010000000C2
:104DE00003000000000000000C00000000000000B4
:104DF00001000000110000000000000000000000A1
:104E0000000000000000000001000000120000008F
:104E10000000000000000000000000000000000092
:104E2000010000001300000000000000000000006E
:104E3000000000000000000001000000140000005D
:104E40000000000000000000000000000000000062
:104E5000010000001500000001000000000000003B
:104E6000000000000000000001000000160000002B
:104E70000200000000000000000000000000000030
:104E8000010000001700000000000000000000000A
:104E900000000000000000000100000018000000F9
:104EA0000100000000000000000000000000000001
:104EB0000A000000190000000000000000000000CF
:104EC0000000000000000000640000001A00000064
:104ED00000000000000000000000000000000000D2
:104EE000640000001B000000000000000000000043
:104EF0000000000000000000010000001C00000095
:104F000000000000000000000000000000000000A1
:104F1000010000001D000000000000000000000073
:104F20000000000000000000010000001E00000062
:104F30000000000000000000000000000000000071
:104F4000010000000A00000022B803000800000071
:104F50002CB80300038000003BB8030007000000EA
:104F60004AB803000580000059B80300050000009E
:104F70006BB80300029400007BB80300040000003B
:104F80008EB803000194000098B803000394000059
:104F90009FB8030007800000ACB803000594000030
:104FA000BAB8030002000000C3B803000494000074
:104FB000CEB8030000000000DDAF0300C8C103004D
:104FC000A3BC0300D04F030000000000000000005D
:104FD000D44F0300BABC0300C5BC030000000000AE
:104FE00015FE02000000000025BD0300DEBC03002A
:104FF00000000000552F0200000000002CBD03003F
:1050000035BD0300000000000DFE0200000000009E
:105010005DBD03006DBD03000000000005FE020041
:105020000000000088BD03009ABD030000000000DE
:10503000152F020000000000B5BD0300C4BD030031
:10504000000000005D2E020000000000DCBD030037
:10505000EFBD0300000000004D2E02000000000024
:105060001CBE03002ABE030000000000E52E020063
:10507000000000005CBE030069BE030000000000E9
:10508000A12E02000101000093BE030098BE0300A0
:10509000C45003000000000000000000E8BE030050
:1050A000F8BE030000000000692F020001010000AB
:1050B00000000000000000000000000000000000F0
:1050C00000000000C850030022BF030018BF030007
:1050D00000000000E5FD02000000000035BF0300F5
:1050E0002BBF030000000000D5FD020000000000FF
:1050F0003FBF030049BF030000000000C5FD0200E0
:10510000000000006BBF030076BF0300000000003A
:10511000B5FD02000000000096BF03008CBF030035
:10512000000000003D2E0200000000009BBF0300B5
:10513000A3BF0300000000002D2E020000000000AD
:10514000BBBF0300CABF030000000000192E02000D
:1051500000000000B4BF0300E3BF03000000000034
:10516000A5FD020000000000FBBF030004C0030017
:10517000000000009DFD02000000000027C00300A9
:1051800033C0030000000000052E020000000000F4
:105190007CC003004FC0030000000000E12D0200AE
:1051A0000000000078C0030083C00300000000007E
:1051B000F92F020000000000B8C00300C1C00300C6
:1051C00000000000D12F020000000000D5620300A3
:1051D000DAC003000000000089FD020000000000AA
:1051E0000FBB030008C10300000000008D2E020069
:1051F000000000003EC103004AC10300000000009F
:1052000081FD02000000000079C103007EC103009F
:105210000000000079FD020000000000D5B303008B
:105220009DC10300000000006D2E02000000000080
:10523000000000000000000000000000000000006E
:1052400000000000613002005530020029FE02001B
:1052500039300200000000000000000000000000E3
:105260002BFE0200F0460020A46400208000000015
:1052700054C203001900000059C203001A000000C4
:10528000000000000000000000A0105000820D503F
:1052900000040550080000000200000004000000A7
:1052A0000100000000A0105000820D5000040550C5
:1052B000E8210300F82103005022030058220300D4
:1052C000C8220300E822030059C2030000010000C5
:1052D0000000000067C203000100050091C2030046
:1052E000020007006DC203000400080076C203003C
:1052F000080004007BC203001000090085C20300FF
:10530000200008008EC2030040000A0099C203007A
:1053100080000600352003000001010000020200A9
:105320000014000000280000004000000100000000
:10533000020000000F00000010000000100000003C
:105340002000000010000000100000005053030077
:1053500011000000112800001108000001000000E9
:10536000000000280000272A0000272A0000032848
:105370000000262A0000262A000003280000292A0F
:105380000000292A0000032800000A180000002855
:105390000000042A0000042A000003280000012A5B
:1053A0000000012A000003280000002A0000002A53
:1053B0000000032800000018000000280000032857
:1053C0000000022900000328000000280000022934
:1053D0000000032800000328000003280000032821
:1053E000000003280000002800002A2B00002A2BC0
:1053F000000003280000292B0000292B00000328AF
:10540000000002290000052A0000052A00000328E8
:105410000000011800000028000021104220633025
:105420008440A550C660E770088129914AA16BB1FC
:105430008CC1ADD1CEE1EFF13112100273325222A4
:10544000B5529442F772D662399318837BB35AA34C
:10545000BDD39CC3FFF3DEE3622443342004011474
:10546000E664C774A44485546AA54BB5288509959C
:10547000EEE5CFF5ACC58DD5533672261116300644
:10548000D776F6669556B4465BB77AA719973887EC
:10549000DFF7FEE79DD7BCC7C448E5588668A77804
:1054A0004008611802282338CCC9EDD98EE9AFF93C
:1054B000488969990AA92BB9F55AD44AB77A966AE4
:1054C000711A500A333A122AFDDBDCCBBFFB9EEB8C
:1054D000799B588B3BBB1AABA66C877CE44CC55CB4
:1054E000222C033C600C411CAEED8FFDECCDCDDDDC
:1054F0002AAD0BBD688D499D977EB66ED55EF44E84
:10550000133E322E511E700E9FFFBEEFDDDFFCCF2B
:105510001BBF3AAF599F788F8891A981CAB1EBA17F
:105520000CD12DC14EF16FE18010A100C230E320FB
:105530000450254046706760B9839893FBA3DAB3A3
:105540003DC31CD37FE35EF3B1029012F322D2324B
:105550003542145277625672EAB5CBA5A895898573
:105560006EF54FE52CD50DC5E234C324A01481049B
:105570006674476424540544DBA7FAB79987B89743
:105580005FE77EF71DC73CD7D326F2369106B016EB
:1055900057667676154634564CD96DC90EF92FE903
:1055A000C899E9898AB9ABA944586548067827683B
:1055B000C018E1088238A3287DCB5CDB3FEB1EFBE3
:1055C000F98BD89BBBAB9ABB754A545A376A167A8B
:1055D000F10AD01AB32A923A2EFD0FED6CDD4DCDB3
:1055E000AABD8BADE89DC98D267C076C645C454CDB
:1055F000A23C832CE01CC10C1FEF3EFF5DCF7CDF83
:105600009BAFBABFD98FF89F176E367E554E745E2A
:10561000932EB23ED10EF01E05940B8008800880B8
:1056200000940094009400940094009400940094DA
:1056300000940094009400920092009200920092D4
:1056400000920091009100910091009100910091D1
:105650000093009300930B800093009300930093BA
:10566000029402940294029402940294029402948A
:10567000446973636F6E6E65637465642C20726534
:1056800061736F6E203078253032782025730A00E0
:105690004164766572746973696E67206661696CCE
:1056A000656420746F20737461727420286572724F
:1056B000202564290A004164766572746973696EF5
:1056C00067207375636365737366756C6C7920739B
:1056D0007461727465640A00436F6E6E6563746909
:1056E0006F6E206661696C65642C20657272203073
:1056F00078253032782025730A00436F6E6E65631B
:105700007465640A00437261736820627574746F13
:105710006E207072657373656420E2809420666FFA
:105720007263696E672061206661756C7420666FB4
:105730007220746865204D656D6661756C742064B7
:10574000656D6F0A005374617274696E67207175BC
:1057500069636B73746172742D626C7565746F6FBD
:10576000746820284C4253202B204D656D6661756E
:105770006C742F4D4453290A004C45447320696EC4
:105780006974206661696C656420286572722025E1
:1057900064290A00427574746F6E7320696E6974AF
:1057A000206661696C656420286572722025642911
:1057B0000A004D44532063616C6C6261636B20721C
:1057C0006567697374726174696F6E206661696C74
:1057D00065642028657272202564290A00426C7570
:1057E00065746F6F746820696E6974206661696C96
:1057F00065642028657272202564290A00426C7550
:1058000065746F6F746820696E697469616C697A18
:1058100065640A006D656D6661756C742F70726FDA
:105820006A6563745F6B657900356B3450615975D7
:10583000423161397748716B756754666575596295
:10584000414E53346C364A7048004661696C656459
:1058500020746F207365742064656661756C7420B4
:105860004D656D6661756C742070726F6A656374E6
:10587000206B65792028657272202564290A00460C
:1058800061696C656420746F20696E6974204C4294
:10589000532028657272202564290A0068656170AA
:1058A00020636F7272757074696F6E20286E6F74EA
:1058B00020696E207573653F292061742025700072
:1058C0006865617020636F7272757074696F6E20A5
:1058D00028627566666572206F766572666C6F7792
:1058E0003F29206174202570006865617020636F16
:1058F0007272757074696F6E2028646F75626C6562
:1059000020667265653F29206174202570006F73E1
:105910005F686561700028756E7369676E656429DC
:105920002063686172202A207573656420666F7237
:105930002025257020617267756D656E742E204973
:10594000742773207265636F6D6D656E6465642086
:10595000746F206361737420697420746F20766F94
:105960006964202A2062656361757365206974200B
:105970006D6179206361757365206D697362656817
:105980006176696F7220696E206365727461696EF9
:1059900020636F6E66696775726174696F6E732ECE
:1059A00020537472696E673A2225732220617267F0
:1059B000756D656E743A25640063627072696E7409
:1059C000665F7061636B616765004661696C656401
:1059D00020746F207265626F6F743A207370696E05
:1059E0006E696E6720656E646C6573736C792E2EBC
:1059F0002E0A007379735F6765746F7074002530C9
:105A000032782530327825303278253032782D259D
:105A1000303278253032782D253032782530327882
:105A20002D25303278253032782D253032782530CA
:105A3000327825303278253032782530327825306A
:105A40003278007468726561645F616E616C797A46
:105A50006572004661696C757265207768696C656E
:105A60002065726173696E67207468652073656371
:105A7000746F72206174206F66667365742030786D
:105A8000256C78005A4D532056657273696F6E20ED
:105A90006973206E6F7420737570706F72746564B3
:105AA000004E6F2076616C696420656D707479209A
:105AB00041544520666F756E6420696E2074686578
:105AC000206C61737420736563746F7200474320A8
:105AD000446F6E65206D61726B657220666F756EC6
:105AE00064004E6F20474320446F6E65206D6172E5
:105AF0006B657220666F756E643A207265737461AF
:105B00007274696E6720676300496E76616C6964C0
:105B100020667300436F756C64206E6F74206F6233
:105B20007461696E20666C61736820706172616D6A
:105B3000657465727300556E737570706F727465FD
:105B40006420777269746520626C6F636B2073697F
:105B50007A6500556E61626C6520746F20676574AC
:105B6000207061676520696E666F00496E76616CB2
:105B7000696420736563746F722073697A65004984
:105B80006E76616C696420736563746F72207369EB
:105B90007A652C2073686F756C642062652061746F
:105BA000206C6561737420257A7500436F6E666999
:105BB0006775726174696F6E206572726F72202DE5
:105BC00020736563746F7220636F756E74206265F5
:105BD0006C6F77206D696E696D756D20726571757A
:105BE0006972656D656E7420283229005A4D532004
:105BF000696E6974206661696C6564202825642972
:105C00002C20776970696E6720706172746974699D
:105C10006F6E00257520536563746F7273206F6615
:105C200020257520627974657300616C6C6F632048
:105C30007772613A20256C6C752C20256C6C78008D
:105C400064617461207772613A20256C6C752C2038
:105C5000256C6C78007A6D73206E6F7420696E69A4
:105C60007469616C697A6564004661696C65642079
:105C7000746F20636C6F736520746865207365634F
:105C8000746F722C2072657475726E6564203D208D
:105C90002564004761726261676520636F6C6C65A3
:105CA0006374696F6E206661696C65642C2072652F
:105CB0007475726E6564203D2025640066735F7A9A
:105CC0006D73006C6F6767696E67006C6F67006C5F
:105CD0006F675F6D676D74004D65737361676520F5
:105CE0002822257322292064726F707065642062F7
:105CF00065636175736520697420657863656564A3
:105D0000732073697A65206C696D69746174696F59
:105D10006E2028257529004D6573736167652064C1
:105D2000726F707065642062656361757365206968
:105D30007420657863656564732073697A65206C87
:105D4000696D69746174696F6E2028257529000D6D
:105D50000A001B5B306D005B2530386C755D2000E0
:105D60005B253032753A253032753A253032752E42
:105D7000253033752C253033755D20003C25733E6E
:105D8000200025732F0025733A200025303278201B
:105D900000202020007C001B5B313B33316D001B59
:105DA0005B313B33336D0077726E00696E66006461
:105DB0006267004E6F726469632053656D69636F3B
:105DC0006E647563746F7200312E312E312B30008A
:105DD0006E726635346C31350062745F64697300CD
:105DE0007365742D76616C7565206661696C75727A
:105DF000652E206B65793A202573206572726F726B
:105E000028256429004661696C656420746F2064EC
:105E1000656C6574652073657474696E673A2025D6
:105E2000640A004661696C656420746F206C6F6160
:105E3000642073657474696E67733A2025640A0080
:105E40004661696C656420746F20726561642076B8
:105E5000616C75653A2025640A0056616C75652091
:105E6000697320656D7074790A0056616C756520E0
:105E70006973206E6F74206120737472696E670A93
:105E800000252E2A730A0028546865206F757470E7
:105E9000757420686173206265656E207472756E1A
:105EA0006361746564290A0025732F25730A0073E2
:105EB0007472696E670068657800496E76616C6916
:105EC0006420747970653A2025730A004661696C14
:105ED000656420746F206C6F6164207365747469ED
:105EE0006E673A2025640A0053657474696E6720F2
:105EF0006E6F7420666F756E640A004661696C652A
:105F00006420746F2070617273652076616C7565B2
:105F10000A004661696C656420746F207772697449
:105F2000652073657474696E673A2025640A0053AE
:105F3000657474696E677320636F6D6D616E6473F1
:105F40000044656C657465206120737065636966E3
:105F500069632073657474696E67003C6E616D657A
:105F60003E00577269746520746F206120737065FC
:105F700063696669632073657474696E67005B7436
:105F80007970655D203C6E616D653E203C76616C8C
:105F900075653E0A747970653A20737472696E672C
:105FA000206F7220686578202864656661756C745E
:105FB0003A20686578290052656164206120737019
:105FC0006563696669632073657474696E67005BF5
:105FD000747970655D203C6E616D653E0A74797000
:105FE000653A20737472696E67206F7220686578F5
:105FF000202864656661756C743A206865782900AC
:106000004C69737420616C6C2073657474696E677D
:106010007320696E20612073756274726565202833
:106020006F6D697420746F206C69737420616C6C7F
:1060300029005B737562747265655D004D617869F6
:106040006D756D206861736820636F6C6C6973692E
:106050006F6E732072656163686564004C696E6B76
:106060006564206C69737420666F72206861736860
:1060700065732069732062726F6B656E2C20547299
:1060800079696E6720746F207265636F7665720040
:106090006B65726E656C004B65726E656C20636F2C
:1060A0006D6D616E6473006379636C65733A20256E
:1060B00075206877206379636C65730A0063796380
:1060C0006C6573004B65726E656C206379636C65FB
:1060D000732E00556E61626C6520746F2070617262
:1060E000736520696E70757420286572722025644E
:1060F000290A00736C65657000557074696D653AA6
:1061000020256C6C75206D730A002D70002D2D708C
:10611000726574747900556E737570706F72746502
:1061200064206F7074696F6E3A2025730A00757071
:1061300074696D653A20256C6C7520646179732CE7
:1061400020256C6C7520686F7572732C20256C6C23
:1061500075206D696E757465732C20256C6C7520C7
:106160007365636F6E64732C20256C6C75206D698C
:106170006C6C697365636F6E64730A007570746923
:106180006D65004B65726E656C20757074696D6528
:106190002E2043616E2062652063616C6C65642013
:1061A0007769746820746865202D70206F72202DC7
:1061B0002D707265747479206F7074696F6E7300DE
:1061C000342E342E30005A657068797220766572EC
:1061D00073696F6E2025730A004B65726E656C20C3
:1061E00076657273696F6E2E005468697320636FF1
:1061F0006D6D616E642069732064657072656361A2
:10620000746564206173206974206973206120645F
:1062100075706C69636174652E2055736520276CF9
:106220006F6720656E61626C652720636F6D6D61BD
:106230006E642066726F6D206C6F6767696E672091
:10624000636F6D6D616E6473207365742E0A005503
:106250006E61626C6520746F207061727365206C72
:106260006F6720736576657269747920286572722C
:10627000202564290A00496E76616C6964206C6F80
:1062800067206C6576656C3A2025640A00556E615E
:10629000626C6520746F2066696E64206C6F672085
:1062A000736F757263653A2025730A006C6F675FC0
:1062B0006C6576656C003C6D6F64756C65206E6115
:1062C0006D653E203C73657665726974792028306F
:1062D0002D34293E007265626F6F74005265626FE3
:1062E0006F742E00636F6C6400436F6C6420726582
:1062F000626F6F742E007761726D005761726D204E
:106300007265626F6F742E00746872656164004B11
:1063100065726E656C20746872656164732E0053DB
:1063200063686564756C65723A2025752073696EC3
:106330006365206C6173742063616C6C0A0054683F
:1063400072656164733A0A004E410025732570201E
:10635000252D3130730A00096F7074696F6E733ABE
:1063600020307825782C207072696F726974793AC0
:106370002025642074696D656F75743A20256C6CF6
:10638000640A000973746174653A2025732C2065D2
:106390006E7472793A2025700A0009546F74616C2A
:1063A00020657865637574696F6E206379636C65C9
:1063B000733A20257520282575202525290A0009EE
:1063C000546F74616C20657865637574696F6E20B5
:1063D0006379636C65733A203F20283F2025252987
:1063E0000A00556E61626C6520746F206465746587
:1063F000726D696E6520756E757365642073746166
:10640000636B2073697A6520282564290A0A0009CC
:10641000737461636B2073697A6520257A752C200B
:10642000756E7573656420257A752C2075736167A8
:106430006520257A75202F20257A7520282575203E
:106440002525290A0A004C697374206B65726E65F4
:106450006C20746872656164732E00257020495247
:10646000512025303264202573287265616C2073B9
:10647000697A652025347A75293A09756E757365D0
:10648000642025347A750975736167652025347A2F
:1064900075202F2025347A75202825327A752025FD
:1064A00025290A00257020252D3332732028726596
:1064B000616C2073697A652025347A75293A0975EB
:1064C0006E757365642025347A7509757361676527
:1064D0002025347A75202F2025347A7520282532FE
:1064E00075202525290A00737461636B73004C695C
:1064F0007374207468726561647320737461636B74
:106500002075736167652E00546872656164204967
:1065100044202570206973206E6F742076616C6949
:10652000640A004572726F723A5368656C6C20742D
:1065300068726561642063616E6E6F7420626520AD
:1065400073757370656E6465640A00546872656182
:10655000642025702073757370656E6465640A002D
:1065600073757370656E64006B65726E656C207414
:1065700068726561642073757370656E64203C7425
:1065800068726561645F69643E004572726F723A59
:106590005368656C6C207468726561642063616E19
:1065A0006E6F7420626520726573756D65640A0094
:1065B00054687265616420257020726573756D651D
:1065C000640A00726573756D65006B65726E656C4B
:1065D0002074687265616420726573756D65203C16
:1065E0007468726561645F69643E004572726F72BF
:1065F0003A5368656C6C20746872656164206361ED
:106600006E6E6F74206265206B696C6C65640A0045
:106610000A20546872656164202570206B696C6C77
:1066200065640A006B696C6C006B65726E656C204A
:10663000746872656164206B696C6C203C7468726C
:106640006561645F69643E004465766963652075D1
:106650006E6B6E6F776E20282573290A004465766D
:1066600069636520257320697320616C72656164BC
:106670007920696E697469616C697A65640A00449D
:10668000657669636520257320696E697469616C3C
:10669000697A6174696F6E206661696C65642077E0
:1066A000697468206572723D25640A0044657669E4
:1066B000636520257320696E697469616C697A6508
:1066C00064207375636365737366756C6C790A0017
:1066D00052454144590044495341424C45440064A9
:1066E0006576696365733A0A005B25705D002D204D
:1066F00025730020204454206E6F6465206C616215
:10670000656C733A0044657669636520636F6D6DEF
:10671000616E6473004D616E75616C6C7920696E99
:10672000697469616C697A65206120646576696362
:1067300065004C69737420636F6E66696775726576
:106740006420646576696365732C207769746820BA
:10675000616E206F7074696F6E616C2066696C7415
:106760006572005B3C6465766963652066696C747C
:1067700065723E5D00496E76616C696420686F7574
:10678000720A00496E76616C6964206D696E757479
:10679000650A00496E76616C6964207365636F6E8B
:1067A000640A00496E76616C6964206D6F6E74686E
:1067B0000A00496E76616C6964206461790A00465A
:1067C00061696C656420746F2063616C63756C61D2
:1067D0007465207365636F6E64732073696E63659F
:1067E0002045706F63680A00436F756C64206E6F9C
:1067F000742073657420646174652025640A002523
:10680000642D253032752D253032752025303275B6
:106810003A253032753A25303275205554430A00F6
:106820004461746520636F6D6D616E6473005B59C4
:106830002D6D2D645D203C483A4D3A533E0067650E
:1068400074005B6E6F6E655D005573696E672064E2
:106850006174612077696474682025640A00496E58
:10686000636F727265637420646174612077696418
:1068700074680A00526561642076616C7565203029
:1068800078256C6C780A0057726974696E67207697
:10689000616C7565203078256C6C780A00696E76BD
:1068A000616C6964206164647220272573270A0083
:1068B000696E76616C69642073697A652027257337
:1068C000270A00696E76616C696420776964746870
:1068D00020272573270A00613A733A773A00272D5B
:1068E00061203C616464726573733E272069732084
:1068F0006D616E6461746F72790A00272D73203C9C
:1069000073697A653E27206973206D616E646174D6
:106910006F72790A00496E636F72726563742064E6
:106920006174612077696474683A2025750A00648F
:1069300065766D656D206C6F616420737570706F26
:106940007274732073657474696E67206279706104
:106950007373206F6E20612073696E676C652069A8
:106960006E7374616E63652E0A004C6F6164696EAC
:10697000672E2E2E0A7072657373206374726C2DED
:1069800078206374726C2D7120746F20657363615D
:1069900070650A004E756D626572206F66206279BF
:1069A00074657320726561643A2025640A002D2D98
:1069B000002D6500556E6B6E6F776E206F70746979
:1069C0006F6E20222573220A006465766D656D0066
:1069D000526561642F777269746520706879736994
:1069E00063616C206D656D6F72790A5573616765BF
:1069F0003A0A52656164206D656D6F727920617429
:106A000020616464726573732077697468206F70A5
:106A100074696F6E616C2077696474683A0A6465A2
:106A2000766D656D203C616464726573733E205BB6
:106A30003C77696474683E5D0A5772697465206DBD
:106A4000656D6F727920617420616464726573731F
:106A50002077697468206D616E6461746F7279204B
:106A6000776964746820616E642076616C75653A3C
:106A70000A6465766D656D203C616464726573734C
:106A80003E203C77696474683E203C76616C756595
:106A90003E0055736167653A0A6465766D656D20E1
:106AA00064756D70202D61203C6164647265737340
:106AB0003E202D73203C73697A653E205B2D772044
:106AC0003C77696474683E5D0A0055736167653A96
:106AD0000A6465766D656D206C6F6164205B6F7014
:106AE00074696F6E735D205B616464726573735D5E
:106AF0000A4F7074696F6E733A0A2D65096C697478
:106B0000746C652D656E6469616E20706172736569
:106B1000003634336265396664346332330A0031D7
:106B20002E312E312B300A00312E312E310A0061E8
:106B30007070004170706C69636174696F6E20766B
:106B4000657273696F6E20696E666F726D617469CC
:106B50006F6E20636F6D6D616E6473004170706C59
:106B600069636174696F6E2076657273696F6E2EEA
:106B7000202865782E2022312E322E332D756E730B
:106B80007461626C652E3522290076657273696FB7
:106B90006E2D657874656E646564004170706C6913
:106BA000636174696F6E2076657273696F6E2065BC
:106BB0007874656E6465642E202865782E202231F5
:106BC0002E322E332D756E737461626C652E352BEB
:106BD000342229006275696C642D76657273696F61
:106BE0006E004170706C69636174696F6E206275CC
:106BF000696C642076657273696F6E2E20286578E3
:106C00002E202276332E332E302D31382D673263ED
:106C10003835643932323466636122290052582093
:106C200072696E67206275666665722066756C6C47
:106C30002E007368656C6C2E7368656C6C5F756193
:106C4000727400756172743A7E2420007368656CFA
:106C50006C5F756172745F6261636B656E64005333
:106C60007562636F6D6D616E64733A0A006E6F7466
:106C7000207465726D696E617465643A2025630ADB
:106C800000506C6561736520737065636966792077
:106C90006120737562636F6D6D616E642E0A0045CD
:106CA00072726F723A2072657175657374656420D3
:106CB0006D756C7469706C652066756E6374696F50
:106CC0006E20657865637574696F6E730A003A208B
:106CD000636F6D6D616E64206E6F7420666F756E8C
:106CE0006400546F6F206D616E7920617267756DFD
:106CF000656E747320696E2074686520636F6D6DB6
:106D0000616E642E0A0025733A2077726F6E6720D9
:106D1000706172616D6574657220636F756E740A5F
:106D2000005741524E494E473A2041207072696ED9
:106D30007420726571756573742077617320646562
:106D4000746563746564206F6E206E6F7420616378
:106D500074697665207368656C6C206261636B652D
:106D60006E642E0A000A2573257300506C656173EA
:106D70006520707265737320746865203C5461628D
:106D80003E20627574746F6E20746F207365652089
:106D9000616C6C20617661696C61626C6520636F07
:106DA0006D6D616E64732E0A00596F752063616E9C
:106DB00020616C736F2075736520746865203C5486
:106DC00061623E20627574746F6E20746F20707201
:106DD0006F6D7074206F72206175746F2D636F6DAD
:106DE000706C65746520616C6C20636F6D6D616E95
:106DF0006473206F722069747320737562636F6DA2
:106E00006D616E64732E0A00596F752063616E2088
:106E100074727920746F2063616C6C20636F6D6D88
:106E2000616E64732077697468203C2D683E206F22
:106E300072203C2D2D68656C703E20706172616D12
:106E40006574657220666F72206D6F726520696E61
:106E5000666F726D6174696F6E2E0A000A53686501
:106E60006C6C20737570706F72747320666F6C6CCD
:106E70006F77696E67206D6574612D6B6579733A04
:106E80000A20204374726C202B202861206B6579C6
:106E90002066726F6D3A206162636465666B6C6E2A
:106EA00070747577290A2020416C7420202B2028CB
:106EB00061206B65792066726F6D3A206266290ADF
:106EC000506C6561736520726566657220746F2011
:106ED0007368656C6C20646F63756D656E74617446
:106EE000696F6E20666F72206D6F726520646574C5
:106EF00061696C732E0A000A417661696C61626C8B
:106F00006520636F6D6D616E64733A0A00253038D9
:106F1000583A20007C0A005072696E7473207468BD
:106F2000652068656C70206D6573736167652E0000
:106F30001B5B25642563001B5B313B3325646D00BF
:106F40001B5B34303325646D0055736167653A20EF
:106F5000257320002573252D2A73002D68002D2D03
:106F600068656C70004C6F7374206C6F67733A20A7
:106F7000256C750A00416374697665207368656CD9
:106F80006C206261636B656E64733A0A0020202591
:106F900032642E203A257320282573290A005B25A8
:106FA00033645D2025730A006F66660020756E6B82
:106FB0006E6F776E20706172616D657465723A20D4
:106FC0000025733A257325730A004563686F2073A3
:106FD00074617475733A2025730A004E6F207265D0
:106FE00073706F6E73652066726F6D2074686520B4
:106FF0007465726D696E616C2C20617373756D655B
:10700000642038307832342073637265656E207383
:10701000697A650A0072657476616C005072696EF7
:10702000742072657475726E2076616C7565206F60
:1070300066206D6F737420726563656E7420636F74
:107040006D6D616E6400726573697A6500436F6E81
:10705000736F6C652067657473207465726D696EFB
:10706000616C2073637265656E2073697A65206F49
:107070007220617373756D65732064656661756CEC
:107080007420696E20636173652074686520726581
:1070900061646F7574206661696C732E2049742079
:1070A0006D757374206265206578656375746564B9
:1070B0002061667465722065616368207465726D15
:1070C000696E616C207769647468206368616E67BB
:1070D0006520746F20656E7375726520636F7272C0
:1070E000656374207465787420646973706C617969
:1070F0002E00686973746F727900436F6D6D616EF5
:107100006420686973746F72792E007368656C6CA3
:107110000055736566756C2C206E6F7420556E6912
:10712000782D6C696B65207368656C6C20636F6D7E
:107130006D616E64732E00636C65617200436C65F3
:1071400061722073637265656E2E0072656D004911
:10715000676E6F7265206C696E6573206265676922
:107160006E6E696E672077697468202772656D207E
:10717000270064656661756C7400417373756D6595
:107180002038302063686172732073637265656EA6
:1071900020776964746820616E642073656E642072
:1071A000746869732073657474696E6720746F20E6
:1071B000746865207465726D696E616C2E00626121
:1071C000636B656E6473004C6973742061637469EA
:1071D0007665207368656C6C206261636B656E64B4
:1071E000732E0A006261636B73706163655F6D6F1C
:1071F000646500546F67676C65206261636B7370D0
:10720000616365206B6579206D6F64652E0A536F2D
:107210006D65207465726D696E616C732061726555
:10722000206E6F742073656E64696E67207365707D
:1072300061726174652065736361706520636F645A
:107240006520666F72206261636B73706163652095
:10725000616E642064656C65746520627574746F1A
:107260006E2E205468697320636F6D6D616E6420AB
:10727000666F72636573207368656C6C20746F2031
:10728000696E746572707265742064656C6574658E
:10729000206B6579206173206261636B7370616339
:1072A000652E00636F6C6F727300546F67676C6557
:1072B00020636F6C6F7265642073796E7461782ED1
:1072C00000767431303000546F67676C65207674D7
:1072D00031303020636F6D6D616E64732E0070729B
:1072E0006F6D707400546F67676C652070726F6D9E
:1072F00070742E006563686F00546F67676C65205B
:107300007368656C6C206563686F2E0073746174BC
:1073100073005368656C6C2073746174697374696D
:1073200063732E006261636B737061636500536504
:107330007420646966666572656E74206573636146
:10734000706520636F646520666F72206261636B95
:10735000737061636520616E642064656C6574653B
:10736000206B65792E005365742074686520736105
:107370006D652065736361706520636F6465206669
:107380006F72206261636B737061636520616E640C
:107390002064656C657465206B65792E0052657399
:1073A0006574207368656C6C2073746174697374A0
:1073B00069637320666F7220746865204C6F67671D
:1073C0006572206D6F64756C652E0047657420735F
:1073D00068656C6C2073746174697374696373207D
:1073E000666F7220746865204C6F67676572206DE8
:1073F0006F64756C652E0044697361626C652073FF
:1074000068656C6C206563686F2E204564697469DB
:107410006E67206B65797320616E64206D657461A1
:107420002D6B65797320617265206E6F74206861C1
:107430006E646C656400456E61626C65207368659E
:107440006C6C206563686F2E0044697361626C65C3
:107450002070726F6D70742E00456E61626C6520D5
:1074600070726F6D70742E0044697361626C652078
:10747000767431303020636F6D6D616E64732E00F1
:10748000456E61626C6520767431303020636F6DBB
:107490006D616E64732E0044697361626C65206374
:1074A0006F6C6F7265642073796E7461782E00451D
:1074B0006E61626C6520636F6C6F726564207379B6
:1074C0006E7461782E00436F6D6D616E642062751D
:1074D0006666657220697320746F6F2073686F72BF
:1074E0007420746F20657870616E6420616C6C200C
:1074F000636F6D6D616E6473206D61746368696E36
:10750000672077696C64636172642070617474656C
:10751000726E3A2025730A002A2A2A20426F6F745D
:10752000696E6720517569636B7374617274204270
:107530006C7565746F6F74682076312E312E312D25
:10754000363433626539666434633233202A2A2A3A
:107550000A002A2A2A205573696E67206E52462037
:10756000436F6E6E6563742053444B2076332E3424
:107570002E39392D34306538353061373530373173
:10758000202A2A2A0A002A2A2A205573696E67208F
:107590005A6570687972204F532076342E342E301D
:1075A0002D353939363962323836613135202A2A5B
:1075B0002A0A0062745F6C6273004D545520766134
:1075C0006C756520746F6F206C6F773A202564208E
:1075D0006F72206C696E6B20697320646973636FCE
:1075E0006E6E65637465640043616E6E6F742061D6
:1075F0006C6C6F6361746520706C61636520666F8D
:1076000072206D656D6661756C74206368756E6B54
:107610002064617461004661696C656420746F2048
:1076200073656E64204D656D6661756C7420646968
:1076300061676E6F73746963206368756E6B2C206D
:1076400065727220256400546F6F206C6F6E672026
:107650005552490068747470733A2F2F6368756EC1
:107660006B732D6E72662E6D656D6661756C742E12
:10767000636F6D2F6170692F76302F6368756E6B45
:10768000732F004D656D6661756C742D50726F6A55
:107690006563742D4B65793A2573004D445320443E
:1076A000617461204578706F727420696E76616CC8
:1076B0006964207772697465206F6666736574000B
:1076C0004D44532044617461204578706F7274207A
:1076D000696E76616C696420617474726962757434
:1076E00065206C656E677468004D44532044617476
:1076F00061204578706F7274206368617261637491
:107700006572697374696320777269746520696E44
:1077100076616C69642076616C7565004D656D6697
:1077200061756C742044617461204578706F727467
:107730002063686172616374657269737469632040
:10774000697320616C72656164792073756273631B
:107750007269626564006D64730072302F61313A42
:107760002020307825303878202072312F61323A4D
:107770002020307825303878202072322F61333A3B
:1077800020203078253038780072332F61343A2049
:1077900020307825303878207231322F69703A20C5
:1077A00020307825303878207231342F6C723A20AE
:1077B000203078253038780020787073723A202095
:1077C0003078253038780072342F76313A202030E6
:1077D0007825303878202072352F76323A202030C4
:1077E0007825303878202072362F76333A202030B2
:1077F00078253038780072372F76343A2020307868
:1078000025303878202072382F76353A202030788D
:1078100025303878202072392F76363A202030787B
:1078200025303878007231302F76373A203078257D
:1078300030387820207231312F76383A2030782550
:10784000303878202020207073703A20203078253E
:10785000303878004558435F52455455524E3A20CF
:107860003078253078004661756C74696E672069E0
:107870006E737472756374696F6E2061646472658F
:10788000737320287231352F7063293A20307825A0
:1078900030387800556E68616E646C6564204952BA
:1078A000516E3A202564002A2A2A2A2A205553415B
:1078B0004745204641554C54202A2A2A2A2A00208E
:1078C000204469766973696F6E206279207A6572E7
:1078D0006F002020556E616C69676E6564206D6570
:1078E0006D6F727920616363657373002020537438
:1078F00061636B206F766572666C6F772028636FAB
:107900006E746578742061726561206E6F74207684
:10791000616C6964290020204E6F20636F70726F64
:10792000636573736F7220696E73747275637469C3
:107930006F6E73002020496C6C6567616C206C6F02
:107940006164206F66204558435F52455455524E3E
:1079500020696E746F205043002020496C6C65676D
:10796000616C20757365206F6620746865204550D2
:107970005352002020417474656D707420746F2020
:107980006578656375746520756E646566696E6596
:107990006420696E737472756374696F6E002A2A4D
:1079A0002A2A2A204D5055204641554C54202A2A37
:1079B0002A2A2A002020537461636B696E67206550
:1079C00072726F722028636F6E74657874206172B2
:1079D0006561206D69676874206265206E6F742030
:1079E00076616C696429002020556E737461636B45
:1079F000696E67206572726F720020204461746145
:107A0000204163636573732056696F6C6174696F9D
:107A10006E0020204D4D46415220416464726573D2
:107A2000733A2030782578002020496E737472757F
:107A30006374696F6E204163636573732056696F69
:107A40006C6174696F6E002020466C6F6174696EA2
:107A5000672D706F696E74206C617A792073746120
:107A6000746520707265736572766174696F6E20DB
:107A70006572726F72002A2A2A2A2A2042555320E0
:107A80004641554C54202A2A2A2A2A002020537481
:107A900061636B696E67206572726F72002020509F
:107AA0007265636973652064617461206275732017
:107AB0006572726F72002020424641522041646418
:107AC000726573733A2030782578002020496D70F4
:107AD00072656369736520646174612062757320E7
:107AE0006572726F72002020496E737472756374D0
:107AF000696F6E20627573206572726F72005265D5
:107B000073657276656420457863657074696F6E1D
:107B100020280053707572696F757320696E7465E3
:107B20007272757074202849525120005350534589
:107B30004C20696E20746872656164206D6F6465A5
:107B400020646F6573206E6F7420696E6469636171
:107B5000746520505350002A2A2A2A2A204841526C
:107B600044204641554C54202A2A2A2A2A00202003
:107B7000427573206661756C74206F6E2076656344
:107B8000746F72207461626C65207265616400209C
:107B9000204465627567206576656E740020204616
:107BA00061756C7420657363616C6174696F6E20BC
:107BB000287365652062656C6F77290041524348E0
:107BC0005F45584345505420776974682072656159
:107BD000736F6E2025780A002A2A2A2A2A204465F3
:107BE000627567206D6F6E69746F7220657863656A
:107BF0007074696F6E202A2A2A2A2A002A2A2A2AC1
:107C00002A20257320256429202A2A2A2A2A006D61
:107C10007075004661696C656420746F20616C6CDE
:107C20006F63617465206E6577204D5055207265D5
:107C300067696F6E2025750A0050617274697469F6
:107C40006F6E2025753A20636F686572656E636597
:107C500020636865636B206661696C65642E00490A
:107C60006E76616C696420756E6465726C79696E9C
:107C70006720726567696F6E20696E64657820257C
:107C80007500464C4153485F30005352414D5F30C0
:107C90000065786974006E65745F627566006E6574
:107CA000745F6275665F73696D706C6500736F6396
:107CB000007075626C69630072616E646F6D007054
:107CC00075626C69632D69640072616E646F6D2DFD
:107CD000696400253032583A253032583A2530321E
:107CE000583A253032583A253032583A25303258F1
:107CF000202825732900496E737566666963696576
:107D00006E74206E756D626572206F662061726799
:107D1000756D656E74730049676E6F72696E67206A
:107D20006964656E7469746965732073746F7265D4
:107D30006420696E20666C61736800496E76616CC0
:107D40006964206C656E67746820494420616464CE
:107D50007265737320696E2073746F72616765005A
:107D60004661696C656420746F207265616420648B
:107D70006576696365206E616D652066726F6D2042
:107D800073746F72616765202865727220257A644A
:107D9000290062742F25732F2530327825303278F0
:107DA00025303278253032782530327825303278D7
:107DB00025752F25730062742F25732F2530327897
:107DC00025303278253032782530327825303278B7
:107DD0002530327825750073657474696E67735F3A
:107DE0007375627379735F696E6974206661696C1B
:107DF00065642028657272202564290062742F252D
:107E000073004661696C656420746F2073617665E8
:107E10002049442028657272202564290051756923
:107E2000636B73746172745F426C7565746F6F74A9
:107E30006800556E61626C6520746F20736574759F
:107E40007020616E206964656E7469747920616464
:107E500064726573730062740062745F7365747436
:107E6000696E6773004254204C57205751002870A8
:107E700075626C696329002872616E646F6D2900F8
:107E8000287075626C69632D696429002872616EBF
:107E9000646F6D2D6964290062745F6275660062AB
:107EA000745F646174610044617461206275666628
:107EB0006572206F766572666C6F7720286C696ECC
:107EC0006B20747970652030782530327829005520
:107ED0006E61626C6520746F206C6F6F6B207570C3
:107EE00020636F6E6E20776974682068616E646CC1
:107EF0006520257500556E61626C6520746F206C7D
:107F00006F6F6B757020636F6E6E20666F72206886
:107F1000616E646C652025750048617264776172DA
:107F200065206572726F722C20686172647761726D
:107F30006520636F64653A20256400436F756C6447
:107F4000206E6F74207375626D69742072785F772C
:107F50006F726B3A202564004E6F20636F6E6E6502
:107F60006374696F6E20666F722068616E646C6501
:107F70002025750062745F74785F70726F6365733B
:107F8000736F7200556E61626C6520746F20616C56
:107F90006C6F636174652062756666657200556E0C
:107FA000657870656374656420737461747573209B
:107FB00030782530327820257300556E68616E6404
:107FC0006C6564206576656E742030782530327873
:107FD000206C656E2025753A202573006576742027
:107FE0006E756D5F68616E646C657320283D2575E4
:107FF0002920746F6F206C617267652028257A755F
:10800000203E20257529007061636B6574732063C1
:108010006F756E74206D69736D6174636800546F61
:108020006F20736D616C6C202825752062797465F2
:108030007329206576656E7420307825303278009B
:10804000496E76616C696420484349206576656EA7
:10805000742073697A65202825752900496E766138
:108060006C6964204C45206D657461206576656E91
:10807000742073697A652028257529005745535463
:108080005F544F504449522F7A65706879722F734C
:1080900075627379732F626C7565746F6F74682F76
:1080A000686F73742F6863695F636F72652E630016
:1080B0006576745F666C6167732026202831554CA5
:1080C000203C3C2028302929004153534552544933
:1080D0004F4E204641494C205B25735D20402025B2
:1080E000733A25640A00496E76616C696420627592
:1080F00066207479706520257500496E76616C691B
:1081000064204843492041434C207061636B65748F
:108110002073697A6520282575290041434C206425
:10812000617461206C656E677468206D69736D6140
:108130007463682028257520213D20257529005568
:108140006E61626C6520746F2066696E6420636F77
:108150006E6E20666F722068616E646C6520257596
:108160000062745F6863695F6576745F6765745FFA
:10817000666C616773286864722D3E657674292089
:1081800026202831554C203C3C20283129290055F7
:108190006E6B6E6F776E20627566207479706520E5
:1081A000257500556E68616E646C65642076656E39
:1081B000646F722D737065636966696320657665A7
:1081C0006E7420307825303278206C656E202575ED
:1081D0003A202573004E6F20636F6D6D616E6420D1
:1081E00073656E7420666F7220636D6420636F6DBB
:1081F000706C65746520307825303478004F70439A
:108200006F64652030782530347820636F6D706C32
:108210006574656420696E7374656164206F66209F
:108220006578706563746564203078253034780033
:108230004E6F2070656E64696E672070657269703C
:10824000686572616C20636F6E6E656374696F6ED2
:1082500000696E74657276616C206578636565642B
:1082600073207468652076616C69642072616E6742
:1082700065202575207573006C6174656E637920C7
:1082800065786365656473207468652076616C69E0
:10829000642072616E676520307825303478007311
:1082A0007570765F74696D656F7574206578636548
:1082B000656473207468652076616C6964207261FE
:1082C0006E67652030782530347800756E6B6E6F80
:1082D000776E005B305D00484349207472616E73B5
:1082E000706F72743A2025730053444300496465EB
:1082F0006E7469747925733A202573004964656E3C
:10830000746974795B25645D3A202573004843499C
:108310003A2076657273696F6E2025732028307855
:108320002530327829207265766973696F6E203046
:1083300078253034782C206D616E756661637475B4
:1083400072657220307825303478004C4D503A20D8
:1083500076657273696F6E2025732028307825301A
:108360003278292073756276657220307825303432
:1083700078004E6F20494420616464726573732EE7
:1083800020417070206D7573742063616C6C207374
:10839000657474696E67735F6C6F6164282900553A
:1083A0006E61626C6520746F2073746F7265206EED
:1083B000616D6500556E61626C6520746F20736538
:1083C0006E6420746F20647269766572202865720D
:1083D000722025642900657272203D3D203000091D
:1083E000436F6E74726F6C6C657220756E7265731C
:1083F000706F6E736976652C20636F6D6D616E644E
:10840000206F70636F646520307825303478207475
:10841000696D656F75742077697468206572722064
:1084200025640A006F70636F6465203078253034EE
:108430007820737461747573203078253032782019
:108440002573004661696C656420746F20726561F4
:108450006420444C45206D61782064617461206C17
:10846000656E0074785F6F637465747320657863FC
:1084700065656473207468652076616C6964207238
:10848000616E67652025750074785F74696D65207D
:1084900065786365656473207468652076616C69CE
:1084A000642072616E6765202575004E6F207065CF
:1084B0006E64696E6720636F6E6E20666F722070E7
:1084C000656572202573004661696C656420746F70
:1084D00020726573657420424C4520636F6E747220
:1084E0006F6C6C65720048434920647269766572EE
:1084F00020636C6F7365206661696C656420282554
:1085000064290053657420486F7374204368616E5A
:108510006E656C20436C617373696669636174692D
:108520006F6E20636F6D6D616E64206973206E6F76
:108530007420737570706F72746564004E6F6E2D69
:108540004C452063617061626C6520636F6E74726C
:108550006F6C6C657220646574656374656421007A
:108560004E756D206F6620436F6E74726F6C6C6514
:108570007227732041434C207061636B65747320D4
:10858000213D2041434C2062745F636F6E6E5F74C7
:108590007820636F6E7465787473202825752021A8
:1085A0003D202575290041434C2042522F4544521D
:1085B0002062756666657273206E6F7420696E69DD
:1085C0007469616C697A65640056656E646F7220C7
:1085D00048434920657874656E73696F6E73206EC9
:1085E0006F7420617661696C61626C650048572028
:1085F000506C6174666F726D3A2025732028307854
:1086000025303478290048572056617269616E74AC
:108610003A2025732028307825303478290046699F
:10862000726D776172653A20257320283078253085
:108630003278292056657273696F6E2025752E2554
:1086400075204275696C64202575004661696C650A
:108650006420746F207265616420737570706F722E
:108660007465642076656E646F7220636F6D6D61F2
:108670006E6473004661696C656420746F20726576
:10868000616420737570706F727465642076656EB6
:10869000646F722066656174757265730048434942
:1086A00020647269766572206973206E6F7420721F
:1086B0006561647900425420525820575100484364
:1086C0004920647269766572206F70656E206661FC
:1086D000696C6564202825642900556E657870658D
:1086E0006374656420484F53545F4E554D5F434F4C
:1086F0004D504C455445445F5041434B4554532CD9
:108700002073746174757320307825303278202599
:108710007300556E636C65617265642070656E648C
:10872000696E672073656E745F636D6400312E300F
:108730006200312E3200322E3000322E3100332EC4
:108740003000342E3100342E3200352E3000352EDC
:108750003100352E3200352E3300352E3400362EC2
:108760003000362E3100362E3200362E3300537450
:10877000616E6461726420426C7565746F6F7468B9
:1087800020636F6E74726F6C6C65720056656E64F8
:108790006F7220737065636966696320636F6E74BE
:1087A000726F6C6C6572004669726D7761726520DC
:1087B0006C6F616465720052657363756520696DE5
:1087C000616765007265736572766564006E524616
:1087D000353178006E5246353278006E5246353368
:1087E00078006E524635344878006E524635344C27
:1087F0007800496E74656C20436F72706F7261749B
:10880000696F6E004E58502053656D69636F6E64DA
:108810007563746F72730045737072657373696604
:108820002053797374656D730062745F6863695F68
:10883000636F726500636D6420646973616C6C6F53
:10884000776564004F6E6C792072616E646F6D2085
:10885000737461746963206964656E7469747920E6
:108860006164647265737320737570706F72746580
:1088700064004F6E6C792073746174696320726157
:108880006E646F6D206964656E74697479206164CB
:10889000647265737320737570706F7274656400B1
:1088A000496E76616C696420696E707574207061C0
:1088B00072616D6574657273004661696C656420F0
:1088C000746F2072656164207075626C69632061E9
:1088D00064647265737300526561642053746174DB
:1088E00069632041646472657373657320636F6D9F
:1088F0006D616E64206E6F7420617661696C616277
:108900006C65004661696C656420746F20726561F6
:108910006420737461746963206164647265737345
:108920006573004E6F2073746174696320616464C1
:108930007265737365732073746F72656420696EFA
:1089400020636F6E74726F6C6C65720043616E278A
:10895000742073657420626F7468204944454E54D6
:108960004954592026204E5250410062745F696478
:1089700000546F6F20626967206164766572746964
:1089800073696E672064617461004661696C656437
:1089900020746F20737461727420616476657274E0
:1089A00069736572004661696C656420746F207339
:1089B000746F70206164766572746973696E673A6A
:1089C0002025640062745F616476004661696C65AD
:1089D0006420726561642072656D6F7465206665E0
:1089E0006174757265732028256429004661696C7D
:1089F000656420726561642072656D6F74652076B0
:108A0000657273696F6E20282564290050485920CB
:108A1000307825303278206E6F7420737570706FE7
:108A200072746564004661696C656420746F2073BC
:108A300065742064617461206C656E20282564294A
:108A400000556E657870656374656420666972733D
:108A500074204C32434150206672616D6500556E42
:108A60006578706563746564204C324341502063BF
:108A70006F6E74696E756174696F6E004E6F7420ED
:108A8000656E6F75676820627566666572207370C3
:108A900061636520666F72204C32434150206461EF
:108AA000746100556E657870656374656420414338
:108AB0004C20666C61677320283078253032782925
:108AC0000041434C206C656E206D69736D61746369
:108AD0006820282575203E202575290028756E6B95
:108AE0006E6F776E29006E6F207472616E73697499
:108AF000696F6E20257300496E76616C6964202869
:108B0000257529206F6C6420737461746500636F30
:108B10006E6E202570206661696C656420746F201C
:108B200065737461626C6973682E205246206E6FA3
:108B30006973653F006E6F2076616C69642028253B
:108B4000752920737461746520776173207365746F
:108B500000696E636F6D70617469626C6520686135
:108B60006E646C652025750054696D656F757420A1
:108B70006469736361726465642E204E6F20626C59
:108B80006F636B696E6720696E2073797377712EDE
:108B900000466174616C206572726F7220282564D2
:108BA000292E20446973636F6E6E656374696E6706
:108BB00020257000466F756E642076616C696420B4
:108BC000636F6E6E656374696F6E2028257029204F
:108BD00077697468206164647265737320257320FB
:108BE000696E202573207374617465200053656E6F
:108BF00064204C4520706172616D207570646174F1
:108C000065206661696C6564202865727220256440
:108C1000290053656E64206175746F204C45207087
:108C20006172616D20757064617465206661696C44
:108C30006564202865727220256429006469736365
:108C40006F6E6E6563742D636F6D706C6574650017
:108C50007363616E2D6265666F72652D696E6974EE
:108C6000696174696E6700696E6974696174696EBF
:108C7000672D66696C7465722D6C6973740061642C
:108C8000762D636F6E6E65637461626C65006164FE
:108C9000762D6469722D636F6E6E65637461626CAC
:108CA0006500646973636F6E6E656374696E6700F7
:108CB00062745F636F6E6E00556E61626C652074E6
:108CC0006F20616C6C6F63617465206275666665A8
:108CD0007220666F72206F702030782530327800F5
:108CE0004E6F20617661696C61626C65204C324325
:108CF000415020636F6E7465787420666F722063D4
:108D00006F6E6E20257000457870656374696E67BC
:108D100020757020746F20256420726566732C2086
:108D2000676F7420256400616C72656164792068E6
:108D30006176652076696577206F6E202570004C1E
:108D400032434150206C656E677468206D69736DA5
:108D5000617463682028257520213D202575290030
:108D6000496E76616C6964206964656E7420766111
:108D70006C756520696E204C32434150205044553B
:108D800000496E76616C6964204C4520636F6E6E9D
:108D900020706172616D207273702073697A652032
:108DA00028257520213D20257A75290052656A65A0
:108DB0006374696E6720756E6B6E6F776E204C32D0
:108DC0004341502050445520636F6465203078251E
:108DD00030327800546F6F20736D616C6C204C32B0
:108DE000434150207369676E616C696E672050441F
:108DF0005500546F6F20736D616C6C204C32434191
:108E00005020504455207265636569766564004959
:108E1000676E6F72696E67206461746120666F723D
:108E200020756E6B6E6F776E206368616E6E656C19
:108E30002049442030782530347800636F6E6669AD
:108E4000670062745F6C3263617000415454206348
:108E500068616E6E656C206E6F7420636F6E6E65F8
:108E600063746564004572726F72207369676E691E
:108E70006E6720646174610052616E206F757420AA
:108E80006F662054582062756666657273206F7233
:108E900020636F6E74657874732E004661696C652B
:108EA0006420746F207375626D6974206174745FDF
:108EB00074785F64657374726F795F776F726B3A01
:108EC00020256400556E61626C6520746F206372AA
:108ED000656174652065727220727370205044550C
:108EE00000415454204D5455206578636565646590
:108EF000642C206D61782025752C2077616E746557
:108F00006420257A7500556E61626C6520746F204F
:108F100063726561746520636F6E6669726D20505F
:108F2000445500556E61626C6520746F20637265F4
:108F3000617465207273702050445500546F6F2027
:108F4000736D616C6C2041545420504455207265FF
:108F500063656976656400556E68616E646C65640E
:108F60002041545420636F64652030782530327876
:108F700000496E76616C6964206C656E20257520F1
:108F8000666F7220636F6465203078253032780018
:108F9000556E61626C6520746F20637265617465E3
:108FA00020555549443A2073697A65202575005546
:108FB0006E61626C6520746F2063726561746520F8
:108FC000555549443A2073697A65202564004E6FEF
:108FD00020617661696C61626C6520415454206344
:108FE0006F6E7465787420666F7220636F6E6E208A
:108FF0002570004E6F20617661696C61626C65203E
:10900000415454206368616E6E656C20666F7220F7
:10901000636F6E6E202570004E6F7420636F6E6EEE
:10902000656374656400556E61626C6520746F20C1
:1090300066696E6420415454206368616E6E656C8D
:1090400000476F74206572722025642C206E6F7447
:109050002063616C6C696E67204154542063620028
:109060004661696C656420746F2072652D7375624A
:109070006D69742025733A202564004E6F20415499
:1090800054206368616E6E656C20666F72204D546B
:109090005520257A75004E6F2070656E64696E6785
:1090A000204154542072657175657374004469736E
:1090B000636F6E6E656374696E67206661696C6567
:1090C000642028657272202564290041545420547C
:1090D000696D656F757420666F722064657669636B
:1090E000652025732E20446973636F6E6E6563740B
:1090F000696E672E2E2E0062745F61747400434D9A
:10910000414320757064617465206661696C6564B3
:10911000202564004661696C656420746F20646575
:10912000636F64652076616C7565202865727220B6
:10913000257A6429004661696C656420746F207328
:109140006176652044617461626173652048617372
:1091500068202865727220256429006661696C6543
:109160006420746F2073746F7265205343202865E8
:1091700072722025642900756E61626C6520746FBF
:1091800020736176652053433A206E6F20636667D3
:10919000206C65667400546F6F206D616E7920439A
:1091A0006C69656E7420436861726163746572698D
:1091B0007374696320436F6E666967757261746961
:1091C0006F6E2E2053656520434F4E4649475F42E0
:1091D000545F53455454494E47535F4343435F5391
:1091E000544F52455F4D41580A00496E76616C6993
:1091F00064206B6579006661696C656420746F201A
:1092000064656C657465205343202865727220255F
:10921000642900636F6E6E202570206572722030A5
:10922000782530327800556E61626C6520746F204D
:109230006465636F6465206164647265737320257F
:109240007300496E76616C6964206C6F63616C2099
:109250006964656E7469747920256C7500556E615A
:10926000626C6520746F20726573746F7265205331
:10927000433A206E6F20636667206C656674004E0B
:109280006F20737061636520746F2073746F7265F3
:109290002043434320636667004E6F207370616311
:1092A0006520746F2073746F726520436C69656EFE
:1092B0007420537570706F727465642046656174B4
:1092C0007572657300556E61626C6520746F2072F3
:1092D0006573746F72652043463A206E6F20636633
:1092E00067206C656674004368616E67652D617701
:1092F00061726520737461747573206E6F7420667B
:109300006F756E6420696E2073657474696E67731F
:109310002C2064656661756C74696E672070656584
:10932000722073746174757320746F206368616E4A
:1093300067652D756E6177617265005265616420A5
:109340006261636B20626164206368616E67652D92
:1093500061776172652076616C75653A2030782599
:10936000782C2064656661756C74696E6720706521
:1093700065722073746174757320746F2063686103
:109380006E67652D756E6177617265004661696C07
:10939000656420746F2073746F726520436C696517
:1093A0006E742046656174757265732028657272EB
:1093B0002025642900556E61626C6520746F2069F8
:1093C0006D706F727420746865206B657920666FAC
:1093D000722041455320434D414320256400434DB5
:1093E0004143206F7065726174696F6E20696E69A8
:1093F00074206661696C656420256400434D4143B7
:109400002066696E697368206661696C65642025F1
:10941000640062742F636363004661696C65642055
:10942000746F2073746F7265204343437320286503
:109430007272202564290052656164206D6574682C
:109440006F64206E6F7420736574004661696C658B
:109450006420746F20726561642061747472696243
:10946000757465202570202865727220257A64291C
:1094700000496E76616C69642072656164206C6578
:109480006E6774683A20257A640043434320257050
:10949000206E6F74207772697461626C650053434B
:1094A00020726573746F726520696E64696361749C
:1094B000696F6E206661696C656400556E6B6E6FD6
:1094C000776E2055554944207479706520257500C4
:1094D00050617273652065727200496E76616C69C5
:1094E000642064617461206C656E20257500506194
:1094F00072736520657272206461740050617273CA
:10950000652065727220636570005061727365201A
:1095100065727220636363005061727365206572C7
:1095200072207363630050617273652065727220EC
:1095300063706600496E76616C696420666F726D57
:1095400061742025750042616420706565723A205F
:1095500041545420726561642D62792D757569647A
:10956000207273703A20696E76616C696420415490
:10957000545220504455206C656E20257500496E6C
:1095800076616C69642068616E646C650042616438
:1095900020706565723A2041545420726561642DD3
:1095A00062792D75756964207273703A2048616E16
:1095B000646C6520307825303478206973206F75AD
:1095C0007473696465207265717565737465642070
:1095D00072616E6765203078253034782D307825BB
:1095E0003034782E2041626F7274696E6720726524
:1095F00061642E00496E636F7272656374206C65DE
:109600006E6774682C2063616E63656C696E672099
:10961000777269746500496E636F72726563742056
:109620006F6666736574206F72206461746120696F
:109630006E20726573706F6E73652C2063616E634C
:10964000656C696E67207772697465004661696C44
:10965000656420746F20756E7375627363726962DE
:109660006520286572722025642900496E76616C38
:1096700069642064617461206C656E202575203EEC
:10968000202575004D54552045786368616E6765E7
:10969000206661696C6564202865727220256429E2
:1096A0000062742F686173680062742F63660062E1
:1096B000742F73630062745F67617474004E6F206F
:1096C000617661696C61626C6520534D5020636FF7
:1096D0006E7465787420666F7220636F6E6E2025DD
:1096E000700062745F736D70004C4520636F6E6E26
:1096F00020706172616D20757064617465643A20D8
:10970000696E7420307825303478206C617420259F
:109710006420746F2025640A004C4520636F6E6ED0
:1097200020706172616D207265713A20696E7420DB
:10973000283078253034782C20307825303478293A
:10974000206C617420256420746F2025640A005504
:109750006E61626C6520746F2067657420696E6647
:109760006F3A20636F6E6E2025700A004661696C47
:10977000656420746F20636F6E6E65637420746F10
:10978000202573203078253032782025730A004355
:109790006F6E6E65637465643A2025730A004661D6
:1097A000696C656420746F20636F6E6E65637469A5
:1097B0006F6E20696E666F726D6174696F6E3A20AC
:1097C00025640A00616C6C004661696C65642074F4
:1097D0006F20636C6561722070616972696E677376
:1097E0002028657272202564290A00506169726917
:1097F0006E6773207375636365737366756C6C79DC
:1098000020636C65617265640A00426F7468206150
:1098100064647265737320616E6420616464726550
:1098200073732074797065206E65656465640A00E1
:10983000496E76616C696420616464726573730A51
:10984000004661696C656420746F20636C656172A9
:109850002070616972696E672028657272202564C4
:10986000290A0050616972696E67207375636365C8
:10987000737366756C6C7920636C65617265640ADC
:10988000006E6F6E2D7265736F6C7661626C650031
:109890006964656E7469747900257320616464720B
:1098A0006573733A20257320282573290A002573D0
:1098B0003A206174206C656173742C206F6E652092
:1098C000636F6E6E656374696F6E20697320726575
:1098D0007175697265640A00636F6E6E20757064DD
:1098E000617465206661696C656420286572722008
:1098F0002564292E0A00636F6E6E20757064617492
:109900006520696E697469617465642E0A00496E28
:1099100076616C69640063656E7472616C00706579
:10992000726970686572616C00496E76616C696419
:1099300020706565722061646472657373202865A8
:109940007272202564290A004E6F7420636F6E6E58
:1099500065637465640A004661696C656420746FB0
:109960002067657420696E666F0A00547970653AE5
:109970002025732C20526F6C653A2025732C2049CA
:10998000643A2025750A0052656D6F7465004C6F4E
:1099900063616C0052656D6F7465206F6E2D616937
:1099A00072004C6F63616C206F6E2D6169720049AB
:1099B0006E74657276616C3A2025752075730A00A5
:1099C0004C6174656E63793A203078253034780ABA
:1099D000005375706572766973696F6E2074696D76
:1099E000656F75743A2030782530347820282564E6
:1099F000206D73290A004E6F206D61746368696E73
:109A00006720636F6E6E656374696F6E20666F7535
:109A10006E640A0053656C656374656420636F6EE1
:109A20006E206973206E6F773A2025730A004469AF
:109A300073636F6E6E656374696F6E206661696CC7
:109A400065642028657272202564290A00646972A1
:109A50002D7270610064697361626C652D3337002B
:109A600064697361626C652D333800646973616287
:109A70006C652D3339004661696C656420746F2014
:109A800073746172742064697265637465642061C3
:109A900064766572746973696E6720282564290A83
:109AA00000537461727465642064697265637465DF
:109AB00064206164766572746973696E670A004236
:109AC0006C7565746F6F7468204C6F63616C204EA9
:109AD000616D653A2025730A00556E61626C6520E0
:109AE000746F20736574206E616D65202573202866
:109AF000657272202564290A00496E76616C69647A
:109B0000206964656E746974790A0053656C6563D5
:109B1000746564206964656E746974793A2025738C
:109B20000A002573257A753A2025730A0049646571
:109B30006E746974792068616E646C65206E6F74F0
:109B4000207370656369666965640A0044656C65C5
:109B500074696E67204944202575206661696C65CB
:109B6000642028657272202564290A004964656EA4
:109B7000746974792025752064656C657465640A60
:109B80000053657474696E6773206C6F616420663E
:109B900061696C65642028657272202564290A0059
:109BA00053657474696E6773206C6F616465640AD1
:109BB00000446973636F6E6E65637465643A202553
:109BC000732028726561736F6E203078253032788B
:109BD000290A00257320756E6B6E6F776E20706199
:109BE00072616D657465723A2025730A00426C7566
:109BF00065746F6F746820417070656172616E6327
:109C0000653A203078253034780A005365747469D9
:109C10006E6773204C6F616465640A006E6F2D730C
:109C2000657474696E67732D6C6F61640073796E0F
:109C300063004F4F422064617461206661696C6506
:109C4000640A004F4F4220646174613A0A00252D76
:109C500032397320252D33327320252D3332730A88
:109C600000636F6E6669726D00253239732025338B
:109C7000327320253332730A00496E76616C696451
:109C8000206368616E6E656C206D61700A004661CC
:109C9000696C656420746F20736574206368616EFD
:109CA0006E656C206D6170202865727220256429B4
:109CB0000A004368616E6E656C206D61702073658B
:109CC000740A00526573657474696E672049442094
:109CD0002575206661696C6564202865727220258F
:109CE00064290A004964656E7469747920257520B9
:109CF00072657365743A2025730A004461746120AB
:109D00006669656C6420746F6F206C617267650AA8
:109D10000A0048434920636F6D6D616E6420696C71
:109D20006C6567616C2064617461206669656C6450
:109D30000A0A00556E61626C6520746F20616C6C5C
:109D40006F63617465204843492062756666657279
:109D50000A0048434920636F6D6D616E642066613F
:109D6000696C65642028657272202564290A005296
:109D7000656D6F7465204C4D502076657273696F08
:109D80006E2025732028307825303278292073758D
:109D90006276657273696F6E203078253034782072
:109DA0006D616E75666163747572657220307825B9
:109DB0003034780A004C45204665617475726573CD
:109DC0003A2030782573200A004372656174696E09
:109DD00067206E6577204944206661696C65642060
:109DE00028657272202564290A004E65772069640F
:109DF000656E746974792028256429206372656111
:109E00007465643A2025730A004661696C656420B4
:109E1000746F2073746F70206164766572746973F7
:109E2000696E670A004164766572746973696E676A
:109E30002073746F707065640A006E636F6E6E00DD
:109E40006E6F6E5F646973636F76006170706561D9
:109E500072616E63650066616C0066616C2D736390
:109E6000616E0066616C2D636F6E6E006E6F2D6E9D
:109E7000616D65006E616D652D6164004661696CA0
:109E8000656420746F2073746172742061647665F8
:109E900072746973696E672028657272202564295F
:109EA0000A004164766572746973696E6720737421
:109EB00061727465640A004C450042522F45445259
:109EC0000053434F00426C7565746F6F7468207364
:109ED00068656C6C20636F6D6D616E6473005B6EA2
:109EE0006F2D73657474696E67732D6C6F61645D3B
:109EF0002C205B73796E635D0064697361626C65CD
:109F0000006863692D636D64003C6F67663E203CAA
:109F10006F63663E205B646174615D0069642D63FC
:109F200072656174650069642D7265736574003CC7
:109F300069643E203C616464726573733A205858CA
:109F40003A58583A58583A58583A58583A58583E41
:109F50000069642D64656C657465003C69643E004D
:109F600069642D73686F770069642D73656C656330
:109F700074005B6E616D655D006164766572746925
:109F80007365003C747970653A206F66662C206FAB
:109F90006E2C206E636F6E6E3E205B6D6F64653A53
:109FA00020646973636F762C206E6F6E5F646973D3
:109FB000636F765D205B66696C7465722D616363A7
:109FC0006570742D6C6973743A2066616C2C206620
:109FD000616C2D7363616E2C2066616C2D636F6EF6
:109FE0006E5D205B6964656E746974795D205B6E7B
:109FF0006F2D6E616D655D205B6E616D652D6164B9
:10A000005D205B617070656172616E63655D205B90
:10A0100064697361626C652D33375D205B646973BD
:10A0200061626C652D33385D205B64697361626CBD
:10A03000652D33395D0064697265637465642D61F3
:10A040006476003C616464726573733A2058583AD0
:10A0500058583A58583A58583A58583A58583E204A
:10A060003C747970653A20287075626C69637C7203
:10A07000616E646F6D293E205B6D6F64653A206C84
:10A080006F775D205B6964656E746974795D205BD0
:10A090006469722D7270615D00646973636F6E6EC6
:10A0A000656374003C616464726573733A20585848
:10A0B0003A58583A58583A58583A58583A58583ED0
:10A0C000203C747970653A20287075626C69637CF5
:10A0D00072616E646F6D293E00636F6E6E2D7570D8
:10A0E00064617465003C6D696E3E203C6D61783E34
:10A0F000203C6C6174656E63793E203C74696D65CB
:10A100006F75743E006368616E6E656C2D6D617075
:10A11000003C6368616E6E656C2D6D61703A20580D
:10A120005858585858585858583E202833362D30CB
:10A1300029006F6F62005B616C6C5D205B3C616449
:10A1400064726573733A2058583A58583A58583AD6
:10A1500058583A58583A58583E203C747970653AE5
:10A1600020287075626C69637C72616E646F6D2902
:10A170003E5D004D54552073697A653A2025750A75
:10A18000004E6F2064656661756C7420636F6E6E3F
:10A19000656374696F6E0A005772697465206E6F2B
:10A1A0007420737570706F727465640A004661691B
:10A1B0006C656420746F2077726974653A20257A23
:10A1C000640A004E6F206174747269627574652050
:10A1D000666F756E640A003D3D3D3D3D3D3D3D3D34
:10A1E0003D3D3D3D3D3D3D3D3D3D3D3D3D3D3D3D9F
:10A1F0003D3D3D3D3D3D3D3D3D3D3D3D3D3D3D3D8F
:10A200003D3D3D3D3D3D3D3D0A00546F74616C3A1E
:10A210002025752073657276696365732025752026
:10A22000617474726962757465732028257A75206B
:10A230006279746573290A00617474722025702034
:10A2400068616E646C6520307825303478207575CF
:10A250006964202573207065726D20307825303256
:10A26000780A006174747220257020757569642005
:10A270002573207065726D203078253032780A00A1
:10A280004661696C656420746F20726561643A2070
:10A29000257A640A004E6F20737562736372697069
:10A2A00074696F6E20666F756E640A00556E737503
:10A2B00062736372696265206661696C65642028F7
:10A2C000657272202564290A00556E737562736386
:10A2D0007269626520737563636573730A004E6FFC
:10A2E00020617661696C61626C65206F7065726176
:10A2F00074696F6E20736C6F74730A004E6F206404
:10A30000617461207365740A005772697465206610
:10A3100061696C65642028657272202564290A00D1
:10A3200057726974652070656E64696E670A0057BC
:10A330007269746520636F6D706C6574653A206531
:10A340007272203078253032780A0045786368616F
:10A350006E67652025730A00446973636F766572C2
:10A3600020636F6D706C6574650A00536572766961
:10A37000636520257320666F756E643A207374617F
:10A3800072742068616E646C652025782C20656E7F
:10A39000645F68616E646C652025780A00436861BB
:10A3A00072616374657269737469632025732066D2
:10A3B0006F756E643A2068616E646C652025780A5A
:10A3C0000050726F706572746965733A200A005BA1
:10A3D00062636173745D0A005B726561645D0A00AB
:10A3E0005B77726974655D0A005B777269746520DA
:10A3F000772F77207273705D0A005B6E6F746966E9
:10A40000795D0A005B696E6469636174655D0A0069
:10A410005B6578742070726F705D0A00496E636CC2
:10A4200075646520257320666F756E643A206861D7
:10A430006E646C652025782C2073746172742025FD
:10A44000782C20656E642025780A00446573637259
:10A450006970746F7220257320666F756E643A2080
:10A4600068616E646C652025780A0043616E6E6FCA
:10A47000742072657375627363726962653A2073E2
:10A480007562736372697074696F6E20746F2025D2
:10A490007820616C72656164792065786973747382
:10A4A0000A00696E64005265737562736372696253
:10A4B00065206661696C6564202865727220256478
:10A4C000290A005265737562736372696265640A72
:10A4D00000556E737562736372696265640A004E3B
:10A4E0006F74696669636174696F6E3A2076616C36
:10A4F00075655F68616E646C652025752C206C65E0
:10A500006E6774682025750A0043616E6E6F742053
:10A510007375627363726962653A207375627363FF
:10A5200072697074696F6E20746F20257820616C79
:10A530007265616479206578697374730A00537574
:10A5400062736372696265206661696C6564202864
:10A55000657272202564290A0053756273637269FB
:10A560006265640A005772697465202325753A2074
:10A5700025752062797465732028257520627073B3
:10A58000290A007369676E65642D777269746500C6
:10A5900077726974652D776974686F75742D72654B
:10A5A00073706F6E73652D636200577269746520F6
:10A5B000436F6D706C657465202865727220256428
:10A5C000290A00456E746572206D617820257A75C0
:10A5D0002068616E646C65206974656D7320746FAA
:10A5E00020726561640A0047415454206D756C7493
:10A5F00069706C6520726561642072657175657340
:10A6000074206661696C6564202865727220256417
:10A61000290A00526561642070656E64696E670A7C
:10A620000052656164206661696C6564202865720A
:10A6300072202564290A005368656C6C20636F6D75
:10A640006D616E6420627573792E20412070726591
:10A6500076696F757320696E766F636174696F6E6A
:10A6600020697320696E2070726F67726573732E34
:10A670000A00416C72656164792065786368616E77
:10A680006765640A0045786368616E676520666186
:10A69000696C65642028657272202564290A00456A
:10A6A000786368616E67652070656E64696E670ABD
:10A6B00000646973636F76657200646973636F76B3
:10A6C00065722D7365636F6E64617279006469737E
:10A6D000636F7665722D696E636C7564650064697D
:10A6E00073636F7665722D636861726163746572FE
:10A6F000697374696300646973636F7665722D644E
:10A70000657363726970746F7200446973636F7606
:10A710006572206661696C65642028657272202507
:10A7200064290A00446973636F7665722070656EF0
:10A7300064696E670A005265616420636F6D706CB6
:10A740006574653A20657272203078253032782041
:10A750006C656E6774682025750A00426C756574B7
:10A760006F6F74682047415454207368656C6C2087
:10A77000636F6D6D616E6473005B555549445D2078
:10A780005B73746172742068616E646C655D205BDC
:10A79000656E642068616E646C655D0064697363F6
:10A7A0006F7665722D7072696D617279006578637C
:10A7B00068616E67652D6D7475003C68616E646CD0
:10A7C000653E205B6F66667365745D0072656164EB
:10A7D0002D75756964003C555549443E205B737482
:10A7E0006172742068616E646C655D205B656E6487
:10A7F0002068616E646C655D00726561642D6D75C5
:10A800006C7469706C65003C68616E646C652031C5
:10A810003E203C68616E646C6520323E202E2E2EF8
:10A82000003C68616E646C653E203C646174613E0E
:10A83000205B6C656E6774685D205B726570656136
:10A84000745D007265737562736372696265003C62
:10A85000616464726573733A2058583A58583A588C
:10A86000583A58583A58583A58583E203C747970DB
:10A87000653A20287075626C69637C72616E646FE2
:10A880006D293E203C4343432068616E646C653E05
:10A89000203C76616C75652068616E646C653E2055
:10A8A0005B696E645D003C68616E646C653E203C73
:10A8B0006F66667365743E203C646174613E007728
:10A8C000726974652D776974686F75742D7265731C
:10A8D000706F6E736500756E737562736372696213
:10A8E00065003C73746172742068616E646C653ECF
:10A8F000205B656E642068616E646C655D003C6819
:10A90000616E646C653E205B646174612E2E2E5D09
:10A910000073686F772D6462005B757569645D20F4
:10A920005B6E756D5F6D6174636865735D00617406
:10A93000745F6D7475004F75747075742041545454
:10A94000204D54552073697A650063616368655FC3
:10A950006E72667800636C6F636B403130653030C7
:10A960003000636C6F636B006866636C6B006C66D1
:10A97000636C6B00636C6F636B5F636F6E74726F9D
:10A980006C007073612D726E67007073615F726E20
:10A9900067007272616D2D636F6E74726F6C6C659F
:10A9A00072403530303462303030007272616D5F29
:10A9B000636F6E74726F6C6C657200666C61736845
:10A9C0005F6E72665F7272616D00526573657420AE
:10A9D00070696E206E6F7420726561647900436FD8
:10A9E000756C646E277420636F6E66696775726537
:10A9F0002072657365742070696E004661696C65CC
:10AA00006420746F206578697420445044202825A0
:10AA100064290057616974696E6720756E74696C8A
:10AA200020666C61736820697320726561647900C7
:10AA30004661696C656420746F2077616974207564
:10AA40006E74696C20666C6173682069732072652E
:10AA50006164792028256429004A454445432049FA
:10AA6000442072656164206661696C65643A2025E2
:10AA70006400446576696365206964202530327816
:10AA80002025303278202530327820646F6573209D
:10AA90006E6F74206D6174636820636F6E666967A2
:10AAA0002025303278202530327820253032780049
:10AAB000425020636C656172206661696C65643A1E
:10AAC0002025640A00556E61626C6520746F2065F4
:10AAD0006E74657220342D62797465206D6F6465C3
:10AAE0003A2025640A006D78323572363433356683
:10AAF0004030006D783235723634007370695F6EA5
:10AB00006F72006770696F403130613030300067BC
:10AB100070696F30006770696F40643832303000A0
:10AB20006770696F31006770696F4035303430305D
:10AB3000006770696F32007561727440633630303F
:10AB4000300075617274323000756172745F6E72BC
:10AB500066785F75617274650054696D656F7574B0
:10AB60002077616974696E6720666F722074726104
:10AB70006E7366657220636F6D706C6574650055E9
:10AB800070646174652065786365656473206375BE
:10AB90007272656E742062756666657200737069A4
:10ABA0004034613030300073706930300048616C7F
:10ABB000662D6475706C6578206E6F742073757087
:10ABC000706F7274656400536C617665206D6F649C
:10ABD00065206973206E6F7420737570706F727466
:10ABE0006564206F6E202573004C6F6F7062616327
:10ABF0006B206D6F6465206973206E6F74207375B0
:10AC000070706F7274656400576F72642073697A34
:10AC10006573206F74686572207468616E203820D7
:10AC20006269747320617265206E6F742073757031
:10AC3000706F72746564004672657175656E6369E4
:10AC40006573206C6F776572207468616E20313295
:10AC500035206B487A20617265206E6F74207375A1
:10AC600070706F72746564004661696C656420740D
:10AC70006F20636F6E666967757265206E726678A5
:10AC8000206472697665723A202564007370695F8A
:10AC90006E7266785F7370696D004750494F204946
:10ACA000525120636F6E666967206661696C6564E6
:10ACB0002C206572723A202564004C454420696E50
:10ACC000646578206F7574206F66207468652072E3
:10ACD000616E6765004661696C65642064697361D3
:10ACE000626C696E6720696E7465727275707473D8
:10ACF0000043616E6E6F74207265616420677069D5
:10AD00006F2070696E0043616E6E6F742077726998
:10AD10007465204C4544206770696F0043616E6E16
:10AD20006F742064697361626C652063616C6C622E
:10AD300061636B730043616E6E6F7420656E616258
:10AD40006C652063616C6C6261636B730043616E60
:10AD50006E6F7420636F6E666967757265204C450F
:10AD600044206770696F0043616E6E6F7420636F7B
:10AD70006E66696775726520627574746F6E2067A0
:10AD800070696F0043616E6E6F74206469736162F5
:10AD90006C652063616C6C6261636B73282900438E
:10ADA000616E6E6F74206164642063616C6C6261BB
:10ADB000636B00646B5F627574746F6E735F616E5A
:10ADC000645F6C6564730025303258253032582535
:10ADD00030325825303258253032582530325825F7
:10ADE0003032582530325800536F667444657669A6
:10ADF000636520436F6E74726F6C6C657220627550
:10AE0000696C64207265766973696F6E3A200045DB
:10AE10006E74726F707920736F75726365206465EC
:10AE200076696365206E6F7420726561647900468F
:10AE300061696C656420746F2072656769737465FD
:10AE4000722072616E6420736F75726365202825AD
:10AE5000642900416C6C6F6361746564206D656D7D
:10AE60006F727920746F6F206C6F773A20257A7536
:10AE7000203C202575004576656E742062756666F7
:10AE8000657220746F6F20736D616C6C2E20257A53
:10AE900075203E20257500556E6578706563746574
:10AEA00064206D73675F747970653A2025752E2074
:10AEB000546869732069662D656C7365206E6565DD
:10AEC00064732061206E6577206272616E63680032
:10AED000556E6B6E6F776E206572726F7220776839
:10AEE000656E2070726F63657373696E6720686347
:10AEF00069206D6573736167652025640043532085
:10AF0000726573756C747320656E636F64696E67C8
:10AF1000206661696C656400536F66744465766988
:10AF2000636520436F6E74726F6C6C657220415361
:10AF3000534552543A2025732C20307825303478EC
:10AF40000041535345525420524541534F4E3A20ED
:10AF500025730062745F6863695F73646300627481
:10AF60005F7364635F6863695F64726976657200CA
:10AF700062745F7364635F63727970746F004D50C5
:10AF8000534C20576F726B004D50534C204153531C
:10AF90004552543A2025732C2030782530347800DF
:10AFA0006D70736C5F696E697400436C6F636B20C6
:10AFB0006374726C2072656C6561736500484658F5
:10AFC0004F206661696C75726500436C6F636B201E
:10AFD0006374726C207265717565737400556E6B65
:10AFE0006E6F776E004661696C656420746F2067D0
:10AFF00065742048572049442C206572726F723A5C
:10B000002025640044657669636520696E666F205B
:10B01000696E697469616C697A6174696F6E2066C2
:10B0200061696C65642C206572726F723A202564C8
:10B03000004661696C656420746F206C6F616420E8
:10B040004D656D6661756C742073657474696E67A7
:10B050007320737562747265652C206572726F72ED
:10B060003A202564004D656D6661756C74207072C0
:10B070006F6A656374206B6579206E6F7420666FEC
:10B08000756E6420696E2073657474696E677300F1
:10B090006D61696E00312E312E31006E726635346D
:10B0A0006C3135646B006D656D6661756C745F6ED7
:10B0B00063730020252D3230733A20756E61626C07
:10B0C0006520746F2067657420737461636B2073EF
:10B0D000706163652028256429004661696C656498
:10B0E00020746F2073657420756E757365642073AA
:10B0F0007461636B206D657472696373006D656D57
:10B100006661756C745F6E63735F6D65747269639D
:10B110007300556E737570706F7274656420484665
:10B12000434C4B206576656E743A202564006E7240
:10B1300066785F636C6F636B5F6D70736C006D70CE
:10B14000736C5F74696D65736C6F745F7365737333
:10B15000696F6E5F6F70656E206661696C65643AD9
:10B1600020256400666C6173685F73796E635F6D40
:10B1700070736C0074656D704064373030300074EB
:10B18000656D700074656D705F6E7266355F6D70B1
:10B19000736C00332E342E393900474E55004D65FF
:10B1A0006D6661756C74004E6F204275696C642029
:10B1B000494420617661696C61626C650025732089
:10B1C0004275696C642049443A202573003C4E5511
:10B1D0004C4C3E00532F4E3A202573005357207499
:10B1E0007970653A2025730053572076657273692C
:10B1F0006F6E3A2025730048572076657273696F29
:10B200006E3A202573004E6F7420656E6F75676807
:10B210002073746F7261676520746F207365726943
:10B22000616C697A6564204344522C20696E6372B4
:10B2300065617365204D454D4641554C545F43440F
:10B24000525F4D41585F454E434F4445445F4D4525
:10B250005441444154415F4C454E00526561642065
:10B260006174206F666673657420307825782028B5
:10B2700025642062797465732920666F7220736F6C
:10B280007572636520747970652025642066616934
:10B290006C65640025733A204E554C4C20696E70E5
:10B2A000757420617267756D656E747300427566A2
:10B2B000666572206F66202564206279746573204C
:10B2C000746F6F20736D616C6C20746F207061639C
:10B2D0006B6574697A65206461746100556E657888
:10B2E000706563746564207061636B6574697A6509
:10B2F00072207374617475733A2025640025733A63
:10B30000204E6F20726573657420696E666F2063CE
:10B310006F6C6C6563746564004576656E7420734C
:10B32000746F72616765202825642920736D616CD4
:10B330006C6572207468616E206C617267657374ED
:10B3400020726573657420726561736F6E202825A5
:10B3500064290041535345525421204C523A203025
:10B36000782578004576656E742073746F72616716
:10B37000652066756C6C004576656E742073617629
:10B380006564207375636365737366756C6C79208F
:10B3900061667465722025642064726F7073004565
:10B3A00076656E742073746F7261676520282564FA
:10B3B0002920736D616C6C6572207468616E206CFD
:10B3C000617267657374202573206576656E7420DD
:10B3D0002825642900747261636500414243444535
:10B3E000464748494A4B4C4D4E4F50515253545585
:10B3F000565758595A6162636465666768696A6B33
:10B400006C6D6E6F707172737475767778797A304F
:10B410003132333435363738392B2F0052617720AB
:10B420006C6F672100496E666F206C6F6721005753
:10B4300061726E696E67206C6F6721004572726F72
:10B4400072206C6F6721004465627567206C6F67BE
:10B45000210054726967676572696E67206C6F6757
:10B4600020636F6C6C656374696F6E0020202573B8
:10B470003A20257500202025733A206E756C6C00EB
:10B48000202025733A20256900202025733A2022A8
:10B4900025732200202025733A203C756E6B6E6F59
:10B4A000776E20747970653E00496E76616C6964D0
:10B4B00020747970652028257520767320257529DC
:10B4C00020666F72206B65793A2025640043616EB7
:10B4D000206F6E6C792061646420746F206E756DCE
:10B4E00062657220747970657320286B65793A20E3
:10B4F000256429004D657472696373206B657973E7
:10B500002F76616C7565733A004D656D6661756C7B
:10B510007453646B4D65747269635F496E746572D0
:10B5200076616C4D73004D656D6661756C74536426
:10B530006B4D65747269635F556E65787065637491
:10B5400065645265626F6F74436F756E74007379D2
:10B550006E635F7375636365737366756C0073798F
:10B560006E635F6661696C75726500636F6E6E65B0
:10B57000637469766974795F636F6E6E6563746511
:10B58000645F74696D655F6D7300636F6E6E656394
:10B590007469766974795F65787065637465645FF2
:10B5A00074696D655F6D73006F7065726174696F4A
:10B5B0006E616C5F686F757273006F706572617435
:10B5C000696F6E616C5F6372617368667265655FF7
:10B5D000686F757273004D656D6661756C74534468
:10B5E0004B4D65747269635F6C6F675F64726F70F7
:10B5F0007065645F6C696E6573004D656D6661753D
:10B600006C7453444B4D65747269635F6C6F675F14
:10B610007265636F726465645F6C696E65730075F3
:10B620007074696D655F730054696D657254617300
:10B630006B46726565537461636B006370755F750B
:10B64000736167655F7063740054696D65725461FE
:10B65000736B437075557361676500416C6C546121
:10B66000736B7343707555736167650062745F67D0
:10B670006174745F6D74755F73697A650062745F7D
:10B68000636F6E6E656374696F6E5F72656D6F7404
:10B69000655F696E666F0062745F636F6E6E65638F
:10B6A00074696F6E5F6576656E745F636F756E74D7
:10B6B0000062745F636F6E6E656374696F6E5F695D
:10B6C0006E74657276616C5F75730062745F636F30
:10B6D0006E6E656374696F6E5F6C6174656E6379BD
:10B6E0000062745F636F6E6E656374696F6E5F7422
:10B6F000696D656F75740062745F636F6E6E65630C
:10B7000074696F6E5F727373690062745F636F6EEA
:10B710006E65637465645F74696D655F6D73006207
:10B72000745F646973636F6E6E6563745F636F7576
:10B730006E7400746865726D616C5F6370755F63D1
:10B74000006D656D6F72795F69646C655F706374BD
:10B750005F6D6178006D656D6F72795F7379737776
:10B760006F726B715F7063745F6D617800626F6F91
:10B77000745F74696D655F6D73006E63735F636F93
:10B780006E6E656374696F6E5F706F6C6C5F756E03
:10B79000757365645F737461636B006E63735F627E
:10B7A000745F72785F756E757365645F73746163DF
:10B7B0006B006E63735F62745F6C775F77715F7548
:10B7C0006E757365645F737461636B003F3F3F2008
:10B7D000257300526573657420526561736F6E2C1A
:10B7E000204857494E464F3D307825303478005236
:10B7F000657365742043617573653A202573005243
:10B80000657365742043617573652053746F726549
:10B81000643A2030782530347800554E4B4E4F57DF
:10B820004E0050696E20526573657400536F6674E4
:10B83000776172652052657365740042726F776E2E
:10B840006F757420526573657400506F7765722050
:10B850004F6E20526573657400486172647761723F
:10B8600065205761746368646F670044656275673B
:10B870006765722048616C74656400536563757216
:10B880006974792056696F6C6174696F6E004C6FD2
:10B890007720506F776572004C6F636B7570005046
:10B8A0006172697479204572726F7200436C6F63C4
:10B8B0006B204661696C75726500486172647761DE
:10B8C0007265005573657220526573657400546526
:10B8D0006D7065726174757265004661696C65644E
:10B8E00020746F2072656164204D656D6661756CB2
:10B8F000742070726F6A656374206B65793A2025D5
:10B9000064004D656D6661756C742070726F6A6558
:10B910006374206B6579206C656E677468206D694F
:10B92000736D617463683A206578706563746564EB
:10B930002025642C20676F7420256400434F4E46F9
:10B9400049475F4D454D4641554C545F4845415030
:10B950005F5354415453207761732064697361626B
:10B960006C656420696E20746865206275696C641A
:10B970002C207468697320636F6D6D616E6420772D
:10B98000696C6C2068617665206E6F2065666665FF
:10B9900063740A00434F4E4649475F535441434B3B
:10B9A0005F53454E54494E454C206F7220434F4ED5
:10B9B0004649475F4D50555F535441434B5F475590
:10B9C000415244206D75737420626520656E61621A
:10B9D0006C656420746F2074657374207374616384
:10B9E0006B206F766572666C6F7720646574656333
:10B9F00074696F6E0A00434F4E4649475F41535387
:10BA0000455254207761732064697361626C656488
:10BA100020696E20746865206275696C642C2074DE
:10BA200068697320636F6D6D616E64206861732057
:10BA30006E6F206566666563740A004E6F207761DD
:10BA4000746368646F6720636F6E6669677572659B
:10BA5000642C20746869732077696C6C2068616E4F
:10BA60006720666F72657665720A00434F4E4649DD
:10BA7000475F4D454D4641554C545F5A45504859D6
:10BA8000525F464F5441206E6F7420656E61626C48
:10BA900065640A00434F4E4649475F4D454D464158
:10BAA000554C545F485454505F454E41424C4520DC
:10BAB0006F7220434F4E4649475F4D454D464155B5
:10BAC0004C545F5553455F4E52465F434C4F55446F
:10BAD0005F434F4150206E6F7420656E61626C65EC
:10BAE000640A004E756D20617267733A2025640008
:10BAF00054726967676572696E6720486561727420
:10BB0000626561740A0073657373696F6E730068B0
:10BB1000656172746265617400556E6B6E6F776EED
:10BB2000206F7074696F6E2E20456E7465722027C9
:10BB300068656172746265617427206F7220277373
:10BB4000657373696F6E73270A00636F726564753E
:10BB50006D702073746F72616765206361706163DB
:10BB60006974793A20257A75420A00636F726564B8
:10BB7000756D702073697A6520726571756972657B
:10BB8000643A20257A75420A004572726F722072FB
:10BB9000657472696576696E67207265626F6F742D
:10BBA00020726561736F6E3A2025640A00437572D6
:10BBB00072656E74205265626F6F74205265617396
:10BBC0006F6E205265673A203078253034780A004D
:10BBD0005072696F722053746F726564205265628F
:10BBE0006F6F7420526561736F6E3A203078253024
:10BBF00034780A00286E6F742073657429005072BF
:10BC00006F6A656374206B65793A2025730A004674
:10BC100061696C656420746F207365742070726F45
:10BC20006A656374206B65792028657272202564CB
:10BC3000290A0050726F6A656374206B65792073FE
:10BC4000657420616E6420736176656420746F2072
:10BC500073657474696E67730A0048616E67696E14
:10BC60006720696E204953522E205761726E696EAB
:10BC7000672C206E6F207761746368646F67206340
:10BC80006F6E666967757265642C207468697320CD
:10BC90006D61792068616E6720666F726576657286
:10BCA000210A004D656D6661756C7420546573746E
:10BCB00020436F6D6D616E647300636C6561725FCC
:10BCC000636F726500636C65617220636F72656497
:10BCD000756D7020636F6C6C65637465640064756A
:10BCE0006D70206368756E6B7320636F6C6C656339
:10BCF000746564206279204D656D6661756C742091
:10BD000053444B207573696E672068747470733A7E
:10BD10002F2F6D666C742E696F2F6368756E6B2D97
:10BD2000646174612D6578706F7274006765745F0B
:10BD3000636F726500636865636B20696620636F7B
:10BD4000726564756D702069732073746F726564B9
:10BD500020616E642070726573656E74006765742F
:10BD60005F6465766963655F696E666F00646973B9
:10BD7000706C61792064657669636520696E666FB1
:10BD8000726D6174696F6E006765745F7265626F72
:10BD90006F745F726561736F6E00646973706C615C
:10BDA00079206C617374207265626F6F74207265A4
:10BDB00061736F6E006765745F6C61746573745F47
:10BDC00075726C0067657473206C617465737420A0
:10BDD00072656C656173652055524C006765745FD0
:10BDE0006C61746573745F72656C65617365007016
:10BDF0006572666F726D7320616E204F54412075BD
:10BE00007064617465207573696E67204D656D6639
:10BE100061756C7420636C69656E7400636F726524
:10BE200064756D705F73697A65007072696E7420F5
:10BE3000636F726564756D7020636F6D7075746586
:10BE4000642073697A6520616E642073746F726117
:10BE50006765206361706163697479006D657472F0
:10BE60006963735F64756D700064756D70206375D0
:10BE70007272656E742068656172746265617420A7
:10BE80006F722073657373696F6E206D657472696C
:10BE90006373007465737400636F6D6D616E6473BA
:10BEA00020746F20766572696679206D656D6661B4
:10BEB000756C74206461746120636F6C6C6563746D
:10BEC000696F6E202868747470733A2F2F6D666CDA
:10BED000742E696F2F6D63752D746573742D636F88
:10BEE0006D6D616E647329007365745F70726F6A43
:10BEF0006563745F6B657900676574206F7220738A
:10BF00006574204D656D6661756C742070726F6A22
:10BF1000656374206B657900747269676765722068
:10BF200061206275736661756C740074726967670D
:10BF30006572206120686172646661756C74006D61
:10BF4000656D6D616E6167650074726967676572C2
:10BF50002061206D656D6F7279206D616E6167651E
:10BF60006D656E74206661756C74007573616765CC
:10BF70006661756C74007472696767657220612010
:10BF80007573616765206661756C740074726967AA
:10BF900067657220612068616E67007A61737365FE
:10BFA000727400747269676765722061207A6570C7
:10BFB0006879722061737365727400737461636B66
:10BFC0005F6F766572666C6F77007472696767651C
:10BFD00072206120737461636B206F766572666C8A
:10BFE0006F770074726967676572206D656D666151
:10BFF000756C7420617373657274006C6F61646139
:10C000006464720074657374206120333220626945
:10C0100074206C6F61642066726F6D20616E2061A8
:10C0200064647265737300646F75626C655F6672D9
:10C0300065650074726967676572206120646F7559
:10C04000626C652066726565206572726F7200743D
:10C05000726967676572206661756C7420766961C4
:10C060002073746F726520746F2061206261642098
:10C0700061646472657373006973725F6261647096
:10C0800074720074726967676572206661756C749A
:10C09000207669612073746F726520746F2061204F
:10C0A00062616420616464726573732066726F6D8F
:10C0B00020616E20495352006973725F68616E6738
:10C0C000007472696767657220612068616E67201D
:10C0D000696E20616E20495352007472696767650A
:10C0E000722061207265626F6F7420616E642072CD
:10C0F00065636F7264206974207573696E67206D63
:10C10000656D6661756C740074726967676572202D
:10C11000616E20696D6D656469617465206361702D
:10C1200074757265206F6620616C6C206865617241
:10C130007462656174206D657472696373006C6FFD
:10C14000675F6361707475726500747269676765B3
:10C15000722063617074757265206F6620637572FA
:10C1600072656E74206C6F672062756666657220FA
:10C17000636F6E74656E7473006C6F6773007772B3
:10C18000697465732074657374206C6F67732074B1
:10C190006F206C6F67206275666665720063617000
:10C1A0007475726520616E206578616D706C6520B4
:10C1B0007472616365206576656E74006C6F675F8D
:10C1C0006261636B656E645F6D666C74002530320E
:10C1D000783A253034782E25303478004661696C01
:10C1E000656420746F2067657420636F6E6E65638D
:10C1F00074696F6E20696E666F004661696C656474
:10C2000020746F20676574205253534920636F6E0A
:10C210006E656374696F6E2068616E646C653A2048
:10C22000256400526561642052535349206572723F
:10C230003A2025640A004661696C656420746F20A9
:10C240006765742072656D6F746520696E666F3AFC
:10C250002025640069646C6500737973776F726B75
:10C2600071006F73002B0064756D6D7900736C65E0
:10C270006570696E670064656164007375737065ED
:10C280006E6465640061626F7274696E67007375D5
:10C290007370656E64696E670071756575656400BD
:10C2A00063726163656E00FFFFFFFF1F00C3C41070
:10C2B0007F0249DD15C3B604246BCFB477D388EF72
:10C2C000EF00286E756C6C29002A666C6F61742A09
:10C2D0000002E0A101D0F3A76F8BA54303C2AA7AA5
:10C2E00000B2206D657373616765732064726F704F
:10C2F000706564202D2D2D0D0A1B5B306D001B5BBE
:10C30000313B33316D2D2D2D2000202D200020209C
:10C31000001B5B366E000223D1BCEA5F782315DE7A
:10C32000EF1212251500000223D1BCEA5F78231515
:10C33000DEEF1212251500000223D1BCEA5F78233C
:10C3400015DEEF1212241500000223D1BCEA5F783B
:10C350002315DEEF1212241500000223D1BCEA5F80
:10C36000782315DEEF12122315000000023684BD7B
:10C370004E2F7271A30740A5F605002254023684A1
:10C38000BD4E2F7271A30740A5F605002254023658
:10C3900084BD4E2F7271A30740A5F60400225402FB
:10C3A0003684BD4E2F7271A30740A5F604002254B7
:10C3B000023684BD4E2F7271A30740A5F6030022FA
:10C3C00054023684BD4E2F7271A30740A5F60300B8
:10C3D0002254023684BD4E2F7271A30740A5F60287
:10C3E000002254023684BD4E2F7271A30740A5F679
:10C3F00002002254023684BD4E2F7271A30740A55D
:10C40000F601002254023684BD4E2F7271A30740FC
:10C41000A5F601002254023684BD4E2F7271A30787
:10C4200040A5F60000225400FFFFFFFFFFFF0000C1
:10C430000000000000FFFFFFFFFFFF000000000002
:10C4400000303132333435363738396162636465F0
:10C4500066000000000000001000800000805F9B6C
:10C4600034FB010400020000000200000000000094
:10C4700000050000000000000000000000000000B7
:10C480000005010101010102036174745F74785FAA
:10C4900064657374726F795F776F726B5F68616EDA
:10C4A000646C65720000070E091C1B1215383F36BC
:10C4B0003124232A2DD810200C0000000000010494
:10C4C00005020608090F6D656D6661756C745F7015
:10C4D00061636B6574697A65725F626567696E0036
:10C4E0006D656D6661756C745F7061636B657469B1
:10C4F0007A65725F6765745F6E657874006D656DEF
:10C500006661756C745F7265626F6F745F7472617F
:10C51000636B696E675F636F6C6C6563745F726594
:10C520007365745F696E666F0000000000000000B4
:10C5300000000000000000000000000000000000FB
:10C5400000000000000000000001020304050607CF
:10C5500008090A0B0C0D0E0F0010111213141516FA
:10C560001718191A1B1C1D00071823232323232324
:10C570002323232323232300010210141400001C6F
:10C580002030401C2000001C2030400040101414BB
:10C5900000001C2030401C2000001C2030400040C7
:04C5A0000103020091
:10C5A400FFFFFFFFFF1F00001F000000000000004E
:10C5B4001D40000000000000FFFFFFFF1FFF000000
:10C5C400BAABBABA101010100000000000500850A6
:10C5D40000000000000000000C000000010000FF4B
:10C5E4007F00000000000000DF9B0000000000004E
:10C5F400119C000000000000F19B000000000000FE
:10C60400791F0000000000002F9C000000000000C3
:10C61400F4670000FF000000BC8C00000100000073
:10C62400000000002D1F01000000000000010000B8
:10C6340000000000000000000000000000000000F6
:10C6440000000000000000000000000000000000E6
:10C6540000000000000000000000000000000000D6
:10C6640000000000000000000000000000000000C6
:10C6740000000000000000000000000000000000B6
:10C6840000000000000000000000000000000000A6
:10C694000000000000000000000000000000000096
:10C6A4000000000000000000000000000000000086
:10C6B4000000000000000000000000000000000076
:10C6C4000000000000000000000000000000000066
:10C6D4000000000000000000000000000000000056
:10C6E4000000000000000000000000000000000046
:10C6F4000000000000000000000000000000000036
:10C704000000000000000000000000000000000025
:10C7140000000000000000004D5D0100000000006A
:10C724000000000000000000000000000000000005
:10C7340000000000000000000000000000000000F5
:10C7440000000000000000000000000000000000E5
:10C7540000000000000000000000000000000000D5
:10C7640000000000000000000000000000000000C5
:10C7740000000000000000000000000000000000B5
:10C7840000000000000000000000000000000000A5
:10C79400000000000000000000000000A8230300C7
:10C7A4000000000000000000000000000000000085
:10C7B4000000000000000000000000000000000075
:10C7C4000000000039C60000000000000001000065
:10C7D4000000000000000000000000000000000055
:10C7E4000000000000000000000000000000000045
:10C7F40000000000670000000000000000000000CE
:10C804000000000000000000000000000000000024
:10C814000000000000000000000000000000000014
:10C824000000000000000000000000000000000004
:10C8340000000000000000000000000000000000F4
:10C8440000000000000000000000000000000000E4
:10C8540000000000000000000000000000000000D4
:10C8640000000000000000000000000000000000C4
:10C8740000000000000000000000000000000000B4
:10C88400138E0200F9C600007B9102000100000033
:10C894000100000000000000000000000000000093
:10C8A400456403000100000001000000B3A202007F
:10C8B400E8370300685303000000020074530300C8
:10C8C40000000200805303000000020094530300A0
:10C8D40000000200A053030000000200AC53030058
:10C8E40000000A000000000001000000E40900202C
:10C8F400B0030020B0030020000000001C3C030033
:10C90400681F002027C30300000008000000000087
:10C914000000000000000000C91D0100000000002C
:10C924000000000049C30300000012007DC303009F
:10C93400000018009FC3030000000200C1C30300ED
:10C9440000000200E3C303000000020005C403006A
:10C9540000000200000000000000000000000000D1
:10C96400D9BD0200C922010000000000000000003F
:10C9740000000000020000000000000000000000B1
:10C9840000000000E5BE02000000000000000000FE
:10C9940000C0105000000000000000000000000073
:10C9A4000000000000000000000000000000000083
:10C9B4000000000000000000000000000000000073
:10C9C4000000000000000000000000000000000063
:10C9D4000000000000000000000000000000000053
:10C9E4000000000000000000000000000000000043
:10C9F4000000000000000000000000000000000033
:10CA0400000000000001000000A00D500000000024
:10CA14000000000000000000000000000000000012
:10CA24000000000000000000000000000000000002
:10CA340000000000000000000000000000000000F2
:10CA440000000000000000000000000000000000E2
:10CA540000000000000000000000000000000000D2
:10CA640000000000000000000000000000000000C2
:10CA740000000000000000000000000000000000B2
:10CA840000000000093F0100000000000000000059
:10CA940000000000CD5F0100000000000000000065
:10CAA40000000000594901000000000000000000DF
:10CAB40000000000B9720100000000000000000046
:10CAC40000000000B56C0100000000000000000040
:10CAD4000D830100D192010000000000000000005D
:10CAE400000000001D85010089D002004BD1020026
:10CAF400E58201000000000000000000C18F010079
:10CB04000000000000000000219A0100EC53030023
:10CB140000000200F853030000000A000854030058
:10CB240000002000000000000000000000000000E1
:10CB3400000000008BD9020000000000080600205D
:10CB440000000000000000000000000000000000E1
:10CB5400AE4E0020200000000000000000A00450A1
:10CB640000000000000000000000000000000000C1
:10CB740000000000000000000000000000000000B1
:10CB840000000000000000000000000000000000A1
:10CB94000000000000000000000000000000000091
:10CBA4000000000000000000000000000000000081
:10CBB4000000000000000000000000000000000071
:10CBC4000000000000000000880600208806002005
:10CBD40000000000010000009806002098060020D4
:10CBE4000000000001000000000000000000000040
:10CBF4000000000000000000000000000000000031
:10CC04000000000000000000000000000000000020
:10CC14000000000000000000000000000000000010
:10CC2400C5F0010000000000FF000000A53F002047
:10CC34001E000000836200200000000000000000CD
:10CC440000000000000000000000000000000000E0
:10CC540000000000DD3002000000000000000000C1
:10CC64004DFE0200000000000090D003FF00000011
:10CC74000F00000071020000380700203807002070
:10CC840040070020400700200000000000000000D2
:10CC94000E00000000000000580700205807002084
:10CCA40000000000000000000E0000000000000072
:10CCB4007007002070070020000000000000000042
:10CCC4000E000000000000008807002088070020F4
:10CCD40000000000000000000E0000000000000042
:10CCE4004B1203004712030067742000F809002068
:10CCF400340A00200C0A0020B00A0020A40A0020F4
:10CD0400200A0020E0A101D0F3A76F8BA54303C242
:05CD1400AA7A00B20143
:10CD1900000000000000000000000000000000000A
:0BCD29000000000000000000000000FF
:10CD340000000000000000000000000000000000EF
:10CD440000000000000000000000000000000000DF
:10CD540000000000000000000000000000000000CF
:08CD64000000000000000000C7
:04CD6C0000000000C3
:10CD700000000000000000000000000000000000B3
:10CD800000000000000000000000000000000000A3
:10CD90000000000000000000000000000000000093
:10CDA0000000000000000000000000000000000083
:10CDB0000000000000000000000000000000000073
:10CDC0000000000000000000000000000000000063
:10CDD0000000000000000000000000000000000053
:10CDE0000000000000000000000000000000000043
:10CDF0000000000000000000000000000000000033
:10CE00000000000000000000000000000000000022
:10CE10000000000000000000000000000000000012
:0CCE200000000000000000000000000006
:10CE2C0000000000000000001D5D0200000000007A
:10CE3C000000000000000000000900200009002094
:10CE4C00F52D0200000000000000000000000000B2
:10CE5C0000000000000000000000000000000000C6
:10CE6C001D5D02000000000000000000000000003A
:10CE7C0038090020380900201DFE020000000000C7
:10CE8C000000000000000000000000000000000096
:10CE9C0000000000000000001D5D0200000000000A
:10CEAC000000000000000000700900207009002044
:10CEBC00ED30020000000000000000000000000047
:08CECC0000000000000000005E
:10CED40090090020900900203CE20020000000009E
:10CEE400010000002400000000000000AC09002044
:10CEF400AC09002080860020000000000100000032
:10CF0400A000000000000000C8090020C80900209B
:10CF140060E2002000000000030000001000000098
:04CF24000000000009
:10CF2800000000002870002000020000000000003F
:04CF380000000000F5
:10CF3C00F8090020F80900200000000000000000A3
:10CF4C000E0000000C0A00200C0A0020000000005B
:10CF5C00000000000E000000200A0020200A002023
:10CF6C0000000000000000000E000000340A002049
:10CF7C00340A002000000000000000000E00000039
:10CF8C00480A0020480A00200000000000000000B1
:10CF9C000E0000005C0A00205C0A0020000000006B
:10CFAC00000000000E000000700A0020700A002033
:0CCFBC0000000000000000000E0000005B
:10CFC800840A0020840A00200000000001000000FC
:10CFD800940A0020940A002000000000FFFFFFFFD1
:10CFE800A40A0020A40A002000000000B00A0020C3
:08CFF800B00A00200000000057
:10D000000000000000000000C40A0020C40A002044
:10D010000000000000000000D40A0020D40A002014
:10D020000300030010000000000000003C42030069
:10D0300044DE00200000000000000000F80A00208C
:10D04000F80A002003000300100000007D820100A8
:10D0500058430300C4E1002000000000000000006D
:10D060001C0B00201C0B002003000300000000002C
:10D0700000000000EC4003003CD80020000000004D
:10D0800000000000400B0020400B002001000100C8
:10D0900010000000696C0100284203001CDB002026
:10D0A0000000000000000000640B0020640B002062
:10D0B000040004000000000000000000F041030034
:10D0C000BCDA00200000000000000000880B0020F7
:10D0D000880B00200C000C0004000000A942010095
:10D0E000D840030060D600200000000000000000CF
:10D0F000AC0B0020AC0B0020010001000000000080
:0CD10000000000000041030088D900205E
:10D10C00040000001400000003000000474E55000E
:10D11C00956E69B07BFABB332E8EC2E88EF92C1655
:04D12C0084EC572B0D
:04D1300015E015E011
:0400000310002AE1DE
:00000001FF
