:1000000060790020A5130100A98B02009113010063
:10001000911301009113010091130100911301004C
:100020000000000000000000000000007514010046
:1000300091130100000000005D1601009113010002
:10004000D9160100D9160100D9160100D9160100F0
:10005000D9160100D9160100D9160100D9160100E0
:10006000D9160100D9160100D9160100D9160100D0
:10007000D9160100D9160100D9160100D9160100C0
:10008000D9160100D9160100D9160100D9160100B0
:10009000D9160100D9160100D9160100D9160100A0
:1000A000D9160100D9160100D9160100D916010090
:1000B000D9160100D9160100D9160100D916010080
:1000C000D9160100D9160100D9160100D916010070
:1000D000D9160100D9160100D9160100D916010060
:1000E000D9160100D9160100D9160100D916010050
:1000F000D9160100D9160100D9160100D916010040
:10010000D9160100D9160100D9160100D91601002F
:10011000D9160100D9160100D9160100D91601001F
:10012000D9160100D9160100D9160100D91601000F
:10013000D9160100D9160100D9160100D9160100FF
:10014000D9160100D9160100D9160100D9160100EF
:10015000D9160100D9160100D9160100D9160100DF
:10016000D9160100D9160100D9160100D9160100CF
:10017000D9160100D9160100D9160100D9160100BF
:10018000D9160100D9160100D9160100D9160100AF
:10019000D9160100D9160100D9160100D91601009F
:1001A000D9160100D9160100D9160100D91601008F
:1001B000D9160100D9160100D9160100D91601007F
:1001C000D9160100D9160100D9160100D91601006F
:1001D000D9160100D9160100D9160100D91601005F
:1001E000D9160100D9160100D9160100D91601004F
:1001F000D9160100D9160100D9160100D91601003F
:10020000D9160100D9160100D9160100D91601002E
:10021000D9160100D9160100D9160100D91601001E
:10022000D9160100D9160100D9160100D91601000E
:10023000D9160100D9160100D9160100D9160100FE
:10024000D9160100D9160100D9160100D9160100EE
:10025000D9160100C3B20200D9160100D916010057
:10026000D9160100D9160100ADB20200D91601005D
:10027000D9160100D9160100D9160100D9160100BE
:10028000D9160100D9160100D9160100D9160100AE
:10029000D9160100D9160100D9160100D91601009E
:1002A000D9160100D9160100D9160100D91601008E
:1002B000D9160100D9160100D9160100D91601007E
:1002C000D9160100D9160100D9160100D91601006E
:1002D000D9160100D9160100D9160100D91601005E
:1002E000D9160100D9160100D9160100D91601004E
:1002F000D9160100D9160100D9160100D91601003E
:10030000D9160100D9160100D9160100D91601002D
:10031000D9160100D9160100D9160100D91601001D
:10032000D9160100D9160100D9160100D91601000D
:10033000D9160100D9160100D9160100D9160100FD
:10034000D9160100D9160100D9160100D9160100ED
:10035000D9160100D9160100D9160100D9160100DD
:10036000D9160100D9160100D9160100D9160100CD
:10037000D9160100D9160100D9160100D9160100BD
:10038000D9160100D9160100D9160100D9160100AD
:10039000D9160100D9160100D9160100D91601009D
:1003A000D9160100D9160100D9160100D91601008D
:1003B000D9160100D9160100D9160100D91601007D
:1003C000D9160100D9160100D9160100D91601006D
:1003D000D9160100D9B20200D9160100D9160100C0
:1003E000D9160100D9160100D9160100D91601004D
:1003F000D9160100D9160100D9160100D91601003D
:10040000D9160100D9160100D9160100D91601002C
:10041000D9160100D9160100D9160100D91601001C
:10042000D9160100D9160100D9160100D91601000C
:10043000D9160100D9160100D9160100D9160100FC
:10044000D9160100D9160100D9160100D9160100EC
:10045000D9160100D9160100D9160100D9160100DC
:10046000D9160100D9160100D9160100D9160100CC
:10047000D9160100D9160100D9160100D9160100BC
:10048000D9160100D9160100D9160100D9160100AC
:10049000D9160100D9160100D9160100D91601009C
:1004A000D9160100D9160100D9160100D91601008C
:1004B000D9160100D9160100D9160100D91601007C
:0804C000D9160100D916010054
:1004C800064A074B02604FF426725B788280082246
:1004D800C371002382710372704700BF77BE0000AA
:1004E800180E0020064A074B02604FF49C725B7A94
:1004F80082800822C371FF2382710372704700BF94
:10050800B5B90000180E0020F8B5C41D002805462E
:1005180024F007040CBF0020204600F051FA071E03
:1005280002DA6FF00B00F8BD254EB18870880331F0
:10053800F3790330B27989B280B209F021F9002841
:10054800EFDB3C4473783178002D04F1030419443F
:1005580024F0030400FB01F10CBF0020204600F04A
:10056800B3FB23180DB9002BDBDB717A184679B180
:100578000333002D728923F003040CBF00202046AA
:1005880000F014FC0028CCDB20440DB90028C8DB9F
:10059800317A91B1737A83B1C41D002D24F0070418
:1005A8000CBF0020204602F0EDFF0028B9DB0DB19A
:1005B8000020B8E72018B6D5B3E7002DF8D1B2E788
:1005C800180E00201FB572B6194BDC68ECB9BFF3E2
:1005D8004F8F1849184BCA6802F4E0621343CB6086
:1005E800BFF34F8F00BFFDE7B2FBF6F22B465D1C51
:1005F800002AF9D1DBB203F110056D4405F80C2C83
:100608000A2233B901A8A047E1E7024600230A26D7
:10061800EDE7013BDBB203F110050DEB0506B0FB7E
:10062800F2F502FB1500303006F80C0C2846E8E716
:10063800180E002000ED00E00400FA050A4B07B58B
:10064800DA886846ADF800209A885B88ADF80420FF
:10065800ADF8023001F0BAFC18B1FB219C20FFF77D
:10066800B1FF03B05DF804FB180E002010B5044676
:1006780028B308F001FB10B94FF0FF3010BD06F0A9
:10068800E1FEB0F5FA7FF7D80E4B00221A744FF44A
:100698008072DC601A801B225A809A8040F2032202
:1006A800DA804FF484721A811F225A81EFF3108482
:1006B80072B600F0D7FB04B962B60020DEE76FF02F
:1006C8001500DBE7180E002010B5002840D1234C98
:1006D800237C032B39D059B1002A3CD00239052993
:1006E80036D8DFE801F0031227352A2D1378637016
:1006F8000020FFF709FF0028B7BF012302236FF08E
:100708000B002374A8BF237410BD13791BB353794E
:100718000BB31188FB291ED853881B3B9BB2E02BD7
:1007280019D81A2917D913689288C4F802300C4BC3
:100738009A80DDE713786372DAE713886381D7E775
:100748001388FF2B07D82372D2E74FF0FF30DBE77F
:100758006FF02C00D8E76FF01500D5E7180E0020D1
:100768001A0E0020F8B50D46064620B319B311F04D
:10077800070420D1114F3B7C012B02D16FF00B00F5
:10078800F8BD032B02D14FF0FF30F9E700F0A2FBD0
:100798000028F8D02846FFF7B7FE0028EEDB0BF05C
:1007A800BDFB3046214601F093FCFFF747FF0323CA
:1007B80020463B74E4E76FF01500E1E7180E0020CF
:1007C80010B5064C237C032B03D101F097FC02F0F3
:1007D80083F909F0D7F80020207410BD180E002006
:1007E80008B501F041FC03490120BDE8084000F0CC
:1007F800DFB800BFED04000008B501F049FC03496B
:100808000020BDE8084000F0D3B800BFC9040000CC
:10081800074B4FF0FF3141F6FF72C3E9001205495B
:100828000022C1E900221F21C3E90212704700BF5C
:10083800200500202C0E00203F280CD801380B4B37
:10084800C0F3421200F01F0053F8223023FA00F0E0
:1008580000F001007047FF2806D04038044BC0F371
:10086800421200F01F00EFE701207047200500202A
:100878002C0E0020074B0146006849681A4603C23F
:1008880040F48C2200201A6041F0107242F4FF629A
:100898005A607047200500200246034B00685168E3
:1008A80003C30020704700BF2C0E00200246034BF4
:1008B8000068516803C30020704700BF2805002066
:1008C8000138064BC0F3421200F01F0003EB82030D
:1008D8009B6823FA00F000F0010070472005002013
:1008E8000A8870B595B2C67CC2F30E020488023637
:1008F80002F118033444C35AA4B233442344013BDD
:10090800B3FBF4F303FB0422438892B29342044BF3
:100918008BBF2B40AB4313439BB20B8070BD00BF12
:100928000080FFFF4A1E062A08B50346084604D879
:100938004FF4D1711520FFF745FE094A914202D9BB
:1009480040F2A311F6E711B903B1196008BD2BB144
:100958001B680022C3E901211A1D1A600430F5E75B
:10096800FAFFFF7F10B5114B00EB41041A78638939
:10097800B3FBF2F303FB0223013A1A44B2F5706F9A
:100988000279807828BF00231A440B18B2FBF0F1D3
:1009980000FB11215B1AB3FBF0F100FB1133134488
:1009A8006FEA43436FEA5343638110BD340E00205E
:1009B800024B03EB80035960704700BF340E0020E0
:1009C8002DE9F04F10F0070A85B0054604D040F233
:1009D8006F111720FFF7F6FD524F044607F10C067A
:1009E800B146B04657F8043B8DF80BA03BB101A8BF
:1009F80098479DF80A30082B01D9F521E9E79DF8B9
:100A08000B1041BB05B131604F4506F10406E9D131
:100A1800002D6FD00022DFF810910227964689F842
:100A2800002058F827A0013FBAF1000F55D09AF8D6
:100A380004609AF802C0FF2E60D039460023481C93
:100A480038D19C44BCF1FF0F3FD90AB189F800E0C6
:100A58004FF49A71BDE79DF80AC04B1D60465A00D5
:100A680004EB4303022838BF0220441E40422344BB
:100A7800BDF808406444CCF1000C0340013C04EA92
:100A88000C04B4F5803F02D340F20511A1E775B11B
:100A98009A1A0120326091701480D0709DF80C0071
:100AA800107101984FEA104C1081A2F806C004FB9F
:100AB8000134A9E758F8210028B190F804B0B345EB
:100AC80004BF80781B180139B9E7DBB2E6458AF81C
:100AD80004303CBF5FFA8CFE01227B1CA1D10AB115
:100AE80089F800E0022640F6FF6A58F82670B7B980
:100AF800013EFAD2601B05B0BDE8F08F0023E5E7A0
:100B080007EB410309F101093846A3F80AA0FFF7EA
:100B180029FF5FFA89F1BB788B42F1D8E8E74FF0FB
:100B28000009F6E7380E0020340E002038B54FF6DD
:100B3800FF7302460380184B03EB81031869A8B1C1
:100B480084780379B3FBF4F104FB1133DBB2194663
:100B580000EB4105B5F90A50002D0EDB0131B1FB60
:100B6800F4F504FB1511C9B28B42F1D1002038BD50
:100B78006381BDE8384008F0DFBD00EB41046389BC
:100B8800C3F30E031380C278002AF1D14FF4E57144
:100B98001720FFF717FD00BF340E00201C4B03EB96
:100BA800810370B51C69054644B3030404D54FF4AA
:100BB800EC711720FFF706FD0146204608F09FFD5F
:100BC800FF28014604D02046BDE8704008F0B4BDB7
:100BD800A078B5FBF0F300FB1353DBB219460A1DEE
:100BE80004EB4206B6F90260002E09DB0131B1FBC5
:100BF800F0F200FB1211C9B28B42F0D1002070BD97
:100C08008B4201D00023E37004EB42025580DAE7FF
:100C1800340E0020094B03EB8103014610B51C6913
:100C2800204608F06CFDFF28014604D02046BDE8A8
:100C3800104008F081BD002010BD00BF340E002018
:100C4800F8B5104B074603EB810301461C692046A3
:100C580008F055FDFF28054611D0E288238953EA9C
:100C6800024606D00146204608F066FD0146384691
:100C7800B04720462946FFF775FE0020F8BD05203D
:100C8800FCE700BF340E002038B50E4B04468279CD
:100C980003EB8203186908B9052038BD8278E17929
:100CA8009142F9D24B1CE37100EB41035D89B3F922
:100CB8000A30002BF3DBA58008F03EFD2060002001
:100CC800EBE700BF340E002070B5044610F00300B7
:100CD8000E4603D04E211820FFF774FCFFF722FEC2
:100CE800054624B1034831460460FFF71BFE284639
:100CF80070BD00BF500E00202DE9F14FDFF870B035
:100D08001E4607460D46DBF8003090469DF828A0A1
:100D18009DF82C901BB960211820FFF753FC524610
:100D28000921404608F073FB4A4684B2092130463F
:100D380008F06DFB81B2DBF80000214408F0B3FC39
:100D4800386018B9286001B0BDE8F08F04445346F4
:100D5800414609222C60386808F01CFB4B460922E2
:100D68003146286801B0BDE8F04F08F013BB00BF5A
:100D7800500E002070B50E46044608F05BFB054691
:100D8800304608F057FB044B2A1821461868BDE87E
:100D9800704008F0ADBC00BF500E0020024B186830
:100DA80008B108F074BC7047500E00201F2AF8B52F
:100DB800044624D89200134D033250B1830703D060
:100DC80068210920FFF7FEFB22F003032970686001
:100DD8002B8122F0030228230127120403FB01F0D0
:100DE8006B680025120CEEB2B14200D8F8BD14B100
:100DF80026181F705E60104401352833F3E74FF062
:100E0800FF30F3E7540E0020154A002170B55368EF
:100E18001578C8B2854203D8BA210920FFF7D2FB5A
:100E28001C461846013114F8286B0EB92346F0E722
:100E38000021997001241289996103F126055C70DB
:100E48009208D96103F11E04596824F8022FAC42B4
:100E580043F8041F1144F8D100234361037070BDA7
:100E6800540E0020124B01224FF0FF3000215A602F
:100E7800C3F80803C3F80015C3F804255A6040F600
:100E8800FE72C3F808034FF48060C3F8001503F539
:100E980060330849C3F80825C1F88800BFF34F8FAD
:100EA800BFF36F8FC1F88801C3F80825704700BFEA
:100EB80000A0045000E100E002680020014B1A6025
:100EC800704700BF600E0020014B1B68184700BF29
:100ED800600E0020024B1868003818BF01207047C8
:100EE800600E00200A4606488F2302F8033BC368B9
:100EF800C1F803300369536043699360704700BFCA
:100F0800640E0020024B5A8C02435A845B6A1847CD
:100F1800640E0020014B00215B6A1847640E002014
:100F280010B5154C05F020FA05F002FD208DFFF7ED
:100F3800F1FF237E63B12246104904F1190052F8EB
:100F48000C3BE36063685360A368936009F054FE48
:100F5800218DE06A02F04AFBE36AB3F8AA0002F0C6
:100F6800C7FA636B94F8301094F83100984700235F
:100F780084F8383010BD00BF640E0020ED0E00006C
:100F8800034B93F838300BB1FFF7CABF704700BF67
:100F9800640E002070B5184C0546E36CE66AE363FE
:100FA8004FF4817394F85000A4F84030337D96F8DC
:100FB800151100EB83002DB9FF2803D196F81431E1
:100FC8008B4201D004F032FF337D73B1606D05F0C0
:100FD80033F9616DE06B05F031FC15B9284605F071
:100FE80079F9022384F8383070BDE06B05F024F9F4
:100FF80005F09EFCF1E700BF640E002008B5094B20
:1010080093F83820022A04D040F257312720FFF7FE
:10101800D9FADA7A42F00102DA72BDE80840FFF73D
:101028007FBF00BF640E002070B50F4DC90092004D
:1010380000F00300AE6D01F0080102F004021B018C
:10104800347803F0100304F0F3040C43144304F061
:10105800EC041C4304433470B5F864307370022305
:10106800A5F85C3070BD00BF640E00207FB500227B
:10107800012300F180010392CDE90423074A92F885
:101088005020029200F19002CDE90032D0E91E23EF
:10109800022005F00DFB07B05DF804FB640E00208C
:1010A800F7B5184C0646A56E0DB1636C23B940F62A
:1010B800C6012720FFF786FAB4F8483001F003018B
:1010C8002F466B702B7823F003030B4307F8033B81
:1010D8003846B4F84820616C07F038FF0DF1020279
:1010E80001A9E06EE563676408F0C7FA019808F0A3
:1010F800B2FA0122B4F848103060E06E08F05AFAEB
:1011080003B0F0BD640E00202DE9F0412B4C0646DB
:101118000F4694F83830012B5FFA83F804D040F674
:101128000E112720FFF74EFAE56A2B7933B100211B
:1011380004202971FFF7E6FE85F805802B7A052B38
:101148000AD11F490220FFF7DDFE236E1B78991E86
:101158004B424B4184F870301EB1BDE8F041FFF7B7
:10116800DFBE002FF9D0636F304698470028F4D0CF
:1011780094F83030002BF0D1638C9A0714D594F88A
:101188007030002BE9D02B7DE46A13B12846FFF7B5
:101198006DFF94F81521012096210AF0E7FE002042
:1011A800BDE8F041FFF7F6BE002BD6D194F87830B1
:1011B800002BE8D194F87930E3E700BF640E0020F3
:1011C800C40E00202DE9F04FA94C91B0E56A0690B5
:1011D80005F1A803089109930023CDE90D3394F88C
:1011E8003830022BDFB204D040F6AF112720FFF7CA
:1011F800E9F9E36B03221E785978134406F00309D2
:10120800A4F840206364069BA4F84810002B00F063
:10121800338119B1E06E08F0ADF901466A7A238D81
:101228000132A16643F40073D2B2238582EA9603A1
:10123800D80753D42B7AD3B1032B6A7211D8012B58
:1012480018BF0223B5F84420022BA5F8462012D176
:101258000DA9D4F8800008F036F9C0B940F2D6716B
:10126800C4E7053B012B04D940F2B471BEE704235F
:10127800E8E70323E6E7032B10D100F0E1FF10B9FC
:101288004FF4FC61B2E700210820FFF73BFED5E9E7
:101298001C32013342F10002C5E91C3200216B798E
:1012A80029721BB110206971FFF72CFE238D43F4BE
:1012B8000063238500230793C6F3C0082B7DCBB1B9
:1012C800B4F84830B3B105F051FB0328FBD002282D
:1012D80006D1FFF725FE11B0BDE8F08F069BEAE7BF
:1012E80040B9AB7A03F00103434503D1012384F8E5
:1012F8003130EEE7AA7A02F0010398456BD04FF03F
:10130800000AA36E002B40F0C980B4F84830B3FA45
:1013180083F35B0903EA161384F87930089B002BE2
:1013280040F0BE80628C94F88630110704D594F89A
:101338007020002A40F0B480012B00F2B180636F66
:1013480001209847002800F0AB8094F83060002E08
:1013580040F0A680EB7C83B10123039605F1800160
:101368000420CDE90463FB23029305F19003CDE942
:101378000063D5E91C2305F09BF995F81421962103
:1013880000200AF0F3FDD4F82CB094F850309BF804
:1013980014209BF8141103EB8203FF2B03D19BF855
:1013A80015318B4202D0FF2004F040FDD4F82C8088
:1013B800002398F808208DF83130ADF83230062A2D
:1013C80000F28081DFE812F0C3005C015F015F0179
:1013D8007E0171017101B4F84830EBB109F1FF31B8
:1013E800012919D8218D41F48051218594F8841060
:1013F800994206D294F8303043F0100384F8303024
:101408007DE7A16E00293FF47AAF94F8851019B1F1
:101418002020FFF77FFD72E70132B9F1030FAA72AE
:1014280010D1238D0120134943F48053287123855B
:10143800FFF768FDD5E91E32013342F10002C5E924
:101448001E325CE709F1FF32012A0CD8002B3FF469
:1014580056AFDDF818A0D5E91E32013342F100027B
:10146800C5E91E324DE7002B3FF449AFE2E700BF64
:10147800640E0020A80E00202B7D0BB105F090FA19
:1014880094F886304FF0000A0133CDF81CA084F898
:101498008630238D43F48063238532E7012339E7BF
:1014A80004F062FFBAF1000F4CD101230893944E67
:1014B800338D5A0606D44020FFF72CFD338D43F0B8
:1014C80040033385079B63B1B4F80720B4F80530AF
:1014D8001343EA8813431EBFB4F809300133A4F854
:1014E8000930069B002B00F00581B6F80530013362
:1014F800A6F80530002386F88630824801F0E6FF1A
:101508000D9830B108F0A7F800220272099901F08D
:10151800EBFB0E9B33B100221A720C2209990E982C
:1015280001F0B0FB089B002B7FF4D3AE338D1B0674
:101538003FF5D1AE8020FFF7EDFC338D43F08003FB
:101548003385C8E649460EA8FFF7AAFDADE7A8F817
:1015580044300DF1320194F887300FA8A8F804310F
:10156800ADF8323000F05EFE38B10F9828B105238F
:1015780088F80830BDF8323015E0E36A93F8553042
:10158800002B77D10DF131020DF13201D4F8800032
:1015980007F077FF00286DD0BDF83230002B59D105
:1015A800012288F80820A065A4F8643003B1C31CA0
:1015B800236698F809200A9298F80A2098F8088073
:1015C8000B92B8F1020F09D0A8F10508B8F1010F84
:1015D8007BD81B784FF00308022B0DD0D4F880007D
:1015E80007F0A7FF002873D1B8F1030F04D000F06B
:1015F80033FE80F00106F6B206F00103404F87F88B
:1016080078309BF81330002B64D0B7F86430002B87
:1016180060D033464046DDE90A12FFF705FD786DD4
:1016280004F00AFE0022D7E9151004F04DFF18B99E
:10163800D7E9150105F0A0F8012387F8883087F865
:101648003830BAF1000F3FF432AF49460EA8FFF721
:1016580027FD2CE79DF831201AB9032302808270F8
:1016680086E7027802F00302012A08BF032788F8F8
:10167800087098E70023ADF83230012388F8083065
:10168800214800238FE7B8F804310DF131020DF13C
:101698003201D4F88000ADF8323007F0F2FE0028AD
:1016A8007FF468AF40F2C451A0E50DF132010FA8F4
:1016B80000F0B8FD08B10F9810B940F2D35195E584
:1016C800062355E740F2DD5190E54FF0010885E724
:1016D800012691E7DDE90A1233464046FFF7A4FCEC
:1016E800B86D04F0A9FD05F023F90021B86D0AF0E2
:1016F80049FCA1E7B6F807300133A6F80730FCE645
:10170800640E0020900E0020DE0E0020064B10B55F
:1017180093F8382002F0FF0422B91C7601F05EFF2E
:10172800204610BD0C24FBE7640E0020094B0A4A32
:1017380010B51A60FFF7EAFF20B14FF4B171272006
:10174800FEF740FF054C00F0E9FCE06400F0EAFC1D
:10175800606510BD34170020FC180000640E0020DE
:10176800F8B5584C054694F8386006F0FF0016B9ED
:1017780009B102B123B94FF420712720FEF722FFE7
:1017880063639DF81830616284F88530626784F875
:10179800300084F8860084F8310084F8880060847A
:1017A800208584F8780084F8790084F87000A065B2
:1017B8002066A4F86400E0636064A4F84800E56269
:1017C80004F060FB05F0B4F895F91C0104F0B4FBD3
:1017D800D5F8D060D5F8C80004F0B4FB304604F062
:1017E8001DFD95F8240004F0B7FB09F094FD95F869
:1017F800152100F17101012004F02CFC324B18680E
:1018080004F012FDD5F8BC30C4F88030D5F8C030EB
:10181800E366AB7B233B072B52D9EB7B233B072BA0
:101828004ED9B5F8E630B5F8EC0095F814119842A1
:1018380028BF184608F04FFF95F8E830834228BFC4
:10184800034698B295F8E430984200D3C3B295F8AD
:10185800151105F1DC0084F8873009F044FA2F7D72
:1018680095F81511B5F8F06008F035FF0FB9043098
:1018780080B2864228BF0646F3B284F8843084F8E2
:1018880050302B7D13B12846FFF7F0FB0120FFF7FE
:1018980081FBE36AD3F8C00104F0EAFC002323606B
:1018A8006360A360EB886380B5F8AA30238095F85D
:1018B80024302371D5F818310BB101221A60F8BD14
:1018C8001B23C4E7640E002034170020014B93F853
:1018D80088007047640E0020024B93F82900C0F37B
:1018E800C0007047640E0020014B93F886007047D3
:1018F800640E002005100000CD1100001111000039
:10190800890F0000304BF0B55A8985B0B0F8607087
:101918000C46B0F85E6097429D8928BF17469642EC
:1019280028BF16461B2E2ED0B5F5A47F2DD040F625
:10193800480301A99D4228BF1D4608F03FF8BDF89D
:101948000A30BB4228BF3B46E380BDF80C30AB42AF
:1019580028BF2B462381BDF80630B34228BF334643
:101968006380BDF80830AB4228BF2B46A380FF2315
:101978002370E3881B3B9BB2E02B08D940F202514D
:101988003920FEF71FFE1B2FCED105B0F0BD6388AE
:101998001B3B9BB2E02B02D940F20451F0E72389AC
:1019A800A3F5A4739BB2B3F5E06F02D940F20651D8
:1019B800E6E7A388A3F5A4739BB2B3F5E06FE4D977
:1019C8004FF4A161DCE700BFF00E002010B5012143
:1019D8000020FFF71FF9044670B90121FFF7DEF870
:1019E800044620B940F21E313920FEF7EBFD034BC7
:1019F80093F9181009F0ACFF204610BDF00E002036
:101A0800014BD888704700BFF00E0020044BD87CEB
:101A1800C0F3400080F0010000F00100704700BFF3
:101A2800F00E002008B508F0CDFD00F0B3FD00F081
:101A380099FB09F0B9F801F0B7FD03F0F3FE0022B5
:101A4800074B4FF01B1107481A60074BC3E9010108
:101A58004FF4A4711A801A82D960DA7408BD00BFE5
:101A68003817002003021B00F00E0020034B41F63C
:101A78004C525A611B229A74FFF7D4BFF00E002013
:101A8800F7B5274D00F1A80704466B69C0F8DC30AC
:101A9800244BC0F8C430384609F0D1FD064600F0A2
:101AA80051FB8306A97C53BF1B23EB882A891A465E
:101AB800A4F806311C4BA4F808211B6884F8E4102C
:101AC800A4F8E66023B194F91C11B4F8AA00984769
:101AD8001649384608F061FB0123EA8804F1BC0086
:101AE8006979A4F8DA3003322B89019192B2297905
:101AF800033300919BB204F1C001FFF7FDF8D4F85D
:101B0800BC3023B940F2DB413920FEF75BFDD4F845
:101B1800C03013B940F2DC41F6E703B0F0BD00BFB6
:101B2800F00E002000093D003C170020FE0E0020AA
:101B3800024B1B6803B118470C2070473817002068
:101B4800034BDA8802801B7983700020704700BF3E
:101B5800F00E002037B5837805461A2B08D8042BD9
:101B680004D9144A22FA03F3DB0705D412241AE035
:101B7800292B01D03B2BF9D12888B0F5706FF5D20D
:101B880001A908F0CCFD88B9019B93F8202102F047
:101B9800FF046AB9AA7883F82121FF2283F820215B
:101BA80001A807F0DEFF204603B030BD0224FAE7A3
:101BB8000C24F8E7200038040188A1F11B039BB22C
:101BC800E02B0CD8428844F24810A2F5A4739BB2CB
:101BD800834204D8034B002059819A817047122010
:101BE800704700BFF00E002038B50278447802F044
:101BF800010302F0020254EA030101D1112038BDA9
:101C0800BAB98578002DF9D0002B18BF002400E060
:101C18001D46204607F0C5FE0028EFD0284607F0ED
:101C2800C0FE0028EAD0054B00209C73DD731882A3
:101C3800E5E7002BECD000242546EAE7F00E00206B
:101C480013B5008801A908F083FD044620B901985E
:101C580090F832311BB13A24204602B010BD90F8FA
:101C6800603003F0FF04002BF5D190F857309B0744
:101C780006D1FF2380F8323101A807F072FFEBE7A5
:101C88000249583008F0B8FFE6E700BF75B2000017
:101C9800F7B5077805460C46EF2F0FD890F90120C5
:101CA8004378002A0ADB8278900707D113F01000E6
:101CB8001DD1990603F0030202D51AB1122442E09D
:101CC800032AFBD01E07F9D42979EA78EE7942EA8B
:101CD8000122697942EA0142A97941EA06212E7A6C
:101CE80041EA06418A42E9D81F2A0FD8E6E713F0ED
:101CF800600FE3D103F00702052A05D003F00F01B6
:101D08000D22CA40D107D9D51A07DDD56A7A013A1A
:101D1800062AD3D8AA7A032AD0D813F0040102D10C
:101D2800023A012A03D8EA7A012AC7D811B9AA7C4B
:101D3800032AC3D82A7D48B1012ABFD12A7E012AA5
:101D4800BCD830B91124204603B0F0BD022AF5D121
:101D5800B4E7DB0712D46B782A7D03F01803082B4D
:101D680011D1022AEED101213846FEF753FF06466B
:101D780078B109F0A1FDB8B10C24E4E700F0A2F9AC
:101D88000028E8D1DEE7022AEDD02B7F002BEAD02D
:101D9800D8E701213846FEF701FF064640B3154B48
:101DA80093F9181009F0D4FD304609F0C1FE294610
:101DB8002070E874304609F011FEEB7E0446002BD3
:101DC800C1D00028BFD10246B16A684607F0EFFCCF
:101DD8002246B06A012107F035FDB16A684604223F
:101DE80007F0E5FC22462146B06A07F02BFDAAE77A
:101DF8000724A8E7F00E002030B502798BB003461F
:101E0800042A4FD84088B0F5804F4BD82649002483
:101E18008D5C1144ADF800404A798DF8084042F0D5
:101E280010028DF8244042EA45028D7AC97B42EAC5
:101E3800850242EAC102694602F01F028DF80020BD
:101E4800BDF80020ADF809201A888DF80E00000AA8
:101E58008DF80B20120A8DF80D408DF80C208DF8A6
:101E68000F008DF810405A7BD3F807008DF8112029
:101E78005A79059002A88DF812209A798DF81320C6
:101E8800B3F80B209B7BADF818208DF81A307F2310
:101E98008DF81B304FF00113CDE90734FFF7F8FE3A
:101EA8000BB030BD1220FBE7B8DF020073B5064661
:101EB800FFF78CFD044609F046FE33780546012BF2
:101EC8005FD1204609F077FD00287AD0204609F036
:101ED8003AFE18B115B9122002B070BD204609F0BB
:101EE800EBFC08B10C20F7E7204609F022FD064676
:101EF8000028F7D1204602F027FC0028EBD0ED019E
:101F080042F2107331462046ADB25D4309F007FE38
:101F1800204609F010FE014658B92A46204601F02D
:101F28006DFE08B90020D7E741F69A213920FEF75F
:101F380049FB31460DF10600FEF7F8FD064608B9E3
:101F48000D20C9E7BDF8061008F011FC31462046FF
:101F580009F0FDFD3046FFF793FD2A46314620463D
:101F680001F04CFE024610B141F6B621DEE7164BF1
:101F7800DB69002BD6D006F5917106F1A8009847C9
:101F8800D0E7002BA7D1204609F015FDC8B120469F
:101F980009F092FC0028C5D0204609F020FB054630
:101FA800204609F01FFB014600289BD1002DB9D01F
:101FB800B5F8AA00FEF744FE0028B3D041F6D821B0
:101FC800B4E7422088E700BFF00E002002780346FD
:101FD80072B1427862B142881A2A09D982881A2ACB
:101FE80006D90068034A506000209B881381704717
:101FF80012207047F00E002002680020014B5A6141
:10200800704700BFF00E00200378A3F10A02112ADE
:102018009BBF024A0020122093747047F00E0020E4
:1020280008B5052000F082F803F0BCFB014B024A1A
:10203800DA6108BDF00E00200D19000008B5012274
:10204800084B1A7002F070FB09F02AFF08F0B8FA82
:10205800FFF76CFB002007F077FBBDE8084000F0B5
:102068004BBD00BF100F002010B5064C0649201DBF
:1020780008F042F804F108000449BDE8104008F0EF
:102088003BB800BF100F0020680500207005002035
:1020980010B5084C0849201D08F02EF804F1080076
:1020A800064908F029F804F10C000549BDE810407C
:1020B80008F022B8100F00207805002080050020C5
:1020C80088050020014B1878704700BF100F0020CA
:1020D80010B5064C00F0ECFC606808F005F8FFF756
:1020E800C5FC00F07FFE0123237410BD100F0020F3
:1020F800014B187C704700BF100F002010B5064C2C
:10210800A06807F0F1FFE06807F0EEFFFFF78AFC30
:102118000023237410BD00BF100F00200048704733
:10212800210F00200048704723100020C2080449EE
:1021380000F0070001238340885C03438B547047F9
:1021480030050020014BD3E900017047300500201D
:10215800034B1868C0F30020400040F001007047AE
:102168003005002008B505F06DF90023074A32F85C
:102178002310814205D302EB83029378044A13703B
:1021880008BD01330C2BF2D10023F7E7CCDF0200A6
:1021980025110020006808B5B0F8AA3080F864114D
:1021A800A0F8653190F81431012B06D0022B04D029
:1021B8004FF43F710620FEF705FA80F8673190F872
:1021C8001531012B01D0022BF2D180F8683100F2D1
:1021D8005B100249BDE8084008F00EBD8DA1000063
:1021E800024B002283F822209A847047261100208F
:1021F800044B93F82220012A1ABF03600120002013
:10220800704700BF26110020054B024693F82210A4
:1022180001291BBF01209A84002083F822007047FF
:1022280026110020054B024693F8220020B11360C6
:1022380009B19B8C0B800120704700BF261100203C
:10224800044B002293F822009A8410B1012083F8ED
:102258002220704726110020034B93F82200B0FA81
:1022680080F04009704700BF2611002050B90A4A83
:102278000120134603F8010B0868C2F801008A8898
:102288009A807047012805D1034B0A68D8719A6073
:102298008A889A81704700BF4C11002050B90B4BB7
:1022A800187888B1D3F80120B3F805300A60012006
:1022B8008B807047012806D1044BD87920B19A68E1
:1022C8009B890A60F3E70020704700BF4C1100208B
:1022D80010B9044B18787047012806BF014BD8790C
:1022E800002070474C110020F7B58A8800238DF82C
:1022F8000600ADF8042008680B4A8DF8073001463F
:10230800147802F5A872019DD8B2844201D8082039
:1023180007E052F8087F01335668AE4208BF8F4283
:10232800F2D103B0F0BD00BF60110020084B014698
:10233800002230B51C7903F20713D0B2844201D8C9
:10234800082004E013F8015F01328D42F5D130BD59
:10235800601100202DE9F8432B4C0746257904EB42
:10236800000E013D9EF80861EDB2854225712BD023
:102378004FEA05184FEA001C08F108030CF1080998
:102388000CF1880C2344A144A4440FCB89E80F0026
:1023980008F1880323440FCB8CE80F00631993F8E6
:1023A80008218EF8082106225543574305F58875FC
:1023B80007F5887760596219E119E05192888A8097
:1023C80093F840318EF840313046FFF7AFFF0828C8
:1023D80018D12378013BDBB29E42237012D02B33F5
:1023E80006F12B0204EBC30304EBC20293E80300DB
:1023F80082E803002078FFF799FF08281CBF2418FB
:1024080084F80861BDE8F88360110020F0B5254D17
:1024180089B095F8984105F299116846224606F068
:1024280095FD2146684608F0ECF80446B8B300EB81
:10243800400102A8C9B2FEF747FD631E95F8A161E5
:102448000124DBB295F8981105E0721CB2FBF1F09B
:1024580001FB1022D6B206F120020DEB020010F8A3
:10246800202C002AF1D103EB430100F8204C06EBA5
:10247800460220312A44694411F8187C82F8A27176
:1024880011F8177C11F8161C82F8A37182F8A411B0
:10249800013BAA19DBB282F89941FF2BD2D109B0CE
:1024A800F0BD00BF6011002070B5064688B00C462C
:1024B800002A4ED0294A92F8A131D01890F89911E3
:1024C80019B9FF212820FEF77DF803EB43010133FA
:1024D800114491F8A251E57091F8A35191F8A41113
:1024E80025716171002180F8991192F89811B3FB58
:1024F800F1F001FB103382F8A13192F8C23123B90F
:10250800174902F5DD7008F074FB65790D2200218A
:10251800684605F03F0545F0400565710AF0BAF9CF
:10252800E37804AA69468DF80F30304623798DF890
:102538000D508DF80E3004230AF016F99DF81F305F
:1025480023709DF81E3063709DF81D30A37008B08D
:1025580070BD03216018FEF7B7FCD6E760110020B4
:1025680015240000044B1A79824286BF1B1893F881
:1025780050010020704700BF60110020044B1A79F9
:10258800824286BF1B1893F848010020704700BF9D
:1025980060110020074B00224FF461711A701A7104
:1025A80083F8C32183F8C421A3F8C61183F8C22194
:1025B800704700BF601100202DE9F0478246894628
:1025C80017469846FFF790FE08280546064603D0AA
:1025D800FFF7ACFE082860D1324C2379072B5ED870
:1025E800082D15D12678731C072E237003D96C216A
:1025F8002820FDF7E7FF06F12B02D9F8000004EBCD
:10260800C20344F83200B9F8042083F806A09A807F
:10261800257907F110026B1C29012371CB1D234476
:1026280012F8010DBA4203F8010FF9D1873108F108
:102638001003214413F8012D984501F8012FF9D111
:1026480025441021404608F00CF8102185F848016F
:10265800384608F006F885F808612679002385F8D9
:1026680050013146104885F8403107F0CAFF01286B
:10267800054607D831460D4807F0C3FF002818BFA4
:102688000135EDB284F898510025284684F8A15107
:10269800FFF7BCFE2846BDE8F0871220FBE70720BD
:1026A800F9E700BF60110020A8120020B012002036
:1026B800064B10B51879013840B2002800DA10BD71
:1026C800C4B22046FFF746FE601EF5E76011002001
:1026D800014B83F8C301704760110020014B93F848
:1026E800C301704760110020431E4AF2B7129BB223
:1026F80093429DBF024BA3F8C601012000207047FA
:1027080060110020014BB3F8C6017047601100202A
:102718000A4B30B51C7984420ED9184490F8080148
:102728002B3003EBC004A5790D7053F8300010600E
:102738000120A388938030BD0020FCE760110020B1
:102748000246074810B590F8C34124B1017921B178
:10275800083003F089F8204610BD0C46FBE700BF9F
:10276800601100202DE9F74F2F4C9A468046894684
:102778002379834256D9231893F8485185F00105E7
:10278800F9B193F85031E3B945F002070135BAF1D0
:10279800000F18D1FA070AD5062104EB0810524693
:1027A80001FB0841883001F58871FFF77DFEBB0702
:1027B80034D504EB0810524649460830FFF774FE3A
:1027C8002CE02F46E3E794F8A1614FF0010B002DB0
:1027D800E0D0A31993F89911019399B90092DAB14D
:1027E80000F0D0FA019B06EB4601009A4FEA102C44
:1027F80083F899B1214481F8A201000C81F8A3C1A2
:1028080081F8A401013694F89831013DB6FBF3F143
:1028180003FB1166F6B2DAE747F00407384603B05F
:10282800BDE8F08F0027F9E760110020074B1A79FF
:10283800824209D91A1892F848212AB9062202FBBD
:10284800003000F588707047002070476011002044
:10285800064B1A79824281BF1B1893F84001B0FADF
:1028680080F0400998BF0020704700BF6011002029
:10287800F8B50E46074606211546304607F0F1FE24
:10288800044670B10C4B0022187903F23F13D1B201
:10289800884202D801242046F8BD013203F8015FBE
:1028A800F5E73146384607F0C8FE0828F3D0024B52
:1028B800034483F84051EDE760110020034B80F892
:1028C80074101B680BB140881847704740170020E8
:1028D8000B2808B504D940F229112920FDF772FE0A
:1028E800014B33F8100008BDFCDF0200036830B567
:1028F8000024D3F8C40042F21075A3F84040A3F8AE
:102908004640B3F848404443B4FBF1F4A3F84840C8
:102918004C1E05FB0242B2FBF1F2A3F84220094A21
:10292800B2FBF1F20132A3F84C209A8F05FB024466
:102938005A6B5043B4FBF1F4B0FBF1F09C6358635D
:1029480030BD00BF005A62020346084671B13F2BF2
:102958000BD8074AD35C03F07F02914205D08CBFA5
:102968000120002000EAD31070470120704700BF03
:1029780014E00200FF230B7002234B7083238B703B
:10298800014B1B78CB7070472C1300202DE9F84FB2
:10299800D0F804800C46D8F81860304606F049FE96
:1029A800054620B94FF4AA711020FDF70BFE014629
:1029B800304606F04CFEB5F800B082461FFA8BF799
:1029C80017B94FF4AC71EFE7224B00F103091B680C
:1029D800D3B998F8023098F803202370637802F08E
:1029E8000F02A4F802B023F00F03134323F0C0032F
:1029F80063709AF8003003F00303012B0FD0022B09
:102A08000DD04FF4BB71CFE73A464946B8F80200FB
:102A1800984705460028DCD12846BDE8F88F62783B
:102A2800304663F30512627006F017FE054610B9CA
:102A38004FF4C071B8E7FB2F02D940F28F11B3E70A
:102A48003A464946201D06F081FA304606F060FDF8
:102A5800E2E700BF4417002038B5134C10220021CC
:102A6800201D09F017FF0125257404F10803102221
:102A7800002104F11400C4E9013309F00BFF84F8C4
:102A8800205004F11803094AC4E90533002363629E
:102A9800A36284F82C30C4F82D30C4F8313084F89F
:102AA80035301360A36338BD2C1300204417002071
:102AB80010B5084C2378FF2B04D040F29911102050
:102AC800FDF780FD06F0AEF92070BDE81040FFF775
:102AD800C3BF00BF3D05002010B5034C207806F0A9
:102AE800BBF9FF23237010BD3D050020014B18786A
:102AF80006F0C2B93D050020014B024A1A60704732
:102B080048170020952900002DE9F341DFF8688176
:102B1800054608F11407D8F80830D8F81840227A82
:102B2800012A22D1D8F8382052B1137A1BB9BF2113
:102B38001020FDF747FDD8F83840C4B9002083E0DD
:102B48001A7A012AFAD01C464C4AEFF3108172B661
:102B580050680068506001B962B6A34208BFC8F85F
:102B68003840237A1BB9EE21E2E73A46EDE7267AA8
:102B7800F6B205232372731E0B2B6ED8DFE803F021
:102B88006A062235676D3E6D6D6D6D5B636813B9BE
:102B98004FF40371CCE72046294698470420EFF309
:102BA800108272B6237A052BD9B24FF0000359D19F
:102BB8002372D8F83810A14201D1C8F83830B2BB16
:102BC80062B634E0636813B940F21521B0E72946CC
:102BD800204698470346ADF80400C0B2C3F3072364
:102BE800012B2FD0022BDAD11AE0636813B940F217
:102BF8001D219DE7204698470020D0E763680BB960
:102C0800FE2195E786222A7001225988AA706A71E6
:102C180000225869A5F80310AA7106F079FC04206F
:102C2800D8F83830A34202D10023C8F83830002839
:102C38003FF471AF08E0124B294620461B689847BD
:102C4800034668B9267298B102B0BDE8F0814FF426
:102C580015716DE740F257216AE740F25A2167E79C
:102C68000220DDE711B940F27B2161E71846A6E7AB
:102C7800002B7FF450AF61E72C13002030130020A5
:102C880048170020134610B5027A22B140F20231EB
:102C98001020FDF797FC0A4601460248BDE810409F
:102CA80007F084BF30130020044890F82C301BB97B
:102CB8000349243007F097BF704700BF2C1300204A
:102CC800A5AB00000346064890F83C203AB190F8BE
:102CD800352022B9034900F82D3B07F084BF70471F
:102CE8002C1300207D2900000A4610B5037A23B171
:102CF80040F20A311020FDF765FC0146072302481F
:102D0800BDE8104007F052BF401300201346027A76
:102D18000AB1037270470A460146014807F046BFE8
:102D2800301300201B234FF01B128384038482611D
:102D38008382C260038539B94FF4A473034AC384FC
:102D48004384C261C3820261704700BF48014801E1
:102D5800014907F051BF00BF07AC00000B8BA2F878
:102D680009001046A2F80B304B8BA2F80D308B8B64
:102D7800A2F80F30CB8B0249A2F8113007F036BF0A
:102D880057AC0000094AD2E90003434083EAB01176
:102D980081EA43214FEAF34311605360044B5843DF
:102DA8004FEAF06000EB8000704700BF6C13002012
:102DB800BB79379E094AD2E90003434083EAB01140
:102DC80081EA43214FEAF34311605360044B5843AF
:102DD8004FEAF06000EB8000704700BF400500201C
:102DE800BB79379E10B50A4C08210948FEF76CF8E4
:102DF800D4E900321343F7D0064CFFF7DBFF20601D
:102E0800FFF7D8FF236860601843F6D010BD00BFF5
:102E1800400500206C130020174B184A9A60184A86
:102E28005A60184A1A60184A9A62184ADA62184AA6
:102E3800DA60184A9A61184A1A63184A1A62184AD4
:102E4800DA64184A9A64184A5A62184B184A9A60FF
:102E5800184A5A62184ADA62184A1A61184A5A61B4
:102E6800184A9A61184A1A63184A9A64184ADA641E
:102E7800184A9A63704700BF4C17002091AF0000B2
:102E8800B7AF00001DB00000D9B0000023B10000AA
:102E9800E131000035B1000049340000DD320000A6
:102EA800F9B1000011B20000293300004C180020CD
:102EB800A7AF0000CDB1000053B1000003B100007E
:102EC80073B100006D32000097B200003FB20000FD
:102ED80031B20000B7B10000044B054A5A65054BF2
:102EE800054A1A65054A5A65704700BF4C17002005
:102EF80045B300004C1800202FB30000B1B3000008
:102F0800054B064A9A65064A1A66064B064A9A65AA
:102F1800064ADA65704700BF4C17002079A3000005
:102F28002DA400004C180020C9A20000ADA5000087
:102F380037B5044601A80D46FFF75AF920B94FF4F2
:102F4800AA615120FDF73EFB00212222019809F0D9
:102F5800A1FC019B194601F8035F023D232D00F2F5
:102F68008980DFE805F02587128A8A25872B878ADA
:102F7800313D418787458A8A4E4E656587878787B1
:102F8800878787878787876C778021680D20D1F8A6
:102F9800CE215A60D1F8D2219A602268D2F89420C2
:102FA800DA60FFF731F9002869D140F25751C8E7D4
:102FB800226892F8A02002201A71F2E7204600F059
:102FC80005FA0028EDD13DE0112206201A71592298
:102FD8005A7100229A718022DA7130221A72E0E75F
:102FE800226892F89A20E6E7084600F0DDF9E8E75B
:102FF800226892F89B10197192F89A2003205A714E
:10300800CFE722680920B2F800111971090A59712D
:10301800B2F8A2109971090AD971B2F8FC101972A4
:10302800090A5972B2F8A0209A72120ADA72B8E73D
:10303800226892F82E11197192F82F21DEE7114BB0
:103048001B6813B940F249517BE723202246984771
:103058000420A6E70B4B1B68002BF3D02246242044
:10306800984705209DE7074B1B68002BEAD02246AE
:103078002520F5E740F2445163E7012091E703B0CA
:1030880030BD00BF4C1900203F289ABF024B53F8AF
:1030980020000020704700BF4C1700203F289ABF2F
:1030A800024B53F820000020704700BF4C18002046
:1030B800F7B5056804464FF6FF77D5F8BC600DF103
:1030C80002010DF101023046ADF8027006F0D9F99F
:1030D80001A9304606F0F7F948B1019806F0BBFAA5
:1030E8002168A83100220272FFF7FEFDE7E70449D4
:1030F80005F1280003B0BDE8F04007F077BD00BF38
:1031080025AF0000F0B5044685B00D46FF2600F84F
:10311800A56C10F8A63CF3B1174F3B781BB16221A0
:103128001F20FDF74FFA0C21381DFDF7CDFE3E702C
:10313800002304F8A53C8A232A4602F8033BD4F866
:103148000930C5F80330D4F80D305360D4F8113085
:10315800936005B0F0BD01A80C21FDF7B5FEA4F5FC
:10316800F473039A1A6001AB03CB44F8AE0C44F82D
:10317800AA1C04F8A66CDBE77413002010B5054CF4
:1031880023782BB90C21201DFDF79EFEFF23237009
:1031980010BD00BF74130020024690F8D631BBB9A9
:1031A80090F8D73103F0FF010BB100207047094BAD
:1031B80018780028F9D01970D9680433C2F8941027
:1031C80003CBC2F8CE01C2F8D211FF2382F8D63160
:1031D8000120704774130020026838B5D37B044679
:1031E8000D463BB1122B05D0103B0F2B8CBF012095
:1031F800082038BD92F8563013B9204607F054FE1F
:10320800D5F80B302268C2F8C631D5F80F30C2F8AD
:10321800CA312368D5F81320C3F89020B3F8AA2040
:10322800A3F88522D5F80120C3F88722D5F8052010
:10323800C3F88B222368B5F809200025A3F88F224C
:10324800236883F89E5183F8D6512068044900F515
:103258001F7007F0C8FC236815222846DA73C8E7F0
:103268000D310000036810B5DA7B04461F2A04D02C
:1032780040F29D211F20FDF7A5F9002193F8562063
:10328800B3F8AA0083F8551082B1C3F8A91183F8DE
:103298005610A3F8AD11A3F8AA0103F5D0700B4995
:1032A80007F0A1FC23680022DA7310BD0121A3F8FE
:1032B800990183F8982103F28F1083F89B1183F802
:1032C8009F210349A3F89C21EAE700BFC1B0000091
:1032D800A9B0000038B505682B6813F0010419D1AE
:1032E800D1F801200C4BD1F8051013400B4AC5F852
:1032F8006630C3F307630A4043F00803C5F86A2041
:1033080085F8693007F0D0FD2B68204643F00103AB
:103318002B6038BD0120FCE72FC904F76FDB008064
:10332800006810B5837B042B28D1D1F801304A1CE2
:10333800D1F80540C0F86630C3F30763C0F86A40A7
:1033480043F0080380F86930002380F84E30837317
:1033580090F8713103F0FF040BB1002010BDB0F8F4
:10336800AA3000F2691044724381D1F8013004494F
:10337800C3605368036107F036FCEEE70120EDE710
:103388008DB10000006890F871314BB9B0F8AA30DF
:1033980000F26910034943811A23437207F023BCE2
:1033A800704700BF8DB1000010B50446FEF7CAFE95
:1033B800044A054B024009200B40C4F80120C4F818
:1033C800053010BD2FC904F76FDB008037B50C46F8
:1033D8000568FEF7B7FE0A4B0A4A03400A4095F80B
:1033E800661000930B4001928DF800306B4603CBBA
:1033F800C4F801000920C4F8051003B030BD00BFAF
:103408002FC904F76FDB008038B5DB04154604D5F7
:10341800037D13B10023436338BD446B0134446317
:1034280007F014FF836B9C42F6D3002303494363E0
:103438002846BDE8384007F0DFBB00BFEDB100000B
:1034480038B504680546A37B012B02D0236898078A
:1034580038D494F857309A0713D44A78D80784F8A0
:1034680061204A88A4F862208A88A4F8642043F07E
:10347800020284F857200FD5134904F1580007F0C9
:10348800BBFB94F85730D90711D423689A0708D59D
:1034980058214020FDF796F894F83231002BEBD1F3
:1034A800EFE743F002032846236007F0FDFCA37B07
:1034B800012B4FF0000301D0002038BDA37384F81E
:1034C8004E30F9E70120F8E775B2000070B50568DD
:1034D800044602F085F9054B0146E8721B681BB1EA
:1034E8002046BDE87040184770BD00BF5419002041
:1034F800024B1B6803B11847704700BF50190020E2
:10350800F0B51F4D00242B7814709BB1013B6D68FA
:10351800DBB21E1B012E0FDC05EBC40655F8347018
:1035280076688E4208BF874227D0B84271EB0606FC
:1035380012D214700020F0BD1E197710C6F347068A
:1035480055F837C005EBC70E8445DEF804708F4187
:103558002CBF33463446DCE705EBC30455F833503B
:1035680064688C4208BF854206D0A84271EB040407
:1035780028BF01331370DDE71C4601201470DAE719
:103588009413002010F0070208B503D063214820E7
:10359800FDF718F818B1034B197258601A70C80073
:1035A80008BD00BF94130020014B00221A70704719
:1035B80094130020FF23084A0B700D234B708223BD
:1035C8008B701368C1F803305368C1F807309368EB
:1035D800C1F80B30704700BFAA1300201622002143
:1035E800014809F057B900BFAA1300200B4B5A7DB8
:1035F80092B14A0610D5B0F8AA2009491A80D0F825
:1036080050225A60D0F854229A60C28803F10C0004
:103618005A800222FFF77ABB704700BFAA13002026
:10362800BD350000094B53F8203003F5224370B52F
:10363800B13316464FF47A720C46B3FBF2F53444B4
:1036480002F032FF2C44204470BD00BF1CE1020090
:103658002DE9F04F8BB0044698460F46039290F838
:10366800159106F08DFD824694F81F01FFF730F999
:10367800824407F050FEE37B00F148061FFA8AFAFD
:103688000293039B002B4AD1637B032B47D1029BF8
:103698000C2B32D1B4F86C32BB422ED1D4F8F031B5
:1036A8002046B4F8C421C4F8E031D4F8C430C4F8D2
:1036B800E431B4F862321344C4F8E83102F03CF85B
:1036C800D4F8742241F64B5194F81D31C4F8C42043
:1036D8008A428CBF002303F00103D4F87012D4F897
:1036E8007822C4F8D41084F81E310223B4F86E127C
:1036F800C4F8CC20A4F8D8106373E37BA17B282BF3
:1037080001D028290BD1B4F86C32FB1A1A0406D45C
:10371800A1F1280320465942594101F0B9FBB4F8F8
:10372800605204F50C73B4F806E07D1B94F815B1EB
:10373800A7EB0E0E04932DB20FFA8EFE002D0FDAB2
:103748007546D4E99223C4E996230122637B032BAF
:1037580000F26481DFE813F0060006015A0029012F
:103768004246F3E70121002006F0C4FF8146D4F861
:10377800D4005146484403F019FE5146C4F8EC0100
:10378800D4F8C40003F012FE07A9C4F8F00108A891
:1037980002F0FAFD079B0093DDE90823D4E99601BE
:1037A80008F065FC834604F1A80007F026FED4F86B
:1037B800D420D4F8643294F81501D51802F07CFEB0
:1037C800D4F8EC1100F52240203D4FF47A73B13063
:1037D80032466D1A3031AD1BB0FBF3F04D44B4F8EE
:1037E800D830A5EB0B0503EB41012D1A94F8150110
:1037F800FFF718FFD4F86432C4F8F401EB1AB92BB8
:103808005DD840F2C6413020FCF7DCFED4F8D43055
:103818005146D4F8E401184403F0C8FD5146C4F8F1
:10382800EC01D4F8C40003F0C1FDC4F8F00104F1C0
:10383800A80007F0E2FDD4F8D430D4F8E4511D44D0
:10384800B4F8C431002B40F08980B8F1000F00F0C3
:10385800858094F8150102F02FFED4F8EC11D4F805
:10386800503200F522406D1A94F81521B130203DF0
:103878001D44854B53F822204FF47A7302F2E73245
:10388800D4E9929AB2FBF3F2A5EB0905B0FBF3F089
:103898001544AD1B2D1AD4F8E821D4F8E03194F87A
:1038A800150102FB0313B4F8D8103246303301EB8C
:1038B8004301FFF7B7FE0123C4F8F4016373D4F89A
:1038C800C430D4F8F021723B9B1A9E1B0023864219
:1038D80084F83032D4E9963228BF064604F1DC0079
:1038E8005B19C4F8C06142F10002C4E9903207F0E4
:1038F800F8F904233044A4F8607284F83932C4F823
:103908003402D4E99023C4E99623B4F8B031DB1B20
:103918001BB2002BD4BF00220122520084F83822A7
:10392800029A0C2A7DD0B8F1000F7DD1637B002B61
:1039380000F09680D4F8C41004F50C70D4F8F03177
:10394800C91A06F09AFE80B2002800F08980149BFC
:1039580003B1188001200BB0BDE8F08FD4F8EC114A
:103968006D1A98E7D4F8F001D4F8C430B4F8C4C19B
:103978001B1AD4F8E811F444D4F8E0215D43D4F8D4
:10398800EC31ACEB010C30330CF1FF3C02FB0133A2
:10399800B4F8D810324600FB0C3301EB430158460B
:1039A800FFF740FEC4F8F40189E7D4F8F0A1D4F891
:1039B800C430B4F8C4C1A3EB0A035D4332B3BCF10D
:1039C800000F23D1D4E99423D4E99201904271EBFA
:1039D800030302D340F20D5115E72B4B203A53F85D
:1039E80029304FF47A79D4E99201CDE9040103F240
:1039F800E73103F522430498B133121AB1FBF9F108
:103A0800B3FBF9F30A44D21A921B15440CEB0E01CE
:103A180032460AFB01F130314900C0E740F2255136
:103A2800F1E6B8F1000F1BD0B4F8D80110B3B4F820
:103A3800DA1194F8DC214D1CA4F8DA1101FB0222FA
:103A480090420DDD002B0BDD0023A4F8DA5184F839
:103A58003832FFF797F900F00700013084F8DC01ED
:103A680004F50C7104F5027004F048FC20B940F22A
:103A78007551C8E60146DCE7039B83F0010384F82F
:103A88000032002067E700BF1CE102002DE9F8437F
:103A98000E46044618B9D3213020FCF793FD0529BA
:103AA80000F2A780DFE801F00376413DA52E08F07B
:103AB80082FBC4E94601204600F06AFFD4F80C01F5
:103AC800A43808F0CEFA204608F03DF8054600BBB9
:103AD8000146204607F074FF00F1AE06D4F80C0149
:103AE800B04209D2301A0321192838BF192008F02A
:103AF80034FB60B108F0B7FAC4F80C61204608F04E
:103B080034F845B12046BDE8F84308F02FB8012540
:103B1800F2E70025F2E7D4E94623C4E94023BDE8EB
:103B2800F883BDE8F84302F03BBC07F054FF0423D8
:103B38008146884684F8113108F091FA07220F4629
:103B4800A9FB023102FB0811D4E940525B1941EB91
:103B58000205D4F8E8203AB159EA080204D098429C
:103B680077EB050228BF012684F81061D4E94826BE
:103B7800121A66EB070694F8301139B9012A76F162
:103B880000010BDA204600F00BFF03E0012A76F172
:103B98000006F7DB002384F82831C0E7984277EB6A
:103BA80005010FD259EA08080CD01B1A65EB07016A
:103BB8009A4276EB010005DB012B71F10000A4BFEE
:103BC8001A460E460C49012304F1C000914284F8BC
:103BD80029314FF0000384F80831B341B8BF0A46D1
:103BE80004F5847104F002FC002898D140F2B16118
:103BF80052E7EF2150E700BF0040420F2DE9F8439C
:103C080004460E46154690F8283103F0FF07002BAE
:103C180040F0918000F1C00839467822404608F00B
:103C280039FE22464549404608F037FBC4F8E860AB
:103C3800FF2384F8283166B1FFF7BCF800F00700CD
:103C480032463F49013086F8DC0106F5027008F07B
:103C580024FB40F20243A4F81031002384F8083111
:103C680003F0FAFB00F14906204607F06CFF014615
:103C7800B6B2B0B306F084FA00F12801284689B23A
:103C880003F094FB2844AE3DC4F80C0108F0E7F9B2
:103C9800301841F10001C4E94601012084F8EC0024
:103CA80007F0FBFF2D1AC4F8F0504FF0FF356FF006
:103CB80000414046D4E94623C4E94851002504F5AB
:103CC8008471C4E93E23C4E9402384F8295142F2AF
:103CD800107204F08BFB38BB4FF4DC713020FCF71A
:103CE80071FC2046DFF85C9007F06AFEAE30C4F83D
:103CF8000C01B9F8000048B1E08B38B1FFF75AF869
:103D0800B9F80030B0FBF3F202FB1300064408F0E8
:103D1800A6F9361841F10001C4E94661002DC4D066
:103D2800AD1941F10001C4E72946204607F020FFFC
:103D38003846BDE8F8830C27FAE700BF953A00003B
:103D48001DB40000C0130020F0B5002385B0CDE9F4
:103D5800003301238DF806306846FCF795FF70B1F3
:103D68000123104EB3700023CDE9023302A8FCF7FB
:103D78008BFF044638B10023B37005B0F0BD00983E
:103D880007F030FCE8E7029D6B7B002BEED005F5D1
:103D98000277384608F088F9384608F091F96C73CC
:103DA800E4E700BFC0130020044B0022DA709A70C9
:103DB80042F210721A80FFF7C7BF00BFC01300207D
:103DC800014BD870704700BFC013002008B502F03F
:103DD80009F8044B5A6882422ABF9878002080F07C
:103DE800010008BDC0130020F7B5044606297BD89A
:103DF800DFE801F004251523282D74003C4B9B783F
:103E080003F0FF025BB900920123B0F8B411FFF789
:103E18001FFC30B140F2CD613020FCF7D3FB042306
:103E2800637302F07FF904F055FA0023E288A4F8DE
:103E38006232A4F8FE2184F8013203B0F0BD0323F6
:103E48004373FAE708F088F8C4E99401F5E790F8B5
:103E5800150107F0C2FA6430D4F8F0319528D4F887
:103E6800C450234F8CBF0020C0F19600C218954261
:103E780088BFED1AFB7894BF00252D1A23B9D4F812
:103E8800DC309D4228BF1D46D4F8C06104F1DC0037
:103E980006F027FF0644022008F035F90221AD1B81
:103EA80025EAE575854228BF0546284608F055F9F4
:103EB80010B12E4408F0D7F80123C922314604F185
:103EC800A80006F0B9FFD4F8C0317860D4F8C4006F
:103ED800184403B0BDE8F04008F0C3B8A83003B0F8
:103EE800BDE8F04007F089BA40F29B7194E700BF43
:103EF800C0130020014B1880704700BFC01300207A
:103F08000346074A1068D3F84920C0F80320B3F8DD
:103F18004D20A0F8072093F8481006F03BBD00BFDD
:103F2800C813002070B504460E461346807D658888
:103F3800324615F0040118BF04F15701FEF712FCD0
:103F48004107054621D4C2070BD50123A07D84F87B
:103F58004830FEF76BFC0368C4F849308388A4F83E
:103F68004D30AB0701D4012070BD094B0121186801
:103F7800D4F8573084F85610C0F80930B4F85B30DC
:103F8800A0F80D3006F00FFDEDE70020ECE700BFCC
:103F9800C813002038B5C38C04460F4D0133C3F352
:103FA8000E03C3842B7C2BB102F0BAF901F0B4FCE8
:103FB80000232B7400232B7194F869302BB1012155
:103FC8002046BDE8384007F0D8BB637C13B1E28CCB
:103FD8009A42F4D20021F3E7C813002010B5074C29
:103FE8002379012B05D1237C1BB102F099F901F04B
:103FF80093FCA069BDE81040FFF7CCBFC8130020B0
:1040080070B5254C2379012B04D040F682412D2030
:10401800FCF7D8FA98B90125237C1BB102F080F986
:1040280001F07AFC002D36D0A06907F0F6FA68B3E3
:1040380002F024F8E369BDE870409B6818472168DE
:10404800A26911F8095B02F1490392F84820E809CE
:1040580006F0B9FA0028DED00021206806F0C8FC76
:104068000028D8D02379A069012B02D040F65C4102
:10407800CDE7237905F00F01E26903F18043526926
:10408800013B52F8233098470546C5E7A069BDE8CB
:104098007040FFF77FBF70BDC81300200346074A72
:1040A800906903B909B9FFF775BF1379D26903F1AC
:1040B80080431269023B52F823301847C813002086
:1040C80003292DE9F043054685B0174607D14388F3
:1040D800980723D40024204605B0BDE8F083428821
:1040E80090F86830D107DBB2F4D5002BF2D14FF04D
:1040F8000108DFF8D49099F81060C6B106F0A7FA65
:104108000828387016D002AA0DF10701FEF700FB47
:1041180038B940F6F7612D20FCF754FA4FF0020841
:10412800E7E702A99DF8070007F0DDF806463B78A7
:10413800082B08D1D9F8001011F8030BC0F3801030
:1041480007F0D1F80646D9F8001005F1500395F8A4
:104158004F2011F8030BC0F3801006F034FAD9F899
:104168000010044611F8030BC0F3801006F065FA3E
:104178008146FEF76DFB40B1B9F1080F1BD04846E8
:10418800FEF7F0F980F00103D8B23A78082A14D083
:104198001CB9AC7DA21A544254416A8853079AD478
:1041A800002897D176B9EC7C444518BF002C0CBF89
:1041B800012400248FE70020E7E780F00102224075
:1041C800D4B2EAE7344686E7C81300202DE9F04F59
:1041D80085B00823052104460DF107028DF8073044
:1041E800FFF76EFF064620B90026304605B0BDE849
:1041F800F08F794F396807F112037A7C11F8030BB5
:10420800C0F3801006F0DFF980460028ECD13B6847
:1042180040F2E249A16918468D7D10F8032BC2F3DC
:1042280040122A401D468A75D3F80320C1F8AD20F4
:104238008288A1F8B12015F81F1BA269C1F380116B
:1042480082F8AC1002A9D3F81F00029028790871EF
:10425800D3F80F00C2F8C800587D1D7D000440EA5D
:104268000520DD7C2843C2F8D000B3F8190082F895
:104278001E8109FB00F0C2F8C4009D7DC5EB451006
:1042880005EB800505EB85056D00A2F8D850B3F85D
:10429800170009FB00F0C2F8D400B3F81B00A2F81D
:1042A800CC00B3F81D00A2F8CE0093F8243003F038
:1042B8001F005B0982F8220082F81F31A56994F972
:1042C80012A005F1160006F0C2FA40F20113A5F893
:1042D80014314FF0FF0B85F816B1414605F1DC00AB
:1042E800FEF720FD514605F1A800FEF7E7FAA3699D
:1042F80084F8738004F17E01B3F8AA2084F891B0A1
:10430800A4F874204FF6FF729DF80700A4F89220D5
:10431800D3F8C420B2FBF9F2A4F88A20B3F8CC2071
:10432800A4F88C20B3F8CE20A4F88E2093F81F218F
:1043380084F89020627D62B394F84820012A28D13D
:1043480094F84E2002F0C002402A22D1D4F8492025
:10435800C4F87E20B4F84D208A80082893F8AC2051
:1043680003F1AD0504F1840184F8772004F17802A3
:10437800D3F8AD3027D0C4F88430AB888B8004F1F3
:104388007701FEF7C5F940B940F6E2312D20FCF778
:1043980019F90022C4F87E20DEE794F8773043F05C
:1043A800020384F8773004F16A000C4906F01BFC1C
:1043B8000B4B0022A0691B683A71002B3FF415AF24
:1043C8002146984711E7A367AB8893800023C4F878
:1043D80084308B80E7E700BFC8130020E5B80000F1
:1043E8005C190020032937B5044604D0052957D0A5
:1043F800012003B030BD08230DF107028DF8073006
:10440800FFF75EFE0028F3D0237C2A4D03B39DF806
:10441800070094F8B630DBB92378082804F1B9020C
:1044280084F8B7302DD004F1B801FEF771F920B93E
:104438004FF477612D20FCF7C5F894F8B83043F0B5
:10444800020384F8B8301C4904F1AE0006F0CBFB37
:104458002B68042220461A7006225A70FFF750FD76
:10446800616B94F83820286806F0B3FA03232868AB
:104478002B7101F0E1FE0021286807F083FD002080
:10448800B7E72868034613F8031BC1F3801184F8C3
:10449800B810D0F80310C4F8B9109B889380D2E7FD
:1044A800064B1B68002BEAD0984780F00100C0B289
:1044B8009FE700BFC8130020CDB80000581900209E
:1044C800F8B504460F4619B300F12005284607F051
:1044D800C1FBA0B963881A072ED5284607F0CFFB81
:1044E8000646284607F0B6FB301AC0B207F0D5FBDF
:1044F800494A936803442846936007F08AFB284694
:1045080007F08CFB01F028FD2179252001F08EFCB5
:10451800414E002394F85620306803704370638836
:10452800103B0D2B68D8DFE803F063675F0C674426
:1045380067676767676767442046BDE8F840FFF725
:1045480029BD06234370202303702046FFF7D8FCBB
:10455800638823F008039BB2152B05D094F830200C
:10456800E16A306806F026FA306801F065FE00213D
:10457800306807F007FD022321790020337101F02C
:10458800F9FC054607B9F06063881B0704D507F0F6
:1045980081FB0544C4F8F4506388103B0D2B36D8D2
:1045A800DFE803F038352F2F352F353535353535DC
:1045B800352F0C2321214370034603F8091B52B100
:1045C800D4F857200121C0F80920B4F85B209A805C
:1045D80006F0E9F9B9E7226DC0F80920B4F85420CB
:1045E8009A8094F84F10F3E7062303704370ACE702
:1045F800022303700623F9E740F259612D20FBF7E7
:10460800E1FF21790120BDE8F84001F0A3BE40F6A2
:10461800F541F3E7F8BD00BFC813002038B543885B
:104628000446102B04D10121BDE83840FFF748BFEC
:104638000B4D2B7C23B101F049F9402001F064FEB9
:10464800286801F0F9FD608810F0040002D1217992
:1046580001F080FE002001F03DFE01232B7138BDE2
:10466800C8130020024B01219869FFF729BF00BF3A
:10467800C813002010B5124C237C1BB101F050FE6A
:1046880001F04AF9A06906F0C8FF38B12379012B77
:1046980009D040F686312D20FBF794FFA069BDE8CC
:1046A8001040FFF777BC2379E26903F18043A069E2
:1046B800D268013BBDE8104052F82330184700BFCC
:1046C800C8130020074810B5037903F0FF0433B975
:1046D80014222146043008F0DDF8204610BD0C24D1
:1046E800FBE700BFC813002010B50023094C237155
:1046F800FDF714FD2060FFF7E5FF20B14FF442718C
:104708002D20FBF75FFFE36913B940F20B31F7E7A0
:1047180010BD00BFC8130020014B024ADA61704780
:10472800C8130020F0490000034B044A1A60044BE8
:10473800044A1A60704700BF58190020D54100008C
:104748005C19002035B70000F8B5057D0446AF1E9A
:10475800FFB2002D3AD0012F2DD800F1500190F86A
:104768004F0005F06AFF0828064624D0FDF706FF2B
:1047780010BB023D18BF0125012F84F84850A675CB
:104788008CBF002701276775FDF7BCFF054607F0BA
:1047980066FC0022144B84F85620E5FB0301C4E9AB
:1047A800100111462046FFF7BDFB70B940F2A34146
:1047B8002D20FBF707FF0826022D09D104F1490136
:1047C8000020FDF76BFD60B90020F8BD0826F5E76D
:1047D80004F149010120FDF761FD0028F4D001250D
:1047E800CAE70025C8E700BF40420F00F0B5444EB5
:1047F80085B00446327902F0FF0312B90278FF2A25
:1048080004D140F6DD112D20FBF7DCFEB36080F803
:1048180069303C4B684604F1200500933A4B0193FC
:104828003A4B0293F3695B68039301F0FDFC01F0D6
:1048380029FB01F075FD01F06FF8354801F082FBA6
:10484800344801F0EBFC284607F0E3F9284607F066
:10485800E5F901F081FB2179252001F0E7FA94F9C7
:10486800120001F069FB04F12C01A06A05F008F8B8
:10487800074604F13401A06A05F029F80546DFB1BE
:10488800237FCBB1B4F92650ED43ED0F637D13B907
:1048980063885B0709D56FF00043D4E910129A4288
:1048A80008BFB1F1FF3F0DD19DB930680330FDF766
:1048B80047FF307405B0F0BD002DE7D0657F002DAF
:1048C800E0D1E3E707F0CBFBD4E91023904299410C
:1048D800EAD3012229462046FFF724FB50B1FDF711
:1048E80011FF054607F0BBFB0B4BE5FB0301C4E9D1
:1048F8001001DAE7002DD8D040F61C2183E700BF6D
:10490800C81300207D46000009400000A5400000B3
:10491800D6BE898E5555550040420F0073B50446E2
:10492800FFF764FF00212046FFF7CAFD236E0BB195
:1049380001221A606388DB0724D50023124EA5697B
:10494800CDE90033FF2373746846FCF79DF9C8B9B5
:10495800009CA542F8D005F1B40395F8B32004F102
:10496800B40194F8B30005F02EFE0028ECD094F8BA
:10497800AC30B4F8B1207374D4F8AD30C6F8123046
:10498800024B9A8002B070BDC8130020DA130020D1
:10499800024B9861DB691B68184700BFC8130020E9
:1049A80043881B0710B504460FD583693C22094983
:1049B8006A304272B3F8AA304381FF2380F8273067
:1049C8004FF6FF73038506F00EF9FF2384F869306C
:1049D80010BD00BFE5B8000031B900002546000051
:1049E80037B90000ED43000025490000E53F00000D
:1049F8006D460000E0490000E4490000EC49000071
:104A08000138022808B503D9C4212F20FBF7DAFDA5
:104A180013290A4B05D811290CD8102907D0D221FF
:104A2800F3E71529FBD103EB4003D88801E033F8FD
:104A3800100008BD03EB40039889FAE798E00200EC
:104A4800294A38B50346948810681C43402B948043
:104A580004D10421BDE83840FFF7C6B9802B01D145
:104A68000521F7E703F00304032C04D140F6B23123
:104A78003120FBF7A7FDDD0706D50C689160247887
:104A8800062C0FD00B2C17D09C0706D5096809787F
:104A98000529117319D00B2921D09B0644BF08237F
:104AA800537338BDC47B1B2CEED100240025C0E90C
:104AB8001C450124C474E7E7C47B112C01BF002402
:104AC800C474012480F85640DEE7C17B1729E4D17D
:104AD800002400250121C0E91E450175DDE7C17BE1
:104AE8001029DAD10021F8E7E81300200C4A034620
:104AF800517B89B910683BB9B0F80411B0F8E820C7
:104B0800914209D8FFF762B993881B0706D5007C44
:104B1800073818BF012070470020704701207047F0
:104B2800E813002073B5044600680D46036813F0C7
:104B3800300F49D1B1F805101A2904D9B5F8073052
:104B4800B3F5A47F06D22978204602B0BDE87040AC
:104B580006F0D3B9B5F801201A2AF4D9B5F80360DC
:104B6800B6F5A47FEFD3DC30009606F0CCF8174BEF
:104B78009A8892070DD51B7B142B0AD122681368DB
:104B880043F010031360204606F08EF9002002B0AF
:104B980070BD23689A7B202AF0D093F82331002B2C
:104BA800ECD1236893F82231002BE7D123681A68E7
:104BB80003F1DC01B3F8AA0042F020021A6003F501
:104BC800A472FEF7CBF8DEE70120E0E7E813002047
:104BD8002DE9F843614C0646256800287ED1A38854
:104BE8001A0725D595F89E30FE2B04D140F2FB51CB
:104BF8003120FBF7E7FCFE2385F89E30EB7B1D2B6D
:104C080005D185F85500204606F058F9EE73AB7BC0
:104C1800232B06D1EB7B233B072B94BF2A2324238A
:104C2800AB732B7C072B02BF0223A37385F89E303E
:104C3800A388DB0717D4A3885F0776D499077DD5A7
:104C4800207B012223680D2883F89F2073D0112828
:104C58007ED007287ED0FEF721FA034600286BD1C4
:104C680040F2EE51C4E7D4F80080A16898F80F30FC
:104C7800D1F80090103B99F800700F2B09D8BB1E93
:104C8800DBB2092B68D840F2333222FA03F3D80793
:104C980062D509793846FDF757FE20B939462F48BD
:104CA80006F02BF939E0012F01D9162F21D198F8F8
:104CB8000E0006F012F940B198F80E30232B04D0FC
:104CC800242B07D12A2388F80E303846FEF7DCF962
:104CD80003461BE0162F14BF02262026637B1B0702
:104CE80004D5EB7B103B0F2B98BF08263046BDE858
:104CF800F883112F15D005D8072F14D00D2FE4D124
:104D0800174B05E0142FE0D1164B1B68002BC5D0BC
:104D1800A268494611481279984700288BD0064660
:104D2800DCE7114BF4E7114BF2E72A7C062A04BFB3
:104D38000122A27382E70E4B08489847A388DA0637
:104D4800CCD52368DA7B092AC8D10A22DA73C5E7E9
:104D5800084BF1E7084BEFE70826BFE7E813002008
:104D680019BE0000601900205DBE0000094E000059
:104D780043BD00008FBD0000B9BD00002DE9F04122
:104D8800A0F10E040B1E1646E4B208BF1F23172C11
:104D98000AD8012540F25121A5400D4207D115F44A
:104DA80060051FD1082C07D00020BDE8F081002144
:104DB800BDE8F04106F075BF1468A17B242906D12F
:104DC80019463046FDF7E6F984F82C5105E02A2902
:104DD800EAD1E37B233B072BF3D80023A37384F8A2
:104DE8004E30E1E7054A1468002CDDD01A4601462A
:104DF80023463046BDE8F041184700BF641900203B
:104E080070B54D780446A5F10E03DBB2152B0CD80E
:104E1800012140F2512201FA03F6164207D1026835
:104E2800152B927B2AD0082B07D0002070BD024694
:104E38002846BDE8704006F034BF242A01D02A2A4B
:104E4800F3D1204606F028F82368DA7B252AECD02F
:104E580093F867201A21204622F0010283F8672080
:104E6800226892F8673023F0080382F86730FDF76C
:104E780091F92368002283F82C21D6E72C2AD4D173
:104E8800024B1B68002BD0D09847CEE7681900204A
:104E98002DE9F04190F86E7204460D4690F86F6265
:104EA8007FBB90F8141176BB94F8153184F814116F
:104EB80084F81531FF2384F81631154B04F1A8083E
:104EC8001B680BB14046984794F82C31012B01D050
:104ED8003E4303D0237B43F001032373404605F090
:104EE80019FF18B1237B43F00203237306212046E0
:104EF800FEF77AFF002384F82C3135B1A373BDE89F
:104F0800F0813946CFE73346D0E7E573F7E700BFCE
:104F18006C19002073B5504D002604462860AE80F9
:104F28006E73AE73FF2380F85030B0F8B231002BA7
:104F380000F08B8090F89E30FE2B40F0868090F831
:104F48002031002B00F08180037C063B012B7CD9AB
:104F580090F821310221A0F84860012280F8A030A1
:104F680006F0F8FE0221284684F8BA61FDF7E0FF52
:104F7800B4F8B6112046B4F8DA300139B4F8B821DB
:104F880089B2B1FBF3F31344A4F8B831B4F8403054
:104F98000B44A4F84030B4F8463001330B44A4F86D
:104FA8004630B4F8443001330B44A4F8443006F0DA
:104FB8001EFF10B1636B0B446363B4F8B231002673
:104FC800012B9CBF0133A4F8B23109B184F8BE614A
:104FD800E37B84F8BA61093B012B0FD8E388B4F866
:104FE8006C229B1A190409D404F26E2104F11600EC
:104FF80005F02DFCE673FF2384F84F30B4F8B62192
:1050080004F1A801204605F069FCE37B134A103B34
:1050180013490F2B8CBF002301230093114B2868E1
:10502800FCF79EFB2C68237BDA0703D500210A488E
:10503800FDF7B0F8237B9B0703D504F23F10FDF77B
:1050480087FE0023237302B070BD94F89E10FE29DA
:105058008ED001488AE700BFE8130020F54A000017
:10506800494A0000715000002DE9F047B24F0E4642
:105078008046B9883C688D05204655BFB4F8402065
:1050880000230132A4F840304CBF84F8BE31A4F8A4
:10509800402006F0ACFE38B10B4604F59B7204F1D3
:1050A800A8012046FEF7B0F9BB8803F4C06323B11A
:1050B800A37C002B45D0032B49D0A27CBB88012AB6
:1050C80003D1180544BF0222A274B8F1000F40F0C2
:1050D8008F80590657BFB4F8D8214246013292B2A0
:1050E800A4F8D82103F00A020A2A0CD13A7B022A32
:1050F80009D123F008033046BB80FFF769FD304330
:105108000823C6B2BB803046FFF762FD3D683043D6
:1051180095F89E30C6B2FE2B3BD1D6BB2B7C063B06
:10512800012B36D995F82031ABB195F82131012200
:105138000221A5F8486085F8A030284606F00AFE46
:1051480027E00121A1742046FEF74EFEB5E70223B1
:105158000121A374F7E795F80FA0AAF10F0A5FFAE7
:105168008AFABAF1100F40F2E9802B68DA0702D503
:1051780032460921E1E7980740F18D8032460C213B
:10518800284606F0E7FD95F8573043F0010385F807
:105198005730B4F8B83194F8BB510133A4F8B8319A
:1051A800002D00F0FB81FCF797FB10B10023A4F859
:1051B800B831A17C012940F22982237C072B40F0D9
:1051C8000582B4F84030022B40F22082B4F84250F5
:1051D8000135ADB2E3882B44A4F8B03194F8BC3162
:1051E800002B00F017820123E2881344A4F8B4319D
:1051F800BB883D685B0657BFB5F8C4310023B5F8D6
:10520800B6219B1858BF9BB2A5F8C43195F8203138
:105218001BB92B7C063B012B06D8B5F84830B5F8EE
:10522800B6211344A5F8483095F84E1031B1B5F8B9
:105238004A30B5F8B6211344A5F84A3095F95420F8
:10524800002AC1BFB5F85230B5F8B6011B18A5F849
:10525800523095F8313063B9B8F1000F40F06482EC
:10526800BB7B022B40F01C8295F8A030062B18BFA0
:10527800162395F8302022B92F4885F83130FDF7EC
:1052880017FF284606F013FE002384F85030BDE8C7
:10529800F047FCF7D5BF590702D5324613214CE732
:1052A8001A0706D595F89830324685F8A0300721B8
:1052B80043E713F0300F3AD095F82331002B5BD138
:1052C80095F82231D3B1EB7B05F1A80005F5917172
:1052D80005F26E22282B28D0AB7BA3F1280CDCF139
:1052E800000343EB0C0305F000FD2B6823F02003BB
:1052F80043F010032B60002385F822312B68DA066F
:105308003AD505F1A80005F005FD18B105F23F10E2
:10531800FDF71EFDB5F8FE3000221521A5F8A030D6
:10532800B5F80231A5F8A23007E70123DBE75B06F1
:1053380022D50022242100E7E8130020D7F80090A6
:1053480099F80F30172B2DD011D8102B1DD0152BF5
:105358001FD0AB7B002B63D1EB7B0F3B102B67D9A6
:1053680095F83E30002B63D001221221E5E61F2B71
:10537800EFD1324606210AE03868C37B252B3FD09F
:10538800342BE6D100221121D8E632460B214846BB
:10539800D4E64846FDF700FF00283FF4FAAE0022A5
:1053A8000421F4E799F86832012B07D13246052128
:1053B800484606F0CFFC89F86862EAE699F8683250
:1053C800022BD9B27FF4E5AE99F8563053B10623D3
:1053D800324689F8A030484606F0BCFC002389F81C
:1053E8006832EAE73B6840F20632A3F89A20324670
:1053F80099F8663013F0040F0CBF0D211121EAE76C
:1054080090F82C31022B02D10022172196E690F851
:105418002C31012B9DD190F82D31002BF4D098E739
:10542800082B05D195F89930012285F8A0303EE780
:10543800BAF1100F7FF6ADAE3D6895F80E90B9F150
:10544800000F7FF4A6AE95F833313BB101220E214F
:10545800284606F07FFC85F83391AEE795F832319F
:1054680083B195F8579019F0030A0BD149F0010957
:1054780001220C21284606F06DFC85F8579085F826
:1054880032A19AE795F822313BB395F8233123BB33
:10549800EB7B05F1A80005F5917105F26E22282B2A
:1054A80019D0AB7BA3F1280CDCF1000343EB0C0310
:1054B80005F01BFC002385F822310122142128461F
:1054C80006F048FCB5F8FE30A5F8A030B5F8023172
:1054D800A5F8A2305DE60123EAE795F82C31012B07
:1054E8003FD195F82D31002B3BD1EA7BA2F1230364
:1054F800072B36D995F81401012806D0022804D0C4
:105508004FF43F710620FBF75DF895F81511012956
:1055180001D00229F4D1022895F82E310BD0012BA5
:1055280014BF0023012343B9093A042A7FF631AE98
:105538000122162101E6022BF2E7022995F82F3104
:105548000DD0012B14BF00230123002BECD0002128
:105558007848FCF71FFE002385F82C3119E6022B4A
:10556800F0E795F835314BB195F82D3133B9EB7B30
:10557800233B072B02D901222321DEE595F834319C
:10558800012B05D1002385F8343101222521D4E5EA
:1055980095F83431022B7FF4FCADF3E7FCF796F96C
:1055A80008B1A4F8B851FCF79FF900283FF401AE00
:1055B80094F8BE310133DBB2022B84F8BE3182BFCE
:1055C8000023A4F8B83184F8BE31F2E594F83E30EF
:1055D80013B1A37B0E2B19D1B4F840202046B4F8A0
:1055E8004630B4F842509A42A5F103052CBFAD1AD3
:1055F800ED1A06F0FCFB58B1A36B626B033B9B1AD8
:105608009D42A8BF1D46012D3FF7E3AD0125E1E509
:105618002B46F5E7012D7FF6E6ADE37B13B10A2BA8
:105628007FF4E1ADA37B002B7FF4DDAD237C002B61
:105638007FF4D9AD02297FF4D6AD94F8BE31002BA2
:105648007FF4D1ADD4F8BC00B4F8DA9003F06AFF67
:1056580000283FF4C8AD94F89E30FE2B7FF4C3AD0C
:10566800B4F8B231012B7FF6BEADB4F8B821B4F866
:10567800CC309A42BFF4B7AD013D9B1AADB29BB294
:10568800B5FBF9F59D4228BF1D4605FB09F3003D12
:1056980003F1010318BF01259BB284F8BA51A3E5B1
:1056A800012B08D16B7C002B7FF4E3AD0021284649
:1056B800FEF79AFBE8E55EB1F00633D4310733D440
:1056C800B20633D4B30733D140F61E3131201AE77E
:1056D80039B1B5F84A10B5F84C30994201D32223B4
:1056E800C7E5002A05DDB5F85220B5F84C309A42D6
:1056F800F5D2B5F84820B5F842309A4209D2AA7CCA
:10570800B5F8403052B1B5F842209A42CED80823B5
:10571800AFE595F82031002BE1D1F0E7052BC5D98D
:105728003E23A6E51E23A4E53D23A2E52323A0E509
:105738002A239EE5E8130020D0F87432D0F8C4205C
:10574800934213B50446019005D1D0F87812D0F8E9
:10575800CC20914216D0B4F8AA2004F27D1010494A
:10576800A4F8872140F2E242B3FBF2F3A4F88931AE
:10577800B4F87832A4F88B31B4F87A32A4F88D31C1
:1057880005F03AFAB4F87A2201A8D4F87412FDF7B1
:10579800ADF80023E3730323A37402B010BD00BF68
:1057A800FDAF000008B5FDF797FB024B024A1A60EF
:1057B80008BD00BF601900202D4B0000074B93F96E
:1057C80000301844142804DC10F17F0F03DB40B2CA
:1057D8007047142070476FF07E007047F91300205F
:1057E8007F2307B50DF107008DF8073000F0A6FDFF
:1057F80003469DF9070053B1094B5B785B425BB2E6
:105808001844142806DC10F17F0F05DB40B203B002
:105818005DF804FB1420FAE76FF07E00F7E700BF9D
:10582800F9130020024B00221A705A70704700BF0B
:10583800F9130020064BD3F8000138B1D3F804015E
:1058480020B1D3F80801B0FA80F04009704700BFD2
:1058580000A00450034B00221A705A7010229A704C
:10586800704700BFFC130020F8B506460220144616
:105878000D4600F0CDF8114B114A01275C60191D47
:105888009A6002F1807203342D011F70DC601D8361
:10589800C3E904260022243303F80A2C0D2203F856
:1058A800092C084AC2F83015074903C983E80300E0
:1058B800C2F80875C2F83835F8BD00BFFC130020DF
:1058C8000300000B00A00450ACE0020008B5022061
:1058D80000F09EF80D4B01221A7000220C4BC3F801
:1058E8000021C3F80421C3F808210A4AC3F880201C
:1058F80003F56433C3F88C20A3F57C33C3F88C21FB
:10590800A3F500530822C3F8042508BDFC130020A2
:1059180000A0045003000080154A08B51378FBB1B5
:1059280000231449C1F8803001F56431C1F88C3086
:10593800A1F57C31C1F88C3108210F4BC3F808154B
:10594800FFF778FF88B101235370938EFF2B03D99B
:10595800BC213B20FAF736FEDBB2937000231370AC
:105968000020BDE8084000F053B810235070F4E759
:10597800FC13002000A0045000200450094B1A78A2
:1059880062B1094BD3F8002152B1D3F8040140B1F8
:10599800D3F80801B0FA80F040097047587870478A
:1059A80002207047FC13002000A00450064A08B5E6
:1059B80013782BB1FFF73EFF20B192F8340008BDF1
:1059C8009078FCE71020FAE7FC13002038B5084C63
:1059D8000025D4F80035032B04BF01236360C4F805
:1059E8000055C4F8005500F0A3FFC4F8805038BD36
:1059F80000A00450054B4FF48062C3F88820BFF321
:105A08004F8FBFF36F8FFFF7E1BF00BF00E100E0EA
:105A180010B50446FFF7DAFF012C06D0022C09D096
:105A28003CB18C213D20FAF7CDFD074B0222C3F88B
:105A3800002510BD044B0322C3F8002502F10042E3
:105A4800C3F88020F5E700BF00A00450024BD3F84C
:105A5800A00300F00100704700C0FF00084BD3F816
:105A6800A423D3F8A833511C9BB203D14FF6FF717E
:105A78008B4203D00260838001207047002070476A
:105A880000C0FF000B4B30B5D3F89053D3F89443C4
:105A9800D3F89813D3F89C2305EA04030B4013406A
:105AA800013317BF05600020446081601CBFC260DD
:105AB800012030BD00C0FF000B4B30B5D3F8805338
:105AC800D3F88443D3F88813D3F88C2305EA040366
:105AD8000B401340013317BF05600020446081600C
:105AE8001CBFC260012030BD00C0FF00064B002271
:105AF800C3F80022C3F81822C3F82022C3F80C22E6
:105B0800C3F81422704700BF00A0085070B5134DA9
:105B1800034608466E7F26B940F6C1013E20FAF7D3
:105B280051FD63B9012EAC69297F05D100F074FDE0
:105B380020442B69C01A70BD06F02AFAF8E7012B39
:105B480009D1012EAC69297F02D100F055FDEFE79C
:105B580006F029FAECE70020EBE700BF3814002034
:105B68000B4B93F8290088B193F828307BB1094B87
:105B7800D3F8002442F00102C3F80024D3F820052A
:105B880000F0F600023818BF012070470120704766
:105B98003814002000A0085008B50128084B1871D7
:105BA800084B06D0022808D040F645513E20FAF7A7
:105BB80009FD0322C3F8002508BD0422FAE700BF47
:105BC8003814002000A0085008B570B9104B2831CF
:105BD8001846D9600F4900F04DFF0130012816D949
:105BE80040F2C2613E20FAF7EDFC01280CD1084BC7
:105BF80029311846D960074900F042FF01300128D1
:105C080005D940F2CC61EDE74FF4DA61EAE708BD67
:105C180048050020B4E0020008B50C4B5B78012B66
:105C280009D100F033FF013001280ED940F61111D7
:105C38003E20FAF7C7FC022B07D100F02DFF0130F8
:105C4800012802D940F61711F2E708BD38140020E0
:105C58000A4B40F409000A4A1B8940F04000B3F59A
:105C6800166F36BFA3F63813A3F5166343F4807393
:105C7800C2F80837C2F84005704700BF3814002042
:105C880000A0085073B50C460546134EFFF784FF75
:105C980020462146FFF7DCFF01AB96F90520284690
:105CA80000F084FE9DF8050000F0FCFE20B140F2F3
:105CB800E3513E20FAF786FC31469DF9040000F0D6
:105CC80037FC064B40F20312C3F8442E40F25B62E5
:105CD800C3F8482E02B070BD3814002000A0085048
:105CE8002DE9F04106460C46174606F0C4F900288F
:105CF800FBD02F4D4EBB01236B7095F828301BB994
:105D0800A9793846FFF7BEFF2A4B4FF47A7253F849
:105D1800273003F5FA73B3FBF2F3274AE41A274B4B
:105D2800C3F8002129690127234B214485F82870ED
:105D3800234DC5F84015C5F8C031FFF711FF0446DB
:105D480060BB00242046BDE8F081012E21D102234A
:105D58006B7095F82830B3B995F806803846FFF788
:105D68001BFF4046FFF774FF144BD3F8002442F0A2
:105D78001002C3F8002440F20312C3F8442E40F284
:105D88005B62C3F8482E0D4B293C0B4AC3F804212B
:105D9800C8E740F634013E20FAF714FCEF64D5F862
:105DA8004C358B42CDDA3046FFF70EFFCAE700BF0D
:105DB8003814002028E102000B00008000A00850E1
:105DC8000050085040220021014806F063BD00BF82
:105DD80038140020024B0344187D00F51660704704
:105DE800B4E00200024B98691B69C01A704700BFF3
:105DF800381400200A4B1A7FD3E90430C01A094B23
:105E080003EB8203DB6BC01A074B53F822304FF4C5
:105E18007A7203F2F313B3FBF2F3C01A704700BFB0
:105E280038140020B4E002001CE10200FF2808B585
:105E380004D940F2CB213E20FAF7C4FB012904D053
:105E4800022919D04FF44F71F5E7002343F480136A
:105E580040F000700A4A43F4847340F44030C2F8BA
:105E6800203EC2F8280ED2F8203503F0F703032BA2
:105E780005D140F25631DEE74FF08073E6E708BD02
:105E880000A00850F8B5234E4FF48067C6F890700C
:105E9800BFF34F8FBFF36F8F06F0E7F804461E4D30
:105EA80006F089F90121001B1C4C2861C4F8A410D4
:105EB800FFF71CFE4FF40023C4F8401EC4F800345A
:105EC800174B187C00F000FE03F016F8154B164A25
:105ED800C4F83833154BC3F8C820013AC3F8C420B6
:105EE80040F6FE72124BC4F81433124BC3F8042563
:105EF8000023AB832B85AB614FF48073C6F8907198
:105F0800C4F888342B6C376103B19847BDE8F84072
:105F180000F0A4BD00E100E03814002000A0085003
:105F2800480500200300008006000080005008504B
:105F38000100008000200850014B5871704700BFD5
:105F480038140020020E034B0002C3F8342EC3F8A5
:105F58002C0E704700A00850044B054A034490716A
:105F68001B7D03F516631381704700BFB4E0020080
:105F780038140020F8B5334C06460F4694F82930FB
:105F880023B940F206713E20FAF71CFB01232E4A82
:105F980084F82830D2F8003443F00103C2F8003402
:105FA80006F069F80028FBD02EBB0123A1793846FA
:105FB8006370FFF767FE6378012B02D04FF4E96145
:105FC800E1E7224AD36402F5A04213601F4B304632
:105FD800D3F84C552946FFF7F7FD2369ED1A76BB30
:105FE8001B4B4FF47A7253F8273003F5FA73B3FB5F
:105FF800F2F35819F8BD012EE8D10223A5793846E5
:106008006370FFF7C9FD2846FFF722FE0E4BD3F851
:10601800002442F01002C3F8002440F20312C3F82F
:10602800442E40F25B62C3F8482E6278022A02D0FE
:1060380040F25171A7E7054AD6645E60C6E705F1EC
:106048002900D7E73814002000A008500050085055
:1060580028E1020008B5FFF743FE58B9064B0122B4
:10606800C3F8400503F5A04302201A61BDE80840C3
:10607800FCF728BE08BD00BF0050085037B5254BB7
:106088004FF48061244A4FF0FF30D3F88844C3F8B6
:106098009004C2F890114FF40022204904F480744F
:1060A800C3F8002400221E4D2A85C1F84025C3F8F4
:1060B8000821C3F80021C3F80421D3F82015C9B278
:1060C800D1B18DF80700C3F8202201221A619DF88A
:1060D800072012B1D3F820223AB19DF807305BB9F6
:1060E80040F6FF013E20FAF76DFA9DF80720013AC5
:1060F800D2B28DF80720EAE7FFF78EFD0022054BA4
:10610800C3F820222A801CB14FF48072C3F8882477
:1061180003B030BD00A0085000E100E00050085076
:106128003814002070B50024254D264EC5F8484582
:10613800C5F84445C5F84045C5F84C45FFF79EFFEE
:1061480000F092FCC5F8C441C6F80841C6F8004101
:10615800C6F80441C5F8C840C5F8C440C6F80441AB
:10616800C6F8004102F0E0FE174B40F6FE72C6F892
:106178003843C6F81443C5F8C041C3F808254FF49E
:106188008062124BDC70C3E90544114BC5F84845E1
:10619800C5F84445C5F84045C5F84C45C5F84841DB
:1061A800C5F84441C5F84041C5F84C41C3F89020B2
:1061B800BFF34F8FBFF36F8FC3F8902170BD00BF3F
:1061C8000050085000A00850002008503814002043
:1061D80000E100E070B5104D06462C781CB96C70D3
:1061E800EC702C8570BD18B1BDE87040FFF746BF54
:1061F800013CAA784FF0960118BF01242046FFF70A
:1062080085FCAA7801462E80204685F82860BDE8DE
:106218007040FFF71FBF00BF38140020014BC3F8C0
:106228004C0E704700A0085010B50FC8014C84E808
:106238000F0010BD7C1400200A490B4B10B5012437
:10624800C1F8D00E586283F82940FFF789FC40B99D
:10625800064BC3F8400503200C61BDE81040FCF76D
:1062680031BD10BD00A0085038140020005008505F
:10627800144A136918449369834210B5124C09D320
:106288000220FCF71FFD00230122C4F840350F4B04
:106298001A6110BD0123D3706364D4F84425053214
:1062A800824206D3094AD2F80C120029F1D11361AF
:1062B800EFE70023C4F84431054BC4F84405C4F89B
:1062C800C431E6E7381400200050085000A00850F8
:1062D8000900008010B50B4C0346607F217F012820
:1062E80022794FF0960009D100F0A4F9A369226938
:1062F8009B1ABDE810401844FFF7BABF00F0B4F984
:10630800F4E700BF38140020044BC3F8940ED3F808
:10631800002442F04002C3F80024704700A008504F
:10632800054BD3F8002422F04002C3F800240022D1
:10633800C3F8942E704700BF00A00850044BD3F850
:10634800183703F07F035B4203700120704700BFDA
:1063580000A008500028034B14BF022201229970A4
:106368001A70704738140020054B0022C3F84025E6
:10637800044AD2F82035DBB20BB101231361704710
:106388000050085000A00850044B30B5D3E90C4524
:106398009B6BC0E900450B6030BD00BF381400207E
:1063A8002DE9F0473D4C4FF001083D4E05F057FEF2
:1063B8000025C4E90C01C6F84C80D6F84C35A36317
:1063C800FFF72AFC374BC3F80851C3F80051C3F84C
:1063D8000451C3F80451C3F80051D3F8002422F043
:1063E8001D02C3F80024D6F8482584F82950A26174
:1063F800D6F84425626162786277D3F81892D3F8A8
:106408002002FFF773FB6778022F2BD1E3784BB19B
:10641800D6F8443133B14046FFF7DCFE636CBDE883
:10642800F0471847B9F1000F16D0237900202377D9
:10643800FFF7D0FE1B4B0021D3F80C2ED2074CBF20
:10644800D3F81C0E0120A36C48BF00F0010080F0B7
:106458000100BDE8F0471847E8B10120FFF7BAFE90
:10646800236DDCE7012F13D123792377B9F1000FCE
:1064780006D02846FFF7AEFEE36C39462846E8E723
:1064880048B13846FFF7A6FEE36C49464846E0E7C0
:1064980008B14046E2E7BDE8F08700BF38140020A5
:1064A8000050085000A00850024B03EB8003D86B43
:1064B800704700BFB4E00200024B03EB8003986C06
:1064C800704700BFB4E00200F7B501230D464778D6
:1064D8000146437004462846164600F04DF94FF42D
:1064E8007A73124AADF80630BDF806309BB243B94C
:1064F800BDF806309BB27BB940F65F513E20FAF7F3
:1065080061F8D2F80431002BF2D1BDF80630013B16
:106518009BB2ADF80630E7E7677016B9EB78A37061
:10652800AB707B1E5842584103B0F0BD00A0045028
:106538002E3008B5362854D8DFE800F050535353AE
:1065480053534D53535353535353535353534B5321
:10655800535353535853585349534753455343532D
:10656800413F3D3B39373533312F2D2B2927252303
:10657800215A1C003F231F4AC2F8103708BD332395
:10658800F9E72D23F7E72823F5E72323F3E71F236C
:10659800F1E71B23EFE71823EDE71523EBE71323B8
:1065A800E9E71123E7E70F23E5E70D23E3E70B23EB
:1065B800E1E70A23DFE70923DDE70823DBE7072311
:1065C800D9E70623D7E70523D5E70423D3E7032331
:1065D800D1E70123CFE74FF49873CCE74FF48873E2
:1065E800C9E74FF48E713F20F9F7ECFF0223C2E7A9
:1065F8003923C0E700A008504FF47A73054A58437E
:1066080032F9112000F2E7301044B0FBF3F0023801
:10661800704700BF14E102004FF47A73044A00FB8C
:10662800033032F911201044B0FBF3F0704700BF7B
:1066380014E1020038B51D460A4B33F9114003EB4B
:10664800820305359B681C444FF47A7304F6B7340B
:1066580003FB00441046B4FBF3F42544FFF724FF82
:10666800284438BD14E1020070B5064608461546B0
:10667800FFF722FF094B03EB85039C684FF47A73FD
:1066880004F6B73403FB0644241A2846B4FBF3F493
:10669800FFF70AFF0530204470BD00BF14E1020077
:1066A800024B00221A705A709A7070478C1400209E
:1066B8002DE9F843064601200F4615469846DDF8B1
:1066C8002490FFF7A5F99DF8342006F00303264C23
:1066D80043EA0263254AC4F804350023C4F880302D
:1066E800C2F88430A2F57C32C2F884310222204BF1
:1066F800C3F80825BDF828301E4A9380FB6893FA32
:1067080083FCBB6818BA7B6819BA3B68C4F810C523
:106718001BBAC4F81405C4F81815290AC4F81C359E
:106728002D069DF8203041EA0861D9F804702DBA89
:10673800003B21F00041D9F800003FBA18BF0123FF
:10674800022E00BAC4F8207541EAC3714FF0010364
:10675800C4F8240509BAC4F82815C4F82C55537090
:1067680008BF1370BDE8F88300A00450003008503B
:10677800002004508C1400202B4B5A782DE9F04748
:1067880004460D4622B94FF4A8716C20F9F71AFF98
:10679800264A03F1080E4F7803F1100603F1380C6E
:1067A800DFF88C904FF00E08DF809F8403F1480AD1
:1067B80004379D61C3F81C9083F82780A3F85C70A8
:1067C80092E80300C3E914498EE80300D2E9020104
:1067D80086E80300E91C0026196283F82660D2E9DE
:1067E8000401C3E90A668CE80300611C19641149B5
:1067F8005964D2E90601E21C8AE803009A6501217E
:1068080083F85E6083F85F80C3E91866AA78A2708F
:10681800094AC2F830E5C2F838C599701970C2F84B
:1068280004611160BDE8F0878C1400203CE102008F
:106838000100000D0100000C00A00450334B5A78F1
:106848002DE9F04105460E4622B94FF4BD716C2082
:10685800F9F7B8FE2E4A03F1380C03F1480403F1A6
:106868000807DFF8B080DFF8B0E0C3F844801E65A1
:10687800C3F854E092E80300C3E9085E8CE803001B
:10688800711C1964D2E9080184E80300F11C002492
:10689800996522495C6683F82E40C3E91714D2E94A
:1068A800040187E80300691CC3E90418D2E906015A
:1068B800EA1C03F118089A629A889A850E2288E8D9
:1068C800030083F82F200121C3E90C44B278AA7091
:1068D800134AC2F830C5C2F8387599701B780BB9DD
:1068E800A921B4E70F4BC2F80441C2F80841C2F825
:1068F80080300D4AC2F88430A2F57C32C2F8843167
:1069080002220A4BC3F80425BDE8F0818C1400204C
:106918003CE102000100000C0100000DE803000E3C
:1069280000A00450010000800030085000200450EE
:106938000C4B1A788AB100220B490220C1F880203A
:1069480001F56431C1F88420A1F57C31C1F88421B6
:10695800A1F50051C1F808051A7000225A709A7002
:10696800704700BF8C14002000A0045008B50B4BE2
:10697800D3F8082122B10420FCF7A4F9022008BDAD
:10698800D3F8042122B90520FCF79CF90320F6E787
:10699800D3F80004003818BF0120F0E700A0045025
:1069A800014B01225A60704700A004502DE9F04FB6
:1069B800264C85B0054698460E46174600F0C2F8A4
:1069C80023788146AB4211D16378B3420ED194F952
:1069D8000230BB420AD1E378834207D1A388A8F8E2
:1069E800003094F9060005B0BDE8F08F012D06D0FF
:1069F800022D10D040F289410620F9F7E3FD00206E
:106A08000DF10F033A46314600F0A2F8824620B154
:106A18004621A920F1E70120F2E730469DF90FB0A1
:106A2800FFF7D8F9A91E0346CDF800A04A425846F8
:106A38004A41414600F03CF8B8F80030A071A38004
:106A480025706670A77084F80390CAE75E05002079
:106A5800014B1B681B68184790050020014B1B68F9
:106A68005B68184790050020014B1B689B68184716
:106A780090050020014B1B681B69184790050020F2
:106A8800014B1B685B69184790050020014B1B6888
:106A98009B69184790050020014B1B68DB69184764
:106AA80090050020014B1B689B6A18479005002041
:106AB80030B4044C9DF8085024680295E468A44654
:106AC80030BC60479005002000220D49134610B5E0
:106AD80040FA02F4E40744BFCA545C1C02F1010204
:106AE80048BFE3B2042AF3D1054AFF24D118032B87
:106AF80001D9107110BD013301F8014BDBB2F6E783
:106B08007C190020EFBF0000F5BF0000F7BF0000B0
:106B18001DC00000FBBF000027C0000001C000002E
:106B280031C0000007C000003DC0000013C00000D5
:106B380017C0000009C000000FC000002DC00000F1
:106B480037C00000014B187D704700BF00150020BA
:106B5800042810B511D883B104280CBF10242824A8
:106B6800A1420AD2064C54F8200018B141568A4274
:106B7800A8BF0A4600201A7010BD6FF01500FBE789
:106B8800001500200728034611DC10F12D0F10DB3B
:106B9800094A101890F82E0002EBC00292F93C2026
:106BA8009A4207D0002918BF0130C0B270471B2095
:106BB80070470020704700BF64E10200072808B54D
:106BC80007DCFFF7DFFF044B03EBC00393F93C003E
:106BD80008BD0820FCE700BF64E10200C0B208B5A8
:106BE80020B9044B01229A601A6008BD4D21B520D6
:106BF80001F0B0FF00E0105010F0FF0008B513D10D
:106C08000B4B01225A60DA600A4AC3F8000110707F
:106C1800D3F8082412F0010205D1C3F81021C3F8F3
:106C28001821C3F8142108BD7C21B52001F092FF7A
:106C380000E0105015150020014B01221A70704712
:106C48001515002008B540B9064BD3F8103113B913
:106C5800054B187808BD0120FCE7C121B52001F0DB
:106C680079FF00BF00E0105015150020024BD3F843
:106C7800080400F00100704700E01050024BD3F800
:106C8800480400F00100704700E01050024BD3F8B0
:106C98004004C0B2704700BF00E0105007490246E8
:106CA800D1F84C04D1F84C1410F4803005D0D0B28F
:106CB80001F003031B1A58425841704700E0105076
:106CC80038B51A4BD3F80C34DA0304D440F27911EE
:106CD8006D2001F03FFF164A0124164B106A5366D7
:106CE80020F03F0094645464136CDB03FCD4136AF3
:106CF800116C03F03F03C1F30A01C1F5806181EA19
:106D0800E1750B29A5EBE17509DD3F2B04D00133B3
:106D180003431362172DE6DC0023936438BD0B315F
:106D2800F8DA002BF8D0013BF2E700BF00E0105082
:106D3800000812500100008038B50B4C23781BB1B5
:106D480000232370FFF7BCFFEFF3108572B663785A
:106D580003F0FF000BB9FFF74FFF05B962B6034B0D
:106D680000225A6638BD00BF1815002000081250CE
:106D7800F8B5104E012704460D463318DF7005F0AC
:106D88005BF960B934B90C4B11227771B560C3F85F
:106D98000423F8BD40F225116D2001F0DBFE002D23
:106DA800F7D01CB90220A847B460F2E74FF4A071ED
:106DB800F2E700BF1815002000E01050044B002235
:106DC800191803EB80034A719A60CA70704700BFB4
:106DD80018150020014B1882704700BF18150020B5
:106DE800014B588A704700BF18150020014B188ABC
:106DF800704700BF1815002010B5EFF3108472B665
:106E0800064B03445A780132D2B25A705B78012B90
:106E180001D1FFF7E3FE04B962B610BD18150020D2
:106E280038B50346EFF3108572B612490C1862782C
:106E380022B940F267216D2001F08CFE6278013A98
:106E4800D2B2627062787AB90A7D82B178B90A4B97
:106E5800D3F80C34DB0304D44B782BB9FFF7CCFE02
:106E680002E0487D02F008F805B962B638BD184658
:106E7800F4E700BF1815002000E0105010B505F029
:106E8800DEF80C4C05F0D8F860B1A37D3BB90A4B8D
:106E980001229A610423E3750023237610BD05F0CF
:106EA800D1F8F9E703230122E375034BC3F8042360
:106EB800F2E700BF1815002000E01050014B012236
:106EC8001A62704700E01050044B587E28B1044BFA
:106ED800D3F81001B0FA80F0400970471815002067
:106EE80000E0105038B50C4B5D7E5DB901245C762E
:106EF80005F0A5F8094B1022C3F81051C3F8042374
:106F0800DC6138BDFFF7E0FF0028FAD040F2A3218A
:106F18006D2001F01FFE00BF1815002000E0105082
:106F2800024BD87D003818BF012070471815002083
:106F380038B5174C237D23B940F216316D2001F086
:106F480009FE01232370A37DC3B9A37EB3B1227EBA
:106F5800013B9A4212DA05F06FF8054601F026FF68
:106F6800A37E012B82BF237E0133237655B1E369CB
:106F7800C31A0133022B09D935B1E061BDE83840A5
:106F8800FFF77CBF236AF3E72062F7E738BD00BF4D
:106F98001815002037B5184CA37D63B9606A00F056
:106FA8000300FFF77BFE30B1EFF3108372B6E27D8A
:106FB8001AB103B962B603B030BD0122E27503B954
:106FC80062B608230D4DC5F808334FF42073ADF8A9
:106FD8000630BDF806309BB25A1E92B2ADF80620B4
:106FE800002BF6D1C5F80C3184F82830FFF746FF9E
:106FF8000823C5F80433DEE71815002000E0105018
:107008002DE9F74F4E4C237D002B00F0968003238B
:10701800ADF804304B4BD3F80051D3F80891D3F8AE
:10702800142112B9D3F818216AB10026C3F81461E3
:10703800C3F81861C3F81061637E0BB105F002F85C
:10704800667605F050F93F4BD3F81031002B59D034
:10705800637E1BB104F0F6FF00236376637913B1F6
:1070680002238DF80430003D18BF012545F01005B6
:10707800354E0DF1040A334B4FF00008F71EC3F8E4
:1070880008531AF8010B03280AD03B7843B14FF094
:10709800000B336887F800B013B19847C6F800B002
:1070A80008F10103043601374FF00108022BE8D13B
:1070B800B9F1000F08D0234B0022C3F8082104229D
:1070C800C3F80823FFF766FF94F82860EA071D4B0A
:1070D800F6B2D3F80C7108D5E27D032A05D1A27D5A
:1070E800A2B90422E27501229A61C7B1154B0022A8
:1070F800C3F80C21E37D042B0DD040F279316D20CB
:1071080001F028FD002DD3D00125B1E704F09AFF46
:107118000223E375E9E70223E37504F093FF66B100
:10712800002384F82830E37D022B01D1FFF7A6FE67
:1071380003B0BDE8F04F04F085BF03B0BDE8F08FA1
:107148001815002000E010502015002010B5054C3F
:10715800606A00F00300FFF7A1FD0028F8D00020C6
:1071680010BD00BF18150020F8B5054650B10278CB
:10717800022A07D8437842B9013B1F2B02D88378EB
:10718800212B07D96FF015008AE0002BFAD18378FC
:10719800002BF7D1644B4FF48042C3F8A020BFF313
:1071A8004F8FBFF36F8F614EC3F8A0217D23604CD2
:1071B800C6F808330023C6F80031C6F80831C6F807
:1071C8000C316370A370AB886382FFF74FFD10B179
:1071D8000123E3706370D6F80C0440F2563310F4C0
:1071E800803023821BD0FFF727FD524801F01AFE9A
:1071F8004E4E602360750022C6F804332B78A978B8
:10720800012B62766262A375A176227620D0022BCA
:1072180017D0F3B140F22E516D2001F09BFCC6F857
:107228001001FFF7DBFC414AD2F81031002BFBD0EC
:10723800FFF746FD0020FFF7DFFC3F4B00225A66B0
:10724800D3E704F0FCFED6F80C34D903FBD50223AF
:107258006362FFF713FD48B3FFF718FD636A03F095
:107268000303984222D1AB79DBB9FFF76FFFA37E06
:1072780063B12B7853B904F0DFFE054601F096FDA3
:107288006FF00043002D4CD0C4E9070301234FF4ED
:10729800804200202375244BE075C3F8A0211A62B0
:1072A800F8BD224B0422C3F80423E0E71F4B012258
:1072B80000215A61C3F8081194F82410C3F8401447
:1072C8001A610422C3F80423AA79002ACFD1D3F87B
:1072D8000423520702D440F2E1419DE7174A176997
:1072E800116907F0100741F010011161D3F8083156
:1072F8000BB905F045FA0D4ED6F8083173B1FFF712
:1073080025FF27B90D4A136923F0100313610423DD
:10731800C6F808330023C6F80831A8E705F02EFAA6
:10732800EAE7C4E90730B1E700E100E000E0105007
:1073380018150020416D00000008125000ED00E013
:1073480038B50C4B0C46197919B183216F2001F01F
:1073580001FC60B95D790DB1002038BD01225A7178
:10736800FFF74AFD21462846FFF702FDF4E76FF0D4
:107378001500F2E74415002038B50B4D04462B796B
:107388001BB19A216F2001F0E5FB50B96B790BB95D
:10739800002038BDFFF712FD20466C71FFF740FD55
:1073A800F6E76FF01500F4E74415002010B501B3B7
:1073B800F0B14FF0FF33104A1C46E0FB0134944211
:1073C80003D9DB216F2001F0C5FB1A0DC3F30F10A1
:1073D8000A4B42EA04324FF22444B2FBF4F100EBC8
:1073E800024003FB1100B0FBF4F040EA0140013019
:1073F80010BD0846FCE700BF3F420F00000024F420
:10740800014B9B68184700BF44150020014BDB68FF
:10741800184700BF44150020014B1B69184700BFDF
:107428004415002008B5064B1B7923B140F23711EB
:107438006F2001F08FFBBDE80840FFF779BD00BF62
:1074480044150020034B1A790AB9FFF7C9BC988D77
:10745800704700BF44150020034B1A790AB9FFF79B
:10746800C5BC988A704700BF44150020024B1B79A1
:107478000BB9FFF78FBD704744150020014B9B697E
:10748800184700BF4415002038B51D4C237933B385
:10749800FFF7C2FF50B91B4DC5F81001FFF7B0FF49
:1074A800D5F81031002BFBD0FFF7B0FF154B602249
:1074B800C3F80423636A9847002806DB94F82E3043
:1074C80023B10123002084F8303038BDFFF7D6FF00
:1074D8000028F6DA40F28D116F2001F03BFB0A4BD1
:1074E800A3610A4BE3610A4B23620A4BA3600A4B70
:1074F800E3600A4B2361FFF737FE0028E1D0E4E799
:107508004415002000E010505571000059C00000DB
:10751800296F000047C000004DC0000053C00000A4
:1075280038B5084B04461D7925B140F2E1116F20AA
:1075380001F010FB00F0C6FD2046FFF74BFC284683
:1075480038BD00BF4415002008B5074800F0A8FD65
:10755800054800F019F801F0CBF800F0E9FF00F059
:10756800E5F9012008BD00BF7815002008B5054BD6
:107578001A781AB12721032001F0ECFA5860197023
:1075880008BD00BF80150020024B986000221A70C9
:107598005A60704780150020F7B51E4C2378012BE0
:1075A800DAB204D0022A2ED0012003B0F0BD0DF1CA
:1075B8000701606800F0D8F965686B7DDB071CD5AA
:1075C800AB7F042B19D000F0FFFD0646A8B100F0F0
:1075D80001FE2B69D5E900279A18B36847F100071F
:1075E8000A332CBF012500251B1845EB01059342E2
:1075F800BD4102D3606800F0BBFA002363602370CA
:107608009DF80700D1E70DF10701606800F0B6F9B1
:10761800F3E700BF8015002073B505460C4600F05F
:10762800D3FD0646AB7F012B1AD021462B4604F129
:10763800180251F8040B914243F8040BF9D10123C5
:107648000DF107012846AB7700F08EF916B101203D
:1076580002B070BD034B0421986804F0FDFFF6E703
:107668000020F5E780150020024B0621986804F0F9
:10767800F3BF00BF80150020174B1868F0B560B144
:1076880050F8102C50E9063418380A3344F1000435
:107698009B18826944F1000402B9F0BD52E906154D
:1076A800994275EB0406F8D2077D12F8046CB742CC
:1076B8000BD00FD90A3152F8103CA2F1180045F14D
:1076C80000055B1845F1000404E09688878BF61BDB
:1076D8003604EFD41268DFE78C150020F8B5244C87
:1076E800002323716371A371E371EFF3108272B603
:1076F800A168E3606160A36002B962B600261D4D0F
:10770800636803B9F8BD9A79A3F11800032A07D171
:107718001A6801219E7153F80C3C62609847EFE7A4
:107728001B6863B1183B07462A46997F04290ED087
:107738009B7F032B04D063219F2001F00BFA2A467C
:10774800136802211B681360C3688677E6E7B0F800
:107758001CC0998BA1EB0C010904996944BF07F17E
:10776800180218460029EBD01F46A1F11803DCE7E0
:107778008C15002090150020042300F1180283774F
:107788000023037643768376C376044B996811B950
:107798009A60DA607047D9680A60FAE78C150020A9
:1077A8002DE9F041134C06460F460020236833B9F3
:1077B800E8B1114BBDE8F041187801F05DBB53E921
:1077C800061553F8082CD3F80080521845F1000527
:1077D800B242BD4109D22268A3F1180012682260A2
:1077E800FFF7CAFF01204346E1E71C46FBE7BDE877
:1077F800F08100BF8C15002094050020494B1B68C0
:107808002DE9F74F044682838B46D0E9002003B167
:10781800183B94F815C0DFF80CE10CF0010C002BB4
:107828003BD0D3E90056AA4270EB060135D3BCF130
:10783800000F2CD0277D197D8F4228D399684D19C8
:1078480046F1000615F10A0846F1000E424570EBB4
:107858000E0119D22169891840F1000788457EEB8D
:10786800070901D241467746A942B7410FD22046BF
:10787800FFF782FF2C4B187801F0FEFA00238BF8F3
:10788800003003B0BDE8F08F11460746ECE703F17E
:10789800180E9B690BB1183BC3E7BCF1000F34D03D
:1078A800A168891840F10009019173B30199D3E9DE
:1078B800007611F10A0549F10001AF4276EB0101AA
:1078C80023D2257D197D8D4218D39D68ED1946F187
:1078D800000615F10A0A46F10008524570EB080146
:1078E80010D22169891840F100078A4578EB070C06
:1078F80001D251464746A942B741B8D39B6923B143
:10790800183BD3E711460746F5E7DEF80020234683
:1079180043F8182FCEF80030FFF7AEFE8442ADD101
:107928000123ACE78C1500209405002010B50B4C02
:107938002378FF2B04D04FF48D719F2001F00AF9B2
:10794800074801F06FFA074B002220701A705A702E
:107958009A70DA709A60DA601A8210BD9405002075
:10796800E57600008C150020034B1A8A10B4541CCD
:107978001C8210BCFFF742BF8C15002038B50446A6
:107988000D46FFF779FE231A04F1180158425841B1
:107998002870044804F086FE10B100230120A37764
:1079A80038BD00BF8C15002038B5114B044600F1D6
:1079B80018019A68B2B19A6800209AB191420ED122
:1079C80008B1A56905609D68A94204BF12689A605C
:1079D800DA68914200D1D8600023A37707E0104607
:1079E8001268EAE7034804F05DFE0028F4D138BDC8
:1079F8008C150020901500202DE9F041264E0446F4
:107A08000D46FFF7CDFE3068002843D0A0F1180CD2
:107A180050E90631A34271EB050250F8102C3CBF27
:107A2800234629460A322CBF012700279B1841EB21
:107A380007020768604627B900F118037361BDE8BB
:107A4800F08157E906EC9E457CEB0201F4D290F8F0
:107A5800148017F8041C884513D019D97445234697
:107A68002A46A7F1180075EB0C0157F8101C3CBF0B
:107A7800734662465B1842F100020A3342F1000283
:107A880006E0B988B0F81C80A1EB08010904E5D428
:107A98003F68D0E70346D1E78C15002010B5054CA8
:107AA8006169204604F0FEFD18B1606900231838AA
:107AB800636110BD8C1500209C46144BF0B51D6801
:107AC800FDB115F8043C183D834218D812F10A0498
:107AD800D5E900364CF10001A34276EB01070BD241
:107AE8002F69FF1846F10006A7428E4107D3B4F16B
:107AF8000A0041F1FF31F0BD1C463146F7E7AD6998
:107B0800DEE74FF0FF300146F5E700BF8C15002097
:107B180008B5837F022B1CD1437D13F0020302D0EA
:107B28000023837708BD0322037643768376C376E2
:107B38000D4B827700F11802996839B99A60DA60BA
:107B48000A4B1878BDE8084001F096B9D9680A6070
:107B5800F5E7837F012BE5D0837F042BE2D04FF438
:107B6800FF719F2000F0F6FF8C150020940500207F
:107B780010B500F118010446084804F093FD20B937
:107B88004FF402719F2000F0E5FF2046FFF7F4FD57
:107B9800034BBDE81040187801F06EB98C15002031
:107BA800940500202DE9F74FD0F810E0BEF1000F42
:107BB80004D040F227219F2000F0CCFF836890F882
:107BC80014800193D0E90014EFF3108972B6274BA3
:107BD800B3F810C01B686BB1019D183B0A35D3E997
:107BE80000264EF1000A6D1844EB0A0A95427AEB1A
:107BF800060707D2B9F1000F35D0C0E9001403B069
:107C0800BDE8F08F8A4276EB04070CD31F69BF18D2
:107C180046F1000BAF427BEB0A0B34BF0125002570
:107C280075B99B69D7E712F10A0A9D6846F1000702
:107C380015EB0A0547F10007A94274EB0707ECE7C3
:107C48001D7DA84509D0ECD912F10A019D6846F1BD
:107C58000004691844F10004E3E79D8BA5EB0C05CB
:107C68002D04DED5F0E762B6C7E700BF8C1500200B
:107C7800024B0521186804F0EFBC00BFA8150020CE
:107C8800064B586810B520B94FF41B71B02000F0AE
:107C980061FFC3680521BDE810401847A8150020FA
:107CA8002DE9F84F274C8146237BA668A3BB94F89F
:107CB8000D8018F0010803D0E3899E4238BF1E46A4
:107CC80000F054FD10EB060B05460F4641F1000A83
:107CD80058465146FFF790FE08B3D0E900329B455D
:107CE8007AEB020104D29D1B9B46924662F1000783
:107CF8000023154A284639462362C4E904BAC4E970
:107D0800065700F007FDB8F1000F02D0E3899E4244
:107D180016D002230D4A0DE04FF00008D0E7237B70
:107D28002BB1637B9B0702D5636A01209847002328
:107D3800074A237384F82830C9F80020BDE8F88F73
:107D48000123E7E7A8150020797C0000697E000080
:107D580075C200002DE9F04717463D4C002B67D04F
:107D6800E289D3E900656432864275EB01034FF07E
:107D780000033CBF06460D462362B6EB000A65EBDE
:107D8800010952451A4672EB0902C4E9046527DA6B
:107D9800237B3BB1637B9A0702D5636A012098472E
:107DA8000023237394F80D8008F00108A36803F5F5
:107DB800E1739A4579F100011DDAB8F1000F11D08D
:107DC800E089244A301A65F10001C4E9060100F08F
:107DD800A1FC0623204A84F828303A60BDE8F087E1
:107DE8009846E3E71B4A30462946C4E9066500F091
:107DF80091FC0523EEE7FFF709FBE089A368B8F1DA
:107E0800000F0BD0984209D9301A124A65F10001C7
:107E1800C4E9060100F07EFC0123DBE7F01A0D4AF5
:107E280065F10001C4E9060100F074FC0223D1E702
:107E3800237B2BB1637B9B0702D5636A012098479C
:107E480000252573FFF7E2FA2B46044AC3E700BF73
:107E5800A8150020797C0000697E000075C200002A
:107E6800023970B50546032900F2D480DFE801F035
:107E780006020840694B002283F82920002024E0EC
:107E8800664C94F82830042B09D8022B28D8013BDB
:107E9800012B1BD94FF4CD71B02000F05BFE053BE0
:107EA800012BF7D8FFF778FB0028E7D000F04EFC4D
:107EB80000F05CFC06460C46FFF79EFD2A4603468A
:107EC80021463046FFF746FF022070BDFFF764FBEE
:107ED8000028D3D000F03AFC2846FFF7E1FEF3E78C
:107EE800FFF75AFB0028C9D0012384F82930C5E7D9
:107EF8004A4C94F828301A1F012A2AD8042B94F8DF
:107F080029600CD100F062FB48B900200021FFF77E
:107F180073FD08B1FFF72CFEFFF778FADCE7002EB7
:107F2800C6D1FFF7BBFD0028C2D06060C4E90B666C
:107F380000F01CFB6068022331468377C3689847CA
:107F4800D4E9040104F090F9354B84F828602B60DB
:107F5800BAE700F00BFCA369C01A236A9842ACBFC9
:107F68002062236294F82830022B19D1FFF748FACF
:107F780094F82830022BD4E904012CD1637BDB0769
:107F88001BD5237BCBB9E389264AC01A61F10001CE
:107F9800C4E9060100F0BEFB032384F828306DE72E
:107FA800637BDA0701D5207B10B140F2B31173E788
:107FB800636A984701232373DAE73238236A194A38
:107FC80041F1FF31C01841EBE371C4E9060100F04B
:107FD800A1FB0423E1E7012B0AD1A368114AC01AC7
:107FE80061F10001C4E9060100F094FB0223D4E723
:107FF800236A32380B4A41F1FF31181841EBE3711B
:10800800C4E9060100F086FB94F82830062BE0D17D
:108018000523C2E740F2F1113EE700BFA815002092
:1080280031800000797C000002392DE9F0410646D4
:1080380004292ED8DFE801F003090B2D0E00174A9A
:10804800537B003B18BF0123137300201FE0FFF789
:10805800A3FAFAE7DFF8448000F098FA00F086FB0C
:108068000C460546FFF7C8FC0746D8F80400FFF79A
:108078004FFD002300222846C8F80430002321467B
:10808800C8E904233B463246FFF764FE0220BDE8F8
:10809800F08140F21721B02000F05CFDA815002007
:1080A800064A002310B5064C0260206084F8283088
:1080B8006373FFF7D1F93230A06010BD75C20000BC
:1080C800A815002008B5074B1A681168064A91429E
:1080D80004D040F25121B02000F03CFD32309860CD
:1080E80008BD00BFA815002075C2000010B5EFF349
:1080F800108472B6034B0421186804F0ADFA04B971
:1081080062B610BDA815002008B5094B5A6822B9F7
:1081180040F27221B02000F01DFDD3E90421BDE832
:1081280008408018034A41F1000100F0F3BA00BF8B
:10813800A8150020897C000008B5064B5B6823B9A8
:108148004FF41E71B02000F005FDBDE8084000F0B6
:10815800FDBA00BFA815002008B5054B5A6822B91A
:1081680040F27E21B02000F0F5FCD86208BD00BFC7
:10817800A815002008B5054B5A6822B94FF421719B
:10818800B02000F0E7FC186308BD00BFA815002068
:10819800054B1B6B10B523B940F28A21B02000F0C3
:1081A800D9FCBDE810401847A8150020054BDB6A2C
:1081B80010B523B94FF42471B02000F0CBFCBDE812
:1081C80010401847A8150020014B5868704700BF99
:1081D800A815002008B5054B5A6822B940F29B2122
:1081E800B02000F0B7FCD3E9040108BDA8150020B1
:1081F800034B587B10F0010018BFD889704700BFA7
:10820800A81500200028ADBF00F1604000F00F0065
:10821800044B00F56140B4BF185C90F800034009B6
:10822800704700BF14ED00E02DE9F04105460E4609
:10823800E1B9114F3B681BB18621452000F08AFC4B
:1082480038600E48FFF788FF0D48FFF793FF03F0EB
:10825800B2FF6B7D04465B0708D503F006FF0A34BE
:10826800241A7C6000F094FA0028FBD02B6A31466F
:10827800686ABDE8F0411847E0150020AD820000AB
:108288008D820000064B1B6810B51BB97221452072
:1082980000F060FC1A6A0421586ABDE810401047D3
:1082A800E0150020064B1B6810B51BB96C21452052
:1082B80000F050FC1A6A0321586ABDE810401047C4
:1082C800E0150020024B00221A601A81704700BF97
:1082D800E015002008B5074B1A681AB9B9214520DE
:1082E80000F038FC0449D16000221A60BDE808405B
:1082F800FFF7BAB9E01500203182000030B587B029
:108308000C46182200210546684604F0C3FA637A31
:108318004FF000026168C3F38003029183F0010308
:1083280063F38202237A8DF81430224B8DF81520DE
:10833800039323785BBB9DF81500D4E9043240070A
:10834800CDE9003207D50A3B01F10A0142F1FF32BB
:108358000291CDE90032637A69469DF81520C3F38E
:10836800400322F003025B0043F0010313438DF83E
:108378001530114B5868C0F30800B8B11038FFF732
:1083880041FF98B92846FFF747F907B030BD236980
:10839800049303F064FE9DF815305B0744BF029B0D
:1083A8000A33CDE9000148BF0293D4E7284603F019
:1083B80064FEEAE73182000000ED00E008B50A4BF0
:1083C8001B6823B94FF4EE71452000F0C3FB5B7DB9
:1083D8005B0703D4BDE8084003F0EDBE03F0EBFEF5
:1083E8000A3041F1000108BDE015002070B50B7896
:1083F80086B023B140F21F21452000F0ABFB4C7A38
:108408004FF000060593C4F380034D6883F0010321
:10841800029563F382060B7A8DF814300F4B8DF8B2
:10842800156076070393D1E90431CDE9003107D50A
:108438000A3B05F10A0541F1FF310295CDE900310A
:108448009DF81530C4F340046946049264F341036F
:108458008DF8153003F011FE06B070BD31820000B2
:108468007FB503F0FCFD002305930B4B039340F20B
:108478001E2302934FF0FF33CDE9000169460748F8
:108488000493FFF7C9F818B99B21432000F062FB59
:1084980007B05DF804FB00BFCD840000181600206B
:1084A80010B5074C94F820304BB9FEF7B5FF30B93A
:1084B800012384F82030BDE81040FFF7D1BF10BD7C
:1084C8001816002008B505292DD8DFE801F0032E7D
:1084D800282C2C0D03F0BFFD144803F06EFE1E3847
:1084E800BDE8084003F0BDBDFEF796FF38B10F4B5D
:1084F800002283F82020BDE80840FFF7B5B803F054
:10850800ACFD08B903F0A7FD00214FF4007003F09B
:1085180024FE0028E0D1B921432000F01BFBBDE870
:108528000840FFF79DBFC521F6E708BD18160020D3
:108538004FF000430B4A0021C2F88030A2F5802298
:10854800C2F88031012302F57832C2F80435A2F569
:108558008022C2F804352022034B184683F82010E5
:1085680004F098B900400C501816002008B516F011
:1085780007F8054AD2F8583743F00103C2F85837CC
:10858800BDE80840FFF78CBF00200E5008B516F074
:1085980007F80B4AD2F8583723F00103C2F85837C6
:1085A8000122084B5A604FF0FF32C3F808232022FB
:1085B800054BC3F89021BDE8084000F0C7B800BFDC
:1085C80000200E500050085000E100E008B5FEF70A
:1085D80023FFB0B90D4BD3F800314BB90C4A536A9D
:1085E8000133312B53620BD96C21432000F0B2FACE
:1085F80003F033FD08B17021F7E703F02AFD0120ED
:1086080008BD034B00225A62F9E700BF00E0105092
:108618001816002040F20251014808B500F090FAFF
:10862800425303001848202208B5C0F89020BFF331
:108638004F8FBFF36F8F154BC0F89021D3F80415F7
:1086480021F00301C3F80415D3F8081541F003011C
:10865800C3F8081592FAA2F1B1FA81F1092904DDEB
:1086680040F29F310A4800F06BFAC3F81015012157
:108678005960D9604FF00041C3F880104FF0FF31C6
:10868800C3F80813026108BD00E100E0005008507B
:1086980042530300134A4FF4E0632021C2F83833F1
:1086A8000023C2F8AC35C2F8BC35C2F8CC35C2F8E4
:1086B8002031C2F82431C2F828310B4AC2F89C1183
:1086C800C2F89C10BFF34F8FBFF36F8FC2F89010A2
:1086D800BFF34F8FBFF36F8FC2F89011034A136037
:1086E800704700BF00200E5000E100E04016002057
:1086F80008B5FFF7CFFF054B4FF4A062C3F834234A
:108708002022034BC3F89C21DA6108BD00200E50DB
:1087180000E100E00B4B10B51C681CB14C21042093
:1087280000F018FAB1F5801F1A6001D3FFF772FF45
:10873800054B0122C3F8A005C3F8A415C3F8AC255E
:1087480010BD00BF4016002000200E50054A1368D7
:1087580033B100230449C1F8AC35C1F820311360A6
:10876800704700BF4016002000200E5030B54FF073
:10877800FF30064C6FF04041D4E90023904271EB82
:108788000305F9D31046C3F3130130BD40270E503B
:1087980008B5FFF7EBFF044BD3E902239042994158
:1087A8002CBF0120002008BD4016002008B5FFF7A7
:1087B80039FF024B01221A6008BD00BF0050085063
:1087C80010B5FFF72FFF0F4C0023C4F8BC35C4F8D1
:1087D8002431FFF7CBFF0A3041F10001B1F5801FCA
:1087E80001D1FFF717FF4FF00043C4F8B005C4F8F4
:1087F800B415C4F8A4310123C4F8BC35024BC3E94D
:10880800020110BD00200E5040160020144BD3F872
:10881800342312F4A06F10B503D1FB21042000F01B
:1088280099F9D3F8202162B100220E49C3F8AC258A
:10883800C3F820210B6813B940F20311EEE70A6070
:108848009847074BD3F828214AB10022C3F8CC2512
:10885800C3F82821034BBDE810401B69184710BD19
:1088680000200E5040160020034610B3007888B947
:108878001A79012A1ED85A79012A1BD89A680E49F2
:10888800643A8A4216D8D8680C4B98422CBF00200C
:108898000120704701280CD11A79012A09D85A7980
:1088A800012A06D8DA680449643A8A4201D89868E5
:1088B800EAE70020704700BF3C8601000040420FF5
:1088C80070B5044603F0CBFB40F2F966656AD4E95B
:1088D8000632963342F100025B1905F5DF6542F175
:1088E8000002B5FBF6F55B1942F1000283428A41AA
:1088F8000ED294F82A30052B03D0B3216A2000F059
:1089080029F90A21236A94F858009847B621F5E70F
:10891800044C236813B1984700232360BDE87040D6
:10892800FFF7D8BC5416002070B504460D4639B977
:10893800012380F85930FFF7C3FF0226304670BD87
:108948000E78032E70D801A353F826F0438900004F
:1089580065890000CF890000878900004868C7281A
:1089680001D80026EAE7042103F0F7FB0028F8D035
:1089780003F079FB6968204603F0D9FCDEE790F83C
:10898800286006BB4D682846FFF76EFF00284BD0CD
:108998002B78D3B9012121702B796A79003B18BF54
:1089A8000123002A14BF0422022243F00403227286
:1089B800AA68A5326260EA6863720323226184F8B8
:1089C8002A3084F829102046B5E794F82A30052B78
:1089D80004D040F293116A2000F0BCF8267004F12C
:1089E80030002B796A79003B18BF0123002A14BF95
:1089F8000422022243F004032272EA686372A53259
:108A0800A9686260D4E906325B1842EBE17221463C
:108A1800C4E90432042384F82A30FFF76FFC0028E5
:108A2800D1D140F29511D6E7012384F85930CAE72D
:108A38002DE9F8438846074658B300F02FF84FF061
:108A4800000904465FFA89F6B44203D86FF00B00B8
:108A5800BDE8F883304609F1010900F025F890F8DF
:108A68002A50002DEED1304600F01EF80A4904467F
:108A7800058580F82A50024680F85860303003F0A7
:108A88000CFC01232762284684F82A3088F8006005
:108A9800DEE76FF01500DBE745C30000014B1879EE
:108AA800704700BF58160020044B1A79824283BFD2
:108AB8001B68602202FB0030002070475816002017
:108AC8000A4610F0030110B50AD1074C2271206044
:108AD80008B9002010BD60235A4303F0DBFEF8E715
:108AE8006FF00D00F6E700BF58160020BFF34F8F58
:108AF8000549064BCA6802F4E0621343CB60BFF332
:108B08004F8F00BFFDE700BF00ED00E00400FA054D
:108B1800094B01225A604FF0FF32C3F808234FF483
:108B28000062064BC3F88820BFF34F8FBFF36F8FE7
:108B3800C3F88821704700BF00B0045000E100E08E
:108B480008B572B6024B5B6803B19847FFF7CEFFD2
:108B5800601600201FB572B6144B5C6894B9FFF715
:108B6800C5FFB2FBF6F22B465D1C002AF9D1DBB239
:108B780003F110056D4405F80C2C0A2233B901A83D
:108B8800A047ECE7024600230A26EDE7013BDBB2EB
:108B980003F110050DEB0506B0FBF2F502FB15001D
:108BA800303006F80C0C2846E8E700BF60160020B5
:108BB800F8B5234F05460C4616463B78002B3CD1AA
:108BC80003F039FA7E601F4B01263C814FF4806226
:108BD800C3F8A4601C4BC3F89020BFF34F8FBFF3BA
:108BE8006F8FC3F89021FFF793FF184B002D14BF28
:108BF80028461846FEF748FC0546E0B9FFF762FB31
:108C0800FEF734FC03F077FCFEF79EFC18B9B82198
:108C18001120FFF79FFF002C0BDB04F01F036409F2
:108C2800A4009E4004F1604404F56144C4F88061E6
:108C3800266001233B702846F8BD4FF0FF35FAE760
:108C48006016002000A0085000E100E07CE202006D
:108C5800074BB3F90830002B09DB5A09012103F04F
:108C68001F03994002F14003024A42F8231070475B
:108C78006016002000E100E0014B1878704700BF43
:108C88006016002050B1074B03F1140253F8041B7F
:108C9800934240F8041BF9D1002070476FF015008B
:108CA800704700BF705303002DE9F84F0746894607
:108CB80093469846374CDFF8E0A0384D2E780136B9
:108CC800F6B2D5E84F3F0133DBB2C5E8403F002894
:108CD800F7D101216160C4F80001C4F80401EFF381
:108CE800108072B62E4BC5F80490AB60C5E905B389
:108CF8003B68C4F810357B68C4F81435BB68C4F801
:108D08001835FB68C4F81C35264BC4F830351033C9
:108D1800C4F83835216000B962B6D4F800312BB9EF
:108D2800D4F8043113B92B789E421CD0B8F1000F47
:108D380009D00A9B3BB1D4F840350A9AC8F80030EC
:108D4800D4F83C351360D4F80431002BB5D1297818
:108D5800B142B2D1C4F80031C4F804310323C4F8D5
:108D68000833BDE8F88FDAF81030DB06D5D50323D1
:108D78004FF40061C4F804330B4BC3F88811D4F8DE
:108D88000031002BC9D1D4F80431002BC5D103F030
:108D9800F5FCC2E700B0045000ED00E06C160020BE
:108DA8001000000B7016002000E100E01A4B4FF491
:108DB800000270B5C3F89820BFF34F8FBFF36F8FD1
:108DC800164C0021164DC4F80011C3F898212E69DD
:108DD8002B6906F0100643F010032B610123C4F839
:108DE80004332360D4F800319BB11EB92B6923F0FA
:108DF80010032B610123D4F808054FF400026360C7
:108E0800C4F808330023C4F80031034BC3F8982191
:108E180070BD03F0B3FCE5E700E100E000700D5021
:108E280000ED00E038B50B49042301EBC3021579C6
:108E380005F0FF042DB1013BF7D240216920FFF76F
:108E480089FE41F8330001215471D8B2947111712F
:108E580038BD00BF90160020042808B503D9472163
:108E68006920FFF777FE034B002203EBC0031A715A
:108E780008BD00BF90160020042808B503D950216A
:108E88006920FFF767FE094B03EBC0000379012B4C
:108E980001D05121F4E7437982790133DBB29A4258
:108EA80018BF4371BDE80840FFF7D2BE90160020F6
:108EB80038B505240F4D95F8281005EBC1031A792C
:108EC800012A09D158799A79904205D05A79D2B2B3
:108ED8009A7155F83130984795F82830013C01339C
:108EE800DBB2052B28BF002314F0FF0485F82830D7
:108EF800E1D138BD90160020094B0A4AC3F8002377
:108F08000132C3F80C230132C3F818230132C3F825
:108F180020230132C3F81C230132C3F81021704703
:108F280000A0085004000080074B0022C3F800236B
:108F3800C3F80C23C3F81823C3F82023C3F81C2351
:108F4800C3F81021704700BF00A00850844641EACA
:108F5800000313F0030359D1403A33D3F0B4F0C9F6
:108F6800F0C0F0C9F0C0F0C9F0C0F0C9F0C0403A94
:108F7800F5D2F0BC26E0403A24D300BF0B6803606A
:108F88004B6843608B688360CB68C3600B6903617F
:108F98004B6943618B698361CB69C3610B6A036267
:108FA8004B6A43628B6A8362CB6AC3620B6B03634F
:108FB8004B6B43638B6B8363CB6BC3634030403134
:108FC800403ADBD230320BD30B6803604B68436006
:108FD8008B688360CB68C36010301031103AF3D2CD
:108FE8000C3205D351F8043B40F8043B043AF9D25B
:108FF800043208D0D2071CBF11F8013B00F8013B2E
:1090080001D30B8803806046704700BF082A13D33A
:109018008B07B0D010F00303ADD0C3F10403D21A0C
:10902800DB071CBF11F8013B00F8013BA3D331F863
:10903800023B20F8023B9EE7043AD9D3013A11F8E3
:10904800013B00F8013BF9D20B7803704B78437071
:109058008B78837060467047DFC80000EBC800005B
:10906800EFC80000F7C80000FBC8000053B94AB9B0
:10907800002908BF00281CBF4FF0FF314FF0FF3018
:1090880000F00CB8ADF1080C6DE904CE03F04DFC0E
:10909800DDF804E0DDE9022304B07047704700BF43
:1090A80008B5F7F7B5FBF9F729F8F7F7C7FA00207D
:1090B80008BDFFF7E7BDF8F7B3BF01F010B801F03E
:1090C80011B801F009B810B586B0044601A8FFF739
:1090D800D9FD02230020237005236070A3709DF83A
:1090E8000430E0706371BDF805302071E380DDF86D
:1090F8000730A36006B010BD00F0FABD70B5044695
:10910800FCF7A4FC012805461AD1601CFCF7A6FC54
:10911800B0B1A3790020E61D63F03F03A371F9F70E
:10912800D7F838B110220021304603F0B3FB0020F5
:10913800257070BD3046FCF7A5FC0028F2D0F6E794
:109148000025F4E710B504461022002103F0A2FB25
:1091580004F1100310220021184603F09BFBFCF7D2
:10916800ABFC0020F9F7B4F820B12046FCF78AFCE4
:10917800002010BDFCF76AFC0028F6D0F8E710B50F
:109188000446FFF713FEB0F5007F09DA10F5007FFB
:1091980008DD031EB8BF03339B100020237010BDE9
:1091A8007F23FAE76FF07E03F7E78178008800F005
:1091B80056BF37B505460C4600880DF1060100F08C
:1091C80083FE2B882380BDF80630638003B030BD52
:1091D800F7B504462046F9F797FC022805462ED035
:1091E80004282CD123788A2B18D13E20F7F724FBAA
:1091F80078B9E37801A92279684643EA0223ADF8F1
:10920800003000F0E0FE0028E4D053210820F7F7F2
:10921800D9F90520F7F754FB0028EAD0204600F0DA
:1092280013F82678A7783046F7F706FB0028D1D040
:109238003E2E04D13846F7F743FB0028CAD028460B
:1092480003B0F0BD01F089BC10B503780446813B3A
:109258000E2B2FD8DFE803F02F3541454F676D08F7
:10926800613B71775B2E7D002920F7F729FB30B130
:109278003E232370222363702923A3701AE00A2057
:10928800F7F71EFB3E23237018B11F2363700A23D0
:10929800F3E70123A37013236370E37903F0010359
:1092A800E371D4F81A30C4F80E30E38B638294F873
:1092B8002030237510BD3E2303700423437014230C
:1092C800DBE73E2303700A2343700323D5E73E23DD
:1092D80003700D2343700523CFE705232370042370
:1092E80007E05A20F7F7A8FA08230028F6D05A22F0
:1092F80022706370DEE75B20F7F79EFA18B15B23F4
:1093080023700623F5E7302323700323F1E73E2378
:1093180003700B2343700723AFE73E230370062334
:1093280043700C23A9E71323037083789B00013350
:10933800DFE7572303700223DBE73E23037006238E
:109348004370122399E73E230370092343701323C4
:1093580093E7FF2303700D23437080238DE708B53F
:1093680010B96FF0150008BDFFF76CFF0028F8D0A2
:109378000020F8E710B50C4648B141B1FFF728FFC7
:10938800002820700CBF6FF02200002010BD6FF085
:109398001500FBE7F8B5941C0E46054617460C4425
:1093A8006343B3F5004FA8BF4FF0FF3310F003013C
:1093B8009CB203D0B0211420F7F704F9B4F5004F9C
:1093C80001D9B121F7E71422043003F063FAEF74EE
:1093D8006C802E80F8BD38B50388C4888B42058917
:1093E800C4F30E0203D2D1211420F7F7EBF884EA74
:1093F8000503C3F30E030BB9AC4206D102F11803FF
:109408000122C1528274184438BD1846FCE7023163
:1094180001444A43B2F5004FA8BF4FF0FF3290B263
:109428001B3020F00300B0F5004F34BF00B24FF0FE
:10943800FF30704740881B3020F00300B0F5004F24
:1094480034BF00B24FF0FF3080B2704738B50388A0
:109458008B4203D2F7211420F7F7B4F8857C65B165
:10946800C388C3F30E031833C25A8A4207D3C152C2
:10947800811DF7F735FA00238374284638BD002587
:10948800FBE703461830F0B59E88DD88B4B2C6F312
:109498000E06A54214D05F89DD7C845B3D44E41B45
:1094A8000235A4B2354428440D88A54284BF0C80F7
:1094B80025465989B1FA81F149091170DD81F0BD5C
:1094C80000252846FAE7F8B582880026C3890446AD
:1094D8000D4692B20E60CBB14189C2F30E020B4425
:1094E80018329BB28718825A4381934204D94FF4A9
:1094F800A2711420F7F766F804D1011DF7F7F0F907
:1095080046812F6000230120E381F8BD1846FCE75F
:109518008388014602899BB29A4202D00831F7F744
:10952800DFB970478388C0889BB2C31A5842584134
:109538007047828873B595B2C488C2F30E02AC42F4
:1095480002F1180212D04189C689835A31449942DE
:109558000EDB0DF10601ADF80650F7F7C1F9BDF8BD
:109568000600001B18BF012002B070BD0020FBE7F9
:109578000120F9E770B5C488034606891830C4F39A
:109588000E0584EA0602C2F30E020AB9B4420FD1EC
:109598009C891A880CB1465B921B914207DCDA7CE5
:1095A8002C440232224410440A461A8270BD00221A
:1095B8001046FAE7F8B5038A002B38D08B4236D329
:1095C800C48800F118038589C4F30E041E1995B9DF
:1095D8001D55757085891E5B0D443144ADB285817A
:1095E8001953D2B1811DF7F77BF90023838100233A
:1095F80003820120F8BD1E5BAE4204D04FF4F67121
:109608001420F6F7DFFFC57C2644878A02353544E7
:109618005E195F53857DB570DCE7C27C2544023254
:109628002A4499189B5A83828B788375DFE7002038
:10963800E0E78388C2889BB29A4206D0428922B961
:10964800C3F30E0318331844704700207047C37CD7
:109658000233C81870470230704738B58388C2880B
:109668009BB29A4207D045892DB9011DF7F738F901
:10967800C581012038BD0020FCE703881380C3881A
:10968800C3F30E031833034480890B6070470368E3
:10969800002223B9C0E90132031D036070475968ED
:1096A8001B680A44F5E70729034670B504D84FF448
:1096B800EC711520F6F786FF0068C0B144680646CD
:1096C8001A688C4210D0106860B901F10805AC42E4
:1096D8000DD3546850501868651A541800686560AE
:1096E800505002E01346E9E7146830461C6070BD2C
:1096F8000023C1E9003203680B600160704730B590
:1097080090B18478B1FBF4F304FB131300EB43022C
:1097180052898A4201D1D8B230BDC27822B900F14B
:109728000803D0B2844201D8FF20F5E733F8025F7E
:1097380001328D42F5D1EFE78278038805324B4339
:1097480003EB42031844704737B500240546CDE9BA
:1097580000448DF806006846ADF80440F7F794FA1F
:10976800BDF8044008B103B030BD29462046F7F7DC
:1097780067FA0028EFD040F235211720F6F722FFCC
:1097880070B51E460D460921FFF741FE04463246D4
:1097980009212846FFF73BFE40EA04031B0454BF97
:1097A80000194FF0FF3070BD01230370704710B5EA
:1097B800FF238B70C2F3800301245B00DBB2CA185D
:1097C800127D032A08BF0133CA18147503F10C046B
:1097D800002201EB830321F814205B688A70036080
:1097E800828010BDF8B50C46054611461E4684F029
:1097F80001046400E4B2FF23837003191B7D012B6D
:1098080005D00134E4B203191B7D012B0AD105EB05
:1098180044073B8B3A8C9819904205DD00232C4471
:109828003B8323750020F8BD05EB8404324660684D
:109838001844FFF78BFB3B8B1E443E830023AB7021
:109848000120F0E781F00101490010B5C9B2FF23FA
:10985800837043181C7D012C07D10C3120F811208E
:1098680002221A750023837010BD0131C9B2431852
:109878001C7D012CF1D04FF499710920F6F7A2FE56
:10988800024630B5837803F0FF00F3B9137D022B4D
:1098980019D0537D022B15D10346012089B100242C
:1098A800D5180C332C7522F81340131803241C7593
:1098B80002EB80035B680B6000F10C0332F8133095
:1098C8008B80012030BD0123E8E70020FAE703463A
:1098D80030B5827802F0FF00E2B99A7D022A17D0EB
:1098E800DC7D022C13D1032281B11D1900200C3418
:1098F800287523F8140098180324047503EB8200D4
:109908000C32406833F8123008608B80012030BD7B
:109918000324E9E70020FAE7037D012B01D1008B3E
:109928007047437D012B0CBF408B00207047837D1F
:10993800012B01D1808B7047C37D012B0CBFC08BDD
:1099480000207047027D022A01D1008B7047437DB9
:10995800022B01D1408B7047032AF6D0032BF9D094
:1099680000207047827D022A01D1808B7047C37D19
:10997800022B01D1C08B7047032AF6D0032BF9D0F4
:1099880000207047F7F76EBAF7F7CABA1FB500227A
:1099980040F6881303A90092FDF78AF805B05DF830
:1099A80004FB10B5044638B1F8F7D2FB24EA0000EE
:1099B800B0FA80F0400910BD0120FCE72DE9F04124
:1099C8000F46B0F85E60B0F8605001F038FE022132
:1099D800044600F080FE80460221204600F07BFE0F
:1099E800464540F6480328BF4646B6B21B2E38BF48
:1099F8001B26FB2E28BFFB26854228BF05467E80F6
:109A0800ADB21B2D38BF1B25FB2D28BFFB25B4F598
:109A1800A47F38BF4FF4A474FD809C4228BF1C4625
:109A2800BC803C81BDE8F0812DE9F04186B0054657
:109A3800008802A900F073FE0446002870D1029A3B
:109A480092F85031D91E4B424B418DF806301368BD
:109A580098064ABF9DF80630234683F001038DF827
:109A6800073092F866309B0603D49DF80730002B28
:109A78005CD0EB881B3B9BB2E02B59D8298944F278
:109A88004810A1F5A4739BB2834251D86B881B3B45
:109A98009BB2E02B4CD8AA88A2F5A4739BB2834250
:109AA80046D840F64807B94244D8BA4242D8029E3E
:109AB8004FF0FF0886F823819DF80630A3BB03A961
:109AC80006F1A800FFF77AFF6A88BDF81230BDF8E2
:109AD80014109342E88828BF1346B942AA88A6F80A
:109AE800283128BF3946BDF80E30834228BF0346C7
:109AF8002889A6F82431BDF81030BB4228BF3B4660
:109B0800834228BF03468A42A6F82631134628BF57
:109B18000B46A6F82A3186F82281002386F82331DD
:109B2800204606B0BDE8F0813A24F6E71A24F7E7A4
:109B38001224F5E71124F3E710B501F0A7FE60B190
:109B4800F7F744FF044601F0FAFF40B9204601F058
:109B5800F2FF80F00100C0B210BD0120FCE7002038
:109B6800FAE7006890F8BA3123B1002380F8BA31D7
:109B780001F07ABD704710B503780446012B01D96E
:109B8800122010BD01F082FE58B9207810F0FD00B7
:109B98000DD104F11703E21D611CBDE81040F8F770
:109BA8000BBDF8F79BFD0028EFD00C20E9E7A3795F
:109BB80003F0C003C02BE3D10120EAE710B5037816
:109BC8000446012B0DD801F061FE60B9214611F859
:109BD800010B00F0FD00003818BF012000F01EFD49
:109BE80038B9122010BDF8F779FD0028EED00C2006
:109BF800F8E70020F6E708B50088F8F775FD0028B3
:109C08000CBF3020002008BD38B5054601F03EFEE7
:109C1800044638B92878003818BF0120F8F758FDED
:109C2800204638BD0C20FCE708B501F02FFE18B916
:109C3800F8F73EFD002008BDF8F750FD0028F7D0E2
:109C48000C20F8E7082303700020704711224FF416
:109C580042530270C2705922A0F801308280C3803A
:109C680000207047082108B5F7F72EF9002008BD35
:109C780073B5064600880C46088001A980B200F03A
:109C88004EFD054640B9B3784BB9019B93F91C01C9
:109C9800A070FBF793FDA070284602B070BD7F202E
:109CA800FFF774FEF4E710B504466FF07F00FFF786
:109CB8006DFEFBF783FD20707F20FFF767FEFBF743
:109CC8007DFD6070002010BD0A4600F1100108B546
:109CD800072302F049FD002008BD10B501460446DF
:109CE8000020F8F7DBFA08B92060A080002010BD3A
:109CF80010B50446F8F7FCF928B900202146F8F712
:109D0800B5FA002010BDFFF717FF0028F5D10C2089
:109D1800F8E710B50446FFF70FFF28B101202146E8
:109D2800F8F7A4FA002010BD0C20FCE7FFF77CBE72
:109D38001FB502880A8044F2902183888B4215D887
:109D480040F64801ADF80420428801A88B42ADF8DE
:109D5800062028BF0B46ADF80A20ADF80830ADF84C
:109D68000C30FFF761FE05B05DF804FB1220FAE73E
:109D780037B508800D4601A900F0D1FC044620B98A
:109D880001982946A830FFF719FE204603B030BDD8
:109D9800034648210020082210B56FF004045870CB
:109DA80099701C70DA701C7158719971DA7110BD54
:109DB80010B5044601F06AFD78B92146E27911F838
:109DC800010B00F0FD00003818BF0120F8F750FD26
:109DD80080F001004000C0B210BDF8F77FFC0028F9
:109DE800EBD00C20F8E713B500880C46088001A9D1
:109DF80080B200F094FCC8B9019B83F8160193F86F
:109E08001421012A06D0022A04D04FF43F710620FB
:109E1800F6F7D8FBA27093F81521012A01D0022A7F
:109E2800F3D1E27093F81621002AE6D102B010BDF2
:109E38001FB5044603A9008800F071FC38B9A3884F
:109E4800022B14D8E078FFF7ACFD10B9112004B04C
:109E580010BDA078FFF7A5FD0028F7D0012303A8BF
:109E68000093A388E278A17800F0ACF9EFE712201C
:109E7800EDE737B58378C17803F00104027903F080
:109E8800020351EA04051DD052EA03051AD0002C3A
:109E980018BF0021002B037818BF00228DF802108C
:109EA8008DF80320427843EA0223ADF80030437965
:109EB8008279684643EA0223ADF80430FFF7B8FF19
:109EC80003B030BD1120FBE713B50C4601A900F023
:109ED80026FC18B9019BDB880133238002B010BD32
:109EE80007B5008801A900F033FC30B9019B93F84D
:109EF800332112B9FF2283F8332103B05DF804FB44
:109F080010B50446F8F71EF920600020616010BD06
:109F180037B50446F7F75AFD054623781F2B18D89E
:109F2800816A04226846FFF742FC22460021A86A9B
:109F380012F8013BFFF756FC68B1AC6A2046FFF700
:109F4800F6FC002102462046FFF77CFC002003B007
:109F580030BD1220FBE70720F9E737B50446F7F7CD
:109F680035FD054623781F2B18D8816A00226846DC
:109F7800FFF71DFC22460121A86A12F8013BFFF7F2
:109F880031FC68B1AC6A2046FFF7C6FC01210246E5
:109F98002046FFF757FC002003B030BD1220FBE736
:109FA8000720F9E710B5044634F8020B08800021B1
:109FB80080B2F6F72FFE20B12146BDE8104001F02F
:109FC80081BF022010BD008808B50880002180B23A
:109FD800F6F720FE20B10021BDE8084001F072BF6D
:109FE800022008BD13B500880C46088001A980B27C
:109FF80000F095FB10B9019B9B8F638002B010BDE8
:10A0080037B5038804460B8098B2638813B91220C9
:10A0180003B030BD01A900F082FB0028F8D16588A3
:10A0280042F21072019BA9B2D3F8C4405143B3F86D
:10A03800DA206243B3F8CC4004FB02229142E6D313
:10A04800D3F8C420D3F8C4409442F9D100229D87A4
:10A058005A63621E0A44B2FBF4F29A63D8E710B559
:10A068000C460021F6F7D6FD90B1022C12D804F068
:10A078000102C4F3400480F8BC2180F8BB4112B14E
:10A0880090F8BA310BB9002010BD01F0EDFAFAE7EB
:10A098000220F9E71220F7E710B504460078FF28F8
:10A0A8000AD00121F6F7B6FD58B16378A27843EAE1
:10A0B8000223C383002010BDB4F80100F9F71AFF8A
:10A0C800F8E74220F7E708B50078003818BF012004
:10A0D800F9F776FE002008BD0620F8F727B8082013
:10A0E800F8F724B801F018BF10B5044604B910BD3C
:10A0F800236898476468F9E703680BB901607047FB
:10A108001A465B6813B18A42FAD170478A4218BF6F
:10A118005160704708B5FAF7FFFAF9F745FEBDE850
:10A128000840FAF7E1BA08B50020FFF70DFBF6F78B
:10A1380035FEF8F755F8F7F7E9FA20B140F2431180
:10A148009320F6F73FFA08BD08B5F9F7FDFDFAF7D1
:10A15800B9FA20B140F263119320F6F733FA0120DF
:10A16800BDE80840FFF7F0BA08B5FFF7EDFF01F0CA
:10A1780095FE20B14FF4BC719320F6F723FA08BD81
:10A18800FDF760B90B46892203F8032BD0F80920A4
:10A19800C1F80320427B1A71704738B50D46044652
:10A1A800F7F7D6FF2B78002B08BF034684F86830F2
:10A1B8006B78002B08BF034684F869306B88A4F8D5
:10A1C8006A3038BD2DE9F743046899460F461646AC
:10A1D80094F8673094F80F8043EAD303DB0702D47E
:10A1E800B8F1250F36D16FBBF7F7B2FF0546BEBBF6
:10A1F800F7F7AEFF45BBB8F1250F2ED10020054675
:10A20800FF2384F82D3194F82C3103F0FF08F3B9BB
:10A218009DF8283001A984F82F0104F1A80084F8DA
:10A228002C3184F82E518DF804708DF80560ADF846
:10A238000690FFF7B2FF002384F82D31404603B0A3
:10A24800BDE8F0833D46D2E70028D4D0D8E74FF0E8
:10A258003A08F0E74FF01A08F0E74FF00908EDE781
:10A26800002DC8D03046CBE738B5036804460D4604
:10A2780093F82C31012B02D11E21F7F78BFF2368AD
:10A28800002083F82C0165B1182283F89920082250
:10A298009A7393F84E3093B940F25B41AE20F6F7CB
:10A2A80091F9DA7B233A072A03D82046DD7300F0B8
:10A2B80005FE20461821BDE8384000F01EBE38BD16
:10A2C80008B503689A7B22B14FF4E671AE20F6F721
:10A2D80079F923229A7308BD034610F0010002BFE2
:10A2E800C3F340035B00D8B270472DE9F84F074627
:10A2F80010461E4642EA0104FFF7EEFF8346084671
:10A3080092464BEA0404FFF7E7FF88460A9D044398
:10A318008146E4B2003C18BF0124F7F719FF10EAA0
:10A328000A0A18BFDA46F7F713FF97F8143110EA4C
:10A33800080118BF4946534508BF4FF0000A85F881
:10A3480000A097F815318B4208BF002169705AEABE
:10A3580001010AD1FB88013EF61A47F6FD73B6B231
:10A368009E428CBF002404F001042046BDE8F88F0B
:10A37800F7B504680646E57BA5F12303072B4FD9FB
:10A38800002D4BD1A37B282B4AD04B7813F0070321
:10A398003DD08A7812F0070239D084F80C31252391
:10A3A80084F80D21E37394F82D31F3B994F82C3126
:10A3B800012B1AD094F80C7194F8150194F8101127
:10A3C800874294F81121B4F8123114D194F80D7120
:10A3D80094F8140187420ED1022084F82E1184F8D3
:10A3E8002F2184F82C01A4F83031304600F05CFDB0
:10A3F800284603B0F0BD022000903046FFF7E2FE89
:10A408000028F2D04FF46671AE20F6F7DBF8097831
:10A41800304603B0BDE8F04000F06FBD0125E7E726
:10A428002025E5E72DE9F04F056887B0044695F843
:10A438000EB0ABF12403D3F1000848EB0308052A5A
:10A4480070D1EB7B262B73D10F358A784F7802F0C9
:10A45800070A039207F007090AF1FF3009F1FF33F1
:10A4680000EA0A0003EA0903034366D1B1F803606E
:10A47800F7F76EFE039A174307F0070787435CD187
:10A488005046FFF729FF2768A8B197F8143198427A
:10A4980011D097F82E211AEA020F4ED0BBF1240FE3
:10A4A80009D097F80D211AEA020F04D1022870D1B9
:10A4B800013B012B71D84846FFF70EFF40B197F8D2
:10A4C8001531834204D097F82F3119EA030F34D09D
:10A4D80005AB38465246494600933346FFF705FF19
:10A4E8002368074678BB93F82C21012A28D1014616
:10A4F8002046F7F74FFE236883F82C712F702368E6
:10A5080003F10F02954201D10022DA73236803F1A7
:10A518000F02954237D1204600F0D0FC002007B04A
:10A52800BDE8F08F414607B0BDE8F04FFFF79CBE8D
:10A53800BBF1240F2BD10E3587E741462046F2E7C1
:10A5480083F82C01DBE7DA88A3F86C62013EB61ABF
:10A5580047F6FD72B6B2964206D92822204683F8FD
:10A568003120F8F7A5FDD1E7DA7B0C2A02D0093AA9
:10A57800012A01D82A22F1E7BDF81420A3F86E2297
:10A5880028232B70C2E7002283F84E20C6E702205A
:10A59800C5E7012B8FD0022BCFD04FF4DD710620F9
:10A5A800F6F710F808B50368DA7B252A05D022B13A
:10A5B80040F2D351AE20F6F705F82622DA7308BD2B
:10A5C800F7F70EBE704730B542401C7808785D78C2
:10A5D80060404C786C409D7820448C786C40DD78E5
:10A5E8002044CC786C401D795B7920440C794979FA
:10A5F8006C404B40204418441044B0FA80F04009A5
:10A6080030BD024600200139C9B2FF2900D1704788
:10A61800535C83F001030344D8B2F4E708B5F7F7B5
:10A6280063FE082807D0F7F781FE082803D0F7F75C
:10A6380091FE012008BD0020FCE708B5F7F754FE9D
:10A64800082803D0BDE80840F7F770BE08BD08B574
:10A6580001F06FFC18B1BDE80840FBF7A7B9082066
:10A6680008BD01440023884203D1B3FA83F04009AE
:10A67800704710F8012B1343F5E7F8B505460C466B
:10A68800D0E9047601F00FFE18B952212920F5F718
:10A6980099FFE4B1D5E90423D21B63EB0603012A31
:10A6A80073F100014FF0000113DB6FF001009042DD
:10A6B800994101DA5C21E9E7631E1344B3FBF4F323
:10A6C8005C43E41946F10006C5E904461C462046E9
:10A6D800F8BD0C46FBE7022905D13C2808D98010B3
:10A6E8000F3880B27047702802D9C0100E38F8E7CA
:10A6F80000207047012908B5034605D002290BD070
:10A70800E7212920F5F75EFF40F6C41040F2E24247
:10A71800002B08BF104608BD40F6C410FBE710B573
:10A728000C460021F6F776FA2060B0FA80F040096E
:10A73800400010BD0368587BC0B293F830302BB985
:10A7480000F0FB00003818BF012070470020704758
:10A7580010B50C46FFF7E3FF38B92046FFF7EAFFCC
:10A7680080F001004000C0B210BD0220FCE738B5FF
:10A778004FF426720D460021044602F08BF86FF064
:10A7880036020123A4F8AA5084F867200422A3758E
:10A7980084F868206FF03B0284F8A83084F86920B8
:10A7A8006F2284F86A20032284F86B20002284F840
:10A7B8006C206FF07F0284F86D202B2284F86620CD
:10A7C800FE2284F89E207F22E27238BD40F6B8331C
:10A7D80007B5B0F8CE20D0F8C4100190838701A83F
:10A7E800F8F784F803B05DF804FBC2B292FAA2F25B
:10A7F800030A93FAA3F31B0E100E40EA03207047D6
:10A80800013105300022C9B270B510F8013F8B4202
:10A8180016D310F8054C0023012505FA03F6264245
:10A828001CBF01F1FF31C9B269B10133082BF4D162
:10A838000132D2B2052AE8D19B214620F5F7C2FEA3
:10A84800C91AC9B2F4E703EBC200C0B270BD0B6805
:10A8580070B5C0F8013004460B790546461D03F073
:10A868001F0343710023C37215F8010F00F003FBA7
:10A878006871B542E37A1844E072F5D170BD81EA97
:10A88800114170B58CB20546C17A032682EA0400EC
:10A89800FFF7ABFF013E00EB001016F0FF0604EBDC
:10A8A800000290B2F4D144402522B4FBF2F302FB3B
:10A8B8001343C3F3C402D8B203F007032A445678FB
:10A8C800012202FA03F31E4207D161432846C1F36D
:10A8D8000741BDE87040FFF793BF70BDF8B590F829
:10A8E800215004466B1E242B03D9E1214620F5F79D
:10A8F80069FEDAB1807D002843D194F8233094F8BA
:10A90800221002FB01322523B2FBF3F103FB1123D2
:10A91800DBB204EBD30203F0070684F82330D17DC1
:10A928000122B240114202D084F82430F8BDB3FBB2
:10A93800F5F205FB123304F11B01013303F0FF03A9
:10A9480011F8012F9A4219D311F8055C002201264B
:10A9580006FA02F72F4208D0013B13F0FF0304D197
:10A9680002EBC00284F82420E0E70132082AEFD184
:10A978000130C0B20528E3D1D721B7E79B1ADBB273
:10A98800F6E7E28804F11600096AFFF778FF84F811
:10A998002400CBE70378890123F0400301F040014C
:10A9A8000B4303707047037803F07F0343EAC11336
:10A9B800037070471F2A38B50546144603D9A821E5
:10A9C8002A20F5F7FFFD06340930FEF7BFFA6C7050
:10A9D80038BD1F2A38B50546144603D9CA212A208E
:10A9E800F5F7F0FD06340930FEF7B0FA6C7038BDA3
:10A9F8000378024603F00F03032B3ED0052B42D108
:10AA0800C37F90F82000034392F82100034392F893
:10AA18002200034392F8230000F01F00184333D0AC
:10AA28005378222B2FD1B2F81930B1B1B3F5506F4A
:10AA380013D940F607518B4225D8B2F81B30B3F52D
:10AA4800FA7F20D2B2F81D0040F676430A3880B269
:10AA580098428CBF002001207047991F40F67A4029
:10AA680089B281420FD8917D481E07280BD8994298
:10AA780009D2B2F817109942DEE74078A0F10C032A
:10AA8800584258417047002070478388A1B1B3F5F8
:10AA9800506F11D940F6075293421BD8C388B3F5BB
:10AAA800FA7F17D2008940F676430A3880B2984276
:10AAB8008CBF0020012070479A420BD8B3F5486F2D
:10AAC80008D84278511E072904D89A4202D24288EF
:10AAD8009A42E2E7002070472DE9F3470E4601A9A4
:10AAE80014469946FFF71BFE054618B9019F2CB975
:10AAF80001237B75012002B0BDE8F087D7F8BC8040
:10AB080021464046FEF767FC824608B90020F2E776
:10AB1800F6F776FF8442F9D851464046FEF797FD8E
:10AB28007B7D4946A0F80150002B224618BF02261B
:10AB380000F8036BFEF70AFA21464046FEF786FC4A
:10AB480018B983212B20F5F73DFD01A8FFF709F877
:10AB5800019BA3F8B2517D75CCE743780246C3F355
:10AB68000111012910B50ED0022915D0047802214F
:10AB780003F00F00131D528844EA0020FFF7ACFFD2
:10AB880038B1012010BD047803F00F00131D52885E
:10AB9800F2E7F8F789F8F4E70020F3E71A230B70D7
:10ABA80001234B708B707047F7F756BF10B521B96A
:10ABB80040F2A9211020F5F705FD4A600B72EFF36A
:10ABC800108472B6031D0B6042681AB1127A012A0A
:10ABD80008BF036003681960016004B962B6BDE884
:10ABE8001040F7F783BF0222F8F74CB80322F8F7B2
:10ABF80049B80422F8F746B80222F8F787B88D2337
:10AC08000B7030F8953CA1F8033030F8573CA1F8A8
:10AC1800053030F8533CA1F8073030F8553CA1F81E
:10AC2800093030F8513CA1F80B307047012908B5BC
:10AC380003D10E30C00080B208BD022902D10F3006
:10AC48008000F8E74FF40C710620F5F7BBFC30B52F
:10AC580087B004460D46F6F7D9FE80B334F89E4C0B
:10AC680069462046FFF784F818B1FB212C20F5F738
:10AC7800A9FCBDF8063003A8ADF80C40ADF80E30BD
:10AC8800BDF80830ADF81030BDF80230ADF812301C
:10AC9800BDF80430ADF81430FFF748F810B14FF4A0
:10ACA8008271E3E7ADF80C009DF80C30002063F3E7
:10ACB80007009DF80D3063F30F2007B030BD2B4619
:10ACC8008E2203F8032BD4F80920C5F80320D4F802
:10ACD8000D205A60B4F811201A810423ADF80C3005
:10ACE800E2E740687047C08A70478A880B8910B5C8
:10ACF800CC884988A0F85840A0F85410A0F85620ED
:10AD0800A0F85A3010BD8383BDF800300183428318
:10AD1800C38370470346B3F84C10B3F858209142E8
:10AD280070B528BF1146B3F85A40B3F85020B3F8AD
:10AD38004850A242B0F84260B0F8460028BF224608
:10AD4800B3F84A40A3F842109442A3F8462038BF0B
:10AD580014468D4238BF0D468E42A3F84A40A3F8E8
:10AD6800485021D1801A18BF0120B3F84E10B3F80B
:10AD78005420B3F856609142B3F84050B3F84440B9
:10AD880028BF1146B3F85220B242A3F8401028BF9A
:10AD980032468D42A3F8442008D1944218BF40F0AF
:10ADA800010000F0010070BD0120DEE70120F8E796
:10ADB80038B5C58B0446438C007A9D4228BF1D4692
:10ADC800FFF734FF6389AB4228BF2B46984238BF50
:10ADD800184680B238BD2DE9F041984607460E4620
:10ADE800808919461446FFF721FF05464146384633
:10ADF800FFF7DEFF85429DF8181028BF0546B88A80
:10AE0800FFF714FFFB8AADB2834228BF0346A01D9B
:10AE18009BB230442B441844BDE8F08107B590F844
:10AE28006D30002296213430009390F83830FFF7C7
:10AE3800D2FF03B05DF804FB38B514460D46194639
:10AE48009634FFF7EBFF2044A84294BF281A00204D
:10AE580038BD38B50D4611460446FFF7DFFF2844D4
:10AE6800A06338BD01F19C0383423DBF9C38401A62
:10AE780040080020704700F05503400800F05500D6
:10AE8800034403F033009B0803F03303034403F047
:10AE98000F0000EB13107047036800229A7383F8C1
:10AEA8004E20A3F84A20704703680022A3F85220D6
:10AEB80093F85420013283F854207047026808B58B
:10AEC80092F85430013B5BB2002B82F8543003DA1D
:10AED80052214A20F5F776FB08BDA0F10903042B9F
:10AEE80009D9A0F14603012B05D9233807288CBFBF
:10AEF800002001207047012070470268136810B5D0
:10AF080013F0080408D143F0080382F8981013607E
:10AF1800FFF7CAFF204610BD0120FCE730F8023CCD
:10AF2800F7B505460E46B0F8827073B1012268463F
:10AF3800ADF801708DF80020ADF80330F6F7F8FD94
:10AF480018B195216320F5F73DFB83230024A6F86B
:10AF580003703370B4706B7AD5F898007371FEF78C
:10AF6800E1FA08B9BA21EDE721463846F5F768FE57
:10AF78004FF40173204603F004021B0A62F3070032
:10AF880063F30F2003B0F0BD036800201A7C063A73
:10AF9800012A81BF4A785A7406221A7470470268D7
:10AFA800137C063B012B84BF072313747047026888
:10AFB80070B5D57BE5B9CB88D688A2F86C32013B51
:10AFC8009B1B47F6FD769BB2B34206D9282382F82D
:10AFD8003130F8F76DF8284670BDD1F80130C2F865
:10AFE8006E324B7982F8723209220368DA73F2E71B
:10AFF8000125F0E70B46822203F8032BD0F809203D
:10B00800C1F80320D0F80D205A60427C1A72002340
:10B01800CB707047036870B5DD7B06460C46002D83
:10B028003CD1062229462046FFF72FFD28B9217872
:10B038003046BDE87040FFF760BF32686389D18849
:10B04800A2F86C32013B5B1A47F6FD719BB28B424A
:10B0580007D92823304682F83130F8F729F82846EE
:10B0680070BDA38840F2E2414B43C2F87432637862
:10B07800C3EB431003EB800303EB83035B00A2F8ED
:10B088006E3263884B43C2F87032E388A2F8783294
:10B098002389A2F87A320C23D373E0E70125DEE78F
:10B0A8000B46842203F8022BD0F80920C1F80220AD
:10B0B800D0F80D205A6070470B46852203F8022B02
:10B0C800D0F80920C1F80220B0F80D209A80704706
:10B0D80038B503680546DC7B34B1103C0F2C8CBFB7
:10B0E80001240824204638BD1B7D002BFAD0FFF729
:10B0F800DBFE2B681022DA73F4E708B50368DA7B05
:10B10800152A04D040F253211F20F5F75BFA0122DB
:10B1180083F855201722DA7308BD0368DA7B112AF1
:10B1280005BF122200200220DA737047036810B5A9
:10B13800DB7B04461B2B06D1FFF7C0FE23681F22CA
:10B148000020DA7310BD0220FCE708B50368DA7B3B
:10B15800102A04D040F27E211F20F5F733FA01228D
:10B1680083F855201122DA7308BD08B50368DA7B25
:10B17800172A04D040F28A211F20F5F723FA1B2250
:10B18800DA7308BD3E230B700C234B7004238B70BD
:10B19800D0F80930C1F80330D0F80D30C1F80730C5
:10B1A800B0F81130A1F80B30C37C4B73704708B569
:10B1B80003689A7B1AB1CF211C20F5F703FA042201
:10B1C8009A7308BD026808B51368D90703D4DD214E
:10B1D8001C20F5F7F7F923F001031360BDE80840D8
:10B1E800FFF76CBE87230B7030F88C3C4B807047A0
:10B1F800036800209A7B0E2A01BF002283F83E20B4
:10B2080083F84E209A73704738B505682B6813F099
:10B21800040407D1FFF748FE2B68204643F00403D7
:10B228002B6038BD0120FCE70268136823F0040393
:10B238001360FFF743BE08B503689A7B1AB1722101
:10B248004B20F5F7BFF90E229A7308BD10B5D0E967
:10B258000D42A24206D38B8C121B498E05334B43F9
:10B26800934202D3012380F83E3010BD0C230B70AB
:10B2780008234B7000238B70B0F85230A1F80330CC
:10B28800437A4B714389CB8083890B81704710B512
:10B29800046894F857309A070CD4A37B1BB1772124
:10B2A8004020F5F78FF90122A4F84A30A27384F8F8
:10B2B8004E2010BD23689B0705D5FFF7FFFD2368C7
:10B2C80023F002032360002384F83231F1E710B53C
:10B2D8000B7901284C790A6843EA0421104608BF13
:10B2E80041F4803110BD07B5FFF7F1FF0DF10702FA
:10B2F800F8F706F903B05DF804FB002307B501A8C9
:10B308000193FBF7A5FB019810F0030018BF01207B
:10B3180003B05DF804FB08B5FFF7EFFF002814BF82
:10B328001420002008BD08B503689A7B1AB12621AD
:10B33800A320F5F747F920229A7308BDF7B50568E9
:10B3480006460C46AB7B203B022B2BD8B1F80510E8
:10B358001A2921D9B4F80730B3F5A47F1CD3B4F85F
:10B3680001201A2A18D9B4F80300B0F5A47F13D322
:10B3780005F1A804009005F1DC00FFF7C4FC2046A5
:10B388003768FFF7C7FC18B107F23F10F7F7E0FC82
:10B3980006213068F8F728FD002085F84E00A873CC
:10B3A80003B0F0BD0120FBE702681368D90610B5A9
:10B3B800044603D4B821A320F5F704F9990601D56A
:10B3C800B921F8E723F010031360FFF777FD206831
:10B3D8000621BDE81040F8F707BD10B5FBF76CF87B
:10B3E8000446FFF798FF4FF47A7204F54443A430FB
:10B3F8004933B3FBF2F3184410BD10B5044690F876
:10B408006D00FFF7EAFF012201462046BDE8104023
:10B41800FFF71FBD7FB5044618B9A5213020F5F701
:10B42800D1F8052900F2B580DFE801F003AE2A253E
:10B43800B3A990F80032C288A3B1B0F8FE319342A4
:10B4480008BFB0F8B4319A1AA0F8B621E3802046B4
:10B45800D4E99023C4E99223F9F75CFD94F85030BD
:10B4680004B070BDB0F8FC319B1AA0F8B631B0F842
:10B47800FC319BB2EAE704B0BDE87040FAF790BF30
:10B4880000F0EDFDD4E99223801A61EB0301012855
:10B4980071F1000302DA4FF4C061BFE76FF00103F6
:10B4A80083424FF000038B4102DA40F20161B5E7B5
:10B4B800D4F8C4300BB1B0FBF3F3E17BB4F8FE2150
:10B4C8000C2931D10132A4F8FE21B4F8623203AE5E
:10B4D800E5880133A4F86232B4F842301D44B4F868
:10B4E8004030013DED1AADB2B4F8FE116B1A1804E4
:10B4F80034D40023204600961A46F8F7A9F8012804
:10B50800AED1B4F8FE21B4F8B011BDF80C30134434
:10B51800521A12049BB204D5EA1A12F4004F18BF4B
:10B528000B46A4F8FE31DFE7E1880B449BB2D11A41
:10B538000D044BBF013301329BB293B2A4F8FE3124
:10B5480094F80132002BC0D1B4F8B431B4F8FE211C
:10B55800934204BF0133A4F8FE31B6E7A37C30461A
:10B568000394002B14BF08233E2384F83130F7F7E7
:10B578009FFD204600F09BFC0023637370E704B036
:10B58800BDE87040FEF700BA437B042BF4D0C62117
:10B5980044E7CB2142E7002313B51A464373A0F8CA
:10B5A8006032194600930446F8F752F820B14FF478
:10B5B800F3713020F5F706F80123C4F8E801C4F860
:10B5C800E0016373A4F8FE01A4F8FC0184F8010209
:10B5D800E388A4F86202013BE38002B010BDD0F812
:10B5E800E800704738B5044690F828319BB1FF232E
:10B5F80080F83031012100F0BBFA94F8283153B1BA
:10B6080004F1C005284600F04FFD284600F058FD1B
:10B61800002384F82831002038BD08B590F830217F
:10B6280042B990F8EC2042B1D0E93C31994202D9B4
:10B63800F9F7B6F90022104608BD0122FBE710B55C
:10B648000446FFF768FE00F25911E269636B9A42FB
:10B6580028BF1A461046FFF705FC40F648039842F3
:10B6680028BF184680B210BD7FB5044690F8503008
:10B6780003F0FF05002B57D1437B032B54D100F077
:10B68800EEFCD4E99223801A61EB0301012871F1E1
:10B69800000349DB6FF00103834275EB010104DA13
:10B6A80040F2A9513020F4F78DFFD4F8C420E38884
:10B6B8000AB1B0FBF2F2013313449BB2A4F8FC3197
:10B6C800B4F8B431B4F8FC219B1A1BB2002B2BDD63
:10B6D80004F5027000F0E8FC30B3FF2384F801326F
:10B6E800B4F842300DF10E06E5881D44B4F8403038
:10B6F800013DED1AADB2B4F8FC31EB1A1B0413D4BA
:10B70800B4F8FC1100230122204689B20096F7F70D
:10B718009FFF012808D1B4F8FC31BDF80E2013446E
:10B728009BB2A4F8FC31E6E704B070BD2DE9704384
:10B738000C461546E2B9FAF755FB84F8EC50064674
:10B74800D4E9468984F82851D4F8E800FFF73EF890
:10B75800D4F8E800C0E99289C0F86462C0E9968923
:10B76800FFF719FFFAF7DEFCBDE87043FCF7B2BD3E
:10B7780040F2C2713020F4F725FF70B5044621B1BC
:10B7880001297FD040F2D27179E000F024F994F8D1
:10B79800293105460E46DBB150EA010318D0D4E939
:10B7A8003E32D4E94601C01A334661EB02012A460B
:10B7B80001F027F805FB01F300FB0633A5FB0002A7
:10B7C8001344D4E93E21121843EB0103C4E93E2394
:10B7D800E38BEBBB0020D4E93E32ED184FF00003B9
:10B7E80046EB02062D1840F2024284F8083146F171
:10B7F800000684F82931A4F81021C4E93E56C4E9AA
:10B80800465694F8303103F0FF01DBB96FF000437E
:10B81800D4E948029A4208BFB0F1FF3F25D020463C
:10B82800D4E9465600F0CCF8AE30D4E948325B1B78
:10B8380062EB06021B1A62F10002002A15DA2046A2
:10B84800F9F7AEF8FAF76EFCBDE87040FCF742BDB8
:10B85800204600F078F90028BCD1F7F793FAE38B7B
:10B86800B0FBF3F202FB1300B5E704F5847104F1B1
:10B87800C000FCF743FD0028E4D140F2FF6130200E
:10B88800F4F7A0FE002380F8EC30DBE7002307B5CF
:10B89800CDE9003301238DF806306846F5F7F4F951
:10B8A80018B1002003B05DF804FB009B93F8283121
:10B8B800002BF2D00120F5E790F82801003818BFD6
:10B8C800012070470B468C2203F8032BD0F809207F
:10B8D800C1F80320D0F80D205A60704738B5882287
:10B8E8000B460C4603F8032B00F10902293052F8E5
:10B8F800041B824243F8041BF9D1127800211A7004
:10B908000123A588A3712846F5F784F958B1E3788F
:10B918004BB100212846F5F793F920B140F23321C5
:10B928002D20F4F74FFE38BD0121F8F7C9BDFFF708
:10B93800FBBF90F872300BB10120704790F8AA2035
:10B9480002F0FF03002AF7D190F89C2018467047B0
:10B9580037B50D464FF49C720021044600F09AFF5B
:10B96800FF2323701323638042F21073E383F5F7F8
:10B978004BFA00220146A0626846FDF718FFA06A4C
:10B9880000220121FDF75EFFA16A68460422FDF747
:10B998000EFF0022A06A1146FDF754FF04F12000B3
:10B9A800A57403B0BDE8304000F019B9FF23886AD8
:10B9B8000B70FDF7F9BE0078FF3818BF01207047FB
:10B9C80010B50446203000F05AF928226188F9F7AA
:10B9D80017F86D3010BDD0E9020170472DE9F04F1E
:10B9E80007468FB00C46064606AD0DF110080FCF7E
:10B9F8000FC597E80F0085E80F00404600F0EFF804
:10BA0800677894F8149007F07F0594F80AA0B9F1C4
:10BA1800010F94F800B02F4607D0B9F1020F04D0F7
:10BA280040F212310620F4F7CDFD617A404600F06D
:10BA3800DDF8237D227F4046022B02F101020CBF74
:10BA4800617D0121D2B204BF0131C9B200F0D0F842
:10BA580015F0080360D14046019300F010F9282240
:10BA68003946F8F7CDFF40F2712100F28622E578D9
:10BA78002079019B45EA00256079B2FBF1F245EA9D
:10BA880000454A434D43AA420AD9E079A57945EAD7
:10BA98000025207A45EA00454D43954228BF1546C2
:10BAA800227E0393531EA17CB06A5A4202915A41E6
:10BAB8000192FDF747FFB06AFDF754FF039B019A17
:10BAC8000299ADF81A7006AF8DF818B0089535468A
:10BAD8008DF828208DF82B108DF82CA08DF81C904F
:10BAE80009930FCF0FC597E80F0085E80F0098E876
:10BAF800030030620020B184E37A03F0FD03003BC9
:10BB080018BF012386F84F30E3683365238AA6F807
:10BB180054300FB0BDE8F08F00252B46C0E74FF436
:10BB28000043C38443881D2B08BF0021417470471C
:10BB380090F912007047408800F001007047807843
:10BB4800C0F3400070478078C0F3C000704790F899
:10BB58004830816181F8B330D0F84930C1F8B43049
:10BB6800B0F84D30A1F8B83070477047F8F712BAFE
:10BB780080F8681070478278034612F0010002D0FE
:10BB8800D978C90710D5900702D5D97889070AD579
:10BB980012F0040008D0D878C0F3800080F00100CB
:10BBA8008000C0B2704702207047C0F34002C0F363
:10BBB800800300F00100134418447047022808B5B8
:10BBC80007D0042807D0012807D039212E20F4F700
:10BBD800F9FC262008BD2720FCE72520FAE70023EA
:10BBE800C0F80230012343700370704781707047BA
:10BBF80010B54270144601708078FFF7D6FF4843AD
:10BC080004FB00F2FE2A03DD5C212E20F4F7DAFCA7
:10BC180010BD0023C37043710371704710B504460B
:10BC2800FFF7A9FF637962780133DBB29A42637147
:10BC38000CD1E3780022A17803436271DBB2994208
:10BC4800E37001BF2379E27001332371BDE810402E
:10BC5800FFF7B4BF38B504468078FFF7A6FF014662
:10BC6800E078FFF7A2FF2378227965789B1A6B4367
:10BC780059436379C91A00FB1510C0B238BD014693
:10BC880008B58078FFF791FF4A780B7853435843FB
:10BC9800C0B208BD40F2EE20704740F25A33584314
:10BCA800704738B50E38136814460D469A7B092834
:10BCB8003ED8DFE800F0053D3D3D0F3D183D3D27EE
:10BCC800042A05D12046FFF7E7F82046F7F75AFB84
:10BCD800002038BD0E2AFBD1002220461146BDE8BF
:10BCE8003840FFF785BA202AF2D12046FFF7D4F86A
:10BCF800002DEDD0226892F8663023F0200382F8F8
:10BD08006630E5E7DA7B262AE2D100252046DD7396
:10BD1800FFF7D4F8236893F82C31012B03D1294677
:10BD28002046F6F737FA2368002283F82C21CFE75C
:10BD380040F262213120F4F745FC08B50368DA7B4C
:10BD4800172A04D040F27E513120F4F73BFC1D2223
:10BD5800DA7308BD08B590F89E30FE2B04D040F683
:10BD68007A113120F4F72EFC002380F89E1080F819
:10BD78009F3012B9A0F8522008BDA0F84A3001231C
:10BD880080F84E30F8E708B50368DA7B342A05D125
:10BD98000022DA73BDE80840FFF790B8172A02D1ED
:10BDA8001D22DA7308BD40F293513120F4F70AFCE2
:10BDB80008B503689A7B082A0AD193F8991093F872
:10BDC800A020914204D100229A7383F84E2008BD26
:10BDD8001A68110706D522F008021A60BDE8084063
:10BDE800FFF76CB84FF4AF613120F4F7EBFB037D3C
:10BDF80063B9C37BA3F10F02032A07D990F8560051
:10BE080028B11F2B8CBF00200120704701207047EC
:10BE1800024600684978837B202B13D00AD8042B6C
:10BE280012D00E2B12D0C37B262B0CBF1720FE205E
:10BE3800F8F7A4BF2A2B03D02C2B09D0242BF2D13E
:10BE48001620F5E71420F3E70E20F1E71220EFE7BC
:10BE58002320EDE7024600680B4690F8661041F093
:10BE6800040180F8661099785878F8F787BF38B5D4
:10BE78000C460546D1E92F01F4F77CFF637B3BB103
:10BE880004F50274204600F00FF9204600F018F976
:10BE980028460221BDE83840F4F7D2BE002070479A
:10BEA80008B5F6F7B9FFBDE80840F7F767B900220B
:10BEB800C281827490F8503013B10221F7F794BF11
:10BEC8000321FBE738B504460846E37B03F0FD038E
:10BED80094F8682212B10C25284638BD152BFAD1E2
:10BEE80094F8843203F0FF05002BF4D191B194F853
:10BEF800D63123B940F67A313120F4F763FB0523B4
:10BF080004F1800204F5E37100F02EFC012384F8AB
:10BF18006832E1E70223FAE7F6F7F2BF08B5F9F766
:10BF280051FFF9F767FDF9F795FCBDE80840FAF706
:10BF3800B7BB10B5C824F9F721FD022808D1013C88
:10BF480014F0FF04F7D10620F6F7BCFE204610BD1A
:10BF5800431E58425841FAE710B5F9F74BFF04461B
:10BF680000F029F9201841F1000110BD38B5044648
:10BF78001546F9F7CBFD01462A462046BDE838406C
:10BF8800FAF768B819B943780BB1C378837070476A
:10BF980010B504460846FAF78FFA4FF47A73B0FBE7
:10BFA800F3F0201A10BD10B504460846FAF784FAD3
:10BFB8004FF47A7200F2E733023CB3FBF2F3E01A73
:10BFC80010BD00F038B8801A00F3070038B50D46E8
:10BFD800144659B240B2FAF7F1FD00232870204404
:10BFE8006B7040B238BD0023036070477047002073
:10BFF80070474FF0FF3070474FF0FF307047704781
:10C008004FF0FF3070470020704700207047002332
:10C01800037070479DF800300022FFF7D4BF4FF03F
:10C02800FF307047002070474FF0FF3070474FF0E7
:10C03800FF307047704770470020FAF703BE0020B2
:10C04800FAF7DABE0020FAF7EBBE0020FAF7FABDDD
:10C058007047FAF733BFFAF745BFFAF735BFFCF771
:10C0680085BBFCF751B8FCF767B8FCF7A9BB00F033
:10C078003CB9FCF79BBBFCF78BBB10B5837F8BB936
:10C08800034601F1180251F8044B914243F8044B5E
:10C09800F9D1012484772146FBF768FAFCF726F8E2
:10C0A800204610BD0020FCE710B504460221FBF72E
:10C0B8005DFAFCF71BF8A07FB0FA80F0400910BDCC
:10C0C80038B50446A37F03B938BDA37F032B02D03C
:10C0D800A37F042B0ED1EFF3108572B62046FBF731
:10C0E80063FC05B962B6A37F002BEDD0FF210320C6
:10C0F800FCF730FDA37F012B02D14FF48271F6E7E4
:10C1080000F03CFBDEE7F8B50746FCF75DF80446AF
:10C1180020B940F229110320FCF71CFDFCF75AF85E
:10C12800A46800252418384641F100062246334603
:10C13800FBF7C2FCA04271EB060309D3001B6FF0AA
:10C14800010361EB0601834275EB010102D3F8BDDF
:10C158002846FCE74FF0FF30F9E72DE9F0410446A7
:10C168000F46FCF731F8064620B94FF4A3710320B7
:10C17800FCF7F0FC8568002362195B4113B10020CD
:10C18800BDE8F081FCF726F82A18384641F100038B
:10C1980014EB020843F10005FBF78EFC4045A9416A
:10C1A800EDD3FCF7E3FA00F05FF8B36801203775C8
:10C1B8002344B360E4E7FCF70DB880687047F8B52E
:10C1C8000369044623B14FF4D1710320FCF7C2FC84
:10C1D800FCF7CCFA05460E46FBF71EF970B364353A
:10C1E800D4E9003246F10001AB4272EB010001D202
:10C1F8002B460A46C4E90032EFF3108572B6FBF706
:10C20800E3FF064698B1FBF7E5FFB3680B332CBF95
:10C21800012200221B18D4E9006042EB0101B3425D
:10C2280071EB00023CBF33460146C4E9003105B951
:10C2380062B62046BDE8F840FBF7B4BCFBF70CF942
:10C248000746FBF7D5FFB84238BF3846963546F162
:10C2580000024319D4E9000142F10002834272EB63
:10C268000105C7D20346C4E7FBF79ABA032910B5FC
:10C27800044606D801290ED840F25D11B020FCF71B
:10C2880069FC0429F8D1FBF787F920B12046FBF7B0
:10C2980007FD022010BD0020FCE7C0E9081220229B
:10C2A800002100F0F7BA10B5037886B0044623B130
:10C2B8004FF4AB714520FCF74DFC0593CDE90333F2
:10C2C800D0E90423CDE9002343680293037A684642
:10C2D8008DF81430FFF773FF0120DDE90023C4E96E
:10C2E800042306B010BDFCF7DBB810B5029C241877
:10C2F80041F10001A01A61EB0301B0F1004F71F1A7
:10C30800000103DBAA210420FCF724FC10BD08B5BA
:10C3180000230B8581F82A300B6A0921984728B138
:10C3280003781BB1E9216A20FCF714FC08BD436AB5
:10C3380019444162A1F19600FFF793BEF8B504468F
:10C3480020B940F2AD116A20FCF704FC90F858506F
:10C35800052900F2C780DFE801F0038043656F79A3
:10C3680090F82A30033B012B02D94FF4DC71EAE73D
:10C37800052380F82A30002380F859300378EBB180
:10C388002378012B24D1FCF719F8636894F8286006
:10C398006362C4E90601F6B9FFF76BFE3146204631
:10C3A800FFF7C5FF236A31462846984701462046CD
:10C3B800FCF7BAFA022840F09880F8BDFFF74FFE64
:10C3C80007460E46FBF7FAFF87428E41F6D3D7E7BA
:10C3D800D4E90401D9E72046BDE8F840FCF770BA73
:10C3E80090F82A30DA1E012A02D940F2ED11AAE7A4
:10C3F80090F828202AB121462846BDE8F840FFF7E2
:10C4080086BF042B036A18BF012180F82A10052172
:10C41800284698470028D0D00378002BCDD04FF479
:10C42800007190E790F82A30052B02D040F20621DF
:10C4380089E7036A0221B7E790F82A30052B02D072
:10C448004FF403717FE7036A0121ADE790F82A30C2
:10C45800052BC0D040F2122175E790F82A30052B41
:10C4680007D090F829200AB1032B02D040F21721F7
:10C4780069E794F82820002ABDD194F8593083B18F
:10C4880002230821284684F8592084F82A30236A90
:10C498009847002891D00378002B8ED040F22321B2
:10C4A80051E794F8292062B1214604F1300084F85C
:10C4B8002930FBF723FF00287FF47FAF4FF40A7180
:10C4C80041E702230721284684F82A30236A98473F
:10C4D80000283FF472AF0378002B3FF46EAF40F2B0
:10C4E8002F2130E74FF40D712DE70128236A0CBF87
:10C4F8000421032158E770B50024FCF7CFFA05465C
:10C508002646E0B2854200D870BDFCF7CDFA01346A
:10C51800068580F82A60F4E7F8B504460D4600273A
:10C52800FCF7BCFA0646F8B2864204D8082D0CD9A6
:10C538006FF0150008E0FCF7B7FA90F82A300137D9
:10C54800002BF0D04FF0FF30F8BD2CB12946204623
:10C55800BDE8F840FCF7B4BA21462046F8E710B524
:10C568000446FCF7A1FA014688B190F828308BB947
:10C5780090F82A3073B1013B012B04D82046FFF70D
:10C58800C6FE002010BD012380F82830F9E76FF0BF
:10C598000100F7E76FF02200F4E770B50D46FCF7ED
:10C5A80083FA044600284CD090F82A60731E012BA9
:10C5B8004DD8002D48D02846FCF756F9002843D01E
:10C5C8002B780BBB012323702B796A79003B18BFAA
:10C5D8000123002A14BF0422022243F0040322721A
:10C5E800AA68A5326260EA68637203232261214661
:10C5F80004F1300084F82A30FBF780FE50BB40F28B
:10C60800C1216A20FCF7A6FA022E20D1002323704C
:10C618002B796A79003B18BF0123002A18BF04262A
:10C6280043F004032672EA686372A532A96862605F
:10C63800D4E906325B1842EBE172C4E90432042300
:10C64800D5E76FF0010070BD6FF01500FBE76FF0E4
:10C658002200F8E70020F6E7F8B5037904461BB195
:10C668001B219D20FCF776FA4679017126B9012332
:10C678004371217909B96171F8BD2768204626718F
:10C68800B84702280546F4D103212046B84708B127
:10C698002F21E6E723682946204698470028E8D056
:10C6A8003021DEE70346006800B970478842F9D1B7
:10C6B80002681A60704701F11003013813F8012D60
:10C6C8008B4200F8012FF9D170472DE9F04713F09C
:10C6D800010F8EB004460D4617469A46DDE91689C5
:10C6E80024D006A8FFF7E7FFA30735D002AA04F174
:10C6F80010052068083454F8041C1346AC4203C3E0
:10C708001A46F6D106AD02AC1AF0020F4346CDF830
:10C71800009023D0294620460AAAFCF7C5FA0AA9A0
:10C728003846FFF7C8FF0EB0BDE8F08713F0040FD6
:10C738000DD106AB0E4601F1100C1D4630680836C7
:10C7480056F8041C1A46664503C21346F6D121461C
:10C7580002A8FFF7B0FFD6E706ADD5E73A46294667
:10C768002046FCF7A1FADEE713B50024CDE9004422
:10C77800FFF7ABFF02B010BDFCF79ABB20BF7047B4
:10C7880020BF70479142F8B503D373219620FCF778
:10C79800E1F9B2FA82F33BB1C3F1200499409A401F
:10C7A80020FA04F4984021434FEA124C93B2040C47
:10C7B80087B2B1FBFCF50CFB151E05FB03F64FEA2F
:10C7C8000E4E0EEB1040864205D9361A964294BF9B
:10C7D80001260226AD1B04EB0141280405FB1211BA
:10C7E800B1FBFCF40CFB1411634307EB0147BB429C
:10C7F80005D9DB1B934294BF01230223E41A20438B
:10C80800F8BD2DE9F0411D4607460C46164652EA8A
:10C81800050303D1A6219620FCF79CF985B991421E
:10C8280004D2FFF7AFFF2946BDE8F0810846294644
:10C83800FFF7A8FF05463246384606FB1541F0E7E4
:10C84800B5FA85F80123400803FA08F3C8F11F0870
:10C8580040EAC470A3FB0212610803FB0522FFF73C
:10C8680091FF30FA08F04FF0000102D0013861EB77
:10C87800010100FB05F3A0FB062C06FB0133BF1AE0
:10C88800634464EB0304B742AC41CDD3013041F1BA
:10C898000001C9E7F0B5C9B20446A30726460ED180
:10C8A8004FF0013522F003034D43E718BC420CD189
:10C8B800334402F003021A44934209D1F0BD002A1E
:10C8C800FCD0013A04F8011BE7E744F8045BEDE704
:10C8D80003F8011BF0E700280CBF6FF015000020DB
:10C8E800704700207047072303700020704700201E
:10C8F80070470020704710F8012B11F8013B012AFE
:10C9080028BF9A42F7D0D01A7047034611F8012B76
:10C9180003F8012B002AF9D17047034613F8012BBD
:10C92800002AFBD1181A013870472DE9F0478C46C8
:10C938008E46089E154604461946002B40F0D080C6
:10C94800724547D9B2FA82F74FB1C7F120030EFA00
:10C9580007FCBD40BC4020FA03F343EA0C0C4FEA45
:10C96800154EA8B2230CBCFBFEF80EFB18CC08FB36
:10C9780000F943EA0C43994528D9EB1808F1FF322E
:10C9880004D2994502D9A8F102022B44A3EB09036A
:10C99800A4B2B3FBFEFC0EFB1C330CFB00F044EA14
:10C9A8000344A04214D92C190CF1FF3304D2A0423D
:10C9B80002D9ACF102032C44241A43EA02401EB106
:10C9C800FC40002334607360BDE8F0874246DDE731
:10C9D8006346F1E7002A79D0B2FA82F3002B3FD000
:10C9E8001946C1F1200302FA01F500FA01F42EFA02
:10C9F80003F20EFA01FE20FA03F3AFB243EA0E0384
:10CA08004FEA154EB2FBFEFC0EFB1C201A0C0CFB69
:10CA180007F842EA004290455AD9AA180CF1FF30AB
:10CA280004D2904502D9ACF102002A44A2EB0802D4
:10CA38009BB2B2FBFEFC0EFB1C220CFB07F743EA81
:10CA480002439F4246D9EB180CF1FF3204D29F42B1
:10CA580002D9ACF102022B44DB1B42EA004202E09D
:10CA6800AEEB020301224FEA154EAFB2200CB3FB26
:10CA7800FEFC0EFB1C330CFB07F840EA0343984509
:10CA88002AD9EB180CF1FF3004D2984502D9ACF141
:10CA980002002B44A3EB0803A4B2B3FBFEFC0EFB7D
:10CAA8001C330CFB07F744EA0344A74216D92C1998
:10CAB8000CF1FF3304D2A74202D9ACF102032C4493
:10CAC800E41B43EA00400F46114678E71F2188E738
:10CAD8006046ABE76246BFE76046DBE76346EFE7E1
:10CAE800734506D916B9002108466DE7C6E9000E58
:10CAF800F9E7B3FA83F787B9734501D3824207D8B8
:10CB0800841A6EEB030301209C461EB900215BE7E3
:10CB18003846FAE7C6E9004CF8E7C7F1200CBB40F5
:10CB280000FA07F422FA0CF520FA0CF1BA401D437A
:10CB38002EFA0CF30EFA07FE4FEA154941EA0E01E8
:10CB48001FFA85FEB3FBF9F809FB18300B0C08FB3C
:10CB58000EFA43EA00439A4540D9EB1808F1FF3032
:10CB680004D29A4502D9A8F102002B44A3EB0A0388
:10CB780089B2B3FBF9F809FB183308FB0EFE41EA4A
:10CB880003418E452CD9691808F1FF3304D28E452C
:10CB980002D9A8F10203294443EA0040A1EB0E019F
:10CBA800A0FB02984145CE46434602D306D14C45E8
:10CBB80004D20138B9EB020E68EB0503002EA5D0AC
:10CBC800B4EB0E0261EB030101FA0CFC22FA07F345
:10CBD800F9404CEA0303C6E9003197E74046C5E748
:10CBE8004346D9E7000000000022F0B585B01146A1
:10CBF80040F6034002AF06F06DFF044600285BD103
:10CC080006F00EFD214641F203003A1D06F062FFD0
:10CC18000446002850D17A68294DD16805F1780377
:10CC2800D1F80100D1F8051003C3104605F064FAE5
:10CC3800214641F201003A1D06F04CFF0446002847
:10CC48003AD17868C3685A7885F870205A88A5F868
:10CC580072201A7985F87120B3F80720A5F8742096
:10CC6800B3F80530A5F8763005F046FA214641F2CA
:10CC780002003A1D06F02EFF0446E8B9D7F804C0B2
:10CC880005F18006DCF80C20531C41323446186844
:10CC98005968083303C493422646F7D1604605F025
:10CCA8002BFA95F87C305A0610D40121054A06481B
:10CCB8001CF01DF96FF0120420460C37BD46F0BD7C
:10CCC800A005002016110300A4DD0200002142F295
:10CCD80003003A1D06F0FEFE04460028ECD17A68EF
:10CCE800A94BD168D1F80100D1F8051003C310464B
:10CCF80005F002FA214642F202003A1D06F0EAFE69
:10CD080004460028D8D17E68F468B4F801309AB295
:10CD180092B1E27882B1A5F8FC30E378032B06D013
:10CD28000322022100929948994A1BF0F5FCE27807
:10CD3800984811461EF0C2FC304605F0DDF91F2365
:10CD480095F87C60A5F8103116F0200619D14FF03F
:10CD5800FF304FF0FF3106F083FC0446002800F056
:10CD6800BE8102210C3005F0D5FA0123214603705B
:10CD78004670324640F66D4006F0ACFE0446002888
:10CD88009AD195F89C301B0712D5002142F21C005D
:10CD98003A1D06F09FFE044600288DD17868C368C6
:10CDA800D3F80120D3F80530C5E9382305F0A4F9F4
:10CDB80095F8D8309E0623D53846B91C06F034FFBE
:10CDC800044600287FF478AF4FF0FF304FF0FF3172
:10CDD80006F046FC0646002800F0818104210C304C
:10CDE80005F098FA3B88224603807B8831464380C9
:10CDF80042F2240006F06EFE044600287FF45CAF81
:10CE080095F8D8305C0610D5002142F22A003A1D68
:10CE180006F060FE044600287FF44EAF7868C368C9
:10CE28005B7885F8123105F067F94FF0FF304FF065
:10CE3800FF3106F015FC0646002800F05081082155
:10CE48000C3005F067FA95F8D84040F2022314F048
:10CE5800400F08BF03230246A0074CBF43F02C0332
:10CE680043F00C03A10695F8D91048BF43F04003DE
:10CE780011F0090F18BF43F4006304F0010443EAFA
:10CE8800041000211CF062F80022314642F2010031
:10CE980006F020FE044600287FF40EAF95F87C309B
:10CEA800B5F8FC1098065CD4C9B941F205003A1DE2
:10CEB80006F010FE044600287FF4FEAEB5F8FC30FC
:10CEC8007C684BB9E368B3F80120A5F8FC209A8880
:10CED800304811461EF0F2FB204605F00DF94FF0E0
:10CEE800FF304FF0FF3106F0BBFB0446002800F08E
:10CEF800F68008210C3005F00DFA95F8D830024676
:10CF0800D90738D44FF0005123481CF01FF82146A8
:10CF1800002240F6014006F0DDFD044600287FF4BB
:10CF2800CBAE01463A1D4FF6014006F0D3FD00286E
:10CF380038D01A4A022115481BF0D9FFEB79002B8B
:10CF480040F0BD801CF0C5F9044600287FF4B4AE5B
:10CF580009F0C8FC044600287FF4AEAE06F028FDB0
:10CF6800AAE60029BBD101210D4A08481BF0BFFFE2
:10CF78006FF00404A0E602A1D1E90001C5E700BFF3
:10CF8800908800020080002078060020A4DD0200BE
:10CF98003A110300A006002010880002A311030024
:10CFA800801103007B686E46DC688AB0B4F80130F3
:10CFB800042B96BF574A584952F8231002AAD36146
:10CFC8004FF4007355481384554BC2E9050142F8E4
:10CFD800103F4FF4135153481BF098FFB4F8012049
:10CFE800B546022AB4F8033049D1052B47D84E4A32
:10CFF80052F823106E468AB002AAD3614FF4007328
:10D008004A481384464BC2E9050142F8103F4FF4E1
:10D01800135144481BF07AFFB546637994F806C06B
:10D02800032B98BF424AB4F80760D4F809006C464D
:10D038008CB094BF52F82310374902AAC2E9073CC2
:10D048004FF40073DFF8ECE093853B4BC2E905E150
:10D05800C2E909604FF4735142F8103F31481BF0A0
:10D0680055FFA546786805F047F800214FF60240BD
:10D078003A1D06F02FFD044618B1304A5AE72649F2
:10D08800B8E77868C368B3F80130A5F8C13005F08F
:10D0980033F895F8C1305A077FF550AF21464FF65F
:10D0A80003403A1D06F016FD08B1254A42E77868A4
:10D0B800C3685B7885F8C03005F01EF83EE72E7827
:10D0C800002E7FF43FAF95F8C1309B061FD54FF077
:10D0D800FF304FF0FF3106F0C3FA044610B96FF085
:10D0E8006804E9E506210C3005F014F9D5F801309B
:10D0F80021460360134B32469B8883804FF60640D7
:10D1080006F0E8FC044600283FF41CAFD4E56FF0B5
:10D118008504D1E574E502001F0F0300C711030061
:10D1280004000001A4DD02005CE50200E011030038
:10D138004CE50200F8110300070000012512030066
:10D148004E120300A105002008B5094BD3E8AF3FF4
:10D1580043B1FAF767F904A1D1E90001BDE8084035
:10D1680011F0C8B908BD00BF389C1C0000000000C1
:10D17800FC3300200000000013B500246FF0090301
:10D188004FF4806212491348009414F0C9F9124907
:10D1980010481EF00AFB1149114813F0EBFF224614
:10D1A80004211C2004F096F901220E4BD3E8EF1F4E
:10D1B800C3E8E02F0028F9D103A1D1E9000111F05B
:10D1C80099F9204602B010BD389C1C0000000000F0
:10D1D800205E0020502D00209E3E0300C1E4010087
:10D1E80064340020FC33002070B4174E0C46B04263
:10D1F800154608D00136B0420FD0023EB04210D0DA
:10D2080070BC18F0CBBE0AA3D3E90023C5E90023FC
:10D218000E4B0020236070BC704707A3D3E900239E
:10D22800F4E707A3D3E90023F0E700BFAFF30080DA
:10D2380002C0FF7F0000000003C0FF7F0000000065
:10D2480001C0FF7F0000000002C0FF7F03004E8086
:10D2580010B5064A064802211AF0C3FABDE8104084
:10D2680040F21B620023034814F002BB60EC02008A
:10D2780084DE0200101A002008B5302016F042FCA7
:10D2880038B100238385011DBDE8084003481AF022
:10D29800ADBABDE80840FFF7DBBF00BFD8D2020037
:10D2A80070B503788AB004460E4607AD032B20D824
:10D2B800DFE803F002191B1D11492846FFF725FB7B
:10D2C800059563781E210493A37830460393E37889
:10D2D8000C4A02932379019363790093A37919F097
:10D2E8009FFF0AB070BD0849E7E70849E5E7084924
:10D2F800E3E70A212846074A19F092FFE0E700BF52
:10D3080089EC0200ABEC020090EC020097EC020002
:10D31800A1EC0200412E03002DE9F041144688B02B
:10D3280000AF0D461CF0BDF83946FFF7B9FFBCB990
:10D338006C468AB06A46154B0795CDE905374FF418
:10D348000073ADF82030124B4FF41351114842F8D6
:10D35800103F1AF048FAA5462037BD46BDE8F081CF
:10D36800E8468CB00C4A0D4BCDE905270C4ACDE9AF
:10D37800075409920B4A4FF462510A926A460548CB
:10D3880042F8103F1AF02FFAC546E5E7CEEC020046
:10D398000400000184DE0200ECEC0200060000023A
:10D3A800FC45030000020305B0B588B000AF0C4689
:10D3B8001CF077F83946FFF773FF8AB06A46094BC5
:10D3C8000794CDE90537084B4FF443510893074BB1
:10D3D80007480993074B42F8103F1AF004FA203720
:10D3E800BD46B0BD13ED0200FC4503000002020477
:10D3F80084DE020005000002B0B588B000AF0C461C
:10D408001CF04FF83946FFF74BFF8AB06A46094BC4
:10D418000794CDE905374FF40073ADF82030064B7B
:10D428004FF41351054842F8103F1AF0DCF9203741
:10D43800BD46B0BD39ED02000400000184DE0200E3
:10D44800B0B588B000AF0C461CF02BF83946FFF792
:10D4580027FF8AB06A46094B0794CDE905374FF490
:10D468000073ADF82030064B4FF41351054842F8CD
:10D47800103F1AF0B8F92037BD46B0BD5BED020089
:10D488000400000184DE0200F0B589B000AF0C464C
:10D498001CF007F83946FFF703FF6E468AB06A4664
:10D4A800124B0794CDE90537114B124C0893124BD8
:10D4B80012480993124B4FF4435142F8103F1AF0A7
:10D4C80092F92068B54618B108F056FA002323608F
:10D4D8000C4C206830B108F04FFA0023012023607B
:10D4E8001DF03DFE2437BD46F0BD00BF70ED0200C3
:10D4F800FC450300B03000200002020484DE020074
:10D5080005000002B4300020F0B589B000AF0C4629
:10D51800054608F009FA124B6E46186028461BF0BB
:10D52800C0FF3946FFF7BCFE8AB06A460D4B079428
:10D53800CDE905374FF40073ADF820300A4B4FF4AE
:10D5480013510A4842F8103F1AF04DF9B546032125
:10D55800074A06481AF045F92437BD46F0BD00BF12
:10D56800B03000205BED02000400000184DE020000
:10D5780093ED0200F0B589B0044600AFB9B16C462E
:10D588008AB06A461A4B1B48CDE905311A4B4FF44D
:10D598001151079340F20133ADF82030174B42F890
:10D5A800103F1AF020F9A5462437BD46F0BD1BF000
:10D5B80078FF3946FFF774FE6E4688B06A46104B0E
:10D5C8004FF4E651CDE905374FF40073ADF81C3040
:10D5D8000C4B084842F8103F1AF005F92046B546AA
:10D5E80008F0A2F9084B186001201DF0B5FDDBE733
:10D5F800C2ED020084DE0200FC45030004000001C5
:10D60800E3ED020003000001B430002090B589B0BA
:10D6180000AF1BF046FF3946FFF742FE88B06A4666
:10D62800084B4FF4E651CDE905374FF40073ADF8D8
:10D638001C30054B054842F8103F1AF0D4F824373F
:10D64800BD4690BDF0ED02000300000184DE02003B
:10D658002DE9F041054688B000AF884616460021FE
:10D668001E2238461FF0F8FC28461BF01AFF3946E0
:10D67800FFF716FE6D4688B06A46254B4FF4E65113
:10D68800CDE905374FF40073ADF81C30214B224823
:10D6980042F8103F1AF0A7F8AD460025B54209D068
:10D6A800302016F02FFA044640B902211B4A1A48C6
:10D6B8001AF097F82037BD46BDE8F081721B272A7B
:10D6C8008CBF272292B2031D828508EB05011846FC
:10D6D8001FF09CFCA28D03461544ADB2AE420BD19F
:10D6E80008EB060111F8011C0D2905D10A20A11823
:10D6F800013292B20871A285194609481AF07FF8DA
:10D708000028CBD0214607481DF0C3FFC6E700BF5D
:10D7180006EE02000300000184DE02001DEE020096
:10D72800D8D20200B80C002010B50B78052B00F2F7
:10D738009480DFE803F003802C6172468B68002B2D
:10D7480000F08B804868002800F08780434A1368FF
:10D75800DBB1181F00231360414A13601EF001F962
:10D76800002200233F4813F0B3F8002875D0828DBB
:10D77800011D3D481AF043F800286ED03B4A0221AB
:10D78800BDE810403A481AF02CB80438E6E74A6871
:10D79800CB68108D034437489BB213850278002A62
:10D7A8005BD14A68134413F8013C0A2B01D00D2BB6
:10D7B80053D1012303702C48BDE8104083685B698E
:10D7C800184700242B4B30201C7016F09BF930B101
:10D7D8008485011DBDE8104023481AF007B8264A81
:10D7E8002348022119F0FDFFBDE8104040F21B62FA
:10D7F8000023224814F03CB8302016F083F9014683
:10D8080048B10023838518482822BDE81040836862
:10D8180004311B691847184AB1E74B68191F1B8D5B
:10D8280023B1BDE8104016481DF033BF0846BDE8D7
:10D8380010401EF096B8094B186808B94868186077
:10D84800074A8B68116819441160028DBDE81040C1
:10D85800521A0144044819F0D2BF10BD9C30002070
:10D8680098300020B80C0020D8D2020048EE020000
:10D8780084DE02003C39002060EC0200101A00200F
:10D88800A40C0020F0B58DB04FF0FF324FF0FF33FD
:10D89800264813F073F93022002168466E461FF0BF
:10D8A800DBFB4FF0FF334FF0FF32214813F010F845
:10D8B800BDF82C40838DC4F128049C42054628BF3E
:10D8C8001C4600271CB928461EF04BF8E9E7BDF8AE
:10D8D8002C00391D04302246294430441FF096FBA1
:10D8E800BDF82C202744224492B2272AADF82C20D8
:10D8F80008D802F130036B4413F82D3C0A2B01D0F1
:10D908000D2B0CD1002001A903F0F6F920B102215A
:10D91800084A094819F065FF0023ADF82C30AC8D92
:10D92800E41B282C28BF2824CCE700BF540C002077
:10D93800A40C002066EE020084DE020008B505484B
:10D948000321054A19F04DFFBDE80840034813F0CC
:10D9580039BD00BF84DE02008EEE0200A030002038
:10D96800F8B51E4C0546206800AF002833D00D409E
:10D97800EA0716D51BF0C4FD6E4688B023686A46D0
:10D9880017491848CDE9051303234FF4C65142F847
:10D99800103F19F028FFB546206807F0EDFF002377
:10D9A8002360AB0717D520681BF0B2FD6D4688B021
:10D9B80023686A460C490B48CDE9051303234FF445
:10D9C800C65142F8103F19F00EFFAD46206807F027
:10D9D800D3FF00232360BD46F8BD00BFB030002050
:10D9E800D6EE020084DE0200EDEE020030B50F4DE7
:10D9F80089B003AC0FCD0FC42B6802222360012429
:10DA08000B4B0C49009403A807F0F4F8034630B117
:10DA1800094A214609481AF075FE09B030BD0321AC
:10DA2800074A064819F0DDFEF7E700BF50DF02009D
:10DA3800D8E20200E0E2020005EF020084DE020004
:10DA48002AEF0200F8B550480FF0DEFE034620B179
:10DA580001214E4A4E481AF055FE0FF0A3FE034628
:10DA680020B101214B4A4A481AF04CFE4A4E304632
:10DA78001DF0B8FDA8B1302016F044F8044680B176
:10DA8800002546498585464813F0BAFDB3681B68EA
:10DA98004BB920461DF065FF0121424A3C4819F068
:10DAA800A0FE19F0B4FE2A4630463F4998470028A0
:10DAB800EFD1302016F026F8054680B3031D18462E
:10DAC8003A49FEF722FF25220146AA85304619F079
:10DAD80096FE074660B120461DF043FF28461DF01C
:10DAE80040FF01213B46324A29481AF00BFED8E78D
:10DAF8003046211D19F07AFE034658B92D4808F022
:10DB0800BDFE034678B12C4A012121481AF0FAFDDE
:10DB18000020F8BD0121294A1D481AF0F3FD2046CE
:10DB28001DF01FFFBDE7264808F0C4FE034608B1F4
:10DB3800244AE9E706F0E0F90028B2D10321224A95
:10DB4800134819F04EFE214812F09AFF1AF0BFFE52
:10DB58001F4803F0C5F8044610B11E4A0346D3E730
:10DB68001D481E4913F006FB1B4813F02BFC01341B
:10DB780004F0010100200FF0D9FE002147F6122021
:10DB880014F04CFFF3E700BF69D900004BEF020027
:10DB980084DE020069EF0200D8D2020081D20000C0
:10DBA800101A002084EF020031D70000A4EF020011
:10DBB800CAEF0200D40700201AF00200F3EF0200B7
:10DBC800C407002050F002008BF00200540C002023
:10DBD800B8070020A1F00200A0300020F5D900000D
:10DBE8002DE9F04110F0030407464FD121F0030658
:10DBF800DFF8B4E0DFF8B4802D4A8D0800EB060C9E
:10DC080060451CD16FF0030303FB0515B819002309
:10DC18000544A84242D124484C405843234B4FEA7C
:10DC280070405843234B604080EA10405843224BD1
:10DC380080EA5030584380EA1040BDE8F08150F83F
:10DC4800043B0EFB03F34FEA734308FB03F3634003
:10DC58004FEAF34303EB83039C18D1E71B68043DA9
:10DC68007B434FEA73430CFB03F363404FEAF343F0
:10DC780003EB83039C18032DA6EB0503EED86FF086
:10DC880003028B085343CD18C01AC0E70D46002481
:10DC9800054FDFF818C0064A4618ECE710F8012BC4
:10DCA80042EA0323B5E700BF512D9ECC9335871B6D
:10DCB800646B54E66BCAEB8535AEB2C22DE9F84FFA
:10DCC800044619F0AFFDB0FA80F0C0F11F0004EB74
:10DCD8008006D6F81090CD0005F1040A0B460635EB
:10DCE8008FB2B9F1000F0AD10121E26881400A43DD
:10DCF800E260336124F80A706753BDE8F88F4FEA91
:10DD0800C906043634F806B04FEACB0808F106080D
:10DD180034F8083099450CD001210A4A0A481AF00B
:10DD2800E8FC002383F31188BFF36F8F04231846A0
:10DD380002DF24F80AB024F8059024F80870A753E5
:10DD4800DBE700BF05F102007CDE020010B500EB46
:10DD5800C1035B880446DB070A460ED419F067FD49
:10DD680034F83030C01A814207D134F831102046D7
:10DD7800511A19F05CFD82420CD00121064A07486D
:10DD88001AF0B7FC002383F31188BFF36F8F0423C5
:10DD9800184602DF10BD00BF29F102007CDE020038
:10DDA8002DE9F84300EBC103DF880446B94202F1CC
:10DDB80004080BD1012303FA02F2C36823EA020321
:10DDC800C360002340F82830BDE8F883B3F8049016
:10DDD800FD004FEAC9060636835B0435994202D135
:10DDE800435B99420CD00121084A09481AF081FC8A
:10DDF800002383F31188BFF36F8F0423184602DFD3
:10DE080044F82870A75324F80590DDE705F10200CF
:10DE18007CDE02002DE9F84F8A4600AF002900F0A9
:10DE28009A8004680E1F361BF50826F0070604EBD7
:10DE38000608B8F802B01BF0010B16D1E94688B005
:10DE48006A46464BCDE90531032342F8103F4FF4AB
:10DE5800C2515B46424802F067F8CD468BF3118801
:10DE6800BFF36F8F0423184602DF2946204619F0B6
:10DE7800DEFC34F83030C01A854217D0E94688B045
:10DE88006A46384BCDE9053A032342F8103F002390
:10DE98004FF4C251324802F047F80023CD4683F3CD
:10DEA8001188BFF36F8F0423184602DFA15B204659
:10DEB800691A19F0BCFCA84217D0E94688B06A462E
:10DEC800294BCDE9053A032342F8103F00234FF4CC
:10DED800C251234802F028F80023CD4683F3118865
:10DEE800BFF36F8F0423184602DFB8F802302946C3
:10DEF80023F00103A8F80230204619F098FC04EB3F
:10DF0800C0035B888046DA070CD401462046FFF739
:10DF18001DFF4146204619F08FFC424629462046FF
:10DF280019F0D6FCA65BAE1B04EBC6035B88DB07C7
:10DF38000DD431462046FFF709FF3146204619F037
:10DF48007BFC2A463146204619F0C2FC3546294654
:10DF58002046FFF7B3FEBD46BDE8F88FC2F10200C8
:10DF68007CDE020072F102009BF10200B2F5802F04
:10DF78002DE9F8430ED33E494FF437733D4A3E48E6
:10DF880019F06DFD3D4819F06AFD4FF437713948B5
:10DF980019F05CFD042A0CD8394940F2E323354ACC
:10DFA800354819F05CFD374819F059FD40F2E32176
:10DFB800EDE7043ACD1D114425F0070521F00706C9
:10DFC800A6EB0508B8F1170F4FEAD8070CD82E4969
:10DFD8004FF43B73274A284819F041FD294819F0A6
:10DFE8003EFD4FF43B71D2E7B7FA87F44FF00009D2
:10DFF800C4F12002C4F12404A4000734E408631C1B
:10E00800BB420560AF60C5F80C900CD91F4940F2BF
:10E018000233184A184819F022FD1A4819F01FFD52
:10E0280040F20231B3E74946920005F110001FF0B3
:10E0380013F8A2B2530043F001036B803B1B9BB261
:10E0480005EBC4015800A5F80090488025F8342055
:10E05800A6F8029025F8083005EBC7035A88214630
:10E0680042F001025A802846BDE8F843FFF726BE71
:10E078006EF20200E7F1020034F2020084F20200BC
:10E088009BF20200BCF20200D5F20200FEF202008E
:10E098002DE9F04F95B000AF8A460546C7E908322A
:10E0A80058B99A4940F29933994A9A4819F0D7FCD5
:10E0B80040F29931964819F0C9FC49B90378467875
:10E0C800807800EB83002844564521D8A0EB050A48
:10E0D800BB6F95F8028003F00103BC6F3B61EB78DE
:10E0E800B8F1000F0CBF002404F00104FB6113B168
:10E0F800BB6F9A0715D4A4B97B6A1BB15146284651
:10E108003A6A9847564630465437BD46BDE8F08FC0
:10E11800441C2046FEF701FC013020440AF1010AA4
:10E12800D2E7BB6FC3F3C0037B612B78FB609B0016
:10E138007B606B68BB60FB6805EB830B7B6A002B1D
:10E1480071D15646D844ACB11C461BF8013B55F872
:10E158002300FEF7E2FBFB6F01303BB1D7F88030BC
:10E16800A34282BFFB6F23F814000134C345064461
:10E17800EBD1D846BB6F4FF0000913F0050F0CBF69
:10E188004FF0020B4FF0010BFB699945BBD298F891
:10E19800013008F1020855F823A05F4B9A45C0F0FA
:10E1A80080815E4B7A699A452CBF002301230AB30C
:10E1B80018F8021CB8687B6219F01CFC7B6AC8B1AD
:10E1C800EA468AB06A46564B0593BB68CDE90631E4
:10E1D8004FF40073ADF82030524B42F8103F002343
:10E1E8004FF41251504801F09FFED546023E09F106
:10E1F8000109C9E723B13B692BB9A6EB0B06F6E782
:10E20800BB6F9B07F3D55046FEF787FBFB6F43B107
:10E21800D7F880309C423FBFFA6F431C22F8143075
:10E2280001340644E3E7002C65D1B8F1000F68D04B
:10E23800BB6F580768D5C14607F1400042465946AA
:10E248001EF0E4FE0BEB0803BB610023334AF969B7
:10E258008B426BD3BA6F95F801B03969920704EB1A
:10E268000B0348BF0022DBB258BF4FEA590200290E
:10E2780040F0E180B96F11F0040F14BF4946002146
:10E288006B70A970EA7028463A6A79687B6A984781
:10E29800061EFFF638AFFB6849462B70FB693A6AE1
:10E2A800EB7085F801B07B6A85F8028007F14000C1
:10E2B8009847B0F10009C0F2F0807B68FA69B86944
:10E2C80003EB420141443A6A7B6AAAEB0101984791
:10E2D8000028C0F2E4804FF0000BB14409EB0006BF
:10E2E80007F1300AA345C0F0A88000213A6A084621
:10E2F8007B6A984707E744464FF0000907F130006A
:10E308009CE74446C1469DE7A1469BE7C0F302004F
:10E3180031F3020034F20200A0D102004C5603008F
:10E32800DBF3020004000001FCDD0200B869DFF83D
:10E338008CC110F8021B10F8016CB86155F8260062
:10E348006045C0F0B480904278692CBF4FF0000B54
:10E358004FF0010B30B1B8683B6019F04BFB3B68DC
:10E36800574A60BBBBF1000F2BD0396959B10F2C4C
:10E3780036D9544940F24343534A544819F06FFB85
:10E3880040F2434196E6B96F490718D5B9F10F0F26
:10E3980009D94F4940F246434B4A4C4819F05FFBB4
:10E3A80040F2464186E609F1280007F1280C09F1F8
:10E3B800010100EB0C0909F8106C5FFA81F90133CF
:10E3C80045E7B86F800715D50F2C09D93D4940F2AC
:10E3D8004D433D4A3D4819F042FB40F24D4169E644
:10E3E800611C04F1280007F12804041904F8206CC2
:10E3F800CCB2E4E7B9F10F0F09D935494FF48A6374
:10E40800314A324819F02BFB4FF48A6152E609F180
:10E41800280C07F1280EF44409F101000CF8101C2F
:10E4280007F1500109F1020951FA80F05FFA89F900
:10E4380000F8106CC3E7002122E71BF80A3055F8F2
:10E44800239087F82F30FB6F23B3D7F880309B4594
:10E4580020D2FB6F33F81B8001213A6A7B6A07F1EF
:10E468002F00984700281ADB0644B8F1000F06D1A0
:10E478004846FEF752FA00F101081FFA88F84146AB
:10E4880048463A6A7B6A9847002808DB06440BF13D
:10E49800010B27E74FF00008DEE74E4633E6064655
:10E4A80031E67B69002B3FF4ABAE002380E6786948
:10E4B800002886D04FF0000B4DE700BFA0D1020026
:10E4C8004C5603007EF4020031F3020034F20200DD
:10E4D8009DF40200014B1B68184700BFEC070020A1
:10E4E800014B1860704700BFEC07002030B50446A8
:10E4F80085B00D461022002168461EF0ADFD0223AE
:10E508008DF80230044B2A4621466846019318F0DC
:10E5180017FF05B030BD00BFDDE4000080B505463B
:10E528000E461746984614F007FB034603F0E2F838
:10E53800DFF83C90044649F80030424639463046F8
:10E54800A8470C4B1B7873B90B4940F246330B4A6A
:10E558000B4819F084FA0B4819F081FA40F2463159
:10E56800064819F073FA54F8090003F05DF800BF83
:10E57800080000001D3D002008F50200CEF402004E
:10E5880034F202001BF5020038B50D46044620227D
:10E5980000211EF061FD0022EB68E361AB68A36116
:10E5A8002B6823626B68A26263622A6923B1591ED1
:10E5B800194208BF42F0010222610122002104F140
:10E5C8002C001DF07BF848B1054906482F23064A60
:10E5D80019F045FA2F21044819F038FA38BD00BF60
:10E5E800172D030034F202003DF502002DE9F04F2B
:10E5F800002789B0CDE90123436A04468B42884647
:10E60800BA460597079754D300F11406EFF311851E
:10E61800402383F31288BFF36F8F3046A94614F066
:10E6280075FD58B984234D4A4D494E4819F017FADB
:10E6380031464D4819F013FA842163E0304614F04E
:10E6480089FD079A2AB13946204619F0EEFA0023C7
:10E65800079306A9204619F00FFA06998346414503
:10E6680030D32268236A204613F8221003EB820A6B
:10E6780021F0030103F822102168424619F020FA1C
:10E68800E3682060984218D04FF0000B304614F031
:10E698004BFD50B389F31188BFF36F8F059929B1EA
:10E6A800A2690AB12046904700230593BBF1000FE9
:10E6B800ACD1504609B0BDE8F08F236943F0080398
:10E6C8002361E1E718B1204619F014FADEE7DDE925
:10E6D8000132134339D003911DF061F80399A0BBAF
:10E6E8009DBB304614F020FD78B94FF499731B4A4E
:10E6F8001E491C4819F0B3F931461D4819F0AFF905
:10E708004FF49971154819F0A1F985F31188BFF3F1
:10E718006F8F04F12C00DDE9012312F02FFA8346F4
:10E72800EFF31189402383F31288BFF36F8F3046CC
:10E7380014F0ECFC00283FF475AFBBFA8BFB3046B5
:10E7480014F008FD4FEA5B1BA0E7204607AB05AABB
:10E75800276819F0EEF9834698E700BF72F50200C2
:10E76800AEF5020034F20200C3F50200D9F502004A
:10E77800F0F502002DE9F0410446C36908460E464B
:10E78800984704F114050746EFF31188402383F3F3
:10E798001288BFF36F8F284614F0B8FC68B9842339
:10E7A8001A4A1B491B4819F05AF929461A4819F000
:10E7B80056F98421154819F049F9284614F0CAFC7D
:10E7C80033783A4643F0010333706168204619F004
:10E7D80077F96060204619F043FA284614F0A4FC43
:10E7E80068B94FF49973094A0C490A4819F037F97E
:10E7F80029460B4819F033F94FF49971DAE788F391
:10E808001188BFF36F8FBDE8F08100BF72F5020079
:10E81800AEF5020034F20200C3F50200D9F5020099
:10E82800F0F502002DE9F0470446002700F1140630
:10E83800EFF31188402383F31288BFF36F8F3046BC
:10E8480014F064FC054668B98423394A39493A48C2
:10E8580019F005F93146394819F001F9842134488D
:10E8680019F0F4F8304614F075FC2369A16818070C
:10E8780002D463688B4200D2636A5B1A002B41D0D2
:10E88800206A10F8213000EB810913F003023CD014
:10E89800022A04D150F821205FEA920A05D1DA074A
:10E8A80020D44846E36998478246A16852462046E4
:10E8B80019F006F95146A060204619F00FF92F46C5
:10E8C800304614F031FC10BB4FF49973184A1C49B8
:10E8D800194819F0C4F831461A4819F0C0F84FF42D
:10E8E8009971BCE743F0020300F82130E369484618
:10E8F800A568984729460246204619F0E1F8002500
:10E90800A060DDE71D46A946DAE71546FBE788F370
:10E918001188BFF36F8F002D8AD137B1B9F1000F7D
:10E9280003D104F12C0012F0ABF84846BDE8F0879B
:10E9380072F50200AEF5020034F20200C3F50200DF
:10E94800D9F50200F0F502002DE9F0410446C3694B
:10E9580008460D46984704F114060746EFF3118858
:10E96800402383F31288BFF36F8F304614F0CEFB39
:10E9780068B98423274A2849284819F070F831468D
:10E98800274819F06CF88421224819F05FF83046BE
:10E9980014F0E0FB2B7823F001032B7023699B070D
:10E9A80005D5E268236A03EB82039D4222D12B78C6
:10E9B80023F002032B70D4E90231994204D13A467C
:10E9C800204619F07DF8A0603946204619F086F8EF
:10E9D800304614F0A9FB90B94FF499730D4A1149C8
:10E9E8000E4819F03CF831460F4819F038F84FF442
:10E9F8009971C9E72B6867F39F032B60E8E788F3F1
:10EA08001188BFF36F8F04F12C00BDE8F04112F0BC
:10EA180037B800BF72F50200AEF5020034F202000A
:10EA2800C3F50200D9F50200F0F5020070B50446FE
:10EA380000F11405EFF31186402383F31288BFF326
:10EA48006F8F284614F062FB68B984231A4A1B4961
:10EA58001B4819F004F829461A4819F000F88421CF
:10EA6800154818F0F3FF284614F074FB2369A068D2
:10EA78001B0702D46368834213D2646A241A2846A7
:10EA880014F052FB78B94FF499730B4A0E490C48AD
:10EA980018F0E5FF29460D4818F0E1FF4FF4997189
:10EAA800DEE71C1AEBE786F31188BFF36F8F201E91
:10EAB80018BF012070BD00BF72F50200AEF502005C
:10EAC80034F20200C3F50200D9F50200F0F50200A5
:10EAD8002DE9F84F0546AB8B08461907904616D521
:10EAE80001280CBF43F0100343F02003AB83143517
:10EAF800284614F019FB002840F0B181AE494FF4C4
:10EB08009973AE4AAE4818F0AAFF29469DE002283C
:10EB180003F0070140F07D81284619F01FF9052808
:10EB280000F2FA8001A353F820F000BFF7EA0000D2
:10EB38001BEE000021ED0000C5EB00005FEC0000BB
:10EB4800BFEC000002F00702531F012B1AD8002364
:10EB5800062A2E68A4B2C5E9003309D1334603E07A
:10EB6800EA8B0132EA831B68002BF9D144F00204D6
:10EB78002846AC8319F0F2F8002800F05A8144F0D6
:10EB8800200455E1042A0DD1A4B22846AC8319F01B
:10EB9800E5F80646002800F04C8144F020040026E1
:10EBA800AC8346E1874940F21B13874A844818F032
:10EBB80056FF40F21B11844818F048FF49B18349B9
:10EBC8004FF4AB73804A7E4818F049FF4FF4AB719D
:10EBD800F1E72B684BB97E4940F257137A4A7848D7
:10EBE80018F03DFF40F25711E5E72B691F684FB950
:10EBF80078494FF4AD73744A714818F030FF4FF4F8
:10EC0800AD71D8E70E468A464FF00609AC8B24F062
:10EC1800070444F00604A4B2AC83AB68002B00F0F0
:10EC28000F814FF0010B44F00804AC8305F1140484
:10EC3800204614F079FA002878D15F494FF4997387
:10EC48005E4A5F4818F00BFF2146634818F007FF3B
:10EC58004FF499718EE0022909D0604940F25D13A2
:10EC6800594A574818F0FBFE40F25D11A3E7EE8BB6
:10EC78004EB15B494FF4AF73534A514818F0EFFE59
:10EC88004FF4AF7197E72B695F684FB9514940F26C
:10EC980061134D4A4A4818F0E2FE40F261118AE7D2
:10ECA800AC8BB24624F0070444F00404A4B24FF03D
:10ECB8000409AC83B1E7012909D04A494FF4B2737A
:10ECC800414A3F4818F0CBFE4FF4B27173E72B6806
:10ECD8004BB93F4940F265133B4A394818F0BFFE2B
:10ECE80040F2651167E72B699F684FB939494FF4BE
:10ECF800B473354A324818F0B2FE4FF4B4715AE78B
:10ED08000026AC8BB24624F0070444F00504A4B2F4
:10ED18004FF00509AC8380E72A4940F26B132A4A71
:10ED2800274818F09CFE40F26B1144E788F31188DD
:10ED3800BFF36F8FBBF1000F1ED1002E33D117B177
:10ED480028462949B847EFF31188402383F31288EE
:10ED5800BFF36F8F204614F0D9F900284AD18423D5
:10ED6800164A2249164818F07AFE2146204818F01B
:10ED780076FE842111481FE7A9680029DDD0D1F863
:10ED880000800029D9D053464A462846D1F804B015
:10ED9800D847B8F1000F04D0D8F80030414698465B
:10EDA800EFE74346FAE7314653464A46284636686F
:10EDB80019F000F8C1E700BFD9F5020072F50200AA
:10EDC80034F202009543030010F6020044F60200F4
:10EDD80050F6020073F60200F0F502008AF602000F
:10EDE800A0F60200AFF6020075EE0000AEF50200D4
:10EDF800C3F50200204614F0ADF9AC8B24F00804EA
:10EE0800A4B2AC83E20621D524F01003AB8304F04E
:10EE18000701D5F818A0AA8BBAF1000F22F0070451
:10EE2800BFF690AE00232E68C5E9003344F0010414
:10EE3800AC8304F0070989454FF000077FF4EDAE75
:10EE48000EB9002FDED04FF0000BECE6A3067FF5DD
:10EE58004EAE24F02003AB8304F007015CE688F390
:10EE68001188BFF36F8FBDE8F88F00BFF8B504466F
:10EE78000D4600F11406EFF31187402383F312883F
:10EE8800BFF36F8F304614F041F968B984230C4AF8
:10EE98000C490D4818F0E3FD31460C4818F0DFFD29
:10EEA8008421074818F0D2FD304614F053F9A561C3
:10EEB8003A462046BDE8F8400121FFF709BE00BFE9
:10EEC80072F50200AEF5020034F20200C3F502004A
:10EED8002DE9F04704460E4618F05CFF051E66DB78
:10EEE80004F11409EFF3118A402383F31288BFF366
:10EEF8006F8F484614F00AF9804660B98423374A70
:10EF08003749384818F0ABFD4946374818F0A7FD8F
:10EF18008421324843E0484614F01CF94FF6FF724A
:10EF2800E38BA78B934207F0070743D0062F2CD813
:10EF3800DFE807F01F43092B1F041F006FF085054A
:10EF48004FF0000802E002250133E383484614F03D
:10EF5800EBF8002834D14FF49973204A234921480B
:10EF680018F07DFD4946224818F079FD4FF4997153
:10EF7800CFE700233360636823B9C4E9006687B12B
:10EF88003D46DDE71E606660F9E71A4915484FF40B
:10EF9800E473194A18F063FD4FF4E471164818F049
:10EFA80055FD524602212046FFF792FD3D46284670
:10EFB800BDE8F0876FF00A05C2E76FF00405BFE708
:10EFC8008AF31188BFF36F8FB8F1000FEFD00023D9
:10EFD8003A463146204618F0EDFEE8E772F50200A1
:10EFE800AEF5020034F20200C3F50200D9F50200C2
:10EFF800F0F50200AFF6020010F6020008B542680C
:10F00800034602F00302032A81600AD06AB908495C
:10F0180008484523084A18F022FD4521064818F0FB
:10F0280015FD006800225A6008BD0020FAE700BFFD
:10F038009543030034F20200C5F6020000220023C3
:10F048002DE9F04F00279FB0CDE9082300F12803F0
:10F05800039305464FF0FF324FF0FF33283018F086
:10F0680031FFB8463E460DF1480A0DF1580BEB69E1
:10F07800B3420DD8EB69434555D1002F53D16FF0FA
:10F088008504039819F04EF820461FB0BDE8F08FAC
:10F098006A6CA9695000884294BF3346731EA1EB7D
:10F0A80042022846CDE900BACDE9082318F0E2FE6D
:10F0B80004460028E5D19DF8593085F82430199B7D
:10F0C80003F47023B3F5803F2BD2524659462846A5
:10F0D80018F05AFF28B3199B08F1010803F47F427E
:10F0E800B2F5844F0BD1DBB2012B07D00121AA4A1C
:10F0F800AA4818F0DCFE6FF07A04C2E707462846F3
:10F1080008A918F0ACFEDDE908232846CDE900BAC5
:10F1180018F060FF041EB4DB9DF8593085F82430E0
:10F12800A8D00136A3E7B34248D16B6C089A0EAE5B
:10F13800D21A099B2846009663F1000318F085FE51
:10F14800044600289DD1304695F8241018F0BCFEDE
:10F1580018B9284608A918F082FEDDE9086712AB3D
:10F168000DF15808019332463B462846CDF80080F9
:10F1780018F080FE0446002883D1199B03F47023FD
:10F18800B3F5803F3AD2404618F0AFFEB0B3199BB2
:10F1980003F47F42B2F5844F02D1DBB2012BA5D133
:10F1A80005F12403009332463B46284618F0B1FE89
:10F1B800811C044636D1002385F8243000266B6C68
:10F1C800089A5B00B2EB0309099BB04663F1000B98
:10F1D8005F46CDE9089BCDF810B00DF1680ACDF86F
:10F1E80014B0049B4E4573EB0B011ED3DDE90823D5
:10F1F800C5E90487C5E902230AAE4EE02B6A13F07D
:10F20800010309D1009332463B46284618F0DDFF3A
:10F2180004460028C4D034E70121614A5F4818F049
:10F2280046FE2CE70028C9D02BE74A465B4628460D
:10F23800CDF800A018F009FE044600287FF421AF9D
:10F24800504695F8241018F03FFE70B1BDF86A10CA
:10F258002646082907D9286C18F05AFF1C99059FDB
:10F2680008440619B046CDE9089B696CB9EB010161
:10F2780089466BF1000BB4E7D5E904879F4208BFC4
:10F28800904504D1BDF82A10002940F0A880696C87
:10F29800521A63F10003C5E90223424573EB0707DD
:10F2A80010D32846009618F0D0FD044600287FF4B5
:10F2B800E8AE304695F8241018F006FED5E902238A
:10F2C8000028D9D16A6CAB695200E9689B1A61F1D0
:10F2D8000001CDE90831284608A918F0C0FD12AB95
:10F2E800019316AB00932846DDE9082318F072FE57
:10F2F800041EFFF6C6AE012C10D000246B6CAA6960
:10F30800A96803EB4303D21AA44208BF91427FF4D1
:10F31800B8AE284618F0D3FF0446B2E60021D5E976
:10F3280002636A6C07919DF85910961985F82410A4
:10F3380043F100081AAFA969CDE90868A1EB4201B9
:10F348008E4231D30321174A144818F0B0FD07AB99
:10F3580000932846D5E9022318F0F6FD044610B1BB
:10F36800A31C7FF48EAE079B28460093D5E90223A1
:10F3780018F02BFF044600287FF483AE6A6CAB6953
:10F3880002EB42029B1AEA681B18C5E90402AB604B
:10F39800284619F01DF846E0FAF6020034DE0200AD
:10F3A80017F7020043F70200324643462846009703
:10F3B80018F04BFD044600287FF463AE38469DF8EC
:10F3C800691018F081FD28B1BDF86A3013B91B9B8C
:10F3D800013307D06A6C961948F10008ABE76FF063
:10F3E8001C044EE6124A0321124818F060FDEB682F
:10F3F800284608A9CDE9084318F031FDDDE908677A
:10F4080007AB009332463B46284618F09DFD04465C
:10F4180010B1A21C7FF435AE079B324600932846F4
:10F428003B4618F0D2FE044600283FF466AF28E6B3
:10F438006AF7020034DE02002DE9F04782B00C467C
:10F44800054602AF48B93F4A01213F4818F02FFD51
:10F458006FF01500BD46BDE8F08728301CF009F9AB
:10F46800E86B8368DB6898470246286408B9374A1E
:10F47800EAE7102118F04CFE68641368013B1F2B63
:10F4880001D9334AE0E7AA6900EB80039A4205D222
:10F498000121304A2C4819F035F9D9E7EB69012BDD
:10F4A80001D82D4AD0E72846FFF7C8FD002838D1F3
:10F4B800012385F82530D5E9062303210092224847
:10F4C800264A19F029F9D5E90232E9468AB002AE8E
:10F4D80000244FF0060AB0462149C6E90624C6E9C9
:10F4E8000834716148F810AF4FF44351234642463F
:10F4F800154800F019FDD5E90432CD468AB01949FE
:10F50800C6E90743C6E905127462C6F810A00E489A
:10F51800234642464FF4435100F006FD2046CD46AF
:10F5280098E7002C96D0022103460F4A064819F0A6
:10F53800E9F8284618F0A2FE2846FFF77FFD0028C4
:10F54800B6D087E77FF7020034DE02008AF70200B0
:10F55800ACF70200C9F70200F5F7020036F802001E
:10F568004DF8020063F8020078F802002DE9F04F28
:10F57800894617461E46044685B038B901214C4ACB
:10F588004C4818F094FC6FF0150509E090F8253008
:10F5980053B90121484A474818F089FC6FF00C0517
:10F5A800284605B0BDE8F08F3146006C18F0B0FD74
:10F5B800636CA26903EB8301521A96428246E2D831
:10F5C800B6F5803FDFD20EB1002FDCD0BAF1000FC4
:10F5D80003D0082E94BF9A469A4404F128084FF0A5
:10F5E800FF324FF0FF33404618F06CFC4FF0000B31
:10F5F800E3695B4558D0D4E90221002A3DD0D4E91B
:10F6080004531AEB050043F100038242994134D3B5
:10F61800636C9A4200D186BB1022002168461DF017
:10F628001BFD94F82430082ECDF80490ADF8026044
:10F638008DF8013018D90295684618F03AFC082E62
:10F6480006D932463946204618F0A8FE054638B98C
:10F658006946204618F0A0FD002814BF0546354627
:10F66800404618F05FFD9BE7731E072BE4D832462F
:10F67800394602A81DF0CAFCDEE7204618F038FE1D
:10F68800054630B103460D4A01210A4819F03AF8F7
:10F69800E6E7204618F09CFE054610B1084A0346E6
:10F6A800F2E70BF1010BA3E76FF01B05D8E700BFEA
:10F6B8007FF7020034DE02009FF80200B3F8020070
:10F6C800DDF802002DE9F04F15461E460022002302
:10F6D8008BB088460446CDE9042348B93048012157
:10F6E800304A18F0E4FB6FF015000BB0BDE8F08F5E
:10F6F80090F825303BB92A4801212B4A18F0D7FB4E
:10F708006FF00C00F1E74FF00009D0E9022304AFD5
:10F718000DF1180BCDE902B7D4E90201CDE90001DA
:10F7280041462046CDE9042318F092FC0028DCDB92
:10F7380011D039462046DDF814A009F1010918F066
:10F7480059FC0028D1D1DDE9042314994945E1D2B7
:10F75800079A424502D06FF00100C6E7BDF81A705B
:10F76800002FF8D0082F0AD83DB1BE4232462846AD
:10F7780028BF3A4608A91DF049FC3846B5E7002DD0
:10F78800FBD0089A53460244B74294BF01970196AA
:10F798002046009518F049FB0028EED0A5E700BFE9
:10F7A80034DE02007FF702009FF8020008B558B95E
:10F7B8000749084840F23513074A18F050F940F253
:10F7C8003511054818F042F94368587908BD00BF5B
:10F7D80054F9020034F202000DF9020010B548B9DC
:10F7E80008490948A023094A18F039F9A02107480F
:10F7F80018F02CF903681B6913B1BDE810401847CD
:10F80800184610BD54F9020034F202000DF9020046
:10F818002DE9F843044606460127DFF8408094FAAC
:10F82800A4F5B5FA85F507FA05F308EB05156FEAAF
:10F83800030924EA03042B7B5BB12846FFF7CEFFBC
:10F8480038B96B6804222846196806EA090618F0D0
:10F85800E0FE002CE3D13046BDE8F883ACDE0200C0
:10F8680010B5002288B00E490E481CF06EF8002230
:10F8780000230024CDE906230E234FF40062CDE9CE
:10F888000334CDE90144084B08490094084812F0B4
:10F89800F9F9084906481BF088FF204608B010BD52
:10F8A800A1F90000D01E0020EDFC0000204100203E
:10F8B800401A00206BF902002DE9F047DFF8B890F4
:10F8C8002E4C8046A9EB04038F2B0F460BD92C49ED
:10F8D80040F253132B4A2C4818F0C1F840F2531148
:10F8E800284818F0B3F8294818F085FE064660B392
:10F8F80000252846BDE8F087237B8BB12368DB68A9
:10F908000BB1204698476368204683F806A0FFF7A6
:10F9180065FFB0B9636804222046196818F079FEBB
:10F92800013610344C4514D9194940F25F13154A71
:10F93800154818F094F8174818F091F840F25F113C
:10F94800CEE70AFA06F31D43EAE705464FF0010A37
:10F95800E8E7D1D3B8F1000FCBD0002DC8D02846A6
:10F96800FFF756FF0546002FF7D0002140F2391067
:10F9780013F054F8F1E700BFBCDE0200ACDE020071
:10F98800AFF9020073F9020034F20200CC30002013
:10F99800DFF9020000FA0200014811F071B800BF57
:10F9A800640C0020014B53F82000704704E3020068
:10F9B80008B5034608462BB1044A136000F024FD3D
:10F9C800002008BD6FF01500FBE700BFF00700201E
:10F9D80010B5044C237813B9034811F051F80123EA
:10F9E800237010BD3D390020640C002010B504467A
:10F9F800094818F000FE3CB1084BD3E8EF1F013965
:10FA0800C3E8E21F002AF8D1054813F06FFFBDE8EC
:10FA18001040044811F034B8C4300020C830002029
:10FA2800D01E0020640C00200022044BD3E8EF0F06
:10FA3800C3E8E12F0029F9D1704700BFC430002086
:10FA480070B5FFF7F1FF0546104C114EB4421AD9B4
:10FA5800104940F21623104A104818F000F81048D0
:10FA680017F0FDFF40F216210B4817F0EFFF204674
:10FA7800FFF79CFE28B123685B6813B1294620462E
:10FA880098471034E2E7F2D370BD00BFACDE020045
:10FA9800BCDE0200DFF9020073F9020034F2020052
:10FAA80000FA020010B5044C04492046FEF76CFD2C
:10FAB800034B1C6010BD00BF100B0020F0E20200D9
:10FAC800B83000200023154A10B51370144A1549A0
:10FAD8001360154A15481360FFF76AFFFFF7E2FF46
:10FAE800134B144918468B4215D9134940F22B136E
:10FAF800124A134817F0B3FF124817F0B0FF40F24C
:10FB08002B110E4817F0A2FF1A1A5C681211013265
:10FB180022711033E7E7F7D310BD00BF3E3900204C
:10FB2800C430002040420F00C8300020FB8502008E
:10FB3800ACDE0200BCDE0200DFF9020073F902004D
:10FB480034F2020000FA02000146002200230148B4
:10FB5800FEF74CBD100B00200148FEF763BE00BF46
:10FB6800100B0020024B01461868FEF7EDBE00BFDF
:10FB7800B83000200148FEF759BF00BF100B002025
:10FB8800F8B5314B1B78002B5BD0FFF7E5FF044637
:10FB9800002846D12D4B2E4D1B68002B19DD1BF07C
:10FBA8008CFE4FF47A76A0FB060747F61222002354
:10FBB80006FB0171F9F75AFAD5E90032C01A40F28A
:10FBC800E93361EB0201984271F1000101D3FFF7BB
:10FBD80037FFD5E9003213F57A7342F10002C5E91F
:10FBE800003274B3BDE8F840FFF7C4BF2846FFF7FA
:10FBF800DDFD20B12B68214628461B689847103543
:10FC0800B54211D9134940F20A23134A134817F091
:10FC180026FF134817F023FF40F20A210E4817F079
:10FC280015FF104D104EEBE7E0D32046FFF79AFF83
:10FC38000E4BD3E8EF1F0139C3E8E21F002AA9D011
:10FC4800F7E70020F8BD00BF3D390020C430002090
:10FC5800C81E0020DFF9020073F9020034F2020026
:10FC680000FA0200ACDE0200BCDE0200C830002050
:10FC780070B5154D297831BB0120FFF71DFE134CD7
:10FC8800134EB44218D9134940F2CF13124A1348FD
:10FC980017F0E5FE124817F0E2FE40F2CF110E48C9
:10FCA80017F0D4FE2046FFF781FD18B123682046DF
:10FCB8009B6898471034E4E7F4D3FFF761FF002806
:10FCC800FBD101232B7070BD3E390020ACDE020051
:10FCD800BCDE0200DFF9020073F9020034F2020010
:10FCE80000FA02002DE9F843374F384BFB1A1B097D
:10FCF8000AD137494FF46F73364A374817F0AFFEC9
:10FD08004FF46F71334819E000210846FFF7D4FD1E
:10FD18000446A8B140F21B684FF000092F4B1B782E
:10FD28009BB92F4940F246332E4A2B4817F097FECD
:10FD38002D4817F094FE40F246312A4817F086FE07
:10FD48004FF0FF384FF0FF39E8E701F0D3FC274BBD
:10FD5800274A1B58136033B1264B1B68092B02DD59
:10FD6800254810F08DFE002544B12046FFF750FDD0
:10FD7800044618B94FF0FF384FF0FF39FFF700FF7E
:10FD8800064628B935B91C4842464B4610F0F6FEDF
:10FD98003546E9E70D4D08E0F5D22B689B691BB1A4
:10FDA80000222846114698471035BD42F4D9134918
:10FDB8004FF46C73074A084817F051FE104817F0C3
:10FDC8004EFE4FF46C719DE7BCDE0200ACDE020013
:10FDD8001FFA020073F9020034F202001D3D0020F0
:10FDE80008F50200CEF402001BF50200080000002E
:10FDF800C0300020C8300020640C0020DFF9020069
:10FE080000FA020013B52C4818F0F5FB2B4B1B78B1
:10FE1800002B35D0EFF31184402383F31288BFF30E
:10FE28006F8F274813F072F968B98423254A264949
:10FE3800264817F014FE2249254817F010FE8421A1
:10FE4800204817F003FE1E4813F084F9FFF798FEC8
:10FE58001B4813F069F968B94FF49973194A1D4999
:10FE68001A4817F0FCFD16491B4817F0F8FD4FF427
:10FE78009971E5E784F31188BFF36F8F02B010BD65
:10FE8800164B1B68002BF9D050B9002200231448E8
:10FE9800CDE9002347F61222002313F0B9FCEDE761
:10FEA8000928EBD10E4813F021FD0E4802B0BDE839
:10FEB800104010F0E5BD00BFC83000203E390020DA
:10FEC800BC30002072F50200AEF5020034F20200E8
:10FED800C3F50200D9F50200F0F50200C030002099
:10FEE800D01E0020640C002010B5064B04461B6889
:10FEF80098472146A0600448FEF73CFCBDE8104046
:10FF0800FFF780BFF0070020100B0020044A054BC4
:10FF18009B1AB1EBD30F34BF52F831000020704761
:10FF280064DD0200ACDE02002DE9F04F8FB0C1F3B2
:10FF38004A2604AF0D469046B8607B600C0D002E33
:10FF480066D04FF000090A234FF0040B07F1140A9A
:10FF5800FE60C7E90799C7F824900093CDF808B068
:10FF6800CDF804A007F11C034A464046F968FEF79D
:10FF78008FF8B0F5006F03461CD36C468AB0D8F8EA
:10FF8800041004AB2B481A46C3E9050140F2FF717F
:10FF9800D9614FF400711984274B42F8103F4FF490
:10FFA80012514B462548FFF7BFFFA5462C37BD46E3
:10FFB800BDE8F08FC0F30A0604F11700184420F0DA
:10FFC800070080083B60FFF7BFFD66F35325044632
:10FFD80030B33B6800F11001C7E908390A23F96119
:10FFE800CDE901AB00934046154AF96807F11C03B7
:08FFF800FEF74EF8002813DAB1
:020000021000EC
:100000001249134840F24913124A17F02CFD40F2EE
:100010004911104817F01EFD04F1170020F00700E9
:100020008008FFF795FD044666F353252A462046CF
:100030007B68B96818F011FBBCE700BF48FA020002
:10004000040000013CDE02002D860200C2FA02001C
:1000500034F2020087FA0200406820B1034BC01A54
:1000600040F3CF0070474FF0FF30704764DD02006F
:100070000EB403B503AB53F8042B014604480193B7
:1000800001F0F4FD02B05DF804EB03B0704700BF6F
:10009000B1000100CA0605D48B064CBF02490349D2
:1000A000FFF7E6BF704700BFFB450300C7EF020044
:1000B00038B54B6805461A68CB680C469A4202D19F
:1000C000084618F047FB6368D3E8EF2F511CC3E8DC
:1000D000E01F0028F8D1A3689D5463681A68E3689C
:1000E0009A4209D9054906487223064A17F0BBFC13
:1000F0007221044817F0AEFC002038BD09FB020055
:1001000034F20200CBFA02002DE9F04F89B0994693
:100110009DF85080159B044606930D46DDE916A315
:10012000189F05920493B8F1000F00F0A180B8F178
:10013000040F0BD988494FF41573884A884817F083
:1001400092FC4FF41571854817F084FC07F4807316
:10015000079318F060FA07F0020B0246002856D009
:1001600020468049FFF784FF0646BBF1000F08D008
:1001700017F0440F4DD12A4620467B49FFF778FF00
:10018000064407F0010353B1784B204653F828206A
:10019000774B7849002A08BF1A46FFF769FF07F432
:1001A0008073002B07F0080318BF4FF00009002BE5
:1001B0005BD0714B204653F828207049FFF758FF59
:1001C0000546059B2BB11A4620466D49FFF750FFA7
:1001D0000544B9F1000F05D04A4620466949FFF7AA
:1001E00047FF054468483544069B002B47D022460C
:1001F000664917F0D2FB002841DA654940F2B12385
:10020000564A574817F02FFC40F2B1219BE70646AB
:10021000ABE7604B18680028B2D05F4B4FF47A7B95
:100220001B684FF03C0CB5FBF3F5B5FBF0F14FF458
:10023000616300FB11550BFB05F5B1FBF3F2B5FB58
:10024000F0FE03FB121100FB1E55B1FBFCF30BFB90
:1002500005F5B5FBF0F50CFB131120460091CDE937
:1002600001E54E49FFF704FF8AE707F00805A8E714
:10027000B9F1010F45460CBF43484948B4E7049B18
:10028000002B54D0DDF810903946B9F1100F2046FC
:1002900028BF4FF010090026FFF7FCFEB54218DC1E
:1002A0000026334620461AF803203E49FFF7E0FEB9
:1002B0000136102E13D0710703D120463A49FFF7BB
:1002C000D7FE4E453346EDD320463849FFF7D0FEE2
:1002D000EEE720463449FFF7CBFE0136DEE7002685
:1002E00020463349FFF7C4FE33461AF80320204660
:1002F000A2F120035F2B28BF2E222E49FFF7B8FE64
:100300000136102E0DD0720703D120462649FFF783
:10031000AFFE4E453346E8D320462349FFF7A8FEFB
:10032000EEE7049BCA44B3EB09030493AAD1B8F1E6
:10033000000F0AD0FB0704D520460D4A0D49FFF7F0
:1003400097FE39462046FFF7A5FE204609B0BDE8D6
:10035000F04F18F0FFB900BF3EFB0200CBFA0200DD
:1003600034F2020049FB02004DFB020014E30200DC
:1003700039FB02005E0F030028E3020072FB02005B
:1003800078FB02007CFB0200B10001006D1C010043
:1003900081FB0200D4300020D030002056FB020048
:1003A0006F8702008AFB020092FB020090FB0200B2
:1003B00094FB020096FB020042F20F7373B58B426E
:1003C00028BF0B4605680446052168460D4A16F00D
:1003D0002BFF0646636828460B225B680A4918F023
:1003E000ABF963683246694628465B6818F0A4F9A1
:1003F00063681B2228465B68044918F09DF902B027
:1004000070BD00BF58ED0200B053030094530300C9
:1004100000210123064A904206D8064A01B9012369
:100420001360054B18607047012140085B00F2E73C
:1004300040420F00D0300020D43000200122014B78
:100440001A7070473F390020014B00201960704737
:10045000EC3000200148FFF7AFBF00BF58E30200B7
:1004600010B5064B0C461868FFF7A0FA2146BDE808
:10047000104003460F220248184700BFEC3000200E
:1004800058E302000122F8B5084B094D094E1A70D5
:10049000D5E900470CB92C60F8BD214630463A46F4
:1004A00000F01EF8241A0644F4E700BF403900208B
:1004B000E03000204139002010B9074B1870704718
:1004C000064B1B781BB141F288301BF08BB89D2086
:1004D000002112F0A7BA00BF3F39002040390020A8
:1004E0002DE9F04780460F460425DFF87C901F4E2B
:1004F00099F80040ACB91BF068F83A46824641468C
:1005000020460FF0CFFA044650461BF066F8ECB1D7
:100510000123337099F800307BB93C462046BDE892
:10052000F0873A46414600200FF0BCFA0446EEE759
:1005300028466C1EFFF7C0FF254600200FF0FCFA8E
:100540000028EAD03378002BF2D1E6E7337833B1D4
:10055000013D2846FFF7B0FF3378002BC8D1337830
:10056000002BDAD0DAE700BF403900203F39002005
:10057000014B03600020704768E3020070B5104B28
:100580000D461C68B4B10F4B196800238B4202DB87
:100590006FF0010070BD224612F8106B864202D047
:1005A00014460133F2E7E0681BF020F828B1002080
:1005B0002C60EFE76FF00C00ECE76FF01200E9E75A
:1005C000F407002068E3020010B5436888B0029386
:1005D00083680C46CDE9033200230A68C068CDE980
:1005E0000623054901AA05931AF06EFA079808B97F
:1005F000059B236008B010BDF987020010B54FF4C9
:100600002814DFF820C086B0CDE904C40824029481
:1006100004AC0194BDF82040009419F0AFFD06B081
:1006200010BD00BF180028002DE9F0410C4B054615
:100630001C680E4617467CB100F098F963682046A6
:10064000D3F8108032463B462946C047044600F0A6
:1006500097F92046BDE8F0816FF00104F9E700BF8B
:10066000F030002000230360044B5A6812B9C3E93C
:100670000000704710605860704700BFF4300020E1
:10068000014B1860704700BFF0300020002330B5E8
:1006900085B0CDE902330546019000F067F9094BBA
:1006A0001C6844B9284600F0EBF8044600F068F9ED
:1006B000204605B030BD636820461B6801A99847F5
:1006C0002468EEE7F43000201FB5CDE90101039264
:1006D00000F04CF9074B1C6824B900F051F9204692
:1006E00004B010BD636820461B6801A998472468C0
:1006F000F2E700BFF43000200022024BC3E90022E1
:10070000704700BFF43000200022024BC3E90022F2
:10071000FFF7F2BFFC3000202DE9F74307460C46F7
:1007200009B100230B600026254DDFF898904D4558
:1007300024D925499D23254A254817F094F92548B1
:1007400017F091F99D21214817F084F9D5F8008020
:100750003846414601AA18F0C5F850B116B954B947
:100760002E4606E000224046316818F0BBF800280B
:10077000F5D11835DBE7019B2360F1E7E6D3164B93
:100780001D68C5B155F8188C3846414601AA183D78
:1007900018F0A8F850B116B954B92E4606E0002258
:1007A0004046316818F09EF80028F5D1AD69E8E7B9
:1007B000019B2360F1E7304603B0BDE8F08300BF42
:1007C000BCDE02004CDF02000AFC0200C9FB020092
:1007D00034F2020000FA0200FC3000202DE9F0475C
:1007E00084B002AFD7F8289004460D4616469846C6
:1007F0007860B9F1000F07D0D9F8001031BBD9F8F3
:1008000004A0BAF1000F28D12046391DFFF784FF5C
:1008100008B3D0F80C904346324629467868C8475A
:10082000C8B16D468AB002AA124BD061C2E9053444
:100830004FF400731384104B42F8103F00234FF421
:1008400011510E48FFF774FBAD4604E03A1D18F055
:1008500049F80028D3D1002007E0D9F80830324603
:100860000093294643467868D0470837BD46BDE81F
:10087000F08700BF32FC0200040000018CDE0200A1
:100880002DE9F04780464FF000470026DFF8C09082
:10089000DFF8C0A03D46304C4C452FD92F494FF4CE
:1008A00089732F4A2F4817F0DEF82F4817F0DBF82E
:1008B0004FF489712A4817F0CDF82F46EAE7B8F1CE
:1008C000000F03D122694AB91834E5E700224146F6
:1008D000206818F007F80028F4D1F5E76368BB42F8
:1008E00006DDAF4202D0AB42A8BF2B461D46EBE768
:1008F000EAD19047002E08BF0646E5E7DFD3DAF8D5
:100900000040FCB1183CB8F1000F03D122694AB98C
:10091000A469F6E700224146206817F0E3FF0028AB
:10092000F4D1F5E76368BB4206DDAF4202D0AB42CB
:10093000A8BF2B461D46EBE7EAD19047002E08BF23
:100940000646E5E7AF42B8D13046BDE8F08700BFC4
:100950004CDF0200FC300020BCDE02000AFC02007A
:10096000C9FB020034F2020000FA02004FF0FF322D
:100970004FF0FF3301480FF037BD00BF400C00209F
:1009800001480FF0F9BD00BF400C002038B5094DFB
:10099000FFF7ECFF2B785BB9FFF7B6FE00F032F9FA
:1009A000044608B901232B70FFF7EAFF204638BD43
:1009B0000024F9E7513900202DE9F04F00F1080635
:1009C0009BB00746894608234FF00041304607AAEE
:1009D00017F0EBFD002827DB089D0DB9284623E022
:1009E00025F0010A492307AA5146304617F0DDFDDC
:1009F0000AF1804B59460446304617F0E3FD0823C0
:100A000080462946304605AA17F0CFFD00280BDBAB
:100A1000002C069D02DDB8F1000F08DC5146384677
:100A200017F0F8FF0028D8D01BB0BDE8F08F04F114
:100A300068030DEB03040023414604F84C3C054ACF
:100A4000CDF8009003AB07A8CDE9036BFFF7C6FE16
:100A5000E8E700BF558902002DE9F04F9BB004463E
:100A60008846CDE90123002900F0BC804A21404698
:100A70001CF028FB019B814693B3029BB3FA83F5DC
:100A80006D094FF0000B49464046FDF7ADF84FF0B9
:100A9000FF36DA4620F0404020F01F0040F00043CF
:100AA000009304F10803039394F85C305B4519DA72
:100AB00053454AD3009F760006F01E0637436DB9B2
:100AC0000125DDE9012304F10806304607F18041E4
:100AD000FEF750FD002842DB002D50D100203EE003
:100AE0000125CEE7009B039803EB4B0739464923CA
:100AF00007AA17F05AFD831C06D1B6F1FF3F08BFC5
:100B00005E460BF1010BCFE7002828DB49280BD903
:100B1000364937484FF4DF73364A16F0A4FF4FF4D6
:100B2000DF71344816F096FF002200F168036B4431
:100B3000484503F84C2C05D14A46404607A91CF00D
:100B40009EFAA8B10AF1010ADBE7BAF10F0F09D941
:100B500029480121294A17F0D0FD6FF01B001BB076
:100B6000BDE8F08F009B84F85CA043EA4A07A6E743
:100B7000002DA6D03946204617F04CFFEFE70023A2
:100B80000693636D002B22DA636D47F00105059330
:100B900029460823304605AAFEF7ECFC0028DEDBD8
:100BA000A36D30460593616D082305AA0695FEF7EF
:100BB000E1FC0028D3DB636D4246C4E91553394696
:100BC0004B463046FEF7D6FC00EAE070C7E70A481D
:100BD00002210B4A17F091FD204617F0C1FE0028B4
:100BE000D2D0BCE76FF01500B9E700BF9CFC020053
:100BF00034F2020057FC02008CDE0200B0FC02005E
:100C0000D0FC02007FB50123694603200193FFF762
:100C1000B5FC044668BB032002AA01A917F00EFE2A
:100C2000044610B110F10C0F23D1009B03999A6870
:100C3000134DB2FBF1F2C5E908125A68DB68AA60ED
:100C40002B656B64C3B105F1080017F0A7FC0446DF
:100C500078B985F85C00284617F082FE044640B952
:100C6000084E28466E60FFF7FDFC28466E60FFF7D1
:100C700007FD204604B070BD6FF01204F9E700BF15
:100C8000081F002038E4020008B5054816F0D5FE1C
:100C9000044816F0D2FE044816F0CFFE002008BD2E
:100CA00004FD020038FD02006BFD0200034B9B684F
:100CB0001BB1481E18BF012018477047043100209F
:100CC00010B51C46034B11461B680BB122469847D2
:100CD000204610BD04310020024B5B6803B1184769
:100CE000704700BF0431002030B1044B02681A6025
:100CF00042685A6082689A60002070470431002080
:100D000070B50E461546044686B000211822684686
:100D10001CF0A6F90B490C4BCDE90116ADF80C50AF
:100D200004932CB96946204608F090FE06B070BDC9
:100D30000122204608F0AEFB0028F3D16FF0150029
:100D4000F4E700BF7CE40200D90C010008B50348B9
:100D5000034A0021121A17F01FFF08BD180E0020C9
:100D6000203D0020074808B5074A0849121A17F025
:100D700015FFBDE808400648064A0749121A17F051
:100D80000DBF00BF20050020140E002054560300A4
:100D900018050020200500204C5603002DE9F047DF
:100DA00006460C4600AF002936D0D1E90012E946CC
:100DB0008AB06D46A3684FF0050AE8461F48CDE9A2
:100DC0000723CDE9050148F810AF002342464FF450
:100DD00021511B48FFF7ACF8D4E90312CD466369F3
:100DE000AD461848C5E90723C5E90501C5F810A0B7
:100DF000002342464FF421511148FFF799F8CD46A0
:100E0000E3690121104A0E4817F080FCA369012113
:100E10000E4A0B4817F07AFC012E07D1EFF3058339
:100E20000B4A31460648103B17F070FC214630460D
:100E30000EF0E2FEBD46BDE8F08700BF9FFD020058
:100E400074DE0200CEFD0200FDFD02000CFE020079
:100E50003AFE020030BFFFF7FDBF00BF2DE9F041B1
:100E600005460B4EDFF82C80324606EB0807CC1BFC
:100E7000204609491CF0CEF8A01942460021083C42
:100E80001CF0EEF8AC6707F10800BDE8F08100BF88
:100E900000000000080000004CDF020010B5244CE8
:100EA0002449254817F087FEA36A99013ED52248B8
:100EB000224917F080FE1E20A36ADA0104D51E48DD
:100EC0001F4917F078FE1F20194CA36ADB0204D5D6
:100ED00019481C4917F06FFE0220A36A1C0304D5B1
:100EE0001548194917F067FE2120114CA36A5903D0
:100EF00004D51148154917F05EFE2220A36A9A0313
:100F000004D50D48124917F056FE2320084CA36A59
:100F1000DB0304D508480F4917F04DFE2420A36ACF
:100F20006FEA03436FEA1343A36210BD1D20C3E7BA
:100F300000ED00E04DFE020074DE020065FE0200DE
:100F400078FE020092FE0200BCFE0200DAFE020001
:100F5000FFFE020019FF020070B506460D46334C35
:100F60003349344817F027FEA36AD9064DD53148D6
:100F7000314917F020FE1120A36A1A0704D52D4825
:100F80002E4917F018FE1220284CA36A9B0712D591
:100F90002B49284817F00FFE636BA26A110609D58A
:100FA0000121284A234817F0B1FB1EB1A36A23F0A0
:100FB0008003A36213201D4CA36ADA0704D51D48E1
:100FC000214917F0F8FD1420A36A9B0604D519489F
:100FD0001E4917F0F0FD1520144B9A6AD60602D46C
:100FE0009A6A940713D59B6AD90610D5184940F21E
:100FF0002D13184A184816F036FD184816F033FD20
:1010000040F22D11134816F025FD1020B4E7074BD0
:101010009A6A920642BF5A6A22F400525A629A6A47
:1010200042F0FF029A6200232B7070BD00ED00E0D9
:1010300044FF020074DE02005AFF02008DFF02002E
:10104000A0FF0200B8FF0200CEFF0200EDFF020089
:101050005D0003001C00030034F20200A70003003F
:1010600070B506460D46284C2849294817F0A3FDBF
:10107000A36AD9043CD52648264917F09CFD1720C1
:10108000A36A1A0504D52248234917F094FD1820B5
:101090001D4CA36A9B0512D51D48204917F08BFDF6
:1010A000A36BA26A100409D501211D4A184817F044
:1010B0002DFB1EB1A36A23F40043A3621920124C36
:1010C000A36A590504D51248164917F074FD1A2071
:1010D000A36ADA050ED50E48134917F06CFD1B20E4
:1010E000094A936A43F47F43936200232B7070BDD7
:1010F0001620C5E7A36A9B04F2D505480B4917F0F3
:101100005AFD1C20ECE700BF00ED00E00B010300DE
:1011100074DE0200210103008DFF02003201030092
:101120004B010300600103007B010300EDFF02009F
:10113000F0B58BB07A4B04465868002500AFC0F379
:10114000080385F31188BFF36F8F02F07F46B6F175
:101150007F4F07D102F00C06082E12D17149724858
:1011600017F029FD714940F21B43714A714816F08E
:101170007AFC714816F077FC40F21B416C4816F07F
:1011800069FC16074CBF0C460125002CEAD0002252
:10119000FA71DA1E092A00F2A280DFE802F005984F
:1011A0009B7BA0A0A0A0A09E64495F4817F003FD10
:1011B00000235B4EFB71F36A9A0705D560495A48D4
:1011C00017F0F9FC00232DE0F36A002B01DA5D49EA
:1011D000F5E7F36A5B006DD55B49534817F0EBFC0C
:1011E0007369A26943F480737361BFF34F8FBFF3D8
:1011F0006F8F32F8023C726922F480727261BFF321
:101200004F8FBFF36F8F03F47F42B2F55F4F2AD148
:10121000DBB2022B27D1236801214C4A424817F048
:1012200075FA2368FA79DAB907F1080604F1200C97
:10123000324620686168083403C264451646F7D117
:101240007A6A002D68D0C2F3080121B96FEA5222F0
:101250006FEA42227A62184607F10801FFF79EFD05
:101260002C37BD46F0BD2E4B9A6AD2B22AB101206E
:10127000F91DFFF771FE0346D4E79A6A12F47F4F17
:1012800004D00120F91DFFF7EBFEF4E79B6AB3F5EC
:10129000803F02D3FFF702FEEDE72D4940F2ED2338
:1012A000234A244816F0DFFB2A4816F0DCFB40F204
:1012B000ED2163E726494FF43C731D4A1D4816F0A3
:1012C000D2FB254816F0CFFB4FF43C7156E70020C7
:1012D000F91DCEE70020F91DD5E720496FE7204A28
:1012E0006E4610F4F87F8AB01E4918BF11466A4650
:1012F000103B07934FF400731B48ADF820301B4B95
:10130000CDE9050142F8103F00234FF41151064882
:10131000FEF70EFEB54655E76FF308029AE700BFE9
:1013200000ED00E0C101030074DE0200EC010300E7
:101330001C00030034F20200FF0103003D02030021
:10134000540203007502030083020300A20203009B
:1013500095430300BE020300E202030012030300F0
:10136000A8010300930103003603030004000001F9
:10137000064B5A6942F010025A615A6942F480627F
:101380005A615A6922F008025A61704700ED00E084
:10139000EFF30880EFF3098101B57246FFF7C8FE4D
:1013A00001BD00BF002080F31488BFF36F8F0020C1
:1013B00080F30A8880F30B880F4880F308880DF0CB
:1013C000C3FA00200D490860BFF34F8F00F02CF8DE
:1013D000402080F311880A484FF40061401880F3E0
:1013E0000988EFF314800221084380F31488BFF3C7
:1013F0006F8F00F0B7F800006079002094ED00E0F6
:1014000020620020002318460649D1F89020C2F33C
:101410000722934200DB7047C1F89830C1F8A00062
:101420000133F6E700ED00E010B572B6002484F356
:101430001388FFF7E7FF23464FF0FF300C4A03F114
:1014400020010133102B42F82100F8D100234FF086
:10145000FF30074A03F160010133102B42F82100ED
:10146000F8D162B6BFF34F8FBFF36F8F10BD00BFCF
:1014700000E100E01EF0040F0CBFEFF30880EFF373
:101480000980816911F8021C0229FFD001B572465A
:1014900017F086FB01BD00BF00B2002807DB012367
:1014A0004109034A00F01F00834042F82130704791
:1014B00000E100E000B200280CDB012206494309EC
:1014C00000F01F008240203341F82320BFF34F8FEC
:1014D000BFF36F8F704700BF00E100E038B5D3075E
:1014E00004460D4612D48B1C072B10D96B23114ACE
:1014F0001149124816F0B7FA294611480623224628
:1015000016F0B1FA6B210B4816F0A4FA002320B2B2
:101510000028ACBF00F160400A4A4FEA4313DBB237
:10152000ABBF00F5614000F00F0080F800331354AA
:1015300038BD00BF490303008F03030034F20200EB
:10154000AA03030014ED00E0044B054A23F07F03D7
:101550009360BFF34F8FBFF36F8F704700000000A1
:1015600000ED00E008B5FFF7EFFF074AD2F888303A
:1015700023F47003C2F88830FFF7E8FBFFF7F2FBB3
:1015800000F09CF80EF094FC00ED00E042F8203CE6
:10159000009B0B4942F81C3C019B21F0010142F8E1
:1015A000183C029B42F8081C42F8143C4FF0807330
:1015B00042F8043C0023203A0265C367704700BF2D
:1015C00025E5000000B50D4B15469860826F0C4B69
:1015D0000E461A60836E83F30B882C4686F30988C7
:1015E0000020044B98472046002100220023024C93
:1015F00020470000D58B020025E50000B434002010
:10160000103100201022014B1A61704700ED00E0FC
:10161000054B5A699B689A421FBF044A536843F0BE
:1016200080535360704700BFB434002000ED00E0E9
:10163000084B9B6883420BD1EFF3058343B1064B04
:101640005A6842F080525A605A6A22F400425A6242
:1016500011F07CBAB434002000ED00E014498A682F
:101660004FF030001044EFF3098C80E8F01F402069
:1016700080F31288BFF36F8F0E4F4FF000664A69F8
:101680008A603E60906F0C4C2060D06F0023D3675F
:1016900080F3118802F1300090E8F01F8CF3098884
:1016A00002F1000004B517F08EFABDE8044070475F
:1016B000B434002004ED00E010310020002340216C
:1016C0000448C2180133B3F5917F82F80013F8D1B2
:1016D000704700BF00E100E008B5EFF30583064A5C
:1016E000103B02EBC30152F8330049688847BDE85C
:1016F0000840FFF78DBF00BF2CD3020001480068EF
:1017000070470000103100201FB50121094B0A4A23
:101710000A4800F00FF90023064A0393084B012101
:10172000019301A8D31A029300F028F905B05DF8DF
:1017300004FB00BF00FC022000000020CCE40200FB
:10174000180E00200A7A0B6810B562F304031C46D9
:10175000CB68520923F01F0343EA4203044A43F0D3
:101760000103C2F89800C2F89C40C2F8A03010BD36
:1017700000ED00E010B50A4BD3F89030C3F3072317
:10178000013B984208D901210346064A064816F053
:10179000BDFF6FF0150010BDFFF7D4FFFBE700BFE2
:1017A00000ED00E0EE03030054DE02002DE9F04FEF
:1017B0008946144606464FF000084F4D85B0C8458F
:1017C00027DAD6F804A0BAF1000F44D0BAF11F0FFF
:1017D00017D91AF01F0F14D1D6F800B01BF01F0F45
:1017E0000FD1584617F019FA07460AEB0B000138DB
:1017F00017F013FA874210D06FF015073F4A3B46A7
:1018000001E043463E4A01213E4816F07FFF6FF05B
:101810001504204605B0BDE8F08F17F1160FEDD086
:10182000BC42EBDDC5F89870D5F89C10C5F89870EF
:10183000D5F8A03021F01F0143F01F0BD6E900328C
:101840001A44994202F1FF3A1AD1D34507D13146E1
:10185000F8B217F0EBF908F101080C36AFE73146A2
:10186000C5F89870D5F89C30E0B263F30402C5F86F
:101870009C2017F0DBF910F1160FC8D0441CEAE7E2
:10188000C5F89870D5F8A020013B23F01F0302F0A3
:101890001F021343D3453146E0B2C5F8A030E8D06B
:1018A00017F0C4F910F1160FB1D0C5F89870D5F83B
:1018B0009C209DF808300BF1FF3B62F304038DF888
:1018C0000830D5F8A0309DF808205B0863F3471274
:1018D0008DF80820D6E900321344009323F01F034B
:1018E0005B44A3EB0A03013023F01F036946C0B237
:1018F0000393FFF73FFFBEE700ED00E03A0403006B
:101900001404030054DE02000522044BC3F89420A3
:10191000BFF34F8FBFF36F8F704700BF00ED00E044
:10192000BFF35F8F0022024BC3F89420704700BFC3
:1019300000ED00E038B50C4D0C462A78FFF736FF75
:10194000287016300FD140F28913084A0849094817
:1019500016F089F82146084816F085F840F28911FA
:10196000024816F077F838BD523900205D040300B4
:101970009543030034F202009B0403002DE9F74F66
:10198000314D894606464FF00008AB462F4FC845FB
:1019900002DB03B0BDE8F08FD6F804A0BAF1000F67
:1019A0004CD031680846019117F037F90199044687
:1019B0000AEB0100013817F030F984424FF01402AD
:1019C000234B15D002FB08F36FF015024BF80320F0
:1019D00040F299131F4A2049204816F044F849461E
:1019E0001F4816F040F840F299111A4816F032F8E4
:1019F00014F1160F2C60EBD01978A142E8DD02FB40
:101A000008B0C7F89840C7F89840D7F89C4000F154
:101A10000801007B64F304000871D7F8A0000C797A
:101A2000400860F347140C71D7F89C1021F01F0197
:101A30006960D7F8A01021F01F01296108F10108A1
:101A400014350C36A3E700BF1431002000ED00E090
:101A5000523900205D0403009543030034F2020074
:101A6000C70403002DE9F0416B4D6C4ED5F8903062
:101A70003468C3F307239C4286B013D940F2022393
:101A8000674A6849684815F0EEFFD5F8902021466E
:101A90006648C2F3072215F0E6FF40F202216048D3
:101AA00015F0D8FF0020FFF73BFF614BC5F8C030B1
:101AB00084421BD15F4D01A82C70FEF759FD002612
:101AC00007464FF061085C4CB74216D100202B78D6
:101AD0005149D1F89020C2F307229342C0F2958079
:101AE0000020FFF711FF06B0BDE8F081716801EB3F
:101AF0000011FFF727FE0130DAE7019A300102EB0F
:101B00000613D3F80CC00CEA0401B1F1807F57D062
:101B10000AD8B1F5001F29D0B1F5800F43D0B1F537
:101B2000801F14D00136CFE7B1F1006F48D0B1F17A
:101B3000805FF7D159689B681258013B21F01F0064
:101B40000344CDE9021223F01F0301220BE0596880
:101B500012589B68CDE902122122013B21F01F009F
:101B6000034423F01F038DF8102036E05968125803
:101B70009B68CDE902124122013B21F01F00034482
:101B800023F01F031CF0010F8DF81020059325D0C2
:101B90002A498423224A244815F065FF284815F075
:101BA00062FF84217BE759689B681258013B21F052
:101BB0001F000344CDE9021223F01F030222D2E7E3
:101BC000596812589B6821F01F00013BCDE90212B1
:101BD000034423F01F038DF810800593287802A991
:101BE000FFF7C8FD00280CDA0E4940F235230C4AF5
:101BF0000D4815F038FF134815F035FF40F2352138
:101C00004DE72B7801332B708CE7C1F89830C1F881
:101C1000A00001335DE700BF00ED00E0D8E4020062
:101C20005D0403009543030034F20200F604030050
:101C3000AAFF4400523900200000F0FF2A050300EB
:101C4000500503007F05030008B5054905481B231F
:101C5000054A15F008FF1B21034815F0FBFE00BFE5
:101C60009543030034F20200B8050300F0B587B0D5
:101C700007460E4614460021102268461D461BF0FA
:101C8000EFF902238DF80230054B2A4621466846BB
:101C9000CDE90476019315F057FB07B0F0BD00BF06
:101CA0005F8C020008B5024815F09EFAFEE700BFFF
:101CB000F505030008B5024B1B689847002008BDD6
:101CC00028310020034B044A1860937843F0020344
:101CD00093707047283100203808002008B5064965
:101CE000064821F00701C1F1005202F53F32FCF72E
:101CF00041F9002008BD00BFDB9400202C310020FA
:101D000070B541690446867A0A4D59B1437ADB07BA
:101D100006D42C2303FB06535B6A1B689B68984719
:101D2000002363612C20214600FB0650BDE8704073
:101D300019F0BEBCE00C00202C22024B02FB00304C
:101D4000704700BFE00C00202C21827A054B01FB7C
:101D500002339A6A1B7F801A1B3323F00303B0FB04
:101D6000F3F07047E00C002038B52C24827A064B43
:101D700004FB02335B6AD3E901240C601568FFF7AA
:101D8000E3FF04FB005038BDE00C002008B54368B9
:101D90004BB1074907486323074A15F064FE6321E6
:101DA000054815F057FE03824369C36008BD00BFB4
:101DB0002E06030034F20200FA0503002DE9FF4766
:101DC0000546684617461C46039119F07CFDDDE97F
:101DD000008955B95C494FF485735C4A5C4815F03D
:101DE00042FE4FF48571594818E005F11406EFF3EF
:101DF000118A402383F31288BFF36F8F304611F0AE
:101E000089F968B98423534A5349514815F02BFE88
:101E10003146524815F027FE84214E4815F01AFE2F
:101E2000304611F09BF96B8B002B5AD02A8B9A42CB
:101E300039D90022002328460EF04EFD0446002822
:101E400031D0304611F074F968B94FF49973414AB2
:101E500043493F4815F007FE3146424815F003FE5E
:101E60004FF49971D9E78AF31188BFF36F8F039DFF
:101E7000002D59D042464B46684619F049FD2C21A9
:101E8000A27A394B204601FB02335B6A03A91B6827
:101E90001E68DDE90023B0476061002837D1204685
:101EA000FFF72EFF2EE06C8B3046631E6B8311F024
:101EB0003FF90028C9D08AF31188BFF36F8F2B7FB9
:101EC0002A8B1B33121BAC6A23F0030302FB03446F
:101ED000254B264AEB1A9B105343A3722B7FE372C8
:101EE000C5E7304611F024F90028AED08AF31188F6
:101EF000BFF36F8F23463A4628460EF0EDFC0446AA
:101F00000028B4D10024204604B0BDE8F087039B2C
:101F10009D420BD9164940F25F130C4A0C4815F04C
:101F2000A2FD40F25F115EE72B46656100210122B0
:101F3000616022816382E27A04F118001BF090F85C
:101F40002046FFF723FFDEE715230300FA05030011
:101F500034F2020072F50200AEF50200C3F5020091
:101F6000D9F50200F0F50200E00C0020A38B2EBA98
:101F70004806030070B50C46054658B928494FF489
:101F8000D373284A284815F06EFD4FF4D3712548C5
:101F900015F060FD49B9254940F2A713214A2248AE
:101FA00015F061FD40F2A711F1E7EFF31186402330
:101FB00083F31288BFF36F8F1D4811F0ABF860B93F
:101FC00084231C4A1C49184815F04DFD18491B482C
:101FD00015F049FD84211748DAE7154811F0BEF8DD
:101FE000002323606B689BB9C5E90044104811F0D9
:101FF0009FF880B94FF499730E4A11490A4815F0B9
:1020000032FD0B490F4815F02EFD4FF49971E2E7B0
:102010001C606C60EAE786F31188BFF36F8F70BDB8
:1020200088150300FA05030034F20200980D03003E
:102030003831002072F50200AEF50200C3F502004F
:10204000D9F50200F0F5020070B5044658B92349ED
:10205000234840F2B313234A15F005FD40F2B311B3
:10206000204815F0F7FCEFF31186402383F3128824
:10207000BFF36F8F1C4811F04DF860B984231B4AE1
:102080001B49174815F0EFFC17491A4815F0EBFCEF
:1020900084211648E5E7144811F060F825682DB151
:1020A00062682B689542236008BF63600E4811F098
:1020B0003FF868B94FF499730C4A0F49084815F076
:1020C000D2FC09490D4815F0CEFC4FF49971E0E7B8
:1020D00086F31188BFF36F8F284670BD8815030003
:1020E00034F20200FA0503003831002072F50200D4
:1020F000AEF50200C3F50200D9F50200F0F50200CA
:102100002DE9F0410446F8B100264FF02C081D4F90
:102110002546646805F10802D2E8EF3F591EC2E87F
:10212000E01F0028F8D113F0FF0319D140F2D713B4
:10213000154A1649164815F096FC2946154815F01B
:1021400092FC40F2D71108E013494FF4E2730E4AB3
:102150000F4815F088FC4FF4E2710B4815F07AFC3B
:10216000012B0AD1AB7AEE6008FB03736E601B6A29
:10217000284623B19847002CCAD1BDE8F081FFF76B
:10218000BFFDF8E7E00C0020FA0503005906030044
:1021900034F2020066060300980D030038B50446C9
:1021A00058B913494FF4FE73124A134815F05BFCFB
:1021B0004FF4FE710F4815F04DFC00F10802D2E813
:1021C000EF3F591CC2E8E51F002DF8D1DBB2FF2B11
:1021D0000DD14FF40073074A0849074815F043FC36
:1021E0002146074815F03FFC4FF40071E2E738BD87
:1021F000980D0300FA05030034F202007B06030089
:102200008B06030008B5034658B90849084840F250
:102210004923084A15F027FC40F24921054815F0EA
:1022200019FC18465B68002BFBD108BD980D030014
:1022300034F20200FA05030070B50D46044658B9A1
:102240000F494FF415730F4A0F4815F00CFC4FF46B
:1022500015710C4815F0FEFB49B90C4940F25523A5
:10226000084A094815F0FFFB40F25521F1E746689E
:102270001EB10846FFF7C6FF4660656070BD00BF2F
:10228000550A0300FA05030034F20200A706030012
:1022900038B505460C4659B90C490D484FF418732A
:1022A0000C4A15F0E0FB4FF418710A4815F0D2FB08
:1022B00020B9BDE838400846FFF770BFFFF7A2FF1E
:1022C0002146FFF7B9FF284638BD00BFA706030027
:1022D00034F20200FA05030008B548B90B492B2374
:1022E0000B4A0C4815F0BFFB2B21094815F0B2FB37
:1022F00083883BB108492C23054A064815F0B3FBF7
:102300002C21F2E783680B44036008BD980D03009D
:10231000B406030034F20200EF060300034670B572
:1023200005688288DC889E68A818A41AAD1B641B07
:10233000A14209D9064907483E23074A15F093FBF5
:102340003E21054815F086FB0A449A8070BD00BF07
:10235000FE06030034F20200B406030008B503468B
:1023600000689A68821A91420BD90949094840F2DB
:102370005513094A15F077FB40F25511064815F040
:1023800069FB9A88401A11441860998008BD00BF03
:102390003207030034F20200B406030008B5828855
:1023A00003468A420BD20949094840F2C313094A3D
:1023B00015F059FB40F2C311064815F04BFB521AB9
:1023C000828000680844186008BD00BF220703002F
:1023D00034F20200B406030008B503469A88006888
:1023E0008A420BD20849094840F2CF13084A15F037
:1023F0003AFB40F2CF11064815F02CFB521A01446B
:102400009A80196008BD00BF2207030034F2020061
:10241000B406030008B5244A244B1A6009F058FC9E
:102420004FF47A612248D0F82436C3F30802C3F38C
:1024300009434B4382F480721E49883201FB023308
:102440004FF4FA215B00B3FBF1F201FB12331A499E
:10245000B3F57A3F28BF0132C1F80429D0F82036FD
:102460004FF47A60C3F30802C3F30943434342F2D3
:102470001C5082F4807202F2172200FB02334FF4E8
:102480007A701B0AB3FBF0F200FB12330020B3F5A5
:10249000FA7F4FF0010328BF0132C1F81C27C1F8B1
:1024A0000009C1F8003608BD0020A1074C0A002031
:1024B00000C0FF00F82A00800000125048B1054B10
:1024C000054A1B68B3FBF2F35843044B43F0010386
:1024D000184770474C0A002040420F00C0E202003B
:1024E00070B50B7892B006460C4607AD032B31D879
:1024F000DFE803F0022A2C2E19492846FAF709FAD8
:1025000005956378174A0493A3781E210393E37813
:102510000AA80293237910AD019363790093A379FC
:1025200014F082FE32460AAB1C4603CCAC4210606B
:102530005160234602F10802F6D12068106030464F
:10254000A388938012B070BD0749D6E70749D4E746
:102550000749D2E70A212846064A14F065FECFE76C
:1025600089EC0200ABEC020090EC020097EC020058
:10257000A1EC0200412E03000E4B402928BF402150
:1025800070B51D460C4C4618B04203F1020304D14D
:10259000002305F81130074870BD02781209A25CCB
:1025A00003F8022C10F8012B02F00F02A25C03F8D2
:1025B000012CE9E7533900202B5403002DE9F341A6
:1025C000064617469846214DD5E8AF3FDA0720D595
:1025D00038B901211E4A1F4816F08FF86FF001002C
:1025E00018E001A916F0A2F902280446F6D1024625
:1025F000194930461AF043FD0028EFD1D5E8AF3F26
:10260000C3F3C0061B0708D5144A2146114816F02B
:1026100074F8002002B0BDE8F081A5F1D4040722CF
:1026200021464046B84706280AD801210C4A0948E5
:1026300016F063F845F8D46CE671C4F80360E8E777
:102640000723B0FBF3F0E071E3E700BF740600205E
:1026500070070300E4DD02009EEC02009107030016
:10266000B50703002DE9F04389B0DDF840909D796E
:102670005E791F7993F803C093F802E093F8018024
:102680000C461B78B9F1000F15D0CDE90639CDE91C
:1026900004E81346CDE9027CCDE900560D4A14F05A
:1026A000C3FD002813DBA0422CBF6FF015000020F3
:1026B00009B0BDE8F083CDE90583CDE903CE13462B
:1026C000CDE90167044A009514F0AEFDE9E76FF02B
:1026D0001500EDE7DA070300FE07030010B5FEF76B
:1026E00055F9044628B101210346034A034816F070
:1026F0000DF8204610BD00BF1F080300E4DD0200F6
:1027000070B504461E4615468CB0AAB129B10A46DA
:1027100002A8042115F0B5FA02A900912B46224621
:10272000242103A8FFF79EFF70B93146109A03A831
:10273000FDF77AFF0CB070BD03462421044A03A8BC
:1027400014F072FD2328F0D96FF01500F2E700BFF6
:102750004408030007B50B4B0B48DA79C2EBC20201
:10276000009200221146FFF7CBFF034638B101214A
:10277000064A074803B05DF804EB15F0C7BF03B085
:102780005DF804FBA00500209EEC02004A0803004F
:10279000E4DD020030B5044615468DB09AB129B18A
:1027A0000A4602A8042115F06CFA02A900912B46F2
:1027B0002246242103A8FFF755FF60B903A816F0AD
:1027C0008DF80DB030BD03462421044A03A814F04F
:1027D0002BFD2328F2D96FF01500F2E7440803001F
:1027E00007B5009313460A4601460348FFF788FFE2
:1027F00003B05DF804FB00BF262B03000A46014628
:102800000148FFF7C7BF00BF262B030007B50093A1
:1028100013460A4601460348FFF772FF03B05DF80E
:1028200004FB00BF202B030007B5009313460A46A4
:1028300001460348FFF764FF03B05DF804FB00BFE7
:102840008D29030007B50022034600910348114675
:10285000FFF756FF03B05DF804FB00BF182B030021
:1028600008B502480EF0B2FD002008BD280900207E
:10287000F8B5194DD5E8AF3F13F0010F2E4628D01B
:1028800015F8CD3CA5F1D4078BB902F03FF804460A
:1028900030B10121114A124815F02FFF2046F8BD32
:1028A000FB7923B902F042F804460028F1D1D5E8BB
:1028B000AF3F5A0701D400F0C3FFD6E8EF3F23F43F
:1028C0000062C6E8E12F0029F7D11B0501D5FFF70B
:1028D000C7FF0024E2E700BF74060020650803007C
:1028E000E4DD020007B5009313460A46014603489B
:1028F000FFF706FF03B05DF804FB00BF3B310300A8
:102900000A4601460148FFF745BF00BF3B310300BF
:1029100010B50024094B86B009480393CDE904445F
:102920000EF0E8FD03AB009340F638020A23054998
:1029300003480EF0F9FD204606B010BD98080300CC
:10294000681F002020490020014601480EF088BE83
:10295000681F00200146014818F015BF681F0020BD
:10296000884208B501F1100310D9984213D20E49DC
:1029700040F2B3230D4A0E4815F075F80D4815F0D6
:1029800072F840F2B321094815F064F8EFD000F175
:1029900010029142EAE7013813F8012D8B4200F84A
:1029A000012FF9D108BD00BFE2080300A108030010
:1029B00034F2020039090300034630B41A7808469D
:1029C000012A11D0022A20D062B9124A02F1100461
:1029D00052F8045BA24241F8045BF9D15B881A0A01
:1029E0008270C37030BC70470A4A02F1100452F87A
:1029F000045BA24241F8045BF9D15B681A0C190E22
:102A000042700170C3F30722EAE7591C30BCFFF79C
:102A1000A7BF00BF3C54030010B516F021FA18F010
:102A2000C2FE044608B90FF0B1FD064BD3E8AF3F34
:102A30000BB10A2098471CB9BDE810400FF018BE32
:102A400010BD00BF3C310020811EC9B21E2938B51F
:102A5000044604D81A4820FA01F1C9070CD41949D0
:102A60007A23194A194814F0FEFF194814F0FBFFA5
:102A70007A21154814F0EEFF164816F0FCF80546CA
:102A8000D0B1082C1AD00CD8022C10D0042C15D0A0
:102A900011490E485223114A14F0E5FF52210F4804
:102AA000E8E7102C01D0202CF2D1052100E0042110
:102AB00005F10C0016F0F6F8284638BD0221F7E7BC
:102AC00041000040A90903006B09030034F2020031
:102AD000EE090300BC0D0020954303000E0A03001D
:102AE000034BD3E8EF2FC3E8E10F0029F9D170477A
:102AF0003C3100200F2810B50CD80D280CD90A48FD
:102B000016F0B9F8044618B104210C3016F0CAF8D2
:102B1000204610BD1328F2D009B10448F0E7022086
:102B2000BDE81040FFF790BFE80D0020380D0020F1
:102B300038B50B6805460C464BB90E490E48FA23CA
:102B40000E4A14F090FFFA210C4814F083FF4A68F3
:102B5000DA600B684A895A820868FFF7D1FA204682
:102B6000102200211AF07CFA2846BDE8384016F001
:102B700077B900BF4F0A030034F202006B0903006B
:102B80002DE9F84305460C461F4616464AB9264924
:102B9000D623264A264814F066FFD621234814F08F
:102BA00059FF38B92349D723204A214814F05BFF45
:102BB000D721F3E7CA684B699A4207D11E49DB2344
:102BC0001A4A1B4814F04FFFDB21E7E7084616F0CE
:102BD0005FF9804638B11949DD23144A144814F0CE
:102BE00042FFDD21DAE701F10C09484605F10C014D
:102BF00016F045F8E368626931469B1A13FA86F3CA
:102C00006B82012348466B722E82FFF7C7FBE36895
:102C100028467B60638AC4F80C807B81A4F812800C
:102C20003C60BDE8F88300BF520703006B09030056
:102C300034F202005C0A0300610A03007E0A03000A
:102C4000C3681B780221024A024816F061B900BF2E
:102C5000A60A0300A4DD020038B5C5682B7893B935
:102C6000B5F801400F21204603F00CF8EB7805463B
:102C700050B90A4A118831B96FEA04506FEA10500E
:102C80001080074A137038BD0373012102F006FF5C
:102C90002846BDE8384002F073BE00BF1C39002052
:102CA000D439002070B5C3681D78BDB9B3F8016090
:102CB0000F21304602F0E6FF044638B901213346C1
:102CC000BDE87040064A074816F022B9294602F0CE
:102CD000E5FE2046BDE8704002F052BE70BD00BF68
:102CE000CE0A0300A4DD020010B5C3680121B3F8C9
:102CF0000140204602F0C6FF38B901212346BDE855
:102D00001040044A044816F003B9BDE8104002F030
:102D100037BE00BFF40A0300A4DD020010B5C3688B
:102D200001211C88204602F0ADFF38B9012123465D
:102D3000BDE81040034A044816F0EAB8BDE8104068
:102D400002F01EBEF40A0300A4DD020010B501214A
:102D50000C30FFF741FB03780121BDE81040024A27
:102D6000024816F0D5B800BF180B0300A4DD02001E
:102D7000014610B50848FFF7FDF80849084818F063
:102D800002FD031E06DABDE810400121054A06488F
:102D900016F0BEB810BD00BFD406002048090020C0
:102DA000B82000203A0B0300A4DD020010B5002477
:102DB00086B003AB00934FF462724FF0FF330549C6
:102DC0000548CDE9034405940EF0AEFB204606B05D
:102DD00010BD00BF585100201020002010B5084C35
:102DE0000146062294F86F0003F008FC38B994F805
:102DF0006F000522BDE81040024903F0FFBB10BD83
:102E0000A0050020115403000121024A024816F0D7
:102E100072B800BF570B0300A4DD02000B46B0B52B
:102E20000D8A00AF04462946D868FFF7A5FB8AB093
:102E30006A46094BCDE90750CDE9053440F202431B
:102E4000ADF82430054B4FF43251054842F8103F9D
:102E500016F060F8BD46B0BD710B0300050000011F
:102E6000A4DD020070B5C5680121B5F801603046E7
:102E700002F008FF044638B901213346BDE870402E
:102E80000B4A0C4816F044B82B783BB9D5F8033000
:102E9000C0F89930D5F80730C0F89D30201D4FF4A8
:102EA000803116F02AF82046BDE8704002F068BD77
:102EB000F40A0300A4DD020037B50446084602EB1D
:102EC000C3039A4202D16FF05E0010E0114611F880
:102ED000085BA54211D1038A5178994209D9084863
:102EE0000121084A009415F01BFC6FF0150003B097
:102EF00030BD536898470020F9E70A46E1E700BF74
:102F0000A4DD0200930B03002DE9F0470C460FF0FF
:102F10003DFBE5682B78022B75D0042B0AD00121EC
:102F20003D4A3E4815F0F4FF2046FFF7E9F86FF000
:102F300015040EE0B4F81080B8F1020F0ED8434625
:102F4000374A3648012115F0E3FF2046FFF7D8F84D
:102F500000240FF08DFB2046BDE8F08768783E28FE
:102F60000CD1B8F1030F02D12E4A4346E9E7EB78C2
:102F7000012B01D00A2B46D1032704E015F0A9FF4D
:102F80000746F8073FD504F10C0601213046D4F876
:102F900014A0FFF703FA02213046FFF71DFA81461D
:102FA00000783E2807D1E3681B78012B01D00A2B5B
:102FB00006D1032614E015F08CFFC10706460FD496
:102FC00041F26813184A1949194814F04CFD0023BE
:102FD00083F31188BFF36F8F0323184602DF0226A5
:102FE000144A0623214699F8000015F0CAFFB207DB
:102FF0000DD56369A5EB0A0513FA85F5E560A4F81C
:103000001080BB07A4D52046FFF7B2FEA0E72046FC
:10301000FFF776F8F5E700BF4D0C0300A4DD0200D2
:10302000B50B0300D10B0300F10B0300340C0300BC
:1030300034F2020088E5020010B5012104460C308C
:10304000FFF7CAF92146BDE810400223014A007883
:1030500015F097BFB8E5020073B53E48FEF7F4FFE0
:103060000446002873D000F10C05284615F028FE10
:103070000228034603D0042847D0374A03E0238AB6
:10308000032B05D8354A0121354815F041FF13E0DF
:1030900004212846FFF7A0F9FF23428806882376FB
:1030A000238AC6F30B009A42608309D00121009263
:1030B0002B482C4A15F034FB2046FFF721F812E08C
:1030C0000F2102F0DFFD054610B9638B264ADAE7CF
:1030D00002F0FEFD21462076320B284602F0ACFBC2
:1030E000284602F04DFC214BD3F834317BB3204904
:1030F000204818F048FB031E29DA01211E4A18480F
:1031000002B0BDE8704015F003BF28460221FFF76A
:1031100063F9054600783E2812D015F0DAFE10F06B
:1031200002060DD140F69A43144A1549154814F089
:103130009AFC86F31188BFF36F8F0323184602DFD2
:1031400006232146104A287815F01BFFB4E702B089
:1031500070BD00BFD4060020F60C0300610C030014
:10316000A4DD0200820C0300A60C0300A0050020D1
:1031700048090020B82000203A0B0300F10B03009F
:10318000C80C030034F20200C8E5020010B50121AA
:1031900004460C30FFF720F92146BDE81040082313
:1031A000014A007815F0EDBEF8E50200F8B50121FE
:1031B000044600AF0C30FFF70FF9067800232146D4
:1031C0003046104AFFF778FE5F3019D1258AE06853
:1031D0002946FFF7D1F96C468AB06A460A4BCDE919
:1031E0000750CDE9053640F20243ADF82430074BD5
:1031F0004FF43251064842F8103F15F08BFEA546B9
:10320000BD46F8BD38E602000A0D030005000001C6
:10321000A4DD02002DE9F347002307468846164641
:10322000DFF81091D9E8EF4FC9E8E23F002AF9D161
:1032300044B901213B46404A404802B0BDE8F0474E
:1032400015F066BE2046FEF77FFD4FF00C0A3C4DA0
:103250000AFB00504388BB4220D02046FEF774FD95
:103260000AFB0050438801210093364A3B4633480D
:1032700015F056FAD9E8EF3FC9E8E24F002AF9D134
:10328000002B54D03049314840F6EE13304A14F048
:10329000EAFB40F6EE112E4814F0DCFBA64208D003
:1032A0002046FEF773FD328AF16804F10C0015F038
:1032B000EDFC2046FEF748FD0C2606FB0050436857
:1032C000ABB1B8F1000F12D12046FEF73DFD012150
:1032D00006FB00504268536803F01F0081401068ED
:1032E0005B0900EB8300137AEBB115F006FE204674
:1032F000FEF72AFD0C2606FB005083686BB12046C2
:10330000FEF722FD704305F800802046FEF71CFD05
:1033100006FB0055A8680DF0B7FB204602B0BDE8DB
:10332000F047FEF7EDBEC94315F0F7FDDFE702B049
:10333000BDE8F087D00600203C0D0300A4DD0200AC
:1033400040310020640D0300970D030034F20200A9
:10335000F10B030073B5C5680121B5F80160304673
:1033600002F090FC044640B9012133463B4A3C48F8
:1033700002B0BDE8704015F0CBBD2B78061D1A2BAE
:1033800019D1C378012B50D14FF48041304615F04C
:10339000B4FD42040FD4D4F88C3069460093D4F8BD
:1033A00094302046019303F04DFD204602B0BDE865
:1033B000704002F0E5BA2B78BBBB40F2E242B5F8B0
:1033C000033028495343C4F88830B5F80520A4F8E1
:1033D0009020B5F80720A4F89220A3F5EA520C3A01
:1033E0008A4204D90221204A1D4815F091FDB4F803
:1033F0009030B3F5FA7F04D302211C4A184815F027
:1034000087FD40F67641B4F89230A3F10A0292B2F9
:103410008A4204D90221164A114815F079FD6FF449
:103420008051304615F079FD13E0D6E8AF3FDB045C
:10343000F5D52B78202BF2D194F89830002BEED0D4
:10344000013B84F898300B4A002304F140000EF051
:103450008BF9204602F010FFA7E700BFF40A030033
:10346000A4DD020095F03C009C0D0300C30D030099
:10347000EA0D03005A620200B0B53C28044600AFD2
:103480001AD101F0B7FB6FF48071103015F045FDD3
:103490000020FFF7A3FC054630B90121114A12486C
:1034A00015F029FDBD46B0BD0473002102F0F6FA07
:1034B000284602F065FAF5E76D468AB06A460B4B7E
:1034C0004FF41251CDE90530094B0748079340F2FC
:1034D0000133ADF82030074B42F8103F15F01AFDCC
:1034E000AD46DFE7160E0300A4DD0200370E030031
:1034F000FC450300040000012DE9F84FD0F80C90C2
:10350000018A99F8004000AFA30001338B4278D9BB
:103510006D468AB06A46CDE9073105233A484FF433
:103520002151CDE90504394842F8103F15F0F2FC6D
:10353000AD46BD46BDE8F88F01212B46344A3348DD
:1035400015F0E6FC013699F800309E42F1DA09EBFD
:103550008603B3F801500F212846B3F8038002F028
:1035600091FB04460028E7D000F1C00AB8F1000F33
:1035700003D1204602F004FAE4E7656985B9012128
:10358000244A224815F0B7FC234940F28723234AF6
:10359000234814F068FA40F28721204814F05AFAC0
:1035A000A2692B6895422046636108BFA36102F0BF
:1035B000CFF80DF069FAC5F800B0236A93B9C4E9F1
:1035C0000755DAE8AF3F08F1FF381FFA88F863B90A
:1035D00014494FF42473114A114814F044FA4FF47B
:1035E0002471DAE71D602562EBE7DAE8EF3F013B83
:1035F000CAE8E23F002AF8D10021204602F0B4F8E0
:10360000B4E70026B3469EE7530E0300A4DD020094
:103610007E0E03009A0E030095430300F10B030096
:1036200034F20200B10E0300054BD3E8AF2F02F0D5
:103630000B02D3E8EF1FC3E8E02F0028F9D1704751
:103640007406002010B5C1E900239DF808300C462F
:103650000B72FEF779FB0C22024B02FB00335C601D
:1036600010BD00BF40310020F8B502460B4610489F
:1036700015F001FB0446C0B104210C30FEF72CFE0E
:103680002046FEF761FB0C2700260A4D07FB005081
:1036900046802046FEF758FB07FB00508660204618
:1036A000FEF752FB07FB00556E602046F8BD00BFD9
:1036B000900D00204031002029289ABF014B185C52
:1036C000092070475654030070B5C3680F21B3F842
:1036D00001601D78304602F0D5FA044638B9012160
:1036E0003346BDE87040184A184815F011BC65B162
:1036F0002846FFF7E1FF29460246204602F0BCFEBD
:103700002046BDE8704002F03BB98378012B07D119
:1037100007F0E0FD204615F0C4FB002808BF052592
:103720002846FFF7C9FF29460246204602F0A4FEBC
:10373000002DE5D00121064A044815F0DCFB0521E7
:10374000204602F04DFBDBE7CE0A0300A4DD0200B9
:10375000CA0E03002DE9F041C6680F21B6F80170CA
:103760003578384602F08EFA044638B901213B46D6
:10377000BDE8F0411E4A1F4815F0CABB65B1284696
:10378000FFF79AFF29460246204602F075FE2046C2
:10379000BDE8F04102F0F4B8F278C37A934205D163
:1037A0000221154A134815F0B3FBF0E78378C27283
:1037B000012B08D10AB107F08DFD204615F071FBF1
:1037C000002808BF05252846FFF776FF2946024650
:1037D000204602F051FE002DD9D00121074A0548AC
:1037E00015F089FB0521204602F0FAFACFE700BF69
:1037F000CE0A0300A4DD0200F00E0300CA0E03008F
:1038000010B5044692B048226846064919F002FCF9
:10381000112C9DBF12AB03EB840454F8480C0248F2
:1038200012B010BD64DF02001F0F0300034B0146FE
:10383000D3F8500182689268104700BFA0050020AD
:103840002DE9F04F91B0042100AF4A4815F055FB27
:103850006D4688B06A46484B4FF4E6510593474B96
:10386000474806934FF40073ADF81C30454B464C67
:1038700042F8103F15F04EFBAD46E179434B444E04
:1038800007F12008012998BF1E4640462146FEF751
:1038900027FE8AB06A463F4BCDF81C80CDE905363D
:1038A0003D4B4FF4235108933C4B354842F8103FB1
:1038B00015F030FBA246AD460125394EDFF8E48015
:1038C000E3790AF1070A9D423BDB94F870506E469B
:1038D0002846FFF795FF8CB06A46B4F87210B4F82A
:1038E0007630CDE907514FF40075DFF8BCC009937D
:1038F0002E4BCDE905C0ADF828504FF4535142F896
:10390000103F1F4815F006FBB54694F8716030462D
:10391000FFF776FF8AB06A46B4F874302449CDE9DF
:103920000763244BCDE90510ADF824504FF4335113
:10393000134842F8103F15F0EDFA4437BD46BDE894
:10394000F08F51463846FEF7CBFDE9468AB06A460D
:1039500040F20133CDE905650797ADF820304FF40B
:103960001351074842F8108F15F0D4FA0135CD46AF
:10397000A6E700BF740600202B0F03003D0F0300D5
:10398000A4DD020003000001A0050020FC450300A7
:10399000270F0300410F030000020103040000028F
:1039A000500F030004000001610F03000600000136
:1039B0009F0F03000500000108B50848C37933B91B
:1039C0000321074A074815F096FA002008BD082190
:1039D000D43015F092FAFFF733FFF6E7A005002088
:1039E000C60F0300A4DD020000487047E1F00200AA
:1039F00010B50B490B4817F0C6FE041E0FDA41F252
:103A00005F43094A09490A4814F02DF8214609483C
:103A100014F029F841F25F41034814F01BF810BD7F
:103A20003809002010200020F10B030081FB020068
:103A300034F20200F30F030070B505460C4639B1AD
:103A4000CB684A699B1A032B0ED86FF0150509E065
:103A50004FF0FF304FF0FF31FFF706FE044618B974
:103A60006FF06805284670BD2046FEF76DF90C2200
:103A7000164BA61802FB0033032130465D80FEF78B
:103A80006DFC0580238A0121033B8370304615F0CD
:103A900010F940F635439D420FD12046FFF7C6FE90
:103AA00005460028DED001210346094A094815F0E1
:103AB0002FFA2046FEF724FBD4E72146064817F0EC
:103AC000ECFD0025FFF794FFCCE700BF403100205C
:103AD000F80F0300A4DD0200DC0600202DE9F0470A
:103AE00084B0804691460C4600AF71B94FF0FF306C
:103AF0004FF0FF31FFF7B8FD0446C0B96FF068051D
:103B000028461037BD46BDE8F087887AFEF714F9DD
:103B10003A4B83420BD03A493A484FF4D7733A4A6A
:103B200013F0A1FF4FF4D771374813F093FF012230
:103B30000021384617F0C6FD2046FEF705F90C2394
:103B4000DFF8C8A003FB00A087602046FEF726FB35
:103B500001464046FFF770FF054618B12046FEF7C4
:103B6000CFFACDE700233846294A0DF00BF8064678
:103B700090B14FF4F173244A2649224813F073FFA1
:103B800032464146244813F06EFF85F31188BFF397
:103B90006F8F0323184602DF2046FEF7D5F80C236B
:103BA00058431AF80060FEB16D468AB06A461B4B56
:103BB0000796CDE905381A4B4FF43251089340F27D
:103BC0000243ADF82430174B174842F8103F093E26
:103BD00015F0A0F92046AD46F6B2FEF791FA092E8F
:103BE00008D8124B9D578BE7B9F1000FB6D0C9F832
:103BF000004085E76FF0040582E700BF900D0020CC
:103C00009543030034F20200F10B03004031002021
:103C1000B4C40400172D03001A1003005F10030042
:103C2000FC45030005000001A4DD02004C54030024
:103C300073B506460D4642F22F00002101AAFFF798
:103C40004DFF044638B10121144A154815F053F9C7
:103C5000204602B070BD0198C368B3F801203280DD
:103C6000B3F803302B80FEF74BFA3388A3F11B0225
:103C7000E02A04D902210B4A094815F049F944F217
:103C800048112B88A3F5A47292B28A42E0D902218E
:103C9000054A034815F03CF9DAE700BF7E1003003F
:103CA000A4DD02009E100300C31003002DE9F04FB5
:103CB0008DB00478054600AF5CB16349634840F2BB
:103CC0008153634A13F0CFFE40F28151604813F0F4
:103CD000C1FE604BB0F80190198849F470429142DE
:103CE00005BF1C805C4BA24693F800A000F092FC3C
:103CF000EB7805F10408012B08BF584B404608BF7C
:103D000093F86F4015F0A8F807F10806414680B314
:103D10004FF0010B304615F094F8D5F81130C7F884
:103D20000130B5F81530A7F80530EB78012B35D008
:103D300007F1100441462046FEF7D2FB6D4688B0DD
:103D40006A46474B4FF4E251CDE905344FF4007316
:103D5000ADF81C30434B444842F8103F15F0DAF8F8
:103D60001321AD46484615F047F93437BD46BDE846
:103D7000F08F204615F072FA0346006895F804B0FB
:103D8000B8609A889B796868B280B371B8F80420EB
:103D900098F806303860BA80BB71C6E73046FFF746
:103DA0001DF804460028C3D00346B5F8012023F8C7
:103DB000702BB279B868B18820679A7140F2E242FC
:103DC0009980B5F8173053430022C4F88830B5F80D
:103DD0001930A4F89030B5F81B30A4F89230EB7885
:103DE0002273012BE3701AD187F800B0BA88BB792F
:103DF0003868A4F87B2084F87D30C4F8770000F0A0
:103E0000F9FE237A1549C3EBC3035A18CB58C4F8FB
:103E10007E309388A4F88230937984F88430072127
:103E2000204601F03BFEBAF1000F05D001212046EB
:103E300084F80CA001F032FE204601F0C1FF2046BC
:103E400001F09EFD91E700BFE610030034F202008E
:103E5000F10B03001C390020D4390020A0050020FC
:103E6000FA10030003000001A4DD020000B5C368DE
:103E700089B0187820B109B05DF804EBFFF7FCBAFF
:103E8000B3F801208DF80000ADF80120DA788DF844
:103E90000320B3F80B20ADF81720B3F80D20ADF8D0
:103EA0001920B3F80F20ADF81B205A7C8DF81D2087
:103EB000586801901A899B7AADF808208DF80A306D
:103EC000084B68461A689B88CDF80B20ADF80F3078
:103ED000CDF81120ADF81530FFF7E8FE09B05DF818
:103EE00004FB00BF2554030010B5F8F781FE034B17
:103EF0001B6813B1BDE81040184710BD64310020A5
:103F000073B52D4D0646D5F8500117F06FFB48B933
:103F100001212A4A2A4814F0EEFF6FF012042046CD
:103F200002B070BD6FF0020105F1D40014F0F5FF8E
:103F3000012114F0E2FFC3073AD4FEF7CFFB044699
:103F40000028ECD11F4B1E60012205F59070114630
:103F500017F0B8FB05F59E7017F096FB1A480DF0A8
:103F6000C9FA6FF0070340F6980218491648009402
:103F70000DF0DAFA1649144817F01BFCD5F8500179
:103F8000144983681B689847044630B101210346F1
:103F9000114A0B4814F0BCFFC1E726B902B0BDE8D6
:103FA0007040F8F725BE05F1C4000DF00FFAB6E732
:103FB0006FF07704B3E700BFA0050020771203007D
:103FC000A4DD020064310020B8200020E05400206D
:103FD0008F120300092F010098120300F0B5C56885
:103FE00001212F8887B0BCB2204601F04BFE064667
:103FF00040B901212346274A274807B0BDE8F040D1
:1040000014F086BF02ACD5F80220D5F80630019432
:104010006989009116F060FB48B34FF0FF304FF014
:10402000FF31FFF721FB054648B901211B4A1A4819
:1040300014F061FF304601F0A3FC07B0F0BD12217F
:104040000C30FEF76BF90346224623F8027B144638
:1040500003CC596006A98C421860224603F108037C
:10406000F5D1294642F21A00FFF7E6FCE2E74FF0ED
:10407000FF304FF0FF31FFF7F7FA04460028D4D0A5
:1040800002210C30FEF74AF92146078042F21B005C
:10409000EAE700BFF40A0300A4DD0200B412030043
:1040A00073B5C368D9789A781E8842EA0122ADF8C0
:1040B000002059791A79B4B242EA0122ADF80220FF
:1040C000D9799A79204642EA0122ADF804201A7A79
:1040D0005B7A012142EA0323ADF8063001F0D2FDFC
:1040E000054658B901211D4823461D4A14F010FF0A
:1040F0000221204614F0DEFF02B070BD694602F0D6
:104100001FF938B91E21204614F0D4FF284601F0CB
:1041100037FCF1E74FF0FF304FF0FF31FFF7A4FA23
:1041200004460028F2D00E210C30FEF7F7F80023E9
:104130000680C0F80A30BDF8003021464380BDF843
:1041400002308380BDF80430C380BDF8063003819F
:1041500042F22000FFF770FCD8E700BFA4DD0200A8
:10416000F40A030038B5042104460C30FEF734F994
:10417000034640885D7818B122461978FFF74AF85F
:1041800035B104480CF080FCBDE83840FFF730BC86
:1041900038BD00BFC0060020B0B50446032100AF03
:1041A0000C30FEF719F9E2680346117840F6354203
:1041B000B0F80100904216D16C468AB06A46104BA6
:1041C0001048CDE90531104B4FF41251079340F2DE
:1041D0000133ADF820300D4B42F8103F14F09AFE39
:1041E000A546BD46B0BD1D7810B12246FFF712F8B6
:1041F000002DF6D006480CF047FCFFF7F9FBF0E77E
:10420000CB120300A4DD0200FC4503000400000102
:10421000C006002038B50EF0B9F92F4DD5F83C3165
:10422000002B56D00022002305F590700CF0AAFC5C
:1042300000284ED10022002305F59E700CF04CFBA7
:10424000044668B940F6AA43244A2549254813F094
:104250000AFC84F31188BFF36F8F0323184602DF33
:10426000D5F830315BB101211F4A204814F043FEDC
:10427000D5F83001FDF744FF0023C5F83031204662
:10428000FDF78CFFC5F830012046FFF7CFFA034653
:10429000C8B10121164A154814F03AFE15480CF031
:1042A000F3FB2046FDF750FD0C22134B02FB0033BD
:1042B000588818B122461F21FEF7ACFF2046FDF7B3
:1042C0001FFFFFF795FBFFF793FBBDE838400EF0AB
:1042D000CFB901F0C1FDF8E7A0050020F10B030004
:1042E000980D030034F2020003130300A4DD020062
:1042F000F80F0300C006002040310020F8B5064644
:104300000024094DEF79E3B29F4202D86FF001001B
:1043100007E02946304614F0E9FE0735631C08B172
:104320002046F8BD1C46EEE7A005002037B5044640
:104330000D46B9B12846164914F0D8FE90B9294661
:104340001448C4EBC404204414F0DAFE124814F0FC
:10435000DEFE430703D5FEF783FA14F015FD0020B7
:1043600003B030BD684614F05EFD0028F8D1684601
:10437000FFF7C4FF0028F5DA064BC4EBC40069461A
:10438000184414F0BDFE002DE0D001462846DBE7BE
:1043900018540300A00500207406002070B51A4EC2
:1043A00006223146054618F06AFE38B34FF0FF305A
:1043B0004FF0FF31FFF758F9044608B306222946AB
:1043C0000C3014F063FC2146002242F20500FFF796
:1043D00085FB044648B110F10D0F04D102210B4AB0
:1043E0000B4814F08BFE204670BD33462A6843F814
:1043F0006929AA88B280012283F868200024F2E7A4
:104400006FF06804EFE700BF0906002043140300C3
:10441000ACDD020038B505460C4659B9204940F2DA
:10442000DD33204A204813F01EFB40F2DD311D48E9
:1044300013F010FB086848B91C4940F2DE33194AF2
:10444000194813F010FB40F2DE31F0E74DB918497E
:1044500040F2DF33134A144813F005FB40F2DF311A
:10446000E5E7037A5A0709D5124940F2E1330D4ACC
:104470000D4813F0F8FA40F2E131D8E74B686BB918
:104480000B7A13B92B7A5B0708D52A7803789A42FE
:1044900004D0294614F0A7FE00B1656038BD00BF06
:1044A0008F1403005214030034F20200A714030017
:1044B000CA140300E2140300064BD3E8EFCF4CF418
:1044C000806CC3E8E2CF002AF7D1037A1943017266
:1044D000704700BF74060020F7B500210446022291
:1044E000084602F08BF8064648B120460121FFF746
:1044F000E3FF304603B0BDE8F04001F041BA3B4D68
:1045000001463B4800F070FB95F813317BB1304613
:1045100014F03DFE58B10221364A374814F0EEFD42
:104520000021364803B0BDE8F04000F05DBB95F8CF
:10453000132195F812319A4218D10221304A2E489F
:1045400014F0DCFD002242F229001146FFF7C6FA02
:1045500010B101212B4AE0E795F81331013385F8BA
:104560001331237A43F004032372D9E72246671CF0
:10457000394612F82E0B14F0CDFD064610B1224A32
:1045800001210EE095F81331013385F81331237AB8
:1045900043F00403237295F8A7305B0708D4022187
:1045A0001A4A154814F0AAFD012014F0F0FDB7E7EF
:1045B0003946684614F0A4FD01234FF0FF304FF058
:1045C000FF318DF80730FFF74FF8044660B108223D
:1045D00069460C3014F05AFB3246214642F24E0036
:1045E000FFF77CFA0028DFD0094AC9E7A0050020C0
:1045F0002D92020017150300ACDD0200C1910200EC
:104600003C1503006D1503008D150300AD15030067
:10461000D7150300084BD3E8EF2F22F48061C3E8DD
:10462000E01F0028F7D1530504D5002202200349DA
:1046300006F06CBF704700BF74060020BB920200FA
:104640001FB500230190CDE9023302208DF80C1034
:1046500001AA034906F05AFF029805B05DF804FB71
:1046600015440100034610B470B10A4991F8124193
:1046700091F813210CB1944208D2013281F8132130
:104680001A7A42F004021A7210BC704710BCFFF78D
:1046900023BF00BFA00500202DE9F041044660B310
:1046A000424D95F8122195F8133192B1013293429F
:1046B0001CDC00210222084601F0A0FF0646F0B1F2
:1046C00020460221FFF7F8FE3046BDE8F04101F038
:1046D00057B95BB93649374840F2E543364A13F0DB
:1046E000C2F940F2E541344813F0B4F9013B85F8D2
:1046F0001331237A23F004032372BDE8F0810146CD
:104700002E4800F071FA304614F041FD064688B19B
:10471000012103462A4A2B4813F0F8FF95F813317C
:1047200013B1012014F033FDBDE8F041002126480B
:1047300000F05ABA95F8133195F812219A420CD22A
:10474000013B85F81331237A024623F0040302204B
:104750001E49237206F0DAFEE0E74FF0FF304FF01B
:10476000FF31FEF781FF04F10108074668B1072118
:104770000C30FDF7D3FD414614F0C2FC32463946F9
:1047800042F22800FFF7AAF928B10121104A0D488A
:1047900014F0B4FCC2E795F81331013B85F81331EE
:1047A000237A23F004032372B8E700BFA00500209A
:1047B000F215030034F20200521403002D9202009D
:1047C0000B160300ACDD0200C191020079910200DA
:1047D0003816030070B5044611BB20B3254914F008
:1047E00085FC00BB2046FFF789FD00283BDA2378D3
:1047F00053B92148C279002A35D1214614F080FCF2
:104800000123C371104670BD012B04D1A37903F0BD
:10481000C003C02B07D00121184A194814F06EFCC0
:104820006FF01500EFE7144DEB79012B1ED005F169
:10483000D40014F06CFCC30707D4002CF0D0204641
:104840000C4914F053FC0028EAD1EE792146731C80
:104850003046EB71FFF76AFD08B93046D3E7EB79D4
:10486000013BEB71CFE76FF07700CCE76FF00B0007
:10487000C9E700BF18540300A00500205D1603001F
:10488000ACDD02002DE9F341044640B91A4A022189
:104890001A4814F033FC002002B0BDE8F08100217A
:1048A00041F2090001AAFFF719F9054608B1144AB7
:1048B000EDE7019E0622D6F80C80124908F10107A7
:1048C000384618F0DCFB28B1062238460E4918F0AD
:1048D000D6FB18B93046FDF713FCDCE7D8F80130F9
:1048E0003046C4F80130BB882570A4F80530FDF7C8
:1048F00007FC0120D0E700BF8B160300ACDD0200EF
:10490000A4160300255403001F54030007B568468E
:10491000FFF7B8FF044BD87118B169460020FFF7C4
:1049200005FD03B05DF804FBA00500202DE9F04172
:10493000304E88B0F179002954D196F8C24014F075
:10494000010411D12C4A02212C4814F0D7FB002479
:10495000F471162500240127F379E0B283422BD8A5
:10496000002B3FD000203AE06A464FF60940FFF79F
:10497000B5F808B1224AE6E7DDF800C0DCF80C50D3
:1049800095F80180B8F1000F0ED0AB1C02AA1235C9
:10499000174618685968083303C7AB423A46F7D13F
:1049A000186838609B88BB806046FDF7A9FBB8F1AA
:1049B000000FCDD1134AC6E708AB05FB003353F80F
:1049C000182C33F8143C6946CDF80120ADF80530B9
:1049D0008DF80070FFF7AAFC01340028BCD008B0A5
:1049E000BDE8F0810021084608B0BDE8F041FFF7BE
:1049F000F1BE00BFA0050020C2160300ACDD02001E
:104A0000EE1603000E1703002DE9F0411D460E4679
:104A10001746034648B145B10A0311D54C0708D5DE
:104A20000121284A284814F069FB6FF01500BDE801
:104A3000F08114F027FC0028F9D101232B70F6E750
:104A4000B107047824D021492FB1B20603D591F8DB
:104A5000D820500632D5C4EBC40411F80480B8F154
:104A6000010F09D101341846214414F003FC002839
:104A7000DDD185F8008002E0B8F1000FF9D02FB148
:104A8000B30642BF2B7843F002032B700020CEE721
:104A9000720710D50D49C4EBC4040F5D012F07D177
:104AA0000134214414F0E6FB0028C0D12F70E7E761
:104AB000002FE5D1FAE714F0E5FBBEE76FF08500C3
:104AC000B5E700BF37170300ACDD0200A0050020EA
:104AD0002DE9F74F884601904FF0FF314FF0FF303E
:104AE000FEF7C2FD044600284ED020210C30FDF711
:104AF00015FC002706460021202218F0B1FA39469D
:104B0000D8F8005006F1010BD8F804309F4208D3C2
:104B1000317000222146019803B0BDE8F04FFEF746
:104B2000DDBF6A78881C13181F2B95F800C05FFA48
:104B300080F915D9BCF1090FC9F11F0201D1002A72
:104B40000CDC0121124A134813F0D7FD2046FDF773
:104B5000D7FA6FF0150003B0BDE8F08F4FF0080CE6
:104B60005FFA82FA0AF1010E0BF801E00131C9B2D5
:104B70000BF801C069685844D14418F04BFA01376A
:104B80005FFA89F10835BFE76FF06800E3E700BF1F
:104B90005C17030064DD0200F7B5CDE9000169464A
:104BA00042F2080016461D469DF82070FFF790FF60
:104BB000044648B95FB90B4BD3E8EF1F41F004013D
:104BC000C3E8E21F002AF7D1204603B0F0BD6946D2
:104BD00042F20900CDE90065FFF77AFF0028EAD02C
:104BE0000446F1E7C805002003460148184700BF06
:104BF000B805002000487047B80500202DE9F04FA7
:104C0000D0F8109089B0B9F100040546A04818BF4B
:104C100001240291039314F062FB4607924640F18F
:104C20008C816E6870050CD56FF01504002240F27F
:104C30000110029B924540F08981204609B0BDE8F1
:104C4000F08FD5F81080B8F1000F01D0B107EBD08C
:104C5000904F2878FB798342E6D9C0EBC000072249
:104C60008D49384418F00BFA0028DDD0B20706D180
:104C700097F87030082B02D8AB689F2BD4D916F068
:104C8000300F7AD0B8F1000FCED0F30678D406F406
:104C90006036B6F5603FC7D0284614F00AFB804660
:104CA0000028C1D07D4814F01AFB10F4807F7B4EA1
:104CB00040F0468106F1AC0014F011FB10F4806F57
:104CC00006F1AC0B01D0FFF7A5FC0023CDE90533BD
:104CD000CDF81B30AB686A68ADF81030EB6812F4A1
:104CE000004FADF8123014BF06230723D00348BF8E
:104CF00003F00503910348BF03F0FB038DF81D305B
:104D0000DBE8EF3F23F48073CBE8E23F002AF7D1E2
:104D10002B7822463B7687F86F30696860480DF142
:104D20001503FFF771FE044600287FF47FAF5D4B4B
:104D3000B9F1000F31D02A6911684BF8B31C918882
:104D4000998092799A716B689A0728D0B9F1000F0F
:104D50002CD013F0100F0CBF012304238DF8143056
:104D60002B691A68CDF816209A88ADF81A209B791D
:104D70008DF81C304FF000081BE0B8F1000F86D111
:104D8000D5E902239A423FF64FAF1F2A7FF64CAF78
:104D9000B3F5804F7FF67BAF46E73F4ACCE79B05F4
:104DA00002D4039B002B3CD0022300E04B468DF83D
:104DB00014304FF0FF304FF0FF31FEF755FC044642
:104DC000002800F0C0800F2204A90C3013F05EFF11
:104DD0002146002242F20600FEF780FE044600282B
:104DE0007FF424AFB9F1000F1FD0686810F0030002
:104DF00027D1074601212A4814F074FA04460028F6
:104E000058D00121284A294813F077FC002F3FF49D
:104E10000DAF3846002100F041FE384600F0B0FDED
:104E200004E703238DF81430A4E75146129B039A3C
:104E30000298CDF80080FFF7AFFE04460028D4D0DA
:104E4000F4E63C7E07221449164887F86F4018F0B4
:104E500016F960B92046164901F04EFB074610B915
:104E60006FF00B04E2E6052100F018FEC2E72046D1
:104E70000C4901F087FB00287FF4D6AE387E094943
:104E800001F03AFB07460028EAD00621ECE700BF14
:104E900074060020A005002018540300C805002057
:104EA000B8050020C10500207517030064DD02006D
:104EB0001154030017B1384600F062FD6B689F077C
:104EC0001FD0D6E8EF3F43F40073C6E8E23F002A64
:104ED000F7D1B8F1000F1DD0D6E8EF3F43F480635F
:104EE000C6E8E23F002AF7D16B6858071BD5D6E821
:104EF000EF3F43F48053C6E8E23F002A3FF496AE0A
:104F0000F5E7D6E8EF3F23F40073C6E8E23F002A56
:104F1000DFD0F6E7D6E8EF3F23F48063C6E8E23F50
:104F2000002AE1D0F6E7D6E8EF3F23F48053C6E845
:104F3000E23F002A3FF47AAEF5E76FF00A0475E627
:104F40006FF0770472E66FF068046FE619888142AB
:104F500004D1596811B10978C90702D40132083364
:104F600068E6054905480CF04FFB0023044A034856
:104F70000CF082FC61E600BF01500100D00500206A
:104F80001C4E0E0010B5184814F0D4F9174814F050
:104F9000A6F90346DA05C0F3002023D5134814F020
:104FA0009EF9830515D512490722124818F067F8B3
:104FB00003461149087E93B90522104901F01EFBF2
:104FC000044630B10021017300F068FD204600F076
:104FD000D7FCBDE810400021034814F083B9062235
:104FE0002131EBE710BD00BFB8050020C805002047
:104FF00018540300C1050020A0050020115403002F
:1050000010B5FFF7BFFF034630B1BDE810400221E5
:10501000024A034813F07ABB10BD00BF901703008B
:1050200064DD0200884208B501F1200310D99842DE
:1050300013D20E4940F2B3230D4A0E4812F013FD6D
:105040000D4812F010FD40F2B321094812F002FDA4
:10505000EFD000F120029142EAE7013813F8012D68
:105060008B4200F8012FF9D108BD00BFE208030010
:10507000A108030034F202003909030070B59AB0A8
:105080001822002103A817F0EBFF47F21213ADF826
:1050900008304FF4807344F20102ADF80A30364B09
:1050A000694602A8CDE904230FF0E0FA034618B3DD
:1050B000324A0121324813F029FB1F25314BD3E836
:1050C000EF1F21F00101C3E8E21F002AF7D12E4EA5
:1050D0000DF05CFA346804B1043C002D2B4D18BF70
:1050E0000025002C41D023680BB1284698476468FE
:1050F000002C3AD0043CF6E701AB4122009809A904
:1051000016F0DAFD034608B1214AD2E7214A0DF133
:1051100025030DF1650153F8040B8B4242F8040B93
:10512000F9D101AB20221C49009816F0A2FD0346DC
:1051300008B11A4ABDE700980FF086F9054610B18C
:10514000174A0346B5E713491048FFF76BFF1549A7
:105150001548FFF767FF154BD3E8EF1F41F010012B
:10516000C3E8E21F002AA9D0F6E70023C6E900330E
:105170000DF07EFA1AB070BD00000209B6170300E8
:1051800094DD02006831002070310020353A0020A3
:10519000D4170300F5390020D5390020F717030094
:1051A0001B180300153A0020553A00207406002011
:1051B00030B5A7B01822002107A817F051FF04232B
:1051C0003D22002116A8159317F04AFF47F212134B
:1051D000ADF818304FF4807344F20102ADF81A3084
:1051E000284B2949CDE9082306A804AB20220FF05B
:1051F00071F90346E0B1254A0121254813F086FAEA
:105200006FF004040DF0C2F9224B1D6865B1002057
:105210001860214BD3E8EF1F21F00201C3E8E21F21
:10522000002AF7D144B3A8470DF022FA27B030BDC9
:105230001A4B0DF15502194603F1400053F8044B87
:10524000834242F8044BF9D105AB029320230D4869
:10525000CDE9001315AA4123049916F0FCFD03467D
:1052600008B10F4AC8E704980FF0EEF8044600288A
:10527000C8D00C4A0346BFE70DA80849FFF7D2FE85
:105280000DA8D0E700000209D53900203B18030023
:1052900094DD02006C31002068310020F5390020D7
:1052A000711803008D180300402208B5034917F058
:1052B000E6FEB0FA80F0400908BD00BF805403004C
:1052C00010B59AB004461822002103A817F0C8FEB2
:1052D00044F21213ADF808304FF480734FF480425B
:1052E000ADF80A30144B2146CDE9042304230DF117
:1052F00025008DF82430FFF795FE04F120010DF113
:105300004500FFF78FFE412201AB09A902A80FF06B
:10531000E1F8044602A816F0EAFD2CB901980FF056
:1053200093F801201AB010BD044823460121044A15
:1053300013F0ECF90020F5E70000020994DD02000B
:10534000AA18030010B5002834D01D4A136823B1F1
:10535000043B984231D05B68F9E71A4BD3E8AF1FA2
:10536000890707D518480221184A13F0C6F96FF0CB
:105370000F0010BD1468011D44605068116000B931
:105380005160D3E8EF2F42F00101C3E8E01F00288D
:10539000F7D1D30701D50020EBE70D4BD3E8EF1F82
:1053A00021F01001C3E8E21F002AF7D10948FDF7F8
:1053B000D1FAF0E76FF01500DBE76FF07700D8E780
:1053C000703100206831002094DD0200CE18030007
:1053D0007406002068090020044BD3E8AF3F13F0A7
:1053E000100F034808BF0020704700BF740600205C
:1053F000353A002070B50546194803688B4228D01D
:10540000184BD3E8AF3FDA0626D5036813B16FF027
:105410000F0070BD144AD2E8AF3FDB07F7D4D2E8E3
:10542000EF3F43F00204C2E8E64F002EF7D113F03D
:105430000204ECD1016029460C48FFF7F3FD0C484B
:1054400005F12001FFF7EEFD0A48FDF783FA20463B
:10545000DFE76FF07700DCE76FF07C00D9E700BF93
:105460006C3100207406002068310020F5390020DE
:10547000153A00205809002010B50446FCF764FCDA
:10548000044901EB00112046FDF752FBBDE8104036
:10549000FEF7AEBA7831002070B50546134B1C6894
:1054A00044B154F81C3C1C3C13B12846297B984756
:1054B000E469F5E70E4C0F4EB44215D90E4940F29F
:1054C000B6730E4A0E4812F0CEFA0E4812F0CBFA1E
:1054D00040F2B671094812F0BDFA236813B12846AC
:1054E000297B98472034E7E7F7D370BDAC31002023
:1054F0000CDD02004CDD02003B190300FC18030028
:1055000034F2020000FA020008B50B4B1B7873B9A5
:105510000A4940F246330A4A0A4812F0A4FA0A48F5
:1055200012F0A1FA40F24631054812F093FAFCF766
:10553000E5F8064B185808BD1D3D002008F502008F
:10554000CEF4020034F202001BF502000800000055
:1055500010B50C46817801290BD00C490C4840F25B
:10556000EE330C4A12F07FFA40F2EE31094812F0A5
:1055700071FAA16904F118001160E26900211A6052
:10558000E27ABDE8104017F06BBD00BF561903006A
:1055900034F20200FC18030037B5051D04464FF431
:1055A0008061284613F0DBFE40053CD4D5E8AF3FD0
:1055B000D90326D5E37823B902211C4A1C4813F0ED
:1055C000CCFE637B072B2ED11A4B93F8D8309B0669
:1055D00029D513F0E4FC30B30DF1060101A8FEF764
:1055E00027FB00BB2046BDF80620BDF8041013F0D1
:1055F00042FD0346B8B101210F4A0D4813F0ADFE3C
:1056000011E00C4B93F8D8301A07D3D5204613F08D
:1056100017FD034620B10121084A054813F09DFEFD
:10562000637B072BC6D003B030BD00BF89190300D0
:105630007CDD0200A0050020A21903006819030008
:1056400070B505460022002316480BF09BFA38BBC4
:10565000154B1C6834B154F8143C1C3C03B19847FA
:10566000E469F7E7114C124EB44213D9114940F2E4
:105670007C63114A114812F0F6F9114812F0F3F95F
:1056800040F27C610C4812F0E5F9A36803B1984739
:105690002034E9E7F9D32846BDE870400BF096BE08
:1056A00070BD00BF740C0020AC3100200CDD020086
:1056B0004CDD02003B190300FC18030034F2020029
:1056C00000FA02002DE9F0410446FFF71DFF1B4BD5
:1056D000D3F88830834223D140270025EFF311828D
:1056E00087F31288BFF36F8FE16929B1206A0B68D5
:1056F0008142E36108BF236282F31188BFF36F8F99
:10570000D1B1D1E901680E48C1E9015515F0C5FFD5
:105710001EB1002241462046B047FEF769F9DDE799
:10572000084909484FF49373084A12F09CF94FF462
:105730009371064812F08EF9BDE8F081082F002021
:10574000CC0C0020BE19030034F20200FC18030048
:105750000448B0F8FC3000F58070002B08BF002032
:10576000704700BFA005002070B588B004460E4603
:10577000FFF7CAFE144BD3F88820824205D1204699
:1057800008B0BDE87040FFF79DBF2434214618469D
:1057900015F0F9FF051E0FDA4FF4AF730B4A0C49F1
:1057A0000C4812F060F929460B4812F05CF94FF4EE
:1057B000AF71064812F04EF91EB1694620460BF053
:1057C0000BFE08B070BD00BF082F0020FC180300BE
:1057D00081FB020034F20200041A030038B50022F3
:1057E00004468A4202D10024204638BD012004F13B
:1057F000C803D3E8EF5F002D04D1C3E8EC0FBCF180
:10580000000FF6D102D0D0340244EAE7002CEAD0EF
:10581000C8220021204617F023FC04F1400004496F
:105820000BF0F2FE034904F124000BF0A7FCDBE7C8
:105830005D67010081930200F7B516460D46012110
:105840000446FFF791FF012E23D0022E52D1236987
:105850003BB131480121314A12F04FFF204613F08D
:10586000ADFD256121690B8A012B53D9CA681288C5
:10587000043292B293424DD343D90121009226487B
:10588000274A12F04DFF204603B0BDE8F04013F068
:1058900095BD206940B9234A31461F4812F02DFFBB
:1058A000204613F08BFD01E02A8A2AB9284603B06E
:1058B000BDE8F040FCF724BC018A438A47695B1AC3
:1058C000C168C91B5B1A9A420CD9174A3146124863
:1058D00012F013FF00222046216901F087FA00230D
:1058E0002361E3E7E9680C3013F0D0F92846FCF7B0
:1058F00007FCB7E7012133460C4A074813F02DFD9A
:10590000CEE7002301222046236103B0BDE8F0402A
:1059100001F06CBA03B0F0BD7CDD02001F1A030079
:105920009F1A03003C1A03005A1A0300811A03004D
:1059300010B580B100F1C802D2E8AF3FBBB1591C2D
:10594000D2E8EF4F9C4204D1C2E8EC1FBCF1000F3B
:10595000F6D1F1D110BD0749074840F2B553074AC7
:1059600012F081F840F2B551044812F073F818466D
:10597000F0E700BFBD1D030034F20200FC18030075
:1059800038B5044670B9284940F2DF53274A284801
:1059900012F069F8274812F066F840F2DF51234808
:1059A00012F058F824300BF05FFC04F1C803D3E880
:1059B000EF2F511EC3E8E51F002DF8D1002A0CDCA3
:1059C0001D494FF4BE63194A194812F04CF81B48A0
:1059D00012F049F84FF4BE61E1E7012A23D160B12A
:1059E000174940F2F953114A114812F03CF8154892
:1059F00012F039F840F2F951D1E7134B9C4212D31F
:105A000003F1D00294420ED2E41AD023B4FBF3F295
:105A100003FB12443CB90D480BF036F8BDE83840A2
:105A20000B480BF0D3BC38BDBD1D0300FC180300B0
:105A300034F20200BA1A0300D91A0300E11A030073
:105A4000FF1A0300131B030060210020740C0020C8
:105A50008809002010B50446FFF76AFF0CF096FD98
:105A60000C4B04F1BC01D3F8143143B90A4813F0CC
:105A700064FC0CF0FDFDBDE81040FDF7B9BF994294
:105A800001D01B68F1E70CF0F3FD2046FFF778FF2B
:105A9000F1E700BFA0050020B40600202DE9F8437F
:105AA000467B04468E420D4600AF1DD1082E98BF9E
:105AB000594B6C4688B094BF53F82630574B6A4612
:105AC0005749CDE905134FF40073ADF81C30554B21
:105AD00042F8103F00234FF4E4515348FAF728FAF4
:105AE000A546BD46BDE8F88341730EB9FFF720FF18
:105AF000637B082B00F28D8001A252F823F000BFD7
:105B00004D5B0100A35B0100E35A0100E35A010071
:105B1000E35A0100E35A0100E35A0100255B01004A
:105B2000E35A01000023C4E90D33E378012BD8D1F7
:105B3000A3783E4A012B08BF032304F1400008BFAD
:105B400084F8983000230BF00FFECAE7082EC8D85F
:105B5000DFE806F02005171C1C1C1720200004F1AC
:105B6000400528460BF08EFE01212046FFF7FCFD84
:105B7000204613F023FC0022002328460BF07CFE75
:105B8000AFE7237B13B12046FFF786FC2046FFF7E3
:105B9000F7FEA6E72B46264A0221234813F0DDFB39
:105BA0009FE7237B3E2B0FD16D4688B06A46214B81
:105BB000CDE90534032342F8103F00234FF4C451CC
:105BC0001948FAF7B5F9AD461B4D05F580786169BE
:105BD00011B9FDF70DFF84E7A2690B68914208BF78
:105BE000A36163610023D1E901691448C1E901336C
:105BF00015F053FD26B16FF06D0249462046B047BF
:105C0000B5F8FC30002B14BF404600200AF03CFFE2
:105C1000DDE70B4A2B46BFE74CE602004A1B0300B8
:105C2000541B0300030000017CDD02005A620200E5
:105C3000651B03007C1B0300A0050020CC0C00208A
:105C4000A31B0300F8B5074609480D461646FFF7A3
:105C50006FFE044650B183781F4203D1BDE8F8407F
:105C6000FFF78EBE3146A8472046F7E7F8BD00BFD4
:105C700060210020002201200149FFF7E3BF00BF9F
:105C80007593020070B505460E480E46FFF750FEAC
:105C90000446A0B1437B012B02D0073B012B0CD85B
:105CA0002388AB4208D1A3781E4209D102212B469A
:105CB000054A064813F051FB2046FFF761FE002419
:105CC000204670BD60210020BF1B03007CDD020068
:105CD00008B5114B98420AD303F1D002904206D284
:105CE000D022C01AB0FBF2F302FB130373B10B49CD
:105CF00040F21B630A4A0B4811F0B5FE0A4811F046
:105D0000B2FE40F21B61064811F0A4FE074B0011E1
:105D10005843C0B208BD00BF60210020D61B03005D
:105D2000FC18030034F202004D1D0300C54EECC404
:105D30002DE9F84305460F4616461C4690469946FF
:105D400015F031FD58B11749174840F23763174A2B
:105D500011F089FE40F23761144811F07BFE3443A4
:105D60000BD0FFF7D1FB124BD3F88830834207D119
:105D70000221104A104812F0C0FC4FF00008C14642
:105D80000E4942464B46002D14BF2846084612F0E5
:105D900072FF044618B1791D0C30FCF79DFA2046BD
:105DA000BDE8F883671D030034F20200FC1803000D
:105DB000082F0020761D03007CDD0200E00C00208F
:105DC00010B5044605480BF001FB204600F016FF15
:105DD0002046BDE81040FFF75FBB00BF78090020F8
:105DE00010B5437B0446023B062B29D8DFE803F0BD
:105DF0000B042828281E0900017300212046FFF704
:105E00004DFE002010BD8378012BFAD04FF4F463CF
:105E10000D4A0E490E4811F026FEA1780D4811F0EA
:105E200022FE4FF4F461084811F014FE008813F0CC
:105E3000E3F80028E6D1637B072BE2D10821DDE7F8
:105E40006FF07F00DEE700BFFC18030095430300FE
:105E500034F202009F1D03002DE9F04F002387B0AC
:105E600000AFFB607B619D4B5A8B3AB19C4DD5F8DE
:105E700014413CB91C37BD46BDE8F08F1B68002BB0
:105E8000F4D1F7E754F8BC3903B1BC3B002695497F
:105E900013E01346B5F8FC20002A00F0D881D5F8AD
:105EA0000821C2B904F1BC06002BE3D0D3F8BC2012
:105EB0001C46002AEDD0A2F1BC039C42EAD18A49DB
:105EC00040F2B933894A8A4811F0CDFD40F2B93128
:105ED000864811F0BFFD0A68002AE3D0D4F8A82054
:105EE000002ADFD0D4F8AC20002ADBD0D4F8B020D0
:105EF000002AD7D0637B072B41D12046904700284A
:105F00003DD004F1C003D3E8AF3F022B37DC20467D
:105F1000FFF70EFD04460028ACD0637B072B40F052
:105F200093812046D4F8A830B5F8FC1007F1100290
:105F300098478046002800F07581B5F8FC203B6941
:105F40009A4208D30146D4F8AC60204607F1140306
:105F500007F10C02B0473B69D7F80CA07B60B8F89A
:105F60001030D7F81490002B3BD162494FF42473C2
:105F70005E4A5F4811F077FD4FF42471A8E704F101
:105F8000BC03B34209D15C4940F2D633574A584862
:105F900011F069FD40F2D6319AE7D4F8BC20C6B9B9
:105FA000D5F81811C5F814218B4201D1C5F8182174
:105FB00000232046C4F8BC30D4F8B03098470028FD
:105FC000ABD0637B072B40F03F812046FFF742FDBB
:105FD000A3E73260D5F81821934208BFC5F81861CD
:105FE000E6E7404612F054FF48B1424940F2972399
:105FF0003E4A3F4811F037FD40F2972168E7B5F877
:10600000FC303E48002B08BF0020002200230AF08D
:10601000B9FD60B1374940F2A723344A344811F042
:1060200022FD374811F01FFD40F2A72150E7002262
:1060300000232C480AF050FC064660B92D4940F276
:10604000B2232A4A2A4811F00EFD2E4811F00BFD0A
:1060500040F2B2213CE7C0E901A97B68B5F8FCB089
:106060005B4598F8083098BFB7F804B0013B012BA6
:1060700009D9254940F2D2231C4A1D4811F0F3FCEE
:1060800040F2D22124E7404612F002FF814638B1A7
:106090001E49AC23154A164811F0E5FCAC2117E760
:1060A0000146002200230D48FBF788FE824658B1C6
:1060B000FBF74AFE164B414603EB00135A46504687
:1060C000FCF75EFD804638BB124940F2DB23074AED
:1060D000074811F0C8FC40F2DB21F9E6640D00200E
:1060E000A0050020CC0C0020B61D0300FC18030006
:1060F00034F2020095430300C21D0300A0060020F5
:10610000DD1D0300F21D0300021E03002A1E030012
:1061100078310020441E03007B68B5F8FC2094F819
:10612000C4B093428CBF4FF001090BF1020384F815
:10613000C49098BF5FFA83FB04F1C009D9E8EF2F40
:106140000132C9E8E12F0029F8D104F114033146E6
:1061500018467B6013F0F1F894F802A0BAF1010F31
:1061600064D108F10C02042110467A60FCF7F6F8BD
:1061700021880BF0FD0341EA03330380B8F81030A7
:106180007A68043B43800221104612F092FD40469B
:10619000FDF74CFB002857D07860D9E8EF2F013A83
:1061A000C9E8E12F0029F8D1314604F1140013F0B9
:1061B000EAF8284A51467B68274813F0CEF8404653
:1061C000FBF79EFFD6E9018900233146C6E901337A
:1061D000224815F062FAB8F1000F04D06FF06D029A
:1061E00049462046C047B5F8FC301D48002B08BF83
:1061F00000200AF049FC6D4688B06A46194B0593A9
:106200006FF00403CDE90634042342F8103F4FF445
:10621000015111480023F9F78BFE1321AD462046AA
:10622000FFF7DEFD2046FFF7ABFB23E640F2FF233E
:106230000D4A0E490E4811F016FCA1780D4811F0D8
:1062400012FC40F2FF2143E6FDF7D2FBEAE7936838
:10625000FFDE00BFF80F03007CDD0200CC0C002045
:10626000A0060020751E0300FC18030095430300E0
:1062700034F20200581E030040F2E2432DE9F041DF
:10628000D0F888600446B6FBF3F6031DB6B2D3E837
:10629000AF2F920413D5B0F88C20B2420FD8B0F8CB
:1062A0008E20B2420BD3D0E92412914207D1D3E819
:1062B000EF1F21F40051C3E8E21F002AF7D1194B68
:1062C0001D6865B155F80C7C1C3D37B13146204640
:1062D000B4F89230B4F89020B847ED69F1E7124D68
:1062E000DFF84880454519D9114940F2FC73114A3D
:1062F000114811F0B8FB114811F0B5FB40F2FC71E8
:106300000C4811F0A7FB2F6937B131462046B4F88D
:106310009230B4F89020B8472035E3E7F3D3BDE8D6
:10632000F08100BFAC3100200CDD02004CDD02002A
:106330003B190300FC18030034F2020000FA0200CB
:106340002DE9F041074608460D4612F02AFE0646A2
:1063500018B900263046BDE8F0811C4B1C6884B19A
:1063600054F8103C1C3C0BB9E469F8E72946384660
:1063700098470028EDD0284612F013FE0028F3D1EC
:10638000E7E7134CDFF84C80444518D9124940F632
:106390003D03124A124811F066FB124811F063FBEC
:1063A00040F63D010D4811F055FB29463846984707
:1063B0000028CED0284612F0F4FD20B9C9E7C9D292
:1063C000E368002BF1D12034DEE700BFAC310020C0
:1063D0000CDD02004CDD02003B190300FC18030039
:1063E00034F2020000FA02002DE9F041C3780446BD
:1063F0008BB900F17E06194B1D687DB11C3D04F17F
:1064000070076B691BB13A46314620469847ED69E3
:1064100025B11C3DF5E700F17706ECE7104D114F73
:1064200004F17008BD4216D90F4940F6C5130F4A52
:106430000F4811F018FB0F4811F015FB40F6C5117D
:106440000A4811F007FB6B691BB1424631462046F2
:1064500098472035E6E7F6D3BDE8F081AC3100205F
:106460000CDD02004CDD02003B190300FC180300A8
:1064700034F2020000FA0200F8B5437A054683724E
:10648000164613F0CFF8154B1C684CB154F8043C79
:106490001C3C1BB132462846697A9847E469F4E708
:1064A0000F4C104FBC4216D90F4940F61E230F4A1D
:1064B0000F4811F0D8FA0F4811F0D5FA40F61E2116
:1064C0000A4811F0C7FAA3691BB132462846697A17
:1064D00098472034E6E7F6D3F8BD00BFAC31002082
:1064E0000CDD02004CDD02003B190300FC18030028
:1064F00034F2020000FA020038B505460C460F4897
:106500000121FFF76BF9C0B1057223680367A38807
:10651000A0F87430A37980F8763001234372837237
:106520008370074BC0F8A830064BC0F8AC30064B60
:10653000C0F8B030054BC0F88C3038BD6021002069
:10654000B96A0100515501004F930200180028005C
:1065500070B505460A480E46FFF7EAF9044620B131
:106560008378012B04D0FFF70BFA0024204670BD7E
:106570003246294612F079FF0028F7D12046F2E78B
:1065800060210020F0B589B000AF0D46FFF7E0FFB5
:10659000044618B329463846FBF7A2FF637B6D46D5
:1065A000082B98BF0F4A8AB094BF52F823300E4B85
:1065B0006A46CDE907730D4B0D4909930D4BCDE9A3
:1065C000051442F8103F00234FF442510A48F9F7EE
:1065D000AFFC2046AD46FFF7D3F901202437BD4676
:1065E000F0BD00BF4CE602004A1B03000103020499
:1065F000981E0300050000027CDD0200F8B5054688
:106600000E480E461746FFF793F9044620B18378EB
:10661000012B03D0FFF7B4F900240DE036B1324668
:10662000294612F022FF08B92046F3E7637BBB42FC
:10663000FAD1237AAB42F7D12046F8BD6021002081
:1066400070B58B780646012B0C4692B042D191F87A
:10665000703007AD032B37D8DFE803F00230323457
:106660001E492846F6F755F9059594F871301E2114
:10667000049394F872301A4A039394F873300AA87A
:10668000029394F87430019394F87530009394F861
:10669000763010F0C9FD32460AAB10AD1C4603CC73
:1066A000AC4210605160234602F10802F6D1206826
:1066B00010603046A388938012B070BD0949D0E7BE
:1066C0000949CEE70949CCE70A212846084A10F0D3
:1066D000ABFDC9E700238DF82830DCE789EC020028
:1066E000ABEC020090EC020097EC0200A1EC02007F
:1066F000412E030038B5044608460D4612F051FC01
:1067000038B3154B93F8D830990707D4E37873B1B1
:1067100029462046BDE8384000F094BB94F89930F3
:106720009A07F3D5231DD3E8AF3F5B04EED4294687
:10673000204612F0C0FE58B92B88A4F88C306B8824
:10674000A4F88E30AB88A4F89430EB88A4F8963087
:1067500038BD6FF01500FBE7A0050020F7B510F875
:10676000333C0446A0F140068BBB304612F0FDFEE0
:10677000394B1D684DB155F8183C1C3D1BB13046D6
:1067800014F8341C9847ED69F4E7344D344FBD429A
:1067900016D9344940F2C573334A344811F063F9CD
:1067A000334811F060F940F2C5712F4811F052F9E9
:1067B0006B681BB1304614F8341C98472035E6E767
:1067C000F6D3304603B0BDE8F040FFF7D9B810F873
:1067D0003E3C012B3ED1A0F13C05D5E8EF3F23F430
:1067E0000052C5E8E12F0029F7D199041FD5E36CC9
:1067F00069460093636D30460193FFF77BFF0346C4
:1068000078B9D5E8EF3F23F48053C5E8E23F002A8A
:10681000F7D14FF40061284603B0BDE8F04012F014
:106820009EBD144A0221144812F097FDF1E74FF47F
:106830002813124A69463046CDE90023FFF75AFF74
:10684000034628B94FF48051284612F088FDE0E74E
:106850000B4AE7E703B0F0BDAC3100200CDD0200CD
:106860004CDD02003B190300FC18030034F2020067
:1068700000FA0200D11E03007CDD0200180028008F
:10688000F61E03000C4B10B91860002070471A6800
:1068900072B90269002AF7D1026832B9426822B996
:1068A000826812B94269002AEED06FF01500704775
:1068B0006FF07700704700BFBC31002008B568B1A9
:1068C000094B00F10C011A6822B9074812F035FD96
:1068D000104605E0914204D01268F5E76FF015000C
:1068E00008BD6FF07700FBE7B431002010B50E480B
:1068F00014F0CAFE0D490C4814F0CFFE0C490A48AA
:1069000014F0CBFE0B49084814F0C7FE13F070FAE0
:1069100003F082FA044628B904F08AFD044608B957
:1069200012F0E2FE204610BDCC0C00208831002081
:1069300094310020A031002010B50268D2F8B430A4
:106940005BB90D490D484FF43C730D4A11F08BF8BB
:106950004FF43C710A4811F07DF8D2F8B84019683C
:10696000A34200F1440008BFC2F8B8108342C2F845
:10697000B410E6D110BD00BFE91F030034F20200DD
:10698000A91F030003460121014A024811F0BEBEBF
:1069900003200300BCDD020080B500AF88B06A466A
:1069A000074BCDE90530032342F8103F00234FF495
:1069B000C2510448F9F7BCFA6FF00B00BD4680BD28
:1069C0002B200300BCDD020008B5064A136823B97A
:1069D0000548506018460A6008BDFFF7DDFF6FF0FC
:1069E0000B00F9E7C031002098E6020070B50446BC
:1069F00052EA030007D1002213462046BDE870404A
:106A00000431FFF795B90E48007870B90D4940F28E
:106A100046330D4A0D4811F026F80D4811F023F8C1
:106A200040F24631084811F015F8FAF767FE094DB3
:106A3000094ED5F8885030588542DED1DBE700BFDB
:106A40001D3D002008F50200CEF4020034F20200E1
:106A50001BF50200082F00200800000073B5054652
:106A600018462B680BB35B7B072B1ED1002A0CBF8B
:106A7000012302230E7A9E4209DD01210C4A0D48B2
:106A8000009611F04DFE6FF0150002B070BDCB7A8C
:106A9000072BF8D9C8618A6105F1300014F0FDFDBB
:106AA000284612F042FD0020EFE76FF07F00ECE790
:106AB00052200300BCDD02002DE9F84F064688464F
:106AC0009146D0F8B44000AF3CB1443C236B5BB975
:106AD0002046FFF731FF646CF6E7FCF789FF0026DC
:106AE0003046BD46BDE8F88F04F1300A504609F043
:106AF00061FF05460028F0D0737B072B0BD0384987
:106B000040F2D633374A384810F0ADFF40F2D63164
:106B1000344810F09FFF12F0BBF980B16C4688B08A
:106B20006A46324BCDE90535032342F8103F002376
:106B30004FF4C2512E48F9F7FBF9A546CFE7284696
:106B4000FBF72CFBA56C06469DB9A38C058A403B40
:106B50009BB23F2B03D8238D9D4228BF1D460421A5
:106B600006F10C00FBF7FAFB0580A38C043543808B
:106B7000A56445452AD8B6F810B0AB4512D100221D
:106B80000023504609F0A8FE864209D019494FF467
:106B90008163144A144810F066FF4FF48161B7E72F
:106BA000FBF7AEFAA38CA3F140023F2A06D8AB450F
:106BB0001ABF00221346104AF361B2612046FFF764
:106BC000BBFE236B13B1204612F0AFFCA36C9845BB
:106BD0002CBF0021A3EB0801C9F80030A1647FE7B6
:106BE00072200300A91F030034F202009320030067
:106BF000BCDD0200AB2003009B9602002DE9F341AF
:106C000004464FF000083D4D3D4FBD4271D93D490E
:106C10004FF4D3733C4A3D4810F025FF3C4810F038
:106C200022FF4FF4D37110E029884B1E3E2B0FD961
:106C300040F2A913344A3749344810F014FF298828
:106C4000354810F010FF40F2A9112F4810F002FF54
:106C5000204612F019FD0646019068B140F2AD13CE
:106C6000294A2E49294810F0FEFE29882C4810F0A8
:106C7000FAFE40F2AD11E8E720466B6801A998479B
:106C8000002831DB019B2A889A829A8403F1100242
:106C9000D2E8EF1FC2E8E06F0028F9D15E649E647D
:106CA0009E60A16B03F1080201BBC4E90D221C60C8
:106CB000C3F80C8003F1300014F0E6FC019843683F
:106CC0001B6803B19847019B1033D3E8EF1F41F0D5
:106CD0000101C3E8E21F002AF7D101984368DB698C
:106CE00013B100F11001984708358EE70A60A263DE
:106CF000DDE799D302B0BDE8F08100BFF4DC02000B
:106D00000CDD020054210300A91F030034F202002D
:106D100000FA0200BB200300EA2003001521030053
:106D20002921030073B50D460646042105F10C0028
:106D3000FBF752FB2B8A428804469A4207D0009206
:106D40001C4A01211C4811F0EBFC02B070BD4378D5
:106D50003BB90121194A184802B0BDE8704011F052
:106D6000CCBC0378012BF0D0132B06D1022AECD037
:106D7000022300931346124AE3E70221114A0E4808
:106D800011F0C4FC617802220120356812F062FC27
:106D900004460028D9D002210C30FBF7BFFA0023AB
:106DA000214603704370284602B0BDE8704012F0DF
:106DB00081BC00BF7B210300BCDD02009C210300DD
:106DC000BD210300E821030008B50B8A032B06D878
:106DD0000121044A044811F090FC002008BDFFF78F
:106DE000A1FFFAE710220300BCDD020038B50B8AD0
:106DF0000546032B0C4609D801210F4A0F4811F014
:106E00007CFC2046BDE83840FBF77AB9042104F148
:106E10000C00FBF7E1FA4188284612F05CFC30B91F
:106E2000074A0B460548022111F070FCE9E7436868
:106E300021465B699847E4E72E220300BCDD02008F
:106E40004B22030070B5134A0C46137806460133F3
:106E500013F0FF010ABF01230B46194613701220DD
:106E6000082212F0F7FB054688B108210C30FBF729
:106E700055FA22882946028062884280A288828050
:106E8000E288C2803046BDE8704012F013BC6FF05B
:106E90000B0070BD753A002023281FD81A2804D88B
:106EA000431E182B0ED906207047A0F11B03082B98
:106EB0001ED8DFE803F0051D1B231D19251D050045
:106EC0000320704701230F4A83401A40C2B90E4A7B
:106ED0001A40002A0CBF06200120704700F07F03F3
:106EE000522B05D1002070470120704705207047C4
:106EF00010F0400F14BF0020062070470420704798
:106F000002207047AAAA8A025455450138B50446A2
:106F1000EFF31185402383F31288BFF36F8F24486A
:106F20000CF0F8F868B98423224A2349234810F06A
:106F30009AFD1F49224810F096FD84211D4810F04B
:106F400089FD1B480CF00AF9002323601D4B5A6889
:106F50009AB9C3E9004416480CF0EAF880B94FF436
:106F60009973144A1849154810F07DFD10491748C7
:106F700010F079FD4FF49971E0E714605C60EAE786
:106F800085F31188BFF36F8F11480AF01FFA031EB3
:106F90000CDA01210F4A104811F0B8FB002383F3EB
:106FA0001188BFF36F8F0323184602DF38BD00BF7F
:106FB0001432002072F50200AEF5020034F2020035
:106FC000C3F502000C320020D9F50200F0F50200F2
:106FD000C0090020872203006CDD0200094B011F5D
:106FE0009A680948914204BF00229A601A6A914245
:106FF00004BF00221A629A6B914204BF00229A6376
:1070000009F012B918320020700B002008B50B4BA4
:107010001B7873B90A4940F246330A4A0A4810F00D
:1070200022FD0A4810F01FFD40F24631054810F0DD
:1070300011FDFAF763FB064B185808BD1D3D0020F3
:1070400008F50200CEF4020034F202001BF5020043
:107050000800000010B50446807AFAF76DFE0B4B6D
:1070600083420BD00A490B484FF4B5730A4A10F01B
:10707000FAFC4FF4B571084810F0ECFC2046FAF722
:1070800063FE1822054B02FB003010BD0C0D0020E2
:10709000EE22030034F20200B02203001832002076
:1070A0002DE9F84F074608460C46FFF7D3FFE36883
:1070B0000646D0F8089007F15002D2E8AF2FD20769
:1070C00009D40121294A2A4812F031FB6FF0150535
:1070D0002846BDE8F88F228A5AB9264926484FF437
:1070E000DA73264A10F0BFFC4FF4DA71234810F02F
:1070F000B1FCE26812780271002202601B78D22B88
:107100000FD13B682146186813F053FB054640B188
:1071100001211B4A164812F00AFB2046FAF7F0FF3D
:10712000D6E70023D4F80C80D4F814B0B4F810A03B
:107130001A462146B760381DFFF790FC0546002827
:10714000C6D010F1690F04D101210E4A084812F08F
:10715000EEFA6369A8EB0B0813FA88F3E360A4F86E
:1071600010A0C6F808903560B2E700BF1A230300EC
:107170006CDD02003423030034F20200B02203006D
:107180005A2303006D2303000121024A024812F032
:10719000CEBA00BF902303006CDD020010B5044698
:1071A00000F14C03D3E8EF1F41F00101C3E8E21FF7
:1071B000002AF7D1201F12F051FB04F16C000449A2
:1071C0000AF022FA2068BDE8104002F069BD00BF55
:1071D000D181010073B50E46438D418B01328B4244
:1071E00028BF0B469A42054609D9022100921A4847
:1071F0001A4A11F095FA0024204602B070BD3046BC
:10720000FFF74AFE6FF01403034113F001030ED0A1
:10721000FFF7FCFE124BD3F88830834219D0114B94
:107220001B681A1A18BF4FF0FF32134600E00E4ACF
:1072300000210E48FFF7DAFB04460028DCD0FFF7F8
:1072400009FF0121856004F10C00FBF767F8067067
:10725000D2E70022E9E700BF6CDD0200AD230300A6
:10726000082F0020603200201C4E0E000C0D002064
:10727000F0B51D4603680E460039044618BF0121CB
:1072800087B01868174613F0C6F840B904F15000EB
:1072900012F089FB002846D0002007B0F0BD002D79
:1072A00043D018220021684615F0DAFE6FB10022A3
:1072B00013212046FFF78EFF019030B91C480121B1
:1072C0001C4A12F034FA1120E7E7236829461B68AC
:1072D000284600930023ADF812300C9B164A039306
:1072E000BDF834308DF80860ADF8103001238DF80A
:1072F00014306B4612F033FB9DF8143063B1002F4D
:10730000CAD00198FAF7FCFE2A46314620469DF87D
:10731000143012F053FBBFE701990029BCD020467E
:1073200012F00FFBB8E71220B7E70120B5E700BF66
:107330006CDD0200D2230300339702002DE9F341F4
:107340000B8A04460D4643B90121294A294812F007
:10735000EEF9002002B0BDE8F0810768012105F1D7
:107360000C00FBF739F87B7B0646072BF1D154F86C
:10737000043C002BEDD0002203781F4F043C17F88B
:1073800032004FEAC208984207EBC20114D12A8AA0
:107390004878904226D90121009316481346174A8F
:1073A00011F0BEF904234744BA78012AD1D1002B49
:1073B000CFD00022317811E001320C2ADFD1104AFF
:1073C00002210C4811F0A2F931780846FFF764FD5C
:1073D0002122C24012F00102BBD10623204612F046
:1073E000EDFAB6E74B682046294698470346DAE7A8
:1073F000EB2303006CDD0200C0E602002024030042
:1074000006240300F8B5104A074600230F480D462E
:1074100011F031FC044638B901212B460C4A0D48C5
:1074200011F074F92046F8BD00F10C060921304630
:10743000FAF752FF2046FFF70DFE01218760304624
:10744000FAF76CFF0570EDE71C4E0E000C0D0020E6
:10745000032003006CDD02002DE9F0410E8A044692
:10746000043EF6B2022E08468CB001D0102E64D134
:1074700004210C30FAF7B0FF0DF1080805884788A1
:10748000011D3246404611F0AEFC002857D0A5B38E
:1074900000268FB3AF4230D34FF42053404601A9AA
:1074A0008DF80460ADF8063011F070FC48BB142272
:1074B000002107A815F0D4FD11212046FFF7A2FFF7
:1074C0000990002837D001210C30CDE90748FAF7A0
:1074D00025FF00230A90394603701A4A0B93284669
:1074E00007AB12F03CFADDE909131B78FBB908463B
:1074F000FAF706FE0A2301E03D4601232A46102141
:107500000EE042F60103404607A98DF81C60ADF875
:107510001E3011F03BFC0028C9D010232A46194622
:10752000204612F04BFA00200CB0BDE8F081204656
:1075300012F007FAF7E71120F6E70420F4E70E202F
:10754000F2E700BF9D7A01002DE9FF410368044680
:107550000D461868012112F05EFF40B904F1500099
:1075600012F021FAA0BB122004B0BDE8F081102275
:107570000021684615F074FD21212046FFF742FFE7
:10758000029038B34FF00108009405F10C072B8AE4
:10759000012B04D82046029912F0D3F918E038469E
:1075A00011F096FB6B4601460B4A06468DF80C809F
:1075B00012F0D5F99DF80C30002BE8D00298FAF7BC
:1075C0009FFD3246202120469DF80C3012F0F6F93E
:1075D0000020C9E71120C7E70F9C02002DE9FF41F9
:1075E000036804460D461868012112F014FF40B9E3
:1075F00004F1500012F0D7F9A0BB122004B0BDE88E
:10760000F08110220021684615F02AFD0F21204646
:10761000FFF7F8FE029038B34FF00108009405F12F
:107620000C072B8A012B04D82046029912F089F905
:1076300018E0384611F04CFB6B4601460B4A0646F3
:107640008DF80C8012F08BF99DF80C30002BE8D0EF
:107650000298FAF755FD32460E2120469DF80C306F
:1076600012F0ACF90020C9E71120C7E7939C020093
:10767000F0B51D46036804460E4685B00121186822
:10768000174612F0C8FE38B904F1500012F08BF919
:1076900050BB122005B0F0BD65B310220021684632
:1076A00015F0DEFC39462046FFF7ACFE029018B319
:1076B000BDF828302946ADF80430012328468DF85E
:1076C0000C300E4A6B46009412F049F99DF80C30CC
:1076D00002995BB10846FAF713FD2A463146204667
:1076E0009DF80C3012F06AF90020D3E7204612F022
:1076F00028F9F9E70120CDE71120CBE7939C0200A0
:107700002DE9F0410E8A0446043EF6B2022E0846E8
:107710008CB001D0102E76D104210C30FAF75CFE2B
:107720000DF1040805884788011D3246404611F0D6
:107730005AFB002869D085B377B3BD422DD801210B
:10774000606812F068FE064678BB42F602038DF8C8
:10775000000069464046ADF8023011F017FB20B337
:1077600042F60303404606A98DF81860ADF81A30BA
:1077700011F00CFBC8B1012D03D14FF6FF739F42EE
:1077800013D004F1500012F00EF9002814BF0020AD
:1077900012200CB0BDE8F0813D4601232A460821A5
:1077A000204612F00BF90020F3E7182200210DEB20
:1077B000020015F055FC09212046FFF723FE089032
:1077C000F8B101210C30CDE90648FAF7A7FD0023F6
:1077D000099003700A2339468DF82C30284606ABF1
:1077E0000B4A12F0BCF89DF82C3008992BB10846D2
:1077F000FAF786FC9DF82C30D0E7204612F0A1F86D
:10780000D1E71120C5E70420C3E70E20C1E700BF80
:10781000557B01002DE9F0430F460446062187B051
:1078200007F10C00FAF7D8FD0588EDB1B0F8028039
:10783000B8F1000F17D0454516D8002382888DF87F
:1078400000308DF804304FF42053684601A9D7F872
:107850000C90ADF80220ADF8063011F097FA06460C
:1078600060B10A2301E0454601232A46062120464D
:1078700012F0A4F8002007B0BDE8F08301461422FE
:1078800001A83F7C15F0ECFB07212046FFF7BAFD6D
:107890000290D8B10A2341468DF81530284601AB35
:1078A0000B4ACDE9036901948DF8147012F057F872
:1078B0009DF8153002992BB10846FAF721FC9DF886
:1078C0001530D2E7204612F03CF8D3E71120D2E77A
:1078D000417901007FB5CB6804461D888DB15E8873
:1078E00076B1B5420DD810220021684615F0B8FBDC
:1078F00005212046FFF786FD019058B9112007E0C9
:10790000354601232A460421204612F057F800206C
:1079100004B070BD6B4631462846084A009412F008
:107920001EF8DDE9011323B90846FAF7E9FB0A233B
:10793000E8E7204612F005F8E9E700BFA597020046
:107940002DE9F04342F60103002591B0D2F8008002
:1079500006460F4600680BA9D8F8049014468DF827
:107960002C50ADF82E3011F011FA00286DD04FF4E4
:10797000205330680BA98DF82C50ADF82E3011F043
:1079800005FA38B1A3681BB15A88BA4200D25F80A9
:10799000012010E06168084611F0B1FEB8F82A2015
:1079A000B8F81A309A4294BFC0EB0200C0EB030053
:1079B000032803D8002011B0BDE8F0830846FAF789
:1079C00021FC05466168084611F099FE6B8A2A8AF7
:1079D000A3EB020C6B69EA68D21AACEB0203B8F8AD
:1079E0002AC0B8F81A20944594BFC0EB0C00C0EB35
:1079F0000200834228BF03466BB9887AFAF79CF9E4
:107A00000022002311F037F905460028D2D00146A4
:107A10006068FAF73DFC002300933146D6F80480F5
:107A20001023484602AAC047061E0EDB227CE068EF
:107A3000964227D001460BA811F0D5F940B9237C16
:107A4000134A0221134810F061FE0023A3609FE750
:107A5000F2B202A906A811F0C6F910B90E4A3346CF
:107A6000EFE706A90BA811F091F90028EDD100234A
:107A70000421637405F10C00FAF750FCA060078044
:107A8000A36884E7324602A915F0F9FAEDE700BFD2
:107A90003F2403006CDD02005E2403002DE9FF415A
:107AA0004FF000084FF4205305460E46006802A927
:107AB000144617688DF80880ADF80A3011F066F9A1
:107AC000A0B142F60103286803A98DF80C80ADF837
:107AD0000E3011F05BF948B123691BB15A88B242EC
:107AE00000D25E80012004B0BDE8F08161682868A2
:107AF00011F04CF910B100232361F3E7E368A068AB
:107B00001A786AB1B7F81AC0798D038A8C4594BF88
:107B1000C3EB0C03C3EB0103934201DA0020E2E75D
:107B200004210C30FAF7FAFB20610680236929460C
:107B30005E80074B0194009338460023A26811F041
:107B4000DDFF0028EADB2069003818BF0120CAE702
:107B5000C59802002DE9F347176805468946006875
:107B600051681446D7F804A011F010F98046002897
:107B70004BD195222946504612F0DBFB0646207574
:107B800040B1E3681B780BB184F81480002002B088
:107B9000BDE8F0872946504612F077FC10B908235B
:107BA0002375F3E7A0682675FAF72CFB02210C3049
:107BB000FAF7B4FB164B2061A0F8009000930194F3
:107BC000334629463846A26811F098FF002807DAA4
:107BD00010F1FF0F32BF0E204042C0B22075D5E732
:107BE0002369002BD2D0A06811F089FD7B8D7A8BA0
:107BF0009A4294BFC0EB0200C0EB0300E3681B781D
:107C0000984294BF00200120C1E70120BFE700BFD8
:107C10000F9702002DE9F04182B000AF044688467C
:107C20000022002339463A4808F072FA0546B0B1FE
:107C30006D4688B06A46374BCDE90534032342F8D8
:107C4000103F00234FF4C2513348F8F771F9AD46A5
:107C50006FF00B0630460837BD46BDE8F081FFF7F0
:107C6000D5F92E4B282218602946386815F0F8F906
:107C70003B6800221C603C680023C4E90155C4E94C
:107C800008552748391D7D6008F042FA064688B13C
:107C900023686C4688B06A462249CDE90513032360
:107CA00042F8103F4FF4C4512B461B48F8F740F9F7
:107CB000A546CDE70146A822786815F0D1F9786885
:107CC000194B8360583013F0DFFC7B685033D3E8E6
:107CD000EF2FC3E8E16F0029F9D17B681C60236AAC
:107CE0007D681BB904F10C0013F0CEFC226A05F18B
:107CF000A003C5F8A020626A236202B9636217225A
:107D00007B685A855A830433C8F80030A2E700BF65
:107D1000500B00207D2403006CDD02006032002047
:107D2000700B0020A22403009809002008B5437BB3
:107D3000072B06D002210C4A0C4811F0F8FC002059
:107D400008BD042111F0C7FC10B9094A0121F3E76D
:107D500000F14C03D3E8AF3FDB0701D4054AF5E758
:107D600050F8040CECE700BFC72403006CDD0200F0
:107D7000D52403001A2303002DE9F04F85B000AF8E
:107D8000B860EFF31188402383F31288BFF36F8F3D
:107D90006D480BF0BFF968B984236C4A6C496D4893
:107DA0000FF061FE68496C480FF05DFE8421674862
:107DB0000FF050FE694D64480BF0D0F9284611F0E1
:107DC00094FC044660482E680BF0B2F968B94FF491
:107DD00099735E4A62495F480FF045FE5A4961480F
:107DE0000FF041FE4FF49971E1E788F31188BFF37A
:107DF0006F8F002C5CD02046FFF72CF9036900211F
:107E0000D0E902581822FB60D0F800A090F8049046
:107E1000B0F806B015F024F9A07AF9F78DFF616982
:107E2000034659B1627AD00706D45A6A20461268CE
:107E30007B60926890477B68002262612146184609
:107E400013F036FCB9F1000F0DD065B12B6853B1BA
:107E50001B6843B1BAF1000F2ED001215346424AAC
:107E6000424810F053FC1EB30020B96813F08BFC9D
:107E700000281DDA6C468AB06A463D4B05933D4B9F
:107E8000CDE906304FF40073ADF820303A4B42F89C
:107E9000103F00234FF411513448F8F749F80023FC
:107EA000A54683F31188BFF36F8F0323184602DFC3
:107EB0001437BD46BDE8F08F281D11F01AFF484663
:107EC000FEF7EAFF012101FA00F010F01404CAD114
:107ED00010F0090F05F1500315D110F0220F23D037
:107EE000D3E8AF3FDA0704D4244A204811F01FFC3E
:107EF000B9E76B6D002BB6D00023214A05F1700065
:107F000009F0BAFCAFE72A681568D3E8AF3FDB0792
:107F1000EAD5B8F1000FA6D0A3B29B45A3D9284655
:107F2000F968C0470134F7E740F21633154A16499D
:107F300008480FF098FD062114480FF094FD40F218
:107F40001631104834E700BF1432002072F50200E9
:107F5000AEF5020034F20200C3F502000C3200203C
:107F6000D9F50200F0F50200F02403006CDD0200F8
:107F700028250300C0540300040000011A23030055
:107F80001C4E0E00B0220300954303000F25030092
:107F9000F8B50F461646FFF7C9FEB0B1046A204691
:107FA0001CB150F8A04904B1A03C731C194638B16B
:107FB000428B458DAA4228BF2A469A4207D264B90D
:107FC00002210A4A0A4810F0A1FB0020F8BD3246FF
:107FD0003946BDE8F840FFF7FDB8D4F8A05005B128
:107FE000A03D20460B462C46E2E700BF4325030098
:107FF0006CDD0200002337B5054601930C46FFF700
:1080000005F80E4B1B68834204D00D4BD3F8883023
:10801000834201D100252C4601A92A46234609485E
:1080200008F076F8014630B91C22019815F018F8CE
:10803000019803B030BD0020FBE700BF6032002094
:10804000082F0020900B002010B50446806818B15E
:10805000FAF756F80023A3602146BDE81040014816
:1080600008F0E2B8900B00202DE9F7430446703089
:108070000F4690461E4609F005FC606D50B902217E
:10808000144A154811F053FB204603B0BDE8F043F5
:1080900000F086B8114B98424FF0000317D04568A6
:1080A0004360606DD0F81890FFF7CEFF0023206882
:1080B000636511F04FFE3DB12068CDF80090434656
:1080C0003A4631460068A84703B0BDE8F0831D4634
:1080D000ECE700BF5E2503006CDD02006432002087
:1080E000F7B550F8044C0546002C55D000F19C0122
:1080F00004F1200011F03EFC2E1F05F15407002270
:108100000023384608F0E8FB024658BB2B6D2BB124
:1081100001466FF067033046FFF7A6FF002345F8DE
:10812000043C05F14C03D3E8EF1F21F00101C3E843
:10813000E21F002AF7D1236A73BB04F10C06002268
:108140000023304608F0C8FB78B9666886B9214636
:108150001248266008F068F8286803B0BDE8F040CF
:1081600001F01EBEF9F7CCFFC9E7F9F7C9FFE6E752
:10817000A26833689642636008BFA36077683FB126
:10818000B3696FF067010093002320681A46B8476F
:108190003046FFF759FFD8E703B0F0BD500B002081
:1081A00010B504460430FFF79BFF13216068FDF70C
:1081B00017FE034630B1BDE810400121024A0348D2
:1081C00010F0A4BA10BD00BF752503006CDD0200DD
:1081D000F0B589B0044654F8703D00AF38461968D0
:1081E000FEF72EFA6E4688B06A460B4BCDE905378E
:1081F0004FF40073ADF81C30084B42F8103F0023D9
:108200004FF4E2510648F7F793FE2046B546FFF7D4
:10821000C7FF2437BD46F0BD9325030003000001CE
:108220006CDD020070B550F8043C0446061F002BBC
:108230003BD039B1036D002B37D01B7CDA0734D526
:1082400005231CE00568284601F092FD6B7A012B9E
:108250002BD0246D4CB3237CDB0726D5E368002BA1
:10826000EED030466269617CFEF7B4FF054668B91E
:10827000637C01210D4A0E4810F048FA0E230022BB
:108280003046BDE870401146FFF7EEBEE368D4E922
:108290000512984718B12846F9F732FFEEE729464C
:1082A0003046FEF7FDFE0028F5D170BDBF25030066
:1082B0006CDD020070B50D4658B9224940F6D67300
:1082C000214A22480FF0CFFB40F6D6711E480FF02E
:1082D000C1FB49B91E4940F6D7731B4A1B480FF032
:1082E000C2FB40F6D771F1E7FFF720FD044628B93D
:1082F0002846F9F705FF6FF07F0070BD00F10C060E
:108300002946304613F0C9F9246AC4B154F8A0597B
:1083100005B1A03D0022104607E022467DB1D5F808
:10832000A03003B1A03B2C461D46831C01D1002A7E
:10833000F4D13146204611F088FB0028EDD1002011
:10834000DBE700BFBD1D0300B022030034F20200D2
:10835000980D030038B50C46054658B9184940F643
:10836000EB73184A18480FF07EFB40F6EB71154886
:108370000FF070FB49B9154940F6EC73114A1248E9
:108380000FF071FB40F6EC71F1E70AF0FFF82846B8
:10839000FFF7CCFC20B90AF06BF96FF07F0038BD15
:1083A0000023236083683BB9C0E9014411F0D2FC8B
:1083B0000AF05EF90020F2E71C608460F6E700BF77
:1083C000BD1D0300B022030034F20200DF250300CC
:1083D00008B513F0F4FC38B101210346034A044800
:1083E00011F05EFD6FF0040008BD00BFEA25030038
:1083F0009CDD020010B51846144607491022A0471C
:10840000041E07DA01212346044A054811F048FDFD
:10841000204610BD0024FBE7882200200026030030
:108420009CDD020070B50D4C064623780D46834254
:1084300004D12846611C11F08BFD58B9237CB3424E
:108440000AD12846064911F083FD10B1012004EB42
:10845000001070BD0020FAE70020FAE798320020F3
:10846000A932002070B50D4C064623780D46834294
:1084700004D12846611C11F06BFD58B9237BB3422F
:108480000AD12846064911F063FD0028054808BFB7
:10849000002070BD2046FCE70020FAE730220020D3
:1084A0003D2200203C22002070B50E4C054623786A
:1084B0000E46834203D1601C11F04AFD68B9237B4C
:1084C000AB420CD13146084811F042FD20B10120E9
:1084D000404200F00C00204470BD0020F8E700206E
:1084E000FAE700BF223900202F39002070B5204B59
:1084F000144682689A420FD1A568C66875B9227978
:108500003046216811F02CFD024628B1194901308E
:1085100011F04BFD15701581012070BDE068002839
:10852000FBD02B888B420AD0F6D2E068A3680138D2
:108530000433E060003818BF0120A360EDE7256830
:1085400022792946304611F00BFD024660B93046CB
:10855000084911F005FD02460028E6D02946013001
:1085600011F023FD23791370A3685B881381DCE786
:10857000958A010018540300102110B50648FAF737
:1085800061F9034630B1BDE810400121034A0448B7
:1085900011F086BC10BD00BF782200202126030008
:1085A0009CDD020038B5054648B1154B1A4613F854
:1085B000011C5C1E10F059FF58B1204606E011491D
:1085C0000F4811F0C5FC78B10D4B581E38BD002086
:1085D000FCE72846217C04F1110210F046FF002838
:1085E000F5D004F11000F1E7054B064903F1100046
:1085F00011F0AEFC0028EAD0014B03F10F00E5E7D3
:10860000993200201854030010B54A1C0C4628B1BA
:10861000097810F02AFF30B1204610BD10460349FA
:1086200011F096FCF7E70020F7E700BF18540300AD
:108630002DE9F04707468946904610F0D4FC002803
:108640003ED049463846FFF70DFF0546C0B91D48E4
:1086500011F0B2FC1C4E044608B306F1140011F0F0
:10866000ABFCF0B9012406F10C05604200F00C00EF
:1086700001304946304411F098FC0C235C433755D7
:10868000012105F1080001FA08F111F078FCBDE8BC
:10869000F04747F6122200230C4809F0EDB83546A2
:1086A000E3E70B4940F22A530A4A0B480FF0DBF983
:1086B0000A480FF0D8F940F22A5106480FF0CAF9DB
:1086C000BDE8F08738220020302200204822002018
:1086D000862603004726030034F202009826030092
:1086E0000246014610B5042311F8010B0832FAF7CF
:1086F00077F8034630B1BDE810400121024A034833
:1087000011F0CEBB10BD00BFB72603009CDD0200F8
:108710002DE9F04180460F4616461D46FFF7C4FE80
:10872000044680B91749FFF7BFFE044630B9BDE8DB
:10873000F0410121144A154811F041BC394600F8B6
:10874000018B11F032FC238973B9628972B92681D9
:108750006581214611F8010B10F045FC80B12046DF
:10876000BDE8F041FFF7BCBF9E4204D36289AA4234
:1087700006D29E42ECD263892681AB42E9D2E7E77A
:10878000BDE8F08118540300D32603009CDD0200ED
:1087900008B50121024A034811F011FC002008BD70
:1087A000F22603009CDD020038B514460E4B8268A9
:1087B0000D469A4215D122792168C06811F0D0FB8C
:1087C00078B1D4F8C8302F2B03D9FFF7E1FF002090
:1087D00038BD04EB83021581018901335181C4F84E
:1087E000C8300120F4E700BF958A010008B50121D7
:1087F000034A044811F0E3FB6FF0150008BD00BF09
:10880000462703009CDD020038B51546084B8268F8
:108810009A420AD1C46829680134204611F098FBB5
:1088200018B12046696811F0C0FB012038BD00BFB7
:10883000958A010008B513468168074A914209D11B
:108840001A791968C06811F08BFB18B10023036016
:1088500043600381012008BD958A010040F239126E
:108860000023014809F008B80823002008B50421B6
:10887000084811F084FB6FF00201064811F08AFBF2
:10888000044811F099FBC30701D5FFF7E7FF00206B
:1088900008BD00BF38230020024608B50749013053
:1088A00011F083FB00230C3202F8043CD2E8EF1FE6
:1088B000C2E8E03F0028F9D108BD00BF185403000A
:1088C00010B5FFF7F1FD044678B1014611F8010B30
:1088D000F9F794FF034620B10121044A044811F03E
:1088E000DFFA002323606360A36010BD52270300FA
:1088F0009CDD02002DE9F04385B00E469046994676
:10890000044600AF58B90121344A354811F057FBED
:108910006FF0150528461437BD46BDE8F08307F112
:10892000080110F00DFA0546A0B16D4688B06A4600
:108930002C4BCDE905344FF40073ADF81C302A4BB5
:1089400042F8103F00234FF4E2512548F7F7F0FAC0
:10895000AD46DDE72046391D0FF0E8FF786858B1D5
:108960000A2229460EF08AFC034628B101211F4A3B
:108970001B4811F095FACBE7002007F10801FFF73B
:1089800093FD044620BB002EC4D01949FFF78CFD8F
:10899000044638B90121174A114811F010FB6FF055
:1089A0000B05B7E7002307F1080100F8013B11F0C0
:1089B000FCFA04F1080104224846C047041EA9DA63
:1089C000012123460C4A064811F06AFA2546A1E720
:1089D000002EEED10660466086609BE770070300BC
:1089E0009CDD02006F270300030000018B270300BA
:1089F00018540300A6270300002603002DE9F041C8
:108A0000214B1546826807469A4202D1C4686389A1
:108A1000E3B90120BDE8F08105F170084146287AEC
:108A200010F0E1FA68B9194B9C4202D1284611F0C6
:108A300044FB3046164911F0B8FA00232370238115
:108A400019E04146304611F0B0FA14E0238993B1A1
:108A5000264616F8011B2846324610F006FD00286F
:108A6000DAD131462078FDF773FD20B1457BFCF764
:108A700087FF072DCDD00021E3686181002BC8D08E
:108A800038469847C5E700BF958A0100F8090020DD
:108A9000185403002DE9F0471F46BDF82030064664
:108AA0008846D1F80C90002B4ED17B1E012B4ED85E
:108AB000012F49460CBF15781588FFF7A5FD044620
:108AC000B8B915B93846BDE8F0874946FFF79CFDAF
:108AD000044638B91F4802211F4A11F070FA6FF09E
:108AE0001000F0E706F17001013011F05EFA337A00
:108AF0002370D9F81030DBB9B4F808A02581B9F893
:108B00000A30AB4203D04946404611F05AFAAA4512
:108B100005D00022307A06F17001FFF789FD002DA3
:108B2000D0D10E49601C11F040FA25702581C9E7AB
:108B30002A464146304698470028C4DB01380128C0
:108B4000DAD96FF00D00BEE76FF00600BBE76FF0FB
:108B50000C00B8E79CDD0200C8270300185403008E
:108B600008B50121114811F00AFA10F0010F104B5D
:108B70000AD1104A9A610D4811F01EFA830713D4E6
:108B8000BDE80840FFF76ABE1A8B588B012A4FF6E2
:108B9000FF7205D8904207D04FF6FF725A83EAE77A
:108BA00090421983E7D0F7E708BD00BF38230020C3
:108BB000E82200200100FFFF2DE9F0419846BDF8B2
:108BC00018300646012B174636D84344012B45463C
:108BD00035DCFFF7E7FC044668B9FFF7E3FC044621
:108BE00048B90221194A1A4811F0E9F96FF0100545
:108BF0002846BDE8F081B8F1000F11D00023217A9A
:108C000021FA03F2D00703D53A78DA40D20719D512
:108C10000133032BF4D13B7803F00703194321728E
:108C200006F17001601C11F0C0F9337A0121204671
:108C3000237011F078FADBE76FF00605D8E76FF0E4
:108C40000C05D5E76FF01205D2E700BFE22703005D
:108C50009CDD020010B56FF0020104460E4811F0D1
:108C600099F90D4811F0A8F9C20704D50022002394
:108C70000A4808F001FE204611F0C4F858B1204619
:108C8000FFF790FC38B1037ADB0704D5BDE810404C
:108C9000012111F048BA10BD38230020082300201C
:108CA0002DE9F04385B0894616469846044600AF44
:108CB00058B90121414A424811F081F96FF0150578
:108CC00028461437BD46BDE8F08307F1080110F0CF
:108CD00037F80546A0B16D4688B06A46394BCDE9F4
:108CE00005344FF40073ADF81C30374B42F8103F99
:108CF00000234FF4E2513248F7F71AF9AD46DDE7A9
:108D00002046391D0FF012FE786858B10A22294614
:108D10000EF0B4FA034628B101212C4A284811F07C
:108D2000BFF8CBE7002007F10801FFF77BFB044603
:108D300090B9FFF737FC044638B90121244A20488E
:108D400011F03DF96FF00B05BAE7002307F10801B8
:108D500000F8013B11F029F9B9F1000F2AD00222E5
:108D600039464046B047061E07DA01213346194A04
:108D7000134811F095F83546A2E73B78022E23728E
:108D800009D00221144A0E4811F019F90021204699
:108D900011F0C9F994E77B78012B05D90F4A3146C8
:108DA000074811F07DF8F1E7204603F0010111F0CA
:108DB000AAF985E72046FFF76FFD81E770070300FA
:108DC0009CDD02006F270300030000018B270300D6
:108DD0000E28030000260300302803008428030027
:108DE00037B504460D46FFF71DFB0246D0B1037AA6
:108DF0000C308DF8043011F0DFF810F0010318BFCB
:108E000001238DF80530022301AA29462046F9F7EF
:108E1000FDFC034620B10121034A044811F040F84B
:108E200003B030BD0346F0E7D52803009CDD020007
:108E3000104908B5104811F08BF8014640B90E4BA7
:108E4000581E11F060F90C4911F8010CFFF7C8FF2A
:108E500008490A4811F07CF8014650B9084811F059
:108E600052F9084B187C03F11101BDE80840FFF7E7
:108E7000B7BF08BD1854030099320020A932002062
:108E8000A832002098320020012110B5234811F0AB
:108E900076F8C30740D40221204811F070F808404A
:108EA0001FD11F491F4A0B881F4CA24216D900B17F
:108EB0000B801E4940F26B531D4A1E480EF0D3FD35
:108EC0001D480EF0D0FD40F26B5119480EF0C2FD66
:108ED0005068083203449BB20120E6E7F8D300B1A2
:108EE0000B801649164808F08FFB40F23912002318
:108EF0001348F9F729FD1349134808F085FB0221AF
:108F0000124811F03CF81248124908F07DFBBDE808
:108F100010401148FDF7D2BC10BD00BFB832002090
:108F20003A3900204CDD020064DD0200052903000F
:108F30004726030034F2020000FA020059A20200A0
:108F400098220020A1980100082300203823002047
:108F500048220020E9A20200D009002003462DE9A2
:108F6000F04198B3008A88BB01244FF0140C1949D2
:108F7000DFF864E0714528D9184940F2E763184AE0
:108F800018480EF070FD18480EF06DFD40F2E761D4
:108F900013480EF05FFDD1E90076BB4204D30CFB11
:108FA0000672143A93420ED93444A2B214460831E0
:108FB000E0E70CFB057843450AD001356219B5425C
:108FC00092B2F6D1F2E70025F8E7E4D3BDE8F081EC
:108FD0001046FBE74CDD020064DD0200FE280300C2
:108FE0004726030034F2020000FA02002DE9F74F91
:108FF00099464FF6FF73BDF830500746002D08BF65
:109000001D462B4B90461B880091834232D203B001
:10901000BDE8F08F4046895801930FF0B7FE019BE1
:1090200090B101340AF1010AA4B2736853452CD9F6
:10903000009B9C42EBD8BC42F3D30BFB0AF2316895
:109040008B18B8F1000FE5D1B9F1000F0BD1013D3C
:109050001846ADB221460E9A0D9B9847002DD6D0EA
:109060000028DED1D3E7DA689145DAD1EFE74FF097
:10907000000ADAE701244FF0140B0E4E06E0C6D2C8
:1090800073682344BB42F2D29CB208360A4B9E421C
:10909000F5D90A4940F2AF73094A0A480EF0E3FCD9
:1090A00009480EF0E0FC40F2AF7105480EF0D2FC2A
:1090B0003A3900204CDD020064DD0200FE28030086
:1090C0004726030034F2020000FA020030B5F1B086
:1090D00010220021684613F0C3FF1822002105A8C2
:1090E00013F0BEFF4FF41053ADF810308023102260
:1090F000ADF812304FF48063244C6946CDE9063454
:109100000DEB02006EAB0BF0E5F90BAD034630B191
:109110001F4A01211F4810F0C3FE71B030BD014647
:109120004FF4C672284613F09BFF22462846D5F816
:109130008C1112F041FE034608B1174AE9E72B46AD
:109140004FF6FF710120154A11F07BF810222846D6
:10915000134904AB12F045FE0446D5F88C010BF020
:1091600073F914B10F4A2346D3E721460C4B03F1A0
:109170001002187812F8014D0131082903F8014B4B
:109180001070F6D1084810F0FAFEC6E70002C003DE
:109190002D2903009CDD020056290300A59E020034
:1091A0007822002074290300382300202DE9F041A3
:1091B00018490446A1F1300015461E46BDF8187046
:1091C00008F0BCFB144810F0F7FE010705D4FFF7C8
:1091D0007DFFFFF72DFEFFF7CFF92046FFF7E2F9FD
:1091E00068B1037ADA070AD500F10C04204610F0C2
:1091F000E3FEC30703D40221204610F0C0FE102373
:109200003A46069331462846BDE8F041034B10F03C
:10921000F0BE00BFC82200203823002078220020A2
:1092200010B51A4810F0C8FEC0F3C00080F0010469
:1092300008B9FFF74BFF154810F0BEFE0346134870
:1092400010F0BAFEDA061FD5830606D5E4B1FFF7A3
:10925000EFFDBDE81040FFF78FB920210B4810F05B
:109260008EFE10220A49881813F009FF48B90948F0
:1092700008F008FBBDE810406FF00101034810F052
:1092800089BEFFF76DFCE2E710BD00BF3823002068
:10929000782200200823002008B51021034810F090
:1092A0006EFEFFF7BDFF002008BD00BF3823002081
:1092B0002DE9F04FB9B000AF0C46904638493A4618
:1092C000D7F8080199460FF00DFB40B9FFF78EFA69
:1092D0006FF015052846E437BD46BDE8F08F3E68BF
:1092E000391D30460FF022FB3EB901212D4A2E4890
:1092F00010F065FE6FF015043FE0786800BB4FF09A
:10930000000B07F1080A5146304687F814B00FF0F9
:1093100017FD054608B36C4688B06A46234BCDE975
:1093200005364FF40073ADF81C30214B42F8103F66
:109330004FF4E2515B461C48F6F7FAFDA546D9E723
:109340000A2200210DF09AFF03460028D7D0012100
:10935000184A154810F0A4FDCCE7C7F810A0E4B1F6
:10936000C022484607F12001C047041E07DA012148
:109370002346114A0C4810F093FD2546AAE7A4089D
:1093800007F12003C7E906344FF6FF7101200B4AAD
:1093900007F1100310F055FF9CE72346F2E700BFEA
:1093A0008A290300700703009CDD02006F27030079
:1093B000030000018B27030000260300ED84010059
:1093C000002330B5B5B001918DF808003393044601
:1093D00001AB0D4601204FF6FF710B4A10F031FF33
:1093E000339B73B19B0003AA29462046F9F71CFA68
:1093F000034620B10121054A054810F051FD35B062
:1094000030BD1A46F0E700BFA9870100912903008B
:109410009CDD02002DE9F34100F17008CDE9001256
:1094200004460F46007A414616460FF0DCFD05461D
:109430006B464FF6FF7101200C4A10F002FF1DB180
:109440004146207AFFF7BCFF3946207AFEF7EAFF53
:1094500040B13146013010F0A8FD1DB14146207ADF
:10946000FFF7BEFC02B0BDE8F08100BF0988010033
:10947000002307B50193FFF771FD411C89B208462F
:10948000034A01AB10F0DDFE019803B05DF804FB68
:10949000619E02002DE9F04387B00C4615468046D8
:1094A00002AF70B9744940F63A53744A74480EF0EA
:1094B000DAFA74480EF0D7FA40F63A516F480EF0D7
:1094C000C9FA61B9704940F63B536C4A6C480EF0DA
:1094D000CAFA6C480EF0C7FA40F63B51EEE7437B00
:1094E000072B40F0C38000233B7342F60303206840
:1094F00007F10C01FB810FF049FC0646002843D11F
:10950000D4F80490B9F1000F05D101215F4A6048F9
:1095100010F055FDAAE001232146009007F1080252
:10952000C847031E11DA6D4688B002AAD36104232E
:109530005849C2E9051442F8103F4FF4015133462F
:109540005348F6F7F5FCAD4690E0012B05D001211C
:10955000514A4F4810F0A4FC88E03B7A13F0300FDA
:1095600000F084802046FFF783FF044660B9464937
:1095700040F65953414A42480EF075FA47480EF0FA
:1095800072FA40F6595199E7002320683B7342F67E
:10959000021307F10C01FB810FF0F8FB88B12046A4
:1095A000FFF766FF044660B9374940F65F53334A18
:1095B00033480EF058FA39480EF055FA40F65F512C
:1095C0007CE7002642F60219206839463E70A7F86B
:1095D00002900FF0DBFB18BB002320683B7342F6C0
:1095E000021307F10C01FB810FF0D0FB06460028A7
:1095F0003CD1D4F80490B9F1000F86D0022300903A
:109600002146404607F10C02C847031E8BDB022BA4
:109610009DD1BB8905EA0300003818BF012026E070
:1096200042F603032068391D3E71FB800FF0AEFB4C
:109630000028D1D04FF42053206807F108013E7272
:109640007B810FF0A3FB0028C6D042F601032068FF
:1096500007F10C013E73FB810FF098FB0028BBD093
:109660002046FFF705FF04460028ADD1002014373F
:10967000BD46BDE8F08300BFBD1D030047260300C3
:1096800034F20200AF290300C4290300C9290300F2
:109690009CDD0200DD290300032A03001C2A0300CD
:1096A0002DE9F8431546894694226968064610F06C
:1096B00040FE8046002841D1022230466968FFF70B
:1096C000E9FE00283DD000211F48AF8AFEF792FC3A
:1096D0000237044680B11D211C4B47613A46417454
:1096E000C0F80C80436085613046FEF751FC0746A8
:1096F00038B92046FEF7A8FC6FF00B052846BDE8F8
:10970000F88301234246414610F09EFBA98A07F1E7
:109710000C000231F8F702FE20F8029BAA8A2969A0
:1097200013F078FC21463046A760FEF713FE05468D
:109730000028E3D02046FEF787FCDFE74FF0FF3537
:10974000DCE76FF01505D9E71C4E0E00679E02009E
:1097500030B505460C468BB071B9494940F6D73350
:10976000484A49480EF07FF948480EF07CF940F627
:10977000D73144480EF06EF94B6873B90B6863B982
:10978000434940F6D8333F4A3F480EF06CF93F4812
:109790000EF069F940F6D831EBE73E4810F00CFCCA
:1097A000420767D515B16B7B072B66D160680590C2
:1097B000FFF7D4FB2268ADF81800002A30D005A9C5
:1097C0000291354900230191012100914FF6FF716B
:1097D0000593FFF70BFC059B1BB96FF001000BB065
:1097E00030BD6360059B04A9186800238DF8103014
:1097F00042F60303ADF812300FF0C8FA40B90598ED
:10980000C3689B799B0608D510F0D4FCADF818000E
:10981000059810F079FD606028B96FF01500DEE75B
:109820000028DFD1D9E7BDF818003DB1012301467A
:1098300022462846A375FFF733FFD0E76FF07F037A
:1098400007930223ADF8203042F60213ADF8123030
:1098500005ABA5750293114B4FF6FF7101930123E0
:1098600004AA00932B4609948DF81050FFF7BEFB15
:109870000798B4E76FF00A00B1E76FF07F00AEE73A
:10988000322A03004726030034F20200392A03007B
:109890004F2A030074060020959E0200959B01004C
:1098A000F7B500F130050446A0F12007284610F076
:1098B00083FB8307C0F340060ED5194940F2BA4333
:1098C000184A19480EF0CFF818480EF0CCF840F2BC
:1098D000BA4114480EF0BEF854F8083C6FF001018C
:1098E0002846019310F056FB114B394644F81C3CB6
:1098F000104B304644F8183C01AB44F8103C0423AC
:1099000024F8086C24F8066C24F80C3CFFF720FFC0
:1099100018B90221284610F032FB03B0F0BD00BF99
:109920006C2A03004726030034F202009D2A03003C
:109930005CE70200558C01002DE9F84316463A4BCE
:10994000826805469A4200AF24D1D0F80C80346872
:10995000B8F80830F3B14246204612F8011B0FF068
:1099600084FDB8B14FF495722946204610F0E1FC11
:1099700028B3032812D16C4688B06A462B4BCDE938
:10998000053542F8100F00234FF4C4512848F6F76C
:10999000CFFAA5460120BD46BDE8F883052820463C
:1099A0000CBF4FF003094FF002090FF058FD81453D
:1099B00005D933794B45EDD286F80490EAE7414664
:1099C000284610F0FEFA1B4B9845E3D1207A04F1AB
:1099D0007001FEF769FD05460028DBD0038913B945
:1099E0004389002BD6D02046FCF772F92A89124B06
:1099F000124923F820206A8903EB80035A80182239
:109A000002FB00110B6104230D4A20464A600D4AF7
:109A10008B828A60FFF79CFE0028BBD001210A4A96
:109A2000034810F0CCFAB5E7958A0100B82A030084
:109A30009CDD0200F80900201E3900208032002041
:109A40005CE7020043A10200CC2A030030B50546C2
:109A50000C468BB071B9474940F6E623464A474861
:109A60000EF001F846480DF0FEFF40F6E6214248B0
:109A70000DF0F0FF4B6873B90B6863B9414940F6CC
:109A8000E7233D4A3D480DF0EEFF3D480DF0EBFF6A
:109A900040F6E721EBE73C4810F08EFA420763D529
:109AA00015B16B7B072B62D160680590FFF756FA02
:109AB0002268ADF81800002A30D005A90291334978
:109AC00000230191012100914FF6FF710593FFF7EB
:109AD0008DFA059B1BB96FF001000BB030BD6360C0
:109AE000059B04A9186800238DF8103042F6030383
:109AF000ADF812300FF04AF940B90598C3689B7968
:109B0000DB0608D510F056FBADF81800059810F0EC
:109B1000FBFB606028B96FF01500DEE70028DFD19D
:109B2000D9E7BDF818002DB101462246284610F0AD
:109B30003BFCD2E76FF07F0342F60212079301234A
:109B4000ADF8122005AA0292114AADF82030CDE9F5
:109B500000324FF6FF712B4604AA09948DF810507D
:109B6000FFF744FA0798B8E76FF00A00B5E76FF01F
:109B70007F00B2E7322A03004726030034F20200D6
:109B8000392A03004F2A030074060020959E020024
:109B9000959B01002DE9F0413D4B15468268074633
:109BA0009A4203D001273846BDE8F081D0F80C80F6
:109BB000384B984512D0B8F80820AB899A42F1D1B9
:109BC000414611F8010BFCF7C3FC06460028E9D01A
:109BD000437B072B24D0FBF7D3FEE3E700262E4C74
:109BE00020462E4910F0B4F978B90722214614F81E
:109BF000010CFCF703FD80B92B6921461A6914F8A2
:109C0000010C53881288FEF783FD731C022B4FF062
:109C1000010604F10C04E3D1CDE7FBF7B1FEF4E754
:109C2000D8F8143023B13946984708B93046D2E7FE
:109C300039469422304610F07CFB07460028F5D1C7
:109C4000AB89022B15D1B8F808309A071ED53046DB
:109C50002A69A988FFF724FD044618B92A69937D6B
:109C6000013393753046FBF78BFE002CAC609ADB1A
:109C700098E7012B0AD1B8F80830DB0706D5304643
:109C80002A69A98810F090FB0446EBE73C46E9E717
:109C9000958A0100F8090020233900201854030098
:109CA000012370B500F170058EB00446039029467B
:109CB000007A8DF810300FF096F990B1227A52B3F5
:109CC00002AE042130460DF0DCFF00962421134A39
:109CD0002B4605A8F8F7C6FC05AA10461049F6F76A
:109CE000F3FC4FF6FF7101200E4A03AB10F0A9FA06
:109CF00020460FF0B4FB9DF81010884209D2204690
:109D00000FF07CFB034620B10221074A074810F000
:109D1000C7F80EB070BD0092D8E700BF8D290300D0
:109D2000B192010039990100E92A03009CDD02008B
:109D30002DE9F0410D4B06461B680F46904623B1B6
:109D400053F8044904B1043C0BB9BDE8F0811B6829
:109D50001BB142463946304698472CB1656805B17B
:109D6000043D23462C46EFE72546FAE7BC320020A7
:109D700013B50446009001204FF6FF716B46074A69
:109D80008DF8040010F05DFA0021204610F043FB2E
:109D900008B9FEF7E5FE02B010BD00BF3999010019
:109DA00073B5044603464FF6FF710120184A04F1CB
:109DB000700610F046FA3146207A10F05FFA31460C
:109DC000207A0FF010F950B1237A4FF6FF718DF819
:109DD000043001206B460F4A009610F032FA2046FC
:109DE000FEF7E0FB054688B13146207A0FF0FBF81C
:109DF00028B9284602B0BDE87040FEF74DBD314697
:109E0000681C02B0BDE8704010F0CFB802B070BD61
:109E1000FD890100358801007FB54FF420520023F1
:109E2000ADF8162004AA02920A4A0120CDE90032B8
:109E30004FF6FF7105AA04938DF81430FFF7D6F89A
:109E4000049B012B14BF6FF01500002007B05DF8D4
:109E500004FB00BF93A40200014608B5054810F0BA
:109E600031FB044B0028A3F1040314BF1846002063
:109E700008BD00BF44230020084B00F5B4701A68E9
:109E8000074BD0E8EF1F994204D1C0E8EC2FBCF19A
:109E9000000FF6D1D0E8AF0F704700BFBC310020F3
:109EA0004023002008B5FFF7E7FFB8B1036843B1CE
:109EB000426832B1826812B90B4A12783AB904206A
:109EC0000BE0094A127812B10BB1826842B94268BC
:109ED00042B9002B14BF0020032008BD0320FCE77B
:109EE0000120FAE70220F8E7763A002008B50121C0
:109EF000024A034810F0E4FA002008BD312B0300A9
:109F0000ECDD02000221024A024810F0D9BA00BF7B
:109F10004C2B0300ECDD0200002370B51A4604460A
:109F2000EC300D46FCF79AFD58B1693004D101219F
:109F3000084A094810F0C4FA2846BDE87040F8F70E
:109F4000DFB804F59C700023BDE87040034A07F0B9
:109F500093BC00BF6D230300ECDD02001C4E0E001D
:109F600038B50446051D0821284610F002FB0849B3
:109F700004F15700FBF73EFA48B10821284610F0DB
:109F8000DCFA04480121044A10F09AFA082038BD8E
:109F900019A80200ECDD0200652B030038B5054668
:109FA000EC22002113F05CF8102105F1270004F0E9
:109FB000F9F9044648B90521284610F0DAFAFBF70A
:109FC0000BFA034B1860204638BD0824FBE700BF9E
:109FD000C432002070B5051D0E462846042110F03D
:109FE00071FA68B10022002100230846FCF7FEFC4C
:109FF000044638B90421284610F0BBFA204670BD4B
:10A00000034AF0E701210C30F8F788F90670F5E70C
:10A010001C4E0E0070B504460E4686B0FFF72CFFAE
:10A0200004F137021146F368054603F1100053F8B6
:10A03000046B834241F8046BF9D1237A052B00F2BB
:10A040009580DFE803F017232303936A02AB4B49A3
:10A050000093096804F1270304F1570001F0ACFDF7
:10A0600058BB0A21201D10F084FAAB680299D4F87D
:10A07000EC00984720460D2110F07BFA201D10219E
:10A0800010F077FA204610F084FA17E094F8DC100C
:10A09000D4F8D83002ADCB40384903F00103009525
:10A0A000096843F0800304F1570010F03DFC38B11B
:10A0B0000121334A334810F003FA082006B070BD7E
:10A0C0001022294604F1170012F0D9FF08B104202C
:10A0D000F4E70321204610F04CFA10F05AFA002859
:10A0E000EBD194F8DC300133DBB2142B84F8DC3094
:10A0F00009D10D21204610F03CFA1021201D10F04E
:10A1000038FA0020DAE7102104F1270004F04AF9B8
:10A11000003818BF0120C000D0E7102104F127004B
:10A1200004F040F90028C8D135B3EB6823B3164BCF
:10A13000E27A1B8812F0010FADF80830A37C08BF4B
:10A140000320DB0703D5002814BF012002200023D1
:10A150008DF80900C4E93833201D0C2110F009FAEC
:10A16000EB68D4F8EC0002A99847CAE70121074A36
:10A17000044810F0EDF9A0E702209FE7C432002068
:10A180007E2B0300ECDD020084E20200972B03002B
:10A190002DE9F047044690B00CAD1022002128466E
:10A1A00012F05EFF237A052B34D8DFE803F00603B4
:10A1B00003063323D4F8D8300C93D4F8EC3004F1F0
:10A1C000470204F1C707CDE9017204F1370803F132
:10A1D0007E0204F12709009241464A46773304F192
:10A1E000970001F081FCF0B1454A0121454810F08B
:10A1F00067F914E0D4F8E430002BDED02E4603F1EA
:10A200001007324618685968083303C2BB42164625
:10A21000F7D1D2E701213C4A3A4810F099F90820D9
:10A2200010B0BDE8F087D4F8EC3008AE03F1770247
:10A230007E33019304F111030292009342462B46B0
:10A2400049463846039610F094FB08B12F4ACCE7F4
:10A25000237A052B0ED1D4F8E01011B30B46AC468F
:10A2600001F1100E624618685968083303C273453D
:10A270009446F7D1D4F8EC300DF1100A03F17E02C8
:10A280007733019304F10A03029200934A462B4666
:10A2900041463846CDF80CA010F06BFB30B11C4A9B
:10A2A000A3E71022284612F0DBFEE3E71022514616
:10A2B00004F1B70012F0E3FEF8B90D212046FFF7D4
:10A2C00089FE07460028AAD010210C30F8F726F89E
:10A2D00032460346164603CEAE42186059603246F7
:10A2E00003F10803F6D139462046FFF715FE201D7D
:10A2F000012110F03EF9002092E70B2090E700BF0B
:10A30000B32B0300ECDD0200972B0300C82B0300E6
:10A31000EB2B030073B5047A0546022C23D844B115
:10A3200090F8DC30D0F8D840DC4004F0010444F070
:10A33000800403212846FFF74DFE0646D8B11021C0
:10A340000C30F7F7EBFF009012482346006805F148
:10A35000270205F1570110F0E7FA044680B13046B4
:10A36000F7F7CEFE07E0032C08D0012123460A4A66
:10A370000A4810F0EDF8082002B070BD0024D8E7BC
:10A3800031462846FFF7C8FD281D214610F0D5F8B4
:10A390002046F1E7C4320020972B0300ECDD0200D9
:10A3A00070B5061DCD6804460B21304610F0C5F887
:10A3B0002B4604F1170205F1100153F8040B8B42F0
:10A3C00042F8040BF9D1237A012B09D0022B13D1C7
:10A3D0002046042110F0CDF8BDE87040FFF79ABF89
:10A3E0000A21304610F06EF80028F1D030460021E6
:10A3F00010F0BFF8002070BD03480121034A10F09F
:10A40000A7F80820F7E700BFECDD0200972B030058
:10A41000F7B50446FFF730FD261D05460E213046F0
:10A4200010F050F878B94E4B2022196804F157000B
:10A4300012F025FE38B902214A4A4B4810F040F884
:10A44000082003B0F0BD0C212046FFF7C3FD0746EE
:10A450000028F5D040210C30F7F760FF404B024652
:10A460001B68014603F1200053F804CB834241F8F6
:10A4700004CBF9D1203203F1200153F8040B8B42B5
:10A4800042F8040BF9D139462046FFF745FD237AFF
:10A49000052B5DD8DFE803F003491A035C5904215A
:10A4A000204610F066F8FFF735FF0028C8D1304687
:10A4B000072110F05EF80820FFF7CEFC00284DD1F0
:10A4C000204603B0BDE8F040FFF74ABD2046D4F86F
:10A4D000EC70FFF7D1FC04214FF0FF3305460DEB84
:10A4E0000100019303F05EFF0028A9D1019B1F4AE0
:10A4F00084F8DC00B3FBF2F102FB11330193C4F8E2
:10A50000D83055B12B6843B10B21304610F031F8EB
:10A5100038462B68D4F8D81098470321204610F00D
:10A5200028F80E2110F025F8C1E72046032110F08D
:10A5300020F80E2110F01DF830460A2110F019F80D
:10A540006B68D4F8EC009847B1E704212046E9E7AE
:10A550000121074A04480FF0FBFF71E7002070E774
:10A56000C43200200F2C0300ECDD020040420F003B
:10A57000972B030070B505460E4605F15704FFF70B
:10A580007BFC2246F36803F1200153F8040B8B4255
:10A5900042F8040BF9D105F1770203F1200153F8D9
:10A5A000040B8B4242F8040BF9D12046FAF77CFEEB
:10A5B000F0B103211C4A1D480FF082FF281D0E2117
:10A5C0000FF0D7FFD5F8EC40D4F8A40038B9207AC2
:10A5D00004F1700100F084FFC4F8A40098B1438A2C
:10A5E00003F024037BB1437C9B070CD4032070BD94
:10A5F0002046FAF765FE30B90C4802210C4A0FF0EC
:10A600005FFF0B20F3E70B4B1C682CB9281D0621BC
:10A610000FF0AFFF2046EAE72846FFF7F9FE0038C3
:10A6200018BF0120C000E2E72A2C0300ECDD020085
:10A630004B2C0300C432002038B504460D49A0F16C
:10A64000EC054C3006F0E0FF284610F006F80A4A08
:10A6500004F17C03D3E8EF1FC3E8E02F0028F9D111
:10A660004FF0FF338034D4E8EF2FC4E8E13F0029F6
:10A67000F9D138BD99B201004023002080B500AF68
:10A6800088B06A46074BCDE90530032342F8103FF6
:10A6900000234FF4C2510448F5F74AFC6FF00B0059
:10A6A000BD4680BD672C0300ECDD020008B5074AFB
:10A6B000D2F8EC302BB90648EC32506018460A60EC
:10A6C00008BDFFF7DBFF6FF00B00F9E74023002028
:10A6D000D4E702002DE9F04188B006460B4600AFF2
:10A6E0000D2104300FF0EEFE90B3DD68D6F8EC30AB
:10A6F000022003F170084246197A00F0EDFF04468B
:10A70000E0B941463846F7F7EBFE6E4688B06A4638
:10A71000124BCDE905374FF40073ADF81C30104BE8
:10A7200042F8103F0F4823464FF4E251F5F700FC82
:10A730000820B5462037BD46BDE8F0812B462E34B3
:10A7400005F1100253F8041B934244F8041BF9D19D
:10A75000304609210FF00DFF0020EBE78C2C0300A1
:10A7600003000001ECDD020038B5134B05461B78F1
:10A77000E3B101F00F042846FFF794FB0F4B0328C9
:10A780001B780CBF04F00B0444F0040405F5B6700C
:10A79000D0E8EF2F013203D1C0E8E13F0029F7D123
:10A7A000D0E8AF3F2BB144F0010038BD01F0070401
:10A7B000E1E704F0FE00F8E7763A0020FD0A002009
:10A7C000F8B50D460446D0F8EC70FFF755FBED6880
:10A7D000EB78102B01D00620F8BDD7F8A430002B61
:10A7E00073D0261D0F2130460FF06CFE20B9204695
:10A7F000FFF7D4FB002871D1012363722B68204638
:10A80000C4F80A30AB88E38102232374A978FFF7E8
:10A81000ABFFE0742046FFF745FB102360742375FF
:10A820002B7903F0030363756B7903F00103A375C0
:10A83000E37C1A0754D4052130460FF043FE00286C
:10A840005CD0574B1B78A374E37C980606D5AB7895
:10A85000990603D5142130460FF08BFEE37CDA070E
:10A860004ED5AB78DB074BD50D2130460FF081FE7E
:10A87000A37D032184F8E830637D304684F8E93015
:10A880000FF077FE237BE17C2D7803EA01021007AD
:10A8900004D5E27AA07C0243D20735D4042D35D802
:10A8A0000B4313F0040307D02046FFF7FBFA3D4BA0
:10A8B00005EB85052B441B5C23722046D7F8A410BA
:10A8C0000FF006FE20BB032086E7387A07F17001FF
:10A8D00000F006FEC7F8A400002882D108207BE71C
:10A8E000AB781B07A7D5052130460FF042FE637DEC
:10A8F00003F0020363750023A3759CE72A4BA1E7CD
:10A9000000236375A375B3E70523D5E70023D3E7D9
:10A91000D4F8EC309B7A032B33D022D8013B012BA7
:10A92000DCD8052130460FF0CDFD0028CBD00C211E
:10A9300020460FF01EFE0221FFF74CFB05460028C3
:10A94000CCD006210C30F7F7E9FCD4F811302946B9
:10A950000360B4F8153083802046FFF7DDFA00204D
:10A960003AE7042BBAD1237D627B934228BF13467A
:10A97000102B7FF430AF052130460FF0A3FD0028E7
:10A98000A1D0237A002B9ED0052130460FF09AFDEE
:10A990000028C6D1237A013B012BC2D893E700BF20
:10A9A000783A0020FC540300773A00202DE9F0416A
:10A9B000C7780446012F04D06FF015042046BDE887
:10A9C000F0810FF0C7FD0546002800F0A980061DA4
:10A9D000042130460FF076FD002840F0A4800321CA
:10A9E00030460FF06FFD10B16FF00F04E6E7394607
:10A9F00030460FF067FD0028F6D12846FFF73CFAF5
:10AA0000D5F8EC3007469B7A032B40D030D8013B79
:10AA1000012B46D90F21201D0FF054FD0028CBD16A
:10AA2000D4F8A40090B904F170073A462020217AA6
:10AA300000F09AFDC4F8A40040B93A460420217AF7
:10AA400000F092FDC4F8A4000028B5D0438A13F0AA
:10AA5000240FB1D0A27A022A23D9417CC907ABD5F1
:10AA6000032A1ED09B06A7D5037C102BA4D118E087
:10AA7000042BCFD12846FFF715FA032804D1002F65
:10AA8000C8D0FB68002BC5D0284B1B7807E02846B0
:10AA9000FFF708FA032804D1002FBBD0FB68002B76
:10AAA000B8D0D4F8A4303BB12846FFF777FA044673
:10AAB00070B16FF0680481E7207A04F1700100F052
:10AAC0000FFDC4F8A4000028EED16FF00B0475E769
:10AAD0000B212846FFF77EFA07460028E9D001211E
:10AAE0000C30F7F71BFC092180462846FFF73CFE97
:10AAF0002346224688F80000394605F1EC00FBF7B2
:10AB0000ADFF044618B13846F7F7FAFA56E7304673
:10AB10000F210FF02EFD012128460FF02AFD4DE7F1
:10AB20006FF07F044AE76FF0040447E7763A0020AD
:10AB3000F8B5D0F8EC400546D4F8A430061D002B3B
:10AB40003DD102213E4A3F480FF0BAFC07213E4B5F
:10AB50005F5CD4F8A4304BB11B7C002B66D1D4F8D9
:10AB6000A40000F0DDFD0023C4F8A430022130462B
:10AB70000FF0A8FC48B9072F94BF344B1F213A4669
:10AB8000204698BFD95DFBF777FC032130460FF0D4
:10AB900099FC40B32E4B1B682BB353F80C6906B1DC
:10ABA0000C3E03B35B6813B1394620469847002E2C
:10ABB00043D0F26802B10C3A33461646F1E779BB4E
:10ABC0000D2130460FF07EFC074620B1D4F8A400DA
:10ABD00008B100F033FF1E4B1B6823B153F80C691A
:10ABE00006B10C3E73B928460FF037FD637B072B87
:10ABF00025D1627AA37A9A4221D02046BDE8F84056
:10AC0000FFF7D4BE1B6813B13946204698472EB1D2
:10AC1000F26802B10C3A33461646E3E73246FAE7E9
:10AC20000139C9B20E2992D9092792E7022130468B
:10AC30000FF048FC002892D198E73246BCE7F8BDF7
:10AC40003E2D0300ECDD0200ED540300DC54030054
:10AC5000B4310020F8B5031D06460F461846022100
:10AC60000FF030FC044620B1B6F8E840B4FA84F4A2
:10AC70006409032118460FF025FC80B1394630469F
:10AC8000FFF756FFC4B1022119481A4A0FF018FC09
:10AC90000521D6F8EC00FBF7A3F80020F8BD012150
:10ACA00018460FF00FFC0028E8D10F2118460FF0CE
:10ACB00009FC0028E2D1E5E705213046FFF78AF9D3
:10ACC000054688B101210C30F7F728FB23460770B1
:10ACD0002246294606F1EC00FBF7C0FE0028DCD036
:10ACE0002846F7F70DFAD8E76FF06800D6E700BFFF
:10ACF000ECDD0200682D03001E4B10B50446186001
:10AD00004FF0FF324FF0FF331B4805F06DFB58B199
:10AD10001A4941F23A331A4A1A480CF0A4FE41F299
:10AD20003A3117480CF096FE174806F0B7FE124865
:10AD300005F022FC48B1114941F23F33104A114855
:10AD40000CF091FE41F23F31EBE72CB10F4CD4E80F
:10AD5000AF3F5B0604D410BDBDE81040FFF7D2B88A
:10AD6000201FFFF755FB0028F5D00821201FFFF713
:10AD700071FFF0E7C4320020100A0020172D0300F5
:10AD8000A62C030034F20200240A002044230020F1
:10AD900010B50FF0DFFB044610B96FF0150010BDC1
:10ADA0000A2104300FF046FC0028F6D0237A062B47
:10ADB00011D8DFE803F00E04040A100C0C00012186
:10ADC0002046BDE81040FFF745BF0421F8E7022107
:10ADD000F6E70821F4E703480121034A0FF0B8FB26
:10ADE0000020DCE7ECDD0200972B03002DE9F341A6
:10ADF0000B8A04460E4643B901212D4A2D480FF017
:10AE00005FFB002002B0BDE8F081012106F10C00DB
:10AE1000F7F7E2FAA4F1EC05E83C074604212046E6
:10AE20000FF050FB3B7828B1234A022121480FF054
:10AE30008FFBE6E70E2B01D9204AF6E7DFF880808A
:10AE400058F833204AB902211E4A1A480FF080FBF5
:10AE500007212846FFF7FEFED3E7194628460FF0E4
:10AE6000E9FB3B7860B902211248174A0FF070FBEA
:10AE7000032120460FF026FB0028C2D00821E8E776
:10AE800008EBC301328A0979914208D0012100936D
:10AE9000084813460D4A0DF043FC0A21D9E7314614
:10AEA000284658F83330984701460028A9D0D0E703
:10AEB000C02D0300ECDD0200DB2D03000C2E03008F
:10AEC000FCE702002E2E0300482E0300202403007E
:10AED0002DE9F04F99B090F8E930D1F80C8023F0CB
:10AEE000020380F8E930D0F8EC6098F800300546AD
:10AEF00000AF06F17009002B3BD098F8063003F044
:10AF0000C003C02B35D041463846F7F7E9FA6E4604
:10AF100088B06C464FF4007A6D46704BDFF8C08104
:10AF2000CDE90537ADF81CA045F8108F00232A465F
:10AF30004FF4E2516B4807F1200BF4F7F9FF494653
:10AF4000B5465846F7F7CCFAA546674BA4F81CA0BF
:10AF5000C4E9053BC4F81080624800232A464FF438
:10AF6000E251F4F7E5FF0A20B5466437BD46BDE877
:10AF7000F08F07224146484612F081F868B14146F9
:10AF8000307A00F06BFB044638B1014628460FF0DA
:10AF90009FFA50B3204600F0C3FB0D21281D0FF08F
:10AFA00091FA002800F088804A460220317A00F0A9
:10AFB00093FB0446D8B907F1400549462846F7F700
:10AFC0008FFA6E4688B06A46484BCDE905354FF496
:10AFD0000073ADF81C30424B42F8103F4FF4E25181
:10AFE00023464048F4F7A4FFB5460820BDE7F378B0
:10AFF000002B41D106F17E03187801282BD19A79D4
:10B0000002F0C002402A26D1D3F80120C4F83E2025
:10B01000B3F80530A4F8423096F87030DBB196F8FA
:10B02000763003F0C003C02B15D0314907F1400240
:10B03000C7E91098BC64FAF705FED8F8003030462E
:10B04000C4F80130B8F80430A4F8053098F8063098
:10B05000E371FBF7C9F995F8E91011F002010ED080
:10B06000244941F22703244A24480CF0FCFC41F215
:10B07000270121480CF0EEFC06F17703BCE72046DF
:10B08000F9F7DEFA014630B1164802211C4A0FF0EA
:10B0900017FA032069E72046F9F7D2FA48B11949AF
:10B0A00041F24B03144A15480CF0DDFC41F24B0110
:10B0B000DFE72046F9F7D6FA95F8E9305B0703D5C4
:10B0C0000A2128460FF055FAB5F8E81009B100201A
:10B0D0004BE72846FFF72CFDF9E700BF632E03007E
:10B0E00003000001ECDD02001E2F03008C2C030086
:10B0F00091A60200772E0300A62C030034F2020072
:10B10000922E0300CD2E03002DE9F0410E46044699
:10B11000D0F8EC80FEF7B0FEF668054633780121E2
:10B120000F48104A271D0FF013FA0A2138460FF076
:10B1300081FA38B16DB920463178FFF7F9FC00206B
:10B14000BDE8F0810B2138460FF074FA0028F1D1E8
:10B15000F1E72B69002BEED040469847EBE700BFA4
:10B16000ECDD0200EF2E03002DE9F04389B0054627
:10B17000A0F1E8060446884600AF0121304655F8A4
:10B18000EC990FF057FA38B3B8F1000F19D003213A
:10B1900030460FF097F9F8B14046F8F78DFA0138CC
:10B1A000C0B208288CBF0024374B4FF0020198BF73
:10B1B0001C5C30460FF0DDF921462846FFF7B8FC4D
:10B1C0000AE099F80B303BB1032130460FF07AF9D1
:10B1D00030B928460FF041FA2437BD46BDE8F08368
:10B1E000052130460FF06EF9B8B114F8043C1B0786
:10B1F00007D514F8033C180703D5112130460FF08A
:10B20000B8F914F8043C23F0080304F8043C14F8DB
:10B21000033C23F0080304F8033C14F8033CD9076B
:10B2200010D5062128460FF0A4F9022130460FF070
:10B23000A0F92168D1F8A46066B134F8041C002993
:10B24000CAD1BAE79A0701D50821EBE75B07ECD52D
:10B250000A21E7E738467031F7F742F96D4688B0C2
:10B260006A460A4BCDE905374FF40073ADF81C3040
:10B27000074B42F8103F4FF4E25133460548F4F7CC
:10B2800057FEAD46A8E700BFE4540300112F0300AA
:10B2900003000001ECDD020037B5A0F59C75A0F5B8
:10B2A0009A74D4E8AF3FD5E8AF2F01210092074848
:10B2B000074A0DF035FA28460821FFF739FC04212A
:10B2C000204603B0BDE830400FF053B9ECDD02007A
:10B2D000262F03002DE9F04389B000AF04460FF09C
:10B2E00039F9054680B3061D032130460FF0EAF810
:10B2F00050B3D4F8A40008B100F012FA04F17009B8
:10B300004946207A00F0ECF88046C4F8A400F8B969
:10B3100049463846F7F7E4F86E4688B06A46414B2E
:10B32000CDE905374FF40073ADF81C303E4B42F8C1
:10B33000103F4FF4E2513D484346F4F7F9FD082130
:10B34000B5462846FFF786FC2437BD46BDE8F083A6
:10B350000E2130460FF0B6F828B1D4F8A420537C63
:10B3600043F0020353742B7A032B0DD8002B4DD1DD
:10B37000D4F8A420537C23F020035374D4F8A420E1
:10B38000537C23F001030DE0053B012BF0D8D4F8EA
:10B39000A420537C43F020035374D4F8A420537C9E
:10B3A00043F0010353742B7D697BD4F8A4208B42B6
:10B3B00028BF0B463046137405210FF083F8D4F8EC
:10B3C000A420537C48B343F010030D21304653743E
:10B3D0000FF078F80028B7D02021D4F8A40000F0AE
:10B3E00063F9D4F8A43005F147021E33573552F8FB
:10B3F000041BAA4243F8041BF9D10023D4F8A4206B
:10B4000053619361D4F8A42093839DE705213046CE
:10B410000FF058F80028ABD0BFE723F010035374A7
:10B4200092E700BF8C2C030003000001ECDD02005A
:10B43000012208B5034B04481A70F9F783FF002076
:10B4400008BD00BF763A00202C0A002008B558B984
:10B450000A490B4840F249230A4A0CF004FB40F227
:10B46000492108480CF0F6FA437C5B0604D4BDE899
:10B4700008400121F9F720B808BD00BF9B2F030049
:10B4800034F202005C2F030070B5054611480C46EB
:10B4900003780126AB4204D10722304411F0EFFDBE
:10B4A000A0B12EB107220C490C4811F0E8FD78B983
:10B4B000084A134603F8015B2168C2F80110A1880D
:10B4C0009980A179997140F21123D360014870BD30
:10B4D0000020FCE7C832002018540300C9320020C5
:10B4E00008B549B9064907487123074A0CF0BBFA69
:10B4F000712105480CF0AEFABDE80840FFF7C4BF63
:10B50000AF2F030034F202005C2F0300F8B50546AC
:10B5100016460C4699B90B490B48CD230B4A0CF043
:10B52000A2FACD2109480CF095FA3BB131463846D4
:10B53000A04701227B8A2B40002AF6D0F8BD0022CA
:10B54000034FF7E7C32F030034F202005C2F030020
:10B55000C832002008B5002202200249FFF7D6FFBA
:10B56000002008BD4DB4010070B50D4611463AB13A
:10B570000E4C0026638A227803400BD1184670BD1A
:10B580000B490C48DA230C4A0CF06DFADA210A4810
:10B590000CF060FA954204D10722601C11F06FFD97
:10B5A00008B13046EBE72046E9E700BFC83200208B
:10B5B000AF2F030034F202005C2F0300F8B50646FB
:10B5C0000C4659B91F49204840F203131F4A0CF09A
:10B5D0004AFA40F203111D480CF03CFA0B78012B9B
:10B5E00001D00020F8BD8B7903F0C003402BF8D1C7
:10B5F000174D002329466F8A11F83E2BBF0704F12F
:10B60000010006D5B24204D1062211F038FDB8B1CE
:10B610000023002BE5D16B8A9B07E2D52B78B34240
:10B62000DFD1661C31460B480DF077FB0028D8D0DF
:10B63000D4F80130C5F83E30B4F80520064B9A80A6
:10B640000348CFE7AF2F030034F202005C2F030062
:10B65000C8320020F63200200633002010B529B190
:10B660000D4C237883420DD0002010BD0B490C48AF
:10B670004FF49A730B4A0CF0F6F94FF49A7109489B
:10B680000CF0E8F90722601C11F0F9FC00280CBF4F
:10B6900020460020E9E700BFC8320020AF2F03009A
:10B6A00034F202005C2F030008B558B90749084876
:10B6B0004FF4A273074A0CF0D6F94FF4A271054873
:10B6C0000CF0C8F9438A1943418208BD9B2F03003F
:10B6D00034F202005C2F0300F8B506460F4615460B
:10B6E0004AB90C490C48EC230C4A0CF0BCF9EC218B
:10B6F0000A480CF0AFF9FFF737FF044640B9294676
:10B700003846FFF7EDFE044610B13146FFF7CCFF97
:10B710002046F8BDAF2F030034F202005C2F030077
:10B7200010B5044658B90E490E484FF4AA730E4A94
:10B730000CF099F94FF4AA710B480CF08BF9037ACD
:10B740005B0701D5F8F7A8FF214611F8010BF7F7C1
:10B75000D7F82046BDE810404422002111F080BCFB
:10B760009B2F030034F202005C2F03002DE9F0430D
:10B77000BDB01546044602AF38B90121A34AA4481A
:10B780000CF0BBFF6FF0150642E03822184607F1B7
:10B79000B001A847051E06DA2B469E4A01219C48A7
:10B7A0000CF0B4FFEEE7204607F108010DF0C8FAEF
:10B7B000064698B16D4688B002AA974BC2E9053497
:10B7C0004FF400739383954B42F8103F00234FF4DE
:10B7D000E2518F48F4F7ACFBAD46D3E72046391D64
:10B7E0000DF0A4F8786838B10A2231460BF046FD16
:10B7F000034608B18A4AD1E755BB29463F2007F1E5
:10B800000802FFF7B1FE40B14422294611F028FC9E
:10B810003046EC37BD46BDE8F08307F11004204602
:10B8200007F10801F6F75CFEE84688B002AA7D4BF6
:10B83000C2E905344FF400739383784B42F8103F0C
:10B840004FF4E4512B467248F4F772FBC546DFE72C
:10B85000002007F10801FFF717FE0446E0B907F1E1
:10B860003005284607F10801F6F73AFE6E4688B023
:10B8700002AA6D4BC2E905354FF400739383674B01
:10B8800042F8103F4FF4E25123466148F4F750FB71
:10B89000B5466FF00B06BBE7382D97F8B0304FD0A8
:10B8A000102B41D8342D3FD140F2112307F1B005C0
:10B8B000C36007F1E00C00F110032A4603CA624599
:10B8C00018605960154603F10803F6D11068186036
:10B8D000E27BB4F80D3043EA0243022B7BD1637C58
:10B8E000DA0795D513F0300592D107F1900840465C
:10B8F00007F10801F6F7F4FDE94688B002AA4B4BC0
:10B90000C2E905384FF400739383444B42F8103F6B
:10B910004FF4E4512B463E48F4F70AFB637CCD46D6
:10B9200023F00103637473E7382301210093404A35
:10B930002B4637480CF0F4FE2046FFF7F1FE21E7D6
:10B94000102B35D840F2112307F1B005C36007F181
:10B95000E00C00F110032A4603CA624518605960E2
:10B96000154603F10803F6D110681860638A03F0E6
:10B97000220213F020056282AAD107F15006304658
:10B9800007F10801F6F7ACFDE84688B002AA294B9A
:10B99000C2E905364FF400739383204B42F8103F01
:10B9A0004FF4E4512B461A48F4F7C2FAC546C3E7F0
:10B9B00007F1B00300F10C051A4603CA696007F1EC
:10B9C000E8018A422860134605F10805F4D1237B7B
:10B9D000112B3FF47DAF07F17005284607F10801F0
:10B9E000F6F77EFD6E4688B002AA134BC2E9053514
:10B9F0004FF400739383094B42F8103F00234FF438
:10BA0000E2510348F4F794FAB54695E7700703004E
:10BA1000B4DD0200D72F03006F27030003000001ED
:10BA20008B270300F62F030019300300B630030004
:10BA3000383003005630030076300300024610B55C
:10BA400058B90E490E4840F289130E4A0CF00BF813
:10BA500040F289110B480BF0FDFF0146382311F825
:10BA6000010B0C32F6F73EFF044628B101210346D4
:10BA7000054A06480CF04AFE204610BD9B2F0300E5
:10BA800034F202005C2F03001B310300B4DD02001E
:10BA9000884210B500EB020311D98C18A04211D2D4
:10BAA0000D4940F2B3230D4A0D480BF0DCFF0D4861
:10BAB0000BF0D9FF40F2B32108480BF0CBFFEFD0D9
:10BAC0009942ECE7013A114411F8012900F8012BE1
:10BAD0008342F9D110BD00BFE2080300A1080300B2
:10BAE00034F20200390903002DE9F0438446894607
:10BAF00016462F4C9BB01D46DDE923870CAB04F1A5
:10BB0000300E1A4620686168083403C27445134633
:10BB1000F7D1206861461060227904A81A712022AA
:10BB2000FFF7B6FF6B462022224804A900F072F806
:10BB30000446C0BB102249460DF13500FFF7A8FFAF
:10BB4000102231460DF14500FFF7A2FF294611F8FA
:10BB5000013B06220DF156008DF85530FFF798FF96
:10BB60002299062211F8013B0DF15D008DF85C3041
:10BB7000FFF78EFF4346352268460CA900F04AF8CD
:10BB8000044680B940460EF0C1FE012335228DF8EF
:10BB9000303068463B460CA900F03CF8044610B92A
:10BBA00038460EF0B3FE20461BB0BDE8F08300BF60
:10BBB00086E202001555030070B50E461D46144678
:10BBC00098B00146202204A8FFF762FF20223146E8
:10BBD0000CA8FFF75DFF1022294614A8FFF758FFB5
:10BBE000102221466846FFF753FF6B4650226846F5
:10BBF00004A900F00FF840B9039B054A1BBAB3FB38
:10BC0000F2F102FB11331C9A136018B070BD00BF33
:10BC100040420F002DE9F0418EB007460C46154614
:10BC20000021182208A81E4611F01AFA4FF41053EA
:10BC3000ADF81C308023ADF81E304FF44063DFF8C0
:10BC400054801022CDE90938394605AB07A808F021
:10BC500041FC034648B1104A104801210CF056FD42
:10BC60006FF004000EB0BDE8F08106AB0293102324
:10BC700022464146CDE9006305982B4610F0DEF8D8
:10BC80000446059808F0E0FB2043EBD0044A234625
:10BC9000E2E700BF0002C0035231030084DD02006E
:10BCA0006E31030010B5094C0A44914200D110BD19
:10BCB00011F8013B58400309E35C0001C0B2434066
:10BCC0001809205C1B01DBB25840EEE72555030044
:10BCD0000122024BC3F80424704700BF002008E093
:10BCE00037B540230C460A490093411A49110546CD
:10BCF0002346084A08480EF08CFE014628B1284623
:10BD0000234603B0BDE83040184703B030BD00BF44
:10BD1000203300207FAA020068D20200C9B20129A4
:10BD200008B509D9084909487E23094A0BF09BFE4A
:10BD30007E2107480BF08EFE0C22036901FB0233C3
:10BD4000986C00F0070008BDDE31030034F20200F9
:10BD50009231030070B5C9B20129034600690BD9BD
:10BD60001849194840F2E113184A0BF07CFE40F2E2
:10BD7000E11116480BF06EFEEFF31186402484F3B8
:10BD80001288BFF36F8F0C2505FB0104A46C14F01F
:10BD9000C00401D0A24211D1012205FB010082643E
:10BDA000002086F31188BFF36F8F30B90C225B68D7
:10BDB00002FB01335B689847002070BD4FF0FF30F5
:10BDC000EFE700BFDE31030034F2020092310300DE
:10BDD00070B50D4606490446411A491140220548EE
:10BDE000FFF7B8FF2B4601462046BDE870401847D4
:10BDF0002033002068D20200F8B500220121054658
:10BE00004FF48770F5F76AFB0F4802F03FFC0446D9
:10BE1000B8B90FF075FA2F690C4938460BF0E4FFFA
:10BE2000031E09DB0126BE642D69084905F12000C7
:10BE30000BF0DAFF031E02DA1C462046F8BD6E65E1
:10BE4000FBE76FF00404F8E701BF010074E80200AB
:10BE50001FB5002201236C46CDE902236B46074A39
:10BE6000CDE900440EF004FE28B943F60952002340
:10BE7000684604F087FE04B010BD00BF8BAA020024
:10BE800010B5EFF31184402383F31288BFF36F8F53
:10BE9000074A136823F00201DB07116002D4012076
:10BEA00002F0D4FB84F31188BFF36F8F10BD00BF85
:10BEB000783300200C22104B014602FB0033002097
:10BEC00030B4D3E910521864EFF31180402484F3A6
:10BED0001288BFF36F8F9C6C04F0C00444F002041E
:10BEE0009C6480F31188BFF36F8F1DB12B4630BC6B
:10BEF0000248184730BC70472033002068D2020047
:10BF000008B506281CD8DFE800F025250D0F04250C
:10BF10002500114B986C10F007001BD1BDE80840BC
:10BF2000FFF7C8BF0120F9E70C4940F20B330C4A78
:10BF30000C480BF098FD40F20B3109480BF08AFDDC
:10BF4000064940F21533064A06480BF08CFD40F2D4
:10BF50001531F2E708BD00BF2033002095430300F0
:10BF60009231030034F2020010B4EFF3118040224A
:10BF700082F31288BFF36F8F16490B6843F00204F7
:10BF800013F001030C6017D0134BD3F80C3413F4E7
:10BF9000803311D0EFF3118182F31288BFF36F8FDA
:10BFA0000E4A936C03F0C00343F00203936481F3E1
:10BFB0001188BFF36F8F012380F31188BFF36F8F58
:10BFC0001BB1002010BCFFF775BF012010BC02F0B0
:10BFD00013BB00BF7833002000E010502033002056
:10BFE0002DE9F041012206464149D1E8EF3FC1E881
:10BFF000E02F0028F9D1A3B93E493F484B60CB6000
:10C000008A60F2F769FF00280BDA3C494FF42D7380
:10C010003B4A3C480BF027FD4FF42D7138480BF09C
:10C0200019FD002E4DD0731E012B56D8012E06D1BE
:10C03000354BD3F8503403F00303012B41D00FF0FC
:10C04000B2FB054650B1EFF31188402383F3128809
:10C05000BFF36F8F01252C4C2C4F21E02C4B1B780C
:10C06000002BF0D00422284B8046C3F80823F2E7C7
:10C070004DB340460CF0C2FDD4F8403413F0FF033A
:10C080000ED1D4F808215AB1C4F80831D4F80831D7
:10C090004FF480420123C4F84034C7F8A021236143
:10C0A000D4F84C24D4F84C34D203E1D503F0030384
:10C0B000012B01D0012EDBD155B188F31188BFF3DC
:10C0C0006F8FBDE8F0810021202006F0ABFCD3E7A4
:10C0D00004220D4BC3F80423F3E70E4940F2C623B4
:10C0E000074A08480BF0BFFC40F2C62196E700BFA4
:10C0F0001C3300200C3300204033002081FB020061
:10C100009231030034F2020000E0105000E100E040
:10C110001D3D00209543030008B507480FF066FA5F
:10C1200038B10648F5F7CEFD0448F2F7DDF90020F6
:10C1300008BD6FF01200FBE7D8D2020041C1010038
:10C140000A2838B50446074D04D1AB680D212846AE
:10C15000DB699847AB680348DB69E1B29847204642
:10C1600038BD00BFD8D202000048704798E80200EE
:10C17000024B0B6001231360704700BFA0E8020070
:10C1800008B50122054811460FF09CFA02F0FEFAAC
:10C19000034B044A0020C3F80C2508BD7C33002063
:10C1A00000E004508000008038B541F201030E4DDC
:10C1B0001446C5F8003599B110F02CFFBFF35F8F1E
:10C1C000D5F81834DB0705D4E4B21CB10123AB6009
:10C1D000BFF35F8F4FF48052034BC3F8002538BD87
:10C1E000FF2110F03DFFE9E700E00450F0B5051E27
:10C1F0000F46144687B031DBB5F57D2F2ED2C5F53D
:10C200007D239A422AD8FAB14FF0FF324FF0FF3324
:10C21000144804F0B7FC0FF076F80646B8B10123D5
:10C220008DF81430104B4FF47A60009302AB0494F5
:10C230000193CDE9027502F0B1FA684602F0B4FA52
:10C240000446084804F020FC204607B0F0BD224612
:10C2500039462846FFF7A8FF3446F2E76FF0150489
:10C26000F2E700BF7C33002055AB020038B503690C
:10C2700061B921496423214A21480BF0F4FB21488C
:10C280000BF0F1FB64211D480BF0E4FB486850B94A
:10C290001D496523194A1A480BF0E5FB1B480BF0B2
:10C2A000E2FB6521EFE7586800B30024884219D10A
:10C2B00008688CB99C685860A14200D19860002041
:10C2C00008602AB15A680A609A68596002B9996090
:10C2D00000200FE02846E9E720609868814208BF07
:10C2E0009C60ECE705680446002DF3D1002AE9D1F3
:10C2F0006FF0150038BD00BF9BEF020059320300FC
:10C3000034F20200A4320300B3320300C53203004A
:10C3100008B50368590914D0012906D16FF07C4291
:10C3200003F01F03DA40D2070DD40A490A484FF43C
:10C3300082630A4A0BF097FB4FF4826107480BF0C7
:10C3400089FB1F22ECE70360054B0648012908BF63
:10C35000184608BD1E33030034F20200DC3203002D
:10C3600000820D5000A0105070B5446801F01F0508
:10C37000207C86B045EA4015A068002872D0B2F54E
:10C38000001F04D1294602F00DFF00204EE0606836
:10C39000667CB2F5800F46624FF0000601A8019658
:10C3A000466032D1B3F1007F14BF052304238DF81A
:10C3B00004300023CDE904030393E3686E46CB40C9
:10C3C00013F0010F34D1B2F1A07F31D1684600954E
:10C3D000FFF79EFF009B203350F82330DB0727D464
:10C3E0006A462946A06802F06DFD163018D0029604
:10C3F0002946A06803AA02F005FC002816DB0122EA
:10C400002946A06802F04CFEBFE7B3F1C06F05D02B
:10C41000B3F1007F14BF01230223C8E70323C6E75B
:10C420006946A06802F018FE0028E0DA06B070BD88
:10C4300032462946A06802F045FD0028D8D19DF873
:10C440000010A06802F0E8FD0028D1D00749084894
:10C4500040F2F113074A0BF006FB40F2F1110548D8
:10C460000BF0F8FA6FF08500E0E700BF172D03002E
:10C4700034F20200413303002DE9F043466840F2F4
:10C480000635337CD00601F01F0747EA431748BF43
:10C49000032302EA050558BFC2F3401387B0B5F580
:10C4A000837F14468DF8033043D00DD8062D42D03B
:10C4B00005D8A5B1022D12D06FF0150036E0B5F504
:10C4C000807FF9D101250AE040F20222954234D062
:10C4D000B5F5407F33D0B5F5007FEDD104252203BB
:10C4E0002FD5012372688B405360B06880BB03A8CE
:10C4F0000397FFF70DFF039B00EB8300C4F300439A
:10C5000083F00103C4F34044D0F8802044EA43049C
:10C510009DF8033022F4706244EA830422F00F0293
:10C5200044EA05231343C0F88030002007B0BDE87B
:10C53000F0830925D3E70825D1E70625CFE70525B0
:10C54000CDE7630341BF012372688B409360CCE762
:10C5500039460DF1020202F0B5FC14F4403F80466A
:10C5600017D13946B06802F03FFDB8F1000FDCD1B9
:10C570009DF80210B06802F04FFD0028D5D01E498A
:10C580001E48FC231E4A0BF06EFAFC211C480BF0DF
:10C5900061FA4FF0000901ABCDE90199CDE9043909
:10C5A000CDF80C903946B06803AA02F02BFB484541
:10C5B000BBDB14F4003314D09DF80330C4F3004403
:10C5C00084F001048DF80E308DF80C508DF80D407C
:10C5D0004B463946B06803AA02F0D6FB0028C4DAFD
:10C5E000A3E7CDE904330DF1030303933946B068A3
:10C5F00003AA02F007FBF1E7172D030034F2020053
:10C60000413303004209012A034670B501D0F2B15B
:10C6100070BD144E326951680029F9D0012503F02C
:10C620001F030C689D400029F2D08A682A4012D06E
:10C630004B6873B90C4989230C4A0D480BF013FA67
:10C640000C480BF010FA892108480BF003FA0A4E47
:10C65000E0E7304698471CB1236821461C46E2E7D4
:10C660002346FAE7A0D202007C33030059320300CC
:10C6700034F20200C532030084D2020038B54568A6
:10C68000A868C0B102F096FC0146A0B9A86802F003
:10C690004DFC044688B902460949A86802F0FAFB35
:10C6A00022460121DB20F4F719FF2246012140F246
:10C6B0000D10F4F713FF002038BD6FF00400FBE706
:10C6C00005C6010008B50368590914D0012906D12F
:10C6D0006FF07C4203F01F03DA40D2070DD40A4901
:10C6E0000A484FF482630A4A0BF0BDF94FF48261A5
:10C6F00007480BF0AFF91F22ECE70360054B064833
:10C70000012908BF184608BD1E33030034F2020099
:10C71000DC32030000820D5000A010502DE9F04FD4
:10C720001746834640F2FF193D4E85B000EB810865
:10C73000D84501D100201DE0DBF80020C2F3C3235F
:10C74000082BC2F3080468D836494C4508BF4FF09F
:10C75000FF34B2F1806FCD5C4FEA126306D2013B29
:10C76000022B0AD8DFE803F03C404300382B41D0CD
:10C770006FF0850005B0BDE8F08FC7F80446621C75
:10C780002BD003A80394FFF79DFF0121039B01FA1F
:10C7900003F34360DBF800300394180448BF002122
:10C7A00003A858BF8A46CDE9003148BF4FF0010ABF
:10C7B000FFF788FF039C009B00EB8400D0F88040CB
:10C7C000C3F3412C01992B0243EA8C030B43344001
:10C7D000234343EA4A03C0F880300BF1040BA7E778
:10C7E000C7F80C46002115E0C7F81046C7E7C7F8A0
:10C7F0000846F7E703A80394FFF764FF0121039BB2
:10C8000000EB8300D0F8803023F0E04343F0804316
:10C81000C0F88030631CBDD1DFE76FF01500A9E7D9
:10C82000F0F0FCFF3555030070B5036986B045682C
:10C8300004461422002101A81E6810F011FC0523F3
:10C840008DF80430002386F8633063680D4A1B6856
:10C85000C3F808236B689B070ED5EFF311854023BF
:10C8600083F31288BFF36F8F022120460EF0CAFABD
:10C8700085F31188BFF36F8F204601A90EF0ECF904
:10C8800006B070BD3002180038B504460022012100
:10C890004FF48270F4F722FE4FF48270F4F7FCFD3F
:10C8A00065680121E8680EF09EFA636819686B6993
:10C8B000C1F82435EA8BAB8BA87E13432A8C134333
:10C8C0006A8C13436A7E9BB20243287E0243134361
:10C8D000C1F86C352569286878B100221A490830FA
:10C8E0000FF037F82B68DC6328680022174968309E
:10C8F0000FF02FF82B68C3F89C4061680B68D3F8E1
:10C90000002242F48022C3F800220822C3F8002546
:10C91000CA6A0121C3F83C270022C3F840271965E1
:10C92000D3F830110029FBD0C3F80025636859689B
:10C9300011F0020106D1D8681C680EF054FA0823E1
:10C94000C4F80035002038BD3BAF02008BAD0200BB
:10C950002DE9F84304460E4645680EF024FFD0B991
:10C96000304B1B7883F001036268D2F80080A3B9D2
:10C970004FF04009642763681B68D3F83031002BFF
:10C980003ED101200EF0D1FC013FF4D10021202046
:10C9900006F048F8EEE70123E6E740222369EFF3CB
:10C9A000118782F31288BFF36F8F61680968D1F82D
:10C9B000301121B987F31188BFF36F8FEFE71B6840
:10C9C00053B1D3F8A4203AB1D3F8B420002A03DA43
:10C9D000D8F84427C3F8B420EB6A01221E70204621
:10C9E000E96A0EF035FA6B689B0744BF4FF4805339
:10C9F000C8F8043387F31188BFF36F8FBDE8F8835D
:10CA0000EFF311831F4689F31288BFF36F8F6268BB
:10CA10001268D2F83021002ADED183F31188BFF3E7
:10CA20006F8FB3E71D3D00202DE9F04F1F46D0F872
:10CA30000490036985B01C68029399F80830834616
:10CA400088461646D9F8005073B15D4940F2067326
:10CA50005C4A5D480BF007F85C480BF004F840F2C4
:10CA6000067158480AF0F6FF94F86330002B40F046
:10CA7000A38094F8642002F0FF03002A40F09C8019
:10CA8000791C7DD0D9F810104FEAE77CA1FB070E86
:10CA900000234F4A01FB0CE1ECF7ECFA40F2FF33C4
:10CAA000984228BF1846C5F87805D5F8003243F0FB
:10CAB0000053C5F8003227EAE773DA171F3342F153
:10CAC00000025B0943EAC26352094FF0000AC4E95D
:10CAD0001632C4E91086C4E912AAC4F850A0D9F8E5
:10CAE000042092075CD5EFF311824021039281F379
:10CAF0001288BFF36F8F022158460EF098F9039AFF
:10CB000082F31188BFF36F8FD9F80420930747D5BC
:10CB100094F86120002A43D0B24228BF324693469F
:10CB20004046D9F8281010F075FAB6EB0B06D84439
:10CB300028D194F86120A2EB0B02D2B284F86120D4
:10CB4000D9F8280000EB0B0110F071FA029B03F1F9
:10CB5000080ADAE8EF3F43F00403CAE8E23F002A9C
:10CB6000F7D10122C5F34343C5F3043502FA05F5B5
:10CB7000184A403342F82350002005B0BDE8F08F3A
:10CB80001A46A2E701370BD0C5F810A1D5F810312D
:10CB9000D4E91623CDE9002304F1080006F03CFE99
:10CBA0000D4BC5F80487C5F80867C5F804330123A1
:10CBB00084F86330AB62DFE76FF00F00DDE700BFA2
:10CBC000954303009F33030034F20200E233030075
:10CBD00040420F0000E100E0200218002DE9F04F74
:10CBE00043688DB01D680369D5F8047304461E6858
:10CBF00003934FF400723B464FF4BA7128460EF08F
:10CC0000E6F820B1F36C13B9012386F862303B4695
:10CC10004FF400724FF4927128460EF0D8F8814616
:10CC200008B196F862903B464FF400224FF4A6718B
:10CC300028460EF0CCF83B4610224FF4887180460F
:10CC400028460EF0C4F83B464FF480124FF4A8710A
:10CC5000049028460EF0BBF83B46824620224FF453
:10CC60008A7128460EF0B3F820B3636814221B685B
:10CC7000002107A8D3F880B4059310F0F1F906223B
:10CC80001BF0010F059B8DF81C2042D11BF0020FF9
:10CC900041D11BF0040F40D10BF0080220468DF863
:10CCA000202007A9C3F880B40DF0D6FF002120464C
:10CCB0000EF003F9049B93B1002123696268D2F856
:10CCC00000B01A6882F860101868D0E91623CDE920
:10CCD0000023083006F0A0FD1023CBF80833B8F18C
:10CCE000000F02D1BAF1000F3FD0F36C33B3B8F1AB
:10CCF000000F18D1D5F84C318BB99849984840F6B7
:10CD0000C313984A0AF0AFFE40F6C31195480AF0E3
:10CD1000A1FE0122C2E70222C0E70422BEE7C5F855
:10CD20004C81D5F84C314A46514620460EF03CF92C
:10CD3000BAF1000F19D04FF0000802E0BAF1000F6D
:10CD40000BD00021142207A810F08AF903232046F3
:10CD500007A98DF81C300DF07FFFB8F1000F04D04B
:10CD60000022204611460EF01FF9B9F1000F35D010
:10CD7000002386F862302369D4F8049053F8088BB6
:10CD8000D3E8EF2F22F48031C3E8E01F0028F7D169
:10CD9000D30303D508F1080006F0ACFDD8F8401025
:10CDA00029B120460DF05FFF0023C8F8403098F805
:10CDB0006430002B6FD0002388F86430636820460D
:10CDC0001B68D3F8002222F00052C3F80022002290
:10CDD000C3F81021D3F81031FFF726FDF9043DD533
:10CDE000D5F83031002B39D063682569D3F800803D
:10CDF000EFF31189402282F31288BFF36F8F2A6804
:10CE00005B68D2F8B4100029ACBFD2F8B470D8F87F
:10CE100044779A0707D54FF4805301212046C8F87C
:10CE200008330DF0EFFF89F31188BFF36F8F286887
:10CE3000D0F8A03093B190F8B820002A4ED0EFF38C
:10CE40001187402383F31288BFF36F8F2946204652
:10CE50000EF013F887F31188BFF36F8F039B08332D
:10CE6000D3E8EF2F22F00401C3E8E01F0028F7D138
:10CE700053076FD52046716C0DF009FF2046316CC9
:10CE80000DF0F1FE00232046C6E910330DB0BDE8D9
:10CE9000F04FFFF7C9BCD9F8043098078ED5626807
:10CEA0001368926AC3F804270522C3F808270122F1
:10CEB000DA61D3F84C21002AFBD00021C3F84C11D1
:10CEC000D3F84C21D3F850212AB1C3F85011D3F82C
:10CED0005021D3F80C2788F861206FE7D0F8A820FC
:10CEE000934210D0D0F8AC20D0F8B030BA423B44D6
:10CEF0002ED1C0F8B03020460DF04AFF00289ED158
:10CF00002868D0F8B070683006F0F4FC14220021D4
:10CF100007A810F0A5F82B682046D3F8A03007A981
:10CF2000CDE908372B68D3F8A4309F421CBF0123FA
:10CF30008DF81C304FF48053C8F8083300232A685A
:10CF4000C2F8A0302A68C2F8A4300DF085FE85E74B
:10CF50001F46D8E70DB0BDE8F08F00BFFB330300DC
:10CF600034F202009F33030070B50F48D0E900157A
:10CF7000541A63EB0506640944EAC6642026E4FB00
:10CF80000615C0E9001509490020C1E90023002168
:10CF9000074BC3E9000106F0F7FA01462046BDE859
:10CFA000704006F059BA00BF902500207825002077
:10CFB0008825002008B500220121E420F4F78EFA2C
:10CFC000164A0020D2F8183723F44033C2F8183735
:10CFD00002F022FB002820DB0120114902F0CCFBEB
:10CFE00000281ADB02F0D8FA0E4B20F01F00C3E92C
:10CFF00000010D4B0022C3E900014FF0FF304FF05C
:10D00000FF310A4BC3E90001094B0A49187A02F0C3
:10D01000EDFA67220020084B1A6008BD00200E5070
:10D02000480A002090250020702500207825002047
:10D03000400A002069CF0100A433002008B502F0A7
:10D04000ABFA064AD2E90032C01A054B61EB020185
:10D05000C3E90001400940EAC16008BD90250020F5
:10D0600088250020F7B5224B0146224F187A224B23
:10D07000D7E90056D3E900239E4208BF954211D15B
:10D08000B1F1806F0ED24901012938BF012101227F
:10D090004D1946F10006C7E9005603B0BDE8F0405F
:10D0A00002F012BC154BDFF858C0D3E90043DCE9AD
:10D0B000002CA41843EB0C0C4FF0200E22466346C4
:10D0C000C1FB0E23954276EB0301C7E900230DD285
:10D0D000291B66EB0C04C82974F10004B4BF0121BC
:10D0E0000021009102F0B0FB03B0F0BD0021F8E791
:10D0F000400A00208025002078250020902500206F
:10D10000882500202DE9F04112F0FC6F1346D0E98C
:10D11000014706690ED044494FF47D73434A4448A1
:10D120000AF0A1FC43480AF09EFC4FF47D713F4891
:10D130000AF090FC02F03002302A0CD13E4940F255
:10D14000F7333A4A3A480AF08EFC3C480AF08BFC26
:10D1500040F2F731EBE73A4A3A4D1A40AA420CD175
:10D16000394940F2FB33314A31480AF07CFC3748F8
:10D170000AF079FC40F2FB31D9E703F00602042AF9
:10D1800009D1334940F2FE33284A29480AF06BFCA2
:10D1900040F2FE31CBE713F440221ED09D030CD4A5
:10D1A0002C4940F20143214A21480AF05CFC2A48FC
:10D1B0000AF059FC40F20141B9E7B2F5402F0CD119
:10D1C000264940F20543194A19480AF04CFC244804
:10D1D0000AF049FC40F20541A9E7DD0205D522B17C
:10D1E00043F3000202F440225340012524688D409D
:10D1F000254223F480120CD11A4940F211430B4A04
:10D200000B480AF030FC18480AF02DFC40F211419E
:10D210008DE73468DB074CBF2C43AC4334603B687C
:10D22000BDE8F041184700BF8B3403004B340300C6
:10D2300034F20200FA3403001E35030057350300B0
:10D24000020003000200010094350300E1350300F1
:10D250003036030063360300B2360300ED360300B8
:10D260003A37030066370300A437030070B5D0E9EE
:10D2700001539C69002C67D002F4C003B3F5C00FC2
:10D280000ED133494FF46373324A33480AF0EBFB53
:10D2900032480AF0E8FB4FF463712E480AF0DAFBDB
:10D2A00063B92F494FF464732A4A2B480AF0DBFB19
:10D2B0002C480AF0D8FB4FF46471EEE702F0E86303
:10D2C000B3F1C86F0CD1284940F29333214A224868
:10D2D0000AF0C9FB25480AF0C6FB40F29331DCE7AF
:10D2E00002F0C863B3F5800F0CD121494FF4687385
:10D2F000184A19480AF0B7FB1E480AF0B4FB4FF46D
:10D300006871CAE701232D688B402B420CD11A4962
:10D3100040F2A5330F4A10480AF0A5FB17480AF05F
:10D32000A2FB40F2A531B8E7150205D505692D68C5
:10D330002B4218BF82F0C062114BA446BDE870407A
:10D34000134002F0B07260476FF0570070BD00BF2D
:10D35000B63703004B34030034F2020003380300F5
:10D360002F3803005F3803008A3803001D3903009B
:10D3700071390300D839030066370300A43703006E
:10D3800040000006012310B503FA01F14368046967
:10D390001B6819420ED10E4940F2A2630D4A0E4895
:10D3A0000AF061FB0D480AF05EFB40F2A2610948F9
:10D3B0000AF050FB2368194203D022B183681B692D
:10D3C00003E0002AFAD08368DB68BDE81040184704
:10D3D000663703004B34030034F20200A437030025
:10D3E0002DE9F84307460026164DDFF85C80DFF88C
:10D3F0005C902868CFB140451AD048450CBF4FF02B
:10D4000098634FF0E863EA88297902F040021A43F2
:10D41000FFF72CFF044670B1012103460C4A0D486A
:10D420000BF074F92046BDE8F8834FF40013EAE7E7
:10D430004FF09863E7E70136042E05F10805D8D1CF
:10D44000F0E700BF48E9020084D20200A0D2020047
:10D450001D3A030014DE020008B5034903480DF02D
:10D4600072FE6FF0150008BD3D3A030014DE0200A5
:10D4700070B50446EFF31186402383F31288BFF39F
:10D480006F8F234805F046FE68B98423214A22495C
:10D4900022480AF0E8FA1E4921480AF0E4FA8421F9
:10D4A0001C480AF0D7FA1F4D194805F057FE2B7893
:10D4B000BBB91D4B9C4202D01C4B9C420AD10020A0
:10D4C000FFF78EFF18B11A491A480DF03CFE0022F2
:10D4D000194B1A70012320222B701848002304F0E6
:10D4E000CBF90B4805F024FE68B94FF49973094A4B
:10D4F00013490A480AF0B7FA054912480AF0B3FA84
:10D500004FF49971CCE786F31188BFF36F8F70BD2C
:10D51000CC33002072F50200AEF5020034F20200B6
:10D52000C3F50200893A002084D20200A0D2020092
:10D53000583A030014DE0200883A002098250020A3
:10D54000D9F50200F0F5020008B5034903480DF0D3
:10D55000FAFD002008BD00BF743A030014DE02008B
:10D560002DE9F74300244FF0010825461B4E306893
:10D570003779436808FA07F71B681F420ED118492C
:10D5800040F24963174A18480AF06DFA17480AF042
:10D590006AFA40F2496113480AF05CFAD0F8109038
:10D5A000836801A95B689847002807D00CDAFFF769
:10D5B000CBFF0024204603B0BDE8F083D9F800205B
:10D5C000019B53403B4202D008FA05F31C4301354E
:10D5D000042D06F10806CAD1ECE700BF48E90200B5
:10D5E000663703004B34030034F20200A437030013
:10D5F0002DE9F041074688460025104E27FA05F22E
:10D6000012F0010210D128FA05F3DB070ED53179AB
:10D610003068FFF7B7FE044640B1094909480DF0EC
:10D6200092FD2046BDE8F0810122F0E70135042D8E
:10D6300006F10806E2D10024F3E700BF28E9020062
:10D64000893A030014DE02002DE9F041444F3B7893
:10D6500053B10020FFF7C4FE28B142494248BDE85B
:10D66000F0410DF070BD3870FFF77AFF04463F4B74
:10D67000D3E8EF2FC3E8E14F0029F9D13C4BDFF8A5
:10D68000F4801A7842BBD8F80060A64219D03A4B11
:10D6900066401B680BB1314698474FF0FF334FF09F
:10D6A000FF32364802F0A0FE354B1D6835B1043D0F
:10D6B0002B683146204698476D68F7E72F4802F0FF
:10D6C0005BFFC8F8004054B1BDE8F04140F23912A8
:10D6D00000232C4804F0D0B800221A70F1E7EFF3D1
:10D6E0001186402383F31288BFF36F8F264805F01D
:10D6F00011FD68B98423254A254926480AF0B3F963
:10D70000214925480AF0AFF9842120480AF0A2F9FE
:10D710001D4805F023FD214B1D78012D05D128461C
:10D720001C70FFF75DFE04463D70174805F000FDD4
:10D7300068B94FF49973154A194916480AF093F9D4
:10D74000114918480AF08FF94FF49971DDE786F313
:10D750001188BFF36F8F0CB113497FE7BDE8F081EB
:10D76000883A00209F3A030014DE0200DC330020D8
:10D77000FE0A0020AC330020E0330020B03300204C
:10D78000C433002098250020CC33002072F502001D
:10D79000AEF5020034F20200C3F50200893A00201F
:10D7A000D9F50200F0F50200B83A030070B5002682
:10D7B0000C4CE2882068217942F40032FFF7A2FC89
:10D7C000054648B90136042E04F10804F1D1BDE83C
:10D7D00070400F21FFF70CBF034904480DF0B3FC64
:10D7E000284670BD28E90200D03A030014DE02008A
:10D7F000054BD3E8AF3F00B10360044811B10268A4
:10D800005A400A6003607047DC330020A8330020D0
:10D810002DE9F8433A4B18603A4D3B480DF02DFF87
:10D820002E464FF000082F46F288306812F0010FA4
:10D830000CBF2023102331791A4342F48032FFF7C2
:10D8400061FC044630B1314931480DF07CFC204682
:10D85000BDE8F88308F10108B8F1040F06F10806E5
:10D86000E2D1064680464FF00109EA88286802F0B6
:10D870004002297942F40012FFF7F8FC044608B18F
:10D880002449E1E72B7908F1010809FA03F3B8F11B
:10D89000040F46EA030605F10805E6D10546DFF860
:10D8A00078801E4BC8E9013657F835008368DB697C
:10D8B00033B1012241469847044620B11849C3E7D5
:10D8C0006FF05704FAE70135042DEDD115491648DC
:10D8D00003F09AFE0122154B13481A700023002210
:10D8E00003F042FF21462046FFF782FFFFF738FE94
:10D8F0000F4BD3E8EF2FC3E8E10F0029A7D0F8E7DB
:10D90000E033002048E90200B0330020EA3A030087
:10D9100014DE0200073B0300D033002071D4010065
:10D92000223B030049D6010098250020893A0020B7
:10D93000DC33002003280A4610B505D9FFF78CFD1B
:10D940006FF01504204610BD074B03EBC0010979A9
:10D9500053F83000FFF716FD04460028F2D00349C3
:10D9600003480DF0F0FBEDE728E90200893A0300D7
:10D9700014DE020002460B46014802F035BD00BF2E
:10D980002C0C0020014802F0F7BD00BF2C0C002039
:10D990001FB500230A2201930293CDF80B300091AA
:10D9A000014601A80FF07BFB4FF4AC73074A08490E
:10D9B00008480AF058F8084801A9009A0AF053F8F4
:10D9C0004FF4AC7101480AF045F800BF4A3B030030
:10D9D0009543030034F20200923B030003460A46DB
:10D9E00010B5114881680C6864B910496623104A63
:10D9F00010480AF038F810480AF035F866210C484B
:10DA00000AF028F81946A04768B10C494FF436735C
:10DA10000B4A08480AF027F80A480AF024F84FF49D
:10DA200036710748ECE710BDBCD20200FD3B030095
:10DA3000BA3B030034F202001D3C0300172D030023
:10DA40004A3B0300433C030008B50A490A480DF06D
:10DA50009AFE00280CDA09492F23094A09480AF0DE
:10DA600002F8094809F0FFFF2F21054809F0F2FFED
:10DA700008BD00BFE8330020502D0020954303006F
:10DA80007D3C030034F20200B53C0300094B93F8DF
:10DA90004A30042B02D1810709D47047022B02D1EE
:10DAA000020704D47047082B03D1830601D5FFF782
:10DAB000CBBF70478A3A0020F0B589B0064600AF68
:10DAC0000D463448344903F059FB07F10C00EBF7DD
:10DAD000F4FA6C4688B06A46304B0593304B069397
:10DAE0004FF40073ADF81C302E4B42F8103F2E4916
:10DAF0002E4807F10C03F2F71BFAA5462C480DF04F
:10DB000075FD50B901212B4A28480AF0F6FD6FF047
:10DB1000120420462437BD46F0BD274B381D7B60DC
:10DB2000E3F7CEF9034638B10121244A1F480AF031
:10DB3000EDFD6FF01504ECE74FF0FF304FF0FF31D3
:10DB4000FFF718FF04460028E3D11D491D48E2F7FE
:10DB50000DFE044610B1FFF715FFDAE741F64C530E
:10DB600007F10800BB60E4F74BFA20B1FFF70AFFAA
:10DB70006FF08504CDE7012338463B70ECF7A7FA38
:10DB80000028F3D1FFF7FEFE33690F481D60F4F75C
:10DB9000A7FFBEE7E833002011B202005E0F0300CA
:10DBA000D83C030003000001C01C4001DCDD020082
:10DBB000BCD20200FF3C0300DDD901001F3D030081
:10DBC000C82500209DDC01008DDA010030B5304809
:10DBD00087B0E2F74FFD0446002854D10125E2F753
:10DBE00003FEE2F70DFEEBF76AFAEBF76AFAEBF7E2
:10DBF0006AFAEBF76AFA0221204603AA8DF80C5064
:10DC0000E2F766FD00283DDB08230721204603AA32
:10DC1000ADF80C30E2F75CFD002833DB4FF0451324
:10DC2000039340F203230321204603AAADF81030EA
:10DC3000E2F74EFD002825DB0421204603AA8DF8DB
:10DC40000C50E2F745FD00281CDB1F23062120466F
:10DC500003AAADF80C30E2F73BFD002812DB40F2DE
:10DC60008673984212D90B4A009029460A480AF056
:10DC700057FD84F31188BFF36F8F0423184602DF2A
:10DC80006FF00B000446204607B030BD2046F9E790
:10DC900091D90100433D0300DCDD020073B53F4C28
:10DCA00094F84A302BB394F84A30042B54D120789E
:10DCB0003E2831D1A678B31E5E425E4163780233BE
:10DCC0004A2B2BD94A22012100923548354A0AF0C5
:10DCD00027FD6FF00B030121334A31480AF016FD8E
:10DCE000002383F31188BFF36F8F0423184602DFEC
:10DCF0001DE04FF0FF304FF0FF31FFF73BFE48B91A
:10DD0000204604F14A0100F037FB0546FFF73AFED2
:10DD1000002DC8D002B070BD0026CFE7002200233E
:10DD20003146F4F7E7FE054648B9002EF2D000234D
:10DD300084F84A3002B0BDE87040FFF785BE6278D3
:10DD40000232164905F10C000AF0A0FF174B2946D4
:10DD50001B6817489847EAE7022B0DD100220023E1
:10DD60000820F4F771FE05460028D3D063880433F9
:10DD70004A2BA7D81A46E4E7082B09D10023002232
:10DD80002020F4F761FE638805460028EFD1C1E743
:10DD90000121084A02480AF0B9FCC8E78A3A002083
:10DDA000DCDD0200663D0300C03D0300E4330020DB
:10DDB000F4D20200873D03002DE9F341A94D074647
:10DDC0002C78002C40F0D08204238DF80730A64B2D
:10DDD0000688D3F80080B8F1000F15D1B6F5105FB2
:10DDE0004FEA96230BD2002B00F0B182013B072BA8
:10DDF00062D8DFE803F026614D95616161DD3F2B5C
:10DE000000F0E881012023E20DF106030DF1070285
:10DE1000691CC0470128E1D09DF8063013B90128DC
:10DE200040F098820F236B700423AB700123E870DD
:10DE30002B71A5F80560012300202B7002B0BDE80E
:10DE4000F081384640F2064230F9033B934219D044
:10DE500040F21D42934218D0012042F219039E4223
:10DE600000F2628242F20C039E4200F2568240F2BD
:10DE7000064340F21D429E4218BF964214BF012441
:10DE8000002430E0E3F76AFEE7E7E3F7DDFEE4E7CE
:10DE9000384640F6634230F9033B934234D00EDCFF
:10DEA00040F60342934223D040F62D42934222D0C3
:10DEB00040F60142934213D00120044613E040F69D
:10DEC0007B42934223D040F67C429342F4D19DF8AA
:10DED0000730664902338DF80730ECF795F801E01A
:10DEE000E2F7CCFC012484F001038DF8063093E7BF
:10DEF000EBF7DAF8F6E79DF807305C4903338DF865
:10DF00000730EBF7B9FEEDE7E2F7CAFCEAE79DF868
:10DF10000730564904338DF80730ECF767F8E1E72E
:10DF20003B88A3F58053013B082BC5D801A252F8CA
:10DF300023F000BF59DF01006BDF01007FDF01002C
:10DF4000B9DE0100B9DE0100B9DE0100B9DE010071
:10DF5000B9DE01009FDF01009DF807304348083318
:10DF60008DF80730EBF776FEBCE79DF807303F48A9
:10DF700040338DF807300DF04DF90020B2E7002254
:10DF80009DF8073008338DF80730384B1A605A6017
:10DF9000EB7A23F0600343F06003EB72EDE79DF84A
:10DFA0000730324806338DF80730EBF79AFE99E7D1
:10DFB000384630F8033BA3F50053013B4D2B00F2EC
:10DFC0009D81DFE813F0550062006B009B01740037
:10DFD00077009B017A007D0080009B019B019B01E3
:10DFE0009B019B019B019B019B019B019B019B0151
:10DFF000830086008F009B019800A100AA009B016E
:10E000009B019B019B019B01BF009B01C8009B01E1
:10E010009B01CB00CE00D100D4009B019B01DD0011
:10E02000E000E300EC00F500F8009B019B019B0180
:10E030009B019B019B019B019B019B019B019B0100
:10E040009B019B019B019B019B019B019B019B01F0
:10E050009B019B019B019B019B01FB009B019B0181
:10E06000040100BFD53A0020F8330020DC3A00203C
:10E07000E2F720FC42F264039E423FF434AF42F2E6
:10E0800064039E4200F2E480E7E69DF80730B8485A
:10E0900003338DF80730E3F757FDEBE79DF80730C2
:10E0A000B34808338DF80730EBF72EFFE2E7EBF7C4
:10E0B00034FEDFE7E3F7A4FEDCE7EBF752FFD9E736
:10E0C000EBF72AFFD6E7E3F7F5FED3E7EBF70CFF14
:10E0D000D0E79DF80730A64910338DF80730EBF7ED
:10E0E000F7FDC7E79DF80730A14808338DF80730E2
:10E0F000EBF7BCFDBEE79DF807309D4902338DF874
:10E100000730EBF753FFB5E79DF807309849023326
:10E110008DF80730EBF75BFFACE79DF80730002088
:10E1200008338DF807308F23EB71CC232B7230230B
:10E130006B72EC23AB72C023EB72012368732B73F9
:10E14000A87397E79DF80730894902338DF80730A7
:10E15000EBF7F2FD8EE7E3F733FD8BE7EBF70FFD0F
:10E1600088E7EBF72FFD85E7EBF762FD82E79DF887
:10E1700007307F4801338DF80730EBF767FD79E70B
:10E18000EBF746FD76E7EBF73AFD73E79DF80730CE
:10E19000774808338DF80730EBF7FEFD6AE79DF806
:10E1A0000730734904338DF80730EBF720FE61E741
:10E1B000E3F71EFD5EE7EBF760FE5BE79DF80730D7
:10E1C0006B4802338DF80730EBF771FD52E7EBF740
:10E1D000F3FD4FE738464FF60C5230F8033B9342BD
:10E1E00022D84FF60252934212D803F2FF3292B273
:10E1F0000A2A3FF607AEA3F57C43013B0A2B7FD8E2
:10E20000DFE803F01E347E7E7E5B7E7E49525E0038
:10E21000A3F57D43033B092B72D8DFE803F05A7165
:10E220005D717171607171634FF6145293425CD0ED
:10E230004FF6165293427FF4E5ADE3F7E9FE07E0AF
:10E240009DF807304A480C338DF80730EAF73FFF56
:10E2500042F285039E4274D842F267039E4251D82F
:10E2600042F26603F41A18BF01243CE600209DF830
:10E27000073040338DF807303D4B1880EB7923F0A1
:10E28000230343F02303EB712B7A23F0070343F0BE
:10E2900007032B72DCE79DF80730354817338DF8FC
:10E2A0000730EAF72FFFD3E79DF8073030482033D7
:10E2B0008DF80730EAF74AFFCAE7EAF721FFC7E718
:10E2C0009DF807302A4801338DF80730EAF75BFFE5
:10E2D000BEE7EBF7FCFEBBE7E3F792FEB8E7EAF731
:10E2E00068FFB5E7EBF7DCFEB2E79DF807302049A1
:10E2F00004338DF80730EAF760FFA9E70120B9E69B
:10E300000120BCE6A6F50153283B9AB2194BD34035
:10E3100003F0010383F00104E5E5A6F500530D3B8E
:10E320009AB241F24123F2E742F232039E423FF4B5
:10E33000DAADA6F50153033B012B94BF0024012461
:10E34000D1E54FF6025226F008039C1A8BE7012410
:10E350002046C8E59DF807300E22AB7001236A7095
:10E36000EB70AE80A87166E54FF0FF3066E500BF48
:10E37000DC3A00202F80402038B5094C0D46237828
:10E380001BB9BDE83840EAF7F9BFA278611C023238
:10E390000EF040FE0020042320702B7038BD00BF1B
:10E3A000D53A002070B506460C460F4D28460DF0B4
:10E3B0001DF9A8B1A2B2AB681B6863B90B4966230B
:10E3C0000B4A0C4809F04FFB0B4809F04CFB662147
:10E3D000074809F03FFB31462846BDE87040184722
:10E3E0006FF0120070BD00BFBCD20200FD3B030005
:10E3F000BA3B030034F202001D3C03004FF40071ED
:10E40000014805F0EDBC00BF1D3B00201FB50023F7
:10E410000A2201930293CDF80B300091014601A826
:10E420000EF03DFE40F24D13074A0849084809F036
:10E430001AFB084801A9009A09F015FB40F24D119A
:10E44000014809F007FB00BF183E03009543030095
:10E4500034F20200543E0300322337B50125ADF8F3
:10E46000043000231C216846134A8DF80630ADF8AD
:10E4700000508DF80230EAF79FFB0446C8B90CF053
:10E480000EFB80B2E9F750F829460C48EEF748F841
:10E49000044670B901462A468520F3F71FF82A463C
:10E4A0002146E520F3F71AF82A4621468A20F3F799
:10E4B00015F8204603B030BD0DE401000034002003
:10E4C00008B54FF0FF304FF0FF31FFF753FA48B176
:10E4D00007490848E623084A09F0C5FAE621064834
:10E4E00009F0B8FAEEF74CF9BDE80840FFF74ABA70
:10E4F0006B3E030034F20200183E0300024608B5EA
:10E500000A480B460A4903F0ABF800280CDA09491F
:10E510004723094A094809F0A6FA094809F0A3FA6D
:10E520004721054809F096FA08BD00BF502D00208C
:10E53000F8060020954303007D3C030034F20200FE
:10E54000783E030008B50A490A480DF01CF9002876
:10E550000CDA09492F23094A094809F084FA0948C5
:10E5600009F081FA2F21054809F074FA08BD00BFAF
:10E5700064340020502D0020954303007D3C0300AF
:10E5800034F20200B53C03000122054B05491A6331
:10E59000A3F54023D3F818050860C3F81825704781
:10E5A00000E01050603400200122044B5A63044BF9
:10E5B0001A68044BC3F81825704700BF00E01050DC
:10E5C0006034002000E0045003460221014A024862
:10E5D0000AF09CB8B23E03006CDE020028B10228AB
:10E5E00006D10420034B1B681847024B1B68FBE74E
:10E5F000FFF7EABF7434002010B538B101280BD101
:10E60000BDE8104000200B49E8F79EBE0A4B0220EF
:10E61000BDE810401B68184708494C23084A0948C0
:10E6200009F021FA084809F01EFA4C21044809F0C3
:10E6300011FA00BFDDE501007434002095430300AA
:10E64000CE3E030034F202001A3F030008B598B131
:10E65000012804D1BDE808400020E8F791BE074931
:10E660005F23074A074809F0FEF9074809F0FBF95C
:10E670005F21034809F0EEF908BD00BF9543030090
:10E68000CE3E030034F202001A3F0300014B186033
:10E69000002070477434002038B5304C0D46237C80
:10E6A000834209D02E4960232E4A2F4809F0DBF916
:10E6B00060212C4809F0CEF904F13803D3E8AF3FCC
:10E6C0002BBB09293DD8DFE801F0053C3C3C3C244C
:10E6D000241F3C22A369D3E900209047012808D0D9
:10E6E000224B984203D00223606384F82C302048E8
:10E6F0000EE042F21073A362032384F82C301D4B0A
:10E7000084F821002363F2E7144802F0BDF90020E9
:10E7100038BD002384F82130174B207C1549A362B3
:10E72000EDF73FFF04460028F1D058230D4A134966
:10E730000D4809F098F92146114809F094F958213B
:10E74000B7E79323074A0F49074809F08CF9294690
:10E750000D4809F088F99321ABE700BF7834002019
:10E76000833F03003A3F030034F202001F64660255
:10E77000A434002094340020FF3F420FA53F030043
:10E78000AE3F030095430300D13F03000122002167
:10E7900001480CF097BF00BF78340020014B58614E
:10E7A000704700BF78340020F8B54FF0FF310646BF
:10E7B0004FF0FF30FFF7DEF8054648B14849BF2368
:10E7C000484A494809F04FF9BF21464809F042F943
:10E7D00046494748EAF730F90446FFF7D3F8002CDA
:10E7E00008DA444823460121434A09F08FFF6FF0BD
:10E7F0000B00F8BD40F20113404C23846369A6610D
:10E800006433636242F21073A3626FF0730325777F
:10E81000636304F13806D6E8EF3FC6E8E25F002AFA
:10E82000F9D1A36837463BB13549D5232D4A2E4847
:10E8300009F019F9D521C8E74FF0FF304FF0FF314B
:10E84000FFF798F838B12649D823264A264809F018
:10E850000AF9D821B9E7207C04F11C01EDF7A1FEEB
:10E86000054658B1DA231F4A26491F4809F0FBF82C
:10E870002946254809F0F7F8DA21A6E7FFF782F8DC
:10E8800000232046214A02F07DF900280BDA0121FD
:10E890001F4A184809F031FF0123D7E8EF2FC7E8D6
:10E8A000E13F0029F9D14FF0FF304FF0FF31FFF782
:10E8B00061F838B10A49E5230A4A0B4809F0D3F850
:10E8C000E52182E7207CEDF74EFEFFF75BF8D6E806
:10E8D000AF3F13B1094802F0CFF9606B89E700BF81
:10E8E0006B3E03003A3F030034F2020088340020FC
:10E8F00099E601002CDE0200E93F03007834002095
:10E900000F400300A53F0300AE3F03000E720B0053
:10E91000362D030003689A070CD50368DB070DD575
:10E920000922074BC3F80C250F22C3F80425012246
:10E930001A60FEE7034B0360EF3B0360704700BFC4
:10E9400000801050F000FA5008B50123304A3148D9
:10E95000C2F80038A2F55722D2F800242E4AD2F885
:10E960004023272A04BF2D4AC2F80C34FFF7D2FFF8
:10E970000830FFF7CFFF0830FFF7CCFF0830FFF774
:10E98000C9FF00F5F470FFF7C5FF254AD2F88C30B7
:10E9900043F44063C2F88C300022D30003F57F03B8
:10E9A00003F54043D3F8001401310AD0D3F8001422
:10E9B00039B1D3F800140132D3F80434402A0B6083
:10E9C000EBD1184BD3F80026D2071CD4164B1449B0
:10E9D000D3F8182522F00302C3F81825D3F8182518
:10E9E00042F00302C3F81825D1F88C2042F44062AB
:10E9F000C1F88C200022C3F8A0250C4AD2F80034BC
:10EA0000012BFBD008BD6FF00102C3F80026DDE743
:10EA10000000125000F50E5000C0FF0000300550FD
:10EA200000ED00E000E0105000E0045000900450C1
:10EA3000034A4309D35C00F01F001844C0B270477A
:10EA40003E55030010B504460846FFF7F1FF04EBFE
:10EA50004000838ADA051CD5C3F3432123F4F8531D
:10EA6000838204F1120204F1500032F8023F13F4E1
:10EA7000807F03D0C3F3432399420AD09042F4D15C
:10EA8000002204EBC1035A6004F158000CF069FC49
:10EA900000B910BD054906484FF4DB73054A08F07C
:10EAA000E2FF4FF4DB71034808F0D4FF172D030099
:10EAB00034F202004B40030008B5026801461046DC
:10EAC0000CF068FC58B910494FF482630F4A1048A3
:10EAD00008F0C9FF4FF482610C4808F0BBFF02F058
:10EAE0001F0352090B600BD0012A0BD0094940F2D9
:10EAF0001943064A064808F0B6FF40F21941EBE711
:10EB0000054808BD0548FCE71E330300DC3203005E
:10EB100034F202009543030000A0105000820D5013
:10EB2000072808B50BD90849084840F2A733084A16
:10EB300008F099FF40F2A731054808F08BFF8000EC
:10EB400000F5807008BD00BFDC40030034F2020015
:10EB500098400300024611F0010010B50BD18B075D
:10EB6000C1F340000DD50749086A506008620038BB
:10EB700018BF012005E0044C236A13602362002BB8
:10EB8000EDD010BD00820D5000A01050F7B5044626
:10EB90000846FFF74DFF04EB4006B38A0D46DB073E
:10EBA0002AD520460CF0E7FC294620460CF003FC51
:10EBB00050B120460CF02EFC0023276807EB8000A4
:10EBC000C0F81035C0F81035204600242946FFF75C
:10EBD00039FFB48201A80195FFF76EFF019B00EB9E
:10EBE0008300D0F88020064B134043F00203C0F8A6
:10EBF0008030204603B0F0BD6FF01500FAE700BF8B
:10EC0000F0F0FCFF2DE9F0430E461746044685B0B0
:10EC100058B95A495A4840F25E435A4A08F023FF0D
:10EC200040F25E41574808F015FF0846FFF700FF25
:10EC3000D7F800800546B8F1000F19D020460CF037
:10EC4000DEFB18BB4346CDE900008DF80E008DF8C1
:10EC50000F000DF10F0230460DF10E010CF003FC18
:10EC600004EB4502938A23F0020343F001039382ED
:10EC70007B689BB33146204693F80080D3F804901C
:10EC80000CF0B2FB28B1B9F1000F1FD06FF01500E6
:10EC900027E004EB4500838A23F4604323F020033C
:10ECA0008382B9F1000F11D0B8F1030FEED87B6861
:10ECB00021685B6893F800C04FEA8C031944B8F1EF
:10ECC000000F11D1C1F81085C1F8108504EB450281
:10ECD000938A23F01C0343EA88039382BB684BBBEF
:10ECE000002005B0BDE8F083D1F8102522F0030222
:10ECF000C1F8102522681344D3F8102522F44732B6
:10ED000022F47C72C3F8102541F6F072D3F8101586
:10ED100002EA061242EA08420A43C3F8102504EB4D
:10ED20004C03A3F85C60838A43EA4C3343F020032E
:10ED30008382CBE73146D3E900782046FFF782FE95
:10ED4000002FCDD063689F4206D004F158000CF02C
:10ED5000EEFA002804DAC4E7A3689845F5D100204C
:10ED600004EBC003C3E9017804EB4505AB8AC0B2EC
:10ED700043EA402343F48073AB82B1E7E6400300EB
:10ED800034F202004B4003002DE9FF410D461646C8
:10ED90001F46044658B93B493B484FF48D633B4AF4
:10EDA00008F061FE4FF48D61384808F053FE0846C4
:10EDB000FFF73EFE804616B320460CF015FB18B94F
:10EDC00020460CF0F8FA08BB294620460CF0FEFA63
:10EDD00010B17378012B19D001238DF80F30002367
:10EDE000721CCDE900632846B31C0DF10F010CF035
:10EDF0003AFB04EB4802938A43F003039382002F0B
:10EE00003ED0294620460CF0EFFA20B96FF01500ED
:10EE100004B0BDE8F08100223E78236804EB48008E
:10EE200003EB8603C3F81025C3F81025838A4FEA45
:10EE3000860C23F4604323F0200383827978F9B1B0
:10EE40002268134B6244D2F81045BF782340C2F8C1
:10EE5000103541F6F073090401F4403103EA05135B
:10EE60000B433905D2F8104501F480110B432343BD
:10EE7000C2F81035838A43EA463343F02003838285
:10EE80000020C5E7E640030034F202004B400300D7
:10EE90000FE0ECFF08B558B90749084840F2714344
:10EEA000074A08F0E0FD40F27141054808F0D2FD44
:10EEB000C0E9031208BD00BFE640030034F20200BF
:10EEC0004B40030070B51546044658B9134940F24B
:10EED0007A43134A134808F0C6FD40F27A411048BD
:10EEE00008F0B8FD4AB9104940F223330C4A0D48E6
:10EEF00008F0B9FD40F22331F1E70CF05CFA48B1BB
:10EF00000846FFF795FD04EB40040020A38A5B0B45
:10EF10002B7070BD6FF01500FBE700BFE6400300EB
:10EF20004B40030034F20200F1400300F8B5044600
:10EF300058B91B491B484FF491631B4A08F093FDD5
:10EF40004FF49161184808F085FD90F86C5090F8E6
:10EF50006D7015BB3E22294614300EF081F8134B1C
:10EF6000266853F83770AF4212D1002540F20D10D9
:10EF7000C6F84451D6F844310D4B9E4208BFDB2001
:10EF8000F2F78AFA0123284684F86C30A365F8BDAD
:10EF9000E8B2FFF7C5FD0135E5E76FF07700F6E76A
:10EFA000E640030034F202004B40030074E9020023
:10EFB00000A00D5008B558B90849094840F28F43E0
:10EFC000084A08F050FD40F28F41064808F042FD23
:10EFD00090F86C00003818BF012008BDE64003001F
:10EFE00034F202004B40030008B558B907490848FD
:10EFF00040F29D43074A08F036FD40F29D41054826
:10F0000008F028FDBDE80840FFF7C0BDE64003005A
:10F0100034F202004B40030008B558B90A490B48C6
:10F0200040F2A4430A4A08F01EFD40F2A4410848F9
:10F0300008F010FD074B90F86D0003EB8000BDE871
:10F0400008400CF08EB900BFE640030034F2020025
:10F050004B400300500A002010B50C4658B90C492B
:10F060000C4840F2AB430C4A08F0FDFC40F2AB41C7
:10F07000094808F0EFFC094B90F86D0003EB8000A5
:10F080000CF055F90028A4BF2070002010BD00BF6F
:10F09000E640030034F202004B400300500A002017
:10F0A0002DE9F3410D461646044658B938494FF448
:10F0B000A563384A384808F0D6FC4FF4A5613548B6
:10F0C00008F0C8FC0CF082F948B9344940F23543E5
:10F0D000304A314808F0C7FC40F23541EFE720469E
:10F0E0000CF069F92768F8B120460CF07DF98046EC
:10F0F000D0B920460CF08EF90546FFF711FD47F810
:10F1000000803B58236803EB8503D3F8102542F0B9
:10F110000102C3F8102526B101232268AB40C2F8D2
:10F12000143302B0BDE8F081D7F814339B035CBF01
:10F130004FF40033C7F814334EB9194940F24F4326
:10F14000144A154808F08FFC40F24F41B7E72846B3
:10F15000FFF76EFC04EB4004A38AC3F38203042B85
:10F1600011D0052B11D001A80195FFF7A5FC019B3B
:10F17000C168D94001F001010231284602B0BDE862
:10F18000F0410CF0BDB90321F7E70221F5E700BF1C
:10F19000E64003004B40030034F20200FB40030052
:10F1A0001C41030008B558B90749084840F22F53DD
:10F1B000074A08F058FC40F22F51054808F04AFC75
:10F1C000BDE808400CF0D7B9E640030034F2020075
:10F1D0004B4003002DE9F04F07468DB058B97349F5
:10F1E000734840F25C63734A08F03DFC40F25C6196
:10F1F000704808F02FFC804658F804AB90F86D403A
:10F20000DAF814136C4BC9B253F83420504641F469
:10F2100000310CF084F98203054639D50023CDE98D
:10F220000A33654BE60003EBC40463680AA8194679
:10F230000193FFF78FFC331D04934FF0000B5F4BDE
:10F240000DF128090393039A5B4912F8013B0392DD
:10F25000049A02EBD3028A5C03F0070322FA03F359
:10F26000DB071BD40BF10103022B4FF0010B09F15B
:10F270000409E8D14FF40031002250460CF04FF958
:10F2800001990AA8FFF766FC0028D6D125F40035BD
:10F290000124002D74D10DB0BDE8F08F484B5B44C4
:10F2A0000593D9F800100029DCD091FAA1F1B1FA48
:10F2B00081F1059B1C7841EA44142046FFF7B8FB16
:10F2C00007EB4000828AC808C2F38203CDE9062317
:10F2D0000293012319F8006001F0070103FA01F11C
:10F2E00026EA010109F8001009A80994FFF7E4FBD8
:10F2F0000999069A203150F8216012F0100F079BEF
:10F30000C6F3014623D021464046029A0CF08CF801
:10F3100009A80994FFF7D0FB099BF6B2203350F8F7
:10F320002330C3F301439E4207D1002120460CF055
:10F33000E7F8314620460CF0E3F809A80994FFF7F6
:10F34000BBFB0122099B02FA03F30362A9E7022E29
:10F3500014BF02210321204606930CF0D1F8069B2E
:10F36000032B03D0022E07D1012BE6D121464046C4
:10F37000029A0CF059F8E0E7032EDED1022BF4E7F5
:10F3800095FAA5F3B3FA83F304FA03F225EA02052A
:10F3900003F5A2725AF8222007EB43034046B3F864
:10F3A0005C10C2F301420CF03FF872E7E640030044
:10F3B00034F202004B40030074E902004E55030092
:10F3C0004E5503000123034A03FA00F093680343F8
:10F3D000936070472807002073B504460191EFF34E
:10F3E0001186402383F31288BFF36F8F0B4D019B6F
:10F3F0006A6801A8134001930BF099FF002807DB0E
:10F4000001226B68824023EA02036B6020700020B7
:10F4100086F31188BFF36F8F02B070BD28070020FC
:10F4200008B5154B027AD3F8101521F001010A43F3
:10F43000C3F810250268B2F5803F0BD30F4940F2A4
:10F44000B9730F4A0F4808F00EFB40F2B9710C482F
:10F4500008F000FBC3F8A4264268FF2A09D90A492C
:10F4600040F2C473064A074808F0FDFA40F2C4713E
:10F47000EDE7C3F8AC2608BD00200E50694103003B
:10F480002741030034F20200914103000B2808B524
:10F4900001D800290BDA0B490B4840F216530B4AEE
:10F4A00008F0E1FA40F21651084808F0D3FA0001DA
:10F4B00000F1A04041EAC27100F56220C0F82815B1
:10F4C00008BD00BFCB41030034F202002741030016
:10F4D0000B2808B50BD90B490B4840F20B530B4ACC
:10F4E00008F0C1FA40F20B51084808F0B3FA0001E5
:10F4F00000F1A04000F56220D0F82415D0F82005D6
:10F5000008BD00BFB741030034F2020027410300E9
:10F510000B2808B50BD911494FF4A063104A1148C4
:10F5200008F0A1FA4FF4A0610D4808F093FAB3F582
:10F53000801F09D30C4940F20253094A094808F0D8
:10F5400092FA40F20251EFE7000100F1A04000F50D
:10F550006220C0F82025C0F8243508BDB74103005B
:10F560002741030034F2020007420300012303FA9B
:10F5700000F010F0670F0AD0064B5B68DB4303F026
:10F58000670303420CBF6FF01500002070474FF077
:10F59000FF3070472807002038B50F4B1B78012B30
:10F5A0000ED14FF0FF306FF040410C4CD4E90023F6
:10F5B000904271EB0305F9D31046C3F3130138BD34
:10F5C0000749084840F21913074A08F04CFA40F27C
:10F5D0001911054808F03EFA2807002040270E5070
:10F5E0006F42030034F202002442030030B50C25C0
:10F5F000074B1C1894F8544005FB0433C3E903126D
:10F6000018750123034A8340C2F8243330BD00BF7C
:10F610002807002000200E50F0B5504D85B02C7802
:10F62000002C40F095804E4A01AB07CA83E80700E2
:10F630004C491846D1F8102522F00202C1F81025D5
:10F64000FFF7EEFE0723672202F001012144013B90
:10F65000CCB24FEA5202F7D1052C7CD119464FF0BB
:10F66000010C3E4E00246720CFB204E00CFA02F2F7
:10F6700020EA0200013490FAA0F25FFA84FE774596
:10F68000B2FA82F2F2D80131327505292A4482F8A1
:10F69000547006F10C06E5D10121002432489A0885
:10F6A00001FA02F212F0670F18BF1C500433302B1E
:10F6B000F5D1E420F1F7F0FE2A4B0024D3F8102511
:10F6C000012622F00202C3F8102540F6FF72C3F8AB
:10F6D0002823C3F88041C3F88040C3F88441C3F8AD
:10F6E0008440C3F88841C3F88840C3F88C41C3F80C
:10F6F0008C40C3F89041C3F89040C3F89441C3F8DC
:10F700009440C3F89841C3F89840C3F89C41C3F8AB
:10F710009C40C3F8A041C3F8A040C3F8A441C3F87B
:10F72000A440C3F8A841C3F8A840C3F8AC41C3F84B
:10F73000AC401E660D4B0E4A1B685D20B3FBF2F316
:10F7400058430C4B3343984720462E7005B0F0BD0C
:10F750006FF07700FAE76FF08B00F7E728070020DB
:10F76000ACDF020000200E5000210E504C0A002099
:10F7700040420F00D0E2020038B52C4B0D461B78FA
:10F78000012B0BD02A492B4840F206232A4A08F0C5
:10F790006AF940F20621284808F05CF9274BD3F8B3
:10F7A000102594073CD4D3F8102542F00202C3F888
:10F7B0001025C0B1D3F8482712F0010202BFD3F8D8
:10F7C000481741F00101C3F848171C4BD3F8401704
:10F7D000D3F844174800F9D42AB9D3F8482722F0BF
:10F7E0000102C3F84827164B164A1B68B3FBF2F315
:10F7F000124A03EB4313B3B1D2F84017D2F84417BF
:10F8000049000BD44FF0FF312846FFF7E5FD0446D1
:10F8100010B92878FFF7D6FD204638BD013BEAE74E
:10F820006FF07704F8E76FF07304F5E7280700201E
:10F830006F42030034F202002442030000200E5005
:10F840004C0A002040420F002DE9F04104461D46BD
:10F85000FFF78CFE904607469DF8186058B1154991
:10F86000154840F2BB23154A08F0FDF840F2BB21D1
:10F87000124808F0EFF812490B1993F854300C3382
:10F8800001EBC30041F8332045602B4620466EB1A2
:10F890000C4EA400FFF73CFE33592BB1FFF77CFE62
:10F8A0004045A94100D23751BDE8F081BDE8F041A3
:10F8B000FFF72EBE9842030034F2020024420300F8
:10F8C0002807002000210E50F8B50546FFF74EFE30
:10F8D00058B11149114840F21933114A08F0C3F8E0
:10F8E00040F219310E4808F0B5F80E48431993F864
:10F8F00054300C3350F8334000EBC30CDCF8046098
:10F90000641846F1000640F83340CCF804602846FD
:10F91000BDE8F840FFF7BABD9842030034F2020098
:10F9200024420300280700202DE9F7432C4B2D4FDC
:10F93000D3F82C6307F1880916B903B0BDE8F0834A
:10F9400096FAA6F80123B8FA88F803FA08F3D9431F
:10F9500026EA030607EB080393F854500C2303FB35
:10F960000573187D40450BD01F49204840F2B7333E
:10F970001F4A08F078F840F2B7311D4808F06AF8DD
:10F980001C4CDB684FEA880214441BB3D9E8EF3FF4
:10F9900003EA0102C9E8EC2FBCF1000FF6D123FA0B
:10F9A00008F3DB0711D5FFF793FD02460B462168EC
:10F9B0000029C1D0002121600C2101FB05752969B6
:10F9C00040460091E9688847B6E707EBC503D3E9ED
:10F9D0001823ECE72268002AAED02360ACE700BF12
:10F9E00000200E5028070020B742030034F2020026
:10F9F0002442030000210E5008B50649064840F293
:10FA0000D623064A08F02FF840F2D621034808F022
:10FA100021F800BF1E43030034F20200DB42030062
:10FA2000102908B501D9FFF7E7FF054B40EA01208F
:10FA3000C3F80005D3F80024D207FBD508BD00BFEA
:10FA400000E0045008B5124BA822002118460DF022
:10FA500007FB03220F49026142610F4A8161C261C3
:10FA60004FF480620262002282624262C2620166D8
:10FA70000A49034641661021816609490267C26648
:10FA8000426711F8010D98540132102AF9D108BDCE
:10FA90007004002044430300700000206000002038
:10FAA000605503002DE9F74F1826DFF8888081465E
:10FAB00006FB008700FB06667D6AD7F828C046442F
:10FAC0007368AC458B46144603EB050025D83B6AAA
:10FAD000A3EB050A0AF1FF3E724507D82C440DF04E
:10FAE00099FA7C62012003B0BDE8F08FE6447245CC
:10FAF0001ED8524601930DF08DFA019B2C44E41A56
:10FB000005D0224670680BEB0A010DF083FA18232A
:10FB100003FB0988C8F82440E4E70CF1FF3CACEB98
:10FB2000050C944504D325440DF074FA7D62D9E7A1
:10FB30000020D8E7700400201822034B02FB00339A
:10FB40009A6A586A801A704770040020002310B423
:10FB5000074A0849C85C12F8014D844204D10133B8
:10FB6000102BF7D110BC704710BCFFF76BBF00BF64
:10FB7000605503007004002038B5436905463BB961
:10FB80000024EA686042537843F00103537038BDA3
:10FB9000984704460028F3D000F1FF03FE2B0ED94E
:10FBA0002123094A09490A4807F05DFF29680948E5
:10FBB000224607F058FF2121034807F04BFFEB686E
:10FBC00044421C70DDE700BF4D4303007F43030048
:10FBD00034F202009743030010B50446F0F74CF8E6
:10FBE00003480121034A08F088FD20460BF009FD77
:10FBF00074DE0200BC4303002DE9F84304460D46C1
:10FC000000AFEFF31188402383F31288BFF36F8FA7
:10FC10000428324A98BF324BE9468AB09668117C74
:10FC200098BF53F820306A4688BF2E4BCDE9073184
:10FC300040F201332C48ADF824302C4BCDE90504BB
:10FC400042F8103F00234FF431512948F0F770F982
:10FC5000CD4645B1EB69C3F3080323B10121254A21
:10FC6000234808F04AFD2EB130460BF0A5FD08B13F
:10FC7000037803B92048E9468AB06A461F4B0790CB
:10FC8000CDE9053640F20133ADF820301C4B42F887
:10FC9000103F00234FF411511548F0F749F9294658
:10FCA000CD462046FFF798FF042C0CD11549872339
:10FCB000154A164807F0D7FE154807F0D4FE8721ED
:10FCC000114807F0C7FE88F31188BFF36F8F3046E5
:10FCD000F1F7AEFCBD46BDE8F88300BFB4340020A8
:10FCE00084E90200CB430300D9430300050000016F
:10FCF00074DE0200014403001F0F030022440300CE
:10FD0000040000016B4403003A44030034F2020093
:10FD10008844030038B50A4B53F82040013053F8AB
:10FD20002050A54200D838BD606830B1037EDB07A3
:10FD300001D4FFF721FF0834F3E723689847FAE777
:10FD400098E90200012270B5364B86B003201A7084
:10FD5000FFF7E0FF0BF010FE0420FFF7DBFF324C53
:10FD6000324DAC42264628D931494423314A3248E3
:10FD700007F079FE314807F076FE44212D4807F060
:10FD800069FE54F80C3C059354F8103C049354F865
:10FD9000143C039354F8183C029354F81C3C019310
:10FDA00054F8203C009354E90A2354E90C0101F073
:10FDB00009FF54F8303C5E65D3E7AE4204F13004ED
:10FDC000DFD302F0E3FB184CAC421FD9184968237B
:10FDD000184A194807F047FE184807F044FE682102
:10FDE000CCE7D4E90A23B3F1FF3F08BFB2F1FF3FEC
:10FDF00005D052EA0301206803D102F049FE3034F5
:10FE0000E2E70F49183003F0DFF9F8E7E9D302F031
:10FE10002FFCEDF71BFE0B4A938923F0010393811E
:10FE200006B070BD1D3D002040DC020070DC020009
:10FE3000374503000745030034F2020000FA0200D0
:10FE400079210200802E0020882370B5134E0122F4
:10FE500003FB0066002386B0CDE904230F22019343
:10FE6000CDE9023214234FF4A0720D4D0D4903FB6E
:10FE70000055044602FB00110B4B3046009501F083
:10FE8000A1FE337C2C7423F004033374074B01343C
:10FE900003EBC423EE606B6006B070BDF82D00204C
:10FEA000B4340020206A0020A10302002062002058
:10FEB0007FB50020FFF72EFF344B03F5006282F37D
:10FEC000088883F30A88E023314C84F82230202309
:10FED000E377002323766376A37684F82030626A82
:10FEE00042F4E022626284F82330F1F741FAF1F73C
:10FEF00089FB4FF0FF33A362E362F1F7B3FDF1F743
:10FF000003FCEFF7E3FD234801F006FF224B234AF1
:10FF100093420ED92249CC23224A234807F0A3FD5D
:10FF2000224807F0A0FDCC211E4807F093FD1C33AA
:10FF3000EEE7FCD30120FFF7EDFE02201C4CFFF79B
:10FF4000E9FE02F04FFC1B4B00255C611A4B4FF49D
:10FF50006062059301231949CDE903532046184BEC
:10FF6000CDE90155009501F02DFE0646237C204683
:10FF700023F00403237402F071F82846FFF764FFAE
:10FF8000314620460E4AF1F71DFB00BF20620020DB
:10FF900000ED00E0B02F002068D202002CD3020058
:10FFA000644503000745030034F2020000FA020032
:10FFB000802E0020B43400207C450300606B0020BC
:10FFC00045FD010038B50D4C0D4DAC4213D90D491E
:10FFD00025230D4A0D4807F046FD0D4807F043FD67
:10FFE0002521094807F036FD2046D4E901120BF01F
:10FFF00010FB1834E9E7F7D3002038BDB00B002020
:020000022000DC
:10000000C80B0020FD4503008445030034F20200C4
:1000100000FA0200F8B505460E4600F11404EFF3AD
:100020001187402383F31288BFF36F8F204603F0BC
:1000300071F868B984231B4A1B491C4807F013FD5B
:1000400021461B4807F00FFD8421164807F002FDEA
:10005000204603F083F828463146EDF7DFFE05F130
:100060000C0002F077FB28B139462046BDE8F84085
:100070000BF0E6BB204603F05BF868B94FF49973C8
:10008000084A0C49094807F0EEFC21460A4807F0E7
:10009000EAFC4FF49971D8E787F31188BFF36F8FAB
:1000A000F8BD00BF72F50200AEF5020034F20200A6
:1000B000C3F50200D9F50200F0F5020038B50E4C88
:1000C0000E4DAC4212D90E49A2230E4A0E4807F03B
:1000D000CAFC0E4807F0C7FCA2210A4807F0BAFC88
:1000E00020460BF0A0FA20B92034EAE7F8D300202C
:1000F00038BD6FF01500FBE7500B0020B00B00205F
:100100004A4603001646030034F2020000FA0200D9
:100110002DE9F74305460F4691461C4600F10806B7
:10012000EFF31188402383F31288BFF36F8F3046BB
:1001300002F0F0FF60B98423314A3249324807F0B7
:1001400092FC3146314807F08EFC84212C4826E091
:10015000304603F003F82B691BB33B601C68EB6966
:100160002C610133EB6114B96A6993421FD0EB68CB
:10017000E41A09D4D5E905235A43A24204D9B4FBB1
:10018000F3F203FB124494B12149F723214A1E489C
:1001900007F069FC204807F066FCF7211D4807F0CE
:1001A00059FC59EA040214D16FF00B043B6030464D
:1001B00002F0BEFFF0B94FF49973114A1749124883
:1001C00007F051FC3146164807F04DFC4FF4997189
:1001D000BCE7CDE900942A464146304602F014F8C7
:1001E000044618B90F4B9B685B693B60204603B01F
:1001F000BDE8F08388F31188BFF36F8FF6E700BF87
:1002000072F50200AEF5020034F20200C3F50200FE
:100210006746030016460300E3460300D9F50200D3
:10022000F0F50200B43400202DE9F843C368054618
:10023000CB1A0E4623D4D0E90512514399421ED958
:10024000B3FBF2F102FB1133CBB900F10807EFF376
:100250001189402484F31288BFF36F8F384602F06F
:1002600059FFD8B98423414A4149424807F0FBFB72
:100270003946414807F0F7FB84213C480CE03F49F0
:1002800040F21F133E4A3B4807F0EDFB3D4807F0A4
:10029000EAFB40F21F113A4807F0DCFB384602F057
:1002A0005DFFD5F81080B8F1000F40D1EFF3118356
:1002B00084F31288BFF36F8F83F31188BFF36F8FBE
:1002C0005BB93149BB23314A2A4807F0CCFB30489F
:1002D00007F0C9FBBB212D48DEE72C68A54226D0DC
:1002E0002CB3A3683BB92B49A423284A214807F023
:1002F000BAFBA421EFE7D4E9003213605A60237CF3
:10030000C4E9008823F002032374C4F8088004F1D0
:10031000180003F035F82046C4F88080666101F0CB
:100320009DFE49463846BDE8F8430BF089BA2B6973
:1003300038463360EB692E61013BEB6102F0F8FE59
:1003400068B94FF49973094A13490A4807F08BFBBF
:100350003946124807F087FB4FF499718DE789F30E
:100360001188BFF36F8FBDE8F88300BF72F50200FC
:10037000AEF5020034F20200C3F50200954303001B
:1003800016460300FE4603005A47030020470300B9
:10039000FA45030072470300D9F50200F0F50200A8
:1003A00008B50D4B9B6893F90E30002B09DB4024F8
:1003B000EFF3118384F31288BFF36F8F08F011FC01
:1003C000F6E7064906481C23064A07F04CFB1C21A9
:1003D000044807F03FFB00BFB4340020B9470300D6
:1003E00034F20200894703002DE9F3410446174621
:1003F0001E46EFF3058565B154497323544A5548A9
:1004000007F031FB544807F02EFB7321504807F0EA
:1004100021FBEFF31188402383F31288BFF36F8F22
:100420004E4802F077FE60B984234D4A4D49494851
:1004300007F019FB49494C4807F015FB842148484F
:10044000E5E7464802F08AFE484BE2689B6892B1B5
:10045000A068984227D057EA06022CD13F4802F004
:1004600067FE90B188F31188BFF36F8F6FF00F00B4
:1004700002B0BDE8F08193F90E100132C4E90232F6
:100480003648216102F054FE78B94FF49973344A2A
:100490003749304807F0E7FA3049364807F0E3FAC1
:1004A0004FF49971CBE72169E7E788F31188BFF32F
:1004B0006F8F0020DCE793F90E1090F90E3099420F
:1004C00005DA9942A8BF19460BF0CFF80546224637
:1004D0004146CDE90076214801F096FE0028E8D09B
:1004E000EFF31186402383F31288BFF36F8F1B480D
:1004F00002F010FE002897D0184802F02FFEA068E6
:10050000C0B1236821699C420AD04BB193F90E30E7
:100510009942A8BF19466FF07F039942B8BF1946A8
:100520000BF0A3F830B131460C480BF089F96FF0AD
:100530000A009DE7002DF6D1084802F0F9FD0028D9
:10054000A3D086F31188BFF36F8FF0E71248030042
:10055000E147030034F2020024480300D4340020B1
:1005600072F50200AEF50200C3F50200B4340020BB
:10057000D9F50200F0F50200F8B50546EFF3058362
:1005800063B15649EA23564A564807F06CFA564872
:1005900007F069FAEA21524807F05CFA8368002BF9
:1005A00000F09580514A9268934240F09380C3686E
:1005B0004BB94F494FF48173494A4A4807F053FAFF
:1005C0004FF48171E7E7012B03D0013BC3600020AA
:1005D000F8BDEFF31187402484F31288BFF36F8FC7
:1005E000444802F097FD60B98423434A43493D489B
:1005F00007F039FA3F49424807F035FA84213E486E
:10060000CAE73C4802F0AAFD2969A8680BF02DF85A
:10061000EFF3118384F31288BFF36F8F83F3118894
:10062000BFF36F8F5BB93749BB23374A2D4807F0BB
:100630001AFA364807F017FABB213348ACE72C68A2
:10064000AC4215D100232B48C5E9023302F070FDFE
:10065000002837D14FF49973274A2D49214807F0D4
:1006600002FA24492B4807F0FEF94FF49971C6E7C6
:10067000002CE7D0A3683BB92749A423224A194894
:1006800007F0F1F9A421D8E70026D4E9003213607D
:100690005A60237CC4E9006623F002032374A66039
:1006A00004F1180002F06CFEAC6094F90E302046A4
:1006B0002B61C4F8806001F0D1FC39460D480BF085
:1006C000BFF884E787F31188BFF36F8F7FE76FF080
:1006D00015007DE74FF0FF307AE700BF12480300B6
:1006E000E147030034F2020024480300B434002040
:1006F00049480300D434002072F50200AEF5020030
:10070000C3F502005A47030020470300FA450300DF
:10071000D9F50200F0F502007247030008B58368BE
:100720004BB90B490B48A4230B4A07F09CF9A421B1
:10073000094807F08FF9D0E9003213605A600023AE
:10074000027CC0E9003322F002020274836008BD1B
:100750007247030034F20200204703002DE9F047FE
:1007600004460D4691469A469DF8206000F1080720
:10077000EFF31188402383F31288BFF36F8F38465D
:1007800002F0C8FC60B984234A4A4B494B4807F041
:100790006AF939464A4807F066F9842145481BE062
:1007A000384602F0DBFC06B16568EFF311834022A6
:1007B00082F31288BFF36F8F83F31188BFF36F8FBB
:1007C00063B94049BB23404A3C4807F04CF93F48D5
:1007D00007F049F9BB213C4807F03CF9234653F8A0
:1007E0000C6F9E4216D0AEB100243046FFF796FF44
:1007F00006F1180002F0C4FD3046C6F88040C6F885
:10080000149001F02BFC414638460BF019F82046B5
:10081000BDE8F087BAF1000F14D0082003F086F984
:1008200000283FD00122C0F804900260016801F066
:1008300003015DB922680A430260626820606AB9F8
:1008400060600BE04846C9F800A0EFE72A68032A79
:100850001DD801606168A1B9C4E9000000243846D0
:1008600002F066FC08BB4FF49973124A184913480A
:1008700007F0F9F83946174807F0F5F84FF4997181
:100880008CE70A6802F0030202430A60D8E722F00C
:1008900003020A4302602A6802F0030240EA0203EC
:1008A0002B60DBE76FF00B04D9E788F31188BFF307
:1008B0006F8FACE772F50200AEF5020034F2020071
:1008C000C3F502005A47030020470300FA4503001E
:1008D000D9F50200F0F502002DE9F74306469046EF
:1008E0001F4600F10805EFF31189402383F31288B6
:1008F000BFF36F8F284602F00DFC68B98423264AA7
:100900002649274807F0AFF82946264807F0ABF8F4
:100910008421214807F09EF8284602F01FFC346825
:100920000CB32368726823F00303944208BF73601A
:10093000336023689B0704D0666820460BF015F8E7
:100940003446284602F0F4FBE8B94FF49973124A92
:100950001549134807F087F82946144807F083F82B
:100960004FF49971D5E758EA0703EAD0494628467B
:10097000CDE9008706F10C0201F046FC38B90C4BBA
:100980009B685C6903E089F31188BFF36F8F204691
:1009900003B0BDE8F08300BF72F50200AEF50200BF
:1009A00034F20200C3F50200D9F50200F0F50200AE
:1009B000B434002070B5044600F10805EFF3118649
:1009C000402383F31288BFF36F8F284602F0A2FB07
:1009D00068B98423164A1749174807F044F829468E
:1009E000164807F040F88421114807F033F82846EC
:1009F00002F0B4FB24681CB123689B0718BF64682D
:100A0000284602F095FB68B94FF49973084A0C49DF
:100A1000094807F028F829460A4807F024F84FF457
:100A20009971E1E786F31188BFF36F8F204670BD9F
:100A300072F50200AEF5020034F20200C3F50200C6
:100A4000D9F50200F0F5020008B583684BB90B49EF
:100A50000B48A4230B4A07F006F8A421094806F026
:100A6000F9FFD0E9003213605A600023027CC0E92C
:100A7000003322F002020274836008BD7247030053
:100A800034F202002047030070B50446EFF31186EC
:100A9000402585F31288BFF36F8F304802F03AFB90
:100AA00060B984232E4A2F492F4806F0DCFF2B49DA
:100AB0002E4806F0D8FF8421294818E0274802F084
:100AC0004DFBEFF3118385F31288BFF36F8F83F330
:100AD0001188BFF36F8F63B92549BB23254A22488C
:100AE00006F0C1FF244806F0BEFFBB21214806F0F6
:100AF000B1FF2568AC4213D095B12846FFF7A4FF9B
:100B000005F1180002F03CFC00232846C5F88030AF
:100B100001F0A4FA3146BDE8704010480AF090BEDA
:100B2000D4E902329A4218BF01330C48A36002F0A4
:100B3000FFFA68B94FF49973094A10490A4806F058
:100B400092FF06490E4806F08EFF4FF49971B3E705
:100B500086F31188BFF36F8F70BD00BFD8340020BB
:100B600072F50200AEF5020034F20200C3F5020095
:100B70005A47030020470300FA450300D9F5020055
:100B8000F0F50200F7B5044616461D46EFF305835F
:100B90007BB152EA05030CD02D4988232D4A2E48FB
:100BA00006F061FF2D4806F05EFF8821294806F017
:100BB00051FFEFF31187402383F31288BFF36F8F48
:100BC000274802F0A7FA60B98423264A264922481A
:100BD00006F049FF2249254806F045FF84212148B7
:100BE000E5E71F4802F0BAFAA368D3B1013B1C48FD
:100BF000A36002F09DFA68B94FF49973194A1C4931
:100C0000154806F030FF16491A4806F02CFF4FF43D
:100C10009971E4E787F31188BFF36F8F002003B069
:100C2000F0BD56EA05030BD10D4802F081FA002809
:100C3000E2D087F31188BFF36F8F6FF00F00EEE7FC
:100C400022463946CDE90065054801F0DDFAE6E7C0
:100C50008F4803006048030034F20200FA450300A5
:100C6000D834002072F50200AEF50200C3F5020090
:100C7000D9F50200F0F502002DE9F0410546EFF349
:100C80001188402787F31288BFF36F8F314802F035
:100C900041FA064660B984232F4A3049304806F0AD
:100CA000E2FE2C492F4806F0DEFE84212A4819E096
:100CB000284802F053FA0023EFF3118287F31288D9
:100CC000BFF36F8F82F31188BFF36F8F62B926492C
:100CD000BB23264A224806F0C6FE254806F0C3FE7E
:100CE000BB21224806F0B6FE2C68A54210D07CB18C
:100CF0002046FFF7A9FE04F1180002F041FB6FF057
:100D00000A032046C4F8803001F0A8F93346D3E73F
:100D10000022AA608BB90F4802F00AFA98B94FF482
:100D200099730D4A13490E4806F09DFE0949124871
:100D300006F099FE4FF49971B8E74146BDE8F041DD
:100D400004480AF07DBD88F31188BFF36F8FBDE8BA
:100D5000F08100BFD834002072F50200AEF5020029
:100D600034F20200C3F502005A4703002047030093
:100D7000FA450300D9F50200F0F5020007B5074B6C
:100D80004FF40062009306494FF0FF33054800F02E
:100D9000CBFB002003B05DF804FB00BFB0E902000C
:100DA00060790020082F00202DE9FF410446794E8C
:100DB000EFF31187402383F31288BFF36F8F7648D8
:100DC00002F0A8F968B98423744A7549754806F099
:100DD0004AFE7149744806F046FE84216F4806F0C9
:100DE00039FE6D4802F0BAF9D4F88C50F5B90221F9
:100DF00004F1A4000AF072FC002840D004F19C0524
:100E000000220121284601F0D5FF0028F8D1002357
:100E10004FF0FF3202934FF0FF333946CDE9002304
:100E20005D4804F1940202F023F8C1E7D4F8902061
:100E30002B68954208BFC4F89030C4F88C30D4F8C1
:100E4000A430554843F00203C4F8A430EB68D5F849
:100E5000048023F0040343F00103EB6002F068F91F
:100E6000F8B94FF499734D4A50494E4806F0FBFDCE
:100E700049494F4806F0F7FD4FF49971AEE7D4F8B1
:100E8000A430DD06C3D5C4F8A400434802F050F9ED
:100E90000028E6D087F31188BFF36F8F04B0BDE858
:100EA000F08187F31188BFF36F8FB8F1000F0AD17B
:100EB00040493C4840F2F3233F4A06F0D4FD40F25B
:100EC000F3213D488BE72846C047EFF311874023C5
:100ED00083F31288BFF36F8F2F4802F01BF90028AD
:100EE0003FF471AF2C4802F039F9EB68D90623F0D2
:100EF000010236D4EA60EB689A0716D5306823F011
:100F00000203EB6088B10022036870B141688D4232
:100F100035D103686ABB72683360904200D1736058
:100F2000002340F8083BFFF7AFFDD4F8A43023F0CE
:100F30000203C4F8A430DB0529D4D4F88C50003D5A
:100F400018BF0125144802F0F3F8002889D087F370
:100F50001188BFF36F8F002D3FF42AAF01F04AFCD8
:100F600026E723F01103EB6005F11000FFF78CFD7D
:100F7000C1E713607368984208BF7260D0E7024609
:100F80001BB1196818460B46BFE71946FAE700255A
:100F9000D8E700BFDC340020E434002072F5020002
:100FA000AEF5020034F20200C3F50200D9F50200EA
:100FB000F0F5020036490300E548030070B5C36848
:100FC0000546C3F340069B070C460DD501220021C0
:100FD00004F108000AF076FB00232360054B6560EE
:100FE0005A681AB9C3E90044304670BD14605C60A9
:100FF000FAE700BFDC340020F8B5C36804469A075E
:101000000E46C3F340054FD45F074FD40B680BB9AE
:1010100083680B60E368D80736D5A3685BB92549B8
:10102000254840F25713254A06F01DFD40F257119E
:10103000224806F00FFD02253360376867B3204B66
:101040009A68D7F888309A4220D10AF0ACFB80F039
:101050000100C0B2D7F8A430D907C3F380021ED56F
:1010600002B308B300232360D7F8903083B9C7E9EF
:10107000234438460AF04DFBE36843F00403E36081
:101080003368A3602846F8BD0125D6E70020E1E7D4
:101090001C60C7F89040ECE76FF0150506E06FF0B4
:1010A000120503E01B07DDD56FF00F050023336049
:1010B000E8E700BF1549030034F20200E5480300E9
:1010C000B434002073B50446EFF31185402383F355
:1010D0001288BFF36F8F224802F01CF868B984238E
:1010E000204A2149214806F0BEFC1D49204806F04F
:1010F000BAFC84211B4806F0ADFC194802F02EF81A
:1011000000230193D4E90423B3F1004F08BF012A5F
:1011100011D0134802F00CF8E0B94FF49973114A5A
:101120001449124806F09FFC0D49134806F09BFC39
:101130004FF49971DEE70321201FA4F110060AF095
:10114000CDFA0028E5D0A369304601A90193FFF745
:1011500053FFDEE785F31188BFF36F8F02B070BDD8
:10116000E434002072F50200AEF5020034F2020011
:10117000C3F50200D9F50200F0F5020038B50D46BE
:10118000044648B90C499C230C4A0D4806F06BFCF8
:101190009C210A4806F05EFC39B90A499D23074A9A
:1011A000074806F060FC9D21F3E7102200210BF0B8
:1011B00057FF656038BD00BFD1490300E548030013
:1011C00034F2020036490300F8B5C368064603F05E
:1011D0000503002B0C4614BF0127002729D0856882
:1011E0005DB91D491D4840F2C1131D4A06F03BFC84
:1011F00040F2C1111A4806F02DFC0122002104F131
:1012000010000AF05FFA20461649FFF7B7FFE368BF
:1012100043F01003E360F3685B0712D53368236083
:101220006BB9D5F8903033B9C5E9234428460AF0A4
:1012300070FA3846F8BD1C60C5F89040F6E7346097
:10124000F4E7D5F88C302360D5F89030C5F88C40A1
:10125000002BEBD1F0E700BF1B49030034F2020082
:10126000E5480300F3B6020038B50446EFF31185F4
:10127000402383F31288BFF36F8F184801F04AFFB1
:1012800068B98423164A1749174806F0ECFB13493E
:10129000164806F0E8FB8421114806F0DBFB0F48F6
:1012A00001F05CFFE4680D4804F01F0401F040FF0A
:1012B00068B94FF499730A4A0D490B4806F0D3FBFD
:1012C00006490C4806F0CFFB4FF49971E4E785F32B
:1012D0001188BFF36F8F204638BD00BFE434002073
:1012E00072F50200AEF5020034F20200C3F502000E
:1012F000D9F50200F0F5020037B50C46019059B956
:10130000284940F27D13284A284806F0ACFB40F2F9
:101310007D11254806F09EFB4B684BB924494FF4DC
:10132000BF73214A214806F09EFB4FF4BF71F0E7DE
:10133000EFF31185402383F31288BFF36F8F1D48AD
:1013400001F0E8FE60B984231B4A1C49174806F0E7
:101350008AFB18491A4806F086FB84211648D9E70B
:10136000144801F0FBFE204601A9FFF745FE0446A4
:10137000104801F0DDFE68B94FF499730E4A114927
:101380000A4806F070FB0B490F4806F06CFB4FF45F
:101390009971E3E785F31188BFF36F8F204603B09F
:1013A00030BD00BFD1490300E548030034F202001C
:1013B00030490300E434002072F50200AEF502006B
:1013C000C3F50200D9F50200F0F50200014601481C
:1013D0000AF0D9B9082F002070B50C46054658B957
:1013E000384940F2CD13384A384806F03CFB40F209
:1013F000CD11354806F02EFBC368DB0509D534490D
:101400004FF4E773304A314806F02DFB4FF4E77193
:10141000EFE70AF0C8F948B12E4940F2CF132A4A43
:101420002A4806F020FB40F2CF11E2E74CB92A49E6
:101430004FF4E873244A254806F015FB4FF4E87191
:10144000D7E7EFF31186402383F31288BFF36F8F42
:10145000224801F05FFE60B98423214A21491B48DC
:1014600006F001FB1D49204806F0FDFA84211C48C6
:10147000C0E71A4801F072FE28462146FFF7A4FE95
:101480000546164801F054FE68B94FF49973144AA2
:1014900016490E4806F0E7FA1049154806F0E3FA37
:1014A0004FF49971E3E786F31188BFF36F8F3DB175
:1014B0004FF0FF324FF0FF3304F11000FFF762FBF3
:1014C000284670BDD1490300E548030034F202000C
:1014D0004D490300671D03007C490300E4340020EC
:1014E00072F50200AEF50200C3F50200D9F5020064
:1014F000F0F5020008B558B90849094840F226330A
:10150000084A06F0B0FA40F22631064806F0A2FA80
:10151000A82200210BF0A4FD08BD00BF1B49030059
:1015200034F20200E5480300F0B589B004460E9D90
:1015300058B92F4940F253332E4A2F4806F093FAF8
:1015400040F253312B4806F085FA49B92B494FF444
:101550005573284A284806F086FA4FF45571F1E78A
:10156000D0F8A40010F0010009D0254940F255330D
:10157000204A214806F077FA40F25531E2E7C4E903
:10158000230004F19400C4E9250004F19C00C4E99F
:10159000270055B32879002840F2011008BF012028
:1015A000C4F8A40000204FF0FF364FF0FF37CDE91C
:1015B0000330CDE90100CDE906672046114B0094C8
:1015C00000F064FB55B1296811B120460AF0F1F82A
:1015D0006B791BB1A38943F00103A381204601F07D
:1015E00057FAC4F8884009B0F0BD0120D8E700BF21
:1015F000C4490300E548030034F20200CA4903006D
:1016000090490300A90D020038B50D46044658B9AB
:101610000F4940F20F430F4A0F4806F024FA40F2F8
:101620000F410C4806F016FA49B90C494FF4826391
:10163000084A094806F017FA4FF48261F1E73022B0
:1016400000210BF00DFD4FF480736560E36038BD41
:10165000D0490300E548030034F202003649030094
:10166000F7B50C4616461D46019058B9334940F26D
:101670008643334A334806F0F6F940F28641304853
:1016800006F0E8F949B9304940F287432C4A2D4821
:1016900006F0E9F940F28741F1E7EFF311874023C3
:1016A00083F31288BFF36F8F284801F033FD60B9D0
:1016B0008423274A2749234806F0D5F92349264899
:1016C00006F0D1F984212248DAE7204801F046FDEE
:1016D000E36813F01E0F27D155EA060216D1204603
:1016E00001A9FFF789FC0446184801F021FDE8B97B
:1016F0004FF49973164A1949124806F0B4F9134980
:10170000174806F0B0F94FF49971DCE743F008038D
:10171000E360019B04F11000A36232462B4611499D
:1017200001F052FD0124DFE70024DDE787F3118893
:10173000BFF36F8F204603B0F0BD00BF1B4903000D
:10174000E548030034F20200D0490300E4340020ED
:1017500072F50200AEF50200C3F50200D9F50200F1
:10176000F0F50200C510020001460148FFF778BFFE
:10177000082F0020F7B50C4616461D46019058B9B3
:10178000324940F2A943324A324806F06CF940F23D
:10179000A9412F4806F05EF949B92F4940F2AA4302
:1017A0002B4A2C4806F05FF940F2AA41F1E7EFF32B
:1017B0001187402383F31288BFF36F8F274801F00E
:1017C000A9FC60B98423264A2649224806F04BF931
:1017D0002249254806F047F984212148DAE71F48C5
:1017E00001F0BCFC204609F085FF55EA060316D13E
:1017F000204601A9FFF700FC0446184801F098FCB8
:10180000E0B94FF49973164A1849124806F02BF9BB
:101810001249174806F027F94FF49971DDE7E3689C
:1018200004F1100043F00803E360019B3246A36219
:1018300010492B4601F0C8FC0124DEE787F311882C
:10184000BFF36F8F204603B0F0BD00BF1B490300FC
:10185000E548030034F20200D0490300E4340020DC
:1018600072F50200AEF50200C3F50200D9F50200E0
:10187000F0F50200C510020001460148FFF77ABFEB
:10188000082F002038B5044658B92349234840F2B0
:10189000CB43234A06F0E7F840F2CB41204806F05C
:1018A000D9F8EFF31185402383F31288BFF36F8FCC
:1018B0001C4801F02FFC60B984231B4A1B491748C0
:1018C00006F0D1F817491A4806F0CDF884211648D9
:1018D000E5E7144801F042FC204609F00BFF2046E2
:1018E00009F01EFF04460F4801F022FC68B94FF4CE
:1018F00099730D4A0F49094806F0B5F809490E4891
:1019000006F0B1F84FF49971E1E785F31188BFF360
:101910006F8F204638BD00BFD049030034F202006B
:10192000E5480300E434002072F50200AEF5020041
:10193000C3F50200D9F50200F0F502002DE9F041EF
:101940000E46054658B93A4940F2DC43394A3A480E
:1019500006F089F840F2DC41364806F07BF849B9D8
:10196000364940F2DD43334A334806F07CF840F212
:10197000DD41F1E709F017FF044648B1304940F274
:10198000DE432C4A2C4806F06EF840F2DE41E3E7D5
:10199000EFF31188402383F31288BFF36F8F294838
:1019A00001F0B8FB60B98423274A2849224806F091
:1019B0005AF82449264806F056F884212248CCE7F4
:1019C000204801F0CBFBEB6803F01F03002B14BF92
:1019D000012700270AD0284609F08CFE284609F086
:1019E0009FFE31462846FFF7E9FA0446154801F004
:1019F0009FFB68B94FF49973134A16490E4806F0D5
:101A000032F81049144806F02EF84FF49971D5E7D2
:101A100088F31188BFF36F8F3CB14FF0FF324FF066
:101A2000FF3306F10800FFF7ADF83846BDE8F08156
:101A3000D0490300E548030034F202007C4903006A
:101A4000671D0300E434002072F50200AEF50200C9
:101A5000C3F50200D9F50200F0F5020008B583686D
:101A60004BB90B490B48A4230B4A05F0FCFFA421FA
:101A7000094805F0EFFFD0E9003213605A600023F7
:101A8000027CC0E9003322F002020274836008BDC8
:101A90007247030034F20200204703002DE9F843A7
:101AA0000546EFF31188402787F31288BFF36F8F45
:101AB0003A4801F02FFB60B98423394A39493A4842
:101AC00005F0D1FF3549394805F0CDFF8421344870
:101AD00018E0324801F042FBEFF3118387F31288DC
:101AE000BFF36F8F83F31188BFF36F8F63B93049F2
:101AF000BB23304A2C4805F0B6FF2F4805F0B3FF52
:101B0000BB212C4805F0A6FF2C68A54227D034B392
:101B100000262046FFF7A2FF04F1180001F030FC78
:101B2000B1462046C4F8809000F098FA0136EFF3F1
:101B3000118387F31288BFF36F8F83F31188BFF38C
:101B40006F8F002BD3D02C68A54222D00CB3204637
:101B5000FFF784FF04F1180001F012FCE1E70F48E1
:101B600001F0E6FA68B94FF499730D4A13490E482B
:101B700005F079FF0949124805F075FF4FF4997196
:101B8000A5E788F31188BFF36F8F00263046BDE8C4
:101B9000F8834146014809F053FEF7E7E834002096
:101BA00072F50200AEF5020034F20200C3F5020045
:101BB0005A47030020470300FA450300D9F5020005
:101BC000F0F502002DE9F04385B00F9D04460F2D7E
:101BD0000E46984637D1274B984538D104F1580323
:101BE000C4E91633109B0027A38104230732A57391
:101BF00022F0070506EB0509494623742046C4E98F
:101C00000677A760E773EFF729F90E9B073020F0FE
:101C100007002067C4E91A6502930D9BA9EB000930
:101C200001930C9B4A460093314643462046EFF70A
:101C3000ADFC114B67659B6803B15B6F48466367FA
:101C400005B0BDE8F08305F110031E2BC6D940F2A4
:101C50004B230A4A0A490B4805F005FF29460A4862
:101C60006FF00F030E2205F0FEFE40F24B210348F9
:101C700005F0F0FEA1030200B4340020E5490300A2
:101C8000174A030034F20200974A0300F0B587B008
:101C90000446DDE91276EFF3058575B1194940F286
:101CA0001733194A194805F0DEFE194805F0DBFE26
:101CB00040F21731144805F0CDFE0595109D0495AE
:101CC0000F9D03950E9D02950D9D01950C9D009510
:101CD000FFF778FFB6F1FF3F08BFB7F1FF3F05D030
:101CE00056EA070305D1204600F0D2FE204607B091
:101CF000F0BD3A46334604F11800064901F064FA93
:101D0000F4E700BF12480300E549030034F2020083
:101D1000C84A030079210200012310B503748381AE
:101D200000230446C0E91A3301F0FAFE014B9C601F
:101D300010BD00BFB434002070B590F91020037CB2
:101D4000002A49DBD90647D163F07F030374264B91
:101D5000984209D1254926485223264A05F083FE98
:101D60005221244805F076FE234C224652F8183FB3
:101D7000E169934207D1C0E900210860E0610FE00A
:101D80008B42F8D01B68002BF5D093F90E6090F9C8
:101D90000E50AE42F4DD5968C0E900310860586069
:101DA000A569954200D005B9E568A3685BB91349F8
:101DB000EA23134A0E4805F056FE124805F053FE7A
:101DC000EA210F48CEE71A7CD20606D1DA897F2AAB
:101DD00003D9AA690AB9636170BDAB4202D0284633
:101DE00001F012F96561F7E7F82D00201E4B0300A2
:101DF00034F20200ED4A0300B43400207A4B0300B1
:101E00003F4B0300FA45030038B590F91020014616
:101E1000002A037C1BDA224A03F07F0390420374FA
:101E200009D120495A23204A204805F01CFE5A2196
:101E30001D4805F00FFEDC0707D51D495B231A4A34
:101E40001A4805F010FE5B21F2E709F0B7FC194DC6
:101E50002A4652F8184FAB68944200D004B9EC6897
:101E60008B4214D05BB91449EA23144A0F4805F099
:101E7000FAFD134805F0F7FDEA211048D9E71A7C6E
:101E8000D20604D1DA897F2A01D9A2692AB1A342F4
:101E900002D0204601F0B8F823466B6138BD00BF80
:101EA000F82D00201E4B0300ED4A030034F202001F
:101EB000A14B0300B43400207A4B03003F4B0300D6
:101EC000FA45030008B5134A936880B1197C11F0F4
:101ED000090F0CD11049D923104A114805F0C3FD50
:101EE000104805F0C0FDD9210C4805F0B3FD6FF096
:101EF0000A01C3F880100C49D8674B6843F080533F
:101F00004B60002383F31188BFF36F8F9368D3F87E
:101F1000800008BDB4340020F34B0300BA4B03002B
:101F200034F202005C4C030000ED00E070B50446A2
:101F30000D46F9B9EFF30586E6B91A4B5A699B6865
:101F40009A4217D001F0F4F878B940F26D13164AAE
:101F50001649174805F087FD2146164805F083FD10
:101F600040F26D11104805F075FD3046BDE8704037
:101F7000FFF7A8BF204601F0DBF868B94FF499736A
:101F8000094A0A490A4805F06EFD2146094805F04C
:101F90006AFD4FF49971E5E785F31188BFF36F8F00
:101FA00070BD00BFB434002072F50200D9F5020004
:101FB00034F20200F0F5020008B583684BB9094914
:101FC0000948A423094A05F04EFDA421074805F05D
:101FD00041FD09F0F3FB037C23F0020303740023AB
:101FE000836008BD7247030034F2020020470300FB
:101FF00038B5184CA168E0690B68814214BF1A46D5
:10200000002249680B605960A368E1692AB9124A45
:10201000C3E900210B60E3610AE092F90E5093F9E5
:102020000E00854212DD5168C3E900210B60536048
:10203000A569094B9D4200D005B9E568A3689D429A
:1020400002D0284600F0E0FF656138BD8A42DED04C
:102050001268DBE7B4340020CC34002038B50446E5
:10206000EFF31185402383F31288BFF36F8F174876
:1020700001F050F868B98423154A1649164805F04E
:10208000F2FC1249154805F0EEFC8421104805F0D9
:10209000E1FC0E4801F062F82046FFF74DFE0B48C8
:1020A00001F046F868B94FF49973094A0C490A4897
:1020B00005F0D9FC05490B4805F0D5FC4FF49971A2
:1020C000E4E785F31188BFF36F8F38BDEC3400204F
:1020D00072F50200AEF5020034F20200C3F5020010
:1020E000D9F50200F0F5020038B50446EFF311858A
:1020F000402383F31288BFF36F8F184801F00AF86A
:1021000068B98423164A1749174805F0ACFC1349EF
:10211000164805F0A8FC8421114805F09BFC0F48E7
:1021200001F01CF8A36813B12046FFF745FF0B48E8
:1021300000F0FEFF68B94FF49973094A0C490A4848
:1021400005F091FC05490B4805F08DFC4FF49971A1
:10215000E2E785F31188BFF36F8F38BDEC340020C0
:1021600072F50200AEF5020034F20200C3F502007F
:10217000D9F50200F0F5020038B5A0F11804EFF32C
:102180001185402383F31288BFF36F8F174800F047
:10219000C1FF68B98423164A1649174805F063FC45
:1021A0001249164805F05FFC8421114805F052FCE5
:1021B0000E4800F0D3FF204609F02EFB0B4800F03C
:1021C000B7FF68B94FF49973094A0D490A4805F0F9
:1021D0004AFC06490B4805F046FC4FF49971E4E7C8
:1021E00085F31188BFF36F8F38BD00BFEC3400203A
:1021F00072F50200AEF5020034F20200C3F50200EF
:10220000D9F50200F0F502002DE9F047DFF8D4A07F
:10221000354D1746DDE90898DAF80820334BA84217
:1022200004460E461A600BD13149324840F2B923B8
:10223000314A05F018FC40F2B9212F4805F00AFC9C
:10224000EFF31183402383F31288BFF36F8F284687
:1022500000F060FF60B98423284A2949254805F029
:1022600002FC2946274805F0FEFB84212348E5E7C8
:10227000284600F073FFDAF808503946284609F07E
:10228000A5FAB8F1FF3F08BFB9F1FF3F06D04A46B3
:1022900043461D4905F1180000F096FF204600F066
:1022A00047FF68B9194940F26D13144A114805F007
:1022B000DAFB2146164805F0D6FB40F26D11D5E752
:1022C000094800F035FF40B9104940F26D130B4A40
:1022D000084805F0C8FB0449ECE73046BDE8F04784
:1022E000FFF7F0BDB4340020EC340020F0340020BF
:1022F000844C030034F20200ED4A030072F5020040
:10230000AEF50200C3F5020079210200D9F5020002
:10231000F0F5020070B50546EFF31186402383F314
:102320001288BFF36F8F1B4800F0F4FE68B9842356
:10233000194A1A491A4805F096FB1649194805F03A
:1023400092FB8421144805F085FB124800F006FF3B
:102350002C68A54215D014B12046FFF72DFE0D487C
:1023600000F0E6FE78B94FF499730B4A0E490C4819
:1023700005F079FB07490D4805F075FB4FF499719D
:10238000E0E70024EBE786F31188BFF36F8F204668
:1023900070BD00BFEC34002072F50200AEF5020003
:1023A00034F20200C3F50200D9F50200F0F5020094
:1023B0002DE9F04104460D46EFF31187402383F3E6
:1023C0001288BFF36F8F594800F0A4FE60B98423D0
:1023D000574A5849584805F046FB5449574805F0B4
:1023E00042FB8421524818E0504800F0B7FE237C9D
:1023F00003F01F02002A0CBF0126002662D103F061
:102400007F0323744E4B9C4209D14E495A234E4AB6
:10241000494805F028FB5A214B4805F01BFB204694
:1024200009F0CCF9237C6DB243F08003DA07A57381
:10243000237407D545495323434A3F4805F013FB0E
:102440005321E9E7DFF80881424652F8183FD8F8EF
:102450001C10934208D1C4E900210C60C8F81C404C
:102460000DE08B42F7D01B68002BF4D093F90E00DF
:10247000A842F6DD5968C4E900310C605C60D8F808
:102480001840944200D00CB9D8F80C40D8F8083065
:102490009C4202D0204600F0B7FDC8F81440234803
:1024A00000F046FE00283AD14FF49973204A29499A
:1024B000214805F0D8FA1D49274805F0D4FA4FF411
:1024C00099718FE79B0728D5A16841B923491A481C
:1024D000A423234A05F0C7FAA42121489DE72046FA
:1024E0006DB209F06BF9A5730B68994209D14B687D
:1024F000C4E900131C604C60D1E74A689342F6D0EF
:102500001B68002BF3D093F90E20AA42F5DD5A6820
:10251000C4E9003214605C60C1E7A573BFE787F3CC
:102520001188BFF36F8F3046BDE8F081EC34002096
:1025300072F50200AEF5020034F20200C3F50200AB
:10254000F82D00201E4B0300ED4A0300A14B0300B1
:10255000B4340020D9F50200F0F502007247030000
:1025600020470300034648B9EFF3058232B9064A13
:1025700051699268914201D0FFF7A4BC83F311889E
:10258000BFF36F8F704700BFB434002010B5EFF376
:102590001184402383F31288BFF36F8F284800F023
:1025A000B9FD60B98423274A2749284805F05BFA1A
:1025B0002349274805F057FA8421224812E0204891
:1025C00000F0CCFDEFF3058373B1224940F23B33B9
:1025D000214A1E4805F047FA204805F044FA40F227
:1025E0003B311D4805F036FA1D4B9A68D37B012B11
:1025F0000CD11C494FF44F73174A144805F033FAB5
:10260000164805F030FA4FF44F71EAE7013BD373F7
:102610000B4800F08DFD68B94FF49973094A1249CF
:102620000A4805F020FA0649104805F01CFA4FF454
:102630009971C2E784F31188BFF36F8F10BD00BF9B
:10264000EC34002072F50200AEF5020034F2020014
:10265000C3F5020012480300ED4A0300FA450300E7
:10266000B4340020BD4C0300D9F50200F0F502009F
:1026700070B5EFF31186402383F31288BFF36F8F99
:102680002A4800F047FD68B98423294A29492A4885
:1026900005F0E9F92549294805F0E5F984212448A0
:1026A00005F0D8F9264D214800F058FDAB68DA7BDB
:1026B0006AB9244940F24D33234A1F4805F0D3F943
:1026C000224805F0D0F940F24D311F48E8E7EFF31A
:1026D000058161B11E4940F24E331B4A164805F090
:1026E000C2F91A4805F0BFF940F24E31EDE7013268
:1026F000DA732A4652F8184F944200D004B9EC68B5
:102700001A7CD20604D1DA897F2A01D9A2692AB1BA
:102710009C4202D0204600F077FC23466B61314694
:10272000BDE870400148FFF701BC00BFEC34002059
:1027300072F50200AEF5020034F20200C3F50200A9
:10274000B4340020EE4C0300ED4A0300FA450300C8
:102750001248030038B50446EFF31185402383F394
:102760001288BFF36F8F184800F0D4FC68B9842337
:10277000164A1749174805F076F91349164805F027
:1027800072F98421114805F065F90F4800F0E6FC64
:10279000204609F057F804460B4800F0C9FC68B918
:1027A0004FF49973094A0D490A4805F05CF9064946
:1027B0000B4805F058F94FF49971E3E785F3118858
:1027C000BFF36F8F204638BDEC34002072F5020055
:1027D000AEF5020034F20200C3F50200D9F50200A2
:1027E000F0F50200024B03F11802C3E9062270471C
:1027F000B434002070B5EFF3058373B138494FF45A
:102800009063384A384805F02EF9384805F02BF91E
:102810004FF49061334805F01DF9EFF31186402322
:1028200083F31288BFF36F8F314800F073FC60B9F7
:102830008423304A30492C4805F015F92C492F489B
:1028400005F011F984212B48E5E72D4C284800F0CC
:1028500085FCA168E0690B68814214BF1A4600221A
:1028600049680B605960A368E1692AB9254AC3E940
:1028700000210B60E3610AE092F90E5093F90E001B
:10288000854223DD5168C3E900210B605360A569CF
:102890001C4B9D4200D005B9E568A3689D4202D05B
:1028A000284600F0B1FB1248656100F041FC88B990
:1028B00040F26D130F4A14490B4805F0D4F80C4947
:1028C000124805F0D0F840F26D11BCE78A42CDD035
:1028D0001268CAE73046BDE87040FFF7F3BA00BFA0
:1028E00012480300ED4A030034F20200FA450300E7
:1028F000EC34002072F50200AEF50200C3F50200D0
:10290000B4340020CC340020D9F50200F0F50200E8
:102910002DE9F04106460C46EFF3058777B13449BF
:102920004FF49363334A344805F09DF8334805F07B
:102930009AF84FF493612F4805F08CF850EA0103A0
:1029400004D1FFF757FF0020BDE8F081EFF31188B5
:10295000402383F31288BFF36F8F294800F0DAFB1E
:1029600060B98423274A2849234805F07CF8244984
:10297000264805F078F884212248DDE7244D2048D8
:1029800000F0ECFBA868234B1860FFF73DFAA8683D
:10299000234632462049183000F016FCAA68044647
:1029A000137C174843F00403137400F0C1FB68B9AB
:1029B00040F26D13134A19490F4805F054F81049B5
:1029C000174805F050F840F26D11D5E74046FFF783
:1029D00079FAAB68D3E90A23B3F1004F08BFBA42D2
:1029E000B1D108F06AFF201A20EAE070ACE700BF1E
:1029F00012480300ED4A030034F20200FA450300D6
:102A0000EC34002072F50200AEF50200C3F50200BE
:102A1000B4340020F034002079210200D9F50200FE
:102A2000F0F50200F8B507460E46EFF3058474B1E1
:102A3000134940F2C643134A134805F014F81348EB
:102A400005F011F840F2C6410E4805F003F8FFF713
:102A50005FFFB6F1FF3F08BFB7F1FF3F05460CD05F
:102A6000214647F611204FF47A7447F612220023CC
:102A7000E5FB0401E6F7FEFAF8BD4FF0FF30FBE797
:102A800012480300ED4A030034F20200FA45030045
:102A900038B50446EFF31185402383F31288BFF362
:102AA0006F8F204800F036FB68B984231E4A1F4907
:102AB0001F4804F0D8FF1B491E4804F0D4FF8421AE
:102AC000194804F0C7FF174800F048FB237C5B0758
:102AD00010D504F1180000F053FC237C204623F0AD
:102AE00004032374FFF728F92946BDE838400D4850
:102AF000FFF71CBA0B4800F01BFB68B94FF4997341
:102B0000094A0D490A4804F0AEFF06490B4804F093
:102B1000AAFF4FF49971D3E785F31188BFF36F8F44
:102B200038BD00BFEC34002072F50200AEF50200A3
:102B300034F20200C3F50200D9F50200F0F50200FC
:102B4000014B9868704700BFB43400202DE9F8436A
:102B500004468789EFF31185402383F31288BFF37E
:102B60006F8F824800F0D6FA68B98423804A814981
:102B7000814804F078FF7D49804804F074FF842187
:102B80007B4804F067FF794800F0E8FA237C1807D7
:102B900017D5764800F0CCFA68B94FF49973744AA7
:102BA0007749754804F05FFF7049764804F05BFF91
:102BB0004FF49971E4E785F31188BFF36F8FBDE897
:102BC000F883D90943F0080240F083802274A36897
:102BD00013B12046FFF7F0F904F1180000F0D0FB24
:102BE000A66D04F15808B04511D04FF0000976B138
:102BF0003046FFF7E1F906F1180000F0C1FB30465E
:102C0000C6F88090FFF798F8A66DB045EFD1DFF8D1
:102C10007881D8F808309C427AD1EFF30589B9F170
:102C2000000918BF4FF00109D8F81860574A9642BA
:102C300000D00EB9D8F80C60B34202D0304600F094
:102C4000E3F92046C8F8146005F0C1FFB9F1000FA0
:102C500002D04F48FFF760F8D8F808309C426AD19C
:102C6000EFF30586002E66D1A389DA071FD53F480A
:102C700000F05EFA002890D085F31188BFF36F8FC3
:102C800086F31188BFF36F8F0423184602DFEFF33A
:102C90001185402383F31288BFF36F8F334800F010
:102CA00039FA00283FF461AF304800F057FA2F4856
:102CB00000F03EFA78BB40F26D132D4A30492E48A1
:102CC00004F0D1FE29492F4804F0CDFE40F26D11E9
:102CD00056E7304A03F07F0343F00803944223741D
:102CE00008D12D495A232D4A234804F0BCFE5A210D
:102CF0002A4846E7D90707D529495B23274A1E48B2
:102D000004F0B1FE5B21F3E7204608F057FD5EE7D3
:102D10004FF0000988E72846FFF7D4F821494FF41F
:102D2000EE731E4A144804F09EFE1F4804F09BFEFA
:102D30004FF4EE71DCE70D4800F0FAF900283FF49B
:102D40002CAF85F31188BFF36F8FFB077FF537AF8B
:102D500040F2A253114A1549074804F084FE214667
:102D6000134804F080FE40F2A251C1E7EC34002089
:102D700072F50200AEF5020034F20200C3F5020063
:102D8000D9F50200F0F50200B4340020CC34002064
:102D9000B02F0020F82D00201E4B0300ED4A030049
:102DA000A14B03001F4D03002A4D03004C4D0300AF
:102DB000574D03002DE9F843064688461746EFF3C2
:102DC0001189402383F31288BFF36F8F214800F0ED
:102DD000A1F9054668B984231F4A2049204804F018
:102DE00042FE1C491F4804F03EFE84211A4804F0AC
:102DF00031FE184800F0B2F93468A6421FD004B37F
:102E00002046C4F880806761FFF7D6F804F1180007
:102E100000F0B6FA2046FEF78FFF0E4800F088F962
:102E200088B94FF499730C4A0F490D4804F01BFE02
:102E300008490E4804F017FE4FF49971D6E70025B3
:102E4000EBE72546E9E789F31188BFF36F8F284642
:102E5000BDE8F883EC34002072F50200AEF5020004
:102E600034F20200C3F50200D9F50200F0F50200C9
:102E7000D3B5DDE90667089CCDE90067FFF7C4F923
:102E80001CB1034B9B685B69236002B0D0BD00BFDF
:102E9000B43400202DE9F0470546884616461F4603
:102EA000EFF31189402383F31288BFF36F8F284813
:102EB00000F030F968B98423264A2749274804F0EE
:102EC000D2FD2349264804F0CEFD8421214804F098
:102ED000C1FD1F4800F042F92868854208D038B18A
:102EE0006B6898420CBF4FF0000AD0F800A0B0B950
:102EF000002416B139462046B047154800F018F9AD
:102F0000F8B94FF49973134A1649144804F0ABFD0D
:102F10000F49154804F0A7FD4FF49971D6E73946DB
:102F2000C04704460028E4D1BAF1000F07D06B680F
:102F3000534501D0DAF800405046A246D7E7544640
:102F4000FAE789F31188BFF36F8F2046BDE8F08759
:102F5000EC34002072F50200AEF5020034F20200FB
:102F6000C3F50200D9F50200F0F50200027C034629
:102F700012F01F0210D10A4988420DD00949086891
:102F800068B1D9897F2909D893F90E20064B1B68AF
:102F90009A42B8BF00207047002070471046704723
:102FA000F82D0020580A0020F434002008B568B13C
:102FB0000F4B98420AD303F11802904206D218220E
:102FC000C01AB0FBF2F302FB13034BB109490A48E4
:102FD0003F230A4A04F047FD3F21084804F03AFD28
:102FE0000122074BC0105843064B1A5408BD00BFBE
:102FF00038300020AC4D030034F20200754D030060
:10300000ABAAAAAA1E3D002070B50C4B0C4D1E7C2D
:10301000FFF7ACFF182303FB06550446284600F0D3
:10302000AFF90022074B9A553CB1621E2846BDE815
:1030300070400549D31700F0C7B870BDB434002004
:10304000383000201E3D0020AD2F020038B5EFF3D0
:103050001185402383F31288BFF36F8F234800F05C
:1030600059F868B98423224A2249234804F0FBFC1A
:103070001E49224804F0F7FC84211D4804F0EAFCB4
:103080001A4800F06BF81E4B1E4A9C681068A0425C
:1030900013D1FFF7B9FF154800F04AF800BB4FF411
:1030A0009973134A1849144804F0DDFC0F49174876
:1030B00004F0D9FC4FF49971DFE700211B7C11600B
:1030C000134AD35C002BE6D02046FFF74FFF0028C1
:1030D000E1D0237CDB0601D1FEF78AFF2046D8E74A
:1030E00085F31188BFF36F8F38BD00BFEC3400202B
:1030F00072F50200AEF5020034F20200C3F50200E0
:10310000B4340020F0340020D9F50200F0F50200BC
:103110001E3D0020006838B1044B00F003001B7C0A
:10312000C01A18BF0120704701207047B434002036
:10313000002302680360EFF30581074B986811B123
:10314000017CC90705D41B7C1843831A5842584197
:1031500070470120704700BFB4340020024B1A7C36
:103160009B68134303607047B4340020024B186817
:10317000984208BF002070475C0A0020034B1B6880
:103180000BB9F9F75BBF0020704700BFF83400208F
:1031900030B570B10B4B5B6898420AD0036843B1FD
:1031A000D3E90421D0E90445121941EB0501C3E933
:1031B0000421D0E9003213605A600023C0E90033D3
:1031C00030BD00BF5C0A0020B3F1FF3F08BFB2F181
:1031D000FF3F2DE9F84F04469B4615461F4600F079
:1031E000B280D0F80090B9F1000F0CD05749642399
:1031F000574A584804F037FC574804F034FC64211F
:10320000534804F027FC8160EFF31188402383F3D7
:103210001288BFF36F8F5148FFF77CFF824660B979
:1032200084234F4A4F494B4804F01DFC4B494E48FC
:1032300004F019FC84214A48E3E74848FFF78EFF71
:10324000BBF1000F494A1FDBFFF798FF0646013527
:103250004BF1000B454A2D184BEBE073D2E90017F8
:10326000C4E904536D1843EB0707FFF77FFF0346DC
:10327000DFF8FCE0DEF80490EBB9C4E900E9C9F836
:103280000040CEF8044028E06FF00103D2E90012BC
:103290005B1A4FF0FF3161EB02025B1B62EB0B022A
:1032A000012B72F10001BCBF01234A464FF0000A16
:1032B000C4E90432D9E7D3E9041CD4E904208A42E2
:1032C00070EB0C0B2EDA891A5A686CEB0000C3E91C
:1032D0000410C4E9003214605C60FFF747FF8442C9
:1032E0000ED1244B1B685BB9BAF1000F02D1FFF776
:1032F00045FF0646304608F0C9FA0021F9F7B2FE4C
:103300001648FFF715FFB0B94FF49973144A1A49DC
:10331000104804F0A8FB1149184804F0A4FB4FF42E
:10332000997188E7521A60EB0C004B45C4E9042000
:10333000A3D01B68A0E788F31188BFF36F8F2846DE
:103340003946BDE8F88F00252F46F8E78A4F03007D
:10335000574F030034F20200FA450300FC3400200A
:1033600072F50200AEF50200C3F5020050300020F5
:103370005C0A0020F8340020D9F50200F0F50200C4
:1033800070B50446EFF31186402383F31288BFF330
:103390006F8F2A48FFF7BEFE68B98423284A29495F
:1033A000294804F060FB2549284804F05CFB84218F
:1033B000234804F04FFB2148FFF7D0FE23683BB3BE
:1033C000FFF7D4FE05462046FFF7E2FE00224FF04D
:1033D0000043A542C4E9042312D000241748FFF794
:1033E000A7FE20BB4FF49973154A1949164804F0FB
:1033F0003AFB1249174804F036FB4FF49971D7E7AE
:10340000FFF7BCFE08F042FA0021F9F72BFEE4E7D3
:10341000D4E90423B3F1004F08BF012A04D10022EC
:103420004FF00043C4E904236FF01504D6E786F398
:103430001188BFF36F8F204670BD00BFFC340020A1
:1034400072F50200AEF5020034F20200C3F502008C
:10345000D9F50200F0F502002DE9F047DFF80491FC
:103460000246C9F80000FFF781FE884604460026A0
:103470000027DFF8F4A04FEAE27CDAE9001354B148
:10348000D4E90450AA427CEB000E1EDAAD1A60EBC0
:103490000C00C4E904500024521843EB0C032046EE
:1034A000CAE90023C9F8004008F0F0F92146F9F70D
:1034B000D9FD2E48FFF73CFED0B188F31188BFF349
:1034C0006F8FBDE8F047FFF7C1BD691843EBE573A7
:1034D0002046C4E90467CAE90013FFF759FE012238
:1034E0004FF000432148C4E90423FFF721FE78B9D7
:1034F0004FF499731E4A1F491F4804F0B4FA1B4940
:103500001E4804F0B0FA4FF49971194804F0A2FA79
:1035100088F31188BFF36F8F2046A3689847EFF3B5
:103520001188402383F31288BFF36F8F0F48FFF792
:10353000F1FD58B984230E4A11490F4804F093FA5B
:103540000A49104804F08FFA8421DEE70748FFF7A4
:1035500005FED9F80020521BC9F80020FFF706FE2F
:10356000044688E7F834002050300020FC34002066
:1035700072F50200D9F5020034F20200F0F5020003
:10358000AEF50200C3F5020010B5EFF3118440233D
:1035900083F31288BFF36F8F0B48FFF7BBFD68B949
:1035A00084230A4A0A490B4804F05DFA06490A488E
:1035B00004F059FA8421054804F04CFA0248FFF758
:1035C000CDFD204610BD00BFFC34002072F5020086
:1035D000AEF5020034F20200C3F5020070B5EFF35D
:1035E0001186402383F31288BFF36F8F1A48FFF7C9
:1035F00091FD68B98423194A19491A4804F033FA2D
:103600001549194804F02FFA8421144804F022FACD
:103610001148FFF7A3FDFFF7B1FD144AD2E90045B9
:10362000041945EBE0750C48FFF782FD68B94FF4CB
:1036300099730A4A0E490B4804F015FA06490D48D9
:1036400004F011FA4FF49971DFE786F31188BFF3A4
:103650006F8F2046294670BDFC34002072F50200B1
:10366000AEF5020034F20200C3F502005030002033
:10367000D9F50200F0F50200F8B50446EFF3118722
:10368000402383F31288BFF36F8F5B48FFF742FD3F
:1036900068B98423594A5A495A4804F0E4F956490A
:1036A000594804F0E0F98421544804F0D3F9524811
:1036B000FFF754FDD4E90423B3F1004F08BF012AFA
:1036C00013D04D48FFF734FD002840F08F804FF4B1
:1036D00099734A4A4D494B4804F0C5F946494C484C
:1036E00004F0C1F94FF49971DEE7D4E90A566A1C77
:1036F00046F10003022A73F1000334D3013D46F181
:10370000FF36002EBCBF00252E4608F0DAF8013047
:1037100041F10001401946EB0101012871F100015E
:103720005BDB08F0CEF86FF00203013041F10001DD
:10373000401946EB010183426FF000438B4151DB9E
:1037400008F0BFF8013041F100016FF001024019AB
:1037500046EB01034FF0FF31121A61EB03032046E1
:103760002C49FFF731FD236B256A01332363D5B163
:103770002148FFF7DDFC0028A9D087F31188BFF3AB
:103780006F8F2046A847EFF31187402383F31288F9
:10379000BFF36F8F1848FFF7BDFC00283FF479AFE7
:1037A0001548FFF7DBFC54F8185FA54289D0002DBF
:1037B00087D02846FEF798FC00230F48C5F88030D4
:1037C000FFF7B6FC002882D087F31188BFF36F8F14
:1037D0002846BDE8F840FEF741BC6FF001024FF00B
:1037E000FF33BCE700224FF00043B8E787F31188AE
:1037F000BFF36F8FF8BD00BF0035002072F50200E7
:10380000AEF5020034F20200C3F50200D9F5020061
:10381000F0F50200793602002DE9F8430646144619
:103820001D4691469846EFF31187402383F3128893
:10383000BFF36F8F2748FFF76DFC68B98423264AD2
:103840002649274804F00FF92249264804F00BF9CD
:103850008421214804F0FEF81E48FFF77FFCB5F1F3
:10386000FF3F08BFB4F1FF3F11D11A48FFF760FCDA
:1038700050BB4FF49973184A1B49194804F0F3F8E8
:1038800014491A4804F0EFF84FF49971E1E7002D5C
:103890000ADB012C75F100032246BCBF0122002582
:1038A00012F1FF3945F1FF383046FFF769FDDDE9D8
:1038B0000823C6E90A2300234A46336330464346B9
:1038C0000B49FFF781FCD0E787F31188BFF36F8FB7
:1038D000BDE8F8830035002072F50200AEF5020065
:1038E00034F20200C3F50200D9F50200F0F502003F
:1038F0007936020070B50546EFF31184402686F351
:103900001288BFF36F8F2D48FFF704FC68B984233A
:103910002B4A2C492C4804F0A6F828492B4804F0DF
:10392000A2F88421264804F095F82448FFF716FCF5
:103930002846FFF725FD90B12048FFF7F9FB002846
:1039400037D14FF499731E4A21491F4804F08BF870
:103950001A49204804F087F84FF49971E2E76B6A3E
:10396000CBB11648FFF7E4FB0028EAD084F31188B6
:10397000BFF36F8F28466B6A9847EFF3118486F385
:103980001288BFF36F8F0D48FFF7C4FB0028BED02D
:103990000A48FFF7E3FB05F11800FEF7BBFC00281F
:1039A000CAD0FEF75BFB2146BDE87040034807F034
:1039B00047BF84F31188BFF36F8F70BD00350020BF
:1039C00072F50200AEF5020034F20200C3F5020007
:1039D000D9F50200F0F502002DE9F84F4F1E0F4215
:1039E00006460D469A460BD02F4918232F4A3048D9
:1039F00004F039F82F4804F036F818212B481CE061
:103A0000141D4DD241F0040B00F11408EFF311899D
:103A1000402383F31288BFF36F8F4046FFF77AFB92
:103A200068B98423244A2549214804F01CF84146FA
:103A3000234804F018F884211F4804F00BF840468E
:103A4000FFF78CFB224659463046D0470446404695
:103A5000FFF76EFB68B94FF49973174A1949144878
:103A600004F001F84146184803F0FDFF4FF4997146
:103A7000E2E789F31188BFF36F8F8CB144F8046BD0
:103A80007DB13C420DD03523084A1049084803F067
:103A9000EAFF21462A460E4803F0E5FF3521ADE74F
:103AA00000242046BDE8F88F19F20200AA4F030057
:103AB00034F2020051F2020072F50200AEF502008B
:103AC000C3F50200D9F50200F0F50200DD4F030056
:103AD0000F5003002DE9F04105460E46174607F04A
:103AE00062FE28B9074B9B685C6F14B9BDE8F08192
:103AF000054C3B46324629462046BDE8F041FFF7DB
:103B00006BBF00BFB4340020B00B00200246002180
:103B1000014B0248FFF760BF95790200B00B00200F
:103B2000014B4367704700BFB00B00200146024ABB
:103B30000020FFF7CFBF00BF9579020001680E4A51
:103B40000346914215D1C169A2F11022A2F1EF12F0
:103B500091420ED18268012A0BD8C26812B1016964
:103B60008A4206D0586928B19B691B1A58425841AD
:103B700070470120704700BF55AA00FF70B50E4B7B
:103B80009E68B6B13046FFF7D9FF044618B9F3680E
:103B90007BB935690DB9204670BD2846FFF7CEFFC9
:103BA00028B9EB68B34204D12E462D69F2E70446EA
:103BB000F1E70124EFE700BF043500202DE9F041D3
:103BC000404D06466869884607F0D9FE18B10024C2
:103BD0002046BDE8F0812C68DCB1AC68CCB1002E89
:103BE0006AD0B8F1000F69D008FB06F7B7FBF6F60C
:103BF000B04565D1391D63D8BA0710D027F003024C
:103C00000432EC6803E0616891420AD2A469002C96
:103C1000F9D1686907F0B9FE0028D9D0D7E73A464C
:103C2000EFE7D4F808C0BCF1000F02D0012009F082
:103C30001FFA891A232904F120061CD80123A36046
:103C4000D4E90523AAB19361A3690BB162695A61F2
:103C50000023C4E905332B69DB0703D5FFF78EFF8B
:103C60000028E3D13A4600213046344609F0F8F9FD
:103C7000CFE7EB60E8E702F1200023182039C3E921
:103C8000011CDC602169DFF840C0196144F800C004
:103C90000E48D86101B1CB6061695961A069986132
:103CA00041B18B61996901B14B6101212361C4E983
:103CB0000121CDE7EB60F5E73446AAE74446A8E7E3
:103CC0000446A6E70435002055AA00FF669911EEC8
:103CD00070B5424E0546706907F051FE00287BD151
:103CE000002D5FD03368002B5CD0B268002A59D019
:103CF0009D4203D3726813449D4202D3012009F010
:103D0000B7F9A5F120042046FFF718FF0028F5D1E8
:103D100055F8183C012BF1D155F8143C45F8180C16
:103D2000C3B19A68002A42D155F81C2C02F1200137
:103D30005A680A445A6055E905321A6155F8145C0C
:103D40002B6903B1DD6020462022002109F088F9AB
:103D500023462C462069002836D08268002A33D1B9
:103D60006368426820331344636003692361D4E9C4
:103D70000523F2B923BB436963618269A2610BB376
:103D80009C61A36903B15C61236903B1DC602022FB
:103D9000002109F065F933699B0703D5FFF7EEFEB3
:103DA0000028ABD17069BDE8704007F0EEBD00237C
:103DB000D0E79361A369002BDDD062695A61DAE72D
:103DC000F360F7E7F460DCE7002BE4D1F368A3616C
:103DD00003B15C61F460DEE770BD00BF0435002014
:103DE00070B50C46164E142200210546304609F0E7
:103DF00037F91448706107F0C0FD1349134800F00B
:103E000035F8232C1BD915F003031FBF043CE4181D
:103E1000C3F10403ED1822460021284609F020F9D9
:103E2000C6E90054203CB5606C60B368084A1A606B
:103E3000B368A2F11022A2F1EF12DA61F36070BD53
:103E400004350020640A0020D13C0200BD3B020082
:103E500055AA00FF014B1B68184700BFC80A002085
:103E6000014B1B68184700BFC40A0020024B1860B2
:103E7000024B002019607047C80A0020C40A0020C5
:103E800010B50A46044619B1024B00211B68984739
:103E900010BD00BFBCE902000E4B0340B3F1607FD0
:103EA00006D1B1F5885F0CBF00206FF08600704727
:103EB000B3F1707F0BD101F4E043B3F5005F06D19D
:103EC00011F4E06F14BF00206FF0860070476FF0B0
:103ED000860070470000C07F8A42F8B506460D464E
:103EE00000F00A8101F0FE41B1F1C06F61D1884C50
:103EF00022F4FF7121F00101A14222F0FF0014D051
:103F000004F58854A04210D022F47F7626F00306F0
:103F1000A4F57064A64208D004F5A064A04204D0C1
:103F200004F57454A14240F0EB80D1B2784E19B937
:103F300022F48061B14224D125F4FF7424F00104FD
:103F4000B44225F0FF0112D0724EB1420FD025F4D9
:103F50007F7727F00307A6F57066B74207D006F50E
:103F6000A066B14203D006F57456B44209D115F0EB
:103F7000FF0406D0684E44F00074B44204BF024609
:103F80000D468BB122F4FF7323F00103B3F1062F2A
:103F900006D0624B22F4FF6121F00701994203D160
:103FA00022F4807225F48075954214BF0020012010
:103FB000F8BDB1F1A06F16D102F0FE43B3F1A06FCE
:103FC00040F0888082EA050333F47E1340F082805B
:103FD00028047FD5C5F30540C2F3054290428CBF4B
:103FE00000200120E4E74E4B9D4209D1A3F5004398
:103FF0009A4200F081804B4B22F47E109842D4E725
:10400000B1F1407F60D102F0FE43B3F1407F5BD15C
:1040100082EA050030F47E1456D131462846FFF777
:104020003BFF00286AD1404912F47C1701EA0201E3
:1040300013D0B1F1607FC2F3054333D1D1B241F067
:10404000007101F17E410339122901D83748445CDF
:1040500015F47C1F2DD19C42A7E7B1F1607F0AD1F6
:10406000D3B243F0007303F17E43033B122B4BD8D2
:104070002F49CB5CE2E7B1F1707F17D106F4E04342
:10408000B3F5005F42D10123C6F302218B4006F451
:10409000E041B1F5005FDBD10120C6F3022600FA52
:1040A00006F4D5E7B1F1707FD2D1F0E700242346C2
:1040B000CEE71FB9C5F30541A1421DD0290403D5A0
:1040C000C5F3054098428AE71A4B9D4202D1B2F1EE
:1040D000082F6AE725F0004323F47F03B3F1106F44
:1040E0000CD102F0FE43B3F1106F07D1124810401B
:1040F00040F01060A84258E7012059E7002057E738
:10410000002B7FF446AF4FE7002397E70023BEE77D
:104110000002000600130006FF0000020040000637
:104120000093C004000140050000C07F61550300FA
:10413000615503000002C0030000FFF670B505469C
:104140000F480E4607F01BFC044618B16FF08F04B1
:10415000204670BD6B6933602B7F012B0ABF0223A1
:1041600030602B77064818BF6FF0960407F00DFCFF
:104170000028EDD0002CE9D06FF09604E8E700BFEE
:10418000AC0A002038B50C4C0C4807F0F8FB6578F9
:104190000A4807F0FAFB0A4807F0F1FB022D08D1A4
:1041A0002478E31F5C425C41054807F0EEFB2046A3
:1041B00038BD0024F8E700BF1C3500207C0A002031
:1041C000940A00202DE9F047894615461C4600F068
:1041D000BFFC0646002851D1D9F80070B7F800A0FE
:1041E0000AF4E043B3F5804FBB6808BF25F0010532
:1041F00035EA03033AD1002C40D0B5F5006F40D02A
:10420000A5F5005255425541284A24F4FF7323F086
:104210000103934213D0264924F0FF028A420ED0B4
:1042200024F47F7020F00300A1F57061884206D06D
:1042300001F5A0618A4202D01E4A934223D114F0B4
:10424000FF0304D01C4A43F00073934222D02B4654
:1042500022465046F968FFF73FFE804670B92B466C
:10426000224650463969FFF737FEE0B96FF0840601
:1042700000233846C9F8003000F034FD3046BDE870
:10428000F0870125C0E704F0FE43B3F1407F04D17D
:104290002304DCD56FF08606EAE7B3F1A06FF7D010
:1042A000054B9C42D2E74646E8E700BF0002000605
:1042B0000013000600460006FF00000238B500F0BB
:1042C000FE43B3F1407F04460D4602D06FF08600F6
:1042D00038BDFFF7E1FD0028F8D114F47C1F18D099
:1042E000C4F30543032B137022D9224A2240B2F1B2
:1042F000607F31D1E4B244F0007404F17E44033CA9
:10430000122CE3D81C4A125D9342DFD8202BDFD950
:104310000EE0184B2340B3F1607F0FD1E3B243F0BE
:10432000007303F17E43033B122B04D90023137067
:104330006FF08500CCE71149CB5CD3E7B3F1707F18
:10434000F4D101F4E043B3F5005FEFD10123C1F3F1
:1043500002218B40DBB2C5E7B2F1707FB6D105F424
:10436000E042B2F5005FB1D10122C5F30225AA40B7
:10437000CAE700BF0000C07F61550300615503001C
:104380002DE9F3414768D0F81480044638460E46BC
:1043900007F0D3FD0546E8B9FFB22FB9B8F1000F19
:1043A00005D06FF0860515E0B8F1000FF9D0A368CD
:1043B00023F0031323F47F43002BF2D14FF6F8735D
:1043C00062889A4228D81648277907F0D8FA28B187
:1043D0006FF08F05284602B0BDE8F08107B901A84B
:1043E000314600F06BFB05460D4807F0CEFA10B1E0
:1043F000002DEFD1ECE7002DECD10FCCD6F800C0AA
:1044000066460FC694E8070086E80700002FE1D152
:10441000019BCCF81430DDE76FF08505DAE700BFCB
:10442000AC0A002010B5044650B1064807F0A7FAC0
:10443000204607F0DBFBBDE81040024807F0A5BAB4
:1044400010BD00BFAC0A002013B5044610B301A98B
:1044500000F07EFB0446E8B91D4807F090FA58B119
:104460000024019807F054FD002818BF044618489E
:1044700007F08BFA70B10AE00198037F032B11D18A
:1044800007F046FD0446124807F07FFA28B10CB940
:104490006FF08F04204602B010BD002C08BF6FF0F3
:1044A0008704F7E7022B0DD1032303774368DAB2C1
:1044B000FF2A0AD01B0AD3D0D0E9091200F0BCFDB4
:1044C0000446CEE76FF09604CBE76FF08404C8E7AC
:1044D000AC0A00202DE9F04190461E46002288B02B
:1044E000038805460F460592CDF81C803260B8F16E
:1044F000000F65D0B8F1005F80F0A18023F0FF03CA
:10450000B3F5E24F02D0B3F5824F25D1284607F02C
:104510004BFA0446002840F08680EB6883B16A8835
:1045200072B12B8803F44F41B1F5824F02D0B1F53F
:10453000884F05D1DBB2222B36D02CD8122B38D0A5
:104540003A46002308EB070112F8010B8A4243EABE
:104550000003F9D1002B33D0284605A9FFF710FF3F
:104560000446A0B9059B9B6A6BB3059B39465A88E4
:104570002846069206AA029203F1280201929A6A3C
:1045800000925B6A424600F01BFC044680B305982B
:10459000FFF748FF47E0273BDBB21B2BD0D8294968
:1045A00021FA03F3DB07CBD50732B8EBD20FC7D222
:1045B00006E040F209239A42F6D1B8F1400FBFD885
:1045C0006FF086042FE06B681B0A07D107990598E6
:1045D00007F0CCFA04460028C7D0D8E7424639464F
:1045E000284607AB00F094FB04460028EED0CEE747
:1045F0000599069B4A88D2B94B804FF6F873069A04
:104600009A4219D82B88059813B102889A4210D182
:104610006B8813B142889A420BD13146FFF78EFD69
:1046200004460028B3D1204608B0BDE8F0819A4284
:10463000E3D06FF08604AAE76FF08504A7E76FF078
:104640008504F0E70102000C38B504460D46FFF77B
:1046500099FD30B12A462146BDE83840024807F0AE
:1046600096BC6FF0880038BD20350020002273B55D
:1046700003880A600092428804460D46002A00F032
:10468000FF80028802F4E042B2F5804F00F0F8802B
:1046900023F0FF03B3F5E24F02D0B3F5824F04D10C
:1046A000204607F081F90646D0B969462046FFF753
:1046B00067FE064660BB009B9B6AA3B1009920463B
:1046C00001F12803D1E9091200F052FB06460098D7
:1046D000002E40F0D2802946FFF730FD0646B8B9DB
:1046E000304602B070BD63681B0A40F0BD8022886E
:1046F000618802F4E043B3F5805F0DD0B3F5005F4D
:104700000AD002F44F40B0F5824F1ED06FF08506FC
:104710000098FFF787FEE3E7104607F0F8F9064632
:104720000028F5D147F201039A4220D14B0801330A
:10473000DB0803EBC3033B330193DDE9000107F022
:1047400015FA06460028B9D0E2E7B3F5E04FDDD10F
:1047500047F201039A42E9D022F0FF03B3F5884FF4
:1047600015D1CB1DDB0803EB43030133E4E744F22F
:1047700001039A4202D1CB081033DDE722F0FF0398
:10478000B3F5E84FEAD1CB1DDB085B00D4E7B3F506
:10479000EE4F67D0B3F58E4F02D1CB1DDB08CBE7D0
:1047A00002F44F40B0F5824F02D0B0F5884F06D1E9
:1047B000D0B2422801D1CB08D7E74128EDD0B3F5DC
:1047C000E24FEAD0B3F5824F03D1CB1DDB085B008B
:1047D000CBE744F20D039A4224D844F201039A42F3
:1047E000DBD9A2F58042023A0B2AD6D801A353F8AE
:1047F00022F000BF394802009B47020045480200F2
:104800009B4702009B4702004D48020055480200AA
:104810009B4702009B4702005D4802009B47020045
:104820005D48020047F202039A421BD047F204039C
:104830009A42B2D140237FE74FF4A0724B09534311
:10484000203379E74FF4C0720B0AF8E7CB1DDB0881
:10485000183371E7CB1DDB081C336DE7CB1DDB087C
:10486000023392E7202367E7204601A900F068FAA7
:10487000064600283FF461AF4AE707F0ACF947E786
:104880006FF086062CE700BF10B51B4C1B4807F0E5
:1048900076F82378590744BF03F0FB0323709A0787
:1048A00005D500F0F1F8237823F0020323701348B4
:1048B00007F06BF8124807F062F8637813B11148FB
:1048C00007F068FB002304210E486370FFF7D8FA55
:1048D0000B4807F05AF8094807F051F82378DB072E
:1048E00005D507F033FB237823F001032370034839
:1048F000BDE8104007F049B81C350020940A00209C
:104900007C0A00202035002070B5FFF73BFC10B179
:104910000024204670BD344807F031F8044620B129
:104920006FF08F04FFF7B0FFF3E7304D2B789E0751
:1049300006D400F0A1F804462B7843F002032B7054
:10494000294807F022F810B1002CE9D0EAE7002C42
:10495000E8D1254807F013F804460028E0D12B7869
:10496000D80706D407F0F0FA04462B7843F0010389
:104970002B701D4807F009F80028E5D1002CD1D193
:10498000194806F0FCFF0028CAD117482E7806F017
:10499000FCFF0028C4D1164806F0F1FF04460028A9
:1049A000BED16B783BB9F10705D5124807F0ECFA98
:1049B000022304466B700E4806F0E7FF0028C3D1BF
:1049C000002CAFD1084806F0DAFF0028A8D12B78D8
:1049D00005485A075CBF43F004032B7006F0D5FF6F
:1049E000002895D09CE700BF940A00201C350020C9
:1049F0007C0A00202035002038B500F140430F2B01
:104A00000CD82C221A4C02FB0344237F022B02D128
:104A10006369834224D06FF08B001AE06FF040424C
:104A2000441E94420ED2124B00221C461D7F022DC2
:104A300002D15D69854210D00132102A03F12C03A6
:104A4000F4D1E8E70B4AA3F580539342EBD96FF01A
:104A5000870038BD6FF09600FBE72C2303FB024470
:104A6000204607F048FA0028F4D10C60F1E700BFB7
:104A700024350020FFDFFF3F0122024B002083F896
:104A8000C0227047243500202DE9F0410A4C002552
:104A900026464FF0010803272046C4F820802777D8
:104AA000013507F0A3F8102D04F12C04F4D10023F4
:104AB00086F8C032BDE8F08124350020F8B5214DDC
:104AC000064621480F4606F05AFF95F8C0421E4898
:104AD00006F05BFF7CB300242B462246197FD1B140
:104AE0003CB9022905D1196A19B91979002918BFE9
:104AF0001C460132102A03F12C03EFD114B96FF0D8
:104B00008C0006E0204607F0F6F9204607F06EF824
:104B100010B100240DE01C46237F7BB901232377CD
:104B200036B10A4B651BAD105D4305F1804535601C
:104B300000203C60F8BD6FF08800EAE76FF0960057
:104B4000E7E700BF24350020940A0020A38B2EBA8B
:104B50000023F0B5054691B05E480B600E4606F0A6
:104B60000EFF5D4B5B4893F8C04206F00EFF002C31
:104B700000F0AC80594806F002FF074620B16FF004
:104B80008F04204611B0F0BD31462846FFF734FFB0
:104B900010F18C0F044607D0504806F0F6FE0028AE
:104BA000EFD0002CEDD1EAE73846FFF787FF074644
:104BB00020B14A4806F0E9FE3C46E2E701223368AC
:104BC00001465D61336809A85A601C22356808F007
:104BD00047FA002200236869CDE90623404A00F124
:104BE0004043A3F580539342CDE9047703971DD842
:104BF00006AA03A907F0D1F90446B8B9039B6A696C
:104C00000A93DBB2002B08BF00220346CDE9000067
:104C1000DDE906010E9209AA00F060F910F18A0F91
:104C200004460ED0002808BF6FF09604306806F0E6
:104C3000DDFF14F18C0F08BF6FF087040023336091
:104C4000AAE704A909A800F07BF804460028EDD1E2
:104C50002846049906F08AFF04460028E6D1DDE9DB
:104C6000060105AB0193AB6A09AA00936B6A00F0D9
:104C700035F9044618B1284606F0ADFFD6E72C46B4
:104C8000059BAB6209AD0FCD0FC495E8070084E822
:104C9000070032689368D80414D4990444BF43F4DD
:104CA0000063936033681A7F012A04BF02221A77D7
:104CB000306807F020F9044600283FF46DAF6FF02C
:104CC0009604BBE743F480639360E6E76FF08804E3
:104CD00057E700BF940A002024350020AC0A0020CA
:104CE000FFDFFF3F10B50446084806F048FE40B914
:104CF000204607F00DF90446044806F046FE10B1C0
:104D00000CB96FF08F04204610BD00BFAC0A002024
:104D100010B41946002443680C60074C1A0AB4EB1F
:104D2000132F02D0054B9A4202D110BC00F020BBD9
:104D30006FF0860010BC7047004E80004B4E800024
:104D400010B4002443680C60074C1A0AB4EB132F0C
:104D500002D0064B9A4202D110BC00F009BB6FF0A2
:104D6000860010BC704700BF004E80004B4E800094
:104D70002DE9F041456804462D0A0E46174698462F
:104D800006D00E4CA54214D06FF08600BDE8F0812D
:104D900005886D0407D443463A4631462046BDE8AF
:104DA000F04107F093B800F051FE10F1860FEDD1FD
:104DB000F1E7BDE8F04100F049BE00BF4B4E800076
:104DC0002DE9F04FDFF880B0D0F804E085B0BBEB00
:104DD0001E2F0446DDE90E890D4616461F46DDF8F6
:104DE00040A04FEA1E2C1CD0DFF860E0F44518D03C
:104DF000BCF1000F22D1CDE9019ACDF8008000F07E
:104E000097FD10F1860F1BD13B46324629462046BE
:104E1000CDE90F9ACDF8388005B0BDE8F04F06F027
:104E2000B8BE3B46324629462046CDE90F9ACDF81A
:104E3000388005B0BDE8F04F00F07ABD6FF0860015
:104E400005B0BDE8F08F00BF004E80004B4E8000E3
:104E500030B44468240A06D0064DAC4206D030BCBB
:104E60006FF08600704730BC06F0DDBE30BC07F046
:104E700057BA00BF4B4E80002DE9F7430D46DDE9E0
:104E80000A891646134942681F46B1EB122F0446A1
:104E90004FEA12230ED0104A934200D0ABB93B46E2
:104EA000324629462046CDE9008900F0F7FC10F192
:104EB000860F0CD13B46324629462046CDE90A8969
:104EC00003B0BDE8F04300F0E9BC6FF0860003B02A
:104ED000BDE8F083004E80004B4E8000F0B4DFF858
:104EE0002CC05468DDE90456BCEB142F4FEA14279C
:104EF00002D0074CA74204D1CDE90456F0BC00F023
:104F000017BE6FF08B00F0BC704700BF004E8000F2
:104F10004B4E80002DE9F043DFF84490DDB2446849
:104F200045F000754D45DDF82C804FEA1424DDE98D
:104F30000767DDE909CE0CD014B10A4DAC420CD1A3
:104F4000CDE90AE8CDE9087C0796BDE8F04307F013
:104F5000F7B86FF08500BDE8F0836FF08600FAE7E0
:104F6000050000024B4E8000F7B5089E0E4FF5B2CB
:104F7000044645F000754868BD424FEA10200DD048
:104F800010B10A4DA8420CD1009604F1080007F0B8
:104F9000CCF808B90523236003B0F0BD6FF085009D
:104FA000FAE76FF08600F7E7050000024B4E80003D
:104FB000F7B5089E0E4FF5B2044645F000754868F7
:104FC000BD424FEA10200DD010B10A4DA8420CD1BD
:104FD000009604F1080007F0AAF808B90523236039
:104FE00003B0F0BD6FF08500FAE76FF08600F7E7D9
:104FF000050000024B4E80002DE9F04144681D463B
:10500000DDE9087CDDE90636240ADDF828E003D076
:10501000DFF82080444508D1CDE909E5CDE9077CDA
:105020000696BDE8F04101F0E1B86FF08600BDE8FA
:10503000F08100BF4B4E80004268044BB3EB122F4F
:1050400001D107F0A4B96FF0850070474B4E800086
:1050500010B50D4C206801F091FF0C4A1368591CE3
:1050600011605BB90A4A5920D2F8003443F00703B3
:10507000C2F80034ECF710FA01F07EFA2068BDE8BF
:10508000104001F095BF00BFD00A0020E837002093
:105090000090055038B5164D286801F06FFF154B8C
:1050A0001C68013C1C60ECB95920ECF703FA07229C
:1050B000114BC3F80823D3F8002422F00702C3F8E9
:1050C0000024C3F80041D3F80021C3F80441D3F809
:1050D00004214FF00072C3F80841D3F80831074BA0
:1050E000C3F888212868BDE8384001F061BF00BFDF
:1050F000D00A0020E83700200090055000E100E0D1
:1051000070B5104D104E2B68B34219D0FFF7A0FFB9
:1051100001F0B4FB01F04AFC38B106F040FF044650
:10512000FFF7B8FF3CB92E6005E000F0FDFE044635
:1051300018B1FFF7AFFF204670BD07F0C7F9EEE7E3
:105140000024F8E7CC0A002011736500F8B5054685
:105150000E4618461C2117461C4607F024FF6B68B4
:1051600021491A0AB1EB132F1BD1204A337822614F
:105170001F4A13F00303E26066610CD0023303F0B0
:105180000303012B26D86B880733DB086360194BB8
:1051900023600020F8BD6B880733DB086360164B83
:1051A000F6E7164B9A4212D16A69154B1344022B4B
:1051B00013D90023224642F8183FC4E90333626141
:1051C0006A69104B9A4201D12023E7E747B1C4E94D
:1051D0000067DEE76FF08400DCE76FF08500D9E759
:1051E0006FF09600D6E700BF4B4E8000A15B020037
:1051F00095C402000000002000FF0220004E800045
:10520000FF3F008004C0FF7F0022074BC3F810213E
:10521000C3F80C21C3F80021C3F80421C3F8082106
:10522000C3F81821704700BF0090045008B5FFF77D
:10523000EBFF01230360104B0A6832B9D3F80C214D
:105240001AB9D3F80821002AF6D00B687BB90B4BAA
:1052500099420ED0A3F58473D3F80831002B14BF04
:105260006FF002004FF0FF30FFF7CEFF08BD0020C7
:10527000FAE74FF0FF30F7E7009004500891045030
:1052800070B506460D4619B34B6913F00F040CD0E8
:1052900011495523114A124802F0E5FB114802F06A
:1052A000E2FB55210D4802F0D5FB2146012006F016
:1052B00084F90D480D49C0F80065C0F80455FFF7A2
:1052C000B5FF21460546204606F077F9284670BD11
:1052D0006FF00105FAE700BFA05003003E50030045
:1052E00034F20200C95003000090045000910450B1
:1052F000034B0449C3F800050348FFF797BF00BFFD
:1053000000900450049104500490045010B50446D9
:105310000021012006F051F9064B0749C3F800456A
:105320000648FFF783FF00210446084606F045F9CA
:10533000204610BD0090045008910450089004507D
:1053400038B50C4659B1074D0749C5F8000507485F
:10535000FFF76CFF10B9D5F80835236038BD6FF042
:105360000100FBE700900450109104500C90045091
:1053700070B51C4E44680288B6EB142F43884FEA80
:10538000142514D14069184B98420CD003F5FF4303
:105390007D330344012B22D8B2F5105F1FD10223C5
:1053A00000200B6070BD47F212139A42F6E70F48D7
:1053B000854214D102F44F40B0F5824F09D144F236
:1053C0001210073382424FEAD303E9D15B00013365
:1053D000E6E7B2F5885FE2D10733DB08E0E76FF07C
:1053E0008600DFE7004E800001C0FF7F4B4E80004B
:1053F00000212DE9F043064695B0084601F0AEF9CC
:105400000DF12705044625F01F0520B115B0BDE8B4
:10541000F04306F0C4BD4FF01009DFF88080012290
:1054200010211F4806F027FE1D4A2B19009320214A
:105430001023CDF80490A2F1200000F035FF0746BC
:1054400050B1002001F078F9384606F0A8FD074673
:10545000384615B0BDE8F083D8E90C32103401337A
:1054600042F10002302CC8E90C32D8D101F064F9C5
:1054700026B122463146284606F0F0FD2E46074C5E
:105480000FCE0FC496E80F00203584E80F0095E892
:105490000F00103484E80F00DAE700BF5830002016
:1054A00078300020F0B5194D194FAB6B8DB0BB4271
:1054B00029D0184E306801F061FD402300221946C2
:1054C000284607F065FD3021684606F004FE0446D4
:1054D00078B96846FFF78CFF044690B9302302463E
:1054E0001946684607F054FD01220023C5E90C2344
:1054F000AF63306801F05CFD204606F050FD0DB052
:10550000F0BD0E24F5E70020F9E700BF5830002079
:10551000B4A5B4A5D40A00202DE9F04F99B00DF13F
:10552000570902F10F0A04468846154629F01F095B
:105530004FEA1A1A32B1002900F08780B2F5005FF5
:1055400000F28380424F434E386801F017FDD6E9E0
:105550000C32134308D12046FFF7A4FF044618B1CC
:10556000386801F025FD5CE0D6E90C231AEB020A4D
:1055700043F10003BAF5803F73F1000314D33021E7
:1055800002A806F0A8FDF8B902A8FFF731FF04460B
:105590000028E5D130230246194602A807F0F8FC9E
:1055A00000220023C6E90C230021084601F0D6F8AA
:1055B000044660B910249DB9284601F0BDF828467C
:1055C000FFF716FF0446CBE76FF09204C8E7386890
:1055D00001F0EEFC204619B0BDE8F04F06F0DFBC4C
:1055E000102D4FF001024FF010011B48AB4628BFB1
:1055F0004FF0100B06F03FFD174A10232021CDE994
:105600000094A2F1200000F04FFE824668B1002015
:1056100001F092F8386801F0CBFC504606F0BFFC70
:105620000446204619B0BDE8F08F5A464046494628
:1056300007F0F0FCD6E90C32013342F10002C6E972
:105640000C32A5EB0B05D844B5E76FF08604E8E70C
:10565000D40A002058300020783000202DE9F04195
:10566000069C04F0FE45B5F1407F09D02049214851
:105670001A23214A02F0F7F91A211F4802F0EAF929
:1056800005686DBB14F47C1604600BD0C4F30546AA
:105690001A4D24F47E14AC42466025D1BDE8F04199
:1056A00000F07CB8164D2540B5F1607F0AD1E5B217
:1056B00045F0007505F17E45033D122DE8D8114EE9
:1056C000765DE5E7B5F1707FE2D10D8805F4E0473E
:1056D000B7F5005F02BF0126C5F30225AE40D7E74C
:1056E0006FF08800BDE8F0816FF08500FAE700BF39
:1056F0004051030034F20200DB5003000002C003FB
:105700000000C07F7455030010B4046844B15AB15E
:10571000084B24F47E149C4208D110BC06F048BD0E
:105720006FF0880010BC70471046FBE76FF08500F3
:10573000F8E700BF0002C003F8B51E46036805463F
:105740000F4603B311B34168914222D8124A23F4A1
:105750007E13934211D106F0ABFD044678B905F1F2
:105760000C0138466A6807F055FC6B684FF4C2714B
:105770002846336007F017FC03E06FF0960400231F
:1057800033602046F8BD6FF08804FAE76FF08604B6
:10579000F7E76FF08904F4E70002C0032DE9F04158
:1057A0000E461C4633880546B3F5105F11463DD1C1
:1057B0000F2C0BD873681F481A0AB0EB132F07D0B1
:1057C0001D4B9A4204D06FF086042CE0202CFAD8AE
:1057D00005F5B2772246384605F5A47807F01AFC9D
:1057E0002246434639463046FFF7B0FC0446D0B95E
:1057F00005F164060121304600F0B0FF18B1BDE8A4
:10580000F04106F0CCBB414605F1500000F09CFD94
:105810000446304600F090FF0CB12046EFE710231D
:1058200085F84C40AB602046BDE8F0816FF0850400
:10583000F9E700BF4B4E8000004E8000602A2DE942
:10584000F04105460F4616461FD8DFF84880D8F8C5
:10585000000001F093FB284606F01CFE044620B928
:10586000324638460C4907F0D5FB284600F098F937
:105870000546D8F8000001F09BFB002D14BF284618
:105880002046BDE8F04106F08ABB6FF08900BDE814
:10589000F08100BFD80A0020000000202DE9F0416F
:1058A0000E46DDE906EC17461C464BB91C49202381
:1058B0001C4A1D4802F0D7F820211A4802F0CAF805
:1058C000BCF1000F07D119492123164A164802F0EE
:1058D000CAF82121F1E74FF000080588CCF80080D4
:1058E000BEF1000F15D025F0FF05B5F5E24F03D14D
:1058F000BDE8F04101F0FCB9B5F5824F0DD173461A
:10590000224639463046CDF818C0BDE8F04107F0D0
:10591000E4B96FF08600BDE8F0816FF08500FAE72A
:105920007C1A03008D51030034F20200FD51030084
:105930002DE9F04F8DB00446DDE916788946924690
:105940001D46189E4BB93B4978233B4A3B4802F021
:105950008AF87821384802F07DF8B8F1000F07D1B5
:1059600037497923344A354802F07DF87921F1E747
:105970003EB934497A23304A304802F074F87A212B
:10598000E8E74FF0000CB0F800E0C6F800C0C8F837
:1059900000C0002F47D0D0F804C0DFF8ACB04FEA09
:1059A0001C2CCDF80CC0D0F804C0BBEB1C2F26D1AA
:1059B00004A9D0F814B0FFF7DBFC0146C0B9049B82
:1059C0009F4219D35FFA8BFB594653464A462046FD
:1059D00000F044F9014658B92B465846CDE9007805
:1059E00005AA00F001FB014610B9BDF8163033607E
:1059F00008460DB0BDE8F08F6FF08901F8E7039C11
:105A0000A4B92EF0FF04B4F5E24F04D10DB0BDE807
:105A1000F04F07F0F0B8B4F5824F07D10DB0BDE8F4
:105A2000F04F07F00FB96FF08601E1E76FF08501E5
:105A3000DEE700BF095203008D51030034F202007B
:105A400014520300265203004B4E80002DE9F04310
:105A50000546164698460F4693B049B92F49EA23A2
:105A60002F4A304801F0FFFFEA212D4801F0F2FFF4
:105A70003BB92D49EB232A4A2A4801F0F4FFEB21D8
:105A8000F3E7D0F804C0DFF8A4900488B9EB1C2F2A
:105A90004FEA1C2E2DD142880732B2F5C47F4FEA5F
:105AA000D20937D224F0FF02B2F5E24F11D14A46B3
:105AB00006A907F034F848B905ABCDE901834A4699
:105AC0003B462846009606A9FFF732FF13B0BDE813
:105AD000F083B4F5105F06D0B4F5885F03D042F2CE
:105AE00004039C4216D14A4606A90020FFF714FD84
:105AF000E1E7BEF1000F0DD14AB124F0FF04B4F587
:105B0000E24F07D113B0BDE8F04307F008B86FF0DB
:105B10008600DBE76FF08500D8E700BF095203007D
:105B20008D51030034F20200145203004B4E8000EA
:105B300030B4074C041961F10005032C75F1000520
:105B400002D330BC00F050BA6FF0850030BC704713
:105B5000FF3F00806029F8B505460E4618D80E4F65
:105B6000386801F00BFA284606F094FC06F017FAA4
:105B7000044640B909493246284607F04BFA6021ED
:105B8000064807F010FA386801F012FA2046F8BD0E
:105B90006FF08904FAE700BFD80A00200000002057
:105BA00008B503789B0705D00548602107F0FBF98D
:105BB000002008BD06F08AFC0028F5D00220F8E796
:105BC00000000020F7B5244943680446B1EB132FC9
:105BD000DAB23DD1032A03D16FF0840003B0F0BDE7
:105BE000466901A9F5B2284606F0FEFB0028F5D16A
:105BF00021466A46019806F0CCFB044610BB009F84
:105C0000A74218D89DF8043007F0070223F01F03BD
:105C100043EA820301A88DF804308DF80560FFF790
:105C2000BFFF3946284606F0FAFB70B903B0BDE85D
:105C3000F04006F00CBC6019FFF75AFB0028CBD1EE
:105C40000134DCE76FF09800C8E76FF09200C5E719
:105C50006FF08B00C2E700BF4B4E80002DE9F04F84
:105C600089B005460E4617461C4606F0F0FB002894
:105C700040F030816B690090C3F3013262F305108C
:105C80008DF8000010F0300008D1A968890710D005
:105C90006FF08608404609B0BDE8F08F102808D1A3
:105CA000BDF8023023F4F87343F4A873ADF8023062
:105CB00089E0E96801F0FE4CBCF1A06F0BD0DFF881
:105CC0004CC261450AD0DFF848C2614515D0DFF803
:105CD00044C261450ED0DBB2F82B07E01421009BD3
:105CE00061F3933300932B88B3F5105F1BD06FF0F3
:105CF0008508CFE72421009BF2E7AB685B04F6D56B
:105D00002B8803F44F41B1F5824F02D0B1F5884F93
:105D1000EDD1DBB2122B01D0412BE8D13821009B11
:105D200061F39333009300234FF0010B984619461B
:105D30009C46D5F808E0DFF8E09159F804AB1EEA7C
:105D40000A0F08D00BFA0CF343EA080303F07F08AC
:105D5000012341EA0A010CF1010CBCF1070FECD15F
:105D60002BB19DF8033068F347038DF803303EEA0A
:105D70000101BCD16B88FF2B39D005D8802B38D0DE
:105D8000C02BB4D1022306E0B3F5807F33D0B3F546
:105D9000C07FACD106239DF8021063F306118DF885
:105DA000021018B91EF0030F7FF472AF2B79022B8B
:105DB0002ED022D8012B7FF46BAFBDF8021063F315
:105DC000C811ADF80210012A3AD0032A25D0002AC2
:105DD0007FF45EAF2B88B3F5105F88D1182C04D008
:105DE000202C02D0102C7FF453AF4C4D2CE0032319
:105DF000D1E70123CFE70423CDE7032B02D0FF2B0C
:105E00007FF446AF0221BDF8023061F3C8134DE7BD
:105E1000BDF8023043F4C07348E7202C05D006D803
:105E2000102C02D0182C7FF433AF3D4D0CE024F041
:105E30002003412B01D0302CF5E70137013CF4E77A
:105E4000302C7FF425AF374D4FF000080F344FEA68
:105E5000141906EB080006F034F9002852D008F1B6
:105E60000108C145F5D11F2C2ED11C22002101A80B
:105E700007F0F6F84FF0000B4FF0FF3A05EB0B126E
:105E80004FEA0B130692BBF1000F26D1009A07923E
:105E9000BDF802203B44C2F3C11205920DF1040C7F
:105EA00003F1100E624618685968083303C273453F
:105EB0009446F7D101A906EB0B00FFF7E1F9804604
:105EC00070B106F0C4FA05E04946304606F0A7FA7C
:105ED0000028CAD06FF09208DCE6CDF81CA0D7E706
:105EE0001C2101A80BF1010B07F05DF8D945C5D1C4
:105EF0001F2C3FF4CFAEBA20FFF708FA00283FF47A
:105F0000C9AEE7E76FF08A08C4E600BF004440046A
:105F1000000002090002C003C0E9020000FF0220E5
:105F2000000000201094055010B590B01C220021F4
:105F300001A807F095F8F82006F0C3F800B3202276
:105F400000200DEB0201FFF7E7FA0446F0B94FF429
:105F50008071104A104B01A8CDE901230F4BCDE908
:105F600003130F4BF821069320230DEB0302FFF7D9
:105F700075FE202104460DEB010007F014F805E042
:105F8000F92006F09EF80028D9D10446204610B02A
:105F900010BD00BF00240001014B4E800010C00462
:105FA000F800FF7F73B5C5B20E46284601A9144616
:105FB00006F01AFA88B9BDF80630C3F3C113013BE5
:105FC000DBB2022B8FBF6FF08600054AD25C054B17
:105FD0009EBF13433360C4E9005002B070BD00BFE0
:105FE00087550300004B4E802DE9FF41884601A9EB
:105FF000064614461D460A9F06F0F6F948B9B6F162
:10600000F80348F1FF38022B78F1000804D26FF052
:10601000860004B0BDE8F08106F019FA002861D1CD
:10602000002CF4D09DF8041011F00F0240F0C38052
:10603000BDF80630C3F3C113013BDBB2022B00F203
:10604000BD80634801F03008C05C624BB8F1100FAE
:1060500043EA000363602AD15F4B2360204602A914
:10606000FFF786F90028D4D1029BBB4200F2AC8036
:1060700044F2121221880198914204BF042205F8CB
:10608000012B0B9A214613609DF804302A78C3F344
:10609000011363F301022A7003AA08BF07F1FF3757
:1060A00006F077F9002870D06FF09800B1E713463A
:1060B0009DF807C0DFF824E14FEA5C00A8B9D004DE
:1060C00054BF134642F48063990448BF43F400630D
:1060D000A360019BC3F38533242B35D0382B0ED01E
:1060E000142B35D06FF0920093E7C10704D5062B2F
:1060F00067D85EF823100A4340080133DEE747F211
:10610000121347F2411C9DF8060000F07000302881
:1061100008BF63463248E0609DF806002380C0F364
:10612000021001380528BFD80FF2040C5CF820F0EB
:106130008761020059610200776102007B61020001
:10614000A9600200816102004FF410532548E2E784
:106150004FF410532448DEE7C0206080B8F1000FF0
:106160007FF47CAFB3F5105F02D193073FF476AFB5
:106170006FF096004DE7FF20EFE74FF48070ECE7FB
:106180004FF4C070E9E78020E7E72B78039A6E7040
:1061900062F384032B70238803F44F42B2F5824FDD
:1061A00004D139462846FFF7D5FC32E7B3F5885FBE
:1061B0007FF42FAFF5E76FF088002AE76FF09100CA
:1061C00027E76FF0830024E76FF0890021E700BF25
:1061D00087550300004B4E8001108001C0E902008A
:1061E000000002090002C003004440042DE9F0470A
:1061F0000688174606F44F4286B0B2F5824F99469C
:10620000DDE911A3884602D0B2F5884F1DD1F6B260
:106210000024224D41881D4023F0004323F47F03D6
:10622000B3F1106FCAF800401D4B45F010650ED158
:106230009D420ED1038823F0FF03B3F5E24F0ED049
:106240006FF0860006B0BDE8F0870026E0E79D42CB
:1062500002D0144B9D42F3D16FF08500F2E7304637
:1062600005AA00F035FCB8B9059B5B68BB42E7D1D5
:10627000304600F06DFC0028EED0109B3A460293A9
:106280000F9B414601930E9B05980093CDF80CA0FF
:106290004B4600F089FDD5E72046D3E70000FFF626
:1062A000000002090000010937B54FF48074019421
:1062B000214C41F00051A16140F6110143F000531F
:1062C000A3622123E16104F12001616101212262C5
:1062D000E362069A194B01AD1A60079A256042F0F5
:1062E00000521125C3E901122022DFF854C02061B9
:1062F000C4E902C504F1100565606162DA60BFF3AC
:106300005F8F104A1460BFF35F8FBFF35F8F13611D
:10631000BFF35F8FBFF35F8F03235363BFF35F8FC1
:10632000BFF35F8F9363BFF35F8F00F0E7F8431C09
:10633000FBD003B030BD00BFFC370020EC3700209D
:10634000040000200000015038B504460D4619B184
:106350000A688B681AB953B96FF0210029E033B984
:106360004B6823F00802102A01D0202B36D125617A
:10637000EB68D3B91B4B04F1780123600123636000
:10638000AB6804F114009A069B01DBB202F0E04214
:106390001A4342F48032112300F026F8AB684BB167
:1063A00000201023C4E9020303E06869984700282D
:1063B000E0D038BD2A68A3691A606B68A26943F00F
:1063C000005393602268A36992699268DA60A369B6
:1063D0001033A361636801336360E1E76FF041004C
:1063E000E7E700BFDCE90200026100F1140282600D
:1063F00000F110024160C2600A6042680349916086
:106400004268D36043681033436070470400002043
:106410004368A3F11001914240D8012243F80C2CAB
:1064200053F8042C42F0200243F8042C53F8082CB3
:1064300042F0005243F8082C836800F11402A3F1E3
:10644000100191422ED8012243F80C2C53F8042C51
:1064500042F0200243F8042C53F8082C42F000527A
:1064600043F8082CC36803F15402BFF35F8F0F4B4E
:106470001A60BFF35F8FC2680432BFF35F8F1A6187
:10648000BFF35F8FBFF35F8F03225A63BFF35F8F4A
:10649000BFF35F8F9A63BFF35F8F7047103242F88C
:1064A0000C2CB8E7103242F80C2CCAE7000001505F
:1064B00038B5BFF35F8F104CE569BFF35F8FBFF353
:1064C0005F8F10236363BFF35F8F012006F037FDFA
:1064D000BFF35F8F00236363BFF35F8FBFF35F8FF3
:1064E000E36BBFF35F8F5B06F8D425B1BFF35F8F1B
:1064F000E561BFF35F8F38BD0000015008B500F0C3
:10650000D1F9104A20B9BFF35F8F906ABFF35F8F54
:10651000BFF35F8FD36BBFF35F8F10F0240F03F0D7
:10652000230304D0FFF7C4FF6FF01F0008BD4FF036
:10653000FF30002BFAD1BFF35F8F1063BFF35F8F83
:106540001846F3E700000150BFF35F8F094A136854
:10655000BFF35F8F43F48071BFF35F8F1160BFF3B0
:106560005F8F23F48073BFF35F8F1360BFF35F8F80
:10657000704700BF00100150BFF35F8F1522064B1C
:106580005A62BFF35F8FBFF35F8F40F237129A6298
:10659000BFF35F8F704700BF0010015008B5FFF7D1
:1065A000D3FFBFF35F8F064A1368BFF35F8F43F0DB
:1065B0000103BFF35F8F1360BFF35F8F08BD00BFA0
:1065C0000010015070B50026C0E9006605460C4673
:1065D000FEF73EFD01232B70FFF7B6FFBFF35F8F81
:1065E000204BDB68BFF35F8F9B08013BACB3226895
:1065F00042B19A4205D9FEF74DFD6FF03F002E7073
:1066000070BD1346D4E90115E068002908BF4FF4B6
:106610000071002808BFF1202469BFF35F8F114A81
:106620009360BFF35F8FBFF35F8F1564BFF35F8F1E
:10663000BFF35F8F5064BFF35F8FBFF35F8F516312
:10664000BFF35F8F44F4802444F00104BFF35F8FF5
:106650001460BFF35F8F0020D2E74FF40071F12088
:106660002546DAE70010015070B503780D46144650
:10667000002B52D0BFF35F8F2C4A136BBFF35F8F99
:1066800003F00E010A294BD013F00C0F02D14FF08A
:10669000FF3070BD4368D3B9BFF35F8F5368BFF35A
:1066A0005F8F032BF3D9224B2249BFF35F8FD2F8C0
:1066B0008060BFF35F8FBFF35F8F43F8046BBFF35E
:1066C0005F8F8B42F1D1FFF769FF01234360BFF376
:1066D0005F8F164B9A68BFF35F8F0132B4EB021FD6
:1066E00021D8BFF35F8F5A68BFF35F8FB4EB820F7F
:1066F000CDD884B1BFF35F8FD3F88020BFF35F8F15
:10670000291D05F8012BA9424FEA122204F1FF349A
:10671000EFD0002CF5D10020BBE76FF02000B8E7E8
:106720006FF05100B5E76FF03F00B2E70010015085
:10673000101001502010015010B5044608B1037824
:1067400043B1FEF7A7FC044B186800F031FC0CB114
:106750000023237010BD00BFD80A002073B50D467A
:106760000646FEF775FC15F0010509D001A800F0FA
:106770008BF9044620B1FEF78DFC204602B070BDB7
:10678000184B186800F0FAFB0EB101233370BFF309
:106790005F8F0022144BDA61BFF35F8FBFF35F8F0F
:1067A0004FF0FF321A63BFF35F8FBFF35F8F342266
:1067B000DA61BFF35F8F012203F59223C3F804234C
:1067C00075B1019806F09AFA042104460DEB010018
:1067D00006F0E9FB002CD0D03046FFF7ADFFCCE748
:1067E0002C46CAE7D80A00200000015038B51B4CDF
:1067F000D4F80051BDB1BFF35F8F194B996ABFF355
:106800005F8FBFF35F8F4FF0FF321A63BFF35F8F6D
:106810000023C4F80031D4F80031124B1868BDE8E9
:10682000384006F08ABBD4F8083153B100F08AF83A
:1068300005F0F4FFC4F80851D4F8083101210A4BDF
:10684000ECE70A4950230A4A0A4801F00CF90A48C1
:1068500001F009F95021064801F0FCF800900550BC
:1068600000000150E00A0020DC0A002095430300EC
:106870002F52030034F20200A452030008B5074B64
:10688000186806F049FB064B186806F045FBBDE8A2
:106890000840002259201146EAF720BEE00A0020F5
:1068A000DC0A002038B5094B1C7864B1084B4FF066
:1068B000FF311D68284606F031FB4FF0FF310446DA
:1068C000284606F038FB204638BD00BF1D3D00209D
:1068D000E00A002010B5064CE36C3BB9214651F8A4
:1068E0004C3B986906F0E7F80123E364014810BDCA
:1068F0002C3800207838002010B504460E4B18685C
:1069000000F03CFB0D4B1A68236122605A686260FC
:106910009A68A2600A4A12689A660023A364FEF786
:1069200097FB204605F06BFF0028FAD1204605F0C2
:106930006BFF0028F5D110BDE40A00202C380020A0
:1069400018EA0200004870472C38002010B50446B1
:10695000074A0369126801219A66002206F02AF8A4
:10696000204606F09BF82046BDE8104005F05EBFCB
:1069700030EA020010B50446FFF7E8FF0422084B96
:10698000C3F80823FEF786FB064A236912689A6655
:1069900000236364044BBDE81040186800F008BB96
:1069A0000090055018EA0200E40A002010B50E4BD2
:1069B0000E4C236003F5C04363602461FFF78AFF38
:1069C000236D2046B3F5007FCCBF4FF480634FF4B6
:1069D0000073A360FFF790FF2046FFF7B7FF204644
:1069E000FFF7C8FF002010BD002001502C38002008
:1069F000244B0340B3F5806F30D016DC402B2FD0F2
:106A000008DC102B2ED0202B2ED0181E18BF0120F2
:106A100040007047B3F5807F28D0B3F5007F27D0C2
:106A2000802B14BF02200B207047B3F5804F21D07C
:106A30000BDCB3F5805F1FD0B3F5005F1ED0B3F55C
:106A4000006F14BF022006207047B3F5004F17D027
:106A5000B3F5803F14BF0220032070471120704718
:106A60000A2070470C2070470920704708207047A3
:106A70000720704714207047052070470420704796
:106A80000F207047F0FF010070B50E4D0E4E04460A
:106A9000286800F073FA306828B980220B49FEF7A5
:106AA0003BFD60B92020094A013852F820203060AF
:106AB00022600024286800F07BFA204670BD022482
:106AC000F8E700BFE80A0020983800209C38002032
:106AD00012281BD0A0F11203302B2DD826280DD858
:106AE0001738C3B20B2B27D81648184100F0010005
:106AF000C0F1FF2000F57F007A3070472738C3B21D
:106B00001148D84000F0010087387047B1F5807F08
:106B10000ED006D8E02914BF6FF086006FF0850014
:106B20007047B1F5C07F0AD040F209239942F2E7DD
:106B3000064B0020136070476FF0860070476FF0BF
:106B400085007047EEF7FFFF1102000C08EA020013
:106B5000A0F11203DBB21E2B9DBF0348D84000F00A
:106B600001000020704700BF2102214270B5044699
:106B7000A4B0466811A80D46FFF7BEFE174B11A83A
:106B8000196805F06BFE21466B46002211A805F03E
:106B900022FF044680B911A805F0B0FEDDE900121D
:106BA0000346284606F00AF911A805F077FF11A858
:106BB00005F03CFE044648B111A8FFF7DBFE204675
:106BC00005F0EDF90446204624B070BD11A8FFF78A
:106BD000D1FE3146684606F0E6F9F4E7C4EB020060
:106BE00070B5D51D1C78ED080646042C08461146E4
:106BF0004FEA450286B002F101021DD10A9C94427F
:106C00001AD1104C104A344044F0106494424FF0B2
:106C1000000414D15A1CCDE902526A1C134401AA83
:106C2000CDE904530194FFF753FF18B9019802A965
:106C3000FFF79CFF06B070BD6FF08600FAE72046B4
:106C4000F8E700BF0000FFF6000002092DE9F0415F
:106C5000038803F44F44B4F5824F02D0B4F5884F53
:106C600022D1DEB2C56803F4E0401F4B00241F466A
:106C700093F800C0B4451BD1D2F80080B0F5804F26
:106C80000CBFD3F80CC0D3F808C0D3F804E0B8F1B7
:106C9000000F0BD18C4509D1C2F800E08C450DD016
:106CA0006FF08600BDE8F0810026DBE7F045F5D007
:106CB0000134132C03F11403DAD1F1E7142303FB9D
:106CC00004773B7C13B96FF08500EBE7422E09D1C6
:106CD000064B9D4206D003F20B139D4202D00A33AD
:106CE0009D42DDD10020DDE748EA020000080006F1
:106CF0002DE9F34105881F4605F44F43B3F5824F54
:106D00000E468046418802D0B3F5884F1BD1EDB2C4
:106D1000422D3DD8402D13D8A5F11203DBB21E2B16
:106D200036D81E4A42FA03F3DA0731D4CC1DE40800
:106D300064000134089BA34207D26FF0890024E06D
:106D4000CC1DE408F6E700242546284601AAFFF7F3
:106D5000BFFED0B9D8F80420114BB3EB122F19D0D5
:106D6000123DEDB21E2D15D80E4BEB40DB0711D5B1
:106D700039460423019A01F8013B304600F0A6F899
:106D800005F00DF908B9099B1C6002B0BDE8F0815F
:106D90000024DAE76FF08500F7E700BFDEFFFFBFF2
:106DA000004E8000210000402DE9F0411546C4B09E
:106DB00003AC1E460DF104080FABC8E90021C4E97D
:106DC0000132226020AB10220746002107A8E360B1
:106DD00006F046F94A9A6B0001339A426DD1337836
:106DE000042B6AD14C9B9D426AD8731CCDE9075392
:106DF0006B1C1E44384607A9CDE90956FFF7B6FEBD
:106E00000546002855D131A8FFF776FD2E4B31A855
:106E1000196805F023FD0A26002239460BAB31A87C
:106E200005F0D9FD0546002834D131A805F066FDEE
:106E3000054602460B99404605F097FFDDE90C1226
:106E40002B4607A805F0BAFF31A805F027FE31A8A8
:106E500005F0ECFC0546E8B9013EDDD131A805F0AE
:106E60008AFD064631A805F049FD23460246D6E9CB
:106E7000000105F093FF636822680C93A3684B99A7
:106E80000D93E3680BA80B920E9305F06EFF4D9BDC
:106E90000B9A1A60D4E9001006F085F8D4E90210C4
:106EA00006F081F8284605F07AF8054631A8FFF784
:106EB00061FD284644B0BDE8F0816FF08605F8E733
:106EC0006FF08905F5E700BFDCEB02002DE9F04724
:106ED00096B0814603A80E4615465768FFF70CFD8D
:106EE000254B03A8D3F800A04FF00008514605F049
:106EF000B5FC6B460022294603A805F06CFD04464C
:106F000018B103A8FFF736FD21E03A46494600983C
:106F100005F085FFDDE90123294603A805F019FDE9
:106F200003A805F0BBFD03A805F080FC0628044675
:106F300011D108F10108B8F10A0F04D0514603A895
:106F400005F08CFCD5E703A8FFF714FD6A24204662
:106F500016B0BDE8F0870028D3D103A805F00BFDDB
:106F600005463A460168304605F064FF3A466968CE
:106F7000F01905F05FFFC4E7DCEB020008B54FF045
:106F8000FF324FF0FF33F9F72FFA48B105490648B1
:106F90001723064A00F067FD1721044800F05AFD48
:106FA00008BD00BFA53F030034F20200BC5203003D
:106FB00008B5F9F7E1FA48B1054906481F23064A22
:106FC00000F051FD1F21044800F044FD08BD00BF42
:106FD000A53F030034F20200BC5203002DE9F74341
:106FE00005460C46914600F10C06EFF3118840234C
:106FF00083F31288BFF36F8F3046FCF78BF868B9C4
:107000008423164A1649174800F02DFD31461648CC
:1070100000F029FD8421114800F01CFD3046FCF7EA
:107020009DF8AB6828465C4004EA090203EA0907B8
:107030005340002200930D496B460192FBF72AFF53
:10704000DDE9003223EA020330464146AB6004F03A
:10705000F7FB384603B0BDE8F08300BF72F50200CD
:10706000AEF5020034F20200C3F50200BFCF020009
:107070002DE9F04F85B08846DDE90E1B0546174621
:10708000EFF305838BB151EA0B030ED0404940F278
:107090002113404A404800F0E6FC404800F0E3FC81
:1070A00040F221113B4800F0D5FC0291B8F1000FED
:1070B00056D007F001030393FBF742FD05F10C04E2
:1070C0008146EFF3118A402383F31288BFF36F8F59
:1070D0002046FCF71FF8029960B98423304A3149F1
:1070E0002D4800F0C0FC21462F4800F0BCFC842154
:1070F0002B48D8E720460291FCF730F817F0020F32
:107100001CBF0023AB60AB6807F00102029903EAE1
:107110000806BAB1B04517D17A0744BFB343AB6094
:107120002046FCF705F8E8B94FF499731C4A1F494B
:10713000194800F098FC21461D4800F094FC4FF4DB
:107140009971D5E7002EE7D151EA0B0312D1204601
:10715000FBF7EEFF0028E7D08AF31188BFF36F8FAB
:10716000002603E08AF31188BFF36F8F304605B025
:10717000BDE8F08FC9E918872A46CDE9001B2046F3
:107180005146FBF741F80028EAD1D9F86060EDE7F5
:107190008F4803001053030034F20200FA45030045
:1071A00072F50200AEF50200C3F50200D9F5020047
:1071B000F0F5020008B5EFF305834BB10749084825
:1071C0003A23084A00F04FFC3A21064800F042FCFE
:1071D000C0E90233C0E9000008BD00BF1248030047
:1071E00034F2020010530300F8B50E4B06461D683A
:1071F000AB789B0712D56F6816F8014B29462CB95E
:107200000A20B847002805DB204609E02046B84799
:107210000028F1DAAB7843F00403AB704FF0FF3095
:10722000F8BD00BF00E502000CB430B58BB00446D9
:107230000D462022002102A805F012FF0223002D96
:1072400006948DF80A300C4B039312DB01D06B1EB1
:107250001C440FAA0E9902A80794019200F074F83A
:1072600015B1069B00221A700BB0BDE8304002B089
:1072700070470024EDE700BF89D10200242AF0B551
:10728000044601D8012A40D12E4B1622EAF736FADD
:107290001A5001B10C600020F0BD2F463D4615F894
:1072A000010B2028F9D0A0F109060346042EF4D9D9
:1072B0002B282CD02D282CD101262B78BD1C302B2F
:1072C0002DD1287840F02000782824D132F0100009
:1072D00021D16B782C46102202350020392B82BF39
:1072E00003F1FF3343F02003263B303B9A421AD987
:1072F000A0FB02040CB9C01801D346F002062F46C9
:107300002C4617F8013B3D46E8E70746C6E700264E
:10731000D3E70026D3E7002A08BF0822DDE7002ACA
:1073200008BF0A22D9E701B10C60F20748BF40420A
:10733000B307B1D5034B2222EAF7E0F91A504FF018
:10734000FF30A9E70C0000002DE9F04F43688BB037
:1073500080469246009383789C0740F1F98000258F
:107360000878002800F0F68025280AD04B1C0193ED
:1073700001354146009B98470028C0F2E3800199FF
:10738000EEE74E788B1C252E0193F1D000270A22C0
:10739000B9463C461F2C22D8A6F12003102B20D83A
:1073A000DFE803F0141F1F1A1F1F1F0B1F1F1F12E0
:1073B0001F171F1F090044F00104019B13F8016B04
:1073C0000193002EE6D13AE044F0020444F00404B4
:1073D000F3E744F00804F0E744F01004EDE77F2CF5
:1073E00024D8A6F13003092B08D860064EBF02FB53
:1073F000073744F0200402FB0939DEE72A2E0DD1BD
:1074000061065AF8043B53D4002BA7BF44F0200474
:107410009946C3F1000944F02804CEE72E2E05D189
:10742000630600F1978044F04004C6E76C2E2ED02E
:1074300028D8682E32D06A2E37D04C2E35D0002F67
:1074400046F02003B8BF24F04004A3F16502BCBF9E
:107450000027A4B2022A01D9612B2BD10AF1070A15
:1074600007279D4E2AF0070A0AF1080A210760D56E
:1074700006EB070B34465C455DD1AE1BA9EB070953
:10748000A21959E1742E98D07A2E96D0D7E7260605
:1074900048BF44F4007444F080048EE7E00548BF20
:1074A00044F4007444F4807487E744F4207484E75F
:1074B0001F4682E7A6F16302122A00F2D880DFE8B5
:1074C00012F013004D00D600D600D600D6004D00B5
:1074D000D600D600D600D600D600E800D100D600EF
:1074E000D6001A00D600A0005AF8043B012704AECB
:1074F0008DF81030BAE75AF8046B784B002E08BFAD
:107500001E4614F0400F304614BF39464FF0FF318D
:1075100005F0D8FD0746A9E741462020009B984783
:1075200000280FDB013CA742F6D34D44A1462D1B9A
:107530009EE74C46F7E7414614F8010B009B98473D
:10754000002898DA98F8023043F0040388F80230F3
:107550004FF0FF3528460BB0BDE8F08F220630D53E
:10756000A3052AD50AF1070A2AF007039A465968A3
:107570005AF8080B24F0100B00291FFA8BFB2FDAA6
:1075800040424BF4806B61EB410104AC0A2322467C
:1075900005F0A4FD1BF0400FA0EB040200F08E806C
:1075A0002BF001049742A4B240F38F80002E40F0EC
:1075B0008E802BF01104A4B21DE05AF8040BC11701
:1075C000D8E7E0055AF8041B01D40846F7E7A205FE
:1075D00047BF48B241F3C01108B241F3C031C9E717
:1075E00050EA0103D1D16306CFD5002FCDD124F0CD
:1075F00011043A46A4B23B4640F206410C4262D125
:1076000024E024F010040A23A4B214F0800243D032
:1076100014F4007117BF0AF1070A5AF8040B2AF094
:10762000070292461CBF51685AF8080B50EA010243
:107630003ED124F0160B62061FFA8BFB3CD5002FBF
:107640003AD124F017043A463B46A4B221075AD453
:10765000E10705D5994572DDA9EB03039F184B4659
:107660009B464AE044F0100410237826CDE7782B9F
:1076700004D1C6F1780343F01003C6E74146252044
:10768000009B98470028FFF65DAF02354146304623
:1076900070E608230026B8E714F480715AF8040B4A
:1076A000C4D014F400711ABFC0B2114680B2BDE755
:1076B00024F006041FFA84FB04AC68E713465C461A
:1076C000E10699D52EB90133C0E71346F8E73B46EA
:1076D000F6E70233BAE700BF8C530300855303007B
:1076E000CDE9023241462020009B98470028FFF652
:1076F00029AF0BF1010BDDE90232D945F0DCEB1AC1
:1077000003EB0B055B46E10627D541463020CDE96A
:107710000232009B98470028FFF614AFDDE90232E1
:107720007EB901352F44791B8A4229DB144604AE09
:1077300094BB2A44A9EB03091546914440E017463F
:107740008EE7023541463046CDE90232009B98472C
:107750000028DDE90232E5DAF4E640F206410C42A7
:10776000E0D014F0020F05F10105414614BF2B20B3
:10777000202014F4806FCDE9023218BF2D20E5E7F8
:10778000CDE902324146009B302001359847002860
:10779000DDE90232C7DAD5E6013C4146CDE90232E5
:1077A000305D009B98470028DDE90232C0DAC9E667
:1077B00041462020009B013598470028FFF6C2AEC5
:1077C000A9EB0503002BF3DCD9E500BF38B5044C69
:1077D000044DAC4200D138BD54F8043D9847F8E759
:1077E0000000000000000000704700F086BF00238A
:1077F000E8F79EBB10B483682822DC684CF2503353
:10780000A44610BC604710B483685C684FF0FF3337
:10781000A44610BC604700210F2008B503F097FC78
:10782000002147F61220FBF7FDF8F9E700EBC10055
:1078300040884008704708B5FFF7F8FF084408BDC6
:1078400008B50346FFF7F2FFB0FA80F21846BDE82C
:107850000840C2F11F02E6F7A7BA2DE9F843B1FAD2
:1078600081F3C3F11F0800EB8809D9F810600546C1
:107870000A46A6B94FF0FF34C3F120039C40EB68E1
:107880001C401CD094FAA4F6B6FA86F6331D55F8BF
:10789000234028462146E6F75DFA32460BE034469F
:1078A000032721462846FFF7C1FF82420AD828460F
:1078B000E6F750FA424621462846E6F775FA204692
:1078C000BDE8F88305EBC404E488013FC9F8104023
:1078D000D0D0B442E5D1CDE738B50446FFF7A6FFD6
:1078E0000D46034611462046FFF7A0FF1A1892B234
:1078F000530004EBC50520466B80FFF79CFF24F87E
:10790000302038BD70B50B460546FFF78FFF511A82
:1079100089B205EBC3049B1A03444E0066809CB2F7
:10792000600005EBC203588025F832102846114646
:10793000FFF781FF25F8304070BD70B509B9002010
:1079400070BD056801F007030B33CC0804EBD304CA
:10795000AB6828469C4228BF1C462146FFF77DFFA6
:1079600006460028EBD001462846FFF75FFFA042FD
:1079700007D928463219FFF7C5FF11462846E6F712
:10798000A1F905EBC60210465388043043F0010309
:107990005380D5E71146FFF7D0BF2DE9F0470646E3
:1079A0000D46174698462BB34FF0000A98F8004052
:1079B00093F80190DB78A40004EB430498F80230BC
:1079C0001C444444CA4509D339463046AC46D8F82D
:1079D000042008F10803BDE8F047604714F8013BB4
:1079E0000AF1010A204648F82340E4F79AFF0130E3
:1079F0000444E7E76FF01500BDE8F08730B50246B4
:107A00000024002012F8013B43B178B18C4207D129
:107A1000702B04D0A3F140053A2D07D8002030BDCB
:107A2000A3F140053A2D01D80134EAE7252B08BF20
:107A300080F00100E6E7002070470FB407B504A905
:107A400051F8040B0191E6F755FD03B05DF804EB26
:107A500004B07047002383F31188BFF36F8F0423B2
:107A6000184602DF70470FB407B504A951F8040B9C
:107A70000191E6F73FFD03B05DF804EB04B07047F9
:107A800010B50369024613F0080009D11368D468E1
:107A90009C429BBF0120526AE31AD31A0B6010BDAF
:107AA00000231846FAE713B501A90446FFF7E8FFDB
:107AB00020B1019BE268013B13440193606A019B82
:107AC000C01A013802B010BD10B504465018226922
:107AD000636AD20702D5013B184010BD984228BF07
:107AE000C01AFAE710B504460A46C168FFF7ECFF72
:107AF0002369E06023F00803236110BD38B50D460B
:107B0000026A8B00016843F00203044642F8213008
:107B100001682A46FFF7D8FFE3686168984208BF0A
:107B20002369206008BF43F008032A46204608BFA7
:107B30002361FFF7C9FF606038BD2DE9F74F0F469D
:107B40000021D0F80CB0066A009216F82B209A4655
:107B500002F00302022A14BF894656F82B2006EBD6
:107B60008B030193009B08BFC2F39D091960044673
:107B7000CAF80010B9F1000F07D04946FFF7B2FF6D
:107B8000E368A3604FF0010804E001698A0705D4A7
:107B90004FF00008404603B0BDE8F08FC16906EB26
:107BA0008B00884716F82B10054611F00108EFD01E
:107BB0008B071DD51FB139462046FFF79FFF61682F
:107BC0002A462046FFF780FFD4E902138B4260600B
:107BD00007D12A462046FFF777FF4FF000080146FD
:107BE000A0602369216043F00803E1602361D1E7CD
:107BF00001462046FFF776FFE168A1601FB12068CB
:107C0000216A41F82090EA19CAF80020216820462C
:107C1000FFF75AFF2269206042F00802226116F83D
:107C20002B2022F0010206F82B20DDE900321A6039
:107C3000A8E770B504461546FFF746FF2368834260
:107C400005D12369216023F00803236170BD226AF6
:107C5000AB0043F0020342F8213061682A46204617
:107C6000FFF732FF6060F1E738B5036904465B0750
:107C700006D5856AFFF717FF85422CBFA562A06273
:107C800038BDF0B564230446042500204FF00A0CEB
:107C900011B1013D01D12570F0BDB2FBF3F79A425D
:107CA000FEB202D2012B00D030B1303601390130A2
:107CB00004F8016BC9B2C0B203FB1722B3FBFCF39B
:107CC000D2B2E5E7A0F13003DBB2092B02D80B708A
:107CD00000207047A0F16103052B02D857380870C7
:107CE000F6E7A0F14103052B01D83738F7E76FF02D
:107CF00015007047F7B5054601F0010000EB51068D
:107D00009E424FEA510703D90026304603B0F0BD2A
:107D100058B128780DF10701FFF7D4FF0028F3D1FF
:107D20009DF80730013502F8013B01351744BA428E
:107D3000EBD015F8010C0DF10701FFF7C3FF002888
:107D4000E2D19DF807402401E4B2147015F8020B4B
:107D5000FFF7B8FF0028D7D19DF807301C4402F880
:107D6000014BE4E7838B13F0070306D10368002B74
:107D700018BF032008BF00207047022B05D1C08B1D
:107D8000B0FA80F0400980007047012B04D10368ED
:107D9000002B18BF0520EDE70020704710B50C46FA
:107DA00000B111B96FF0150010BD081D00F02FF8DB
:107DB0000028F9D1A368032BF6D9F3E72DE9F041A8
:107DC0000D4607461946281D90461E46E7F71AF944
:107DD000044638B13346424629463846A446BDE8F3
:107DE000F0416047BDE8F08138B50C46054658B112
:107DF00051B10B6843B14B6833B12022002105F02B
:107E00002FF900202C6138BD6FF01500FBE7034609
:107E100058B1426802F00302012A03D0032A04D1B8
:107E2000026812B10020986070476FF0150070472B
:107E3000704770B41E461546DDE903238169046866
:107E4000C06B06FB0141294484682468A44670BCC9
:107E5000604707B51021019104990091FFF7E9FFF0
:107E600003B05DF804FB00224B6801334B60C0692E
:107E7000924208BF834208BF4A607047F7B5426C20
:107E800085695200AD1A63F10006099B2A460093EA
:107E900033460446089FFFF7DCFF50B92046626C6A
:107EA0000897521946F1000303B0BDE8F040FFF710
:107EB000D0BF03B0F0BD00F020BC10B5411C04469B
:107EC0000F22FF20F3F7EEFE207010BDF8F78CBAFA
:107ED00010B5437804468B4209D1411C0F22FF2084
:107EE000F3F7E0FE23781B1A5842584110BD0020DA
:107EF000FCE710B541780446FFF7EAFF40B14FF6C2
:107F0000FF7362889A4206D16068431C5842584108
:107F100000F0010010BD0020FAE710B58269416C45
:107F200086B0521A02AC63F100030094FFF791FF90
:107F3000002808DB2046FFF7DCFF30B100209DF869
:107F40000920089B1A7006B010BD6FF00100FAE717
:107F500030B58269416C87B0521A02AD63F10003FB
:107F600000950A9CFFF775FF00280ADB2846FFF7FB
:107F7000C0FF50B1049B33B99DF809201AB12260AB
:107F8000002007B030BD2360FAE76FF00100F8E78A
:107F900070B5064608460D461446FFF7AAFF08B915
:107FA000002070BD20466178FFF792FF0028F7D0CF
:107FB0006388002BF4D163680133F1D1A268B369FF
:107FC0009B1A726CB3FBF2F102FB1133002BE7D169
:107FD00068786378C31A58425841E2E773B5DDE91F
:107FE0000656CDE900560446FFF748FF20B9324651
:107FF00029462046FFF7CCFF02B070BD30B50C46D5
:10800000D1E900130546426C8BB0521843F10003CE
:10801000C4E90023406CA969A1EB40018A4213D155
:10802000ABB9E9699A184B1E06A9C4E9002301916E
:1080300002A928460091FFF7D1FF002805DB08D1EF
:10804000D5E90223C4E9002300200BB030BD013B79
:10805000EAE7089B2360F7E72DE9F04F99460646CB
:10806000884614464FF0FF378DB0CDE90629DDE98B
:1080700016A308AD02930DF1170B22464B4630466E
:108080000095FFF7E6FE024600283FD1304606A9DC
:10809000FFF7B4FF00283DD1099A42451AD1FA17DB
:1080A000904208BFB94503900CD022464B4630465B
:1080B000CDF800B0FFF731FF831C0246039923D1AE
:1080C0008DF8171028469DF81710FFF701FF02469C
:1080D00040B94F46DDE90612029B9A4208BF51455E
:1080E0000FD10022189F2E460CAB03CE9E42386063
:1080F0007960354607F10807F5D1199BC3E90049B6
:1081000004E00C469146B8E70028DBD010460DB0DD
:10811000BDE8F08F0246F9E70368012B81BFC9185B
:1081200001F1FF315B42194008467047F8F724BA65
:108130002DE9F04389B00746DDE910851DB900201F
:1081400009B0BDE8F0838169066803FB0166036C32
:1081500016441C6864422C400DD0C06B83684246B4
:10816000D3F8049031462346C8470028E8D12D1B98
:10817000E5D02644A0442A464146684604F04AFF1A
:108180003C6C0DEB050022686179521B04F068FF1E
:10819000F86B23688268314654686A46A047CFE787
:1081A00037B51025CDE90015D0E902230446FFF7C5
:1081B000BFFF024650B92946206CFFF7ADFFD4E956
:1081C00002311B1A61F10001C4E90231104603B00B
:1081D00030BD2DE9F0414FF0FF3200268CB00496FF
:1081E0000592ADF8122044F2012207920DF10F0220
:1081F000009232461D4604460696FFF78EFE831C0B
:10820000B0463AD18DF80F60A269616C12EB08029A
:108210004FEA410145F10003521A08A963F1000336
:1082200020460091FFF715FE002828DB9DF80F205F
:108230009DF82110531CDBB2994204BF0232D3B225
:10824000129A04A8013206928DF81130FFF735FE1C
:10825000D4E90267A369626C13EB080345F10005DA
:108260009B1A65F100052046C4E9023504A9FFF711
:1082700097FF20B9C4E9026701E00028C4D00CB020
:10828000BDE8F081F0B500240546264685B003AF71
:10829000EB69A34202D8002005B0F0BD00222346BE
:1082A000284600970396FFF753FE08B1831CF3D1CD
:1082B000039B0022009328462346FFF78AFF0028ED
:1082C000EAD10134E4E71FB504461022FF216846D5
:1082D00004F0C6FE0023ADF802302369684602931D
:1082E00094F824308DF80130FFF7E7FD6946204609
:1082F000FFF756FF04B010BD30B58BB00446102216
:10830000FF2102A804F0ACFE0023A268ADF80A30F9
:10831000636C06A89B18049394F8243010228DF8FF
:108320000930236C597904F09BFED4E9021341BB58
:10833000626CA1695000884288BF013BA1EB4202F8
:10834000C4E9022302A8FFF7B8FD02A92046FFF7FF
:1083500027FF204604F10801FFF785FD04F12403FF
:108360000093D4E902232046FFF7D7FD831C4FF08A
:10837000000514D184F82450E3680020C4E90453B4
:108380000BE0D4E90402814273EB0202D0D3204611
:1083900006A9FFF705FF0028C7D00BB030BD0028A5
:1083A000EAD0FAE737B5CDE900121546D0E9042343
:1083B0000446FFF7BDFE00280CDB2946206CFFF7C2
:1083C000ABFED4E904321B184FF0000042F100026A
:1083D000C4E9043203B030BD2DE9F04F0026ABB044
:1083E00000F124050095D0E9022304460B96FFF71F
:1083F00094FD821C0CD100962046D4E90223FFF79D
:10840000E8FE60BB00952046D4E90223FFF785FD16
:1084100028BB002294F8243020460693E3680CA978
:10842000CDE90C23FFF71FFD0C9BA56904930D9B61
:1084300020460593049BED18059B43F10006636CF1
:10844000ED1A12AB66F1000601931EAB00932A46AB
:108450003346CDE90E56FFF7C1FD002802DA2BB0F6
:10846000BDE8F08F2CD09DF879300DF1580984F8D3
:108470002430636C5B00EB1A089366F100030993E8
:10848000149BCDE90E36DDE90EA7204652463B4649
:10849000CDF80090FFF7DDFC0028E0D120460EA9C2
:1084A000FFF7ACFD0028DAD1484694F82410FFF716
:1084B0000FFDF8B9DDE908239F4208BF9245E2D1DC
:1084C000069B204684F82430FFF7FDFE0028C6D125
:1084D0000BAB00932046DDE90423FFF739FD08B11B
:1084E000831CBCD10B9B20460093DDE90423FFF7DE
:1084F00070FEB4E7BDF85A30002BDBD0D4E902237C
:1085000010A903911AA902912046CDE900231799D9
:10851000CDE910A7FFF7A0FD0028A0DBDDE91023BF
:10852000BB4208BF5245C5D1BDF85A60082E28D9B4
:10853000B8462269DDF860B01892226C1268524287
:1085400002F020030793079D22ABB54228BF3546B2
:1085500000935A46434620460195FFF76AFC0028DF
:108560007FF47DAF2A46204622A9FFF71BFF002893
:108570007FF475AF15EB0B0248F10008761B9346AC
:10858000E1D1069B48468DF85930FFF796FC4946E5
:108590002046FFF705FE00288CD060E70021E6F7B3
:1085A0004FBF00231A46E6F7E5BF37B50025009513
:1085B0001C46E7F78BF8002802DBA04228BF2046C4
:1085C00003B030BD002307B51A460093E7F77EF8E5
:1085D00003B05DF804FB03785B075FBF0368428864
:1085E000C3F34A2303EB12105DBF173020F00700DE
:1085F0008008002070470020704702F0A0BD0346AD
:10860000D3E8EF0F421CC3E8E12F0029F8D17047EF
:108610000120E7F7EFB9002070474368DA710122C3
:108620004368196043685A71E7F7D6B970B51546C3
:108630000C4669B1D2E901369B1B99420AD81368EE
:108640000A460146981904F0E5FCAB682344AB6088
:10865000204670BD6FF01B00FBE770B50E46154657
:108660001946044618B9BDE87040E7F7C3B933B1FD
:10867000C2F34A231030120D184404F0CBFCC4E9B5
:1086800000562046BDE87040E7F732BC2DE9F341C3
:108690005F1C4FEA8708064608F1170020F0070024
:1086A00080080C461546E7F753FA00238DF804704E
:1086B000ADF805308DF8073068B10346019AA8F18E
:1086C000040143F8102F2A46294452F8045B8A42D9
:1086D00043F8045FF9D100233146A20102F4E072AD
:1086E00042EA482222F07F4222F4700222F03F0246
:1086F00002B0BDE8F041FFF7B0BF07B5012301921A
:1087000001AAFFF7C3FF03B05DF804FB07B5CDE98D
:10871000002302236A46FFF7B9FF03B05DF804FBAC
:108720001FB5CDE90123069B01AA03930323FFF79D
:10873000ADFF05B05DF804FBF8B506460D461446DE
:108740001F4604B9F8BD214628463A46B047241AC8
:108750000544F6E710B542680446D2E90023816873
:108760000068FFF7E9FF002263681A6010BD0A285D
:1087700038B504460D4602D10D20E7F799FC29468D
:108780002046E7F795FC002038BD2DE9F04305466B
:1087900089B008460E8891F800900C46D1F8088000
:1087A0001746E7F759FC011EC6F38216C9F3C20942
:1087B0001FDB4846E7F7AEFB0346214651F8102B76
:1087C0006088C2F34A22002A01EB020408BF00219C
:1087D0000022C0F30B10CDE90507CDE903142846AC
:1087E0004146CDE900220296E7F78EFC09B0BDE8CC
:1087F000F0830023E1E7704730B54C680368A3427B
:1088000001D2012030BD8A682244934201D3002066
:10881000F8E7D1E90452954203D36FF00B038B6163
:10882000F5E7CA681B1B42F835304368086902EB5C
:10883000C00253600B6901330B61E2E737B50C46A8
:10884000C0B201A91546E7F799FE00280CDB019894
:1088500050B121462A46E7F7B7FE04460198FFF7D4
:10886000CAFF204603B030BD6FF01504F9E7F0B53C
:1088700087B01F4604460D46164600F0B2FB0223A1
:1088800002930DF116030193BDF83030ADF81600D8
:10889000009332463B462946204601F06FFC07B064
:1088A000F0BD2DE9FF411F460D4616460446EBF785
:1088B0009BF88046E4F735F8BDF8283080B2CDE962
:1088C0000180009332463B462946204601F056FC83
:1088D00004B0BDE8F0810020E7F7D8BE00221146C1
:1088E000E7F7A2BE034610B508460AB100211160A1
:1088F00053B1D0B1411E11F8010F80B113F8014BF3
:10890000A04201D13D28F6D100200EE001331360D2
:108910000AE03D2808D0B0FA80F0400905E0187858
:108920002F28F6D1002AF1D1012010BD10B509B1D0
:1089300000230B6058B103461A781C4601332AB154
:108940003D2A03D02F2AF7D101B10B60201A10BDA8
:108950000830704713460A46D0E90001FFF725BEEC
:10896000F0B5002704464FF0004585B000F1080639
:1089700080F85C7008236A4629463046FFF715FEEA
:10898000831C21D1B5F1004F4FF000070FD1082310
:10899000294630460DEB0302CDE90277E6F7EAFD02
:1089A000002802DB3846C4E9155705B0F0BDA36DB9
:1089B0003046CDE902370823616D0DEB0302E6F77F
:1089C000D9FD00EAE070F0E70028EEDB0099B9423B
:1089D0000ED194F85C20C5F34303934217D8009B53
:1089E00001982F466565A3650028DED00546C1E7DE
:1089F0003046FFF7D6FD0028D7DB08236A46294614
:108A000030460097E6F7B6FD0028E2DACDE784F8B5
:108A10005C30E4E77FB500F10805044628460E46C1
:108A2000FFF7BFFD002818DB284606F18041FFF75D
:108A3000B8FD002811DB46F0010608236A463146DE
:108A40002846FFF7B2FD002807DB009939B9314607
:108A50002846FFF7A6FD002818DA04B070BD0823E9
:108A600028460DEB0302FFF7A0FD0028F5DB019B74
:108A70000BB9029AA26503930823284600990DEBCF
:108A80000302E6F777FD0028E1DAE6E70199C1B1D4
:108A9000082328460DEB0302FFF787FD0028DCDBE7
:108AA000009B28460293082301990DEB0302E6F789
:108AB00061FD0028D1DB039B0BB9009BA36500205F
:108AC000CBE7009B6365FAE72DE9F0410D460746C9
:108AD0004A2194B0284604F0F5FA01462846E5F705
:108AE00083F8002620F0404424F01F0407F1080812
:108AF00097F85C30B34201DA002417E066F34404CF
:108B00004923404601AA44F00041FFF74EFD031EF1
:108B100001DC0136ECE7002250336B44284601A902
:108B200003F84C2CE3F7EBFE0028F2D1204614B0FA
:108B3000BDE8F08110B5044661B1FFF7C5FF58B13B
:108B400040F0004101F1804104F10800BDE810400F
:108B5000FFF738BD6FF0150010BDF8B50446164696
:108B60001D46B1B1AAB1FFF7AFFFA0B140F0004080
:108B700000F1804708342B46324639462046FFF73D
:108B800014FDA84207D139462046BDE8F840FFF75A
:108B900019BD6FF01500F8BD04F062BA04F03ABADE
:108BA00001460068E8F7FAB808B5E8F753F9BDE8F8
:108BB0000840E8F72DBD0A460121FFF79EBD0021C0
:108BC0000120E8F7EBB8836E83F30B8870476FF0F2
:108BD0008500704761B662B680F31188BFF36F8F6E
:108BE000704772B6002383F31188BFF36F8FBFF312
:108BF0004F8F30BF62B6BFF36F8F704772B60023DE
:108C000083F31188BFF36F8FBFF34F8F20BF80F3C3
:108C10001188BFF36F8F62B6704740E800F313F41A
:108C2000803FD8B208BF6FF01500704730B50C68B0
:108C30004B6885B00A894D890094013B24F01F04DC
:108C4000234402F01F0242EA451223F01F03694643
:108C50008DF808200393E8F78DFD05B030BD08B509
:108C6000D1E904319847002008BD08B5E9F722F89A
:108C7000002008BD7047416A8968E9F79FB803681A
:108C80000B6043684B6083688B60704738B50D4656
:108C900014461146E9F742FB22462946BDE8384012
:108CA00004F0B8B910B50C460121E9F737FB0470A0
:108CB00010BD10B50C460121E9F750FB047010BD42
:108CC00010B5036801211C78E9F768FB204610BD48
:108CD00010B5036802211C88E9F760FB204610BD2F
:108CE0007FB5064614460A888B78ADF8002000212F
:108CF0000D220DF103008DF8023004F0B1F96A463F
:108D00006946304602F0B8FA28B9BDF800209DF84F
:108D100002302280A37004B070BD13B50C4601AAC6
:108D20000331FFF7DDFF48B90322204601A904F013
:108D3000A6F9B0FA80F0400902B010BD0020FBE7B0
:108D400070B50D4600210446FFF7F0FD0D2818D13F
:108D5000237B302B13D1002305F8063B04F10C06CE
:108D60002A462046012302210234FEF7C3FFB44203
:108D700005F1FF35F4D1002070BD0123ECE7312B64
:108D8000FBD06FF01500F7E70020704710B50C46D8
:108D90000178227888B08A420ED06946E9F70CFE45
:108DA000204604A9E9F708FE102268460DEB0201EF
:108DB00004F065F908B010BD012A06D0022A07D0D8
:108DC00072B940886388C01AF4E740686368FAE7BC
:108DD0001022611C013008B0BDE8104004F04FB90A
:108DE0006FF01500E6E7042A0AD0102A0DD0022AF7
:108DF0004FF0000315D103700B88438001207047AA
:108E0000012303700B684360F8E7022300F8013B7D
:108E100001F1100351F8042B994240F8042BF9D1C9
:108E2000ECE718467047012310B50621044600F808
:108E3000013BF5F7B7FA18B9A37963F03F03A371C3
:108E400010BD0B6803608B8883808B7983710378F6
:108E500023F00203037070470078C0F340007047AE
:108E600038B50446807AE8F767FF6169054649B17D
:108E7000637ADB0704D4436A20461B689B689847E3
:108E80000023636121462846BDE8384002F010BC4B
:108E9000438A23B9C068B0FA80F0400970470020C7
:108EA0007047D0F8A43083B15A7CD1070DD5D206D3
:108EB0000DD51B7C102B0CBF042303234372807A37
:108EC00098428CBF0020012070470223F6E703235D
:108ED000F4E70F2806D80D280BD8052814BF022068
:108EE00003207047132804D01A2814BF0220012041
:108EF000704701207047FFF700BC034610B5D3E868
:108F0000EF0F40EA0102C3E8E42F002CF7D110BDB7
:108F1000FFF7FCBB0023E7F70BB8D0E8EF3F0B40AF
:108F2000C0E8E23F002AF8D1704710B5EBF762FEC7
:108F300004466FF480711030FFF7EFFF2046BDE864
:108F4000104000F0F7B9C368DB78012B01D1FFF7BF
:108F5000ECBF7047C0F30723537000231070000E5E
:108F6000D070C1F30720090E937013715071937183
:108F7000D1717047C368DB78012B01D1FFF7D5BFF2
:108F8000704738B504460D46E9F796FF5F3005D1C6
:108F900029462046BDE83840E9F740BF38BD0020EB
:108FA000704710B5028843889A4218D8052A16D906
:108FB000B3F5486F13D88488B4F5FA7F0FD2C1880F
:108FC00040F67640A1F10A0292B2824207D804FB31
:108FD0000333B3EB810F34BF0120002010BD00200C
:108FE000FCE70020704708B5F2F738FB18B1408A5B
:108FF000003818BF012008BD70B506460D464FF079
:10900000FF304FF0FF31EAF72FFB044668B1032130
:109010000C30E9F783F9068085702146BDE8704081
:10902000002240F20640EAF759BD6FF0680070BDBB
:10903000C368187808B1EAF71FBA1846EAF736BECF
:1090400038B54FF0FF3105464FF0FF30EAF70CFB23
:10905000044668B102210C30E9F760F92B882146FB
:1090600003800022BDE8384042F21600EAF736BD20
:109070006FF0680038BDF8B507460E464FF0FF3078
:109080004FF0FF311546EAF7EFFA044678B10621B2
:109090000C30E9F743F93B88468003808580214600
:1090A000BDE8F840002242F22200EAF717BD6FF057
:1090B0006800F8BD70B506460D464FF0FF304FF022
:1090C000FF31EAF7D1FA044618B9BDE87040E9F774
:1090D0009BBE03210C30E9F721F9068085702146FB
:1090E000BDE8704042F22100EAF7A6BC072208B5AD
:1090F00003F0C5FFB0FA80F0400908BDFFF7FDBAE4
:109100000B6803608B8883808B7983717047D0E80C
:10911000AF0F7047F8B50F46144638BB4FF0FF301D
:109120004FF0FF31EAF7A0FA054610B327210C30C3
:10913000E9F7F4F8224606463946FFF7E1FFC31D7A
:1091400004F1100152F8040B8A4243F8040BF9D1E0
:109150001022002106F1170003F082FF2946BDE826
:10916000F840002242F22700EAF7B8BC6FF0150081
:10917000F8BD6FF06800FBE7037A02465B0705D590
:1091800001462E3211F8010BFFF7C4BF704738B506
:109190004FF0FF3105464FF0FF30EAF765FA04461D
:1091A00058B129460C30FFF77DFD2146BDE8384017
:1091B000002242F22D00EAF791BC6FF0680038BD42
:1091C00010B400F11003D3E8EF2F22F40051C3E8EC
:1091D000E41F002CF7D1930403D5012110BC00F04B
:1091E000A7B810BC704770B5044686B00E46013073
:1091F0000131FFF77BFF2E34162200210546684619
:1092000003F02EFF10226946204603F038FF40B1DC
:109210001022204606F12E0103F031FFB0FA80F053
:109220004009284300F0010006B070BD00F11002B3
:1092300008B503461046FFF76AFFC1050DD5D2E811
:10924000EF0F40F40050C2E8E10F0029F7D11846B3
:10925000BDE80840002100F06BB808BD10B50C4611
:1092600030B919B1F2F7AAF900B1441C204610BD7B
:109270000024FBE718B111B10846EBF78FB86FF087
:109280001500704713B5044680B106216846F5F70E
:1092900089F848B99DF80530694603F03F03204638
:1092A0008DF80530FFF7E6FF02B010BD6FF0150036
:1092B000FAE7003818BF01207047037AD90704D5B0
:1092C00023F001030372EBF7CDB9990704D523F01E
:1092D00002030372EBF7E0B9704700207047D0E853
:1092E000AF0F704770B506460D464FF0FF304FF098
:1092F000FF3186B0EAF7B8F90446B0B10C3095B149
:109300000121FFF7CFFC204606F1100203A9082334
:109310000095EAF797F90022214642F20A00EAF79F
:10932000DDFB06B070BD2946EBE76FF06800F8E79B
:10933000FFF7D8BF1830F8F7A5BA00230B604368D1
:1093400013B9C0E900117047196041607047D0F847
:10935000B400003818BF01207047FFF7D7B90346A3
:1093600010B5D3E8EF0F40EA0102C3E8E42F002C68
:10937000F7D110BD437B072B01D1ECF70DB9704736
:109380002438ECF79FB9002203680BB918467047E0
:109390008B4210D10B6842B942680360914200D100
:1093A0004360002301200B607047136043689942BB
:1093B00008BF4260F5E71A461B68E6E710B50446A9
:1093C000006918B1E8F79CFE0023236110BD10B5B9
:1093D0000446D0F8A40028B9207A04F17001F2F70D
:1093E0003DF938B1E278438A2AB903F02100003808
:1093F00018BF012010BD03F02400F8E738B58378CA
:109400000446012B23D1437B072B23D10B0601F00C
:109410007F050CD54FF400410430FFF7A0FF204634
:10942000A572F1F7C3FA08B1637AA37238BD437A23
:10943000AB4212D2837AAB420FD2031DD3E8EF1FA7
:1094400021F40041C3E8E21F002AE8D0F6E76FF0FC
:109450001500EBE76FF07F00E8E70020E6E7837890
:10946000012B0CBF407A0020704738B5037A0446C0
:109470008B42154615D100F170010722284603F0F2
:10948000FEFD80B1E378072243B904F17E0128464E
:1094900003F0F5FDB0FA80F0400938BD04F1770122
:1094A000F5E70020F9E70120F7E78378012B0CBFEF
:1094B000703000207047F8B507460D464FF0FF307A
:1094C0004FF0FF31EAF7D0F80646D0B10E210C304C
:1094D000E8F724FF04460E22002103F0C1FD3B887B
:1094E000314623802B88002263806B8842F2130070
:1094F000A380AB88E380EB882381BDE8F840EAF7DE
:10950000EDBA6FF06800F8BD8378012B01D101F04E
:1095100053B96FF0150070478378012B01D1F1F733
:1095200037BC6FF015007047704710B50446F9F767
:109530002DF8234653F8442BD2F8B41061B9616476
:10954000D2F8B81061B9C2E92D33F9F791F8206863
:10955000BDE81040ECF77EBA8B42F6D00968EDE723
:109560000B60C2F8B830F0E770472DE9F843446B60
:109570002CB154F8085905B1083D00270CB9BDE8D5
:10958000F883D4E900682EB3F9F700F80022D6F882
:10959000B43004F1440163B1994233D1636C4ABBE6
:1095A000D6F8B820C6F8B430914201D1C6F8B83028
:1095B0006764F9F75DF804F130090022002348469A
:1095C000F7F78AF9064600BBD8F804300BB12046FD
:1095D00098472760E3680BB120469847D8F82030B9
:1095E0000BB120469847DDB1AB6803B1083B2C4670
:1095F0001D46C3E71360D6F8B830994208BFC6F8D5
:10960000B820D5E71A461B68C5E7B36923B16FF0E8
:109610006D02F169206898473046E8F771FDCCE7A4
:109620002B46E4E738B5406B0D4620B150F80849A9
:1096300004B1083C00B938BD43689B680BB12946AA
:1096400098472CB1A36803B1083B20461C46F1E7BC
:109650002346FAE7F8B50F460021054616460023D3
:109660004FF224420846EDF7C1F9044620B92846D6
:10967000EDF788F92046F8BD04210C30E8F74EFEDE
:10968000057047704680F5E7406B28B1838B08383A
:109690008B4201D08068F8E7704710B54AB989B2AB
:1096A000FFF7F2FF28B143689B6913B1BDE8104092
:1096B000184710BD38B50D460521FFF7E5FF00231B
:1096C00029461A46EDF7CAF9044610B12846E8F7CC
:1096D00017FD204638BD406B28B1838908388B427E
:1096E00001D08068F8E7704770470346006828B1EA
:1096F0005968026888421A6008BF5A60704703467A
:10970000002003B970471A8A5B681044F9E710B566
:10971000D4680231237813B92170012010BD8B4227
:10972000FBD0038A023B038200201061F6E7FEF7BC
:10973000E4BF73B51446014605464FF495722068A0
:1097400000F0F7FD207530B92946206800F09FFE33
:1097500020B908232375002002B070BD237AB3B16D
:10976000A3F11802534253419B000193638A294697
:109770000093AE68238AE2682068B047002808DBBF
:10978000238A98420CD1002301202375E4E70223A9
:10979000EBE710F1FF0F03D34042C0B22075DAE7C8
:1097A0000E20FBE7F8B5936805460F461446166889
:1097B00063B9506801210C30E8F7B0FDA0602B6858
:1097C0001B78002B14BF022301230370A3681B78AE
:1097D000012B03D0022B1FD000201CE02B681B782C
:1097E000002BF9D1606804210C30E8F797FDE060A8
:1097F00007802A68E36852885A806168728D738B8B
:10980000088A9A4294BFC0EB0200C0EB0300042810
:1098100094BF00200120F8BD2B681B78022BDBD100
:10982000606812210C30E8F779FDE06007802B6852
:10983000E268591C0232113351F8040B994242F884
:10984000040BF9D16168728D738B088A9A4294BFB8
:10985000C0EB0200C0EB03001228D9E770B4066821
:10986000326A5AB3144654F8A03903B1A03B00221F
:1098700011467CB9438D408B8B4201D890421FD951
:10988000824238BF02469942306838BF194670BCE0
:10989000F0F74EBA844207D0658D648BA94238BF79
:1098A0002946A24238BF224633B1D3F8A05005B1B1
:1098B000A03D1C462B46DCE71D46FAE71146D9E7DA
:1098C00070BC7047D0680431037813B9017001206F
:1098D00070478B42FBD0002091680B8A043B0B82BF
:1098E000106170472DE9F04104468868FFF707FFD3
:1098F000638D628B0D46934228BF134683421DD36E
:1099000000276165D1F808808F60F8F73FFE414677
:109910002046EDF7C5FB064638B1C5F808806765F7
:10992000F8F7A6FE3046BDE8F081618D638B2846CE
:10993000994228BF194600F0A7FDF1E76FF07906BC
:10994000F0E738B504460D46EDF7AAFB30B12946DD
:1099500004F15800BDE8384001F09FBE38BD1FB586
:10996000CDE9012300231A460093EFF73FFB05B032
:109970005DF804FB0022036803B970478B420FD1E6
:109980000B683AB942680360914200D143600023FA
:109990000B60704713604368994208BF4260F6E766
:1099A0001A461B68E8E7D0E8EF3F43F00802C0E83A
:1099B000E12F0029F7D1C3F3C00070472DE9F04132
:1099C000064690461F460D46B9B104220121EDF727
:1099D00001FC044618B9BDE8F041EDF7D5BB042100
:1099E0000C30E8F79BFC0570A0F80180C770214699
:1099F0003046BDE8F041FFF7A4BFBDE8F08137B5C0
:109A00000C46054601F10C00FFF762F9228A034675
:109A10000192E2681221009228461322EDF728FCF9
:109A200003B030BD37B50C46054601F10C00FFF719
:109A30004FF9228A03460192E268284600920022EA
:109A40001146EDF715FC03B030BD70B504460E4667
:109A5000002200230846F6F73FFF054658B10146AD
:109A60002046EDF71DFB044618B12946304601F0AB
:109A70001FFE204670BD6FF00104FAE707B5CA6803
:109A80000C211388528800920D22EDF7F1FD03B0EE
:109A90005DF804FB07B50022CB680A211B88009201
:109AA0000B22EDF7E5FD03B05DF804FB2DE9F04175
:109AB000CB6805461F88BBB2162B1BD90321EDF7D7
:109AC000A1FC0646C0B102210C30E8F727FC0024B7
:109AD0004FF04108314680F8008044702846FFF777
:109AE00030FF2846A5F81A806F85FFF7B7FE20469D
:109AF000BDE8F0810420FBE70E20F9E72DE9F04FE7
:109B0000064685B0104690469946FFF7F8FD738BE0
:109B1000728D8B46934228BF1346834275D9736872
:109B200040460393E8F76EFB4FF0000A04464046B8
:109B3000FFF7E5FDE168228A658A6369AD1ACB1AF1
:109B4000ED1A778B738D9F4294BFC0EB0700C0EB7B
:109B50000300854228BF054625BB98F80A00E8F7B0
:109B6000EBF800220023FFF786F8044608B95746B1
:109B700027E001464046E8F78BFB4046FFF7BFFD74
:109B8000E168228A658A6369AD1ACB1AED1A778D6E
:109B9000738B9F4294BFC0EB0700C0EB030085426C
:109BA00028BF0546CDF80090DBF804700A440398FE
:109BB0005946ABB2B847071E07DABAF1000F18BF13
:109BC0005746384605B0BDE8F08F0E9BABB9394615
:109BD00004F10C00E8F7A2FB4046FFF790FD738DFF
:109BE000728BB944934228BF13468342BA441FFA8A
:109BF00089F9BCD9AF429AD0B9E7394620460F9AC5
:109C00000E9B98470028E2D1B1E70027D9E700234F
:109C10002DE9F34117681446D7F804800146137301
:109C200006469522404600F084FB0546207330B975
:109C30003146404600F029FC28B908232373002050
:109C400002B0BDE8F081A068798D7A8B038A9142D9
:109C500094BFC3EB0103C3EB0203012BEFDD022131
:109C60000C30E8F75BFBCDE900558046A388314610
:109C70003846A268FFF742FF031E06DA13F1FF0F12
:109C80002ABF5B420E23DBB2D8E70120A8F80030E0
:109C9000D6E700232DE9F34117681446D7F804806E
:109CA0000146137306469522404600F042FB0546E6
:109CB000207330B93146404600F0E7FB28B908234D
:109CC0002373002002B0BDE8F081CDE90055314694
:109CD0003846A388A268FFF711FF002807DA10F1C1
:109CE000FF0F32BF0E204042C0B22073E9E70120CF
:109CF000E8E7F8B5054650F8044C071F00F14C039F
:109D0000D3E8EF1F21F00401C3E8E21F002AF7D1D6
:109D1000FCB12B6D83B9636873B1201DFFF7E5FCBF
:109D2000064601463846FFF7DDFD90B163683360B3
:109D3000A368666003B9A660384605F15401FFF7D1
:109D400084FE30B1384604F10C01BDE8F840FFF75D
:109D50007CBEF8BD2DE9F041046A074644B154F8D1
:109D6000A06906B1A03E0022154607F104080CB90F
:109D7000BDE8F081636D9BB905B98AB94046FFF72C
:109D8000B4FC054658B101462046FFF7ABFD00285C
:109D9000EED07B682B60BB687D6003B9BD60224656
:109DA00036B1D6F8A03003B1A03B34461E46DEE7FC
:109DB0003346FAE738B50546D1E8AF3FDB0716D59D
:109DC00050F8040C98B12B6D8BB90430FFF78DFC63
:109DD000044660B10146281FFFF784FD38B155F8ED
:109DE000043C5A6822609A685C6002B99C6038BD85
:109DF000EFF74AB808B500230A8AC968EEF734F9C4
:109E0000002008BD0120704708B5EDF78FFF78B13D
:109E1000036A6BB1A03B03F15002D2E8EF0F20F0D0
:109E20000800C2E8E10F0029F7D1D3F8A030F0E72D
:109E300008BD08B50421FFF74EFC20B14C30D0E836
:109E4000AF0FC0F3C00008BD70B51C460E461546E6
:109E5000EDF700F90123C0E90365C380047570BD07
:109E600010600020704710B5029CA36833B1B1F5B3
:109E7000807F28BF0E21CAB221469847A37DE268A1
:109E8000013BDBB2A37522B11BB92046BDE81040EF
:109E9000104710BD1060918000207047002070476F
:109EA000FEF734BCF0B5076806463D78144689B025
:109EB000E5B97B88B3F5245F04D011D8A3F520530E
:109EC000032B13D8ADF80A10022220460DF10A0127
:109ED000EEF77EFA70B16FF01503C4F8903106E02A
:109EE00003F55643FF339BB2042B20D901252846A6
:109EF00009B0F0BD7B88022220460DF10A01ADF8C1
:109F00000A30EEF765FA0028E5D1009003AA132382
:109F100031467768B847021E02DAC4F89021E6E7B6
:109F200003A92046EEF754FA0028DFD0D3E7ADF8B6
:109F30000A10022220460DF10A01EEF749FA002824
:109F4000C9D17B880222ADF80A300DF10A01E8E799
:109F5000072208B503F093F8B0FA80F0400908BD75
:109F600010B503780446934207D10130FFF7F0FFA4
:109F7000002814BF2046002010BD0020FCE7034647
:109F800010B5D3E8EF0F40EA0102C3E8E42F002C3C
:109F9000F7D110BD034610B5D3E8EF0F00EA010278
:109FA000C3E8E42F002CF7D110BD0B6803608B8849
:109FB00083808B7983717047D0E8AF0F7047FEF7CD
:109FC0009CBB70B50D46064611F8010BECF7C0FAC4
:109FD000044610B12C89EBF7D3FC6B89A34207D060
:109FE000EB686C8123B121463046BDE870401847CC
:109FF00070BD38B5BDF810401546A2420CD84CB122
:10A000006BB1A41A8C42A8BF0C46A4B222465919BF
:10A0100003F000F8204638BD6FF00604FAE76FF051
:10A020000D04F7E730B585B0C96814461D46EEF754
:10A03000EBFA00B100890223ADF80E000093294627
:10A040002046BDF820200DF10E03FFF7D2FF05B02A
:10A0500030BD1FB50C461946E36810461C78BDF8A4
:10A0600018203CB110240133069404B0BDE8104020
:10A07000FFF7BFBF5B88ADF80E30022300930DF1F0
:10A080000E03FFF7B6FF04B010BD30B51D46002328
:10A0900085B014468DF80C30EEF784FA10B1037ACF
:10A0A0008DF80C300123294600932046BDF820206E
:10A0B00003ABFFF79EFF05B030BD70B500F1700631
:10A0C00005463146007AFEF78EFF04463146287A6F
:10A0D0001CB1BDE87040EEF7F3BBEEF7E5F910B147
:10A0E00004604460846070BD022A10B508D100236A
:10A0F00000F170011A46007AEEF70AFB022010BD4B
:10A10000FFF7DBFFFAE708B50C3029B10121FFF7B3
:10A1100036FFC043084008BD6FF00101FFF73AFF6A
:10A1200000F00100F7E710B50446FFF7ECFF38B187
:10A130002146BDE81040012211F8010BEEF778BA74
:10A1400010BD38B504461546FFF75CFE48B1204601
:10A15000EEF728FA28B1037ADB0702D50121FFF7D1
:10A16000E2FF55B9207A04F17001EEF79DF920B1B4
:10A170008560BDE83840EEF7B3BA38BD38B5BDF8F4
:10A180001010BDF818401046A142059D0CD84CB1E6
:10A190006DB1641A9C42A8BF1C46A4B22246294451
:10A1A00002F038FF204638BD6FF00604FAE76FF082
:10A1B0000D04F7E713B5044610B9002002B010BD36
:10A1C00000238DF8043042F60303006801A9ADF8BE
:10A1D0000630FEF7DBFD0028EFD1E3689888002801
:10A1E000ECD12046EEF7BAFE013080B2E6E770B55A
:10A1F000CC681E46A37988B008468DF80C30154609
:10A20000FFF7D8FFADF80D00246823786BB9638899
:10A21000ADF80F300523009331462846BDF83020B5
:10A2200003ABFFF7E6FE08B070BD631C0DF10F0233
:10A23000113453F8041BA34242F8041BF9D1132331
:10A24000E9E71FB5CDE9012300231A460093EEF795
:10A25000CDFE05B05DF804FBEEF7E2BF38B504466D
:10A2600059B100F170052946007AEFF7A9F829469F
:10A27000207ABDE83840EEF7B3BD38BDF8B50646E4
:10A280000F46EEF7EFF8394604463046FEF7ABFED0
:10A2900048B344B304F108056FF001012846FFF705
:10A2A00079FEC20703D539463046EFF789F86FF0DB
:10A2B00002012846FFF76EFE830703D53946304674
:10A2C000EEF78EFD2846FFF777FE60B9234603F8C8
:10A2D000010BC4F80100C3F80300D5E8EF3FC5E85F
:10A2E000E20F002AF9D1F8BD10B50446A0F117011C
:10A2F00010F8180CFFF7C2FF14F80C0CA4F10B01B6
:10A30000BDE81040FFF7BABF002313B58DF8043045
:10A3100042F60303044601A90068ADF80630FEF7D3
:10A3200035FD18B92046EFF7A3F80446204602B0E1
:10A3300010BD38B54C8AD3070546C4F30E0404D5C6
:10A3400014F0950F2AD04B6843B3900704D514F44A
:10A35000957F25D08B681BB3144014F4DE7F0DD09D
:10A36000EB7A2BB92846FFF732F8D8B9052038BD6B
:10A3700014F0300F04D114F4C07F07D10020F6E7A9
:10A380002846FFF76CF80228F5D8EFE7D5F8A43097
:10A39000002BEBD05B7CDB06E8D5EFE70220E6E79D
:10A3A0000320E4E70F20E2E7F8B514460F469422B5
:10A3B00061680646FFF7BDFF20BB01223046616899
:10A3C000EFF768F808B3A2891B2130460232EDF797
:10A3D000DFFD0546E0B1A1890C300231E7F79EFFB1
:10A3E00020F8027BA289A16802F014FED4E90412CD
:10A3F00028460123FFF728FD29463046BDE8F840EE
:10A40000EDF758BF4FF0FF30F8BD6FF01500FBE7D8
:10A410006FF00B00F8E72DE9F04105468846EEF7AE
:10A42000C1F80446E0B1037ADB0719D500F10C0747
:10A430003846FFF7C1FD10F0010611D1B8F1000F49
:10A440000FD06FF002013846FFF7A4FD10F0020FA5
:10A45000284609D0FFF7D8FC01212046FFF763FE0C
:10A4600001263046BDE8F081FFF7CCFC0028F8D08B
:10A470002846FFF7DEFC0028F3D06FF002013846D3
:10A48000FFF788FD2846E5E7704701207047012067
:10A49000704713B5C068144668B100238DF80430C6
:10A4A0004FF4C05301A9ADF80630FEF76FFC10B9A8
:10A4B000236801332360012002B010BD07207047DC
:10A4C000FEF71BB9D0E8AF0F084100F0010070475C
:10A4D00038B50A46034609B9012038BD488A10F04C
:10A4E000240FF9D0197D5D7B147CA94228BF294631
:10A4F0008C4201D90020F0E7800607D4517CC907BF
:10A500000BD4187A003818BF0120E6E70521181D82
:10A51000FFF7D8FF0028F1D1ECE7197A0029E9D03C
:10A520000521181DFFF7CEFF18B9197A0139012945
:10A53000E0D9527CD207CFD4E3E701238B40DB4341
:10A54000D0E8EF2F1A40C0E8E12F0029F8D170477A
:10A55000FEF7DCB810B50621FFF7BDF8044618B9C0
:10A56000EFF7C4FC204610BDA0F1EC04FAE7072089
:10A57000704701238B40D0E8EF2F1A43C0E8E12F4A
:10A580000029F8D1704708B50E21FFF7F2FF00202F
:10A5900008BD38B504210446EFF71CFD054698B107
:10A5A00010210C30E7F7BAFE04F1270304F137025B
:10A5B00053F8041B934240F8041BF9D12046294666
:10A5C000EFF7AAFC002038BD0820FCE770B5D0F8F2
:10A5D000EC300446DB78012B19D1CD68061D102123
:10A5E0003046FFF7AAFF2B4604F1B70205F1100130
:10A5F00053F8040B8B4242F8040BF9D10721304683
:10A60000FFF760FF28B109213046FFF7B2FF0020B5
:10A6100070BD0A213046FFF755FF0028F3D12046D0
:10A62000BDE87040EFF7B4BD0720704707207047C2
:10A6300007207047012303FA01F1CA4330B5D0E87F
:10A64000EF3F03EA0204C0E8E54F002DF7D101EA2D
:10A650000300003818BF012030BD38B5044600257E
:10A66000031DD3E8EF2FC3E8E15F0029F9D104F51A
:10A670009C70F7F707F92572D4E8EF3FC4E8E25F72
:10A68000002AF9D12046BDE838400121FFF771BF0B
:10A6900070B500F1700605460C4607223046096881
:10A6A00002F0EDFCB8B963681A682A679A88A5F8C1
:10A6B00074209B7985F87630D5F8A4305BB1A26818
:10A6C000934208D062681168C3F801109188A3F81A
:10A6D00005109279DA7170BD2DE9F84FDDF82C8004
:10A6E000044692461F46BDF82890FFF733FF054603
:10A6F00000285CD0061DB9F1000F27D15AEA0703E4
:10A7000024D103213046FFF7DDFEF8B101213046A8
:10A71000FFF7D8FED0B12C7D6B7B05F147019C4241
:10A7200028BF1C462246404602F074FC0F2C06D877
:10A730004946C4F1100208EB040002F091FC3046D7
:10A740000121FFF716FF0120BDE8F88FD4F8A430EF
:10A7500083B904F1700B5A462020217AF0F704FFE8
:10A76000C4F8A40030B95A460120217AF0F7FCFE63
:10A77000C4F8A400B9F1000F0CD15AEA070709D1B7
:10A78000D4F8A41031B14B8A9B0603D50C7C1E3142
:10A790002246C8E70F213046FFF794FE20B102227F
:10A7A00006212046EBF768FE2846FFF756FF0020FB
:10A7B000CAE76FF08500704738B5FFF7CBFE044657
:10A7C00010B96FF0150038BD051D0A212846FFF7A6
:10A7D00031FF0028F5D007212846FFF773FE28B186
:10A7E00009212846FFF7C5FE0020ECE71021284686
:10A7F000FFF768FE09210028F3D12846FFF762FE23
:10A800000028F1D02046EFF7C3FC01460028EBD02A
:10A810002046F0F71FFAE7E770B504460820EFF787
:10A820001BFB0546E0B1061D08213046FFF785FEFB
:10A83000BCB30721FFF781FE234605F1970204F11F
:10A84000200153F8040B8B4242F8040BF9D10A2182
:10A850003046FFF737FE70B109213046FFF789FE19
:10A860000720EFF7F9FA0446E8B1EFF779FBD0B12A
:10A870000821204612E010213046FFF723FE09216F
:10A880000028EAD13046FFF71DFE0028E8D0284610
:10A89000EFF77EFC01460028E2D02846F0F7DAF90F
:10A8A000DEE70B21F9E770BD70B50446A0F1EC06B8
:10A8B00050F84C3BE83CD3F8A450F6F7E3FF0321F3
:10A8C0002046FFF7FFFDA0B108213046F0F730F930
:10A8D0003DB16B8A13B16B7C9B0702D52846F0F71C
:10A8E0001FFF3046BDE870404FF4B872002102F0FF
:10A8F000B7BB01212046FFF7E5FD0028E4D10F2179
:10A900002046FFF7DFFD0028DED1E1E710B5431E4A
:10A9100000F11002073013F8011F12F8014D8342B5
:10A920001C701170F7D110BDF0B50E4614461D46CF
:10A9300097B00146202205A81C9FF1F7A9F8202214
:10A9400031460DA8F1F7A4F82146102201A88DF890
:10A950005450F1F79DF83B46412205A901A8F1F7B3
:10A9600059F9044610B93846FFF7D0FF204617B012
:10A97000F0BD2DE9F04316461D4697B00446DDE9CB
:10A980001F98102205A8219FF1F782F81022314666
:10A9900009A8F1F77DF8102229460DA8F1F778F8FB
:10A9A00003221E9911A8F1F773F8494611F8013BEB
:10A9B000D9F801008DF847308B880622129012A832
:10A9C000ADF84C30F1F764F8414611F8013B06222E
:10A9D0008DF84E30D8F801300DF14F00CDF84F30E2
:10A9E0008B88ADF85330F1F753F82146102201A8B7
:10A9F000F1F74EF83B46412205A901A8F1F70AF903
:10AA0000044610B93846FFF781FF204617B0BDE86D
:10AA1000F083F8B5069F05460469C9B2EFF3118CBF
:10AA2000402080F31288BFF36F8F0C2606FB01468F
:10AA3000B06C00F0070EBEF1010F10D1B764002614
:10AA40008CF31188BFF36F8F3EB90C2041430C4447
:10AA5000C4E910236B685B5898473046F8BD00F096
:10AA6000C00087420CBF6FF077064FF0FF36E7E774
:10AA700013B580240094FFF7CCFF02B010BD00692D
:10AA8000CBB200EB4310002110471046F5F7FCBF96
:10AA900000F032BC00F031BC8022F1F75BB940F22B
:10AAA00072607047084608B51146F9F7CDFD0028D9
:10AAB00018BF6FF0040008BD08B5F9F725FF00289E
:10AAC00018BF6FF0040008BD2DE9F047002483682B
:10AAD00086B0884691465B6902AA01A99847A246BA
:10AAE0002546029BAB4202D806B0BDE8F08700269F
:10AAF000019F07EBC5077B6804933A680AEB0603DE
:10AB0000B24202D89A460135EBE7494603940593D1
:10AB100003A8C0470028E7D0049B01361C44ECE79B
:10AB20004FF47D2200230020C1E90023704710B5B7
:10AB30000C1E10461A460ADBB4F57D2F07D2C4F569
:10AB40007D24A34203D802F065FA002010BD6FF007
:10AB50001500FBE770B5037B04460BB100F0DFFB8B
:10AB60000026A06800B970BDB0F5807F28BF4FF403
:10AB7000807005460246D4E90010F1F715FB6368C2
:10AB80002B44636023680BB12B442360A3685B1BD9
:10AB9000A360002BE5D0237B0136002BE1D03046AB
:10ABA00000F0BEFB0028DCD00120DCE741EA020314
:10ABB0000846C3F30B0109B9F1F718BB6FF0150094
:10ABC0007047084611461A4621B103431B0701D1BD
:10ABD000F1F70CBB6FF015007047436800205B680D
:10ABE000DB680B607047436802EA01005B6821EA9A
:10ABF00002015860002099607047436800205B683C
:10AC000059607047436800205B68996070474368EB
:10AC10005B681A6821EA02001140586000209960C0
:10AC20007047F4F7D7BA30B543681360057A4468C3
:10AC300004EBC504A34202D36FF0010030BD5C7980
:10AC400008338C42F1D10020F8E743681B68D3F841
:10AC50008004C3F88004704703691A6813680BB155
:10AC600052681847704730B587B004460D46142225
:10AC7000002101A802F0F4F9042320460DEB0301A2
:10AC80008DF804300295FFF7E7FF07B030BD70B5CF
:10AC900086B0066904460D461422002101A802F080
:10ACA000DFF902238DF80430336820461B6C01A9BC
:10ACB000029333689B6CCDE90335FFF7CDFF06B0F7
:10ACC00070BD30B503691C6843681B68EFF31185DC
:10ACD000402080F31288BFF36F8F206CA8B1E06C26
:10ACE000B0B90020C4E91312042AC3F80417C3F84A
:10ACF000082782BFD3F8002242F02002C3F80022C6
:10AD000085F31188BFF36F8F30BD6FF00C00F7E74C
:10AD10006FF00F00F4E70369186820B101601B6849
:10AD200000205A6070476FF08500704710B5426888
:10AD300000691368006860B9D3F84C4164B1126BC4
:10AD400012780A70C3F84C01D3F84C2101229A62A0
:10AD500010BD6FF08500FBE74FF0FF30F8E738B526
:10AD60004268036915681A68D2F8A01051B100242E
:10AD700082F8B84018686830F8F7BCFD0123204617
:10AD80006B6538BD6FF00D00FBE7406BFFF7E7BF69
:10AD900010B503691968D1F8A420D1F8B040121B8E
:10ADA00013D0082A28BF08224068C1F8AC201968CF
:10ADB000406AC1F8A8001B68D3F8A010D3F8B030DF
:10ADC000194402F027F9012010BD1046FCE710B528
:10ADD000044612EA030005D0605818B10023012090
:10ADE0006350635810BD13B501AA0446FFF71BFF5B
:10ADF000002805DB019B226819791868F1F78EFCA1
:10AE000002B010BD10B402694468936823EA0101DE
:10AE1000916011F0030108D143681B68C3F8001565
:10AE2000E068012110BCFFF7DEBF10BC704710B511
:10AE3000026993681943916013F0030107D14368D5
:10AE4000D8681C68FFF7CFFF0823C4F8003510BD91
:10AE500010B543681C68C4F83C17C4F840270022AA
:10AE6000C4F830215B68D4F830219B0702D501215A
:10AE7000FFF7DDFF0123236510BD10B543680446CD
:10AE80001B68D3F830210B684AB9012283F8B82037
:10AE90004FF4805263681B68C3F8042310BD00227E
:10AEA00083F8B8204FF0FF320B68C3F8B4200B686A
:10AEB000D3E92A12FFF7CCFFEAE7F8B503690446A5
:10AEC0001D6843680F461E6805F10800F8F712FD7B
:10AED000EFF31182402383F31288BFF36F8FEB6C83
:10AEE00053B1D6F8003223F02003C6F80032002315
:10AEF000C6F85031D6F85031002385F8633017B1C9
:10AF0000012385F8643023691968012381F86230D0
:10AF100061680968CB6282F31188BFF36F8FF8BD57
:10AF200008B503691B681B6C23B10121FFF7C5FF3E
:10AF3000002008BD6FF00D00FBE7F7B5426B5368CA
:10AF40001C681369D4F8101153F8085BD3E8EF6F4D
:10AF500026F01007C3E8EC7FBCF1000FF6D1F30632
:10AF60000FD561B1D5E9162300260027CDE900678A
:10AF7000F8F752FC0023C4F81031D4F8103103B0B4
:10AF8000F0BD0029FBD113691968CB6CB3FA83F3C8
:10AF90005B0981F86230536801221B68DA6203B0F2
:10AFA000BDE8F040F8F7A6BC2DE9F34717460022AC
:10AFB0004368D0F810901E68D9F80040884694F88D
:10AFC0006130D6F80C1784F86120A26C05469B1AF4
:10AFD0001944002901DDFFF75AFE2846216CFFF7CE
:10AFE00042FEE36C2364236D63640023C4E91333DE
:10AFF000A36494F8633003F0FF029BB3EFF3118A6C
:10B00000402383F31288BFF36F8F236C6BB3D6F8A2
:10B01000003223F02003C6F80032B8F1000F34D11B
:10B020009FBB0123B362C6F82471D6F8243184F89B
:10B030006270D9F8083043F01003C9F808308AF379
:10B040001188BFF36F8F6AB1D4E91632134309D068
:10B05000D4E9162300200021CDE9000104F1080005
:10B06000F8F7DAFB02B0BDE8F087D4E916321343F3
:10B0700003D004F10800F8F73DFC2B691A6801239E
:10B0800082F862306A681268D3620022D7E72DE93D
:10B09000F341064617461C460569EFF31188402325
:10B0A00083F31288BFF36F8F2B68D3F8A42042B1CB
:10B0B00088F31188BFF36F8F6FF00F0002B0BDE807
:10B0C000F081C3F8A4702B6801F0604CC3F8A010A5
:10B0D000BCF1005F2B6814D1C3F8A8102B68C3F82B
:10B0E000AC7029463046FFF7C8FE88F31188BFF3DD
:10B0F0006F8F73681B7E012B01D1631C06D100206A
:10B10000DCE7C3F8B020FFF743FEEAE724EAE47285
:10B110002868D3171F3243F10003520942EAC36281
:10B1200068305B0900240025CDE90045F8F774FB81
:10B13000E5E708B50220F0F753FF002008BD08B589
:10B14000F4F72AFA08BD0A460121FDF7D6BA40EA0B
:10B1500001030F2B01D8F2F74BBA6FF015007047BF
:10B160000121F2F7E7BB0021F2F7E4BB10B54FF085
:10B17000FF304FF0FF31F2F7FDFB044628B9D5F759
:10B1800023FB044618B1F2F7FDFB204610BDF2F791
:10B19000F9FB2046E7F7A4FCF7E738B50B8A0D4624
:10B1A0003BB101F10C00FDF78BFD012818D00228FE
:10B1B00003D06FF01504204638BD4FF0FF304FF03C
:10B1C000FF31F2F7D7FB04460028F4D1E868DEF738
:10B1D000CAF80446F2F7D6FBACB1F2F735FCEAE761
:10B1E0004FF0FF304FF0FF31F2F7C4FB0446002868
:10B1F000E1D1E868F2F7E0FD0446F2F7C3FB002C6A
:10B20000D9D1F2F721FC2846E6F77AFF0024D2E7ED
:10B21000F2F744BD10B532220021044601F020FFB0
:10B22000202323708023A3706FF03F0363710423F6
:10B23000A3722823A3730223E3730423A3756FF07F
:10B24000480363760323A3766FF01F03E3760E2390
:10B250002377302384F82030402384F82130792369
:10B2600084F822307E2384F82330802384F826302B
:10B27000042384F8273010BD08B50323E1F778FADA
:10B28000002008BD08B5F3F7B9F8002008BD08B5DF
:10B29000F9F73AFB48B1002383F31188BFF36F8FAE
:10B2A0000423184602DF6FF0040008BD684620F052
:10B2B00007018D4601B5DCF77DFFBDE801408546FD
:10B2C0007047684620F007018D4601B5DCF764FF42
:10B2D000BDE8014085467047684620F007018D466D
:10B2E00001B5DDF797FABDE801408546704708B51E
:10B2F000E0F76BFE002008BD70470020F3F77CB933
:10B300007047DBF781BE08B5DDF7BAFC30B1EFF36B
:10B3100005800338032894BF0020012008BD704732
:10B320000120704703460020184700F05BB9024631
:10B3300010B5116891B1B1FA81F3C3F11F00012377
:10B34000834021EA0303D2E8EF4F8C4204D1C2E8E4
:10B35000EC3FBCF1000FF6D1EBD110BD6FF00B004C
:10B36000FBE710B50368CB40DB0710D401238B400B
:10B37000026843EA0201D0E8EF4F944204D1C0E8EA
:10B38000EC1FBCF1000FF6D1F2D1002010BD6FF020
:10B390001500FBE743090AD0012B0AD16FF07C436B
:10B3A00000F01F0023FA00F000F0010070471F2397
:10B3B000F6E70020704710B504460846F3F738FB5F
:10B3C00004EB4004207DC0F3401010BD10B50446CE
:10B3D0000846F3F72DFB04EB4004A08A00F01C00A4
:10B3E000003818BF012010BD10B504460846F3F719
:10B3F0001FFB04EB4004207DC0F3400010BD10B5DE
:10B400000446FFF7F1FF20B12046BDE81040FFF7EA
:10B41000D2BF10BD10B504460846F3F709FB04EB94
:10B420004004A08A400B10BD70B50446084616467D
:10B43000F3F7FEFA083034F810300D46DA0509D576
:10B44000C3F3432304EBC3023146284654F8333098
:10B4500052689847A3682BB131462846E268BDE898
:10B460007040184770BD2DE9F3411746DDE90858D3
:10B47000019001A80C461E46F3F71EFB019B391EE6
:10B4800018BF012100EB8300231E18BF0123002EEB
:10B4900043EA41030CBF00210C21002D43EA0103C4
:10B4A0000CBF00214FF47061B8F1000F43EA0103B3
:10B4B0000CBF00214FF44031D0F880200B4322EA2A
:10B4C000030304B124780FB13F787F001C430EB111
:10B4D0003678B6003C438DB1297809023443B8F17F
:10B4E000000F03D098F800804FEA0848214341EA52
:10B4F0000801C0F8801002B0BDE8F0812946EDE7F0
:10B500001FB50DF10F03019300238DF80F101A469C
:10B5100019460093FFF7A7FF05B05DF804FB2DE97E
:10B52000F04700250446884617462E464FF001098D
:10B53000AA46BE420CD1D4F8443133B10023C4F83A
:10B540004431D4F8443145F400352846BDE8F0874D
:10B55000F0B2F3F7E5FAA0F580739B0809FA03F35C
:10B5600018EA030F05D022581AB144F800A0225857
:10B570001D430136DDE738B504460D46FFF71BFFD6
:10B58000A8B12046FFF730FF88B92046FFF742FFF9
:10B59000012322688340C2F81833236803EB80003C
:10B5A000D0F8103523F00303C0F8103538BD284615
:10B5B000BDE838400021FFF7A3BFC9B2F4F730BAA5
:10B5C00008B5F4F7C3FA002008BDEFF3118040235B
:10B5D00083F31288BFF36F8F704780F31188BFF336
:10B5E0006F8F704708B1E6F769BF704740B1C36815
:10B5F000587810F001001EBF1878B0FA80F04009AA
:10B600007047EFF31183402383F31288BFF36F8FEA
:10B61000FEE710B400F10C04C0E9034400244461C7
:10B6200010BCE2F7A7BC10B582696AB1C36842EAF0
:10B630000301890708D14169A2FB011424B95B18F1
:10B640002CBF0121002102D36FF0150005E001613C
:10B650009B1A42698A4201D8002010BD026901315B
:10B660001A60826903619B1AF3E790F90E308B42EE
:10B6700001D0F6F79DBE0020704703460020C3E9C5
:10B680000033C3E9020070470023C0E90033836040
:10B6900000F10C03C0E903337047012307B50093A1
:10B6A00000230A461946F5F759F803B05DF804FB84
:10B6B000002307B50A4600931946F5F74FF803B083
:10B6C0005DF804FB3AB18A4205D3C0E90212C0E931
:10B6D0000000002070476FF01500704701230268DA
:10B6E0008B4022EA0303036022FA01F000F001001C
:10B6F0007047704710B5032104460C30FFF7EEFF8A
:10B7000030B104F11000F7F73BFEB0FA80F04009C9
:10B7100010BD20B1002294301146F7F74BBB7047A3
:10B7200070B5C3680446C3F340069B0716D485680A
:10B7300002210C30FFF7D2FF80B1D5F88C206AB11E
:10B7400094421DD122689EB9D5F89030C5F88C205E
:10B750009C4201D1C5F8902000232360E36813F0D8
:10B760001F001EBF43F00203E36040F0020070BD03
:10B770003260D5F89020944208BFC5F89060EBE79E
:10B7800016461268DBE710B5F5F7B6FD041E08DDB6
:10B79000EFF31180402383F31288BFF36F8FF6F726
:10B7A000E1FE204610BDEFF30580003818BF0120F0
:10B7B00070476FF05700704700207047D0E90032A3
:10B7C00013605A600023C0E90033704738B504465F
:10B7D0000D46F6F719FB237C43F002032374D5B121
:10B7E000A5602B689D4209D16B68C4E900531C60B9
:10B7F0006C6010E06A689A42F6D01B68002BF3D0A8
:10B8000093F90E1094F90E209142F3DD5A68C4E9C1
:10B81000003214605C6038BD10B5037C044613F040
:10B82000280F0CD183680BB1F6F7C6FB237C2046AA
:10B8300023F004032374BDE81040F6F77DBA10BD71
:10B84000F6F774BB38B5054604680020AC4200D159
:10B8500038BD002CFCD02046F6F7AEFB04F11800F2
:10B86000F7F78EFD2046F6F767FA2C680120A5420F
:10B87000EDE708B5C3171F3043F10003400940EA64
:10B88000C360C117F7F744F8400108BD08B5024688
:10B89000F7F76CFC70B1D0E904319B1A61EBE272EE
:10B8A000B3F1004F72F1000104DA002AACBF184670
:10B8B000002008BD6FF00040FBE708B5F7F78EFEEB
:10B8C00008BDF7F78BBEB3F1FF3F08BFB2F1FF3FF2
:10B8D00070B506461D46144614D01A4316D0002BE8
:10B8E00008DBF7F77BFE041941EB0501C6E90041CF
:10B8F000304670BD6FF001031C1B4FF0FF3363EB4C
:10B900000501F3E74FF0FF342146EFE70024FBE7A2
:10B91000B3F1FF3F08BFB2F1FF3FF8B50746164647
:10B920001C4610D054EA020311D0F7F757FEB0427C
:10B930000A46A14103460AD2F31A64EB0204C7E99E
:10B9400000343846F8BD4FF0FF331C46F7E70023BC
:10B95000FBE70023C0E9081200F11802C0E9062243
:10B96000C0E9003303634363704720B1011F50F8FF
:10B97000040CF4F74FBB70477047FFF77EBE4FF0E3
:10B98000FF324FF0FF33F4F72FBDF4F7F5BD002081
:10B990007047704710B5044608B1F8F771FA2046B1
:10B9A000BDE81040F8F75CBA0346C068F8B15888A3
:10B9B000E8B11B8803F44F42B2F5824F02D0B2F5D2
:10B9C000884F09D1DBB2272B2AD008D8172B0FD0EC
:10B9D000222B34D0122B16D06FF085007047302BFD
:10B9E0002FD0413B012BF7D8FF2839D100207047D9
:10B9F000C028FBD0E128F9D0B0F5807F14BF6FF0EC
:10BA000086000020704720F02003C02BEED020F0ED
:10BA10008003B3F5807FE9D040F209239842EDE737
:10BA2000E928E3D0EF28E1D040F21B139842DDD0A3
:10BA300040F299139842D9D040F23B23EEE7E9282F
:10BA4000F1E720F02003C02BD0D020F04003B3F565
:10BA5000807FCBD0B0F5C07FC8D0B0F5007FCDE7F8
:10BA6000B0F5E07FCAE73AB1002918BF00232121D1
:10BA7000D21A184401F0F4BA70472DE9F04F9B46F2
:10BA8000002389B08DF81B30159B9146DDE912A784
:10BA9000002B0D460B460CBF4FF400624FF4806242
:10BAA00007A9DDF85080F8F78DFB0446D0B9079E52
:10BAB000284631880DF11B02F8F700FC044688B9CE
:10BAC0009DF81B30BB421FD8CDE90338CDE901BA40
:10BAD000CDF800902B46D6E909123046F9F71AFA4C
:10BAE000044608B1C8F800703A4621465046D8F8D6
:10BAF0000030FFF7B8FF0798F9F7F4F8002C18BFEB
:10BB0000204609B0BDE8F08F6FF08904EAE741F202
:10BB1000062398421AD8B0F5905F09D241F201038A
:10BB200098420CD0B0F5885F09D06FF0850070475F
:10BB30006923A0F5905080B2C340DB07F5D511F022
:10BB4000070F14BF6FF0860000207047B0F5105F3C
:10BB5000EBD121F04003802B06D0B1F5807F14BFDC
:10BB60006FF08600002070470020704770B5446A6F
:10BB700005460E463CB90120F8F76CF9686228B119
:10BB80002046AE6270BD6FF08A00FBE76FF08C005C
:10BB9000F8E7F8B51E460F4615460388C2B103F410
:10BBA000E043B3F5805F02D0B3F5005F10D1089B8E
:10BBB000E90019600088FFF7AAFF044630B92A4659
:10BBC0003946304601F026FA079B1D602046F8BD35
:10BBD0006FF08504FAE710B50446406A10B1A16A17
:10BBE000FFF7D8FE0020C4E9090010BD38B50446AF
:10BBF000FFF7F1FF237F012B0FD0023B012B0FD862
:10BC0000236A012B14BF6FF0960500252C2200211A
:10BC1000204601F025FA284638BD236A002BF1E7BB
:10BC20006FF09605F2E738B514460288049D02F4D9
:10BC3000E040B0F5805F07D0B0F5005F04D002F4BB
:10BC40004F42B2F5824F0ED1AC420FD81846224671
:10BC500001F0E0F900212A1B204401F001FA002044
:10BC6000059B1C6038BD6FF08500FBE76FF0890015
:10BC7000F8E7F0B50F461E46154685B0CAB1002359
:10BC80000122336003A9F8F79DFA044670B9CDE9A3
:10BC9000005603983B46D0E90912F9F7D9F8044653
:10BCA0000398F9F71FF8002C08BF0446204605B09A
:10BCB000F0BD6FF08904F9E7F0B50F461E46154652
:10BCC00085B0FAB1002303A91A463360F8F77AFA6F
:10BCD000044688B9039803885B0410D5CDE9005663
:10BCE0003B46D0E90912F9F7C7F804460398F8F77C
:10BCF000F9FF002C08BF0446204605B0F0BD6FF0E8
:10BD00008604F3E76FF08904F6E710B5036804468C
:10BD100043B100F031F900232360A3886FF30803D7
:10BD2000A38010BD1846FCE72DE9FF41984600238B
:10BD30000C460168054616460393002939D14FF495
:10BD4000C272083001F08CF9B8F1000F204633467A
:10BD50000CBF4FF400624FF4806203A9F8F732FA87
:10BD60000446B8B9039F304639882A1DF8F7A6FA69
:10BD7000044678B96B79394668F300036B71D7E9EB
:10BD8000092328460096B8F1000F0FD0F9F7ECF818
:10BD9000044610B12846FFF7B8FF0398F8F7A2FF52
:10BDA000002C18BF204604B0BDE8F081F9F700F977
:10BDB000EEE76FF08804EDE70123FFF7B5BF38B574
:10BDC0000368054614464BB132B100F0C0F8044692
:10BDD00010B12846FFF799FF204638BD6FF0880460
:10BDE000FAE72DE9F0411646026805460F469846E7
:10BDF000F2B14279D2071BD50279CAB1B2421AD840
:10BE000000F0AEF8044618B10023C8F800602B71AA
:10BE100037B1324621463846D8F80030FFF723FEC6
:10BE20002846FFF772FF002C18BF2046BDE8F081BE
:10BE30006FF08804E8E76FF08904E5E71FB5012497
:10BE40000394089C0294079C0194069C0094FFF7BD
:10BE500014FE04B010BD2DE9F04705469A460023B4
:10BE600088B0079325F0004323F47F03B3F1106FEC
:10BE70000846DDE910961746DDF8488023D12B46A9
:10BE80004FF4804207A9F8F79DF9044660B9CDE95F
:10BE90000368CDE901A9079800972B46D0E909125C
:10BEA000F9F7AAF8044628B131464846F8F7CCFB22
:10BEB000C8F800600798F8F715FF002C18BF204657
:10BEC00008B0BDE8F0876FF08604EDE703461B88F5
:10BED000084603F4E043B3F5805F114602D0B3F5A2
:10BEE000005F01D1F8F7B0BB6FF0850070471C22EE
:10BEF000002101F0B5B8037F022B06D1036A5A1C5A
:10BF000003D001330362002070476FF09600704742
:10BF1000034668B1017F8A1E012A0BD80329026AF1
:10BF200003D1012A01D1FFF761BE1AB1013A1A62A9
:10BF3000002070476FF096007047C0B2FF280CBF1A
:10BF40006FF0860000207047F9F7DAB87047036891
:10BF5000052B02D10830F9F7D7BB6FF08600704788
:10BF600010B40468052C03D110BC0830F9F7E4BB09
:10BF70006FF0860010BC70470368052B02D10830B3
:10BF800000F0D7B8002070470020F9F78BBA0020E6
:10BF9000F9F7C2BA002000F0C6B8E1F729B90A28BB
:10BFA00042DCC31C1FDA10F1400F45D010F13F0FE7
:10BFB0002BDA10F1410F42D010F1550F42D010F1A1
:10BFC000490F14BF6FF086006FF084007047092896
:10BFD0002DD8DFE800F0052C2C2F172C372C2C3A0D
:10BFE0006FF09800704703300D2820D8DFE800F08C
:10BFF0000A331F221F1F1F1F1F1F071F1F076FF05E
:10C00000940070476FF08500704710F1210F1FD02A
:10C010000DDB10F1200F1ED010F1100F14BF6FF0C8
:10C0200086006FF09400704764380928CFD96FF00C
:10C0300086007047002070476FF0840070476FF0F3
:10C04000890070476FF0930070476FF08C00704765
:10C050006FF0880070476FF09200704710B501389C
:10C060000A44914200D110BD10F8013F11F8014B74
:10C0700063400370F5E70144814200D1704711F835
:10C08000013D1A440A70120AF6E730B5002503F59F
:10C090008073013A002A0ADAD8B2284303D0FF2B72
:10C0A00094BF00200120FF2B98BF013830BD845C75
:10C0B0001C448B5C013AE41A230AE4B2FF332543A3
:10C0C000E8E707B501A9F9F73BF9003818BF0120E7
:10C0D00003B05DF804FBF7B506460D46202D2F464C
:10C0E000A8BF202700216846FAF76CFA044670B909
:10C0F0003A4631466846FAF7B7FA10F1520F04464D
:10C1000008D0431CF4D0684600F06FFB34B12046E1
:10C1100003B0F0BD684600F068FBE3E7EC1B3E446B
:10C12000F5D02546DAE700207047F9F797BAF9F716
:10C1300095BA08B54FF4C27100F035FF002008BD74
:10C14000F0B504461F460D461646E5B04FF4C272E0
:10C15000002103A800F084FF214633462A460097B9
:10C1600003A8F9F77BFA044670B9DDE96A1203A85F
:10C17000F9F7CAFA044638B9DDE96D236C9903A8CA
:10C18000F9F7DAFA044610B103A8FFF7D2FF204608
:10C1900065B0F0BD90F84C3013B1503000F05DBA8E
:10C1A000D0F8543113B1D0F85C01184718467047E5
:10C1B0002DE9F0470446806889469042174609D326
:10C1C000201A1C3000F026FFA368DB1BA3600020B0
:10C1D000BDE8F08704F1640A01215046FAF7BEFA7F
:10C1E000064618B1BDE8F047FFF7D9BE2046FFF775
:10C1F000D1FF054600284BD1A26832F0100309D0C8
:10C20000A01A49461C3000F005FF2A46A368A56025
:10C210009944FF1A07F1FF3828F00F08A7EB08062A
:10C2200062B9102204F10C0104F1500000F085F90C
:10C2300080BB1023A360012384F84C30B8F1000FB9
:10C240001CD04246494604F1500000F076F90546FC
:10C25000C0B9012384F84C3004F15007384600F08F
:10C260005AFA054670B9384600F0B2FA054648B9A0
:10C27000402104F10C0000F096FE03E094F84C30ED
:10C28000002BE9D15046FAF757FA2DB12846A9E715
:10C29000B046F7E70546F5E7002E98D0324609EBA1
:10C2A000080104F10C0000F0B5FEA3689B1B8DE7AC
:10C2B000F8B543680546102B2FD800F1640601211C
:10C2C0003046FAF74BFA18B1BDE8F840FFF767BE01
:10C2D0002846FFF75FFF0446D0B9AA6805F150076A
:10C2E000102A05F10C050AD12946384600F056F906
:10C2F000044668B9384600F06BFA044608E029465F
:10C300003846C2F1100200F018F904460028EBD0BC
:10C310003046FAF711FA2046D6E76FF08600F8BDEE
:10C320002DE9F04107463C88184604F44F43B3F525
:10C33000824F0D469046079E02D0B3F5884F0FD12D
:10C34000E4B2A4F14103012B01D9122C0BD14246D6
:10C35000294600F05FFE0020C6F80080BDE8F081AD
:10C36000B4F5885FF2E77B88069A0733B2EBD30F08
:10C370004FEAD30408D3014622462846F9F75EFA6D
:10C380000028EBD13460E9E76FF08900E6E7F9F7C0
:10C3900019BCC0F30253013B10B5052B21D8DFE8CF
:10C3A00003F01B0B0B0B0313032300F030002028BA
:10C3B000136013D0002010BD0B8844F212118B4281
:10C3C0000CBF04230223F0E70B8844F212118B42C6
:10C3D0000CBF06230323E8E70123E6E702331360DB
:10C3E000E8E76FF09800E6E713B50C46F8F7A8FF0A
:10C3F000C31C0FD0013009D004224FF0FF33214677
:10C400000DEB0200019300F03AFE30B96FF08B00A3
:10C4100002B010BD6FF08400FAE70020F8E730B5F5
:10C4200089B0054618220C4601A8002100F018FE2C
:10C43000012344EA052401A9BA2007940593F8F7DB
:10C440001FFF002818BF6FF0920009B030BDF7B58C
:10C45000BA2001A9F8F774FF044610B1002003B018
:10C46000F0BD019D2F0AEDB2AC4205D1BA20F8F71C
:10C470004DFF0028F2D008E0E6193046F8F746FFF5
:10C4800030B13046FFF71DFE10B96FF09200E6E7BD
:10C490000134E9E738B503780446033303F00303B6
:10C4A000012B0FD86FF0210038BD60782844F8F7D1
:10C4B0001FFF48B901352378C3F382039D42F4D3AB
:10C4C0000020F1E70025F6E70220EDE708B5F820A7
:10C4D000FFF7F7FD18B9F920FFF7F3FD10B16FF082
:10C4E000920008BDF820F8F703FF0028F7D1F920E3
:10C4F000F8F7FEFE0028F4D0F1E7026913690BB1EA
:10C50000506918471846704708B5826803465AB9FB
:10C5100002681169426A114206D0FFF7EEFF002857
:10C5200008BF6FF0530008BD03F11400702103F140
:10C530007802F9F76DFF0020F5E710B5047D03469A
:10C540004CB3B2F1807F06D3FFF7D7FF002808BFB6
:10C550006FF03F0010BD4468062C06D9FFF7CDFFF1
:10C56000002808BF6FF04400F4E70AB90020F1E7A3
:10C570008069016099698A60186899698069C068F2
:10C58000C860996910319961596801315960996899
:10C5900011449960EAE76FF02000DBE710B4037DF7
:10C5A000002B56D08368C3B9836900F124021A6056
:10C5B000036882691B68013343F000539360046889
:10C5C00082692368A4690133E4681B0203F4F85309
:10C5D0002343D360836910338361036882681C68D6
:10C5E000131923EA040384699B1A54F8042C42EAC1
:10C5F000032244F8042C826952F8084C234443F087
:10C60000005342F8083C03681A68C368134423EADD
:10C610000203C2691160C269C1689160C26902F116
:10C620001001C161C1688B420AD000211161C1684B
:10C63000C2695B1A43F080439360C3691033C361DE
:10C640000368DA68436A23EA0203436210BCFFF717
:10C650005BBF6FF0200010BC704738B5037D044607
:10C66000002B52D003685B69002B51D00269D3685C
:10C670005BB150699847054638B12046FFF73DFF4A
:10C68000002818BF0546284638BD214651F8783B9A
:10C69000626A9B6904F114001B68F9F7A5FE012387
:10C6A000636023699A689AB9A2691B681360236959
:10C6B000A2695B6843F0005393602268A3699269A2
:10C6C0009268DA60A3691033A36163680133636021
:10C6D0000025236AA269C43313602368A2695B69D9
:10C6E00043F0005393602268A36992695268DA604C
:10C6F000A36922681033A361636801336360126920
:10C70000636AA56013436362BDE76FF02005BAE773
:10C710006FF04705B7E738B5027D0346002A40D0E1
:10C720000268816894688C4206D9FFF7E6FE00280B
:10C7300008BF6FF0530038BD5468B1FBF4F504FB3B
:10C74000151434B1FFF7D9FE002808BF6FF045007B
:10C75000F1E7416AD06801435962D3E90701C43166
:10C76000526901601868D96940690F328860D969D7
:10C7700022F00F0201F11000D86118684069904260
:10C780000AD00C611868D9694069121A42F08042D7
:10C790008A60DA691032DA611846BDE83840FFF77E
:10C7A000B3BE6FF02000C6E738B5037D054663B120
:10C7B000F9F7A4FE431C044605D02846FFF79DFE6A
:10C7C000002818BF0446204638BD6FF02004FAE761
:10C7D00010B5037D04462BB12046FFF7E5FF431C4F
:10C7E000FAD010BD6FF02000FBE710B503780446C7
:10C7F0001BB1F8F74FFC00232370002010BD036825
:10C80000D868C0F300407047036803F58053586A46
:10C8100000F4A020003818BF0120704702220368EE
:10C820009A6070470368D868FAF7E2B8024608B51C
:10C83000136803F580535B68C62B09D01046FFF7D9
:10C84000DEFF0028F4D11046BDE80840FFF7EABF3C
:10C850006FF0010008BD03685A507047036999667C
:10C8600070470369986E704773B50546D0E9014675
:10C87000CDE90023FFF7F5FF0068ED68C0009DF8E3
:10C8800000209DF8073004EB0614A5F1080114D52B
:10C8900002F03F0242F0200243F00103601B8DF8DA
:10C8A00000208DF8073000F0AEFA083C08226946F7
:10C8B000204600F0B4FA02B070BDA41B03F03F03A1
:10C8C00042F0010243F0200304F108008DF800203B
:10C8D0008DF8073000F097FAE8E710B50446FFF747
:10C8E000C0FFC2684AB142F420222046BDE8104091
:10C8F000002142F40062FFF7AEBF10BDC068704770
:10C900002DE9F8430A680C4612F4700F15D1D0E9EE
:10C910000159D1F80880FFF7A4FF03682046DB0027
:10C9200048BF63684FF0000744BFA9EB0303ED184D
:10C9300000F0E7F80646B74201DBBDE8F883414660
:10C940002846626800F06BFA63684D4498440137EA
:10C95000F1E770B50C461E461046D1E9012505EBFE
:10C960004205294600F05BFA62683046A918BDE826
:10C97000704000F054BA38B50446FFF772FFD4E9AE
:10C98000013501684268C90042BFE168691A5B1855
:10C99000002112B904F1140038BDD00707D50B29C6
:10C9A00001D9E5F751F904EB8100436101312B44D2
:10C9B0005210EEE770B506460D461446FFF751FFDC
:10C9C000013D026844EA0524304622430421BDE8C3
:10C9D0007040FFF740BF2DE9F04F044685B00E468A
:10C9E00091460193FFF73DFFD4F848A00546BAF100
:10C9F000000F07D02046F9F7BDFF1025284605B0E7
:10CA0000BDE8F08F8768D4E9018BF9F763FF3268DE
:10CA100011064CBFC26842687168914204DD20462D
:10CA2000F9F7A8FF0D25E9E7E1603268204649EAF9
:10CA300002092A6949EA0202FFF7BCFF2A68D2000C
:10CA400003D5E268ABEB020290443FB93146204681
:10CA5000FFF756FF2B696BB90025CFE7FB0748BFEF
:10CA6000019B4FEA670744BF43F82A800AF1010A95
:10CA7000D844EAE702A800F0B0F9054618B120460C
:10CA8000F9F778FFBAE72046DDE90223FFF7ECFE6D
:10CA900008210DEB010000F086FADDE710B5044631
:10CAA000FFF71BFFBFF35F8F03222046BDE8104056
:10CAB0000821FFF7D0BEC0F30B03482B4B6028BF03
:10CAC000482310F4003F8B6008BF0023CB6010F4B4
:10CAD000803308BFC1E9013300F47003B3F5700F70
:10CAE00014BF00238B6800284FF0010C4FF00802A0
:10CAF0008B60B8BF0023C1E905C2B8BFC1E90533E7
:10CB000070470368024613F4700F06D1806828B19D
:10CB1000D368506893FBF0F07047002070472DE910
:10CB2000F0479946058843888AB003F107080093C7
:10CB300005F44F43B3F5824F04468A4617464FEA41
:10CB4000D80602D0B3F5884F3FD1EDB220220021A4
:10CB500002A800F085FA0023BE42C9F8003041D88F
:10CB6000B8F5847F41D220466A463946FAF76EF816
:10CB7000044630BB2846009901AAF9F7A9FF0446EC
:10CB8000F8B9A5F14103012B21D8324602A9F8F7E3
:10CB9000C3FC28BB314602A800F0D3F940BB412DAD
:10CBA00004D1202E02D102A800F04FF9324650469F
:10CBB00002A900F02FFA202102A800F0F4F9C9F828
:10CBC000006020460AB0BDE8F0870025BEE73A467F
:10CBD0005146019800F044F90028ECD0FFF7DFF946
:10CBE0000446EEE76FF08904EBE76FF08504E8E7B1
:10CBF0006FF09304E5E72DE9F341DDF820801E4650
:10CC0000438842450F461546019315D8294601AA87
:10CC1000FAF71CF8044658B92B463A4641463046C6
:10CC200000F0A4F958B10A9B019A1A60099B1D6093
:10CC3000204602B0BDE8F0816FF08904F8E76FF09C
:10CC40008604F5E72DE9F0431F460688438895B032
:10CC5000029306F44F43B3F5824F0546144602D0C3
:10CC6000B3F5884F2FD1F6B20A462346412103A8D7
:10CC7000D5F80C9000F07AF938B31C9B9C4227D869
:10CC80002846214602AAF9F7E1FF0546B8B9122E57
:10CC9000DDF8088001D0302E07D1424631464846A3
:10CCA000009403ABF9F79CFFA8B92246384603A9C4
:10CCB00000F0B0F91E9BC3F800801D9B1C60284645
:10CCC00015B0BDE8F0830026CEE76FF08605F6E7E5
:10CCD0006FF08905F3E70546F1E78B4238B5054665
:10CCE0000C46104607D30A46294600F093F9002067
:10CCF000049B1C6038BD6FF08900FBE710B59EB047
:10CD0000024646F611031AA901A8F9F76DFB0023A4
:10CD1000039A10211360039A01A89360039B1AAA37
:10CD200010330393F9F774FBF9F7E8FB431C04464F
:10CD3000FAD001A8742100F036F920461EB010BDCB
:10CD4000F8B50668054696420C46A2EB060701DDDB
:10CD5000E4F77AFF3946204600F055F83246696814
:10CD6000E019BDE8F84000F05AB8FFF7E9BFF8B5A0
:10CD700007461646D2E900208A420C460BDB551ABC
:10CD8000294600F040F82246394670682844BDE83C
:10CD9000F84000F04FB8891A3944F8E770B51446E6
:10CDA0000E461D4621461A46FFF7E1FF2146304652
:10CDB00005F10802BDE87040FFF7D9BF70B5054620
:10CDC00016461C461A46FFF7BBFF2246314605F1C0
:10CDD0000800BDE87040FFF7B3BF10B50446F9F78F
:10CDE00079FD436963B12046F9F74EFE50B9D4E9A5
:10CDF00000321343F7D0201DBDE81040F9F744BEC0
:10CE00006FF0020010BD0A4600230AB1810702D16B
:10CE1000002100F025B900F8013B013AF5E70AB11D
:10CE2000830701D100F0F6B811F8013B013A00F890
:10CE3000013BF4E70AB18B0701D100F0EBB811F820
:10CE4000013B013A00F8013BF4E7037823F00703C4
:10CE50000370C37F03F07F0343F04003C377704741
:10CE60000B46D0E901108A42084402D31A4600F06A
:10CE700003B86FF0400070472DE9F04704461046B4
:10CE800039B122460023164612F8015B35B98B42B0
:10CE900002D16FF0530435E00133F4E78B42F8D050
:10CEA0004A1E9A4201D1022DF3D9A25CD2072FD596
:10CEB000FF2415EA040228D1E443A1EB0308C718B4
:10CEC00000F066F8E5B208EB070A42463946002052
:10CED000F8F722FB0446E8B93B7881462B403B70CB
:10CEE0003B4613F8012B9A4549EA0209F9D1002380
:10CEF000424631463846FFF7C8F8B9F1000FE4D092
:10CF00000028E2DA2046BDE8F0876400E4B2D0E70A
:10CF10006624F7E70224F5E7FAF74CB907B54FF0B6
:10CF2000FF334FF0FF32CDE90023002200F06FF80D
:10CF300003B05DF804FB00F066B800F060B8FEF7DF
:10CF400098BC002313B58DF807308B4206D19DF8AD
:10CF50000700B0FA80F0400902B010BDC45C9DF833
:10CF60000720013322438DF80720EEE78B4230B5CE
:10CF70000CD8002421469C4203D1081E18BF012072
:10CF800030BD155D055529430134F4E70020F7E76E
:10CF900010B58B4294BFC4184418A04200D110BDF4
:10CFA00000F8012BF9E700231A4682B001908B426A
:10CFB00001D102B070470198C2540133F7E710B5B0
:10CFC0000B680446D0E9180212F0010F03EA0003CF
:10CFD00001D0984211D183B12366520748BF4A68F5
:10CFE00004F1180044BF1A434A60F6F7C9F9002358
:10CFF0002046C4F88030FEF70FFC002010BD4FF033
:10D00000FF32F9F7EBBF0A460021F9F7E7BF5200FC
:10D01000FAF72EB80A44431E914200D1704710B56A
:10D0200011F8014B914203F8014FF9D110BD88422C
:10D0300010B501EB020402D98442234607D8431EEF
:10D04000A14207D011F8012B03F8012FF8E70244A1
:10D05000824200D110BD13F8011D02F8011DF7E74F
:10D0600002440346934200D1704703F8011BF9E7DD
:10D07000044608B5FAF7AAFB2046E4F713FE013987
:10D08000024410B5904201D1002005E0037811F868
:10D09000014FA34201D0181B10BD0130F2E7013946
:10D0A000034610B532B111F8014F013A03F8014BB4
:10D0B000002CF7D11A440021934200D110BD03F88F
:10D0C000011BF9E70246014410B58A42134603D01A
:10D0D0001C780132002CF8D1181A10BDF0B5C3F13C
:10D0E0003707044603F01F031046FFB2082BE6B2D1
:10D0F00032D0102B3DD06508A40845EAC17544EA3A
:10D1000081748A082D1942EB5102290941EA027102
:10D110006D1842EB1212290A41EA02616D1842EBC6
:10D120001222290C41EA02416D1842EB1242AD185D
:10D1300042F10002EC0844EA4274D10804EB840294
:10D14000A6EB4205EDB2092D0CD90134A5F10A0573
:10D1500041F10001EDB212E0E40806F0070544EAEF
:10D160004174C908303554EA010200F8015BBDD1B1
:10D17000F0BD240906F00F0544EA01740909092DE0
:10D1800084BFED19EDB2EDE7D1E9043293421EBF41
:08D190005A1C0A611870704777
:08D198009AF7FD7F0100000081
:10D1A0001524010000000000B5CF010000000000C0
:10D1B0000000000068D20200C1B5020000000000BB
:10D1C000C5FF010000000000BD00020000000000DB
:10D1D00000000000A0D202000000000084D2020083
:10D1E00059E4010000000000EFB20200000000005E
:10D1F00000000000BCD2020000000000D8D20200F3
:10D2000019C101000000000033B10200000000005D
:10D2100069F8000000000000DD1C010000000000B3
:10D2200000000000F4D2020081D1000000000000E4
:10D230007D0D0200000000000000000010D302007D
:10D24000112901000000000085B20200000000006A
:10D250008FB2020000000000AD2D010000000000B0
:08D26000890C01000000000030
:10D268000232030080E80200B4DC0200000B002058
:10D2780020330020F9BD01000000000088330300BE
:10D28800A8E8020090DC0200060B00208C33002086
:10D298007DC601000000000094330300BCE80200D2
:10D2A80090DC0200080B0020983300207DC60100A6
:10D2B80000000000293203000000000070DC0200BA
:10D2C800020B002000000000B9AA020000000000C4
:10D2D8002F340300D0E80200D0DC02000A0B002043
:10D2E800340A002089C8010000000000ED3D030059
:10D2F8000000000068E902000C0B0020E433002065
:10D30800CDDB010000000000313203000000000006
:10D3180078DC0200040B00200000000081C101003D
:04D328000000000001
:10D32C0000000000BF8B020000000000BF8B020059
:10D33C0000000000BF8B020000000000BF8B020049
:10D34C0000000000BF8B020000000000BF8B020039
:10D35C0000000000BF8B020000000000BF8B020029
:10D36C0000000000BF8B020000000000BF8B020019
:10D37C0000000000BF8B020000000000BF8B020009
:10D38C0000000000BF8B020000000000BF8B0200F9
:10D39C0000000000BF8B020000000000BF8B0200E9
:10D3AC0000000000BF8B020000000000BF8B0200D9
:10D3BC0000000000BF8B020000000000BF8B0200C9
:10D3CC0000000000BF8B020000000000BF8B0200B9
:10D3DC0000000000BF8B020000000000BF8B0200A9
:10D3EC0000000000BF8B020000000000BF8B020099
:10D3FC0000000000BF8B020000000000BF8B020089
:10D40C000000000045E5010000000000BF8B020099
:10D41C0000000000BF8B020000000000BF8B020068
:10D42C0000000000BF8B020000000000BF8B020058
:10D43C0000000000BF8B020000000000BF8B020048
:10D44C0000000000BF8B020000000000BF8B020038
:10D45C0000000000BF8B020000000000BF8B020028
:10D46C0000000000BF8B020000000000BF8B020018
:10D47C0000000000BF8B020000000000BF8B020008
:10D48C0000000000BF8B020000000000BF8B0200F8
:10D49C0000000000BF8B020000000000BF8B0200E8
:10D4AC0000000000BF8B020000000000BF8B0200D8
:10D4BC0000000000BF8B020000000000BF8B0200C8
:10D4CC0000000000BF8B020000000000BF8B0200B8
:10D4DC0000000000BF8B020000000000BF8B0200A8
:10D4EC0000000000BF8B020000000000BF8B020098
:10D4FC0000000000BF8B020000000000BF8B020088
:10D50C0000000000BF8B020000000000BF8B020077
:10D51C0000000000BF8B020000000000BF8B020067
:10D52C0000000000BF8B020000000000BF8B020057
:10D53C0000000000BF8B020000000000BF8B020047
:10D54C0000000000BF8B020000000000BF8B020037
:10D55C0000000000BF8B020000000000BF8B020027
:10D56C0000000000BF8B020000000000BF8B020017
:10D57C0000000000BF8B020000000000BF8B020007
:10D58C0000000000BF8B020000000000BF8B0200F7
:10D59C0000000000BF8B020000000000BF8B0200E7
:10D5AC0000000000BF8B020000000000BF8B0200D7
:10D5BC0000000000BF8B020000000000BF8B0200C7
:10D5CC0000000000BF8B020000000000BF8B0200B7
:10D5DC0000000000BF8B020000000000BF8B0200A7
:10D5EC0000000000BF8B020000000000ED6702008D
:10D5FC0000000000BF8B020000000000BF8B020087
:10D60C0000000000BF8B020000000000BF8B020076
:10D61C0000000000BF8B020000000000BF8B020066
:10D62C0000000000BF8B020000000000BF8B020056
:10D63C0000000000BF8B020000000000BF8B020046
:10D64C0000000000BF8B020000000000BF8B020036
:10D65C0000000000BF8B020000000000BF8B020026
:10D66C0000000000BF8B020000000000BF8B020016
:10D67C0000000000BF8B020000000000BF8B020006
:10D68C0000000000BF8B020000000000BF8B0200F6
:10D69C0000000000BF8B020000000000BF8B0200E6
:10D6AC0000000000BF8B020000000000BF8B0200D6
:10D6BC0000000000BF8B020000000000BF8B0200C6
:10D6CC0000000000BF8B020000000000BF8B0200B6
:10D6DC0000000000BF8B020000000000BF8B0200A6
:10D6EC0000000000BF8B020000000000BF8B020096
:10D6FC0000000000BF8B020000000000BF8B020086
:10D70C0000000000BF8B020000000000BF8B020075
:10D71C0000000000BF8B020000000000BF8B020065
:10D72C0000000000BF8B020000000000BF8B020055
:10D73C0000000000BF8B020000000000BF8B020045
:10D74C0000000000BF8B020000000000BF8B020035
:10D75C0000000000BF8B020000000000BF8B020025
:10D76C0000000000BF8B020000000000BF8B020015
:10D77C0000000000BF8B020000000000BF8B020005
:10D78C0000000000BF8B020000000000BF8B0200F5
:10D79C0000000000BF8B020000000000BF8B0200E5
:10D7AC0000000000BF8B020000000000BF8B0200D5
:10D7BC0000000000BF8B020000000000BF8B0200C5
:10D7CC0000000000BF8B020000000000BF8B0200B5
:10D7DC0000000000BF8B020000000000BF8B0200A5
:10D7EC0000000000BF8B020000000000BF8B020095
:10D7FC0000000000BF8B020000000000BF8B020085
:10D80C0000000000BF8B020000000000BF8B020074
:10D81C0000000000BF8B020000000000BF8B020064
:10D82C0000000000BF8B020000000000BF8B020054
:10D83C0000000000BF8B020000000000BF8B020044
:10D84C0000000000BF8B020000000000BF8B020034
:10D85C0000000000BF8B020000000000BF8B020024
:10D86C0000000000BF8B020000000000BF8B020014
:10D87C0000000000BF8B020000000000BF8B020004
:10D88C0000000000BF8B020000000000BF8B0200F4
:10D89C0000000000BF8B020000000000BF8B0200E4
:10D8AC0000000000BF8B020000000000BF8B0200D4
:10D8BC0000000000BF8B020000000000BF8B0200C4
:10D8CC0000000000BF8B020000000000BF8B0200B4
:10D8DC0000000000BF8B020000000000BF8B0200A4
:10D8EC0000000000BF8B020000000000BF8B020094
:10D8FC0000000000BF8B020000000000BF8B020084
:10D90C0000000000BF8B020000000000BF8B020073
:10D91C0000000000BF8B020000000000BF8B020063
:10D92C0000000000BF8B020000000000BF8B020053
:10D93C0000000000BF8B020000000000BF8B020043
:10D94C0000000000BF8B020000000000BF8B020033
:10D95C0000000000BF8B020000000000BF8B020023
:10D96C0000000000BF8B020000000000BF8B020013
:10D97C0000000000BF8B020000000000BF8B020003
:10D98C0000000000BF8B020000000000BF8B0200F3
:10D99C0000000000BF8B020000000000BF8B0200E3
:10D9AC0000000000BF8B020000000000BF8B0200D3
:10D9BC0000000000BF8B020000000000BF8B0200C3
:10D9CC0000000000BF8B020000000000BF8B0200B3
:10D9DC0000000000BF8B020000000000BF8B0200A3
:10D9EC0000000000BF8B020000000000BF8B020093
:10D9FC0000000000BF8B0200B808002023AC02001E
:10DA0C0000000000BF8B020000000000BF8B020072
:10DA1C0000000000BF8B020000000000BF8B020062
:10DA2C0000000000BF8B020000000000BF8B020052
:10DA3C0000000000BF8B020000000000BF8B020042
:10DA4C0029F9010025B3020000000000BF8B020081
:10DA5C0000000000BF8B020000000000BF8B020022
:10DA6C0000000000BF8B020000000000BF8B020012
:10DA7C0000000000BF8B020000000000BF8B020002
:10DA8C0000000000BF8B020000000000BF8B0200F2
:10DA9C0000000000BF8B020000000000BF8B0200E2
:10DAAC0000000000BF8B020000000000BF8B0200D2
:10DABC0000000000BF8B020000000000BF8B0200C2
:10DACC0000000000BF8B020000000000BF8B0200B2
:10DADC0000000000BF8B020000000000BF8B0200A2
:10DAEC0000000000BF8B020000000000BF8B020092
:10DAFC0000000000BF8B020000000000BF8B020082
:10DB0C0000000000BF8B020000000000BF8B020071
:10DB1C0000000000BF8B020000000000BF8B020061
:10DB2C0000000000BF8B020000000000BF8B020051
:10DB3C0000000000BF8B020000000000BF8B020041
:10DB4C00D8D20200DDCB010000000000BF8B020028
:10DB5C0000000000BF8B020000000000BF8B020021
:10DB6C0000000000BF8B020000000000BF8B020011
:10DB7C0000000000BF8B020000000000BF8B020001
:10DB8C0000000000BF8B02004808002023AC0200FC
:10DB9C0003B3020025B3020000000000BF8B02009B
:10DBAC0000000000BF8B020000000000BF8B0200D1
:10DBBC0000000000BF8B020000000000BF8B0200C1
:10DBCC0000000000BF8B020000000000BF8B0200B1
:10DBDC0000000000BF8B020000000000BF8B0200A1
:10DBEC0000000000BF8B020000000000BF8B020091
:10DBFC0000000000BF8B020000000000BF8B020081
:10DC0C0000000000BF8B020000000000BF8B020070
:10DC1C0000000000BF8B020000000000BF8B020060
:10DC2C0000000000BF8B020000000000BF8B020050
:10DC400088190020203D0020000400008DD800002D
:10DC500000000000000000000000000007000000BD
:10DC600000000000CDF002000000000000000000F5
:08DC7000A5AA0200000000005B
:10DC78002FAB0200C3AB0200ADAB020069C10100CB
:08DC880021AB020071C1010093
:10DC900079C40100DBAB0200E7AB0200FBAB020082
:10DCA00005AC02000FAC020069C301006DC20100A7
:04DCB0000000000070
:10DCB40051BE010099AA020071AA020000000000EE
:0CDCC4001DBD0100000000000000000079
:10DCD00017AD02008FB002005FAD020029CA01003B
:10DCE000C3AC020021AF02002DAD020051C90100FA
:04DCF0004BAC020037
:10DCF40005000000C969010006000000ADA601008E
:08DD040004000000157C010081
:10DD0C007DD5000091D4000045D900000000000032
:10DD1C00000000000000000021D300000000000003
:10DD2C0000000000000000000000000000000000E7
:10DD3C00000000001594010000000000000000002D
:10DD4C0034E7020008000000ACE30200070000000A
:08DD5C0054E40200060000007F
:10DD6400AF17030003000000E325030003000000D5
:10DD7400970A030003000000A11F03000300000032
:10DD840048310300030000009E0A03000300000062
:10DD9400F518030003000000292B03000300000012
:10DDA40037140300030000005617030003000000AB
:10DDB40040310300030000007E2203000300000042
:10DDC40098FD02000300000069070300030000003F
:10DDD4000A3E030003000000F83D030003000000B6
:10DDE4008C08030003000000552F0300030000000B
:10DDF4008731030003000000BDF4020003000000AB
:10DE04001B3203000300000037500300030000002E
:10DE1400363B030003000000AF07030003000000CB
:10DE24004A320300030000003B40030003000000EB
:10DE340006F90200030000003BFA020003000000A0
:10DE44003FFA020003000000A83E030003000000A4
:10DE5400EA03030003000000AC0603000300000013
:10DE640056070300030000002A3F030003000000DC
:10DE7400814503000300000029F3020003000000B1
:10DE8400F5F00200030000008F0803000300000007
:10DE9400650703000300000005F60200030000000C
:08DEA4003B3403000300000001
:10DEAC003CE30200D8300020B9FB02000100000066
:10DEBC00890803000000000000000000BD250100DF
:10DECC0071280100000000008A29030001000000F5
:10DEDC00000000009D9E02000000000000000000F9
:10DEEC001D2B03000100000000000000A18C0100AC
:10DEFC000000000000000000152B030001000000D2
:10DF0C0000000000F5830100999201000000000060
:10DF1C003831030001000000000000006DB7010063
:10DF2C0055B5010000000000232B03000100000088
:10DF3C0000000000F58801006D8801000000000061
:10DF50000000000003000000A0000000F00000002E
:10DF6000000000001E130300231303002713030007
:10DF70002B1303002F130300331303003713030085
:10DF80003B1303003F130300431303004713030035
:10DF90004B1303004F1303005313030057130300E5
:10DFA0005B1303005F13030063130300050000000D
:10DFB0000400000001000000010001000001010058
:10DFC00000010001000001000100000001000B0041
:10DFD00002000A00050009000A00080014000700FA
:10DFE0001E000600320005004B0004006400030020
:10DFF00096000200FA000100F4010000F401FA00AA
:10E00000960064004B0032001E0014000A00050058
:10E01000020001000C0802170D01010209090101AB
:10E020000602091818030101090983838503020107
:10E03000230202240910040405050B0B040B2B1BFF
:10E040001B159A9A1C021D16130501490D1505088A
:10E05000061B1B0F01010000FEFEFEFEFEFEFEFE83
:10E06000FEFEFEFEFEFEFEFEFEFEFEFEFE16FEFEB8
:10E07000FEFEFEFEFEFEFEFEFEFE1F1FFE26FEFE56
:10E08000FEFEFEFEFEFEFEFEFEFEFEFEFEFEFEFEB0
:10E090003E3EFEFEFEFE3B3BA201B003BE05EE028D
:10E0A0004806A209C405F40B241200003014002015
:10E0B0000200000B0100000007000000000000004B
:10E0C00000000000000000000406080A0C0E1012F8
:10E0D0001416181C1E20222426282A2C2E303234F6
:10E0E00036383A3C3E40424446484A4C4E021A506A
:10E0F00000000000280000001800000000000000E0
:10E10000F02300002413000000000000400600007F
:10E1100040060000000098086B03000000000000AB
:10E12000F0230000241300000000000048A30000BA
:10E1300014A00000000040060C0300005C05002055
:10E140000200000B921400200200000CF6140020C4
:10E150000200000BF61400200100000CF414002053
:10E160000100000C0000000000000101010101019C
:10E17000010101010101020202020202030304047F
:10E180000505060607070808090A0B0C0D0E0F10F7
:10E190001112131415161718191A1B00100100007C
:10E1A000D200000030010000D80000000100000093
:10E1B000E400000002000000EA000000020000008D
:10E1C000EC00000003000000EE000000040000006E
:10E1D000F000000005000000F20000000600000052
:10E1E000F400000007000000F60000000800000036
:10E1F000F700000009000000F80000000A0000001D
:10E20000F90000000B000000FA0000000D00000003
:10E21000FB0000000F000000FC00000011000000E7
:10E22000FD00000013000000FE00000015000000CB
:10E23000FF00000018000000000000001B000000AC
:10E24000010000001F000000020000002300000089
:10E250000300000028000000040000002D00000062
:10E260000500000033000000060000003900000037
:10E27000070000003F00000008000000001002003E
:10E28000FA00000001030062746C650000000000E9
:10E29000000000000000000000000000000000007E
:10E2A000000000000000000000000000000000006E
:10E2B000000000000000000000010000000000005D
:10E2C0000338FDD870470000000000000000000087
:10E2D0000338FDD87047000007100000EC0A00204A
:10E2E00001010000FC0A002009130000E1F0020017
:10E2F000C81A00200001000011860200D785020024
:10E30000020000008B8702000000000000000000F7
:10E31000000000000000000099FB0200A1FB0200C9
:10E32000000000000000000000000000A9FB020047
:10E33000ADFB0200B1FB0200B5FB0200610401006D
:10E3400055040100850401003D04010000000000A7
:10E350004904010000000000E1040100E030002059
:10E3600041390020100000000400000000000000FF
:10E37000000000000000010010D3020001000000B6
:10E38000000001000020070010D30200020000007E
:10E39000002008000020070010D302000300000046
:10E3A00000400F000090000010D302001CEC02009F
:10E3B00053A002000000000018EC02000000010061
:10E3C00014EC0200EFA10200000000000808002089
:10E3D000000001000CEC0200A38802000000000015
:10E3E000000000000000010008EC0200EFA10200A4
:10E3F00000000000000800200000010000EC020006
:10E400006F88020000000000000000000000010012
:10E41000FCEB0200EFA1020000000000F807002062
:10E4200000000100F4EB0200FD0501000000000007
:10E430000000000000000100B90901005B8B020030
:10E44000358B020000000000590A010000000000A6
:10E45000518902002CEC020053A0020000000000D1
:10E46000005403000000010028EC0200EFA10200AC
:10E47000000000003008002000000100DE5303000F
:10E48000000000000000000000000000000001008B
:10E4900024EC020025A00200958A01001808002043
:10E4A0000000030020EC0200EFA1020000000000C9
:10E4B0001008002000000100BC5303000000000011
:10E4C000C10C010000000000000003002005002036
:10E4D000000000000600010002000000E0E402006D
:10E4E00000000000A905030002000000E0CF0F00BB
:10E4F00000000020B105030021000000E0FB022025
:10E5000038080020691D010000000000758C020021
:10E5100004E5020020E502004A00000000000000BF
:10E52000A489002004E5020034E502002E0000006A
:10E53000000000006C8E002004E5020048E50200A7
:10E540000201000000000000408F0020671303005C
:10E5500085130300A0130300B0130300BD130300D1
:10E56000C6130300CD130300D4130300DB13030011
:10E57000E3130300BD130300EB130300FD130300BB
:10E5800012140300251403000E030000994101003A
:10E590000F040000654101001A010000412C010038
:10E5A00005040000592C010013010000F93401009A
:10E5B0003E0100003930010001120000478F0200C7
:10E5C0000A1E0000758F0200FF010000AD3101003E
:10E5D0003E0100008D31010005040000A52C010062
:10E5E000080400005537010030030000C93601005F
:10E5F000100100004D2D0100011200006D3E0100D0
:10E600000A1E00003190020003090000553301008A
:10E61000040B0000652E0100060A0000A140010065
:10E62000070A00001D2D01000C050000E92C010067
:10E63000050C0000DD3F010004E5020048E6020091
:10E6400047000000000000005C900020201F030035
:10E650002D1F03004D1F0300411F0300581F03001F
:10E660006F1F03007F1F0300CB240300931F0300D1
:10E6700004E5020080E60200000000000000000047
:10E680007C91002004E5020094E602004A000000AC
:10E6900000000000A4910020299502006995020065
:10E6A000000000000000000000000000C96D010033
:10E6B000000000000000000000000000000000005A
:10E6C00002020100AD9A020004040100D5780100A5
:10E6D0000606010015780100080401000177010019
:10E6E0000A020100959A02000C0401007D9A0200C2
:10E6F0000E040100DD7501002004010049750100D0
:10E70000100401005974010012020100FF99020077
:10E710001E000400F59D020052020000259A02002E
:10E7200004E5020030E702004C0000000000000099
:10E73000FC9200205CEC020053A0020000000000EC
:10E7400058EC02000000010054EC0200EFA10200AE
:10E7500000000000F0090020000001004CEC020065
:10E7600000000000000000000000000000000000A9
:10E7700048EC020025A00200958A0100F80900205B
:10E780000000030044EC0200EFA1020000000000C2
:10E79000E8090020000001003CEC02008BA0020010
:10E7A000B98B0100000000000000030038EC0200FB
:10E7B000EFA1020000000000E009002000000100BD
:10E7C00030EC0200AD9101000000000000000000EC
:10E7D0000000010039A60100A9A8020069B10100EA
:10E7E0000000000000000000EDAD0100000000008E
:10E7F0000000000000000000000000000000000019
:10E8000000000000C1A70100060000002DA60200C4
:10E8100006000000A1A301001000000015A00100E7
:10E820001000000009B1010001000000BDA40200B9
:10E830001000000029A602000A000000D5A6010071
:10E8400010000000D1AE01000700000031A6020058
:10E85000100000006FA502000100000075A5010076
:10E8600040000000CDA502001000000087A50200B6
:10E8700001000000E1BC0100D1BD0100000000006A
:10E8800069BF010081BE01000F32030095AA02009A
:10E8900091AA0200153203001000000001FF0000E1
:10E8A000FD000000001000001F00000000A010503C
:10E8B000480800200000000000000000FFFFFF03E8
:10E8C00000820D50B8080020000000000100000088
:10E8D00000401050020000000000000004E90200A7
:10E8E00000C201000000D60100000000000000404E
:10E8F00000100000803A00207B3A00207A3A002085
:10E90000793A00200040105010E902000100000098
:10E9100018E90200040000000000000002000002EC
:10E920000106000103060003A0D202001800000047
:10E93000A0D202000A000000A0D2020019000000CC
:10E94000A0D2020016000000A0D2020015001100A3
:10E95000A0D2020009001100A0D20200080011009C
:10E9600084D2020004001100B9DA01006DB1020086
:10E970009BB102000800000002000000040000003B
:10E9800001000000BD440300CB440300DF4403004A
:10E99000EE440300FA440300A0D10200B0D102000B
:10E9A00008D2020010D2020060D2020068D2020037
:10E9B000DC480300000100008813000061D0020061
:10E9C0000001010000020200001400000028000005
:10E9D0000040000001000000020000000F000000E5
:10E9E00010000000100000002000000010000000D7
:10E9F00010000000F8E902001100000011280000DA
:10EA000011080000010000000000100020000000BC
:10EA10008A550300C00000001CEA0200000000004C
:10EA200000000000000000000000000000000000E6
:10EA300034EA02000F0000000000000000000000A7
:10EA4000060000000000000030000000C0000000D0
:10EA5000180000003100000000000000300000003D
:10EA6000E00000001C000000390000000000000071
:10EA70003000000000010000200000004100000004
:10EA800000000000300000004001000028000000ED
:10EA90005100000000000000300000008001000074
:10EAA00030000000610000000000000030000000A5
:10EAB0000002000040000000810000000000000093
:10EAC00017000000C0000000180000003100000026
:10EAD0000000000017000000E10000001D00000021
:10EAE0003B000000000000001700000000010000D3
:10EAF00020000000410000000000000012000000A3
:10EB0000C0000000180000003100000001000000FB
:10EB100012000000E00000001C00000039000000AE
:10EB200001000000120000000001000020000000B1
:10EB30004100000001000000120000004001000040
:10EB40002800000051000000010000001200000039
:10EB500080010000300000006100000001000000A2
:10EB600012000000090200004200000085000000C1
:10EB70000100000041000000FF0000002000000034
:10EB8000200000000000000041000000C001000063
:10EB900038000000380000000000000042000000C3
:10EBA000FF00000020000000200000000000000026
:10EBB00042000000C00100003900000039000000E0
:10EBC00000000000C8EB020026000010000000005A
:10EBD000003000000C00000000000000E0EB02002C
:10EBE00022000010000C0000003100000C000000AA
:10EBF000000000030000042A0000042A000003288B
:10EC00000000012A0000012A000003280000002A59
:10EC10000000002A0000032800000018000000285F
:10EC2000000003280000022900000328000000283B
:10EC300000002A2B00002A2B000003280000292BAB
:10EC40000000292B00000328000002290000052AEB
:10EC50000000052A00000328000001180000002819
:10EC60004E6F742061626C6520746F20616C6C6FF4
:10EC700063617465205541525420726563656976FD
:10EC80006520627566666572007075626C69630006
:10EC900072616E646F6D007075626C69632D69647A
:10ECA0000072616E646F6D2D696400253032583AD0
:10ECB000253032583A253032583A253032583A25E4
:10ECC0003032583A253032582028257329005365B0
:10ECD000637572697479206368616E6765643A2050
:10ECE0002573206C6576656C20257500536563750A
:10ECF00072697479206661696C65643A20257320B5
:10ED00006C6576656C2025752065727220256420FF
:10ED100025730050616972696E67206661696C6570
:10ED20006420636F6E6E3A2025732C2072656173C8
:10ED30006F6E2025642025730050616972696E67CB
:10ED400020636F6D706C657465643A2025732C20A8
:10ED5000626F6E6465643A20256400506173736B62
:10ED6000657920666F722025733A2025303675004C
:10ED7000446973636F6E6E65637465643A202573CE
:10ED80002C20726561736F6E2030782530327820C8
:10ED9000257300507265737320427574746F6E2012
:10EDA0003020746F20636F6E6669726D2C2042751F
:10EDB00074746F6E203120746F2072656A6563749D
:10EDC0002E00436F6E6E656374696F6E20666169B5
:10EDD0006C65642C20657272203078253032782082
:10EDE000257300436F6E6E65637465642025730040
:10EDF00050616972696E672063616E63656C6C65F2
:10EE0000643A202573005265636569766564206401
:10EE10006174612066726F6D3A202573004E6F74C5
:10EE20002061626C6520746F20616C6C6F6361742B
:10EE30006520554152542073656E6420646174618D
:10EE400020627566666572004661696C656420744F
:10EE50006F2073656E642064617461206F766572E3
:10EE60002055415254004661696C656420746F20DE
:10EE700073656E642064617461206F7665722042F0
:10EE80004C4520636F6E6E656374696F6E00436FEF
:10EE90006E6E656374696F6E206F626A656374205D
:10EEA000617661696C61626C652066726F6D20705D
:10EEB000726576696F757320636F6E6E2E2044697C
:10EEC00073636F6E6E65637420697320636F6D701A
:10EED0006C65746521004E756D65726963204D61C6
:10EEE0007463682C20636F6E6E202570004E756D04
:10EEF000657269632052656A6563742C20636F6E66
:10EF00006E202570004164766572746973696E675E
:10EF1000206661696C656420746F2073746172741B
:10EF20002028657272202564290041647665727418
:10EF30006973696E67207375636365737366756C57
:10EF40006C7920737461727465640043616E6E6FD6
:10EF50007420696E697420627574746F6E732028F2
:10EF60006572723A202564290043616E6E6F7420C9
:10EF7000696E6974204C45447320286572723A208A
:10EF80002564290043616E6E6F7420696E6974692F
:10EF9000616C697A6520554152542063616C6C62E2
:10EFA00061636B005374617274696E67204E6F7297
:10EFB00064696320554152542073657276696365B4
:10EFC0002073616D706C650D0A0043616E6E6F7425
:10EFD00020646973706C61792077656C636F6D650F
:10EFE000206D65737361676520286572723A20250C
:10EFF00064290043616E6E6F7420656E61626C659A
:10F00000207561727420726563657074696F6E201B
:10F01000286572723A20256429004661696C65642E
:10F0200020746F20726567697374657220617574EE
:10F03000686F72697A6174696F6E2063616C6C626B
:10F0400061636B732E20286572723A202564290053
:10F050004661696C656420746F20726567697374BA
:10F06000657220617574686F72697A6174696F6E18
:10F0700020696E666F2063616C6C6261636B732ED6
:10F0800020286572723A2025642900426C756574E7
:10F090006F6F746820696E697469616C697A656400
:10F0A000004661696C656420746F20696E697469DB
:10F0B000616C697A65205541525420736572766996
:10F0C000636520286572723A2025642900626C65A8
:10F0D0005F77726974655F7468726561645F6964A3
:10F0E000004E6F726469635F554152545F5365729D
:10F0F00076696365007065726970686572616C5FDE
:10F1000075617274006865617020636F72727570EA
:10F1100074696F6E202866726565206C697374204F
:10F120006C696E6B61676529006865617020636F4B
:10F130007272757074696F6E2028667265652063DF
:10F1400068756E6B206C696E6B6167652900686518
:10F15000617020636F7272757074696F6E20286EB3
:10F160006F7420696E207573653F292061742025B6
:10F1700070006865617020636F7272757074696F7A
:10F180006E2028627566666572206F766572666CA1
:10F190006F773F29206174202570006865617020B9
:10F1A000636F7272757074696F6E20286C65667417
:10F1B000206E65696768626F723F2920617420253F
:10F1C00070006865617020636F7272757074696F2A
:10F1D0006E2028646F75626C6520667265653F29D4
:10F1E000206174202570002E2E2F2E2E2F2E2E2FD4
:10F1F0002E2E2F2E2E2F2E2E2F2E2E2F2E2E2F2E2A
:10F200002E2F7A65706879722F6C69622F6865613C
:10F21000702F686561702E630028616C69676E20CD
:10F22000262028616C69676E202D20312929203D18
:10F230003D203000415353455254494F4E204641E2
:10F24000494C205B25735D20402025733A25640AD4
:10F250000009616C69676E206D75737420626520AA
:10F260006120706F776572206F6620320A006279C4
:10F27000746573202F203855203C3D203078376648
:10F280006666550009686561702073697A65206952
:10F290007320746F6F206269670A00627974657306
:10F2A000203E20686561705F666F6F7465725F6293
:10F2B00079746573286279746573290009686561DA
:10F2C000702073697A6520697320746F6F20736D85
:10F2D000616C6C0A00686561705F737A203E206320
:10F2E00068756E6B737A2873697A656F66287374B4
:10F2F00072756374207A5F6865617029290063689C
:10F30000756E6B305F73697A65202B206D696E5F57
:10F310006368756E6B5F73697A65286829203C3D68
:10F3200020686561705F737A006F735F68656170F4
:10F33000002E2E2F2E2E2F2E2E2F2E2E2F2E2E2F16
:10F340002E2E2F2E2E2F2E2E2F2E2E2F7A657068DA
:10F3500079722F6C69622F6F732F63627072696E9E
:10F3600074665F7061636B616765642E6300095347
:10F370007472696E67207769746820746F6F206D8E
:10F38000616E7920617267756D656E74730A00092C
:10F390007374725F7074725F706F735B5D20746FF3
:10F3A0006F20736D616C6C0A0009746F6F206D6162
:10F3B0006E7920666F726D617420617267730A00E6
:10F3C000696E5F7061636B6167656420213D202811
:10F3D00028766F6964202A2930290028756E7369A0
:10F3E000676E6564292063686172202A20757365E1
:10F3F0006420666F722025257020617267756D65C7
:10F400006E742E2049742773207265636F6D6D656D
:10F410006E64656420746F20636173742069742066
:10F42000746F20766F6964202A206265636175734A
:10F4300065206974206D6179206361757365206D45
:10F4400069736265686176696F7220696E206365B1
:10F45000727461696E20636F6E666967757261743C
:10F46000696F6E732E20537472696E673A2225732A
:10F470002220617267756D656E743A25640073634E
:10F4800070795F636E74203C2073697A656F6628BB
:10F490006370795F7374725F706F7329006B656559
:10F4A000705F636E74203C2073697A656F66286BA9
:10F4B0006565705F7374725F706F7329006362704B
:10F4C00072696E74665F7061636B616765002E2E92
:10F4D0002F2E2E2F2E2E2F2E2E2F2E2E2F2E2E2F46
:10F4E0002E2E2F2E2E2F2E2E2F7A65706879722FAA
:10F4F000696E636C7564652F7A65706879722F6BBD
:10F5000065726E656C2E6800216B5F69735F707247
:10F51000655F6B65726E656C282900096B5F6375AA
:10F520007272656E745F6765742063616C6C65648C
:10F53000207072652D6B65726E656C0A002E2E2F21
:10F540002E2E2F2E2E2F2E2E2F2E2E2F2E2E2F2ED6
:10F550002E2F2E2E2F2E2E2F7A65706879722F6CFB
:10F5600069622F6F732F6D7073635F706275662EA3
:10F5700063002E2E2F2E2E2F2E2E2F2E2E2F2E2EA0
:10F580002F2E2E2F2E2E2F2E2E2F2E2E2F7A6570D1
:10F590006879722F696E636C7564652F7A6570681F
:10F5A00079722F7370696E6C6F636B2E68007A5F6F
:10F5B0007370696E5F6C6F636B5F76616C696428F2
:10F5C0006C290009496E76616C6964207370696EFC
:10F5D0006C6F636B2025700A007A5F7370696E5FD1
:10F5E000756E6C6F636B5F76616C6964286C290063
:10F5F000094E6F74206D79207370696E6C6F636B48
:10F600002025700A007379735F6765746F707400EA
:10F610002E2E2F2E2E2F2E2E2F2E2E2F2E2E2F2E05
:10F620002E2F2E2E2F2E2E2F2E2E2F7A65706879AC
:10F63000722F6C69622F7574696C732F6F6E6F66B1
:10F64000662E63007374617465203D3D2030550063
:10F65000217379735F736C6973745F69735F656D30
:10F6600070747928266D67722D3E636C69656E74BF
:10F670007329007472616E73697420213D202828FB
:10F68000766F6964202A29302900737461746520BB
:10F690003D3D202831554C203C3C20283129290073
:10F6A0006D67722D3E72656673203D3D203000739C
:10F6B00074617465203D3D202831554C203C3C2030
:10F6C00028302929002E2E2F2E2E2F2E2E2F2E2E93
:10F6D0002F2E2E2F2E2E2F2E2E2F2E2E2F2E2E2F44
:10F6E0007A65706879722F6C69622F7574696C73B2
:10F6F0002F6E6F746966792E63005A4D53205665DC
:10F700007273696F6E206973206E6F7420737570E9
:10F71000706F72746564004E6F2076616C6964204E
:10F72000656D7074792041544520666F756E642054
:10F73000696E20746865206C6173742073656374EE
:10F740006F72004E6F20474320446F6E65206D61DD
:10F75000726B657220666F756E643A2072657374A1
:10F76000617274696E6720676300474320446F6E5F
:10F7700065206D61726B657220666F756E640049FD
:10F780006E76616C696420667300436F756C6420EB
:10F790006E6F74206F627461696E20666C6173684D
:10F7A00020706172616D657465727300556E73755A
:10F7B00070706F7274656420777269746520626C12
:10F7C0006F636B2073697A6500496E76616C69645A
:10F7D00020736563746F722073697A652C20736877
:10F7E0006F756C64206265206174206C6561737450
:10F7F00020257A7500436F6E66696775726174695A
:10F800006F6E206572726F72202D20736563746F46
:10F810007220636F756E742062656C6F77206D69FE
:10F820006E696D756D20726571756972656D656E55
:10F83000742028322900257520536563746F727314
:10F84000206F6620257520627974657300616C6C89
:10F850006F63207772613A20256C6C752C20256CC3
:10F860006C780064617461207772613A20256C6C59
:10F87000752C20256C6C78005A4D5320696E697484
:10F88000206661696C656420282564292C207769CD
:10F8900070696E6720706172746974696F6E007A46
:10F8A0006D73206E6F7420696E697469616C697A1A
:10F8B0006564004661696C656420746F20636C6FD9
:10F8C00073652074686520736563746F722C207291
:10F8D000657475726E6564203D2025640047617211
:10F8E0006261676520636F6C6C656374696F6E201D
:10F8F0006661696C65642C2072657475726E6564EE
:10F90000203D2025640066735F7A6D73002E2E2FD4
:10F910002E2E2F2E2E2F2E2E2F2E2E2F2E2E2F2E02
:10F920002E2F2E2E2F2E2E2F7A65706879722F692A
:10F930006E636C7564652F7A65706879722F6C6F71
:10F940006767696E672F6C6F675F6261636B656E77
:10F95000642E68006261636B656E6420213D20281F
:10F9600028766F6964202A293029006C6F676769DF
:10F970006E67002E2E2F2E2E2F2E2E2F2E2E2F2E58
:10F980002E2F2E2E2F2E2E2F2E2E2F2E2E2F7A650F
:10F99000706879722F7375627379732F6C6F6767F4
:10F9A000696E672F6C6F675F636F72652E63006CA3
:10F9B0006F675F6261636B656E645F636F756E74C2
:10F9C0005F6765742829203C2028283332202F20A7
:10F9D000335529202D202831202B20302929006261
:10F9E00061636B656E64203C3D205F6C6F675F6296
:10F9F00061636B656E645F6C6973745F656E6400F0
:10FA000009756E6578706563746564206C697374DC
:10FA100020656E64206C6F636174696F6E0A006CA0
:10FA20006F675F6261636B656E645F636F756E7451
:10FA30005F6765742829203E2030006C6F67006C7A
:10FA40006F675F6D676D74004D65737361676520E7
:10FA50002822257322292064726F707065642062E9
:10FA60006563617573652069742065786365656495
:10FA7000732073697A65206C696D69746174696F4C
:10FA80006E2028257529002E2E2F2E2E2F2E2E2F5C
:10FA90002E2E2F2E2E2F2E2E2F2E2E2F2E2E2F2E81
:10FAA0002E2F7A65706879722F7375627379732F50
:10FAB0006C6F6767696E672F6C6F675F6D73672E1A
:10FAC00063006C656E203E3D2030002E2E2F2E2EC2
:10FAD0002F2E2E2F2E2E2F2E2E2F2E2E2F2E2E2F40
:10FAE0002E2E2F2E2E2F7A65706879722F737562E5
:10FAF0007379732F6C6F6767696E672F6C6F675FC1
:10FB00006F75747075742E63006F75745F637478AD
:10FB10002D3E636F6E74726F6C5F626C6F636B2DE2
:10FB20003E6F6666736574203C3D206F75745F633D
:10FB300074782D3E73697A65001B5B306D006C65CF
:10FB400076656C203C3D203400257320005B253019
:10FB5000386C755D20005B253032753A2530327582
:10FB60003A253032752E253033752C253033755DAE
:10FB700020003C25733E200025732F0025733A207A
:10FB800000657272203E3D20300025303278200022
:10FB9000202020007C002563001B5B313B33316D4E
:10FBA000001B5B313B33336D006572720077726E00
:10FBB00000696E6600646267006C6F675F62616314
:10FBC0006B656E645F727474002E2E2F2E2E2F2E96
:10FBD0002E2F2E2E2F2E2E2F2E2E2F2E2E2F2E2E40
:10FBE0002F2E2E2F7A65706879722F737562737954
:10FBF000732F73657474696E67732F7372632F73D9
:10FC0000657474696E67732E63006368203C3D20E1
:10FC10005F73657474696E67735F68616E646C6549
:10FC2000725F7374617469635F6C6973745F656E2E
:10FC300064007365742D76616C7565206661696C0E
:10FC40007572652E206B65793A2025732065727276
:10FC50006F7228256429002E2E2F2E2E2F2E2E2F48
:10FC60002E2E2F2E2E2F2E2E2F2E2E2F2E2E2F2EAF
:10FC70002E2F7A65706879722F7375627379732F7E
:10FC800073657474696E67732F7372632F73657411
:10FC900074696E67735F7A6D732E63007263203CC4
:10FCA0002073697A656F662872646E616D652900DC
:10FCB0004D6178696D756D206861736820636F6C44
:10FCC0006C6973696F6E7320726561636865640047
:10FCD0004C696E6B6564206C69737420666F72206A
:10FCE0006861736865732069732062726F6B656EFB
:10FCF0002C20547279696E6720746F207265636F6F
:10FD0000766572002A2A2A20426F6F74696E672016
:10FD10004D79204170706C69636174696F6E2076F3
:10FD2000332E342E312D62323066383631396261ED
:10FD30003961202A2A2A0A002A2A2A205573696E44
:10FD400067206E524620436F6E6E65637420534485
:10FD50004B2076332E342E312D62323066383631D8
:10FD60003962613961202A2A2A0A002A2A2A205562
:10FD700073696E67205A6570687972204F532076D8
:10FD8000342E342E322D3333666136613761616330
:10FD90003661202A2A2A0A0062745F6E7573007227
:10FDA000302F61313A202030782530387820207289
:10FDB000312F61323A202030782530387820207277
:10FDC000322F61333A202030782530387800723372
:10FDD0002F61343A20203078253038782072313243
:10FDE0002F69703A202030782530387820723134ED
:10FDF0002F6C723A202030782530387800207870C7
:10FE000073723A2020307825303878004661756C5E
:10FE100074696E6720696E737472756374696F6E4E
:10FE2000206164647265737320287231352F7063AA
:10FE3000293A2030782530387800556E68616E6434
:10FE40006C6564204952516E3A202564002A2A2AA2
:10FE50002A2A205553414745204641554C54202AD3
:10FE60002A2A2A2A0020204469766973696F6E2045
:10FE70006279207A65726F002020556E616C696727
:10FE80006E6564206D656D6F727920616363657363
:10FE900073002020537461636B206F766572666C0B
:10FEA0006F772028636F6E74657874206172656166
:10FEB000206E6F742076616C6964290020204E6F7B
:10FEC00020636F70726F636573736F7220696E73F6
:10FED0007472756374696F6E73002020496C6C6571
:10FEE00067616C206C6F6164206F66204558435FCA
:10FEF00052455455524E20696E746F205043002075
:10FF000020496C6C6567616C20757365206F662095
:10FF10007468652045505352002020417474656D0B
:10FF2000707420746F206578656375746520756ED4
:10FF3000646566696E656420696E73747275637456
:10FF4000696F6E002A2A2A2A2A204D5055204641E0
:10FF5000554C54202A2A2A2A2A00202053746163EF
:10FF60006B696E67206572726F722028636F6E74A2
:10FF70006578742061726561206D696768742062BC
:10FF800065206E6F742076616C69642900202055AD
:10FF90006E737461636B696E67206572726F720055
:10FFA0002020446174612041636365737320566946
:10FFB0006F6C6174696F6E0020204D4D4641522078
:10FFC000416464726573733A20307825780020208C
:10FFD000496E737472756374696F6E2041636365F3
:10FFE00073732056696F6C6174696F6E00202046D0
:10FFF0006C6F6174696E672D706F696E74206C61CF
:020000023000CC
:100000007A79207374617465207072657365727695
:100010006174696F6E206572726F72002E2E2F2EC2
:100020002E2F2E2E2F2E2E2F2E2E2F2E2E2F2E2EEB
:100030002F2E2E2F2E2E2F7A65706879722F6172D7
:1000400063682F61726D2F636F72652F636F7274B7
:1000500065785F6D2F6661756C742E6300212828AA
:10006000285343425F54797065202A29202828307C
:10007000784530303045303030554C29202B2030F9
:100080007830443030554C2920292D3E4346535278
:100090002026202831554C203C3C20283055202B50
:1000A0002034552929290009537461636B696E67EF
:1000B000206F722044617461204163636573732013
:1000C00056696F6C6174696F6E206572726F722011
:1000D000776974686F757420737461636B206775DA
:1000E0006172642C20757365722D6D6F6465206F6D
:1000F00072206E756C6C2D706F696E746572206401
:100100006574656374696F6E0A0A002A2A2A2A2AAE
:1001100020425553204641554C54202A2A2A2A2A47
:10012000002020537461636B696E67206572726F83
:100130007200202050726563697365206461746188
:1001400020627573206572726F72002020424641F2
:100150005220416464726573733A203078257800C8
:100160002020496D707265636973652064617461F4
:1001700020627573206572726F72002020496E7361
:100180007472756374696F6E206275732065727224
:100190006F72005265736572766564204578636599
:1001A0007074696F6E20280053707572696F757373
:1001B00020696E74657272757074202849525120DE
:1001C00000535053454C20696E2074687265616419
:1001D000206D6F646520646F6573206E6F74206995
:1001E0006E646963617465205053500065736620C6
:1001F000213D202828766F6964202A2930290009AA
:1002000045534620636F756C64206E6F7420626581
:1002100020726574726965766564207375636365C1
:10022000737366756C6C792E205368616C6C206EEC
:1002300065766572206F636375722E0A002A2A2A1A
:100240002A2A2048415244204641554C54202A2A0B
:100250002A2A2A002020427573206661756C74205A
:100260006F6E20766563746F72207461626C6520B6
:10027000726561640020204465627567206576655B
:100280006E740020204661756C7420657363616C28
:100290006174696F6E20287365652062656C6F7785
:1002A0002900415243485F455843455054207769DF
:1002B000746820726561736F6E2025780A000946A4
:1002C00061756C7420657363616C6174696F6E2015
:1002D000776974686F75742046535220696E666F33
:1002E0000A0009486172644661756C74207769740C
:1002F000686F7574204846535220696E666F2053AC
:1003000068616C6C206E65766572206F63637572D0
:100310000A002A2A2A2A2A204465627567206D6FFE
:100320006E69746F7220657863657074696F6E2092
:100330002A2A2A2A2A002A2A2A2A2A20257320251C
:100340006429202A2A2A2A2A002E2E2F2E2E2F2EEA
:100350002E2F2E2E2F2E2E2F2E2E2F2E2E2F2E2EB8
:100360002F2E2E2F7A65706879722F617263682F35
:1003700061726D2F636F72652F636F727465785F42
:100380006D2F6972715F6D616E6167652E630070BC
:1003900072696F203C3D20282831554C203C3C2080
:1003A00028332929202D2031290009696E76616CB6
:1003B0006964207072696F7269747920256420669F
:1003C0006F7220256420697271212076616C7565D9
:1003D00073206D757374206265206C65737320746F
:1003E00068616E20256C750A0A006D7075004661A3
:1003F000696C656420746F20616C6C6F63617465F7
:10040000206E6577204D505520726567696F6E20AC
:1004100025750A00506172746974696F6E202575C4
:100420003A20636F686572656E6365206368656313
:100430006B206661696C65642E00496E76616C693B
:100440006420756E6465726C79696E672072656789
:10045000696F6E20696E646578202575002E2E2FD9
:100460002E2E2F2E2E2F2E2E2F2E2E2F2E2E2F2EA7
:100470002E2F2E2E2F2E2E2F7A65706879722F61D7
:100480007263682F61726D2F636F72652F6D707567
:100490002F61726D5F6D70752E630009436F6E661C
:1004A00069677572696E6720257520737461746958
:1004B00063204D505520726567696F6E73206661C9
:1004C000696C65640A0A00094D61726B696E672088
:1004D000257520617265617320666F722064796E84
:1004E000616D696320726567696F6E73206661690B
:1004F0006C65640A0A00095265717565737420742D
:100500006F20636F6E6669677572653A2025752086
:10051000726567696F6E732028737570706F72747F
:1005200065643A202575290A0A00212872656769E1
:100530006F6E5B6964785D2E64745F6174747220A1
:1005400026202831554C203C3C20283029292900E0
:100550000952414D5F4E4F434143484520776974EE
:10056000682044545F4D454D5F43414348454142F7
:100570004C45206174747269627574650A0A0009D9
:100580004661696C656420746F20616C6C6F636197
:100590007465204D505520726567696F6E732066D3
:1005A000726F6D2044540A0A00464C4153485F3034
:1005B000005352414D5F30002E2E2F2E2E2F2E2E07
:1005C0002F2E2E2F2E2E2F2E2E2F2E2E2F2E2E2F45
:1005D0002E2E2F7A65706879722F6C69622F6C6984
:1005E00062632F7069636F6C6962632F61737365F7
:1005F00072742E630065786974002E2E2F2E2E2FB4
:100600002E2E2F2E2E2F2E2E2F2E2E2F2E2E2F2E05
:100610002E2F2E2E2F7A65706879722F6C69622FBB
:100620006E65745F6275662F6275662E6300627513
:10063000662D3E6672616773203D3D202828766FE7
:100640006964202A293029007265715F73697A65AF
:10065000203C3D2073697A65006F6C645F7265664B
:1006600020213D2030000962756620257020646FCE
:1006700075626C6520667265650A006F6C645F72F6
:10068000656620213D203078666600096275662027
:1006900025702072656620636F756E74206F7665B5
:1006A00072666C6F770A0066726167006E65745FD0
:1006B000627566002E2E2F2E2E2F2E2E2F2E2E2FD1
:1006C0002E2E2F2E2E2F2E2E2F2E2E2F2E2E2F7AF9
:1006D00065706879722F6C69622F6E65745F6275E0
:1006E000662F6275665F73696D706C652E6300625C
:1006F00075662D3E6C656E203D3D203055006E6563
:10070000745F6275665F73696D706C655F74616953
:100710006C726F6F6D2862756629203E3D206C6596
:100720006E006275662D3E6C656E203E3D206C65E8
:100730006E006E65745F6275665F73696D706C657F
:100740005F68656164726F6F6D2862756629203E0F
:100750003D206C656E006E65745F6275665F7369DF
:100760006D706C6500736F630062745F727061001E
:10077000496E73756666696369656E74206E756D22
:10078000626572206F6620617267756D656E747345
:100790000049676E6F72696E67206964656E74697F
:1007A000746965732073746F72656420696E206666
:1007B0006C61736800496E76616C6964206C656E6B
:1007C00067746820494420616464726573732069AA
:1007D0006E2073746F726167650062742F25732FCA
:1007E000253032782530327825303278253032780D
:1007F000253032782530327825752F2573006274C4
:100800002F25732F253032782530327825303278F5
:1008100025303278253032782530327825750073CE
:10082000657474696E67735F7375627379735F69FA
:100830006E6974206661696C656420286572722037
:100840002564290062742F2573004661696C656414
:1008500020746F2073617665204944202865727288
:100860002025642900556E61626C6520746F2073C9
:100870006574757020616E206964656E7469747941
:1008800020616464726573730062740062745F73E4
:10089000657474696E6773004254204C5720575139
:1008A000002E2E2F2E2E2F2E2E2F2E2E2F2E2E2F91
:1008B0002E2E2F2E2E2F2E2E2F2E2E2F7A65706855
:1008C00079722F696E636C7564652F7A65706879CB
:1008D000722F7379732F627974656F726465722EEB
:1008E0006800282870737263203C20706473742041
:1008F0002626202870737263202B206C656E677427
:100900006829203C3D207064737429207C7C202859
:1009100070737263203E2070647374202626202832
:1009200070647374202B206C656E67746829203C9A
:100930003D207073726329290009536F75726365D6
:1009400020616E642064657374696E6174696F6E92
:100950002062756666657273206D757374206E6FA4
:1009600074206F7665726C61700A002E2E2F2E2E09
:100970002F2E2E2F2E2E2F2E2E2F2E2E2F2E2E2F91
:100980002E2E2F2E2E2F7A65706879722F73756236
:100990007379732F626C7565746F6F74682F686FED
:1009A00073742F6275662E630074797065203D3D07
:1009B0002042545F4255465F455654207C7C20744B
:1009C000797065203D3D2042545F4255465F41436A
:1009D0004C5F494E207C7C2074797065203D3D2021
:1009E00042545F4255465F49534F5F494E000949A3
:1009F0006E76616C696420627566666572207479D2
:100A00007065207265717565737465640A002E2EB9
:100A10002F2E2E2F2E2E2F2E2E2F2E2E2F2E2E2FF0
:100A20002E2E2F2E2E2F2E2E2F7A65706879722F54
:100A3000696E636C7564652F7A65706879722F6270
:100A40006C7565746F6F74682F6275662E68006DC3
:100A50006574612D3E706172656E740076696577AC
:100A6000006E65745F6275665F68656164726F6F62
:100A70006D28706172656E7429203E2030002162FD
:100A8000745F6275665F6861735F76696577287009
:100A90006172656E74290062745F627566006274CB
:100AA0005F646174610044617461206275666665AB
:100AB00072206F766572666C6F7720286C696E6B3A
:100AC0002074797065203078253032782900556E91
:100AD00061626C6520746F206C6F6F6B2075702085
:100AE000636F6E6E20776974682068616E646C65F0
:100AF00020257500556E61626C6520746F206C6FE7
:100B00006F6B757020636F6E6E20666F7220686108
:100B10006E646C652025750048617264776172654A
:100B2000206572726F722C206861726477617265E1
:100B300020636F64653A20256400436F756C642000
:100B40006E6F74207375626D69742072785F776F51
:100B5000726B3A20256400556E61626C6520746F7B
:100B600020616C6C6F636174652062756666657286
:100B700000556E68616E646C6564206576656E74A0
:100B800020307825303278206C656E2025753A202B
:100B9000257300546F6F20736D616C6C2028257570
:100BA00020627974657329206576656E74203078CB
:100BB0002530327800496E76616C6964204843497B
:100BC000206576656E742073697A652028257529FD
:100BD00000496E76616C6964204C45206D657461D6
:100BE000206576656E742073697A652028257529DD
:100BF000002E2E2F2E2E2F2E2E2F2E2E2F2E2E2F3E
:100C00002E2E2F2E2E2F2E2E2F2E2E2F7A65706801
:100C100079722F7375627379732F626C7565746F57
:100C20006F74682F686F73742F6863695F636F7286
:100C3000652E63006576745F666C6167732026209D
:100C40002831554C203C3C202830292900496E761B
:100C5000616C696420627566207479706520257501
:100C600000496E76616C6964204843492041434CD9
:100C7000207061636B65742073697A65202825751F
:100C8000290041434C2064617461206C656E677477
:100C900068206D69736D6174636820282575202153
:100CA0003D2025752900556E61626C6520746F20AA
:100CB00066696E6420636F6E6E20666F7220686175
:100CC0006E646C652025750062745F6863695F659A
:100CD00076745F6765745F666C61677328686472B9
:100CE0002D3E657674292026202831554C203C3C29
:100CF000202831292900556E6B6E6F776E20627542
:100D000066207479706520257500556E68616E6483
:100D10006C65642076656E646F722D7370656369AF
:100D2000666963206576656E742030782530327888
:100D3000206C656E2025753A202573004E6F206368
:100D40006F6D6D616E642073656E7420666F7220C6
:100D5000636D6420636F6D706C65746520307825F9
:100D6000303478004F70436F64652030782530341C
:100D70007820636F6D706C6574656420696E737440
:100D8000656164206F6620657870656374656420B2
:100D9000307825303478002162756600696E74659C
:100DA0007276616C2065786365656473207468652C
:100DB0002076616C69642072616E676520257520FC
:100DC0007573006C6174656E637920657863656521
:100DD0006473207468652076616C69642072616E4A
:100DE00067652030782530347800737570765F74CD
:100DF000696D656F757420657863656564732074CB
:100E000068652076616C69642072616E6765203068
:100E10007825303478004E6F2070656E64696E6797
:100E2000207065726970686572616C20636F6E6EA8
:100E3000656374696F6E00556E657870656374657F
:100E40006420737461747573203078253032782093
:100E5000257300657674206E756D5F68616E646CD5
:100E6000657320283D25752920746F6F206C617291
:100E700067652028257A75203E20257529004E6F4C
:100E800020636F6E6E656374696F6E20666F72208B
:100E900068616E646C65202575007061636B6574B4
:100EA0007320636F756E74206D69736D6174636810
:100EB0000061746F6D69635F6765742826636F6E88
:100EC0006E2D3E696E5F6C6C29004661696C6564CD
:100ED00020746F2073657420726571756972656422
:100EE000207365637572697479206C6576656C0032
:100EF0004E6F206368616E676520746F20656E6356
:100F000072797074696F6E207374617465202865DE
:100F10006E637279707420307825303278290075CC
:100F20006E6B6E6F776E005B305D004843492074D6
:100F300072616E73706F72743A202573005344436C
:100F4000004964656E7469747925733A20257300CD
:100F50004964656E746974795B25645D3A20257314
:100F6000004843493A2076657273696F6E20257395
:100F700020283078253032782920726576697369A7
:100F80006F6E203078253034782C206D616E756658
:100F90006163747572657220307825303478004C46
:100FA0004D503A2076657273696F6E202573202844
:100FB000307825303278292073756276657220305A
:100FC0007825303478004E6F204944206164647283
:100FD0006573732E20417070206D7573742063618A
:100FE0006C6C2073657474696E67735F6C6F616499
:100FF0002829000925640A00556E61626C65207419
:101000006F2073656E6420746F20647269766572F8
:101010002028657272202564290009436F6E74725E
:101020006F6C6C657220756E726573706F6E73692C
:1010300076652C20636F6D6D616E64206F70636FD9
:101040006465203078253034782074696D656F755B
:10105000742077697468206572722025640A006FB5
:1010600070636F6465203078253034782073746144
:1010700074757320307825303278202573004661EE
:10108000696C656420746F207265616420444C450E
:10109000206D61782064617461206C656E007478E5
:1010A0005F6F63746574732065786365656473202E
:1010B0007468652076616C69642072616E67652072
:1010C00025750074785F74696D6520657863656562
:1010D0006473207468652076616C69642072616E47
:1010E0006765202575006576742D3E73746174758F
:1010F00073203D3D2030783030004E6F2070656E9B
:1011000064696E6720636F6E6E20666F7220706513
:101110006572202573004E6F6E2D4C452063617003
:1011200061626C6520636F6E74726F6C6C657220A7
:10113000646574656374656421004E756D206F6627
:1011400020436F6E74726F6C6C657227732041431D
:101150004C207061636B65747320213D2041434CCA
:101160002062745F636F6E6E5F747820636F6E745D
:10117000657874732028257520213D202575290068
:1011800041434C2042522F454452206275666665A9
:101190007273206E6F7420696E697469616C697A0C
:1011A00065640056656E646F722048434920657817
:1011B00074656E73696F6E73206E6F7420617661F3
:1011C000696C61626C6500485720506C6174666F91
:1011D000726D3A2025732028307825303478290024
:1011E00048572056617269616E743A202573202831
:1011F00030782530347829004669726D77617265E0
:101200003A202573202830782530327829205665F9
:101210007273696F6E2025752E2575204275696C75
:1012200064202575004661696C656420746F2072C6
:1012300065616420737570706F7274656420766583
:101240006E646F7220636F6D6D616E6473004661D2
:10125000696C656420746F207265616420737570B9
:10126000706F727465642076656E646F7220666557
:1012700061747572657300484349206472697665CC
:1012800072206973206E6F74207265616479004208
:1012900054205258205751004843492064726976BF
:1012A0006572206F70656E206661696C65642028C8
:1012B000256429004F7574206F6620636F6D6D6122
:1012C0006E64206275666665727300556E6578702F
:1012D000656374656420484F53545F4E554D5F43BA
:1012E0004F4D504C455445445F5041434B4554533A
:1012F0002C20737461747573203078253032782017
:10130000257300556E636C65617265642070656E4F
:1013100064696E672073656E745F636D6400312E5F
:10132000306200312E3100312E3200322E30003248
:101330002E3100332E3000342E3000342E31003464
:101340002E3200352E3000352E3100352E3200354C
:101350002E3300352E3400362E3000362E31003636
:101360002E3200362E33005374616E646172642035
:10137000426C7565746F6F746820636F6E74726F02
:101380006C6C65720056656E646F72207370656375
:101390006966696320636F6E74726F6C6C6572004E
:1013A0004669726D77617265206C6F616465720069
:1013B00052657363756520696D6167650072657359
:1013C0006572766564006E5246353178006E52461D
:1013D000353278006E5246353378006E52463534D9
:1013E0004878006E524635344C7800496E74656C0E
:1013F00020436F72706F726174696F6E004E6F720E
:101400006469632053656D69636F6E647563746F9F
:1014100072004E58502053656D69636F6E6475633A
:10142000746F7273004573707265737369662053CD
:10143000797374656D730062745F6863695F636F6D
:10144000726500636D6420646973616C6C6F7765AD
:1014500064002E2E2F2E2E2F2E2E2F2E2E2F2E2EA0
:101460002F2E2E2F2E2E2F2E2E2F2E2E2F7A6570D2
:101470006879722F7375627379732F626C756574F6
:101480006F6F74682F686F73742F69642E630063C5
:101490006F6E666C69637420213D202828766F6921
:1014A00064202A29302900636F6E666C6963742D8D
:1014B0003E63616E64696461746520213D20282863
:1014C000766F6964202A2930290072657369646522
:1014D0006E7420213D202828766F6964202A2930E7
:1014E000290028636F6E666C6963742D3E63616EBC
:1014F0006469646174652D3E73746174652026208F
:1015000042545F4B4559535F49445F41444445440D
:1015100029203D3D2030004661696C656420746F70
:101520002064697361626C652061646472657373C1
:10153000207265736F6C7574696F6E005265736F9E
:101540006C76696E67206C6973742073697A6520A4
:1015500065786365656465642E2053776974636894
:10156000696E6720746F20686F73742E004661691E
:101570006C656420746F20636C65617220726573A2
:101580006F6C7574696F6E206C6973740046616965
:101590006C656420746F206164642049524B207430
:1015A0006F20636F6E74726F6C6C6572005365743C
:1015B0002070726976616379206D6F646520636F56
:1015C0006D6D616E64206973206E6F742073757029
:1015D000706F72746564004661696C656420746F35
:1015E000207365742070726976616379206D6F6411
:1015F000650062745F6465762E6C652E726C5F6543
:101600006E7472696573203E2030004469736162B4
:101610006C696E67206164647265737320726573B0
:101620006F6C7574696F6E206661696C65642028E3
:1016300065727220256429004661696C65642074B6
:101640006F2072656D6F76652049524B2066726F10
:101650006D20636F6E74726F6C6C6572004F6E6C90
:10166000792072616E646F6D207374617469632098
:101670006964656E746974792061646472657373FA
:1016800020737570706F7274656400496E76616C5A
:10169000696420696E70757420706172616D657423
:1016A000657273004661696C656420746F207265B1
:1016B0006164207075626C69632061646472657333
:1016C00073005265616420537461746963204164DE
:1016D0006472657373657320636F6D6D616E6420F2
:1016E0006E6F7420617661696C61626C6500466141
:1016F000696C656420746F20726561642073746125
:1017000074696320616464726573736573004E6FFE
:1017100020737461746963206164647265737365B6
:10172000732073746F72656420696E20636F6E74CA
:10173000726F6C6C65720043616E27742073657400
:1017400020626F7468204944454E544954592026FC
:10175000204E5250410062745F696400546F6F20E4
:10176000626967206164766572746973696E672067
:1017700064617461004661696C656420746F2073F4
:101780007461727420616476657274697365720045
:101790004661696C656420746F2073746F7020619A
:1017A00064766572746973696E673A2025640062B5
:1017B000745F616476004661696C656420746F20B3
:1017C00067656E657261746520454343206B65797A
:1017D000202564004661696C656420746F2065781B
:1017E000706F727420454343207075626C6963208A
:1017F0006B6579202564004661696C656420746FAF
:10180000206578706F72742045434320707269764A
:10181000617465206B6579202564004661696C659B
:101820006420746F2064657374726F79204543433C
:10183000206B6579204944202564004661696C6508
:101840006420746F20696D706F72742074686520F5
:1018500070726976617465206B657920666F72209D
:101860006B65792061677265656D656E74202564AE
:1018700000526177206B65792061677265656D65DF
:101880006E74206661696C65642025640046616938
:101890006C656420746F2064657374726F79207452
:1018A0006865206B6579202564007073615F696DE0
:1018B000706F72745F6B6579282920726574757218
:1018C0006E656420737461747573202564004275BD
:1018D000737920706572666F726D696E6720616ED4
:1018E0006F746865722045434448206F706572616B
:1018F00074696F6E0062745F656363002E2E2F2E15
:101900002E2F2E2E2F2E2E2F2E2E2F2E2E2F2E2EF2
:101910002F2E2E2F2E2E2F7A65706879722F7375C9
:10192000627379732F626C7565746F6F74682F685A
:101930006F73742F636F6E6E2E63006362203C3D85
:10194000205F62745F636F6E6E5F63625F6C69736A
:10195000745F656E640069735F61636C5F636F6E73
:101960006E28636F6E6E29004661696C6564207233
:101970006561642072656D6F74652066656174755C
:101980007265732028256429005048592030782535
:10199000303278206E6F7420737570706F7274655A
:1019A00064004661696C656420746F2073657420FF
:1019B00064617461206C656E2028256429006B5F6A
:1019C00063757272656E745F6765742829203D3D8A
:1019D000206B5F776F726B5F71756575655F74689B
:1019E000726561645F6765742874785F6E6F74698F
:1019F00066795F776F726B71756575655F67657422
:101A00002829290009636F756C646E27742073752B
:101A1000626D69742028657272202564290A005558
:101A20006E6578706563746564206669727374208E
:101A30004C32434150206672616D6500556E657889
:101A4000706563746564204C3243415020636F6E4F
:101A500074696E756174696F6E004E6F7420656E87
:101A60006F75676820627566666572207370616362
:101A70006520666F72204C3243415020646174616E
:101A800000556E65787065637465642041434C2031
:101A9000666C6167732028307825303278290041E0
:101AA000434C206C656E206D69736D6174636820B2
:101AB000282575203E202575290009496E76616C20
:101AC000696420636F6E6E656374696F6E20726502
:101AD000666572656E63650A006F6C64203E203037
:101AE0000009436F6E6E207265666572656E636590
:101AF00020636F756E74657220697320300A00214F
:101B0000636F6E6E5F74785F69735F70656E646932
:101B10006E67000974785F636F6D706C6574655FE4
:101B2000776F726B2069732070656E64696E6720D1
:101B30007768656E20636F6E6E20697320646561DF
:101B40006C6C6F63617465640A0028756E6B6E6FF0
:101B5000776E29006E6F207472616E736974696F9D
:101B60006E20257300496E76616C696420282575A6
:101B700029206F6C6420737461746500636F6E6EEE
:101B8000202570206661696C656420746F20657320
:101B90007461626C6973682E205246206E6F69739F
:101BA000653F006E6F2076616C6964202825752979
:101BB00020737461746520776173207365740069A4
:101BC0006E636F6D70617469626C652068616E64CC
:101BD0006C65202575002828636F6E6E29202626E7
:101BE00020282875696E747074725F742928616387
:101BF0006C5F636F6E6E732929203C3D2028287529
:101C0000696E747074725F742928636F6E6E29290F
:101C100020262620282875696E747074725F7429D6
:101C200028636F6E6E2929203C20282875696E7400
:101C30007074725F742928262861636C5F636F6E0D
:101C40006E73295B282873697A655F7429282828B0
:101C5000696E742973697A656F6628636861725B5F
:101C600031202D202832202A202128215F5F627513
:101C7000696C74696E5F74797065735F636F6D70A2
:101C8000617469626C655F70285F5F747970656FFD
:101C9000665F5F2861636C5F636F6E6E73292C20D3
:101CA0005F5F747970656F665F5F28262861636C7B
:101CB0005F636F6E6E73295B305D292929295D2969
:101CC000202D203129202B202873697A656F662802
:101CD00061636C5F636F6E6E7329202F2073697A66
:101CE000656F66282861636C5F636F6E6E73295B36
:101CF000305D292929295D29292026262028282800
:101D000075696E747074725F742928636F6E6E29C2
:101D100029202D20282875696E747074725F7429CB
:101D20002861636C5F636F6E6E73292929202520FB
:101D300073697A656F66282861636C5F636F6E6E86
:101D400073295B305D29203D3D2030290009496E13
:101D500076616C69642062745F636F6E6E20706F71
:101D6000696E7465720A00216B5F69735F696E5FEB
:101D700069737228290054696D656F7574206469F0
:101D8000736361726465642E204E6F20626C6F63B2
:101D90006B696E6720696E2073797377712E000905
:101DA000496E76616C696420636F6E6E2074797021
:101DB000652025750A00746D7020213D20636F6ECB
:101DC0006E007072657620213D2026636F6E6E2D49
:101DD0003E5F636F6E6E5F726561647900094E6F7E
:101DE00020636F6E74726F6C6C65722062756673BF
:101DF0000A00094E6F20545820636F6E7465787422
:101E00000A0030207C7C20286275662D3E72656653
:101E1000203D3D203129207C7C20286275662D3EA6
:101E2000726566203D3D203229002162745F627533
:101E3000665F6861735F76696577286F757473692B
:101E4000646529006672616720213D202828766F2D
:101E50006964202A2930290009496E76616C696419
:101E600020636F6E6E656374696F6E207479706540
:101E70002025750A00466174616C206572726F726C
:101E800020282564292E20446973636F6E6E656374
:101E900074696E6720257000466F756E64207661E8
:101EA0006C696420636F6E6E656374696F6E202861
:101EB0002570292077697468206164647265737382
:101EC00020257320696E202573207374617465204A
:101ED0000053656E64204C4520706172616D207501
:101EE0007064617465206661696C65642028657240
:101EF00072202564290053656E64206175746F201B
:101F00004C4520706172616D20757064617465204C
:101F10006661696C656420286572722025642900F9
:101F2000646973636F6E6E6563746564006469737E
:101F3000636F6E6E6563742D636F6D706C65746531
:101F4000007363616E2D6265666F72652D696E69DF
:101F500074696174696E6700696E69746961746936
:101F60006E672D66696C7465722D6C69737400619F
:101F700064762D636F6E6E65637461626C6500617B
:101F800064762D6469722D636F6E6E656374616231
:101F90006C6500646973636F6E6E656374696E6708
:101FA0000062745F636F6E6E002E2E2F2E2E2F2E0A
:101FB0002E2F2E2E2F2E2E2F2E2E2F2E2E2F2E2E3C
:101FC0002F2E2E2F7A65706879722F737562737950
:101FD000732F626C7565746F6F74682F686F73749C
:101FE0002F6C326361702E630073203D3D20266CA0
:101FF000655F6368616E2D3E5F7064755F726561D9
:10200000647900556E61626C6520746F20616C6C40
:102010006F636174652062756666657220666F72B3
:10202000206F7020307825303278004E6F20617636
:1020300061696C61626C65204C3243415020636F72
:102040006E7465787420666F7220636F6E6E2025E3
:102050007000457870656374696E672075702074D0
:102060006F20256420726566732C20676F742025AD
:102070006400636F6E6E2D3E7374617465203D3D28
:102080002042545F434F4E4E5F434F4E4E454354A4
:10209000454400616C7265616479206861766520F1
:1020A00076696577206F6E202570006669666F5FC0
:1020B000706475203D3D207064750028666368611A
:1020C0006E2D3E636964203E3D20307830303031E3
:1020D00020262620666368616E2D3E636964203C7D
:1020E0003D203078303033662900094349442025AB
:1020F00075206973206E6F7420696E207468652086
:102100006669786564206368616E6E656C207261D3
:102110006E67650A006368616E203D3D2028287661
:102120006F6964202A29302900094669786564208E
:102130006368616E6E656C207769746820434944FA
:1021400020257520616C72656164792065786973FA
:1021500074730A00666368616E203C3D205F6274A0
:102160005F6C326361705F66697865645F63686144
:102170006E5F6C6973745F656E64004C32434150EE
:10218000206C656E677468206D69736D6174636837
:102190002028257520213D2025752900496E76616E
:1021A0006C6964206964656E742076616C75652065
:1021B000696E204C324341502050445500496E76A0
:1021C000616C6964204C4520636F6E6E2070617293
:1021D000616D207273702073697A652028257520DF
:1021E000213D20257A75290052656A656374696E00
:1021F0006720756E6B6E6F776E204C3243415020B6
:1022000050445520636F6465203078253032780063
:10221000546F6F20736D616C6C204C3243415020C1
:102220007369676E616C696E672050445500546F26
:102230006F20736D616C6C204C32434150205044D0
:10224000552072656365697665640049676E6F72D3
:10225000696E67206461746120666F7220756E6BB1
:102260006E6F776E206368616E6E656C20494420E6
:1022700030782530347800636F6E66696700627469
:102280005F6C32636170004661696C656420746FD5
:10229000207375626D6974206174745F74785F6413
:1022A000657374726F795F776F726B3A2025640083
:1022B0002E2E2F2E2E2F2E2E2F2E2E2F2E2E2F2E39
:1022C0002E2F2E2E2F2E2E2F2E2E2F7A65706879E0
:1022D000722F7375627379732F626C7565746F6F8B
:1022E00074682F686F73742F6174742E63006E6549
:1022F000745F6275665F706F6F6C5F67657428628C
:1023000075662D3E706F6F6C5F696429203D3D20BE
:10231000266174745F706F6F6C0041545420636861
:10232000616E6E656C206E6F7420636F6E6E656398
:10233000746564006275662D3E6C656E203E3D20BE
:1023400073697A656F66287374727563742062743A
:102350005F6174745F68647229004572726F7220E5
:102360007369676E696E6720646174610052616EA3
:10237000206F7574206F66205458206275666665FC
:102380007273206F7220636F6E74657874732E00A1
:10239000556E61626C6520746F206372656174654F
:1023A000206572722072737020504455004154545D
:1023B000204D54552065786365656465642C206DF7
:1023C00061782025752C2077616E74656420257AEC
:1023D0007500556E61626C6520746F206372656173
:1023E0007465207273702050445500546F6F2073D1
:1023F0006D616C6C204154542050445520726563CB
:10240000656976656400556E68616E646C6564200C
:1024100041545420636F6465203078253032780051
:10242000496E76616C6964206C656E202575206646
:102430006F7220636F6465203078253032780055E4
:102440006E61626C6520746F2063726561746520D3
:10245000555549443A2073697A6520257500556EB3
:1024600061626C6520746F206372656174652055CC
:102470005549443A2073697A65202564004E6F20DF
:10248000617661696C61626C652041545420636FB0
:102490006E7465787420666F7220636F6E6E20258F
:1024A00070004E6F20617661696C61626C652041DD
:1024B0005454206368616E6E656C20666F72206391
:1024C0006F6E6E202570004E6F7420636F6E6E65A8
:1024D0006374656400556E61626C6520746F20667C
:1024E000696E6420415454206368616E6E656C00AF
:1024F000476F74206572722025642C206E6F7420E3
:1025000063616C6C696E67204154542063620009FA
:10251000556E6B6E6F776E206F70207479706520CA
:102520003078253032580A004661696C6564207441
:102530006F2072652D7375626D69742025733A2062
:102540002564004E6F20415454206368616E6E65AF
:102550006C20666F72204D545520257A75004E6FA1
:102560002070656E64696E672041545420726571F5
:102570007565737400446973636F6E6E6563746927
:102580006E67206661696C6564202865727220251B
:102590006429004154542054696D656F7574206638
:1025A0006F72206465766963652025732E20446907
:1025B00073636F6E6E656374696E672E2E2E0055A1
:1025C0006E61626C6520746F206372656174652052
:1025D000726574727920504455202825752900723F
:1025E00065710062745F61747400434D41432075EE
:1025F0007064617465206661696C6564202564009F
:102600004661696C656420746F206465636F6465FE
:102610002076616C7565202865727220257A6429A0
:10262000004661696C656420746F20736176652073
:102630004461746162617365204861736820286534
:10264000727220256429002E2E2F2E2E2F2E2E2F33
:102650002E2E2F2E2E2F2E2E2F2E2E2F2E2E2F2E95
:102660002E2F7A65706879722F7375627379732F64
:10267000626C7565746F6F74682F686F73742F6701
:102680006174742E6300656C20213D202828766FCC
:102690006964202A293029000943616E2774207358
:1026A000617665204346202F2043434320746F20EA
:1026B000666C6173680A006661696C656420746F9A
:1026C0002073746F72652053432028657272202531
:1026D000642900756E61626C6520746F2073617689
:1026E000652053433A206E6F20636667206C6566F1
:1026F0007400546F6F206D616E7920436C69656E54
:10270000742043686172616374657269737469638C
:1027100020436F6E66696775726174696F6E2E20F3
:1027200053656520434F4E4649475F42545F5345CA
:102730005454494E47535F4343435F53544F5245AC
:102740005F4D41580A00496E76616C6964206B6583
:1027500079006661696C656420746F2064656C65DE
:102760007465205343202865727220256429005522
:102770006E61626C6520746F206465636F646520B0
:102780006164647265737320257300496E76616CB1
:102790006964206C6F63616C206964656E74697430
:1027A0007920256C7500556E61626C6520746F2010
:1027B000726573746F72652053433A206E6F2063A5
:1027C0006667206C656674004E6F20737061636588
:1027D00020746F2073746F726520434343206366D7
:1027E00067004E6F20737061636520746F2073748F
:1027F0006F726520436C69656E7420537570706FDD
:102800007274656420466561747572657300556EF7
:1028100061626C6520746F20726573746F726520DD
:1028200043463A206E6F20636667206C65667400CD
:102830004368616E67652D617761726520737461AD
:10284000747573206E6F7420666F756E6420696E88
:102850002073657474696E67732C20646566617596
:102860006C74696E6720706565722073746174752D
:102870007320746F206368616E67652D756E617774
:102880006172650052656164206261636B20626100
:1028900064206368616E67652D617761726520767B
:1028A000616C75653A20307825782C206465666106
:1028B000756C74696E6720706565722073746174DD
:1028C000757320746F206368616E67652D756E6126
:1028D00077617265004661696C656420746F20736E
:1028E000746F726520436C69656E7420466561740F
:1028F00075726573202865727220256429007374CF
:10290000617469635F737663203C3D205F62745F2E
:10291000676174745F736572766963655F73746110
:102920007469635F6C6973745F656E6400556E6192
:10293000626C6520746F20696D706F7274207468AA
:1029400065206B657920666F722041455320434DA9
:10295000414320256400434D4143206F70657261FF
:1029600074696F6E20696E6974206661696C656454
:1029700020256400434D41432066696E69736820D9
:102980006661696C65642025640062742F6363630B
:10299000004661696C656420746F2073746F7265A2
:1029A000204343437320286572722025642900095F
:1029B000696E76616C696420706172616D657465C1
:1029C000720A0A00617474720052656164206D6558
:1029D00074686F64206E6F7420736574004661695B
:1029E0006C656420746F2072656164206174747218
:1029F0006962757465202570202865727220257AB9
:102A0000642900496E76616C696420726561642096
:102A10006C656E6774683A20257A6400094E6F20F1
:102A20006D6F726520617474726962757465730A82
:102A30000A00706172616D730009696E76616C697C
:102A40006420706172616D65746572730A0A00704A
:102A50006172616D732D3E61747472207C7C207094
:102A60006172616D732D3E75756964002161746FCB
:102A70006D69635F746573745F6269742873632D35
:102A80003E666C6167732C2053435F494E44494353
:102A90004154455F50454E44494E47290009496E0F
:102AA00064696361746520616C726561647920702A
:102AB000656E64696E670A00434343202570206E8B
:102AC0006F74207772697461626C65005343207281
:102AD0006573746F726520696E6469636174696F90
:102AE0006E206661696C6564004661696C6564208E
:102AF000746F2073657420736563757269747920CF
:102B0000666F7220626F6E64656420706565722006
:102B1000282564290062742F686173680062742F2D
:102B200063660062742F73630062745F676174741C
:102B300000556E61626C6520746F2066696E64205A
:102B4000534D50206368616E6E656C005075626C09
:102B50006963206B6579206E6F7420617661696CA2
:102B600061626C65004661696C656420746F206702
:102B7000656E65726174652044484B6579004361F8
:102B80006C63756C61746520636F6E6669726D202D
:102B90006661696C656400556E6B6E6F776E207050
:102BA000616972696E67206D6574686F642028259D
:102BB00075290043616C63756C617465204C544BDE
:102BC000206661696C65640043616C63756C617457
:102BD00065206C6F63616C2044484B6579206368A5
:102BE00065636B206661696C65640043616C637545
:102BF0006C6174652072656D6F74652044484B6527
:102C00007920636865636B206661696C6564005256
:102C1000656D6F7465207075626C6963206B657992
:102C20002072656A65637465640052656D6F7465D2
:102C3000206973207573696E67204465627567202B
:102C40005075626C6963206B6579005265636569D4
:102C500076656420696E76616C6964207075626C5B
:102C60006963206B6579004E6F20617661696C61E4
:102C7000626C6520534D5020636F6E7465787420CC
:102C8000666F7220636F6E6E20257000556E6162F4
:102C90006C6520746F20676574206B65797320669E
:102CA0006F72202573002E2E2F2E2E2F2E2E2F2EBC
:102CB0002E2F2E2E2F2E2E2F2E2E2F2E2E2F2E2E2F
:102CC0002F7A65706879722F7375627379732F62CA
:102CD0006C7565746F6F74682F686F73742F736D84
:102CE000702E63005075626C6963206B6579207289
:102CF000652D67656E65726174696F6E20726571AE
:102D000075657374206661696C6564202825642983
:102D1000006D757465785F657272203D3D203000EE
:102D20005075626C6963206B65792067656E6572AA
:102D30006174696F6E2074696D656F757400546895
:102D40006520696E2D70726F677265737320706194
:102D50006972696E6720686173206265656E2064C0
:102D6000656C657465642100534D5020646F657314
:102D7000206E6F7420616C6C6F77206120706169C8
:102D800072696E67206661696C7572652061742076
:102D90007468697320706F696E742E204B6E6F7744
:102DA0006E2069737375652E20446973636F6E6E50
:102DB000656374696E6720696E73746561642E0063
:102DC000546F6F20736D616C6C20534D50205044D4
:102DD0005520726563656976656400534D502063C4
:102DE0006F6D6D616E642028636F64652030782597
:102DF0003032782920726563656976656420616682
:102E00007465722074696D656F75740052656365D1
:102E10006976656420726573657276656420534DCA
:102E20005020636F64652030782530327800556E0D
:102E300068616E646C656420534D5020636F6465F7
:102E40002030782530327800556E6578706563746F
:102E5000656420534D5020636F64652030782530C1
:102E6000327800496E76616C6964206964656E74BD
:102E7000697479202573002128736D702D3E726569
:102E80006D6F74655F64697374202620307830320A
:102E900029005265667573696E67206E65772070CC
:102EA000616972696E672E20546865206F6C6420BA
:102EB000626F6E64206D75737420626520756E702C
:102EC00061697265642066697273742E0021627490
:102ED0005F69645F66696E645F636F6E666C696389
:102EE00074286E65775F626F6E642C2030290070E5
:102EF000616972696E67206661696C65642028701B
:102F000065657220726561736F6E2030782578294F
:102F1000004E6F206B657973207370616365206666
:102F20006F7220257300534D502054696D656F7585
:102F3000742028666C6167733A30782530387820C1
:102F4000616C6C6F7765645F636D64733A3078258C
:102F5000303878290062745F736D70002E2E2F2E2A
:102F60002E2F2E2E2F2E2E2F2E2E2F2E2E2F2E2E7C
:102F70002F2E2E2F2E2E2F7A65706879722F737553
:102F8000627379732F626C7565746F6F74682F68E4
:102F90006F73742F6B6579732E63006B6579732083
:102FA000213D202828766F6964202A293029006174
:102FB00064647220213D202828766F6964202A29C4
:102FC00030290066756E6320213D202828766F69C0
:102FD00064202A293029004661696C656420746F79
:102FE00020726561642076616C7565202865727257
:102FF00020257A642900556E61626C6520746F200B
:1030000066696E642064656C65746564206B6579BF
:103010007320666F72202573004661696C656420B9
:10302000746F20616C6C6F63617465206B6579737C
:1030300020666F7220257300496E76616C6964208A
:103040006B6579206C656E67746820257A64202131
:103050003D20257A750044726F7070696E67206B31
:1030600065797320666F722025732C206E6F205354
:1030700043204C544B0053746F726564206B657928
:103080007320666F7220257320646F206E6F74202A
:103090006D617463682063757272656E7420636F0E
:1030A0006E66696720666C616773206F7220766553
:1030B0007273696F6E00546865206B657973206662
:1030C0006F722025732061726520646F776E67725E
:1030D0006164656420746F20756E61757468656ED7
:1030E0007469636174656420617320746865792014
:1030F0006E6F206C6F6E676572206D656574206100
:10310000757468656E7469636174696F6E20726549
:1031100071756972656D656E7473004661696C6581
:103120006420746F2073617665206B657973202845
:10313000657272202564290062742F6B65797300B3
:1031400062745F6B6579730062745F637279707427
:103150006F004661696C656420746F20696D706FE3
:10316000727420414553206B6579202564004661C7
:10317000696C656420746F20636F6D707574652071
:103180004D41432025640063616368655F6E72662C
:1031900078002E2E2F2E2E2F2E2E2F2E2E2F2E2E2F
:1031A0002F2E2E2F2E2E2F2E2E2F2E2E2F7A657075
:1031B0006879722F647269766572732F636C6F63BE
:1031C0006B5F636F6E74726F6C2F636C6F636B5F9A
:1031D000636F6E74726F6C5F6E72662E63007479CB
:1031E0007065203C20434C4F434B5F434F4E54523D
:1031F0004F4C5F4E52465F545950455F434F554EBA
:103200005400636C6F636B40313065303030006860
:1032100066636C6B006C66636C6B00636C6F636BF6
:103220005F636F6E74726F6C007073612D726E6786
:10323000007272616D2D636F6E74726F6C6C65726B
:1032400040353030346530303000666C6173685F13
:103250006E72665F7272616D002E2E2F2E2E2F2ED3
:103260002E2F2E2E2F2E2E2F2E2E2F2E2E2F2E2E79
:103270002F2E2E2F7A65706879722F696E636C75A8
:1032800064652F7A65706879722F647269766572E9
:10329000732F6770696F2F6770696F5F7574696CE2
:1032A000732E6800094E6F2063616C6C6261636B02
:1032B000210A0063616C6C6261636B2D3E68616E14
:1032C000646C657200094E6F2063616C6C626163AF
:1032D0006B2068616E646C6572210A002E2E2F2EA1
:1032E0002E2F2E2E2F2E2E2F2E2E2F2E2E2F2E2EF9
:1032F0002F2E2E2F2E2E2F6D6F64756C65732F68F9
:10330000616C2F6E6F726469632F6E7266782F68BE
:10331000616C2F6E72665F6770696F2E68006E72E7
:10332000665F6770696F5F70696E5F707265736505
:103330006E745F636865636B282A705F70696E29BD
:10334000002E2E2F2E2E2F2E2E2F2E2E2F2E2E2FC6
:103350002E2E2F2E2E2F2E2E2F2E2E2F7A6570688A
:1033600079722F647269766572732F6770696F2F37
:103370006770696F5F6E7266782E630063622D3EC0
:1033800068616E646C6572006770696F40313061AE
:10339000303030006770696F406438323030002E52
:1033A0002E2F2E2E2F2E2E2F2E2E2F2E2E2F2E2E38
:1033B0002F2E2E2F2E2E2F2E2E2F7A65706879729B
:1033C0002F647269766572732F73657269616C2FF1
:1033D000756172745F6E7266785F75617274652E66
:1033E0006300095458206F6E6C7920554152544542
:1033F00020696E7374616E63650A006E72665F7534
:10340000617274655F6576656E745F636865636B32
:103410002875617274652C204E52465F5541525496
:10342000455F4556454E545F454E445258290075F8
:103430006172744031303430303000756172745FC5
:103440006E7266785F7561727465002E2E2F2E2E57
:103450002F2E2E2F2E2E2F2E2E2F2E2E2F2E2E2F86
:103460002E2E2F2E2E2F7A65706879722F696E633B
:103470006C7564652F7A65706879722F64726976ED
:103480006572732F6770696F2E680028666C6167BC
:1034900073202620282831554C203C3C20283231EE
:1034A0002929207C202831554C203C3C20283232D0
:1034B0002929207C202831554C203C3C20283233BF
:1034C0002929207C202831554C203C3C20283234AE
:1034D0002929207C202831554C203C3C202832359D
:1034E0002929207C202831554C203C3C202832368C
:1034F00029292929203D3D20300009496E74657233
:103500007275707420666C61677320617265206EDD
:103510006F7420737570706F727465640A0028662A
:103520006C616773202620282831203C3C203429F8
:10353000207C202831203C3C203529292920213D90
:1035400020282831203C3C203429207C2028312090
:103550003C3C20352929000950756C6C20557020A1
:10356000616E642050756C6C20446F776E207368B8
:103570006F756C64206E6F7420626520656E616289
:103580006C65642073696D756C74616E656F7573BD
:103590006C790A00212828666C6167732026202830
:1035A00031554C203C3C202831362929292026261B
:1035B000202128666C6167732026202831554C2015
:1035C0003C3C202831372929292026262028666CD2
:1035D0006167732026202831203C3C20312929298D
:1035E0000009496E7075742063616E6E6F7420629D
:1035F0006520656E61626C656420666F7220274F7E
:1036000070656E20447261696E272C20274F7065AB
:103610006E20536F7572636527206D6F646573202C
:10362000776974686F7574204F75747075740A00CB
:1036300028666C6167732026202831203C3C2031AD
:10364000292920213D2030207C7C2028666C616760
:10365000732026202831203C3C20322929203D3D62
:1036600020300028666C6167732026202828315599
:103670004C203C3C202831382929207C20283155F9
:103680004C203C3C2028313929292929203D3D2046
:1036900030207C7C2028666C6167732026202831CE
:1036A000554C203C3C2028313729292920213D2018
:1036B0003000094F7574707574206E6565647320F1
:1036C000746F20626520656E61626C656420746F42
:1036D00020626520696E697469616C697A6564202D
:1036E0006C6F77206F7220686967680A0028666CC3
:1036F000616773202620282831554C203C3C202827
:1037000031382929207C202831554C203C3C202868
:1037100031392929292920213D20282831554C20BB
:103720003C3C202831382929207C202831554C2048
:103730003C3C2028313929292900094F75747075BE
:10374000742063616E6E6F7420626520696E6974A7
:1037500069616C697A6564206C6F7720616E6420A2
:10376000686967680A00286366672D3E706F727427
:103770005F70696E5F6D61736B20262028677069CA
:103780006F5F706F72745F70696E735F7429283138
:10379000554C203C3C202870696E29292920213D68
:1037A0002030550009556E737570706F72746564C2
:1037B0002070696E0A0028666C61677320262028D5
:1037C0002831554C203C3C202832312929207C20AE
:1037D0002831554C203C3C202832322929292920E7
:1037E000213D20282831554C203C3C2028323129CD
:1037F00029207C202831554C203C3C20283232297D
:103800002929000943616E6E6F7420626F7468200D
:10381000656E61626C6520616E64206469736162CB
:103820006C6520696E74657272757074730A002815
:10383000666C616773202620282831554C203C3C5B
:10384000202832312929207C202831554C203C3C2D
:10385000202832322929292920213D2030550009EC
:103860004D7573742065697468657220656E616258
:103870006C65206F722064697361626C6520696E8B
:1038800074657272757074730A002828666C6167BB
:10389000732026202831554C203C3C2028323229E8
:1038A0002929203D3D203029207C7C202828666C59
:1038B0006167732026202831554C203C3C2028325B
:1038C0003429292920213D203029207C7C202828CA
:1038D000666C616773202620282831554C203C3CBB
:1038E000202832352929207C202831554C203C3C89
:1038F000202832362929292920213D202828315500
:103900004C203C3C202832352929207C2028315568
:103910004C203C3C202832362929292900094F6EA9
:103920006C79206F6E65206F66204750494F5F4964
:103930004E545F4C4F575F302C204750494F5F49E2
:103940004E545F484947485F312063616E2062658D
:1039500020656E61626C656420666F722061206C08
:103960006576656C20696E746572727570742E0A66
:10397000002828666C6167732026202831554C206A
:103980003C3C20283232292929203D3D2030292065
:103990007C7C202828666C616773202620282831CB
:1039A000554C203C3C202832352929207C202831C8
:1039B000554C203C3C202832362929292920213DFC
:1039C000203029207C7C2028666C616773202620AB
:1039D000302920213D203000094174206C6561733D
:1039E00074206F6E65206F66204750494F5F494EC7
:1039F000545F4C4F575F302C204750494F5F494E22
:103A0000545F484947485F312068617320746F20D4
:103A1000626520656E61626C65642E0A00475049DC
:103A20004F2049525120636F6E6669672066616955
:103A30006C65642C206572723A202564004C454404
:103A400020696E646578206F7574206F66207468D5
:103A5000652072616E6765004661696C656420640B
:103A6000697361626C696E6720696E7465727275E4
:103A70007074730043616E6E6F74207265616420B0
:103A80006770696F2070696E0043616E6E6F74209D
:103A90007772697465204C4544206770696F0043F4
:103AA000616E6E6F742064697361626C652063611E
:103AB0006C6C6261636B730043616E6E6F74206542
:103AC0006E61626C652063616C6C6261636B730034
:103AD00043616E6E6F7420636F6E666967757265A1
:103AE000204C4544206770696F0043616E6E6F74AF
:103AF00020636F6E66696775726520627574746F96
:103B00006E206770696F0043616E6E6F7420646928
:103B10007361626C652063616C6C6261636B7328B6
:103B2000290043616E6E6F74206164642063616C70
:103B30006C6261636B00646B5F627574746F6E734B
:103B40005F616E645F6C656473002E2E2F2E2E2FC6
:103B50002E2E2F2E2E2F2E2E2F2E2E2F2E2E2F2E80
:103B60002E2F2E2E2F6E72662F7375627379732F20
:103B7000626C7565746F6F74682F636F6E74726FAB
:103B80006C6C65722F6863695F6472697665722E0A
:103B9000630009536F667444657669636520436FFB
:103BA0006E74726F6C6C6572204153534552543A77
:103BB0002025732C2025640A0A002E2E2F2E2E2F4E
:103BC0002E2E2F2E2E2F2E2E2F2E2E2F2E2E2F2E10
:103BD0002E2F2E2E2F7A65706879722F696E636C86
:103BE0007564652F7A65706879722F64726976657D
:103BF00072732F656E74726F70792E6800617069D0
:103C00002D3E6765745F656E74726F707920213D1B
:103C1000202828766F6964202A2930290009436109
:103C20006C6C6261636B20706F696E746572207377
:103C3000686F756C64206E6F74206265204E554C01
:103C40004C0A000954686520656E74726F707920A3
:103C5000736F757263652072657475726E6564202A
:103C6000616E206572726F7220696E206120626CD5
:103C70006F636B696E672063616C6C0A002E2E2F78
:103C80002E2E2F2E2E2F2E2E2F2E2E2F2E2E2F2E4F
:103C90002E2F2E2E2F2E2E2F6E72662F696E636C96
:103CA0007564652F6D70736C2F6D70736C5F776FBB
:103CB000726B2E6800096B5F776F726B5F73756252
:103CC0006D69745F746F5F7175657565282920660D
:103CD00061696C65642E0A00536F66744465766989
:103CE000636520436F6E74726F6C6C6572206275D1
:103CF000696C64207265766973696F6E3A2000455D
:103D00006E74726F707920736F757263652064656D
:103D100076696365206E6F74207265616479004610
:103D200061696C656420746F20726567697374657E
:103D3000722072616E6420736F757263652028252E
:103D4000642900416C6C6F6361746564206D656DFE
:103D50006F727920746F6F206C6F773A20257A75B7
:103D6000203C202575004576656E74206275666678
:103D7000657220746F6F20736D616C6C2E20257AD4
:103D800075203E20257500556E65787065637465F5
:103D900064206D73675F747970653A2025752E20F5
:103DA000546869732069662D656C7365206E65655E
:103DB00064732061206E6577206272616E636800B3
:103DC000556E6B6E6F776E206572726F72207768BA
:103DD000656E2070726F63657373696E67206863C8
:103DE00069206D6573736167652025640062745F87
:103DF0006863695F7364630062745F7364635F68C0
:103E000063695F6472697665720062745F7364638C
:103E10005F63727970746F002E2E2F2E2E2F2E2E30
:103E20002F2E2E2F2E2E2F2E2E2F2E2E2F2E2E2FAC
:103E30002E2E2F6E72662F7375627379732F6D70CD
:103E4000736C2F696E69742F6D70736C5F696E6926
:103E5000742E6300094D50534C2041535345525426
:103E60003A2025732C2025640A0A00657272636F5C
:103E70006465203D3D203000096B5F776F726B5F9A
:103E80007363686564756C655F666F725F71756595
:103E900075652829206661696C65642E0A004D509D
:103EA000534C20576F726B006D70736C5F696E6955
:103EB0007400556E737570706F7274656420484637
:103EC000434C4B206576656E743A202564002E2E97
:103ED0002F2E2E2F2E2E2F2E2E2F2E2E2F2E2E2FFC
:103EE0002E2E2F2E2E2F2E2E2F6E72662F6472697D
:103EF000766572732F6D70736C2F636C6F636B5F7D
:103F0000636F6E74726F6C2F6E7266785F636C6F26
:103F1000636B5F6D70736C2E6300094E6F7420735A
:103F20007570706F727465640A006E7266785F6394
:103F30006C6F636B5F6D70736C002E2E2F2E2E2FA7
:103F40002E2E2F2E2E2F2E2E2F2E2E2F2E2E2F2E8C
:103F50002E2F2E2E2F6E72662F6472697665727305
:103F60002F6D70736C2F666C6173685F73796E630D
:103F70002F666C6173685F73796E635F6D70736CCD
:103F80002E630073657373696F6E5F6964203D3DD6
:103F9000205F636F6E746578742E73657373696FD9
:103FA0006E5F696400726574203D3D203000096DCC
:103FB00070736C5F74696D65736C6F745F7265713B
:103FC00075657374206661696C65643A2025640ABE
:103FD0000009756E65787065637465642073696740
:103FE0006E616C3A2025750A006D70736C5F7469A0
:103FF0006D65736C6F745F73657373696F6E5F6FFC
:1040000070656E206661696C65643A202564006B9A
:104010005F73656D5F636F756E745F676574282687
:104020005F636F6E746578742E74696D656F7574F7
:104030005F73656D29203D3D203000666C617368BB
:104040005F73796E635F6D70736C002E2E2F2E2E52
:104050002F2E2E2F2E2E2F2E2E2F2E2E2F2E2E2F7A
:104060002E2E2F2E2E2F6D6F64756C65732F686149
:104070006C2F6E6F726469632F6E7266782F647234
:1040800069766572732F7372632F6E7266785F67DD
:1040900070696F74652E63002E2E2F2E2E2F2E2EFC
:1040A0002F2E2E2F2E2E2F2E2E2F2E2E2F2E2E2F2A
:1040B0002E2E2F6D6F64756C65732F68616C2F6E7B
:1040C0006F726469632F6E7266782F68616C2F6EF1
:1040D00072665F6770696F74652E6800696E6465EB
:1040E00078203C203800705F696E7374616E636580
:1040F00000705F6368616E6E656C0070696E5F680A
:1041000061735F7472696767657228705F696E7347
:1041100074616E63652C2070696E2900696E745F2E
:10412000656E61626C65002E2E2F2E2E2F2E2E2F87
:104130002E2E2F2E2E2F2E2E2F2E2E2F2E2E2F2E9A
:104140002E2F6D6F64756C65732F68616C2F6E6FA9
:10415000726469632F6E7266782F68616C2F6E725D
:10416000665F677274632E680076616C7565203CCB
:104170003D202828307846464646554C203C3C2079
:104180002830554C2929203E3E202830554C2929DD
:104190000076616C7565203C3D20282830784646C5
:1041A000554C203C3C202830554C2929203E3E20AF
:1041B0002830554C29290063635F6368616E6E6522
:1041C0006C203C20283132554C29002863635F6302
:1041D00068616E6E656C203C20283132554C29296F
:1041E000202626202876616C7565203C3D202830ED
:1041F000783746464646464646554C203C3C2028A5
:1042000030554C2929290063635F68203C3D2028F4
:1042100030784646464646554C203C3C2028305592
:104220004C2929002E2E2F2E2E2F2E2E2F2E2E2FC4
:104230002E2E2F2E2E2F2E2E2F2E2E2F2E2E2F6D5A
:104240006F64756C65732F68616C2F6E6F72646933
:10425000632F6E7266782F647269766572732F733E
:1042600072632F6E7266785F677274632E63006D7F
:104270005F63622E7374617465203D3D204E52462B
:10428000585F4452565F53544154455F494E495418
:1042900049414C495A454400737973636F756E7494
:1042A00065725F636865636B286368616E6E656CD9
:1042B00029203D3D2030006D5F63622E6368616E92
:1042C0006E656C5F646174615B695D2E6368616ECD
:1042D0006E656C203D3D20696478002E2E2F2E2EB9
:1042E0002F2E2E2F2E2E2F2E2E2F2E2E2F2E2E2FE8
:1042F0002E2E2F2E2E2F6D6F64756C65732F6861B7
:104300006C2F6E6F726469632F6E7266782F6861AE
:104310006C2F6E72665F7272616D632E6800705FE3
:10432000636F6E6669672D3E77726974655F62754B
:1043300066665F73697A65203C3D202830783130AD
:10434000554C29005465726D696E616C002E2E2FDC
:104350002E2E2F2E2E2F2E2E2F2E2E2F2E2E2F2E78
:104360002E2F2E2E2F2E2E2F7A65706879722F6B9E
:1043700065726E656C2F6465766963652E63007285
:1043800063203E3D202D2830786666292026262091
:104390007263203C203000096465766963652025DE
:1043A0007320696E69743A20696E76616C69642065
:1043B0006572726F7220282564290A0048616C7446
:1043C000696E672073797374656D00556E6B6E6FDF
:1043D000776E206572726F72003E3E3E205A4550E5
:1043E00048595220464154414C204552524F522088
:1043F00025643A202573206F6E2043505520256494
:10440000004661756C7420647572696E6720696E10
:10441000746572727570742068616E646C696E6721
:104420000A0043757272656E742074687265616407
:104430003A2025702028257329002E2E2F2E2E2F6E
:104440002E2E2F2E2E2F2E2E2F2E2E2F2E2E2F2E87
:104450002E2F2E2E2F7A65706879722F6B65726EF3
:10446000656C2F666174616C2E6300726561736F99
:104470006E20213D204B5F4552525F4B45524E45C9
:104480004C5F50414E49430009417474656D70742E
:10449000656420746F207265636F76657220667242
:1044A0006F6D2061206B65726E656C2070616E6946
:1044B0006320636F6E646974696F6E0A00435055C0
:1044C00020657863657074696F6E00556E68616E03
:1044D000646C656420696E746572727570740053E3
:1044E0007461636B206F766572666C6F77004B65E5
:1044F000726E656C206F6F7073004B65726E656CC9
:104500002070616E6963002E2E2F2E2E2F2E2E2FDF
:104510002E2E2F2E2E2F2E2E2F2E2E2F2E2E2F2EB6
:104520002E2F7A65706879722F6B65726E656C2FAD
:10453000696E69742E63007468726561645F64619A
:104540007461203C3D205F5F7374617469635F74C4
:1045500068726561645F646174615F6C6973745FE4
:10456000656E6400646576203C3D205F6465766915
:1045700063655F6C6973745F656E64006D61696E1D
:10458000006F73002E2E2F2E2E2F2E2E2F2E2E2F1D
:104590002E2E2F2E2E2F2E2E2F2E2E2F2E2E2F7AEA
:1045A00065706879722F6B65726E656C2F6B6865CC
:1045B00061702E630021617263685F69735F696E69
:1045C0005F6973722829207C7C20282874696D65B6
:1045D0006F7574292E7469636B73203D3D20282804
:1045E000286B5F74696D656F75745F74297B307DAE
:1045F00029292E7469636B732900090A00686561B3
:1046000070203C3D205F6B5F686561705F6C697313
:10461000745F656E64002E2E2F2E2E2F2E2E2F2EC1
:104620002E2F2E2E2F2E2E2F2E2E2F2E2E2F2E2EA5
:104630002F7A65706879722F6B65726E656C2F6D5D
:10464000656D5F736C61622E6300736C6162203C08
:104650003D205F6B5F6D656D5F736C61625F6C6960
:1046600073745F656E640028736C61622D3E6672C0
:1046700065655F6C697374203D3D202828766F69FD
:1046800064202A29302920262620736C61622D3E61
:10469000696E666F2E6E756D5F75736564203D3D46
:1046A00020736C61622D3E696E666F2E6E756D5F54
:1046B000626C6F636B7329207C7C20736C61625F1A
:1046C0007074725F69735F676F6F6428736C616287
:1046D0002C20736C61622D3E667265655F6C697338
:1046E00074290009736C616220636F727275707453
:1046F000696F6E2064657465637465640A000949B6
:104700006E76616C6964206D656D6F727920706F73
:10471000696E7465722070726F76696465640A00F0
:104720002E2E2F2E2E2F2E2E2F2E2E2F2E2E2F2EA4
:104730002E2F2E2E2F2E2E2F2E2E2F7A657068794B
:10474000722F6B65726E656C2F696E636C75646534
:104750002F6B73636865642E680021617263685F04
:104760006972715F756E6C6F636B6564286B6579D8
:1047700029007468726561642D3E626173652E70F4
:10478000656E6465645F6F6E002E2E2F2E2E2F2EA9
:104790002E2F2E2E2F2E2E2F2E2E2F2E2E2F2E2E34
:1047A0002F2E2E2F7A65706879722F6B65726E6569
:1047B0006C2F69646C652E63005F6B65726E656C4F
:1047C0002E637075735B305D2E63757272656E74E7
:1047D0002D3E626173652E7072696F203E3D203000
:1047E000002E2E2F2E2E2F2E2E2F2E2E2F2E2E2F12
:1047F0002E2E2F2E2E2F2E2E2F2E2E2F7A657068D6
:1048000079722F6B65726E656C2F6D757465782E7D
:10481000630021617263685F69735F696E5F6973CA
:1048200072282900096D7574657865732063616E5F
:104830006E6F74206265207573656420696E73699C
:10484000646520495352730A006D757465782D3E76
:104850006C6F636B5F636F756E74203E2030550024
:104860002E2E2F2E2E2F2E2E2F2E2E2F2E2E2F2E63
:104870002E2F2E2E2F2E2E2F2E2E2F7A657068790A
:10488000722F6B65726E656C2F73656D2E630028D9
:1048900028617263685F69735F696E5F697372280C
:1048A00029203D3D203029207C7C20282874696DFA
:1048B000656F7574292E7469636B73203D3D2028E4
:1048C00028286B5F74696D656F75745F74297B3020
:1048D0007D29292E7469636B732929007379737795
:1048E0006F726B71002E2E2F2E2E2F2E2E2F2E2E0E
:1048F0002F2E2E2F2E2E2F2E2E2F2E2E2F2E2E2FD2
:104900007A65706879722F6B65726E656C2F776F40
:10491000726B2E6300776F726B2D3E7175657565D6
:1049200020213D202828766F6964202A293029001B
:10493000776F726B2D3E68616E646C657220213DED
:10494000202828766F6964202A2930290021666C86
:1049500061675F746573742826776F726B2D3E668E
:104960006C6167732C204B5F574F524B5F44454C33
:10497000415941424C455F424954290073796E6365
:1049800020213D202828766F6964202A29302900BB
:1049900021666C61675F746573742826717565752F
:1049A000652D3E666C6167732C204B5F574F524BF1
:1049B0005F51554555455F535441525445445F42FC
:1049C00049542900717565756500737461636B00E6
:1049D00064776F726B20213D202828766F696420F0
:1049E0002A293029002E2E2F2E2E2F2E2E2F2E2E1E
:1049F0002F2E2E2F2E2E2F2E2E2F2E2E2F2E2E2FD1
:104A00007A65706879722F6B65726E656C2F746849
:104A1000726561642E6300282828287072696F29E6
:104A200029203D3D203135202626207A5F69735F9D
:104A300069646C655F7468726561645F656E7472E9
:104A4000792828656E747279292929207C7C202890
:104A500028283135202D203129203E3D2028282DA1
:104A600031362929292026262028287072696F29A5
:104A700029203E3D2028282D313629292026262090
:104A800028287072696F2929203C3D202831352063
:104A90002D20312929290009696E76616C6964200D
:104AA0007072696F7269747920282564293B2061CE
:104AB0006C6C6F7765642072616E67653A2025645F
:104AC00020746F2025640A0009546872656164735C
:104AD000206D6179206E6F7420626520637265615C
:104AE00074656420696E20495352730A002E2E2F7C
:104AF0002E2E2F2E2E2F2E2E2F2E2E2F2E2E2F2ED1
:104B00002E2F2E2E2F2E2E2F7A65706879722F6BF6
:104B100065726E656C2F73636865642E6300217A1D
:104B20005F69735F69646C655F7468726561645F17
:104B30006F626A6563742874687265616429002E07
:104B40002E2F2E2E2F2E2E2F2E2E2F2E2E2F2E2E80
:104B50002F2E2E2F2E2E2F2E2E2F7A6570687972E3
:104B60002F6B65726E656C2F696E636C7564652F53
:104B70006B7468726561642E68005F6B65726E6548
:104B80006C2E637075735B305D2E63757272656E2B
:104B90007420213D202828766F6964202A29302935
:104BA000002169735F7468726561645F64756D6D1F
:104BB000792874687265616429002E2E2F2E2E2F9D
:104BC0002E2E2F2E2E2F2E2E2F2E2E2F2E2E2F2E00
:104BD0002E2F2E2E2F7A65706879722F6B65726E6C
:104BE000656C2F696E636C7564652F6B737761708C
:104BF0002E6800617263685F6972715F756E6C6FB9
:104C0000636B6564286B657929207C7C205F6B650C
:104C1000726E656C2E637075735B305D2E6375729A
:104C200072656E742D3E626173652E746872656183
:104C3000645F737461746520262028282831554CE0
:104C4000203C3C202830292929207C202828315547
:104C50004C203C3C202833292929290009436F6E28
:104C60007465787420737769746368696E672077F8
:104C700068696C6520686F6C64696E67206C6F632F
:104C80006B210A0073697A656F66285F73636865D4
:104C9000645F7370696E6C6F636B29203D3D2030DB
:104CA000207C7C206C6F636B20213D20265F73632A
:104CB0006865645F7370696E6C6F636B005F6B65D2
:104CC000726E656C2E637075735B305D2E637572EA
:104CD00072656E742D3E626173652E7363686564E0
:104CE0005F6C6F636B656420213D203155005F6B05
:104CF00065726E656C2E637075735B305D2E6375C7
:104D00007272656E742D3E626173652E73636865A1
:104D1000645F6C6F636B656420213D20305500211A
:104D20007465726D696E617465000961626F727499
:104D30006564205F63757272656E74206261636B77
:104D40002066726F6D20646561640A00216573736B
:104D5000656E7469616C000961626F7274656420CC
:104D6000657373656E7469616C20746872656164E3
:104D70002025700A002E2E2F2E2E2F2E2E2F2E2E77
:104D80002F2E2E2F2E2E2F2E2E2F2E2E2F2E2E2F3D
:104D90007A65706879722F6B65726E656C2F7469B5
:104DA0006D65736C6963696E672E6300282874698A
:104DB0006D656F75742920262620282875696E7404
:104DC0007074725F742928736C6963655F74696DB0
:104DD000656F7574732929203C3D20282875696EFC
:104DE000747074725F74292874696D656F757429A5
:104DF0002920262620282875696E747074725F74C5
:104E0000292874696D656F75742929203C2028282C
:104E100075696E747074725F7429282628736C69C2
:104E200063655F74696D656F757473295B2828739A
:104E3000697A655F7429282828696E742973697AEC
:104E4000656F6628636861725B31202D20283220EF
:104E50002A202128215F5F6275696C74696E5F7416
:104E6000797065735F636F6D70617469626C655FA3
:104E700070285F5F747970656F665F5F28736C6917
:104E800063655F74696D656F757473292C205F5F4E
:104E9000747970656F665F5F282628736C69636537
:104EA0005F74696D656F757473295B305D2929299D
:104EB000295D29202D203129202B202873697A652E
:104EC0006F6628736C6963655F74696D656F75746F
:104ED0007329202F2073697A656F662828736C699F
:104EE00063655F74696D656F757473295B305D29E7
:104EF0002929295D29292026262028282875696E38
:104F0000747074725F74292874696D656F75742983
:104F100029202D20282875696E747074725F742999
:104F200028736C6963655F74696D656F7574732947
:104F3000292920252073697A656F662828736C6992
:104F400063655F74696D656F757473295B305D2986
:104F5000203D3D203029002E2E2F2E2E2F2E2E2F9D
:104F60002E2E2F2E2E2F2E2E2F2E2E2F2E2E2F2E5C
:104F70002E2F7A65706879722F6B65726E656C2F53
:104F800074696D656F75742E6300217379735F6446
:104F90006E6F64655F69735F6C696E6B656428260C
:104FA000746F2D3E6E6F646529002E2E2F2E2E2FCE
:104FB0002E2E2F2E2E2F2E2E2F2E2E2F2E2E2F2E0C
:104FC0002E2F2E2E2F7A65706879722F6B65726E78
:104FD000656C2F6D656D706F6F6C2E6300616C6911
:104FE000676E203D3D2030207C7C20282875696E2E
:104FF000747074725F74296D656D20262028616C51
:1050000069676E202D20312929203D3D203000097F
:105010006D6973616C69676E6564206D656D6F7233
:10502000792061742025702028616C69676E203DAD
:1050300020257A75290A0063726163656E002E2E41
:105040002F2E2E2F2E2E2F2E2E2F2E2E2F2E2E2F7A
:105050002E2E2F2E2E2F2E2E2F6E72662F737562F0
:105060007379732F6E72665F736563757269747995
:105070002F7372632F647269766572732F63726126
:1050800063656E2F636F6D6D6F6E2F7372632F6329
:10509000726163656E2F6C69625F6B6D752E630064
:1050A0002828282875696E747074725F74296B6D76
:1050B000755F7372632D3E646573742920252031FA
:1050C0003629203D3D203029000944455354206DA8
:1050D0006973616C69676E65640A002E2E2F2E2E2F
:1050E0002F2E2E2F2E2E2F2E2E2F2E2E2F2E2E2FDA
:1050F0002E2E2F2E2E2F6E72662F7375627379737C
:105100002F6E72665F73656375726974792F73723F
:10511000632F647269766572732F63726163656E63
:105120002F63726163656E7073612F7372632F6397
:10513000726163656E5F7073615F6D61632E6300A2
:10514000282828616C672920262028287073615F31
:10515000616C676F726974686D5F7429203078378D
:10516000663030303030302929203D3D20282870ED
:1051700073615F616C676F726974686D5F74292019
:10518000307830333030303030302929002E2E2F17
:105190002E2E2F2E2E2F2E2E2F2E2E2F2E2E2F2E2A
:1051A0002E2F2E2E2F2E2E2F6E72662F737562735A
:1051B00079732F6E72665F73656375726974792F88
:1051C0007372632F647269766572732F63726163A1
:1051D000656E2F63726163656E7073612F737263A6
:1051E0002F63726163656E5F7073615F6B65795F7A
:1051F0006D616E6167656D656E742E6300646174C8
:10520000615F6C656E677468006B65795F62756677
:10521000666572006B65795F6275666665725F6C64
:10522000656E677468006B65795F62697473002EE0
:105230002E2F2E2E2F2E2E2F2E2E2F2E2E2F2E2E89
:105240002F2E2E2F2E2E2F2E2E2F6E72662F737531
:10525000627379732F6E72665F73656375726974BA
:10526000792F7372632F647269766572732F63721C
:105270006163656E2F737873796D63727970742FC3
:105280007372632F706C6174666F726D2F626172DE
:10529000656D6574616C2F696E746572727570747A
:1052A000732E630009556E68616E646C65642069D5
:1052B0006E746572727570742E200A002E2E2F2E59
:1052C0002E2F2E2E2F2E2E2F2E2E2F2E2E2F2E2EF9
:1052D0002F2E2E2F2E2E2F6E72662F7375627379DE
:1052E000732F6E72665F73656375726974792F735D
:1052F00072632F7574696C732F6E72665F7365636A
:1053000075726974795F6D7574657865732E630065
:105310002E2E2F2E2E2F2E2E2F2E2E2F2E2E2F2EA8
:105320002E2F2E2E2F2E2E2F2E2E2F7A657068794F
:10533000722F6B65726E656C2F6576656E74732E59
:105340006300647261676F6F6E2F6C6962732F7395
:10535000636865642F7372632F73636865645F6845
:10536000616C5F74696D65725F677274632E630050
:10537000B40B111891A8422EF671C1848C5EEA79A3
:10538000B132608F00286E756C6C29002A666C6FD4
:1053900061742A00206D65737361676573206472A0
:1053A0006F70706564202D2D2D0D0A1B5B306D0014
:1053B0001B5B313B33316D2D2D2D2000029ECADC4D
:1053C000240EE5A9E093F3A3B50200406E029ECA45
:1053D000DC240EE5A9E093F3A3B50200406E029E23
:1053E000CADC240EE5A9E093F3A3B50300406E02E6
:1053F0009ECADC240EE5A9E093F3A3B50300406E3A
:10540000029ECADC240EE5A9E093F3A3B501004097
:105410006E00FFFFFFFFFFFF00000000000000FF25
:10542000FFFFFFFFFF000000000000303132333487
:105430003536373839616263646566000000000004
:1054400000001000800000805F9B34FB91FBFBF3A9
:10545000F4FBFBFBFBEA0009090909010209090940
:1054600009090909090909090709090909090609B1
:1054700009090909090909090909090909090905A0
:10548000E69D350E480103CCDBFDF4AC1191F4EF41
:10549000B9A5F9E9A7832C5E2CBE97F2D203B02000
:1054A0008BD28915D08E1C742430ED8FC245637663
:1054B0005C15525ABF9A32636DEB2A65499C80DCB9
:1054C0006174745F74785F64657374726F795F7709
:1054D0006F726B5F68616E646C6572000005061F19
:1054E0001F2918120308020305080A000801030413
:1054F0000105040509060701010606080000010070
:10550000010003010003020201000200000000008C
:1055100002030100036C888391AAF5A53860370B5C
:10552000DB5A6083BE00070E091C1B1215383F367C
:105530003124232A2D00010405020608090F000565
:105540001F1F1F1F1F1F1F1F1F1F1F1F1F1F0001A8
:105550000000000000005454522052454747455374
:105560000010141400001C2030401C2000001C20DF
:105570003040004010141400001C2030401C20005B
:10558000001C2030400040010302FFFFFFFF00002D
:105590000001000000000000000000000000FFFF0C
:1055A000FFFFFFFFFFFFFFFFFFFFFFFFFFFF000009
:1055B0000000FFFFFFFFFFFFFFFFBCE6FAADA717EC
:1055C0009E84F3B9CAC2FC6325516B17D1F2E12C5A
:1055D0004247F8BCE6E563A440F277037D812DEBFA
:1055E00033A0F4A13945D898C2964FE342E2FE1A9F
:1055F0007F9B8EE7EB4A7C0F9E162BCE33576B3189
:105600005ECECBB6406837BF51F5FFFFFFFF00000D
:105610000001000000000000000000000000FFFF8B
:10562000FFFFFFFFFFFFFFFFFFFC5AC635D8AA3A76
:1056300093E7B3EBBD55769886BC651D06B0CC5399
:0C564000B0F63BCE3C3E27D2604B000091
:10565400FFFFFFFFFF1F00001F000000000000000D
:105664001D40000000000000FFFFFFFF1FFF0000BF
:10567400BAABBABA10101010000000000050085065
:1056840000000000000000000C000000010000FF0A
:105694007F000000000000001DA1000000000000C9
:1056A40051A100000000000045200000000000009F
:1056B40071A10000000000002FA100000000000004
:1056C4000C6B0000FF00000060900000010000006F
:1056D40000000000000000000000000000000000C6
:1056E40000000000000000000000000000000000B6
:1056F40000000000000000000000000000000000A6
:105704000000000000000000000000000000000095
:105714000000000000000000000000000000000085
:105724000000000000000000000000000000000075
:105734000000000000000000000000000000000065
:105744000000000000000000000000000000000055
:105754000000000000000000000000000000000045
:105764000000000000000000000000000000000035
:105774000000000000000000000000000000000025
:105784000000000000000000000000000000000015
:105794000000000000000000E93E010000000000DD
:1057A40000000000000000000000000000000000F5
:1057B40000000000000000000000000000000000E5
:1057C40000000000000000000000000000000000D5
:1057D40000000000000000000000000000000000C5
:1057E40000000000000000000000000000000000B5
:1057F40000000000000000000000000000000000A5
:105804000000000000000000000000000000000094
:105814000000000000000000000000000000000084
:10582400F4D20200000000000000000051D100008A
:105834000000000000010000000000000000000063
:105844000000000000000000000000000000000054
:1058540000000000000000000000000067000000DD
:105864000000000000000000000000000000000034
:105874000000000000000000000000000000000024
:105884000000000000000000000000000000000014
:105894000000000000000000000000000000000004
:1058A40000000000000000000000000000000000F4
:1058B40000000000000000000000000000000000E4
:1058C40000000000000000000000000000000000D4
:1058D40000000000000000000000000000000000C4
:1058E400000000000000000059D600000000000085
:1058F4000000000001D40000B1D30000000000004B
:105904000000000049D400000000000011D5000090
:105914000000000015D6000000000000377A0200E5
:10592400F78502006CE30200F8EB020000000200BD
:1059340004EC02000000020010EC0200000002006F
:10594400CD53030000000C00000000000000000024
:1059540000000000AD0C0100000000000000000089
:10596400EF53030000001000000000006B8C0200E5
:10597400000000000000000000C010500000000003
:105984000000000000000000000000000000000013
:105994000000000000000000000000000000000003
:1059A40000000000000000000000000000000000F3
:1059B40000000000000000000000000000000000E3
:1059C40000000000000000000000000000000000D3
:1059D40000000000000000000000000000000000C3
:1059E400000000000001000000A00D5000000000B5
:1059F40000000000000000000000000000000000A3
:105A04000000000000000000000000000000000092
:105A14000000000000000000000000000000000082
:105A24000000000000000000000000000000000072
:105A34000000000000000000000000000000000062
:105A44000000000000000000000000000000000052
:105A540000000000000000000000000055270100C5
:105A640000000000000000000000000015420100DA
:105A74000000000000000000000000005930010098
:105A8400000000000000000000000000B15101000F
:105A94000000000000000000000000007D50010034
:105AA400000000000000000000000000755C010020
:105AB400000000000000000000000000415601004A
:105AC40000000000000000009D710100E180010061
:105AD4002582010000000000000000003D73010069
:105AE400F39C0200B59D0200DD6F01000000000080
:105AF40000000000797D01000000000000000000AB
:105B04005DA2020000000000000000000000000090
:105B140034EC02000000020040EC020000000A0025
:105B240050EC020000002000000000000000000013
:105B34000000000000000000E9A0020000000000D6
:105B4400100A0020100A00200000000000000000DD
:105B54000E000000240A0020240A0020F9AC0100F1
:105B640000000000B024002000000000000000003D
:105B740069CF010000000000FF0000000090D00386
:105B8400FF0000000F000000710200005C0A00200A
:105B94005C0A0020640A0020640A0020000000005F
:105BA400000000000E000000000000007C0A00203D
:105BB4007C0A002000000000000000000E0000002D
:105BC40000000000940A0020940A00200000000055
:105BD400000000000E00000000000000AC0A0020DD
:105BE400AC0A002000000000000000000E000000CD
:105BF4000000000093B902008FB90200677420000E
:105C0400C80B0020180C0020F00B0020940C00207E
:105C1400840C0020DC0B0020040C00209ECADC2431
:0F5C24000EE5A9E093F3A3B50100406E06010160
:105C33000000000000000000000000000000000061
:015C43000060
:105C44000000000000000000000000000000000050
:105C54000000000000000000000000000000000040
:105C64000000000000000000000000000000000030
:0C5C740000000000000000000000000024
:045C80000000000020
:105C8400500B0020500B002000000000589400200E
:105C940000000000010000002800000000000000D7
:105CA400700B0020700B002000000000785D0020C5
:105CB4000000000001000000A80000000000000037
:105CC400900B0020900B0020000000008094002026
:105CD40000000000030000001C00000000000000A1
:105CE4000000000060810020440800000000000063
:085CF4000000000000000000A8
:105CFC00C80B0020C80B00200000000000000000B2
:105D0C000E000000DC0B0020DC0B0020000000006B
:105D1C00000000000E000000F00B0020F00B002033
:105D2C0000000000000000000E000000040C002029
:105D3C00040C002000000000000000000E00000019
:105D4C00180C0020180C00200000000000000000BF
:105D5C000E0000002C0C00202C0C00200000000079
:105D6C00000000000E000000400C0020400C002041
:0C5D7C0000000000000000000E0000000D
:105D8800540C0020540C002000000000010000000A
:105D9800640C0020640C00200000000001000000DA
:105DA800740C0020740C002000000000FFFFFFFFAF
:105DB800840C0020840C002000000000000000007B
:105DC800940C0020940C002000000000000000004B
:105DD800000000000000000000000000B00C0020DF
:105DE800B00C0020000000000000000000000000CF
:105DF800C40C0020C40C00200000000000000000BB
:0C5E080000000000D80C0020D80C002086
:105E1400000000000000000000000000EC0C002066
:105E2400EC0C002000000000030003001000000040
:105E34000000000084E602008492002000000000BC
:105E44000000000000000000180D0020180D0020C4
:105E54000000000003000300100000000D6F0100AB
:105E640020E70200E0930020000000000000000092
:105E740000000000440D0020440D0020000000003C
:105E840003000300000000000000000024E50200FD
:105E9400F88E002000000000000000000000000058
:105EA400700D0020700D00200000000001000100B2
:105EB400100000007954010070E602007C9100207B
:105EC4000000000000000000000000009C0D002005
:105ED4009C0D0020000000000300030000000000EF
:105EE4000000000038E602003491002000000000A9
:105EF4000000000000000000C80D0020C80D0020B4
:105F0400000000000C000C0004000000192A01002D
:105F140010E502001C8D00200000000000000000BD
:105F240000000000F40D0020F40D0020000000002B
:105F340001000100000000000000000038E502003C
:045F44004490002065
:045F480015E015E06B
:04000003100013A531
:00000001FF
