:020000040000FA
:1000000058080020893A0000F13A0000ADB900001C
:10001000CFB90000F1B9000035BA000013BA0000F2
:10002000D53A0000D53A0000D53A0000C955000085
:10003000F73A0000D53A0000FD3A0000033B00000B
:10004000D53A0000D53A0000D53A0000D53A000074
:10005000D53A0000D53A0000D53A0000D53A000064
:10006000D53A0000D53A0000D53A0000D53A000054
:10007000D53A0000D53A0000D53A0000D53A000044
:10008000D53A0000D53A0000D53A0000D53A000034
:10009000D53A0000D53A0000D53A0000D53A000024
:1000A000D53A0000D53A0000D53A0000D53A000014
:1000B000093B00000F3B0000153B00001B3B00000C
:1000C000D53A0000D53A0000D53A0000D53A0000F4
:1000D000D53A0000D53A0000D53A0000D53A0000E4
:1000E000D53A0000D53A0000D53A0000D53A0000D4
:1000F000D53A0000D53A0000D53A0000D53A0000C4
:10010000D53A0000D53A0000D53A0000D53A0000B3
:10011000D53A0000D53A0000D53A0000D53A0000A3
:10012000D53A0000D53A0000D53A0000D53A000093
:10013000D53A0000D53A0000D53A0000D53A000083
:10014000DF6000000D580000D53A0000D53A0000ED
:10015000D53A0000D53A0000213B0000273B0000C3
:1001600039EA0000D53A00002D3B0000333B000087
:10017000393B0000D53A0000D53A0000D53A0000DE
:10018000D53A0000D53A00003F3B0000453B000057
:10019000D53A00004B3B0000D53A0000D53A0000AC
:1001A000D53A0000D53A0000D53A0000D53A000013
:1001B000D53A0000D53A0000D53A0000D53A000003
:1001C000D53A0000D53A0000D53A0000D53A0000F3
:1001D000D53A0000D53A0000D53A0000D53A0000E3
:1001E000D53A0000D53A0000D53A0000D53A0000D3
:1001F000D53A0000D53A0000D53A0000D53A0000C3
:10020000D53A0000D53A0000D53A0000D53A0000B2
:10021000D53A0000D53A0000D53A0000D53A0000A2
:10022000D53A0000D53A0000D53A0000D53A000092
:10023000D53A0000D53A0000D53A0000D53A000082
:10024000FB600000D53A0000D53A0000D53A000026
:10025000D53A0000513B0000573B00005D3B0000D9
:10026000633B0000693B00006F3B0000753B0000F2
:10027000D53A0000D53A0000D53A0000D53A000042
:10028000D53A0000D53A0000D53A0000D53A000032
:10029000D53A0000D53A0000D53A0000D53A000022
:1002A000D53A0000D53A0000D53A0000D53A000012
:1002B000D53A0000D53A0000D53A0000D53A000002
:1002C000D53A0000D53A0000D53A0000D53A0000F2
:1002D000D53A0000D53A0000D53A0000D53A0000E2
:1002E000D53A0000D53A0000D53A0000D53A0000D2
:1002F000D53A0000D53A0000D53A0000D53A0000C2
:10030000D53A0000D53A0000D53A0000D53A0000B1
:10031000D53A0000D53A0000D53A0000D53A0000A1
:10032000D53A0000D53A0000D53A0000D53A000091
:10033000D53A0000D53A0000D53A0000D53A000081
:1003400017610000D53A0000D53A0000D53A000008
:10035000D53A0000D53A00007B3B0000813B00000D
:10036000873B00008D3B0000933B0000993B000061
:100370009F3B0000A53B0000AB3B0000D53A0000CE
:10038000D53A0000D53A0000B13B0000B73B000071
:10039000BD3B0000C33B0000C93B0000CF3B000059
:1003A000D53A0000D53A0000D53A0000D53B000010
:1003B000DB3B0000E13B0000D53A0000D53A0000ED
:1003C000E73B0000ED3B0000F33B0000F93B000081
:1003D000FF3B0000053C0000D53A0000D53A000084
:1003E000D53A0000D53A0000D53A0000D53A0000D1
:1003F000D53A0000D53A0000D53A0000D53A0000C1
:10040000D53A0000D53A0000D53A0000D53A0000B0
:10041000D53A0000D53A0000D53A0000D53A0000A0
:10042000D53A0000D53A0000D53A0000D53A000090
:10043000D53A0000D53A0000D53A0000D53A000080
:1004400033610000D53A0000D53A0000D53A0000EB
:100450000B3C0000113C0000173C0000D53A0000A6
:100460001D3C0000233C0000D53A0000D53A0000B6
:08047000D53A0000293C000010
:100480007FE97FE905F034BF7FE97FE905F042BFEE
:100490007FE97FE905F074BF7FE97FE905F062BF7E
:1004A0007FE97FE905F048BF000000000000000080
:1004B000000000000000000000000000000000003C
:1004C00001015F5F030100001F01000081120000B5
:1004D000000000000000000001000000010000001A
:1004E000000000000000000000000000000000000C
:1004F000021F00000000000000000000700000006B
:100500001605010080000000000F0000010000003F
:100510007106000001015F5F000100001F00000084
:10052000D1370000000000000000000003000000C0
:1005300001000000000000000000000000000000BA
:1005400000000000051F0000000000000000000087
:100550008000000070000000400000002105010044
:10056000600000000107000001000000652E00008F
:1005700001015F5F010100001F0100004B19000035
:10058000000000000000000000000000010000006A
:10059000000000000000000000000000000000005B
:1005A000011F000000000000000000003F050100E6
:1005B00070000000020F000001000000810D00002B
:1005C00001015F5F040100001F010000C929000054
:1005D000000000000000000000000000010000001A
:1005E000000000000000000000000000000000000B
:1005F000011F000000000000000000006405010071
:10060000400000000507000001000000B5270000C1
:1006100000015F5F02000000FE0B00005956000061
:10062000001E0000000000000000000000000000AC
:1006300000000000000000000100FFC3000000C433
:0C06400000FE0000E0530020000000005D
:10066000024B1B6803600020704700BFD831002098
:100670002DE9F04F04680646A3B0002C40F0EA8054
:10068000042702AD2022214628460EF013FC0DF16E
:100690004809202221460AA80EF00CFC40222146DF
:1006A00048460EF007FC06F1200353F8041D3A46B5
:1006B000013F09B1174601E0002FF6D14FF00408C1
:1006C00006F1300353F8041D424608F1FF3809B122
:1006D000904602E0B8F1000FF4D12FB96FF0830417
:1006E000204623B0BDE8F08F40234A4600217068C1
:1006F0000BF0F1F94028F1D1CDE902900124A9468F
:1007000006F1100AA74225D10DF128094C464FF0F9
:10071000000B06F11C0AD84529D1504BB26802994A
:100720001A600023CDE90033039B402B7ED10B8D53
:10073000180A032840D0012867D00968831ECDE934
:100740000012092B75D8DFE803F01F373C42484EF2
:10075000545A656B5AF8040FC9F80C0018B12146B9
:1007600070680BF0DAF949F8080F0134CAE75AF853
:10077000040F606018B1594670680BF0E6F944F850
:10078000080B0BF1010BC6E76A4628460AA901F0DF
:1007900026F804464FF0000AD0454DD14FF001082D
:1007A00047459DD055F838301BB1414670680BF075
:1007B000C0F908F10108F3E728460AA900F00AF990
:1007C000E7E76A4628460AA900F048FEE1E76A46DC
:1007D00028460AA900F062FDDBE76A4628460AA916
:1007E00000F0F3FED5E76A4628460AA900F0F1FFBB
:1007F000CFE76A4628460AA900F0EEFFC9E76A4635
:1008000028460AA900F0C8F9C3E728460AA901F05A
:1008100089F8BEE76A4628460AA901F090F8B8E7C9
:100820006A4628460AA901F08DF8B2E76FF0800405
:10083000B0E76FF08504ADE7D9F800302BB1514631
:10084000D9F8042070680BF08CF90AF1010A09F15B
:100850000809A1E76FF0850442E700BFD831002006
:1008600008B54FF4FA52002102480EF023FB002095
:1008700008BD00BF981200200023F7B50C6807469A
:100880000E461546019314BB22B3146001A8FFF76E
:10089000E7FEA8B94FF47A7C104A0CFB04F3D15858
:1008A000A646013471B94FF0010E02EB030C42F879
:1008B00003E0019910331344CCE9011734602B6035
:1008C00003B0F0BD082CE8D16FF08400F8E76FF0BA
:1008D0008800F5E76FF08600F2E700BF981200206D
:1008E0000023F7B505680193013D072D036004D986
:1008F0006FF08604204603B0F0BD01A8FFF7B0FEFC
:1009000004460028F6D14FF47A735D430A4E7359BA
:100910007719012BECD17A68019B9A42E8D105F155
:1009200010004FF47672214630440EF0C3FAC7E946
:1009300001447451DEE700BF98120020002373B514
:100940004C1E072C06461546019303D96FF088000C
:1009500002B070BDC2B101A8FFF782FE0028F7D136
:100960004FF47A7202FB04F1094B5C585A18012CBF
:10097000ECD19468B442E9D15468019A9442E5D12B
:10098000103119442960E3E76FF08600E0E700BF0B
:1009900098120020B0F5105F11D101F0FE43B3F1C1
:1009A000A06F094B08BF21F47E11994209D0074B73
:1009B000994206D006480B1A584258417047002009
:1009C00070470120704700BF00444004000240050A
:1009D0000002C00300232DE9F043D0F8008085B069
:1009E000B8F828900546A9F540720F460293082AE8
:1009F00050D8DFE802F0192A354F4F4F4F4F05000E
:100A00000A6812B96FF080040AE04B68032BF9D929
:100A1000D8F804305F49591A4B424B411360002407
:100A2000204605B0BDE8F0830B1D01934B68009391
:100A30000B68D0E90212D8F804000BF010FC044651
:100A40000028EDD000237B60EAE7436900938168CA
:100A5000D0E90323D8F804000BF014FC0446DFE7C8
:100A60000E68002ECED04B68032BCBD9D8F80830B7
:100A700031460320336002AAFFF7FEFE0446002839
:100A8000CED1D8F8041002980BF080FB0446002861
:100A9000C5D02BE00320D8F8081002AAFFF74EFFBC
:100AA0006FF441734B44022B04465DD83E68002E20
:100AB000A8D07B68032BA5D9D8F80830336000286C
:100AC00056D040F207339945A9D0A9E70298D5E955
:100AD00002120BF07BFBC1E7029807F10C03D7E988
:100AE00002120BF087FB044620B900243046FFF7C2
:100AF000F7FE95E70023FB6092E70298D5E9021222
:100B00000BF089FB044600288AD1EEE702980BF02F
:100B100032FB0446EAE700233E680393002E3FF4CD
:100B200071AF7B68032B7FF66DAFAB68002B3FF492
:100B300069AFEA68032A7FF665AF1B683146032078
:100B4000336003AAFFF798FE044600287FF468AFDD
:100B5000DDE902010BF0BFFB044600283FF460AF63
:100B6000C4E76FF085045BE700287FF459AF0646C1
:100B7000A9F20333042BF4D801A252F823F000BFEA
:100B8000CD0A0000170B0000D90A0000FB0A000084
:100B90000D0B00000900000200232DE9F047066854
:100BA0008EB0B6F828900DF1140807460D4692460F
:100BB000D2E900214046049300F0BCFEB9F5106F65
:100BC0000FD12B1D03936B6802932B680193FB6875
:100BD0000093BB68706898E806000BF0E3FF0446DA
:100BE00016E040F60113994516D12F68002F00F04A
:100BF00090806B68032B40F28C80B36839460420E8
:100C00003B6004AAFFF738FE0446002800F09280FB
:100C100020460EB0BDE8F0870420B16804AAFFF7B3
:100C20008DFE0446A8B140F60A139945F0D12F680D
:100C3000002F6ED06B68032B6BD9B3683B60002C20
:100C40007FD104980BF0D2FD04463846FFF748FEEA
:100C5000DEE7A9F60219B9F1080F68D801A353F825
:100C600029F000BF890C00009D0C0000A70C0000BB
:100C7000CF0C0000B50C0000190D0000C30C0000E3
:100C8000DD0C00002F0C00002968002941D06B68A2
:100C9000042B3ED104980BF0D7FDA0E7316B0498EC
:100CA0000BF0DBFD9BE7718D0498D7E902230BF075
:100CB0008AFE94E7718D0498D6E90C2306F082FC35
:100CC0008DE70498D5E900120BF0D8FD87E7718D08
:100CD000049898E80C000BF07FFE80E72E68C6B100
:100CE0006B68032B15D9B96899B1FA681C2A10D121
:100CF00007A80AF0B3FEDAF8040007A900F01DFE09
:100D00004246049907A80BF0CFFD059B04463360CB
:100D10007EE76FF080047BE7FB68718D0193BB6811
:100D20000498009398E80C0006F07EFC57E76FF0FB
:100D300085046DE77168049806F0EAFB0446002814
:100D400083D1002464E700BF08B514220249034898
:100D50000AF084FE014808BDFC2900009C520020D6
:100D600008B54FF40251044801F086FF034805F02E
:100D700077FB002008BD00BF1C3200202D190000A9
:100D80006FF47A72F0B50368044613448DB0032BF8
:100D900000F29380DFE803F0022E62800369082BE3
:100DA00002D06FF0800554E08569042DF9D100214F
:100DB000406808AA0AF08FFE0828F2D12B460221CB
:100DC000606806AA0AF087FE0428EAD165697DB149
:100DD000012160680AF0A1FE394B1860069BCDE93D
:100DE0000053DDE90823A06800F016F9054630E05D
:100DF0002846F1E70369082BD3D14569042DD0D1EA
:100E00000021406808AA0AF066FE0828C9D12B46CE
:100E10000121606806AA0AF05EFE0428C1D1266A94
:100E2000D6B1002160680AF090FE254B186005AB32
:100E3000CDE90163069B0093A068DDE9082300F07B
:100E40002BF9054628B926B10146059A60680AF0D3
:100E500088FE28460DB0F0BD3046E6E70369082B52
:100E60009FD1076A0C2F9CD10021406806AA0AF086
:100E700032FE082895D1DDE9062308AE0096A06869
:100E800000F046F905460028E3D101463B463246CC
:100E900060680AF02CFEDCE70369082B81D1002191
:100EA000406808AA0AF017FE08287FF47AAFDDE947
:100EB0000823A06800F03EF998E76FF08505C8E7C1
:100EC000DC310020014B1868704700BFDC31002086
:100ED0001FB5CDE90201084301921BD004220F483F
:100EE0000DEB02010AF0BAFD08220D480DEB0201DC
:100EF0000AF0B4FD01980B4BDFF82CC00B4AB0F59B
:100F0000807F08BF9C460549604600F00FFE05B093
:100F10005DF804FB6FF08600F9E700BFB0520020D7
:100F2000B4520020E0310020F831002010320020BF
:100F300030B5334B85B09D6AA8470369042B23D194
:100F4000A847304C8368A360A847037D01A8237697
:100F500003F0C0FEC0B9019BA26863609DF80C302D
:100F600021465343029A2848B2FBF3F22282274AD1
:100F7000E36000F082FD98B9234800F0BBFD30B972
:100F8000A8470369042B0DD06FF0800008E01E48CD
:100F900000F0CAFD20B91C4800F0ACFD0028EFD0DD
:100FA00005B030BDA8471A4C8368A360A847037DED
:100FB00001A8237603F080FE0028E5D1019BA268FA
:100FC00063609DF80C3021465343029A1148B2FBEE
:100FD000F3F222820D4AE36000F04FFD0028DFD1DA
:100FE0000C4800F087FD0028DAD00A4800F09CFD8C
:100FF0000028D5D1074805B0BDE8304000F07ABDE3
:10100000986100007C120020F8310020DC290000EB
:1010100060120020E031002019462DE9F04152EA2B
:1010200001030446DDE90665104626D0072D28D8C1
:101030002246FFF74DFF30B9134B9B68DB0705D500
:101040006FF084001BE010F18C0F18D10E4F45F4A7
:101050004035BD607E60FFF735FF00230B4D0790E4
:101060000B4806933A463346B4F5807F18BF2846AE
:10107000BDE8F041074900F06DBD6FF08600BDE8A6
:10108000F0816FF08500FAE710320020F83100207F
:10109000E0310020B05200202DE9F341194652EA18
:1010A00001030546089F10460A9E04D16FF0860092
:1010B00002B0BDE8F0812A46FFF70AFF0028F7D109
:1010C0000F4B1C68BC42F1D3099BE41B9C4228BF18
:1010D0001C460C4A0C4B3460B5F5807F14BF984613
:1010E0009046FFF7EFFE3B460090224640460749F8
:1010F00000F039FE0028DBD000233360D8E700BFC2
:1011000010320020E0310020F8310020B0520020E1
:1011100038B50546194610462A46049CFFF7D8FE06
:1011200028B9034B1A689B68C4E90022A36038BD44
:101130001032002010B50446194610462246FFF72B
:10114000C7FE80B9084B9B68DB070AD40748084BE9
:101150000849B4F5807F18BF1846BDE8104000F07C
:10116000F2BD6FF0840010BD10320020E03100208D
:10117000F8310020B0520020F8B51D46036804463F
:101180005B680E46174698470B4BC0F3410013F8B7
:10119000202063680699E0681D442368B1FBF2F2E1
:1011A00000FB065039469B6998470028B4BF6FF092
:1011B00091000020F8BD00BFF02900002DE9F74F95
:1011C0000C9C07469246002C55D0C26840681E18F9
:1011D0003B6802FB01665B689847284BC0F34100FF
:1011E00013F82080B6FBF8F908FB09F94E4540D00A
:1011F0003B680DF1040B0122594648465B6998474C
:10120000002804DA6FF0910003B0BDE8F08FA6EB80
:101210000901621890458EBF2546A8EB06054D448E
:101220002A46504659440AF019FC641B1FD0444515
:101230000FD3B4FBF8F93B684A465B690AEB05013A
:10124000A81998470028DDDB08FB09F3E41A0ED043
:101250001D443B6801225B6901A970199847002869
:10126000D0DB224601A90AEB05000AF0F7FB0020BB
:10127000CAE70025DBE72046C6E700BFF0290000EB
:1012800008B5FFF7EDFA40B9FFF75EFDFFF768FD1F
:1012900018B9BDE8084006F00DBC08BD134640F281
:1012A00009522DE9F04F0026D0F8008089B0B8F837
:1012B00028B0074693450D46059618D10A688368FD
:1012C0002AB96FF08004204609B0BDE8F08F496864
:1012D0000329F6D9002BF4D0C1680129F1D9D8F837
:1012E00004101888FFF756FB10600024EBE70DF19F
:1012F00018094846D3E9002100F01CFBBBF5A06F9C
:1013000013D12B1D03936B6802932B680193FB6829
:101310000093BB68D8F8042099E8030006F0EEF9C2
:1013200004460028CFD06E60CDE740F201539B45C4
:101330000FD12B1D03936B6802932B680193FB68FD
:101340000093BB68D8F8042099E8030005F08AFEF2
:10135000E6E7ABF2025A1FFA8AF3012B19D82E687E
:10136000002EAED06B68032BABD9D8F808303146CD
:101370000120336005AAFFF77FFA0446002CA2D1B2
:10138000BAF1060F67D8DFE80AF032411E2B495444
:1013900061000120D8F8081005AAFFF7CFFAABF2D8
:1013A0000753012B0446E9D82E68002E89D06B68BC
:1013B000032B86D9D8F8083033600028E0D0BBF57D
:1013C000A16F92D07FE705982B1DD5E900120BF095
:1013D0003CFB044600283FF476AF00236B6072E7C5
:1013E0000598D7E902120BF0C2F804466BE7D8F86B
:1013F0000430059899E806000BF0A1F8044600288F
:101400003FF473AF3046FFF76BFA5CE7D8F804306F
:10141000059899E806000BF09EF8EFE72B1D019365
:101420006B68059800932B68D7E902120BF0BDF8A2
:10143000CFE7059805F10C03D5E902120BF0CFF8C0
:1014400004460028DED00023EB603CE705980BF053
:1014500068F80446D6E76FF0850434E72DE9F04FCD
:101460000027D0F8009089B0B9F828B00DF118081D
:1014700006460D46D2E900214046059700F05AFA8B
:10148000BBF5806F15D12B1D03936B6802932B68FE
:101490000193F3680093B368D9F8042098E8030037
:1014A0000BF000F8044600B16F60204609B0BDE8BB
:1014B000F08F40F201439B450ED17369029333696B
:1014C0000193F3680093B368D9F8042098E8030007
:1014D0000AF0FDFF0446E8E7ABF2024A1FFA8AF37E
:1014E000012B1AD82F6817B96FF08004DDE76B68FD
:1014F000032BF9D9D9F80830394602203B6005AAF8
:10150000FFF7BAF90446002CCFD1BAF1050F59D82C
:10151000DFE80AF01F2D353B49530220D9F80810A7
:1015200005AAFFF70BFAABF20543022B0446EAD8F3
:101530002F68002FD8D06B68032BD5D9D9F8083085
:101540003B600028E1D040F207439B45ADD1002429
:10155000ABE7D9F80430059898E806000AF031FFA7
:1015600004460028F3D03846FFF7BAF99DE7D9F8CA
:101570000430059898E806000AF02FFFF0E7059878
:10158000D6E902120AF035FFA4E7059805F10C032D
:10159000D5E902120AF03FFF044608B90024E2E749
:1015A0000023EB6081E70598D6E902120AF060FF9C
:1015B000044600287FF479AFF0E705980AF0A5FE0D
:1015C0000446D0E76FF085046FE72DE9F04F4FF048
:1015D000000807688DB0B7F828B00DF12809064655
:1015E0000D46D2E900214846CDF8248000F0A2F94A
:1015F000BBF5C06F1ED12B1D07936B6806932B683C
:101600000593F3680493B368039373690293336992
:1016100001937B6A00937A6807F1140399E8030049
:1016200005F09CFD044608B1C5F8048020460DB0C5
:10163000BDE8F08F40F201639B4517D12B1D079346
:101640006B6806932B680593F3680493B368039360
:1016500073690293336901937B6A00937A6807F197
:10166000140399E8030005F0D3FDDBE7ABF2026A4F
:101670001FFA8AF3012B20D8D5F80080B8F1000FAB
:1016800002D16FF08004D1E76B68032BF9D9BB68F6
:1016900041460520C8F8003009AAFFF7EDF80446D6
:1016A000002CC3D1BAF1090F00F29080DFE80AF0F4
:1016B0002330525F66776C377D4D0520B96809AAE3
:1016C000FFF73CF96FF4C1635B44022B0446E7D893
:1016D000D5F80080B8F1000FD3D06B68032BD0D9B8
:1016E000BB68C8F800300028DCD040F20B639B4593
:1016F0009CD100249AE77B68099899E806000AF0D3
:1017000097FF04460028F4D04046FFF7E9F88DE73C
:101710007B68099899E806000AF096FFF1E705F161
:101720000C030293EB6809980193AB680093D5E929
:10173000041205F114030BF003F8044608B9002461
:10174000E2E70023EB606B6170E709980AF061FF44
:101750000446D9E709982B1DD5E900120BF0B8F91A
:10176000044600283FF462AF00236B605EE70998EF
:10177000D6E9021205F014FE044657E70998D7E9A6
:1017800003120AF06DFFF7E72B1D01936B680998B0
:1017900000932B68D6E902120AF0A6FFE0E7099849
:1017A000D6E902120AF078FFE6E7F3680998019398
:1017B000B3680093D5E9021205F10C030AF0F2FFB9
:1017C00004460028BBD00023EB602FE76FF08504B0
:1017D0002CE76FF0850070476FF0850070472DE9AA
:1017E000F0418EB003ACD0F8008006460D46174697
:1017F000D2E90021204600F09DF840F20322B8F81B
:101800002830934203D0A3F50273012B0ED8B168A0
:1018100011B96FF080043CE0F2681C2AF9D107A8E6
:101820000AF01CF9786807A900F087F8B8F82830A2
:10183000A3F50073092B72D8DFE803F01A71710564
:10184000142F3D464B63D6E904122E68002EE0D0DB
:101850006B68032BDDD9234607A805F0C3FA0446BD
:10186000039B4CE094E8030005F078FA044610E08E
:1018700094E8030007AA2E680AF045FB2B6804468B
:10188000002BC6D06A681C2AC3D8304607A90AF0C4
:10189000E5F820460EB0BDE8F0812B1D0093D5E998
:1018A000002394E803000AF068FB04460028F0D007
:1018B00000236B60EDE72B1D0093D5E9002394E82E
:1018C00003000AF083FBF0E794E803000BF0E5F96E
:1018D000CCE7002205A811462E6800F02BF82B68F3
:1018E000002B96D06B68032B93D994E8030005ABCB
:1018F00007AA0AF099FB04460028CAD1059B336069
:10190000C7E72E68002E84D06B68032B81D921464F
:1019100007A805F0A3FF04460028A1D0B9E76FF09F
:101920008504B6E7D1E9000105F0D6BE0FB400206A
:1019300004B07047C0E900217047886170476FF0BC
:10194000850070476FF085007047FFF7F1BA08B562
:10195000036800209B689847002818BF6FF091002B
:1019600008BD0020704770B504460E460025E368A8
:10197000AB4201D8002070BD606806FB03002368FD
:101980002844DB69984710B9A3681D44EFE76FF05E
:101990009100F0E72DE9F04F03688FB006AA0446E6
:1019A0000E46D3F80C8000F002FC00285FD10BA893
:1019B00000F0F4FE014600285CD1DDE9067A202221
:1019C00006A8099D0DF076FA3146204606AA00F0D9
:1019D00039FD00284BD1834681462368DB8A5B456D
:1019E00015D8002D35D12946204603AA00F067FC02
:1019F00000283CD12946204603AA00F082FEB0BB55
:101A0000204600F067FE78B36FF083002FE0B34507
:101A10001CD05946204606AA00F0C9FB38BB069BDD
:101A2000BB420DD10BA800F0B9FE48B9079B534546
:101A300006D9984528BF98465B1B0793099B994494
:101A40005946204606AA00F0FDFC80B90BF1010BB7
:101A5000C3E743462A4639462046CDE900A900F0AF
:101A6000A3F920B9002FCBD1204600F08BFB0FB09B
:101A7000BDE8F08F6FF08B00F9E7F8B50D4617461B
:101A8000064670B369B362B30B8ACA68C98A012B70
:101A90004FEA411112D9032B10D0022BA88A23D16F
:101AA000A2F114035B1A834234BF6FF08604002452
:101AB000824201D26FF08604012302E06FF08604B7
:101AC000023B0C20083100FB03118A4209D344B9C0
:101AD0001822214630460DF0EDF9C6E900572046A0
:101AE000F8BD6FF08604FAE7824234BF6FF08604D7
:101AF0000024E5E737B5054600F090FD044658B9E7
:101B00004FF08071284601AA00F0BBFB38B9284687
:101B10000199FFF73FFF0446204603B030BD10F1A6
:101B20008C0F18BF0446F7E700F09CBC10B58AB0D4
:101B3000144602AB01AA00F075FB40B9059B636037
:101B4000049B2360BDF81830A3600AB010BD6FF08D
:101B50008B00FAE72DE9F04393B00DF12808044615
:101B6000894615460021202240461F461A9E0DF048
:101B7000A1F94FF6FF73CDE9053325B96FF0860063
:101B800013B0BDE8F083AB68B3F1807FF6D2236871
:101B900049465A8A6B682046013B1344524213401F
:101BA0006B6005AA434600F03DFB002840F08580AD
:101BB000AB6805999A0306D50D9AD5F804C062451D
:101BC0006ED10C900E9306914FF6FF73069A9A42CF
:101BD0007CD121686B68898A8B42CFD807A9CDE96F
:101BE000028106A90191A9682046009105998A1AE7
:101BF00018BF0122494600F0C0FB0028C0D1002FC9
:101C00006CD120460A9907AA00F07BFD002851D12B
:101C100006994246204600F015FC0146002849D1AD
:101C2000DDE905539D4228BF1D4620462A4600F0A7
:101C3000DFFC00283ED14FF6FF72059B93420FD088
:101C4000069A93420CD09A4238BF1A462046691C25
:101C500000F0CEFC70BBDDE905539D4238BF1D4648
:101C600023682046DA8A691C00F0C2FC10BB0A9B7C
:101C7000002B62D1002F60D0204600F083FA0028AC
:101C80007FF47EAF4FF6FF73059999423FF478AF2A
:101C9000069B99423FF474AF2046FFF77BFE6FE747
:101CA0000E9B424643F0807320460E9300F0CAFB21
:101CB000002889D06FF0830062E710F18C0F7FF469
:101CC0005FAFAB68DB037FF55BAF7DE720460A992A
:101CD00007AA00F0F4FA002891D0EBE723685B8AAA
:101CE0005A1E3242E6D17D1E1D445B421D400C9BB4
:101CF0009E42DFD82A4631460D9800F043FD002869
:101D0000D8D11B9B4246CDE900532046334607A954
:101D100000F0C0F80028CDD10C9B3E440A999E42A9
:101D20002046079D88BF0C9600F027FA29460790A9
:101D30000A9A204600F083FB63E7204600F0CAFCC5
:101D4000002899D0B6E713B5002301AA044600F095
:101D500069FA28B920460199FFF71CFE02B010BDB0
:101D60006FF08B00FAE770B58CB015461C4603AADD
:101D700004AB064600F056FA98B92A462146069862
:101D800000F000FD58B9109B2246009330462B46C8
:101D900004A900F05EF8002818BF6FF083000CB0B3
:101DA00070BD6FF08B00FAE72DE9F04786B016465C
:101DB000DDE90E9703AA054688469A4600F07FFAA9
:101DC000044698B9059B414633442846059300F0E4
:101DD000D4F906467FB101464A462846CDE900A718
:101DE000039B00F0D7FB28B16FF08304204606B0B8
:101DF000BDE8F0870127049A4A450BD2A9EB0203FC
:101E0000CDE9002331462846039B00F0C3FB0028A0
:101E1000EAD1012742462846039900F010FB4146CB
:101E2000284603AA039600F06CFC044628B14246FB
:101E30003146284600F003FBD8E7B8F1000FD5D0B3
:101E4000002FD3D06B683146DB682868984704467A
:101E5000CCE72DE9FF410D461646096801AA044664
:101E60001F46DDF8288000F02AFA70B901994B1C52
:101E70000BD062686B680A9755684246AC4620688A
:101E8000334404B0BDE8F04160476FF0830004B014
:101E9000BDE8F0812DE9F3471546DDE90AA90F46B3
:101EA00098461168044600F068F96B687A689844AF
:101EB000A8EB0203CDE90023064601463B68204615
:101EC00000F068FB20BB6368CDF800A0D3F808A041
:101ED0004A46434631462068D047C8B9EB686A682D
:101EE000B9681A4423682046DB685B1A9B1ACDE95F
:101EF000002331463B6800F04DFB48B92B683BB1ED
:101F0000314663682068DB6802B0BDE8F0471847D7
:101F100002B0BDE8F08713B50C2404FB01F341685F
:101F200000948C68083341690068A04702B010BD76
:101F3000436810B5416904461B690068984750B969
:101F400023681A8A022A06D96268A1681846BDE881
:101F500010401269104710BD008A022814BF0338D0
:101F60000020704708B5FFF7F7FF0C2300FB033391
:101F700003EB4110083008BD2DE9F04F0024054661
:101F80000F46904626464FF00C098BB0D5F800A0BE
:101F90005046FFF7E1FF013086420ED300264FF096
:101FA0002009D5F800A0BAF816309E421DD30020B3
:101FB00088F800400BB0BDE8F08F09FB06F36A68B3
:101FC000CDF80090D2F804B039465046083302AA42
:101FD000D8470028EED102AB13F8012B01300C28B2
:101FE00084EA0204F8D10136D0E76B6831465046E6
:101FF000D3F804B0FFF7B6FF02AA034639465046AD
:10200000CDF80090D8470028D4D102AB13F8012BAB
:102010000130202884EA0204F8D10136C1E737B53F
:10202000837B01685A1CD2B28273097E04469142B6
:10203000416904BF02338373012900F10D020DD8F9
:10204000FFF79AFF40B90822636800929D686169B2
:102050000346A2182068A84703B030BD6FF0860081
:10206000FAE713B50C46114622790346012A09D135
:10207000036862791B7E9A420CBF6FF083000020D8
:1020800002B010BD022A04D11B68A2791B7E9A42BD
:1020900002D16FF08300F3E701290DD80DF107029B
:1020A000FFF76AFF0028EBD162799DF807309A426A
:1020B00018BF6FF09100E3E76FF08600E0E70822B9
:1020C000F0B5436887B000925C6800236A44054617
:1020D00019460068A0470246002834D000264FF079
:1020E000FF3408226B6800925F6801210023286892
:1020F00004AAB847002839D10122284604A9FFF7CD
:10210000B0FF002832D1002E35D02B689DF8162064
:102110001B7E9DF80E10B3FA83F35B0993421BD12B
:10212000002A0CBF01230223994203D191422CBF04
:102130000026012634462C61B4FA84F40020640998
:102140006C6107B0F0BD284602A9FFF78AFF04467C
:102150000028C3D10126C4E78B42E7D1002B0CBF76
:10216000012302239342E1D00646E3E7002EE2D1A9
:102170006FF08300E5E70124DDE709B940697047A6
:102180008068704710B50446FFF749FF70B963686F
:102190006169DB682068984740B9D4E90423204688
:1021A000C4E90432BDE81040FFF7C2BE10BDF7B568
:1021B000066805463046FFF7D5FE034620206968CD
:1021C00000904F68304629691446B847064640B922
:1021D0002868FFF7C1FE23680130834204D36FF003
:1021E0009706304603B0F0BD04F1140000F0D6FAB3
:1021F0000028F6D12D68E268AB8A9A42EFD8A3682E
:102200009A42ECD3D4E900372BB92846E98AFFF784
:10221000A9FEB842E3D83946E86800F0B3FA0028CE
:10222000DFD0DCE72DE9F0430746884691461C469F
:10223000002589B03B68DB8AAB4202D86FF08B0681
:1022400016E06A4629463846FFF7B1FFB0B90C22BE
:10225000414605A80CF0E8FD064668B9C9F80050EB
:1022600034B16D460FCD0FC495E80F0084E80F0020
:10227000304609B0BDE8F0830135DBE76FF0830637
:10228000F6E7F0B505460E461746002489B02B68E0
:10229000DB8AA34202D86FF08B0009E06A46214630
:1022A0002846FFF784FF38B9049B1E4202D03C60E9
:1022B00009B0F0BD0134EAE76FF08300F8E773B5C9
:1022C00006460C2000FB01F3716800904C683068F2
:1022D000316908331546A047044630B93368296888
:1022E0001A8A914204D36FF09704204602B070BD61
:1022F000D868D5E9011200F045FA04460028F2D169
:102300002B68012B03D83068C18AFFF72BFE6B685E
:102310008342EAD0E7E7F7B50C2606FB01F34168F4
:1023200000964F6808330169054600681446B847AF
:10233000034630B92B6821681A8A914204D36FF0A2
:102340009703184603B0F0BDD868D4E9011200F035
:1023500019FA03460028F2D12268012A09D82A680E
:102360001046FFF7F9FDD18A00FB066649010831E6
:10237000881962688242E4D0E1E72DE9F04F064611
:102380008B4691469846002789B0DDE9145A30689B
:10239000FFF7E2FD0130874202D36FF08D0421E0A8
:1023A000524639463046FFF78AFF0446002835D1A9
:1023B000DAF8082090452FD833685946DB682F603B
:1023C0009B1A6B600C22C5F80C8005F1140009F013
:1023D00045FB129BAC602B61DAF80830A3EB0803D5
:1023E000CAF8083000253368DB8A9D4205D26A4668
:1023F00029463046FFF7DBFE98B14FF6FF75139B79
:102400001D60CCB94FF6FF739D4208BF6FF08D047D
:10241000204609B0BDE8F08F0137B8E76FF08304BC
:10242000E0E705A800F0BAF920B1B9F1000FE6D154
:102430004FF001090135D6E76FF08D04E8E702B1EE
:102440008160704773B5056804462846FFF78AFD2A
:1024500003462020616800908E6828466169B04775
:1024600002B070BD70B58CB00546FFF728FE00289D
:1024700061D16E696B6831461B69286898470446CC
:10248000002878D1B6FA86F16B6828681B6949097B
:102490009847044600286ED12A680126137EB3FAB5
:1024A00083F35B09AB73138AC5E90406022B14BFDF
:1024B00002230123AB6002232B73D18A1046FFF75E
:1024C00051FDD36821461B1A029001AA28460393A6
:1024D0000196FFF720FD044600284CD106462B68E4
:1024E0000290DB6803932B681846FFF735FDB04276
:1024F00023D8002C4BD12B681846FFF72DFDA042A6
:1025000028D82022002104A80CF0D4FC00242B6839
:10251000DB8AA34232D82846FFF781FD48BB6B68AF
:102520006969DB6828689847044620BBD5E904231D
:10253000C5E904321FE000269CE7198A6A6802296F
:1025400014BF032100211846314412699047013617
:102550000443C8E71B8A2846022B14BF0323002329
:1025600023440134214601AA0193FFF7D4FC00283B
:10257000C1D06FF0830420460CB070BD21462846C0
:1025800004AAFFF75FFF0028F3D10134BFE76FF023
:102590009104F0E72DE9F04F044688461646994627
:1025A000C3B0DDE94CA51DB9284643B0BDE8F08FA6
:1025B000B5F5807F2F4628BF4FF48077636800977A
:1025C000D3F804B049465346206802AAD8470028E9
:1025D000EBD163680097D3F808B0414633462068D2
:1025E00002AAD8470028E0D13E44BA44ED1BDAE7FE
:1025F00073B5066804463046FFF7B4FC154602463C
:1026000029463046FFF7AEFC801ACDE9002020466F
:10261000D4E90431FFF7BEFF02B070BD2DE9F041EF
:10262000436805461B68006886B09847044628B989
:102630002846FFF744FD28B16FF08304204606B01A
:10264000BDE8F08108266B6805F108070096D3F80D
:1026500004803A46234629692868C0470028EBD100
:10266000394628462A69FFF7FCFC0028E4D12846B1
:10267000FFF75EFC04460028DED12B7B012B24D122
:10268000014603AA2846FFF746FE04460028D5D196
:10269000059B2A68C3F1FF23D26803F57F03F83353
:1026A0001344CDE90063324628462B696969FFF778
:1026B00071FF04460028C1D16B7B2846AB7302230F
:1026C0002B73FFF75FFD0446B8E7022B18BF6FF0CE
:1026D0008304B3E710B586B0002103AA0446FFF7D0
:1026E000EEFD60B92068049A059BD118C3682046A6
:1026F0005B1ACDE90023D4E90431FFF74BFF06B0A4
:1027000010BDF0B504460D4687B009B943691360A2
:1027100029462046FFF7FFFB0146C8B9D4E90476F5
:1027200085B90C2200212068FFF71CFC6A43143293
:10273000801ACDE900203B4631462046FFF72AFFAC
:1027400007B0F0BD204603AAFFF7B9FD014610B15E
:102750006FF08300F4E7204603AA0396FFF7DBFB44
:102760000028F5D1012DDCD00C2314226B430C3B47
:10277000019331463B4620460092FFF70BFF0028AD
:10278000CFD0DDE7814206D8401A904234BF6FF0C7
:102790008600002070476FF08600704700F10C0340
:1027A00010F8012B22B99842FAD16FF08B007047D4
:1027B000002070472DE9F04103680446A3F2F2338C
:1027C000A6B0032B00F2FD80DFE803F00D02919527
:1027D000042200F1200353F8040D1146013A0028A9
:1027E00052D00A4652E000230421169300F1200340
:1027F00053F8040D0A46013908B1114601E00029D9
:10280000F6D1042204F1300353F8045D1046013A76
:102810000DB1024601E0002AF6D12369042B03D052
:10282000012026B0BDE8F081206A0428F8D80129EB
:10283000F6D1012AF4D10021606806AA09F04BF90B
:102840000428EDD1A368002B16DB00220699A068AE
:1028500002F0BAFA0028E3D1216A069816AA02F01B
:1028600068FA05460028DBD1236A16AA00216068B1
:1028700009F03DF92846D4E7069806A902F0B9FA0E
:102880000028E2D00220CCE7002AA4D1042104F1E0
:10289000300353F8045D084601390DB1014601E0EB
:1028A0000029F6D12369042BBAD1012AB8D1002915
:1028B000B6D1606816AA09F00EF90428B0D1A36851
:1028C000002B0DDB00221699A06802F07DFA00288B
:1028D000A6D1169802F065FA003818BF0120A0E7CB
:1028E000169816A902F085FA0028EBD0CAE701F085
:1028F0003FFE002095E7002504260DF11808402230
:102900002946404616AFCDE90255CDE904550CF0F5
:10291000D1FA4022294638460CF0CCFA019504F150
:10292000200353F8041D3246013E59B13346164682
:10293000042504F1300252F8040D2946013D30B15E
:102940000D4606E0002EECD14FF0FF33F0E7002DEE
:10295000F1D12B43012B02D96FF0800061E70423F2
:10296000002160680DEB030209F0B5F80428F3D1EB
:10297000022E1FD16669402E20D8334642460121DF
:10298000606809F0A8F88642E6D1CDE9028602A97E
:1029900095B1236A402BDFD8CDE9047304AE3246EB
:1029A000019802F04BF90546002E3FF463AFDDE9D4
:1029B00004235BE70021EBE72E46F0E76FF0890088
:1029C0002FE76FF085002CE708B502F0B0F900287A
:1029D00014BF6FF09200002008BD00004F190000E6
:1029E000BD11000079110000631900006719000093
:1029F00001000000020000000400000054462D50B9
:102A000053412D43727970746F20312E312E300076
:102A100001680E4A0346914215D1C169A2F1102204
:102A2000A2F1EF1291420ED18268012A0BD8C2683E
:102A300012B101698A4206D0586928B19B691B1AF4
:102A40005842584170470120704700BF55AA00FF07
:102A50000E4B70B59E68B6B13046FFF7D9FF0446FD
:102A600018B9F3687BB935690DB9204670BD2846A1
:102A7000FFF7CEFF28B9EB68B34204D12E462D698B
:102A8000F2E70446F1E70124EFE700BFBC52002063
:102A9000394A2DE9F0411468D4B19468C4B10028D2
:102AA00068D0002966D001FB00F5B5FBF0F0884244
:102AB00060D1281D5ED8A9070DD025F0030104318F
:102AC000D46803E06068884207D2A469002CF9D179
:102AD0002046BDE8F0812946F2E7D4F80880B8F135
:102AE000000F02D0012008F0B6FF401A232804F19D
:102AF0002006D4E9057C1BD80123A360AFB1C7F839
:102B000018C0A36903B15F610023C4E905331369E9
:102B1000DB0703D5FFF79CFF0028E3D12A460021FD
:102B2000304634460CF0C6F9D2E7C2F80CC0E8E7EC
:102B300001F1200E04EB0E032038C3E901082069DF
:102B4000DFF83880DC60186144F80E80DFF830E090
:102B5000C3F81CE000B1C360C3E9057C47B1BB61A9
:102B6000986900B1436101202361C4E90110CBE7FA
:102B7000D360F5E70024ABE7BC52002055AA00FF64
:102B8000669911EEF8B5054600285DD0394F3B68CF
:102B9000002B59D0BA68002A56D0834203D87A68ED
:102BA0001344984202D3012008F055FFA0F12004FD
:102BB0002046FFF72DFF0028F5D155F8183C012BD2
:102BC000F1D155F8146C45F8180CB6B1B368002B68
:102BD0003BD155F81C3C03F1200273681344736029
:102BE00055F8103C336103B1DE60204620220021FD
:102BF0000CF060F9234634461E462069002830D088
:102C00008368002B2DD163684268203313446360CE
:102C10000369D4E905212361CAB9F1B9426981691F
:102C20006261A161DAB19461A26902B1546103B138
:102C3000DC60202200210CF03DF93B699B0703D5A5
:102C4000FFF706FF0028AED1F8BD0646D5E7916133
:102C5000A1690029E2D04A61E0E7F960F8E7FC6089
:102C6000E2E7002EE9D1FB68A36103B15C61FC607F
:102C7000E3E700BFBC52002038B50D461422002106
:102C8000044612480CF016F91149124803F0DEFB15
:102C9000232D1AD914F003031FBF043DED18C3F10F
:102CA0000403E4182A46002120460CF003F9074BE0
:102CB000094AC3E900459C602260A2F11022203D30
:102CC000A2F1EF126560E261DC6038BDBC52002009
:102CD000852B0000912A000055AA00FF000000008B
:102CE00008B54FF4CC7200210D480CF0E3F84FF416
:102CF00080730B498B6108A3D3E90023C1E9042346
:102D00000123A1F8903181F82830BDE8084000F097
:102D1000CBBA00BFAFF3008000BD40DFE143E14E1E
:102D2000A810002000000000002230B54C4C89B0F3
:102D300002AD04904FF4C87301200021CDE9004595
:102D4000CDE906220394ADF8142008F0BDFC10B1C3
:102D500001238DF81430049B0022009302204FF4CD
:102D6000C8730021019508F0AFFC10B101238DF864
:102D700015304FF4807238A1D1E90001039BC3E9FB
:102D800004019A61049BC3E904019A61002006A929
:102D900000F02DFE002858D12946012000F027FE22
:102DA000002852D1022007A900F021FE00284CD1B2
:102DB000079A029B9A429DF8143018BF0790012B86
:102DC00003D0002003A900F063FD9DF81530012B0E
:102DD00003D0012003A900F05BFD039B049993F845
:102DE0002830012B1CBF01238DF8143091F82830B6
:102DF000012B1CBF01238DF8153040F20113BDF8E3
:102E000014209A4225D09DF81430012B07D14FF49D
:102E1000C8721348A4F8903108F020FE07E09DF82E
:102E20001530022B13D04FF48073A4F8903194F82E
:102E300091010021013008F097FC10B110F18C0FC6
:102E400003D1074800F0A6FB002009B030BD0123E4
:102E5000DDE76FF08300F8E700BD40DFE143E14EBE
:102E6000A81000206FF47A72F0B5474B8DB018604F
:102E7000036804461344042B08D8DFE803F0032753
:102E80004867770003698668082B02D06FF08005D9
:102E900059E08569042DF9D10021406808AA08F09D
:102EA0001AFE0828F2D12B460221606806AA08F013
:102EB00012FE0428EAD1069B304601936369009311
:102EC000DDE9082300F092FC05463CE00369082B8D
:102ED000DCD14569042DD9D10021406808AA08F049
:102EE000FAFD0828D2D12B460121606805AA08F016
:102EF000F2FD0428CAD106AB0293236A0193059B15
:102F00000093A068DDE9082300F087FCDCE7036993
:102F1000082BBBD1076A0C2FB8D10021406806AA44
:102F200008F0D9FD0828B1D1DDE9062308AE0096E6
:102F3000A06800F086FC054628B901463B463246AB
:102F4000606808F0D4FD28460DB0F0BD0369082B79
:102F50009CD10021406808AA08F0BDFD082895D141
:102F6000DDE90823A06800F07CFCADE7056A042DCC
:102F70008CD100F089FC2B4608900021606808AADB
:102F800008F0B5FD0025DEE74012002038B5074BFC
:102F900002461D680C460B466868012108F09BFD3F
:102FA000844214BF6FF08000002038BD4012002022
:102FB0000B46044910B40C6802460021606810BC3E
:102FC00008F095BD4012002038B5084D2B4600F0A2
:102FD000FFF9044618B9BDE8384000F08DBA002169
:102FE000286808F0C1FB204638BD00BF441200200D
:102FF00008B50448FFF798FE024B034A383B53607C
:1030000008BD00BF98080020441200202DE9F347B6
:103010001F460023DFF864A001935346814688468B
:10302000164600F02BFA044608BB154DDAF80000EE
:10303000294601AAC5E90498AE6100F06FFC044678
:1030400078B9AE6ABE4216D30A9BF61B9E4228BFD1
:103050001E4605F1380031463844FFF7A9FF0B9BA7
:103060001E6040F64802002105480BF023FF204671
:1030700002B0BDE8F0876FF08604F2E7441200204A
:10308000600800202DE9F04F002585B0DDF838A05C
:103090000746BAF5006F0E4690469B46039571D8D9
:1030A000DFF8E8904B4600F0E9F9044600283AD1F1
:1030B000374DD9F80000294603AAC5E90476C5F8BA
:1030C000188000F02BFC044638BB2B6BDB074ED47A
:1030D000C5E90BAB4FF0010B5B46D9F800505146E8
:1030E0002C480193FFF752FF044698B9019B2749EA
:1030F000184600F041F9044660B9254BD9F80000A4
:103100001946C3F828A000F040FC0446F0B10DB108
:10311000C9F80050BBF1000F1FD042463846314677
:10312000FFF752FF19E010F18C0F1CD1184C40F63C
:103130004802294620460BF0BDFEC4E90BAB022332
:10314000AB46C4E90476C4F81880C8E7424638465E
:103150003146FFF739FF044660B140F648020021CE
:103160000B480BF0A7FE204605B0BDE8F08F6FF0CE
:103170008404D2E7002DF0D02146284608F0F4FA66
:103180000446EAE76FF08604EDE700BF4412002032
:1031900060080020980800202DE9F3471E46002310
:1031A000DFF84CA00193534681468846174600F04D
:1031B00065F90446B8B90F4DDAF80000294601AAAE
:1031C000C5E90498AF6100F0A9FB044628B9AB6AD1
:1031D0007360EB6A33602B6BB36040F648020021EA
:1031E00004480BF067FE204602B0BDE8F08700BF40
:1031F000441200206008002000232DE9F7431B4FF4
:1032000001933B4680460E46914600F037F904464E
:1032100020BB174D3868294601AAC5E90486C5F8C0
:10322000189000F07BFB044690B92B6BDB0719D498
:103230004A464046314600F037F9044640B900F0AE
:103240005BF9044620B92146386808F08DFA044637
:1032500040F64802002106480BF02CFE204603B041
:10326000BDE8F0836FF08404F2E700BF4412002051
:1032700060080020F0B500250A4CD4E910768E4293
:1032800008BF874205D1A66C964202D100201D607E
:10329000F0BD01350B2D04F12004EED16FF08B0051
:1032A000F6E700BFA81000200020F0B5DFB00290C4
:1032B00000F0A9FB02AD0246C0BB294600F097FB17
:1032C000024698BB2B4E029F304600F06BF9024637
:1032D00060BB03AC4FF4B47206F128012046C4F879
:1032E000687108F0BBFB4FF4B6722146304600F01F
:1032F00009FA0246D0B996F891714FF4C87200905D
:1033000033460021781C08F0C1F9024670B996F8DE
:103310009031206021460120029D86F8913186F887
:10332000907100F064FB68B16FF0830210465FB0EB
:10333000F0BD012000F067FB02460028F6D12368AB
:103340000133236023689D42F3D82146022000F018
:103350004EFB0028E8D123689D4201D80022E5E712
:10336000022000F050FB02460028DFD12368013321
:103370002360F0E7A810002070B50D4610B30023BD
:103380001C46124AD2E91016314308BF234604F105
:10339000010408BF00F1FF300B2C0ED020320028B2
:1033A000F0D1DC1C2046002108F0DEF910B110F14C
:1033B0008C0F01D100202C6070BD0028F1D06FF07F
:1033C0008D00F9E76FF08600F6E700BFA810002037
:1033D0002DE9F0471E4600238146884617468AB0ED
:1033E000244D02AC01930FCD0FC495E80F0084E883
:1033F0000F003A464846414601ABFFF73BFF1E4DE2
:10340000824668B9019C202205EB441430342146E1
:1034100002A808F023FB2022514620460BF04AFD6B
:1034200033687168DC1E05EB431343E9089805EB2C
:1034300044131C463034102220469F6408F00EFBD3
:10344000FFF732FF064688B1DDE90632134308D0A4
:10345000019B202205EB431502A905F1300008F07D
:10346000FDFA2022002120460BF024FD30460AB050
:10347000BDE8F087183A0000A810002037B51D46B7
:1034800001ABFFF7F7FE044648B9019B0549DA1C7A
:103490002A606868102201EB431108F0DFFA204629
:1034A00003B030BDD8100020002330B58BB001939D
:1034B00001ABFFF7DFFE0446C8B9019B0D4D20228A
:1034C00005EB4315294602A808F0C8FA2146202238
:1034D00028460BF0EFFCFFF7E7FE044620B1202260
:1034E000284602A908F0BAFA20460BB030BD6FF0AA
:1034F0008B04F9E7D8100020034B002193F89101C9
:10350000013008F031B900BFA810002030B589B0F3
:1035100004460D461822002102A80BF0CBFC002324
:103520004FF440710093194B6846CDE903134FF4F3
:103530001053ADF8043080234FF00821ADF8063069
:1035400008F030F800BB40F201116846104A07F05D
:10355000E3FFA0B90C232A4640F20121684608F097
:1035600045F860B92246694601A808F067F830B905
:10357000684607F0F5FF38B1206807F013FF68468A
:1035800007F0EEFF6FF0830009B030BD0002500578
:1035900002C0FF7F00F11C010C22014808F05EBA56
:1035A0004C1200201FB50822184904460DEB0200FA
:1035B00008F054FA042216490DEB020008F04EFA06
:1035C000029B039A013342F10002CDE90232134318
:1035D00014D008220D480DEB020108F03FFA042236
:1035E0000B480DEB020108F039FA0C22074904F1EF
:1035F0001C0008F033FA002004B010BD019B013319
:103600000193002BE5D16FF08300F5E74C12002009
:10361000541200202DE9F043994600238DB00E4648
:1036200009A904469046159F179D089300F05CF980
:1036300009A908A8FFF76AFF18BB169BCDE9006827
:10364000CDE90473149B1049CDE9029308980C232B
:10365000069504F11C0207F0C3FE28B1089807F094
:10366000A1FE6FF083000CE0296810221039296058
:103670002046394408F0F2F9089807F093FE002834
:10368000EFD10DB0BDE8F083000250052DE9F04107
:1036900004461D4600238CB0129E0F4609A9904691
:1036A000089300F021F921461022A81908F0D6F954
:1036B00009A908A8FFF72AFFC0B9159B1036069381
:1036C000149BCDE902560593139BCDE90078049332
:1036D0000B490C23089804F11C0207F0CFFE0346A7
:1036E000089833B107F05EFE6FF094000CB0BDE8AF
:1036F000F08107F057FE002818BF6FF08300F5E750
:1037000000025005002370B58EB00D460BA904468B
:1037100016460A9300F0E8F80BA90AA8FFF7F6FE90
:10372000F0B909AB06931023CDE90200CDE90443BB
:10373000CDE900560C230B490A9804F11C0207F04E
:103740004FFE03460A9813B9099B102B04D007F0CB
:1037500029FE6FF0830003E007F024FE0028F8D173
:103760000EB070BD00025005002370B58EB00D463E
:103770000BA9044616460A9300F0B6F80BA90AA84E
:10378000FFF7C4FEC0B909ABCDE9050310230490CF
:10379000CDE9024304F11C020C23CDE900560B498C
:1037A0000A9807F06BFE0346DDE90920134305D0B4
:1037B00007F0F8FD6FF094000EB070BD07F0F2FD59
:1037C000002818BF6FF08300F6E700BF0002500525
:1037D00000F000B808B5FFF70BFC30B100F056F868
:1037E00018B9BDE80840FFF703BC08BD30B419465E
:1037F00004461046DDE9022350EA010506D0072BF6
:1038000008D80292224630BCFFF73CBC6FF086001D
:1038100030BC70476FF08500FAE770B41946044673
:103820001046DDE9033250EA0106059D05D0CDE9D9
:103830000325224670BCFFF7E9BB6FF0860070BC21
:103840007047194610B40446104650EA0102019B25
:1038500003D0224610BCFFF79FBC6FF0860010BC5F
:103860007047194652EA010310B50446104608D0C5
:103870002246FFF7C1FC10F1950F08BF6FF08300DF
:1038800010BD6FF08600FBE700207047FFF728BAF5
:10389000F0B551F82070DDB0CB6801AD4FF4B472D3
:1038A00006460C46284607F128015B9308F0D6F837
:1038B0004FF4B67229463846FFF756FF80B12369A8
:1038C00083B14FF4B672294638465B93FFF74CFF3D
:1038D00000280CBF03230123344423725DB0F0BDE4
:1038E0000223F9E70123F7E71FB5D0E904230C46CB
:1038F000CDE90223042283690DEB020120460193E6
:1039000008F0ACF80822201D0DEB020108F0A6F823
:1039100004B010BD0F30000901307047F0B51546F6
:10392000002289B005AB019301F11C030F460093FF
:10393000114640F61C03064607F0C6FE00BB059C78
:103940000B2C1FD90C3CB4F5016F1BD820460696F2
:10395000FFF7E0FF07AB286003934FF4026307F122
:103960002806CDE90163042233463846009406A9AF
:10397000FFF78CFE10B9079B9C4201D06FF08300CB
:1039800009B0F0BD6FF09700FAE72DE9F04186B07D
:103990000490064608460D468F6AFFF703FE04466C
:1039A000B0B905AA03924FF4026207F1100805F1BD
:1039B0002803CDE9013228460422CDF8008004A96D
:1039C000FFF728FE10B9059B984505D06FF08304DA
:1039D000204606B0BDE8F08121460094304605F14E
:1039E0001C0307F11C0207F051FE0446F0E70A46EB
:1039F00008B511B96FF0830008BD042107F0E2FE9D
:103A00000028F9D0F6E708B507F0C4FE002814BF77
:103A10006FF08300002008BD0000000000000000DF
:103A20000000000000000000000000000000000096
:103A30000000000000000000000000000000000086
:103A400018060100E05200200B000000E005010014
:103A5000601200200E000000E00501006008002058
:103A6000000000000C530020E8090000981200201C
:103A700012100000600800208002000008B502F06B
:103A8000EBF800000000000008B572B60C4A0D4BC0
:103A90009A600D4B83F309880C4B83F30A8883F3F8
:103AA0000B880B4B04A1D1E90001C3E9000100F030
:103AB000E9F802F06FFC00BFA5EDF5FEA5EDF5FEFF
:103AC0000000000000ED00E0580800206000002029
:103AD00058080020EFF30880EFF309812DE9F00F7B
:103AE0006B46724600F074F908B0FFF7C7FFFEE7B7
:103AF00008B5FFF7EFFF08B5FFF7ECFF08B5FFF7D4
:103B0000E9FF08B5FFF7E6FF08B5FFF7E3FF08B5E3
:103B1000FFF7E0FF08B5FFF7DDFF08B5FFF7DAFFB5
:103B200008B5FFF7D7FF08B5FFF7D4FF08B5FFF7D3
:103B3000D1FF08B5FFF7CEFF08B5FFF7CBFF08B5FB
:103B4000FFF7C8FF08B5FFF7C5FF08B5FFF7C2FFCD
:103B500008B5FFF7BFFF08B5FFF7BCFF08B5FFF7D3
:103B6000B9FF08B5FFF7B6FF08B5FFF7B3FF08B513
:103B7000FFF7B0FF08B5FFF7ADFF08B5FFF7AAFFE5
:103B800008B5FFF7A7FF08B5FFF7A4FF08B5FFF7D3
:103B9000A1FF08B5FFF79EFF08B5FFF79BFF08B52B
:103BA000FFF798FF08B5FFF795FF08B5FFF792FFFD
:103BB00008B5FFF78FFF08B5FFF78CFF08B5FFF7D3
:103BC00089FF08B5FFF786FF08B5FFF783FF08B543
:103BD000FFF780FF08B5FFF77DFF08B5FFF77AFF15
:103BE00008B5FFF777FF08B5FFF774FF08B5FFF7D3
:103BF00071FF08B5FFF76EFF08B5FFF76BFF08B55B
:103C0000FFF768FF08B5FFF765FF08B5FFF762FF2C
:103C100008B5FFF75FFF08B5FFF75CFF08B5FFF7D2
:103C200059FF08B5FFF756FF08B5FFF753FF00002F
:103C3000064BD3F840231C2A05D1D3F84403431E76
:103C40005842584170470020704700BF00C0FF0035
:103C500003689A070CD50368DB070DD50922074BCB
:103C6000C3F80C250F22C3F8042501221A60FEE7D1
:103C7000034B0360EF3B0360704700BF00801050B0
:103C8000F000FA5008B50123424A4348C2F8003810
:103C9000424AD2F840231C2A04BF414AC2F80C34DD
:103CA000FFF7D6FF0830FFF7D3FF0830FFF7D0FF4C
:103CB0000830FFF7CDFF00F5F470FFF7C9FF394A70
:103CC000D2F88C3043F44063C2F88C300022D30029
:103CD00003F57F0303F54043D3F8001401310AD004
:103CE000D3F8001439B1D3F800140132D3F80434F6
:103CF000402A0B60EBD1274BD3F84024002A44D054
:103D0000FFF796FF48B1254BD3F83423264B9A4250
:103D10009EBF204B254AC3F84026FFF789FF18B104
:103D2000234B244AC3F8AC27FFF782FF48B1342263
:103D3000184BC3F82426D3F83C2622F40022C3F8FB
:103D40003C261D4B1749D3F80026D20744BF6FF01D
:103D50000102C3F80026194BD3F8182522F00302FC
:103D6000C3F81825D3F8182542F00302C3F8182524
:103D7000D1F88C2042F44062C1F88C200022104916
:103D8000C1F8D426C3F8A02508BDC822C3F8402432
:103D9000B6E700BF0000125000C50D5000C0FF0084
:103DA0000030055000ED00E0001D0A1840E0A91E9B
:103DB00000A0085078000A0400E0105000B0045041
:103DC00000600D507C22014907F048BE207200209F
:103DD00038B51D46234B244C5B68C3F308032360AE
:103DE000EFF3038363655306C4E90120E1602DD539
:103DF00002F00C020C2A08BF08460146206120226E
:103E00001A4807F02BFE25B120222946184807F052
:103E100025FE144B9A6AA265D96AE165986B206603
:103E200002F400406066586BA06602F08000E06615
:103E30009A62D962D3F8E4202267D3F8E810616768
:103E400002F04001A167C3F8E42038BDEFF394838A
:103E5000990704D5130702D5EFF38980CDE7EFF377
:103E60008880CAE700ED00E0207200203472002054
:103E70005472002000487047C46100001FB50D4A0D
:103E800001AB10685168128903C300211A80012315
:103E900001A88DF804308DF80810ADF8061000F078
:103EA000BBF818B110F1780F08BF002005B05DF81D
:103EB00004FB00BFDC610000F8B58507144618D18B
:103EC0000D4DA84215D82D1AB5EB820F11D30B4E0C
:103ED000D6F80075D6F8005507F00107C6F800754A
:103EE00000F072F8204605F47C553D43C6F80055B5
:103EF000F8BD6FF00400FBE700D0170000B00450DD
:103F000038B50346094D0846AB4214460AD8ED1AA7
:103F1000B5EB840F4FEA820204D3194607F09EFDE9
:103F2000204638BD6FF00400FBE700BF00D017004B
:103F300070B50478437841880679C288057A44EAE6
:103F40000324184B41EAC67142EA0542C3F8004512
:103F5000C3F80C15C3F81025D3F80424D207FBD5F9
:103F6000114A1268E2B10021427AC3F80C11D3F869
:103F70000C01C3F80411D3F80401C3F80811D3F8F5
:103F80000801C3F80011D3F8001152010749D2B259
:103F900081F84B234FF400628A600F22C3F8042398
:103FA00070BD00BF00B004500C7A002000E100E0BA
:103FB000044B40EA0120C3F80005D3F80024D207DF
:103FC000FBD5704700B004502DE9F04104460D4682
:103FD0001646DFF840800120D8F80075D8F80015A3
:103FE00007F00107C1F30521FFF7E2FF04EB8606A6
:103FF0002B1FA64204D13846BDE8F041FFF7D8BFD9
:1040000053F8042FD8F80404C007FBD544F8042B58
:10401000EFE700BF00B0045038B5064D2C7934B935
:104020002960FFF785FF012320462B7138BD6FF013
:104030007700FBE70C7A0020003A18BF0122003914
:1040400018BF012103688900074841EA420118634B
:1040500059605A6842F001025A60BFF34F8FBFF3B4
:104060006F8F0020704700BF04AAFF000123084A99
:10407000C2F8043302F58022C2F8043302F580222C
:10408000C2F8043302F58022C2F80433704700BF3F
:10409000000004500D4BD3F8000103F58023D3F842
:1040A000003183B9003818BF01208000084BD3F8D5
:1040B0000031002B074B18BF0420D3F80031002B30
:1040C00018BF042070470420F0E700BF0000045030
:1040D00000000C50000010500122024BC3F80423D2
:1040E000704700BF00100450034BD3F800010038A4
:1040F00018BF0120C0007047001004500022034B7D
:10410000C3F80021D3F80031704700BF00100450FD
:1041100000230A4AC2F80031D2F80021084AC2F846
:104120000031D2F80021074AC2F80031D2F800214C
:10413000054AC2F80031D2F800317047000004503F
:104140000000085000000C500000105000221046E3
:1041500030B50749074C51F8043BD3F800511DB165
:10416000D3F80404234018430132042AF3D130BDAC
:10417000E86100000000FFFF10B5FFF78BFF0B4C5C
:104180004207206002D5FFF7E1FF6060FFF7ACFF58
:10419000236818430307206006D5054BD3F8002495
:1041A0006260D3F80434A36010BD00BF147A00200D
:1041B000001004500C22014907F050BC147A002072
:1041C00000220D4BC3F80021D3F80011C3F80421DD
:1041D000D3F80411C3F80821D3F80811C3F80C214F
:1041E000D3F80C11C3F81021D3F81011C3F814211F
:1041F000D3F81431704700BF00500450054B064AF5
:104200001B680A20B3FBF2F35843044B43F001034D
:10421000184700BFE052002040420F00006200003B
:1042200070B54FF4FA7500F15024144E04F5802453
:1042300023682BB1236893B1FFF7C2FF00200DE084
:10424000D6F80831002BF5D1D6F80C31002BF1D17E
:10425000FFF7D4FF013DEBD16FF0730070BD074B4A
:10426000D3F8083123B1FFF7ABFF6FF00C00F5E78F
:10427000FFF7A6FF6FF00D00F0E700BF00500450FD
:104280002DE9F04105460E464FF4FA77104CD4F86C
:104290000084B8F1000F07D0FFF7B0FF013FF6D15F
:1042A0006FF00A00BDE8F0810123C4F800554FF417
:1042B0008870E360FFF7B4FF10F1740FF2D010F1D3
:1042C0000E0F14BF0020012030704046EAE700BF07
:1042D00000500450F8B506460D464FF4FA770B4CE3
:1042E000D4F8003433B1FFF789FF013FF8D16FF004
:1042F0000A00F8BD0123C4F804654FF48070C4F8C7
:1043000000552360BDE8F840FFF78ABF0050045015
:104310002DE9F04104464FF001080F4E4518A54223
:1043200001D800200AE04FF4FA77D6F800343BB108
:10433000FFF764FF013FF8D16FF00A00BDE8F0819C
:10434000C6F800454FF48270C6F80480FFF768FF96
:104350000028F3D10134E2E7005004502DE9F04188
:1043600004464FF001080F4E4518A54201D8002021
:104370000AE04FF4FA77D6F800343BB1FFF73EFF7E
:10438000013FF8D16FF00A00BDE8F081C6F80045A2
:104390004FF48470C6F80880FFF742FF0028F3D17D
:1043A0000134E2E700500450F8B505460E464FF4DC
:1043B000FA770C4CD4F8003433B1FFF71FFF013FFC
:1043C000F8D16FF00A00F8BD0123C4F800554FF48E
:1043D0008870E360FFF724FF0028F4D1D4F8083593
:1043E0003360F0E7005004502DE9F84316460446C8
:1043F0004FF00109124F4518A5421DD94FF4FA7824
:10440000D7F800343BB1FFF7F9FEB8F10108F7D156
:104410000120BDE8F883C7F800454FF48870C7F85D
:104420000C90FFF7FDFE10F1740FF1D00D300CBFB2
:1044300001230023337001D00020EAE70134DBE7D9
:104440000050045010B501F031FE044668B907F081
:10445000D5F960B1094AD36823F008031B041B0C8B
:1044600043F0BF6343F40033D360204610BD07F030
:104470000FFA0028EED045F22354F6E700ED00E0F5
:10448000024B1860024B002019607047247A00200C
:10449000207A00201FB5274C426923685A6282693E
:1044A0009A62C269DA62026A1A63426A5A63826A6B
:1044B0009A63C26ADA63026B1A64426B5A60826B57
:1044C0009A60C26BDA60026C1A61426C5A61826C4B
:1044D0009A61C26CDA61026D1A62826D5A65C26DB0
:1044E0009A65026FDA65026E1A66826E5A66426FCC
:1044F0009A66EFF388825A64EFF389829A6442687D
:10450000DA64EFF394821A65026801A81A67FFF76C
:1045100051FE2368019ADA6601221A70064B1C6864
:104520006408640020462146224623460AF040FDE6
:1045300004B010BD247A0020207A002000B5A1B07C
:1045400001A8FFF73FFC029B63B15B060AD4019B05
:1045500023F00203052B05D1044B1B6813B101A8FE
:10456000FFF798FF21B05DF804FB00BF207A002020
:10457000BFF34F8F0549064BCA6802F4E06213434C
:10458000CB60BFF34F8F00BFFDE700BF00ED00E041
:104590000400FA05254B264A4FF47A611A6001227D
:1045A000244B2548C3F80424D0F82436C3F308026A
:1045B000C3F309434B4382F480722049883201FBE4
:1045C00002334FF4FA215B00B3FBF1F201FB12332B
:1045D0001B49B3F57A3F28BF0132C1F80429D0F84E
:1045E00020364FF47A60C3F30802C3F30943434310
:1045F00042F21C5082F4807202F2172200FB023356
:104600004FF47A701B0AB3FBF0F200FB1233002068
:10461000B3F5FA7F4FF0010328BF0132C1F81C2720
:10462000C1F80009C1F80036704700BFE052002011
:104630000020A107002008E000C0FF00F82A008049
:104640000000125070B50446074E4518A54201D827
:10465000002070BD2046F369984710B904F58054D6
:10466000F4E743F65C20F4E7986100002DE9F84F89
:10467000DFF85CA00746DAF804308846154698470C
:104680000024144BC0F3410013F8209004F1800380
:10469000AB4294BF80262E1BB6FBF9FBDAF8143030
:1046A0005A460D493819984700280EDB5A46DAF861
:1046B0001830094908EB04009847002805DB34440A
:1046C000A542E3D80020BDE8F88F43F65C20FAE766
:1046D00098610000086200002C7A00202DE9F34761
:1046E000DFF870900546D9F804308846144698479C
:1046F000194BC0F3410013F820A0B5FBFAF70AFBF1
:10470000175727BBA4B9384602B0BDE8F0870AFBAB
:1047100006F6A41BF7D0012201A9A819C847002852
:1047200012DB224601A908EB060007F097F9EAE739
:10473000B4FBFAF605F50825324641462846D9F875
:104740001490C8470028E2DA43F65C27DBE74AF218
:10475000C537D8E798610000086200002DE9F04FE6
:1047600086187542C5F30B05354485B0B5F5805FF5
:104770000446019104D943F65C2005B0BDE8F08FF2
:10478000DFF86C81D8F8043098470422594BC0F305
:10479000410053F82070D8F8143057480093FBB20A
:1047A000B2FBF3F203A9009B9847039A531C023211
:1047B00008BF01230393002D34D024F47F6B2BF02A
:1047C0000F0BA5EB0B010BF50820FFF73BFF0028B3
:1047D000D1D1B5F5BE7FAA4628BF4FF4BE7ADA45DF
:1047E00029D8B5F5BE7F5ED3FBB20427B7FBF3F73C
:1047F000424D3A4629464048009B9847B6F5BE7F51
:104800005CD8042203A93D4807F028F9384B3A4602
:104810003A493B489B69984708B18742ABD100F0C1
:10482000F2FAAAE74FF480514FF40820FFF70AFF8D
:104830000028C2D09FE70BF180039A452CBF4FF0B0
:104840008009AAEB0B095FFA87F8B9FBF8F82B4946
:104850004246009B0BF5092098475E4516D909EBA7
:104860000B039C4212D2A3455A4638BF2246111B65
:10487000A2EB0B009E4294BFC2EB0602C2EB030206
:10488000019B19441D4B184407F0E8F8184B4246A9
:104890009B691A490BF50820984710B180457FF4B1
:1048A0006AAFCB449BE74FF4BE724FF408214FF43C
:1048B0000920FFF7DBFE002896D05CE7B4F5C07F47
:1048C0009FD2B4F5BE7F224638BF4FF4BE72019B23
:1048D000111BA2F5BE700B44B6F5C07F94BFC2EBAE
:1048E0000602C2F5C0721946284407F0B7F888E7F7
:1048F00098610000086200007C9108002C7A00207A
:104900007C8108002DE9F0414D4F86B00020BB6846
:10491000984700286BD104226946FFF7DFFE044662
:1049200000283FD104224FF4BE700DEB0201FFF7C7
:10493000D5FE0446002835D1424E009BB34203D138
:10494000019B013B03335ED97B6898473E4BC0F324
:10495000410053F8205004224FF4805004A9FFF77F
:10496000BDFE0446F0B9042241F27C1005A9FFF710
:10497000B5FE0446B0B9049B4FF48051B3424FF4E6
:10498000082013D1059B013B03330FD8FFF75AFED4
:1049900068BB4FF480524FF408214FF40920FFF711
:1049A00065FE20BB204606B0BDE8F081FFF74AFE59
:1049B0000146E0B94FF08008EDB2802223480AF0AA
:1049C00079FAB8FBF5F84FF40825BF692846424646
:1049D0001E498035B847B5F5092FF7D100F013FA15
:1049E00028B9042202A90296FFF7B8FE10B143F6D7
:1049F0005C24D7E70123042203A94FF4BE7003937C
:104A0000FFF7ACFECDE7042241F27C1005A9FFF7C9
:104A100065FE04460028C5D1059B5A1E033206D800
:104A2000019A934203D30233BCD1012ABAD100F0D8
:104A3000EAF943F65C23002818BF1C46B2E700BF22
:104A4000986100001281DEC0086200002C7A00200C
:104A500038B543680C2B01D0022038BD4B68042BBD
:104A6000FAD14FF0FF3304680D6821682B600029EC
:104A7000F2D0A268002AEFD00623012001F0D2FA7A
:104A80000028E9D161680B4B99420AD9A268053325
:104A90008818984208D8206806F0E0FF00202860B7
:104AA000DBE7054B9942D7D9A268044B8818984296
:104AB000D2D8F0E7030508E0FFD4FF0000DAFF00DA
:104AC000436810B50C2B14D14B68042B11D10B6823
:104AD00001210268196010680B49884209D102213E
:104AE00094681960032C04D1516811F0020002D0BF
:104AF0001C60022007E0054CD4F8182561F3010280
:104B0000C4F81825186010BD18B5045000B0045042
:104B10000420704700207047002070474B6830B574
:104B200013F01F052DD102680C681068C0F3072030
:104B3000844226D25068556094600C7C23F01F0399
:104B400004F001041C438B7CDB0003F018031C43BE
:104B50004B7C5B0003F006032343D3608B68013B6F
:104B600023F01F04CB685B0003F00E03234343F0E4
:104B7000010313615060BFF34F8FBFF36F8F28465F
:104B800030BD0120FCE7036800205A68C9B25860B4
:104B90009960D86018615A60704770B50546002466
:104BA00003681E68C6F30726B44201D1002070BD19
:104BB00021462846FFF7E7FF0134F5E700F47C03C0
:104BC00043F0A0431A0BC2EB1030C0B203EB8003DA
:104BD000D3F8002542F01002C3F80025D3F80025D1
:104BE00042F02002C3F8002529B1D3F8002542F491
:104BF0008072C3F80025704770B515460446461804
:104C0000A64206D929462046FFF73AFB10B92B7871
:104C10000BB9002070BD0134F2E708B5FFF78EFC38
:104C200072B620BFFDE7034610B100201870704730
:104C30004AF2C53070470020704770470346012B89
:104C4000084670B5114607D0062B09D0002B31D18C
:104C5000BDE87040FFF7FCBEBDE87040FFF730BF15
:104C60004368082B01D0022070BD5468042CFAD18F
:104C70004FF0FF3305681668296833600029F2D0C9
:104C80006B68002BEFD026237422012001F0CAF9B3
:104C90000028E8D1224623230120696801F0C2F9E7
:104CA00004460028DFD1D5E90001FFF7E9FB3060B9
:104CB0002046D9E70320D7E748B14FF400224FF44C
:104CC0008043C0E9002301230372002070474CF2A7
:104CD000DA20704748B14FF404224FF48043C0E912
:104CE000002301230372002070474CF2DA20704742
:104CF00037B504225C3084000D4620460DEB0201DE
:104D0000FFF7ECFC58B9019B5A1C0AD0AB420BD8F8
:104D1000042220460DEB02010195FFF71FFD03B0B1
:104D200030BD45F2A350FAE74AF2C530F7E7FFF786
:104D3000E9BD0B46042B114611D1012807D00228EA
:104D400009D078B91A464FF4B870FFF7C7BC1A46B5
:104D50004FF4BA70F9E71A464FF4BC70F5E743F622
:104D60005C2070474CF25A307047012837B5044632
:104D70000D4602D0022800D080B9FFF7B9FF58B91C
:104D80000421204601AAFFF7D4FF28B943F65C238B
:104D9000019AAA4218BF184603B030BD4CF25A30EF
:104DA000FAE713B5042101AA0446FFF7C2FF30B9A0
:104DB00001994B1C05D020460131FFF7D6FF02B008
:104DC00010BD45F2A350FAE7022905D90839022996
:104DD00009D94CF25A307047B0F5807F4CF25A3006
:104DE00008BF0020704700284CF25A30B8BF00209E
:104DF0007047022804D819B10830086000207047B5
:104E00004AF2C530704708B54FF480514FF409207D
:104E1000FFF718FC48B9BDE808404FF480524FF442
:104E200009214FF40820FFF721BC43F65C2008BDA0
:104E3000FFF768BD07B5164B83F30A88154801F0E4
:104E400020F908B100F008FFFFF7FCFA0028F9D1BB
:104E5000FFF7EEFF0028F5D10DF10700FFF7E3FEA5
:104E60000028EFD19DF807301BB1FFF7E4FE0028C2
:104E7000E8D1FFF7E2FE01F0AEF800F09BFE00F093
:104E8000D7FB00F0ADF8002003B05DF804FB00BFD5
:104E9000600000209C72002030B5094C0246616819
:104EA0000023084640B105686D68954205D11BB1E5
:104EB000826860609A60816030BD03468068F1E777
:104EC0002073002010B542B10B689B6813F4807FFB
:104ED0000CBF6FF0FC00002010BD0B4B1B680BB922
:104EE00000F0BAFE1B68996938338A4203D053F840
:104EF000044FA04205D191420CBF6FF0FC0000208E
:104F0000EAE70132F1E700BF2873002070B50446DC
:104F10000E461546002130220C3009F0CBFF074B1E
:104F200020461B68A6606360656101F038F80023C5
:104F300020612360C4F8803070BD00BF287300205A
:104F4000034B186810B1006800B14068704700BF9B
:104F50002873002008B5064B1B680BB900F07CFED7
:104F60001B68986800F44060003818BF012008BD35
:104F7000287300202DE9F041074690460C4639B3CE
:104F80004B0025D5154B01F01F0253F82250FDB1FF
:104F90002B685E68FFF7DEFF294602463046FFF7C2
:104FA00091FF90B9C4F30721284600F058FE04464B
:104FB00070B901F001F8064668B142462946FFF78C
:104FC000A5FF3E602046BDE8F0816FF08104F9E75F
:104FD0006FF08004F6E76FF08204F3E7A072002020
:104FE00038B500F0E8FF0023114A5360114A5360BE
:104FF00000F0DEFA0E4800F021F80446A0B10D4999
:1050000080230D4A00F098F80546204600F05BFE2C
:105010002068211D00F0E0FF08B100F01DFE2946C8
:10502000204600F071FAE5E7BDE8384000F082BAAA
:105030002C73002020730020A07200200146F8B5D8
:1050400008B900F009FE374C236813F1350F67D813
:10505000354A156803F13402AA4261D2DA699869C7
:1050600002EB82020F300244186A00EB4000024457
:10507000586A02EBC00292009A18E2D29542E0D33D
:1050800018682A4D060C3604AE42DAD180B2B0F56B
:10509000817FD6D258680028D3DBD3E90A56B542BF
:1050A000CFDC986810F4406F03D03542C9D548680A
:1050B00088B91F4E306800F1200535601D4E3668F6
:1050C000B542BED8A842BCD822604C6803608CB9F7
:1050D000C4614860F8BD0768D7F808C01CF4406F89
:1050E00006D0D7F828C0664502DBFF6ABD42A8DDBE
:1050F000C069DDE71E8E002223461D682D8EB54255
:1051000007D9002AE4D0D369C361D061E2E72B4616
:10511000F3E7DD691A46002DF9D1C561D861D9E7F9
:105120000020D7E7EC5200201C62000000005F5F07
:10513000E8520020186200002DE9F84F9B4600B1AC
:1051400009B900F089FD0468204EA569E76904F1FA
:105150003C0C0CEB850C3568A7B10C2404FB075400
:1051600034601B4E3668B442EBD8A542E9D800261D
:105170002C464FF01408B146B74200D025B90020A4
:10518000BDE8F88F3D46F2E708FB06CEC4E900E033
:10519000DEF808E0C4F808901EF4007F0FD0002A63
:1051A000CFD0BBF1800FCCD11EF0E00F5FFA8EFAAA
:1051B000C7D152F82A30002BC3D142F82A404B689D
:1051C0000136A3604C600C34D6E700BFE4520020E7
:1051D000146200002DE9F04F93B000935F4B074637
:1051E000D3F800B00BB2002B0D461646C1F302688F
:1051F000C1F3024A04DA6FF0800013B0BDE8F08F0B
:105200008B42C36001D10020F7E708EB0A03042BAF
:10521000F1D8CC0F64014FEAC80931464A46DBF8A1
:10522000040044F0020300F0FDFE01460028E2D134
:10523000202202A809F03EFE4A46314602A84FEA63
:10524000CA0606F00BFC32460099DBF8040044F075
:10525000060300F0E7FE81460028CCD1014620225B
:105260000AA809F027FE324600990AA802AE06F005
:10527000F5FB334609F10109C8452AD815F0006F3E
:1052800018BF20241022002107F11C0009F012FE93
:1052900007F118091022002107F12C0009F00AFE7D
:1052A00009EB880844F00203C1452AD1202C3FD1E4
:1052B000002D02DBC5F3C0456C0107F128050AAEDD
:1052C00005EB8A0A44F00604554533D1009BFB6781
:1052D00099E7D3E900E21EEB020201928BD21A4653
:1052E0004846404501D10833C4E7D2E902C16144D0
:1052F0008E4503D201998C45FFF47DAF0130083211
:10530000EFE77268DBF8040056F8081B019300F021
:1053100089FE00287FF46FAF56F8042C019B49F8F2
:10532000042F56F8082CC9F83000C9F82020BBE734
:105330000024C2E77268234656F8081BDBF8040015
:1053400000F070FE00287FF456AF56F8043C45F894
:10535000043F56F8083C28642B63B5E72873002007
:105360002DE9F0411F461D4B0C461646D3F8008030
:1053700000F087FC08B900F06FFCC368002BFADB73
:10538000032CF8D8D0F88020A10022FA01F39B0763
:10539000F1D104238B401343C0F880304418E569F1
:1053A000E36CED1AE7D3ADB106233A463146D8F89F
:1053B000040000F037FE0028DDD1BD4228BF3D4685
:1053C000E36CE16B2A461944304606F047FBE36C78
:1053D0002B44E3642846BDE8F08100BF2873002019
:1053E0002DE9F0411E461E4B0C461746D3F80080AF
:1053F00000F047FC08B900F02FFCC368002BFADB73
:10540000032CF8D800EB8405EA6EEB6A9A42F2D8D6
:105410009B1AB342EFD3D0F880200434A40022FAC0
:1054200004F39B07E7D10423A3401343C0F8803063
:10543000324602233946D8F8040000F0F3FD044652
:105440000028D8D1EB6EE86D32463946184406F094
:1054500005FBEB6E20463344EB66BDE8F08100BFF0
:10546000287300202DE9F04105464FF001080E4E4B
:105470000E4B37685C681CB928463760BDE8F08180
:105480002268936813F400700CD16369012B09D072
:10549000D368346023B19847002801DA00F0DCFBC0
:1054A000C4F81480E469E6E7287300202C73002018
:1054B00070B50446D0B18368C3B11A68B2B15D68F3
:1054C000A5B10C4BA86168691D6020B92B68DB6829
:1054D0004BB901236B61A36804F10C001B68BDE8A4
:1054E00070401B69184798470028F2DA6FF0800077
:1054F00070BD00BF287300204268024B08461A6046
:10550000704700BF287300200022036810B5C0E96F
:1055100005229A68044612F4406F07D0120503D59D
:10552000D3E90A0100F034F8014B1C6010BD00BF44
:105530002873002038B5124B1B681C68A36813F44D
:10554000406F01D100F088FB00F022F9626B236903
:105550000C49134423F00703A3F1080543E90211A2
:1055600085F30988073222F0070282F30B88BFF324
:105570006F8F054BE268054900F002FE002038BD40
:1055800028730020A5EDF5FE5808002065540000A2
:10559000014BC3E90001704734730020034BD3E98A
:1055A00000308342C8BF0020704700BF3473002022
:1055B00008B500F0E1F8034B986000F0E3F880F3E1
:1055C000888808BD00ED02E0EFF308807146EFF334
:1055D0000982EFF30B830CB406B400F00BFB864694
:1055E000009900F0080001F00801401A02DC12DB0B
:1055F00004B070471EF020031CBF2DE9F00FBDF171
:10560000080D0A4C254626462746A046A146A24636
:10561000A34630B4704704B030BC1EF020031CBF5A
:105620001DF1080DBDE8F00F04B07047A5EDF5FEC3
:10563000084BDA6882F07F4282F47F0242F48042B3
:10564000DA6000221A765A76DA76DA77602283F800
:105650002220704700ED00E0009A0A4B9A420FD1D9
:10566000012290430146024603460446054606468B
:1056700007468046814682468346844686460447DE
:10568000FEE70000A5EDF5FE70B5324C86B032485D
:10569000FFF783FA236801255A1C01932F4B2260E0
:1056A000DA681B694FF44076039300232A4801A966
:1056B00002920495ADF814608DF81630FFF72EFABB
:1056C00018B143F6DA3006B070BD23688DF81600C5
:1056D0005A1C0193224B20480293224B01A9CDE989
:1056E00003352260ADF81460FFF718FA0028E8D1FE
:1056F00023688DF816005A1C01931B4B1648029321
:105700001A4B01A9CDE903352260ADF81460FFF70B
:1057100005FA0028D5D123688DF816005A1C01938C
:10572000134B0D480293134B01A9039302230493D7
:1057300040F201132260ADF81430FFF7EFF9044690
:105740000028BED12A4629460348FEF775FC2046AC
:10575000B9E700BF3C730020F05200202062000037
:1057600080620000E0050100E02C0000403A0000EB
:105770006008002060120020014B1868704700BFCD
:1057800020620000014B1B6818687047206200000F
:10579000014B1B68586870472062000008B5FEF78F
:1057A000EBFCFEF7B5FC0B4B5B6899B2C3F3080347
:1057B000103B002B9AB20BDB5309A1F1100201211F
:1057C00002F01F0201FA02F20349603341F823207C
:1057D00000F042FA00ED00E000E100E0EFF30880A5
:1057E000EFF309812DE9F00F6B467246FEF7F0FAF0
:1057F00008B0FEF7C1FCFEF781FC0222024BC3F8A1
:10580000882100F029FA00BF00E100E0194A10B534
:10581000D2F8003153B3D2F80034D2F80404164A57
:10582000164CD2F8F010A34202F50072D2F8B8205C
:1058300001F0010118D903F16043B3F5802F2CBFAB
:105840000023012391B102F03002302A0ED1C204AC
:105850000CD510F4C04F09D143B9FEF74FFC02221A
:10586000074BC3F8882110BD0123EBE7BDE81040CA
:10587000FFF7B4BF0010045000ED00E0FFCF1700A9
:1058800000E100E00020034BD8765A6A42F470220F
:105890005A62704700ED00E00349044BCA680020DB
:1058A00092B21343CB60704700ED00E00800FA05A8
:1058B000054B00F01F0003EB8003D3F8802022F09B
:1058C000E042C3F88020704700820D50164BD3F899
:1058D000D02042F00102C3F8D0200022C3F8D82023
:1058E000124A516821F01F01C3F8DC101049C3F8B7
:1058F000E0100221C3F8D810D168126921F01F010D
:1059000022F01F0242F00302C3F8DC10C3F8E020CB
:105910000322C3F8D820074AC3F8DC206FF01E0228
:10592000C3F8E020704700BF00ED00E020620000F7
:1059300001D0FF00000002201B4A1C4B526870B5CA
:10594000C3F804281A4A0021C3F8082808254FF490
:1059500040721848C3F81018C3F81458C3F8002848
:10596000C3F8240800F50030C3F828084FF4807607
:105970000220C3F83018C3F83458C3F82028420175
:1059800002F1A04401301A4404F582240528C4F829
:105990000418C2F80818C2F81018C2F81458C4F84D
:1059A0000068ECD1002070BD20620000001004509F
:1059B00000D0FF000000022030B585B06C46002505
:1059C00001210F48FFF7FAF801210E48FFF7F6F81A
:1059D00001210D48FFF7F2F80C4B0FCB8DE80F00BB
:1059E000012154F8040B0135FFF7E8F8042DF7D135
:1059F0000121074805B0BDE83040FFF7DFB800BF20
:105A00000020055000F00C50003005504C620000A2
:105A1000000012502DE9F0414FF45C6286B0002185
:105A2000364809F047FA4FF45C620021344809F027
:105A300041FA4FF45C620021324809F03BFA4FF41E
:105A40005C620021304809F035FAFFF7B5FF00220B
:105A50000124CDE90122DFF8B4C0DFF8B4E001ADE4
:105A60000DF10C08002055F8047B560104FA00F3F0
:105A70003B4216D0CDE903CE58F82230311803F45A
:105A80007C0343F0A04303EB8103D3F8001841F0FB
:105A90001001C3F80018D3F8001841F48071C3F85E
:105AA000001801302028E1D1531C022B4FF00102D5
:105AB000D8D1FFF7FDFE2120FFF7FAFE154A164B5D
:105AC00010695169C3F8044403AB03C30021128B6E
:105AD00003A81A808DF80C408DF81010ADF80E1048
:105AE000FEF79AFA38B9FEF755FD08B143F65C2087
:105AF00006B0BDE8F0817830F5D0F7E7000004503B
:105B00000000085000000C500000105000A0105081
:105B100000820D504C620000002008E008B54FF0F4
:105B2000FF3000230E4A03F1A0010133102B42F88D
:105B30002100F8D1402000F00AFB802000F007FB94
:105B4000C02000F004FB4FF4807000F000FB482000
:105B500000F0FDFA412000F0FAFA002008BD00BF75
:105B600000E100E010B5FEF781FA012400210F48A2
:105B700050F8043BC3F30432C3F343439B0003F1E7
:105B8000604304FA02F203F56143C3F880211A600E
:105B900001310429ECD1FEF7B1FAFEF79DFA022299
:105BA000034BC3F888219A60002010BD3C620000BE
:105BB00000E100E00122014B1A60704740730020B1
:105BC00010B50446094B22891868616806234068AD
:105BD00000F028FA28B9064B1B68012B01D1FFF70A
:105BE000AFF96FF08603236010BD00BF287300205B
:105BF0004073002001F00C030C2B08BF10464A062E
:105C000010B50C460ED58B0658BF2830836913F8A3
:105C1000022CC1F3C00383F00103C2F38011DBB295
:105C2000994201D000F018F812F0A00F02D12AB169
:105C3000032A0CD06FF08303036006E0FFF7D0F96E
:105C400004460146034800F097FA204610BDFFF7CE
:105C5000B7FFFAE75808002008B5FEF7DEFF036833
:105C60009A68DB6812F4806F05D18B4234BF6FF005
:105C7000FA00002070478B4214BF6FF0FA0000203A
:105C8000704710B500F08EF9044600F09CF950B949
:105C9000FFF756F9A3685B681B685B68834218BF0F
:105CA0000024204610BD0024FBE710B5044630B1A7
:105CB000FFF774FCB4EBD07F04D0FFF7CDFFFFF704
:105CC0003FF9F7E710BD70478230012808B504D8C6
:105CD000FFF740F908B9FFF7BFFF08BDF8B5054663
:105CE0000E46FFF7CEFF044608B9FFF7B5FF806800
:105CF0000028FAD0E368991C54D05A1C23D1002EF6
:105D00004DD016F1820F4FF0020318D10125236008
:105D1000EFF3108772B631462046FFF7EDFB0646DB
:105D200087F310882368022B1CBF0023236025B152
:105D300000232046236000F048F93046F8BD16F1F4
:105D4000830FE3D0D1E7002BCFDB1023D4F88010F2
:105D500021FA03F212F0060204BF04F15C05EA50D6
:105D60000433202BF4D1002304F1280252F8041F3D
:105D700019B1E16F156C19444D600833202BF5D132
:105D800003689D6815F4007502D002230125236085
:105D900016F1810FBCD16369002BB9DBA5E72E4654
:105DA0000025F5E701250026B2E708B5FEF735FF27
:105DB000F7B50D46164604461F46FFF7CBF8FFF72A
:105DC00074FF2146024601A8FFF7D4F868B93B46A4
:105DD000324629460198FFF7FDF940B1630002D52C
:105DE000019800F0F2F86FF0800003B0F0BD019868
:105DF000FFF75EFB0122019B1A60F6E740F20110FB
:105E0000704770B50546FFF7A5F806462846FFF728
:105E100043F8044608B9002070BD014632462846C2
:105E2000FFF750F80028F6D12368D868F4E770B57A
:105E30000C46FFF726FF054608B9FFF70DFF8368FC
:105E4000D3E900309B681B05F7D5EB68002BF4DB2A
:105E5000032CF2D8A60005EB8404E269002AECD0FA
:105E6000D5F88030F34013F0050FE6D10223E16B43
:105E7000406800F0D7F80028DFD10123D5F8802052
:105E8000B34013430222B24023EA0203C5F8803034
:105E9000E06B70BD10B50C46FFF7F3FE08B9FFF7D5
:105EA000DBFE83681B689B681B05F8D5C368002B65
:105EB000F5DB032CF3D8D0F88020A10022FA01F3FF
:105EC000DC07ECD59B07EAD402238B401343012265
:105ED0008A4023EA0203C0F8803010BD70B50C463A
:105EE000FFF7CFFE054608B9FFF7B6FE8368D3E992
:105EF00000309B681B05F7D5EB68002BF4DB032C07
:105F0000F2D805EB8406F26A002AEDD0D5F880308D
:105F10000434A400E34013F0050FE5D10623F16D2E
:105F2000406800F07FF80028DED10123D5F88020FA
:105F3000A34013430222A24023EA0203C5F88030A3
:105F4000F06D70BD38B50C461546FFF79AFE08B9DE
:105F5000FFF782FE83681B689B681B05F8D5C36842
:105F6000002BF5DB032CF3D800EB8401CB6AAB42AA
:105F7000EED3D0F880200434A40022FA04F313F006
:105F8000010FE5D09B07E3D40223A3401343012272
:105F9000A24023EA0203C0F88030CD6638BD4FF43A
:105FA00080507047B0F5805F03D1EFF30B808838E5
:105FB0007047002070477047EFF30B8000F18803B3
:105FC00083F30B88704700207047EFF30B83883B07
:105FD00083F30B8870477047F0B510B943F6DA3099
:105FE000F0BD0029FAD08368002203F44063003B2F
:105FF00018BF01230C24142543F002030B60016A2F
:106000008A4201D10020EBE704FB02F3D0E90676D7
:1060100003EB870305FB063303445B6C1B07DDD4EE
:106020000132EDE710B50446084611460AB90020D2
:1060300010BD18B303F00602062A1DD09A071DD51D
:1060400008229B0648BF42F01202A30758BF42F045
:106050000402E40709D5EFF39483DB074CBF42F059
:10606000040222F0040242F0120205F037FC00287C
:10607000DDD16FF07F00DBE70122E2E74CF2DA20AE
:10608000D6E710B50446FFF721FCFFF755FC10B129
:1060900043F6DA3010BDFFF7BDFC0028F8D1FFF75A
:1060A000F3FA0028F4D102232360F3E708B5FFF7E1
:1060B000E9FB10B143F6DA3008BDFFF7EDFB00282D
:1060C000F8D100F057F80028F4D162B6FFF726FDAA
:1060D0000028EFD1FFF746FD0028EDD0EAE7EFF307
:1060E0000880EFF309812DE9F00F6B467246FDF74A
:1060F0006FFE08B0FFF752FBFEE7EFF30880EFF307
:1061000009812DE9F00F6B467246FDF761FE08B07C
:10611000FFF744FBFEE7EFF30880EFF309812DE979
:10612000F00F6B467246FDF753FE08B0FFF736FBE3
:10613000FEE7EFF30880EFF309812DE9F00F6B46DE
:106140007246FDF745FE08B0FFF728FBFEE7012188
:1061500043099B0003F1604303F56143D3F88022B8
:1061600000F01F00814022EA0102C3F88022D3F828
:10617000803270470020704704460D46A5462847E8
:1061800083F3088896460222EFF31483134383F3C4
:106190001488BFF36F8F084700000000114B000008
:1061A0007D3E0000154B000000000000013F000094
:1061B000B93E0000194B0000000000000000000084
:1061C000753E0000000000007D010000001000008E
:1061D0000400000004000000FF0000000000800038
:1061E00001000001010700000000045000000850F9
:1061F00000000C50000010500000000000000000E3
:106200000338FDD8704700000100000002000000C4
:1062100004000000DC530020AC5300204C060000BA
:1062200000A0080000A00800FF4F17008004000035
:10623000C004000000501700FFCF170000000450FA
:106240000000085000000C50000010500060055085
:1062500000C0085000600E5000F010500000800098
:066260000100000101072E
:1062800077B4CDE90001184E009D1146B54218467D
:106290000BD00136B54213D0023EB54214D0DDE931
:1062A000000103B070BC03F0FBBE09A3D3E90023D7
:1062B000C0E9002300200D4B0B6003B070BC704799
:1062C00005A3D3E90023F3E705A3D3E90023EFE710
:1062D00002C0FF7F0000000003C0FF7F000000003D
:1062E00001C0FF7F0000000002C0FF7F03004E805E
:1062F000009A074B9A4208D110B505F0D4FB05F07F
:106300004DFB06BC96460C46744705F0FCFB0000AE
:10631000A5EDF5FE009A074B9A4208D110B505F09D
:10632000CEFB05F03BFB06BC96460C46744705F0D9
:10633000EAFB0000A5EDF5FE0CB4029A084B9A4268
:106340000CD14FF0004319430CBC10B500F052F8CB
:1063500005F024FB06BC96460C46744705F0D3FBBB
:10636000A5EDF5FE009A044B9A4202D10349086854
:10637000744705F0C8FB0000A5EDF5FEF0F0000045
:10638000009A034B9A4200D1744705F0BCFB000011
:10639000A5EDF5FE10B5134B13498B4215D3002024
:1063A000124B13498B421BD300210846FEF742FDD6
:1063B000FEE7186850F82240586840F82240013241
:1063C00098689042F5D80C33E7E70022F8E71C689C
:1063D00044F8220001325C689442F8D80833E1E7BF
:1063E0000022F8E7403A0000643A0000643A0000F6
:1063F0007C3A000070B5EFF30584C4F308040CB1D7
:10640000FFF72AFC0A4D2E68FFF7D2FC2B680446E2
:106410009E4208D09B69002BF2D0BDE87040014637
:106420001869FFF75BBCFFF74FFC204670BD00BF4B
:1064300028730020014B1B68184700BFFC52002046
:10644000014B1B68184700BFF8520020024B186030
:10645000024B002019607047FC520020F8520020C7
:10646000014B186000207047F452002010B50A4616
:10647000044619B1024B00211B68984710BD00BFAC
:10648000F4F00000054B5A78022A04D11878C31F93
:106490005842584170470020704700BF44730020A5
:1064A0000E4B0340B3F1607F06D1B1F5885F0CBF9E
:1064B00000206FF086007047B3F1707F0BD101F4BC
:1064C000E043B3F5005F06D111F4E06F14BF002084
:1064D0006FF0860070476FF0860070470000C07F45
:1064E000914270B506460C465CD021F4FF73874993
:1064F00023F001038B4213D0854824F0FF01814231
:106500000ED024F47F7525F00305A0F57060854258
:1065100006D000F5A060814202D07E498B4243D173
:1065200014F0FF01794804D124F48063834240F0E1
:10653000E88022F4FF7323F00103834214D0744DEA
:1065400022F0FF00A8420FD022F47F7626F0030647
:10655000A5F57065AE4207D005F5A065A84203D049
:106560006C48834240F0CD8012F0FF0305D16748AC
:1065700022F48065854240F0C48084EA0200FF284E
:1065800000F2BF8021B1644841F00071814209D01E
:10659000002B00F0B680604943F000738B420CBFC3
:1065A00022460022104670BD04F0FE43B3F1A06FF6
:1065B0002AD102F0FE43B3F1A06F40F0A28084EA3A
:1065C000020333F47E1340F09C802504C4F305439A
:1065D000C2F3054002F400410ED549B1834238BFF1
:1065E000034624F47E1242EA034242F40042D9E711
:1065F000834288BF0022D5E7002900F084808342CF
:106600002CBF22460022CDE7B3F1407F79D102F0C2
:10661000FE43B3F1407F74D184EA020333F47E1366
:106620006FD131462046FFF73BFF002869D114F4B3
:106630007C1518D0C4F3054512F47C1330D0C2F396
:106640000543200402F400414BD5002945D0AB425C
:1066500038BF2B461B0403F47C1324F47E1423431D
:1066600043F400429EE72D4B2340B3F1607F0AD1F3
:10667000E3B243F0007303F17E43033B122BDBD8FC
:106680002749CD5CD8E7B3F1707FD5D106F4E0435C
:10669000B3F5005F02BF0125C6F302239D40CBE79F
:1066A0001E491140B1F1607F0AD1D1B241F00071B1
:1066B00001F17E4103391229C3D81A4B5B5CC0E754
:1066C000B1F1707FBDD106F4E041B1F5005F02BFCA
:1066D0000123C6F30226B340B3E79D4288BF0022E0
:1066E00060E721B19D422CBF224600225AE79D421D
:1066F00009D12D0405F47C1524F47E1445EA040226
:1067000050E700224EE70A464CE700BF00020006B1
:106710000013000600460006FF0000020000C07FD4
:106720007D0501007D0501008A42F8B506460D464B
:1067300000F00A8101F0FE41B1F1C06F61D1884CD7
:1067400022F4FF7121F00101A14222F0FF0014D0D8
:1067500004F58854A04210D022F47F7626F0030678
:10676000A4F57064A64208D004F5A064A04204D049
:1067700004F57454A14240F0EB80D1B2784E19B9BF
:1067800022F48061B14224D125F4FF7424F0010485
:10679000B44225F0FF0112D0724EB1420FD025F461
:1067A0007F7727F00307A6F57066B74207D006F596
:1067B000A066B14203D006F57456B44209D115F073
:1067C000FF0406D0684E44F00074B44204BF024691
:1067D0000D468BB122F4FF7323F00103B3F1062FB2
:1067E00006D0624B22F4FF6121F00701994203D1E8
:1067F00022F4807225F48075954214BF0020012098
:10680000F8BDB1F1A06F16D102F0FE43B3F1A06F55
:1068100040F0888082EA050333F47E1340F08280E2
:1068200028047FD5C5F30540C2F3054290428CBFD2
:1068300000200120E4E74E4B9D4209D1A3F500431F
:106840009A4200F081804B4B22F47E109842D4E7AC
:10685000B1F1407F60D102F0FE43B3F1407F5BD1E4
:1068600082EA050030F47E1456D131462846FFF7FF
:1068700017FE00286AD1404912F47C1701EA020190
:1068800013D0B1F1607FC2F3054333D1D1B241F0EF
:10689000007101F17E410339122901D83748445C67
:1068A00015F47C1F2DD19C42A7E7B1F1607F0AD17E
:1068B000D3B243F0007303F17E43033B122B4BD85A
:1068C0002F49CB5CE2E7B1F1707F17D106F4E043CA
:1068D000B3F5005F42D10123C6F302218B4006F4D9
:1068E000E041B1F5005FDBD10120C6F3022600FADA
:1068F00006F4D5E7B1F1707FD2D1F0E7002423464A
:10690000CEE71FB9C5F30541A1421DD0290403D527
:10691000C5F3054098428AE71A4B9D4202D1B2F175
:10692000082F6AE725F0004323F47F03B3F1106FCB
:106930000CD102F0FE43B3F1106F07D112481040A2
:1069400040F01060A84258E7012059E7002057E7BF
:10695000002B7FF446AF4FE7002397E70023BEE705
:106960000002000600130006FF00000200400006BF
:106970000093C004000140050000C07F7D050100B8
:106980007D0501000002C0030000FFF60E4A20F45E
:106990007E13934210D002F5807293420ED0B3F171
:1069A000052F0DD0094A93420CD0094802F5807298
:1069B000934218BF0020704706487047064870474A
:1069C000064870470648704700014005000600056C
:1069D00000071005000150050002500500051005D4
:1069E0000006100500F0FE43B3F1A06F10B52DD1E5
:1069F000184A20F4FF7323F00103934213D0164981
:106A000020F0FF028A420ED020F47F7424F00304A9
:106A1000A1F570618C4206D001F5A0618A4202D0D6
:106A20000E4A93420BD110F0FF0007D00C4B40F000
:106A3000007098420CBF6FF08600002010BD10F46B
:106A4000004F14BF6FF086000020F7E76FF086005C
:106A5000F4E700BF0002000600130006004600062F
:106A6000FF000002436810B5002B53D003F0FE4234
:106A7000B2F1106F02BF23F01F6323F4702343F0C1
:106A800000634C1C02D0427A520743D42E4A23F0B2
:106A9000FF04944231D140F20223994213D00BDC1F
:106AA0004B1C20D040F20113994209D1037ADC0635
:106AB00030D443F010030CE040F2032399420AD093
:106AC0006FF086000EE0037A13F0180F22D143F026
:106AD0000803037205E0437A99071BD443F00203CD
:106AE0004372002010BD038903F40473B3F5047FDF
:106AF00010D1437A43F00403F2E7B3F1082F20D119
:106B000040F20123994214D007DC4A1CCAD1037A0F
:106B1000DB06EED46FF08800E4E740F206239942EA
:106B2000CED1037A03F09002102AF3D143F0800310
:106B3000CFE7037A03F0D002102AEBD143F04003F1
:106B4000C7E76FF08500CDE70001000838B503798D
:106B500004460D4663B9D4E9050185E80300237FA7
:106B60000020012B13D0C5E900006FF096000DE066
:106B70004369084A03F14043A3F580539342EAD99D
:106B8000D0E9091206F0CFF80028E4D038BD02237E
:106B90002377FBE7FFDFFF3F2DE9F347CDE9000156
:106BA000DDE9000191461D460A9C01F069F80646A0
:106BB000002851D1D9F80070B7F800A00AF4E043DA
:106BC000B3F5804FBB6808BF25F0010535EA030324
:106BD0003AD1002C40D0B5F5006F41D0A5F5005258
:106BE00055425541284A24F4FF7323F00103934290
:106BF00013D0264924F0FF028A420ED024F47F707D
:106C000020F00300A1F57061884206D001F5A06173
:106C10008A4202D01E4A934224D114F0FF0304D0CA
:106C20001C4A43F00073934223D02B462246504621
:106C3000F968FFF779FD804670B92B462246504629
:106C40003969FFF771FDE8B96FF084060023384613
:106C5000C9F8003006F018F8304602B0BDE8F087F9
:106C60000125BFE704F0FE43B3F1407F04D12304C4
:106C7000DBD56FF08606E9E7B3F1A06FF7D0054BDF
:106C80009C42D1E74646E7E70002000600130006F3
:106C900000460006FF00000238B500F0FE43B3F1E5
:106CA000407F04460D4602D06FF0860038BDFFF7E6
:106CB000F7FB0028F8D114F47C1F18D0C4F3054367
:106CC000032B137022D9224A2240B2F1607F31D1C6
:106CD000E4B244F0007404F17E44033C122CE3D887
:106CE0001C4A125D9342DFD8202BDFD90EE0184BEF
:106CF0002340B3F1607F0FD1E3B243F0007303F19F
:106D00007E43033B122B04D9002313706FF08500E0
:106D1000CCE71149CB5CD3E7B3F1707FF4D101F438
:106D2000E043B3F5005FEFD10123C1F302218B40B3
:106D3000DBB2C5E7B2F1707FB6D105F4E042B2F53F
:106D4000005FB1D10122C5F30225AA40CAE700BF06
:106D50000000C07F7D0501007D05010030B585B0D4
:106D60000446CDE9000190B3DDE9000103AA00F07B
:106D700087FF044658BB039B1A7F022A2AD10322AD
:106D80001A771A79FF2A28D062B15A69144902F198
:106D90004042A2F580528A4204D9D3E9050105F0A8
:106DA000A4FF044603980E4A436903F14043A3F548
:106DB0008053934203D801F0C9FB054604B1254630
:106DC000039805F04CFF002814BF04462C462046CB
:106DD00005B030BD6FF09605F2E76FF08405EFE780
:106DE000FFDFFF3F2DE9F0411E46002388B00F462C
:106DF000054601889046C6E9003305930792002AAC
:106E00005BD0B2F1005F80F0958021F0FF03B3F515
:106E1000E24F02D0B3F5824F1BD1284604F0CAFEE0
:106E2000044600287AD1EB683BB16A882AB1CBB21C
:106E3000222B36D02CD8122B38D03A46002308EB20
:106E4000070112F8010B8A4243EA0003F9D1002B33
:106E500033D0284605A904F07CFF0446A0B9059B61
:106E60009B6A6BB3059B39465A882846069206AA48
:106E7000029203F1280201929A6A00925B6A4246EA
:106E800001F008F9044680B3059805F038F845E0AC
:106E9000273BDBB21B2BD0D8284921FA03F3DB07B1
:106EA000CBD50732B8EBD20FC7D206E040F20923A8
:106EB0009A42F6D1B8F1400FBFD86FF086042DE0AA
:106EC0006B681B0A07D10799059804F0B0FF0446C8
:106ED0000028C7D0D8E742463946284607AB01F01C
:106EE00081F804460028EED0CEE70598069B42883C
:106EF000C2B943804FF6F872934218D82B8813B169
:106F000002889A4210D16B8813B142889A420BD101
:106F10003146FFF71BFE04460028B5D1204608B0D5
:106F2000BDE8F0819A42E5D06FF08604ACE76FF0DF
:106F30008504A9E76FF08504F0E700BF0102000CAB
:106F4000F0B506461D46002387B09DF9307002A8B3
:106F500080E806003268012F059314BF4FF40073D8
:106F60004FF48073002A6DD105F0FE42B2F1806FBC
:106F70006BD1009505AA03C8FFF70EFE0446002852
:106F80003AD13379324A23F00303954218BF43F0D4
:106F900001033371059B1B8803F4E042B2F5005FE7
:106FA00035D113F4E06F32D02A4925F480728A4239
:106FB0000AD001F500718D4206D027498D4203D0D9
:106FC000A1F53F418A4222D1C3F30222012393401B
:106FD000DBB24FF49C720021737106F1080007F0D8
:106FE00069FF0599012FD1E909233046009526D183
:106FF00001F05CF9044610B1304605F092FA0598AC
:1070000005F042FE002C18BF204607B0F0BD42F24A
:107010000402934204D1114B9D4208D10C23D8E7BE
:1070200042F20702934202D10C4B9D4205D00C4B19
:107030009D420CBF0D230023CBE71823C9E701F0C5
:107040004DF9D7E76FF08804D6E76FF08604D3E7F1
:10705000004440040010C00400FF4004000180040C
:107060000013C0042DE9F0411F4600238AB00993A4
:1070700002F0FE4306ADB3F1806F144685E80300CD
:10708000DDF84080139E11D06FF08605099805F059
:10709000FBFD002814BF02462A4610463368D1176C
:1070A00023EA010333600AB0BDE8F081009295E85D
:1070B00003004FF4007309AAFFF76EFD0546002890
:1070C000E4D10998038803F4E042B2F5005F17D1D8
:1070D0000122C3F3022113F4E06F02FA01F20FD090
:1070E0001A4D24F48071A94212D005F50075AC4206
:1070F0000ED0174DAC420BD0A5F53F45A94207D0A5
:1071000042F20402934213D1124B9C4217D10C223B
:107110004245B9D8129B04960393119B0097CDE981
:1071200001832346D0E9091201F09AF80546ADE73C
:1071300042F20702934202D1064B9C4204D0064B16
:107140009C42E7D10D22E3E71822E1E70010C004DA
:1071500000FF4004000180040013C0042DE9F04F3B
:10716000984600238FB0DDF87CB00AAC84E80300B9
:10717000DDE91D971046CBF800301546FFF732FCCD
:10718000DDF860A0064600283DD1009594E8030094
:107190004FF480730DAAFFF7FFFC044648BB284656
:1071A000FFF7F4FB0246194B0D989A4225D1BAF12C
:1071B000000F25D01C9BCDE9077B05931B9BCDF8C9
:1071C000189004931A9BCDF800800393199BCDE986
:1071D00001A32B46D0E9091201F0BCF8044628B1FE
:1071E00027B13A463146484607F064FE0D9805F04F
:1071F0004BFD20460FB0BDE8F08F6FF08504F5E73A
:107200006FF08604F2E76FF08604F2E700025005A3
:107210002DE9F04F984600238FB0DDF87CB00AAC22
:1072200084E80300DDE91D971046CBF800301546D1
:10723000FFF7D8FBDDF860A0064600283DD1009599
:1072400094E803004FF400730DAAFFF7A5FC044671
:1072500048BB2846FFF79AFB0246194B0D989A4205
:1072600025D1BAF1000F25D01C9BCDE9077B0593F2
:107270001B9BCDF8189004931A9BCDF800800393C4
:10728000199BCDE901A32B46D0E9091201F08CF836
:10729000044628B127B13A463146484607F00AFE6F
:1072A0000D9805F0F1FC20460FB0BDE8F08F6FF0AF
:1072B0008504F5E76FF08604F2E76FF08604F2E7E5
:1072C00000025005F0B587B002AC84E80C00002342
:1072D0000C9E054630460F460593FFF783FB98B199
:1072E0006FF08604059805F0CFFC0146002C50D1C4
:1072F0003046FFF74BFB0C462B7D686067F30413A9
:107300002B75204607B0F0BD2B68002B3BD1297DA3
:1073100011F00F0137D14FF4EE7205F1180007F0AC
:10732000C9FD002F009694E803000CBF4FF40073D2
:107330004FF4807305AAFFF72FFC04460028D1D133
:10734000164A26F47E119142C6F305431ED1043B32
:10735000DBB20C2BC4D841F6117222FA03F3DB071F
:10736000BED505992846D1E90923009647B101F019
:107370004FF804460028B5D1059B1B882B81B1E747
:1073800001F05CF8F5E76FF08804ABE76FF0850477
:10739000A8E7284605F03DF9B3E700BF0002400525
:1073A00038B5036804461546ABB1037DDB0712D43C
:1073B0004068FFF7EBFA0C4B984212D18DB12A4688
:1073C000204605F0B9FD054638B9237D43F0010399
:1073D0002375284638BD6FF08805204605F019F959
:1073E000F7E76FF08605F8E7000250052DE9F7434F
:1073F000DDF8289007460D4616469846FFF732FB03
:107400000446B8B97B68B3F1082F1AD140F20112D3
:10741000954228D1338823F0FF03B3F5105F32D1B2
:107420004346324629463846CDF8009005F01DFE09
:10743000044610B1384605F0D9F9204603B0BDE83E
:10744000F083324A23F0FF0191420CD140F2011245
:10745000954208D13188B1F5885FE1D0B1F5905FF0
:10746000DED049BBDCE740F20122CEB39542318841
:1074700014D00BD8B5F5817F16D040F2011025F05D
:107480000202824214D06FF08604D3E740F2022356
:107490009D4220D0A5F20323032BF4D841F201032F
:1074A0009942BDD071B1EEE741F203229142B7D0CB
:1074B000B1F5905FB4D029B1B1F5105FE3D1B3F16C
:1074C000082FE0D1002EABD14B4642462946384624
:1074D00005F0BFFDACE741F206239942DED19FE7FC
:1074E0009542F1D009D8B5F5817FEDD040F2011277
:1074F00025F002039342C6D1E6E740F202239D4203
:10750000E2D0A5F20323032BDED9BCE70007000875
:10751000F8B5476806460D46002F46D121F00043D6
:1075200023F47F03B3F1106F42D001F0FE43B3F1B7
:10753000106F26D121F01F6424F4702444F00064FD
:1075400000214FF4727206F1100007F0B3FC2146DF
:10755000304605F06CFD98B9174A24F49F6323F078
:1075600007039342756011D1E4B244F0007404F152
:107570007E44033C122C9CBF104B33F81470F76010
:10758000F8BDB3F1006F13D10C46D9E70C4B24F0D2
:10759000FF029A4202D0B4F1082F03D16FF060438A
:1075A000F360EDE74FF0FF33FAE76FF08800E7E7AD
:1075B0006FF08600E4E700BF00010008F00401005E
:1075C00000070008F8B51E4640F20523994205461B
:1075D000174605D06FF08604284605F007F91CE031
:1075E000FFF740FA04460028F6D16B680D4A23F0F5
:1075F000FF01914203D002F58072934203D157EA12
:107600000603E7D05EB93A46334640F205212846E4
:1076100005F039FD04460028DED12046F8BD6FF0A4
:107620008504D9E700018008F0B58DB00E4606A9A3
:1076300081E80C004368054603F0FE42B2F1106F8A
:1076400045D100930AAA4FF4804303C9FFF7A4FA77
:10765000044600282FD16A681E4B0A9813400BAAD3
:10766000049201220392139A09AF0192129A02978F
:10767000009243F01063D0E909128DF824400B9476
:1076800005F01EFD044640B90B9B024600933146AF
:107690003B462846FFF7AAFE044638460B99FEF7FC
:1076A000E5FE5CB1284605F0A1F80A9805F0ECFA71
:1076B000002C08BF044620460DB0F0BD40F2011377
:1076C0009E4202BF2B7A43F001032B72EDE76FF06D
:1076D0008604F0E70000FFF610B50446FEF7D2FE80
:1076E00030B10A4604482146BDE8104005F0F3BC1D
:1076F0006FF0880010BD00BF487300202DE9F047EF
:107700009946002390B00B9302F0FE4308ACB3F10E
:10771000806F1646DDE9197A84E80300DDF86C8095
:107720000ED06FF086040B9805F0AEFA002C40F0F6
:107730008B8010B10023C8F8003010B0BDE8F0878E
:10774000009294E803004FF480730BAAFFF724FA29
:1077500004460028E7D10B9B1A8802F4E043B3F5F6
:10776000005F1BD112F4E06F18D0384926F4807303
:107770008B420AD001F500718E4206D034498E4208
:1077800003D0A1F53F418B4208D10125C2F302226B
:107790009540102D0AD96FF08304C4E742F2040328
:1077A0009A423DD12B4B9E4241D10C25002FB8D09F
:1077B000AA4546D329460CA8FFF78EFF04460028A9
:1077C000B1D14F453BD07A19AAEB0503CDE904238B
:1077D000189B0B98CDE902930DF1300ACDF8188073
:1077E0000195CDF800A03346D0E9091200F016FD4E
:1077F0000446002897D1002D95D04F4505D1394634
:10780000D8F80020781907F01FFB2A465146384661
:1078100004F024F9D8F800302B44C8F8003082E78F
:1078200042F207039A4202D10A4B9E42B3D00A4B5E
:107830009E4201D10D25B9E73A460025C4E73A46F4
:10784000C2E76FF089046EE7204673E70010C004BA
:1078500000FF4004000180040013C004002273B53F
:1078600003880092C1E90022428804460D46002A9E
:1078700000F0F28003F4E042B2F5804F00F0EC80BB
:1078800023F0FF03B3F5E24F02D0B3F5824F04D1EA
:10789000204604F08FF90646F0B96946204604F008
:1078A00058FA0646002840F0CD80009B9B6AB3B191
:1078B0000099204601F12803D1E9091200F0C2FB2A
:1078C00006460098002E40F0C1802946FFF73EF999
:1078D0000646002840F0B680304602B070BD6368AE
:1078E0001B0A40F0A78022886188104604F056F9F0
:1078F000002800F0AE80104604F06AFA0646002820
:1079000040F0A08047F201039A420ED14B080133A8
:10791000DB0803EBC3033B330193DDE9000104F013
:1079200086FA06460028C3D08CE044F201039A424E
:1079300002D1CB081033EFE722F0FF03B3F5E84F95
:1079400003D1CB1DDB085B00E6E7B3F5884F05D11B
:10795000CB1DDB0803EB43030133DDE7B3F5EE4F4B
:1079600066D0B3F58E4F02D1CB1DDB08D4E702F40D
:107970004F40B0F5824F02D0B0F5884F06D1D0B25B
:10798000422801D1CB08E7E74128EDD0B3F5E24F1B
:10799000EAD0B3F5824F03D1CB1DDB085B00DBE7F8
:1079A00044F20D039A4223D844F201039A42DBD9F0
:1079B000A2F58042023A0B2AD6D801A353F822F04E
:1079C000057A000069790000117A000069790000E9
:1079D00069790000197A0000217A000069790000B5
:1079E00069790000297A000069790000297A00008D
:1079F00047F202039A421BD047F204039A42B3D1E2
:107A0000402389E74FF4A0724B095343203383E7A7
:107A10004FF4C0720B0AF8E7CB1DDB0818337BE785
:107A2000CB1DDB081C3377E7CB1DDB0802338AE76D
:107A3000202371E7204601A900F0ECFA0646002851
:107A40003FF46BAF009804F05AFA45E704F02FFAC0
:107A5000F8E76FF08506F5E76FF086063CE700BFB4
:107A600010B5124C2378590744BF03F0FB03237071
:107A70009A0705D500F0A8F8237823F002032370B5
:107A8000637813B10A4805F029FB00230421084854
:107A90006370FEF7EBFC2378DB0705D505F0ECF906
:107AA000237823F00103237010BD00BF447300202E
:107AB0004873002038B5FEF7E5FCD0B9164D2B7899
:107AC000980707D400F078F82B78044643F00203B7
:107AD0002B70C8B9D90707D405F0CCF92B78044628
:107AE00043F001032B7078B96B782BB12B785A07D0
:107AF0000DD50024204638BD084805F0E9FA0223D8
:107B000004466B700028F1D0FFF7AAFFF2E743F0BC
:107B100004032B70EDE700BF44730020487300207E
:107B200073B502AB03E9030000F140431F2B144679
:107B30000D46024613D82C211D4801FB0300037F8C
:107B4000022B22D143699A421FD183699D421CD1E5
:107B50000146084605F076F818BB21601FE06FF07B
:107B600040410138884213D2114B002118461E7F34
:107B7000022E05D15E69B24202D19E69B54213D090
:107B80000131202903F12C03F1D16FF08B0006E0C5
:107B90000849A3F580538B42E6D96FF0870002B005
:107BA00070BD6FF09600FAE72C2303FB0101D0E7CC
:107BB0004C730020FFDFFF3F0122024B002083F8BF
:107BC000802570474C7300202DE9F0410A4C0025B8
:107BD00026464FF0010803272046C4F82080277767
:107BE000013504F06FF9202D04F12C04F4D10023A9
:107BF00086F88035BDE8F0814C730020F8B51E4D45
:107C0000064695F880350F467BB300242B46224666
:107C1000197FD1B13CB9022905D1196A19B919796D
:107C2000002918BF1C460132202A03F12C03EFD192
:107C300014B96FF08C0006E0204605F003F82046EA
:107C400004F040F910B100240DE01C46237F7BB9FD
:107C50000123237736B1094B651BAD105D4305F158
:107C60008045356000203C60F8BD6FF08800EAE791
:107C70006FF09600E7E700BF4C730020A38B2EBA8D
:107C80002DE9F0410027684B92B0176093F88035DA
:107C900002AE154686E80300002B00F0C28096E88D
:107CA0000300FFF73DFF10F18C0F044640F0A18068
:107CB00029463846FFF7A2FF0446002840F0998085
:107CC00096E8030001232F681C2207F1140888E8B6
:107CD00003007B6021460BA807F0ECF8002200238C
:107CE000CDE908237B69514A03F14043A3F5805352
:107CF0009342CDE90644059422D898E8030008ABE6
:107D000005AA05F0EEF90446B8B9D7E90523DDE97F
:107D10000801CDE91023059B0BAA0C9313F0FF0378
:107D200008BF10930023CDE9003300F047FA10F1AB
:107D30008A0F044611D000284FD014F18C0F4ED179
:107D400000236FF040422E6808930B937369013B48
:107D5000934252D36FF08B0441E006A90BA800F0C8
:107D600059F904460028E8D13846069904F05FF82E
:107D700004460028E1D1DDE9080107AB0193BB6AA5
:107D80000BAA00937B6A00F019FA044618B1384632
:107D900004F08DF8D1E73C46079B0BAEBB620FCEDB
:107DA0000FC496E8070084E8070028688368D904B0
:107DB00044BF43F4806383609A0444BF43F4006388
:107DC0008360037F012B04BF0223037704F03AFF93
:107DD000044670B16FF0960409E06FF096042868CD
:107DE00004F070F814F18C0F08BF6FF087040023C3
:107DF0002B60204612B0BDE8F08130460BAA08A9DE
:107E000004F0E6FF044628B930460B9A089904F0BE
:107E100021F804460B99089804F0D8FF002CC4D030
:107E2000DDE76FF08804E4E74C730020FFDFFF3FDD
:107E3000F7B515460E4607460822184629491C463E
:107E400003F00CFE042200230DEB020104F10800F4
:107E5000019303F003FE04226B680DEB020104F1B1
:107E60000C00019303F0FAFD2B8801A9022204F112
:107E70001000ADF8043003F0F1FD6B8801A9022277
:107E800004F11200ADF8043003F0E8FD0422AB6801
:107E90000DEB020104F11400019303F0DFFD042255
:107EA000EB680DEB020104F11800019303F0D6FD1D
:107EB00004222B690DEB020104F11C00019303F075
:107EC000CDFD042204F120000DEB0201019603F028
:107ED000C5FD3246394604F1240003B0BDE8F04048
:107EE00003F0BCBD900501002DE9F74323290446AA
:107EF0000F46914698460A9E05D86FF09805284689
:107F000003B0BDE8F0830822354906F08DFF054631
:107F10000028F2D1042204F108010DEB020003F065
:107F20009DFD019B002BE8D1042204F120010DEB03
:107F3000020003F093FD0199243F8F42C8F800101E
:107F4000DBD3B1F5005FD8D2002938D1C9F8005091
:107F5000042204F10C010DEB020003F07FFD019BF4
:107F60000222736004F1100101A803F077FDBDF84F
:107F700004300222338004F1120101A803F06EFDE7
:107F80000422BDF8043004F1140173800DEB0200EB
:107F900003F064FD0422019B04F11801B3600DEBB2
:107FA000020003F05BFD0422019B04F11C01F3605D
:107FB0000DEB020003F052FD019B33619FE70120AE
:107FC000FEF738FAC9F8000030B1D8F8002004F103
:107FD000240103F043FDBBE76FF08C058FE700BF82
:107FE00090050100194610B4002443680C60074C4A
:107FF0001A0AB4EB132F02D0054B9A4202D110BCDF
:1080000000F000BC6FF0860010BC7047004E80008E
:108010004B4E800010B4002443680C60074C1A0AD1
:10802000B4EB132F02D0064B9A4202D110BC00F0E1
:10803000E9BB6FF0860010BC704700BF004E8000A7
:108040004B4E80002DE9F041456804462D0A0E464E
:108050001746984606D00E4CA54214D06FF0860005
:10806000BDE8F08105886D0407D443463A463146A1
:108070002046BDE8F04104F0D2BD01F0A3FB10F1B1
:10808000860FEDD1F1E7BDE8F04101F09BBB00BFE9
:108090004B4E80002DE9F04FD0F804E0DFF87CB0C3
:1080A00085B0BBEB1E2F0446DDE90E890D46164652
:1080B0001F46DDF840A04FEA1E2C1CD0DFF860E020
:1080C000F44518D0BCF1000F22D1CDE9019ACDF8CA
:1080D000008001F025FB10F1860F1BD13B46324694
:1080E00029462046CDE90F9ACDF8388005B0BDE885
:1080F000F04F03F0BFBE3B46324629462046CDE94D
:108100000F9ACDF8388005B0BDE8F04F01F008BBFC
:108110006FF0860005B0BDE8F08F00BF004E800014
:108120004B4E8000F0B44468DDE90456240A06D0C2
:10813000084FBC4208D0F0BC6FF086007047CDE914
:108140000456F0BC03F0FDBECDE90456F0BC01F0CE
:10815000ADBB00BF4B4E80002DE9F7430D46DDE976
:108160000A891646134942681F46B1EB122F04468E
:108170004FEA12230ED0104A934200D0ABB93B46CF
:10818000324629462046CDE9008905F07CFD10F1F4
:10819000860F0CD13B46324629462046CDE90A8956
:1081A00003B0BDE8F04305F06EBD6FF0860003B08C
:1081B000BDE8F083004E80004B4E8000F0B4DFF845
:1081C0002CC05468DDE90456BCEB142F4FEA142789
:1081D00002D0074CA74204D1CDE90456F0BC01F00F
:1081E0003BBB6FF08B00F0BC704700BF004E8000BF
:1081F0004B4E8000F0B44768074EDDE90445B6EB0E
:10820000172F04D1CDE90445F0BC01F0A3BB6FF0FA
:108210008600F0BC704700BF4B4E80002DE9F04750
:108220004468DDF83890240ADDE90856DDE90A7C67
:10823000DDE90CE803D0DFF824A054450AD1CDE9EC
:108240000D89CDE90BCECDE909670895BDE8F0476A
:1082500000F0FCBC6FF08600BDE8F0874B4E80005C
:108260002DE9F0434568DFF83C90DDF82C80B9EB50
:10827000152F4FEA1524DDE90767DDE909CE03D0A4
:10828000094DAC4200D044B9CDE90AE8CDE9087CFB
:108290000796BDE8F04300F019BD6FF08600BDE819
:1082A000F08300BF004E80004B4E800037B504467F
:1082B0004868000A02D0084DA8420AD106980090EA
:1082C00004F1080000F0FCFA08B90523236003B0AC
:1082D00030BD6FF08600FAE74B4E800037B504469C
:1082E0004868000A02D0084DA8420AD106980090BA
:1082F00004F1080000F016FB08B90523236003B061
:1083000030BD6FF08600FAE74B4E800070B4074E28
:10831000DDE90345B04204D0CDE9034570BC05F06A
:10832000B5B96FF0850070BC704700BF0500000252
:10833000074B10B59942044606D0043005F0C8F941
:1083400008B90523236010BD6FF08500FBE700BF6F
:10835000050000022DE9F74F0C9CDDE90D56019454
:108360004468DDE90F7C240ADDE911E8DDE9139AB0
:1083700003D0DFF830B05C450ED1019CCDE9139AF3
:10838000CDE911E8CDE90F7CCDE90D560C9403B091
:10839000BDE8F04F00F0B4BF6FF0860003B0BDE859
:1083A000F08F00BF4B4E80002DE9F74F0C9C4568C5
:1083B000DFF854B000940D9CBBEB152F0194DDF851
:1083C00050A04FEA1524DDE90E67DDE910CEDDE9A6
:1083D000128903D00D4DAC4200D07CB9019CCDE98F
:1083E000139A0D94009CCDE911E8CDE90F7C0E960F
:1083F0000C9403B0BDE8F04F00F0E6BF6FF08600CC
:1084000003B0BDE8F08F00BF004E80004B4E8000EF
:1084100070B44C68039D240A02D0074EB44206D1C2
:10842000052440F8184B039570BC05F00FB86FF0A9
:10843000860070BC704700BF4B4E800070B44C6823
:10844000039D240A02D0074EB44206D1052440F809
:10845000184B039570BC05F004B86FF0860070BC33
:10846000704700BF4B4E80002DE9F043DFF8449089
:10847000DDB2446845F000754D45DDF82C804FEACB
:108480001424DDE90767DDE909CE0CD014B10A4DEB
:10849000AC420CD1CDE90AE8CDE9087C0796BDE8ED
:1084A000F04305F0EBB96FF08500BDE8F0836FF0A5
:1084B0008600FAE7050000024B4E8000F7B5089EE3
:1084C0000E4FF5B2044645F000754868BD424FEACC
:1084D00010200DD010B10A4DA8420CD1009604F125
:1084E000080005F0C0F908B90523236003B0F0BD0A
:1084F0006FF08500FAE76FF08600F7E705000002ED
:108500004B4E8000F7B5089E0E4FF5B2044645F07D
:1085100000754868BD424FEA10200DD010B10A4DD9
:10852000A8420CD1009604F1080005F09EF908B9A4
:108530000523236003B0F0BD6FF08500FAE76FF00C
:108540008600F7E7050000024B4E80004268044BAE
:10855000B3EB122F01D105F0A7BB6FF08500704778
:108560004B4E800010B50C4C207806F0DBFC0B4A1B
:108570001368591C116053B9094AD2F8003443F00A
:108580000703C2F800344FF48072064B9A602078DB
:10859000BDE8104006F0C8BC287A0020D078002042
:1085A0000080045000E100E038B5174C207806F058
:1085B000B9FC164B1A68013A1A6002BB4FF4807579
:1085C0001348C0F88850BFF34F8FBFF36F8F072158
:1085D000104BC3F80813D3F8001421F00701C3F8B7
:1085E0000014C3F80021D3F80011C3F80421D3F814
:1085F0000411C3F80821D3F80831C0F88851207855
:10860000BDE8384006F090BC287A0020D0780020E1
:1086100000E100E00080045070B5154D154E2B6848
:10862000B34222D0FFF79EFF02F00CFD124A134B1B
:10863000134952F8040B43F8040B8B42F9D102F0B2
:1086400069FD38B104F065FD0446FFF7ADFF3CB9A4
:108650002E6005E001F0E2FC044618B1FFF7A4FF2C
:10866000204670BD05F0BAFBEEE70024F8E700BF36
:108670000053002011736500F8F0000000C0805125
:108680001CD380511FB50D4CD4F84034012B07D0BA
:108690000321B720FBF73CFE60B90123C4F8403446
:1086A00010220021684606F005FC684606F00AFA2A
:1086B00004B010BD6FF02100FAE700BF0080045045
:1086C000002310B50B6010F0FF0314D043F00073CB
:1086D00003F17E43053B102B0DD801220B4C9A4031
:1086E000224203D1042B06D1094B0B600B6853B90E
:1086F0006FF0850006E000F0FE40B0F1007FF7D09B
:108700006FF0860010BD0020FCE700BF6978010013
:10871000C0040100F8B505460E4618461C21174650
:108720001C4606F039FC6B682B491A0AB1EB132F73
:108730001BD12A4A33782261294A13F00303E260ED
:1087400066610CD0023303F00303012B3DD86B8824
:108750000733DB086360234B23600020F8BD6B8880
:108760000733DB086360204BF6E7204B9A4229D1A0
:108770006B691F4A1A44022A0CD81E4AE2601E4A3C
:1087800022611E4A934212D00132934217D06FF0F9
:108790008600E3E72246A96942F8181F62610022B9
:1087A000C4E90322164A93420BD12023DAE70123BE
:1087B000A3602346AA6943F8182F6361CDE702231B
:1087C000F6E72FB1C4E90067C7E76FF08400C5E79B
:1087D0006FF09600C2E700BF4B4E8000AD9B0000DB
:1087E000B99A00000000002040008151004E800036
:1087F000FF3F0080858600000FD1000002C0FF7F90
:1088000004C0FF7F30B54268144D0388B5EB122FCA
:108810004FEA122414D14069114A90420CD002F55B
:10882000FF427D320244012A14D8B3F5105F11D102
:10883000022300200B6030BD47F212129342F6E78C
:10884000084A944206D1B3F5885FF1D143880733D3
:10885000DB08EEE76FF08600EDE700BF004E80001A
:1088600001C0FF7F4B4E800070B50546114E55F894
:10887000101B0446891B18BF0121284602F0A4FBE7
:1088800018B1BDE8704004F044BC2368B3420CD07A
:1088900096BF094A094A23F48073934205D02846BB
:1088A00002F080FB6FF00200EBE70123002084F868
:1088B000D43070BD00018004004040040010C004AA
:1088C0002DE9F041DDF818801D46154B0E46984500
:1088D000044611461DD13388B3F5105F19D1202D00
:1088E0001AD800F582772A46384603F0B7F82A46A8
:1088F0003946304604F1E803FFF70CFF38B901238D
:1089000084F836311023C4F8008084F83531BDE88E
:10891000F0816FF08500FAE76FF08600F7E700BF9F
:10892000004440042DE9F041DDF818801D46144B49
:108930000E469845044611461CD13388B3F5105FA6
:1089400018D1202D19D800F582772A46384603F031
:1089500085F82A463946304604F1E803FFF7DAFE87
:1089600030B91023C4F8008084F8360184F835311A
:10897000BDE8F0816FF08500FAE76FF08600F7E759
:10898000004440042DE9F04F87B00446DDE910BAF9
:1089900015469846894611B90AB1FDF75DF9BAF155
:1089A000000FFAD00023CAF80030DDB1B8F1000F93
:1089B00000F0D28094F8346173195B4500F2CC80EA
:1089C0001EB394F8357104F59270BA1B95420DD21E
:1089D0002A464946304403F041F894F834312B4498
:1089E00084F83431002007B0BDE8F08F49463044A8
:1089F000059203F033F894F83431059A1F44BF1BF5
:108A0000FEB284F834619144AD1A94F835315F4276
:108A10002F4002D1002E00F0A280226851498A42E4
:108A200037D1AEB1B342B8D194F8362104F1E801A0
:108A3000CDE902A2CDE9008B04F59272201D04F06D
:108A40003FFC0028CFD194F8343184F834019844A5
:108A500077B194F836314A46CDE902A3CDE9008BCF
:108A60003B4604F1E801201D04F02AFC0028BAD19D
:108A7000BD42B7D994F83431002B8ED1ED1B2A4674
:108A800009EB070104F5927002F0E8FF84F8345115
:108A9000A8E794F8D43043B3334904F1100B511ACA
:108AA00018BF0121584602F08FFA20B107B0BDE887
:108AB000F04F04F02EBB201D01F0F0FF034638BB41
:108AC00094F83431221D059204F1100B9BB967B361
:108AD00043463A464946201D05F045FC804620B3F2
:108AE000584602F05FFA4046E0E72046FFF7BCFE3A
:108AF0000028E5D077E794F835219A427FF44DAF0E
:108B0000434604F59271201D05F02DFC034630B15B
:108B10005846059302F046FA059B1846C6E794F8B6
:108B2000353184F834019844D1E7201D05F082FCEA
:108B300080460028D4D1201D05F0C9FC8046584647
:108B400002F030FAB8F1000FCDD1DAF800303E442F
:108B50003344CAF800308BE76FF0890043E7002DFB
:108B60008CD13FE700444004000180042DE9FF411F
:108B700004460F4690461E460BB9FDF76DF80023DC
:108B8000336090F834319BB901682E4A914256D136
:108B9000002FF2D094F8D4309BB3012104F11000DF
:108BA00002F012FAD0B104B0BDE8F04104F0B1BA5D
:108BB0000029E2D00168244A9142EBD190F8362195
:108BC00000F1E801CDE90262CDE9007800F592728A
:108BD000043004F075FB04B0BDE8F081201D01F005
:108BE0005DFF054628BB94F83421904532600ED2D3
:108BF00004F1100002F0D6F900236FF08900336011
:108C0000E9E72046FFF730FE0028ECD0E3E7261D19
:108C10003B46304604F5927105F0A5FB054640B988
:108C2000304605F0DAFB054618B9304605F04FFC32
:108C3000054604F1100002F0B5F92846B3E71846DE
:108C4000C9E700BF00414004004440042DE9F04F53
:108C5000D3B09B46DDE95E785C9B05460E469246A6
:108C6000DDF88091629C0BB9FCF7F6FF17B9B8F1FB
:108C7000000FF9D1B9F1000FF6D0002CF4D04FF469
:108C80009C72002104A806F015F9002323600E4B06
:108C90009B4515D15246314628463EABFFF73AFD7B
:108CA00058B90123CDE90243619B3A46CDE90093CF
:108CB0003EA9434605A804F003FB53B0BDE8F08F7E
:108CC0006FF08500F9E700BF004440042DE9F04F44
:108CD000D3B00746DDE95C848A4693461D46DDF83D
:108CE0007891609EB8F1000F02D10CB1FCF7B4FF8F
:108CF000B9F1000FFAD0002EF8D04FF49C72002189
:108D000004A806F0D7F80022134B32609D4214BF2E
:108D100010230C23F4B1114A954214D15A465146FE
:108D200038463EABFFF7F6FC50B95F9BCDE90260D9
:108D3000CDE90093424623463EA905A804F0C0FAB7
:108D400053B0BDE8F08FA3428CBF6FF086006FF088
:108D50008500F5E72046F3E7000180040044400465
:108D600000212DE9F043074695B0084602F02CF9A2
:108D70000DF12706044626F01F0620B115B0BDE808
:108D8000F04304F0C6B94FF01009DFF878800122F3
:108D900010211D4804F029FA1B4A331900932021A1
:108DA0001023CDF80490A2F1200001F0C1FE054689
:108DB00050B1002002F0F6F8284604F0AAF9054662
:108DC000284615B0BDE8F083D8E90C3210340133E1
:108DD00042F10002302CC8E90C32D8D102F0E2F89E
:108DE00027B122463946304604F0F2F931462022B6
:108DF000044802F033FE102206F12001024802F07E
:108E00002DFEDDE7E071002000720020F0B5194D65
:108E1000194FAB6B8DB0BB4229D0184E307806F09D
:108E200081F8402300221946284606F0AAF830218E
:108E3000684604F097FA044678B96846FFF790FF51
:108E4000044690B9302302461946684606F099F860
:108E500001220023C5E90C23AF63307806F064F8E3
:108E6000204604F056F90DB0F0BD0E24F5E70020C1
:108E7000F9E700BFE0710020B4A5B4A5297A00206D
:108E80002DE9F04F99B00DF1570902F10F0A044690
:108E90000E46154629F01F094FEA1A1A32B1002969
:108EA00000F08D80B2F5803F00F28980DFF81481F8
:108EB000454F98F8000006F035F8D7E90C32134317
:108EC00009D12046FFF7A2FF044620B198F8000020
:108ED00006F02AF85CE0D7E90C231AEB020243F112
:108EE0000003B3F5803F14D3302102A804F03AFA0E
:108EF000F8B902A8FFF734FF04460028E6D1302372
:108F00000246194602A806F03CF800220023C7E9F1
:108F10000C230021084602F057F8044660B91024DB
:108F2000A5B9284602F03EF82846FFF719FF044687
:108F3000CCE76FF09204C9E798F8000005F0F4FF61
:108F4000204619B0BDE8F04F04F0E3B8102D4FF003
:108F500001024FF010011D48AA4628BF4FF0100A29
:108F600004F043F9194A10232021CDE90094A2F11D
:108F7000200001F0DDFD834670B1002002F012F800
:108F800098F8000005F0D0FF584604F0C2F80446F7
:108F9000204619B0BDE8F08F4B4606EB0A0213F8E5
:108FA000011B06F8011B9642F9D1D7E90C320133B7
:108FB00042F10002C7E90C32A5EB0A05B0E76FF0F9
:108FC0008604E5E7297A0020E07100200072002085
:108FD0002DE9F84FDFF8B4A0DDE90AB424F47E16D9
:108FE000884617461946138856450CBF4FF4105251
:108FF00000229A42054643D1BBF1200F43D800F12D
:1090000020095A46484602F029FD5A464946384644
:109010002B1DFFF77FFB38BB1D4B9E4226D05645CC
:1090200026D0B6F1052F25D01A4B9E4224D01A4ADD
:109030001A4B964218BF00232B60144B85F85880BA
:109040009E421BD184F0AA6383F4807333F47E13B1
:1090500006D084F0AA6383F4007333F47E130DD139
:10906000C4F3054485F89A40BDE8F88F0C4BE3E75C
:109070000C4BE1E70C4BDFE70C4BDDE70024F1E79D
:109080006FF08500F0E76FF08600EDE70002400525
:109090000001400500060005000700050007100557
:1090A00000015005000250050005100500061005DE
:1090B000F8B590F89B10044601293ED002295DD0F6
:1090C00000295DD10568314B9D425CD190F84D304F
:1090D0000C2B58D100F1C0070121384601F074FF74
:1090E000064630B104F015F810B9022384F89B301D
:1090F000F8BD2368264A93421AD0AB4209D0254ACC
:10910000934215D06FF00205384601F04BFF2E4612
:109110000EE094F8585094F89A3004F14002211D62
:1091200004F1A00035B904F0CAFF05460028EBD1D0
:109130003046D7E704F0C1FFF7E70368134A9342CC
:1091400003D013495B1A5942594104F1C006304615
:1091500001F03AFF18B1BDE8F84003F0DABF04F1BE
:10916000A00005F02FF8054620B1304601F01AFFA7
:109170002846F0E7022384F89B30F9E70020B7E7A0
:109180006FF09600B4E76FF08800B1E70002500579
:1091900000015005000510052DE9F04F85B004468B
:1091A0000F4698461546DDF83CA09DF84090002AF1
:1091B0004DD090F899600368454A86BB934240F0D1
:1091C00083800F2D31D935F00F0B14D0B9F1000F7A
:1091D00004D10E9A0BEB060393425AD843465A46E3
:1091E00039462046CDF8009004F006F980BB5F4474
:1091F000A5EB0B055E4446B1204604F0DDF838BB14
:10920000BAF1000F01D0CAF8006005B32A4639460A
:1092100004F1590002F022FC84F8995017E09342BF
:1092200052D1C6F11002AA4215D304F159002A46C0
:109230003946304402F012FC94F899302B4484F8FB
:109240009930BAF1000F02D00023CAF80030002094
:1092500005B0BDE8F08F00F1590B0BEB060003934E
:10926000029202F0FBFB94F89910029A039B1744B8
:109270000A442168103DD2B29942354484F89920BD
:1092800022D1102A22D1B9F1000F05D10E9B0F2B4C
:1092900002D86FF08900DBE743461022594620468A
:1092A000CDF8009004F0A8F80028D1D194F8996086
:1092B000B9F1000F00D1B0440023226884F899303E
:1092C000034B9A423FF47FAFFCF7C6FC00267AE7D7
:1092D0000002500538B50446084B00681546984210
:1092E00009D10C2A07D104F1400002F0B7FB00209D
:1092F00084F84D5038BD6FF08500FBE70002500543
:109300002DE9F04FFBB003AC804689469246002120
:109310004FF4EE7220469B46899D859F05F0CAFD5D
:1093200000228B9B02AEAB42029248D342464B4690
:1093300001212046CDE900ABFFF74AFE8046002818
:1093400036D1879B2268C4E914351E4B9A422DD131
:109350000C2F2BD13A46849913A802F07FFBDDE94C
:109360008612012384F84D7020460093434604F092
:1093700043F88046E0B900902A4620468A9B8899A7
:1093800004F03AF8804698B98B9A8A993346204679
:10939000521B294404F0C3F8804648B9029B8C9ABA
:1093A0002B44136040467BB0BDE8F08F6FF085081A
:1093B00000238C9A2046136004F0A1F8F2E76FF0C6
:1093C0008908EFE7000250052DE9F04F0446994661
:1093D0008A469346FBB003AD4FF4EE720021284657
:1093E000859FDDF820828C9E05F064FD2246534661
:1093F00000212846CDE900B9FFF7EAFD044688BB05
:1094000095F89A20899B9B1A8B9A3360934232D8A5
:10941000879AC5E914232A681A4B9A422ED10C2F39
:109420002CD13A46849913A802F018FBDDE9861284
:10943000012385F84D7028460093234603F0DCFF96
:10944000044678B90090414628468A9B326803F06A
:10945000D3FF044630B931682846414404F0B9F8D6
:10946000044620B100232846336004F048F8204623
:109470007BB0BDE8F08F6FF08904F3E76FF08504EF
:10948000F0E700BF000250052DE9F04115461A46ED
:10949000069B03F0FE44B4F1407F01D0FCF7DCFBF7
:1094A0000468002C3ED1234C13F47C16036004EABC
:1094B00003040AD0C3F30546B4F1607F466022D1AD
:1094C0002946BDE8F04104F0CBBAB4F1607F0BD17E
:1094D000DCB244F0007404F17E44033C122C1DD82D
:1094E0001549095D4160EBE7B4F1707F18D10C8834
:1094F00004F4E047B7F5005F12D10126C4F302245B
:1095000006FA04F4446023F47E140C4B9C420DD103
:1095100013462A46BDE8F04100F0B2B84660CFE7F6
:109520004660F0E76FF08800BDE8F0816FF08500DD
:10953000FAE700BF0000C07F980501000002C003E9
:1095400010B4046884B19AB10C4B2340B3F1607F2E
:1095500002D110BC04F0CDBA094B24F47E149C4215
:1095600008D110BC04F0C4B96FF0880010BC70477B
:109570001046FBE76FF08500F8E700BF0000C07FF2
:109580000002C003F8B50F46016805461E4659B3F0
:109590006FB3436893422DD8184B0B40B3F1607FF3
:1095A00011D104F027FB04462B68154A23F47E13DF
:1095B000934203D1284604F01BFA044634B1002339
:1095C00033602046F8BD6FF09604EDE705F10C011D
:1095D00038466A6802F042FA6B684FF40171284617
:1095E000336005F0D9FCECE76FF08804E9E76FF031
:1095F0008604E6E76FF08904E3E700BF0000C07F60
:109600000002C00370B50E460168054669B37EB31B
:109610004368934203D06FF09404204670BD164B0C
:109620000B40B3F1607F1DD104F0E4FA04462B68CF
:10963000124A23F47E13934203D1284604F0D8F94A
:109640000446002CE9D131466A6805F10C0005F0AA
:1096500084FC04460028DED14FF40171284605F051
:109660009BFCDAE76FF09604E1E76FF08804D4E73B
:109670006FF08604D1E700BF0000C07F0002C00386
:109680002DE9F0410E461C4633880546B3F5105FC0
:1096900011463DD10F2C0BD873681F481A0AB0EB46
:1096A000132F07D01D4B9A4204D06FF086042CE094
:1096B000202CFAD805F5B2772246384605F5A4786D
:1096C00002F0CCF92246434639463046FFF722F8ED
:1096D0000446D0B905F164060121304601F074FC5E
:1096E00018B1BDE8F04103F014BD414605F150004A
:1096F00001F06CFA0446304601F054FC0CB12046EF
:10970000EFE7102385F84C40AB602046BDE8F081C0
:109710006FF08504F9E700BF4B4E8000004E8000DB
:109720002DE9F04F8BB00446DDE914788946924666
:109730001D46169E0BB9FCF78FFAB8F1000FFAD050
:10974000002EF8D000233360C8F800307FB34268A1
:109750001B4BB3EB122F2DD101F038FD68B302A9DA
:109760002046D4F814B0FFF74DF80146C0B9029B6B
:109770009F4219D35FFA8BFB594653464A4620460F
:1097800000F064FA014658B92B465846CDE90078F6
:1097900003AA00F0A9FC014610B9BDF80E303360F1
:1097A00008460BB0BDE8F08F6FF08901F8E76FF065
:1097B0008601F5E76FF08501F2E76FF08401EFE7CE
:1097C0004B4E80002DE9F041044615461F460E46DB
:1097D00092B009B9FCF740FA002BFBD042681D4952
:1097E000130AB1EB122F2AD101F0F0FC70B3638899
:1097F00021880733B3F5C47F4FEAD3081CD2B1F5F3
:10980000105F06D0B1F5885F03D042F2040399429D
:1098100012D14246002006A9FFF732FB48B905AB3A
:10982000CDE90173424633462046009506A9FFF76D
:1098300077FF12B0BDE8F0816FF08500F9E72B43A8
:109840000CBF6FF086006FF08500F2E76FF08400C8
:10985000EFE700BF4B4E80002DE9F047124F044662
:10986000DDE9089AC71961F1000C032F7CF1000CA7
:109870000D461646984605D2CDE9089ABDE8F04750
:1098800001F0F0BC104601F0A1FC48B1434632465D
:1098900020462946CDE9089ABDE8F04700F024BCEF
:1098A0006FF08400BDE8F087FF3F00802DE9F843AA
:1098B00004881E4604F44F43B3F5824F9046DDE919
:1098C00008270D4602D0B3F5884F10D1E4B2A4F1B9
:1098D0004103012B01D9122C0CD1424629463046B6
:1098E00002F0BCF80020C7F80080BDE8F883B4F5AA
:1098F000885FF1E743880733B2EBD30F4FEAD30910
:1099000021D3DFF8488098F8000005F00BFB2846CB
:1099100000F0D2F8044630B94A4630460C4902F00D
:109920009DF8C7F80090284600F040F9054698F8E1
:10993000000005F0F9FA002D14BF28462046BDE8C6
:10994000F84303F0E6BB6FF08900CEE72A7A0020E7
:10995000000000202DE9F047984603880E4603F4E6
:109960004F4186B0B1F5824F0446DDE90E9A02D030
:10997000B3F5885F0ED105AB2046CDE901A3314692
:109980004346CDF80090FFF7CBFE0446204606B0D4
:10999000BDE8F087154F387805F0C4FA304600F07E
:1099A0008BF80546E8B9628805AB07322046CDE959
:1099B00001A30F494346CDF80090D208FFF7B0FE4F
:1099C0000446304600F0F2F80646387805F0ACFA66
:1099D00056B9002DDAD0284606B0BDE8F04703F0AE
:1099E00098BB6FF09604ECE73546F4E72A7A00203E
:1099F0000000002030B5ADF57D7D122205460C46F5
:109A00000DF10E00002105F055FA4FF4105300211E
:109A1000ADF80C30184B4FF47272CDE90831174B8A
:109A20000AA8049305F046FA4FF008210AA800F0AE
:109A300075FCE8B90346009040F2011103AA0AA898
:109A400000F0BAFCA0B9032340F201210C4A0AA895
:109A500000F086FC60B910232A4640F206210AA8CD
:109A600000F07EFC20B9202221460AA800F0C0FCAC
:109A70000DF57D7D30BD00BF02C0FF7F03004E802D
:109A80007905010038B50B4CD4F80035D4F80055F1
:109A900003F00103C4F80035FAF71CFCD4F80035D4
:109AA00005F47C5503F001031D43D4F80025C4F8E8
:109AB000005538BD00B004502DE9F041017805464D
:109AC00001F00304022C9CB010D0033404F0030412
:109AD000012C63D94078C1F38201FAF719FC0038F0
:109AE00018BF012040001CB0BDE8F0810BAF394623
:109AF0004078FAF759FC002850D129786878C1F3EA
:109B00008201FAF705FC0646002845D101461822D5
:109B10000EA82C7805F0CEF94FF41053ADF8343080
:109B20004FF48073ADF836304FF40073DFF8748073
:109B300014A81493CDF8408004F0B8F8149B1A4D83
:109B40000F93322331461C2215A8149305F0B2F965
:109B5000284614A9C4F38204FFF74CFF08B10E2075
:109B6000C1E70CAB08936023CDE9065305F1100360
:109B700004930423CDE902730C23013C2401CDE9B5
:109B800000530C9043462022059414A90DA8FFF71A
:109B90001BFC0028A7D0E2E72046A4E76FF02100D5
:109BA000A1E700BF000250050000002008B50378BF
:109BB0009B0705D00548602105F0EEF9002008BD9F
:109BC00004F00CF90028F5D00220F8E7000000208E
:109BD00030B543681C4985B0B1EB132FDAB22FD1F1
:109BE000032A03D16FF0840005B030BD03AA02A997
:109BF00004F0CDF80028F7D1DDE9024529462046DA
:109C0000FAF786FB0028EDD19DF8043005F0070235
:109C100023F01F0343EA820301A88DF804308DF876
:109C20000540FFF7C3FF2946204604F098F820B905
:109C300005B0BDE8304004F067B86FF09200D3E79C
:109C40006FF08B00D0E700BF4B4E80002DE9F04F46
:109C5000B7B01EAC05468846174600216022204654
:109C60000B9305F027F904F04FF88146002840F0E7
:109C70006781014604220DA805F01CF99DF83460A7
:109C8000696969F30306C1F3013C6CF305168DF8AD
:109C9000346016F0300608D1AB68980710D06FF02A
:109CA0008605284637B0BDE8F08F102E08D1BDF8E4
:109CB000363023F4F87343F4A873ADF8363089E0F6
:109CC000EB6803F0FE42B2F1A06F10D1A64A23F474
:109CD0007E13934216D12A880C210D9B61F3933396
:109CE0000D93B2F5105F24D06FF08505D9E79F483A
:109CF0002A88834212D008D89D48834214D09D48B8
:109D000083420ED0C9B2F829EDE79B488342E3D0E5
:109D1000B3F1082FF6D120210D9BDFE714210D9B15
:109D2000DCE724210D9BD9E734220D9B62F39333AA
:109D30000D9300214FF0010B0A4608469DF837307D
:109D4000D5F808E0DFF834925B0859F804AB1EEA56
:109D50000A0F07D00BFA00F1194301F07F0301212C
:109D600042EA0A0201300728EFD129B19DF83710E5
:109D700063F347018DF837103EEA0202B4D16B88D5
:109D8000FF2B0ED005D8802B2CD0C02BACD10223BA
:109D900008E0B3F5807F27D0B3F5C07FA4D10623B8
:109DA00000E003239DF8362063F306128DF8362079
:109DB0001EB91EF0030F7FF472AF2B79022B20D057
:109DC00014D8012B7FF46BAFBDF8362063F3C812B3
:109DD000ADF83620BCF1030F3FF661AFDFE80CF0C1
:109DE000164A292D0123DDE70423DBE7032B02D0EC
:109DF000FF2B7FF454AF0222BDF8363062F3C81354
:109E00005BE7BDF8363043F4C07356E72B88B3F5F3
:109E1000105F7FF469AF0B9AA2F1100110293FF691
:109E20003EAF574BCB40D9077FF539AFDFF85491A0
:109E300026E00B9B602B3FF657AF0B9A412A15D0BB
:109E400011D8202A0CD80F2A7FF629AF4C4BA2F14B
:109E50001001CB40DB077FF522AFDFF82C910FE03C
:109E6000302AFAD01BE7612A7FF419AF013A013793
:109E70000B92F2E70B9A302A7FF411AFDFF80C91C6
:109E8000202E52D10DF1880A3946504601F0E6FDE8
:109E90003246002116A80B9F05F00CF8182200216D
:109EA00010A805F007F84FF41053ADF83C304FF40C
:109EB0008073DFF8C4B00EA8ADF83E300E93CDF835
:109EC00048B003F0F3FE0E9B1022214600201193B0
:109ED000FEF7D6FF054600287FF4E3AE204616A91C
:109EE000FFF788FD054600287FF4DBAE0BAB089337
:109EF0005023CDE906A3042303930DAB02930C2357
:109F00000F3727F00F07CDE9004332465B46CDE916
:109F100004A716A90FA8FFF7F3F9054600287FF458
:109F2000C0AE27460B9A10320B9202F10F044FEA93
:109F3000141A514640460FAAFAF75EFE054610B1C4
:109F40006FF09205ADE69DF83C300BBB51464046A4
:109F500016AAFAF749FA0028F2D19DF85830002BDA
:109F6000EED16FF08A059CE60002400500444004F3
:109F7000090080030002C003000250051404010020
:109F800001010100400081510000002010840450B4
:109F90001F2C12D81C22002116A804F08BFF0026CB
:109FA000564511D11F2C7FF67CAE0121BA20FAF75D
:109FB000D5F900283FF475AEC2E75146404603F09C
:109FC000CEFE0028E6D0BBE709EB06124FEA061BDF
:109FD0001B92C6B904220DA91CA801F03FFDBDF8D3
:109FE000362007EB0B01C2F3C1121A9216A81022F9
:109FF00001F034FD08EB060116A8FFF743FD30B170
:10A0000003F082FE9CE74FF0FF331C93E7E71C212F
:10A0100016A804F0C1FF0136C2E700BF10B592B028
:10A020001C22002103A804F045FF0221F8200DF1B5
:10A030000702FAF7E1FD044630BB9DF8073003B391
:10A0400020220AA9FEF71CFF0446D0B94FF4807302
:10A0500002A8029303F02AFE029B0D4905930D4BC3
:10A060000AAA06930C4B03A8CDE903130B4BF82166
:10A0700008932023FFF7EAFD202104460AA804F0F4
:10A080008BFF204612B010BD6FF09204F9E700BFBD
:10A09000002400010010C004014B4E80F800FF7F37
:10A0A0007FB5CDE900019DF8006003A93046154653
:10A0B0001C4603F007FE88B9BDF80E10C1F3C111AC
:10A0C0000139C9B202298FBF6FF08600044B5A5C78
:10A0D000044B9EBF13432B60C4E9006004B070BD05
:10A0E000AB050100004B4E802DE9F74389466946D8
:10A0F000064690461D460A9F03F0E4FD044648B913
:10A10000B6F1F80349F1FF39022B79F1000905D2C4
:10A110006FF08604204603B0BDE8F08303F0F4FD41
:10A1200010B16FF09204F5E7B8F1000FF0D09DF890
:10A13000004014F00F0240F0D380BDF80230C3F3AA
:10A14000C113013BDBB2022B00F2CD80694904F060
:10A150003004C95C684B102C43EA0103C8F8043092
:10A1600011D1664BC8F80030404601A9FEF74AFB02
:10A1700004460028CED1019BB8F80010BB426AD932
:10A180006FF08904C6E7134691469DF803105C48BA
:10A190004908A9B901A8CDF8049003F087FD019BF7
:10A1A000C8F80830009BC3F38533202B2BD013D87D
:10A1B0000C2B2DD0142BB4D14FF41053514A12E074
:10A1C000CA0706D5062B00F2918050F8232049EAF1
:10A1D000020949080133DCE7242B1DD0342BA0D120
:10A1E0004FF48853484AC8F80C209DF80220A8F87C
:10A1F0000030C2F30212013A052A1FD8DFE802F04C
:10A20000291021231E264FF410534FF00822EAE7AD
:10A210004FF410533D4AE6E74FF410533C4AE2E74F
:10A22000C022A8F80220002C9ED1B3F5105F02D105
:10A2300019F0030F98D06FF096046BE76FF0980455
:10A2400068E7FF22EDE74FF48072EAE74FF4C0724F
:10A25000E7E78022E5E70B9A13609DF800302A7843
:10A26000C3F3011060F301022A709DF80220C2F3CB
:10A270000212072AE2D0042A30D8012A05D0063279
:10A2800002F00702022AD9D8022203F03003202B61
:10A290002B7808BF023262F38403B1F5885F2B701C
:10A2A0006E707FF437AF602F3FF66AAF194E30788B
:10A2B00004F038FE2846FFF7FFFB02F02AFF0446B1
:10A2C00040B915493A46284601F0C8FB60211248BA
:10A2D00004F062FE307804F027FE1BE70322D4E787
:10A2E0006FF0880416E76FF0910413E76FF08304B2
:10A2F00010E700BFAB050100004B4E80011080014C
:10A300001404010000444004090080030082440555
:10A310000002C0032A7A00200000002010B421F4BB
:10A320009F620D4C22F00702A2420346016004D056
:10A330000A4A21F0FF04944203D1184610BC03F0EE
:10A340007CBDB1F1082F02D110BC03F001BE6FF04B
:10A35000850010BC704700BF000100080004000821
:10A360002DE9F0410568DFF8488025F49F6E2EF056
:10A37000070EC64504460E4617469C4605D0DFF834
:10A3800034E025F0FF08F04507D13A463146204633
:10A39000BDE8F041634600F0BDB8B5F1082F03D128
:10A3A000BDE8F04103F0E0BD6FF08500BDE8F0814D
:10A3B000000100080004000870B404681D46B4F1F0
:10A3C000082F039E09D0094B24F0FF049C4208D0BB
:10A3D00033462A4670BCFFF7C3BF039670BC03F038
:10A3E000F9BD6FF0850070BC704700BF0007000822
:10A3F000F0B40468DFF83CC024F49F6727F0070737
:10A40000674503460D46164604D00B4F24F0FF0C5B
:10A41000BC4505D132462946F0BC184600F004B9C7
:10A42000B4F1082F02D1F0BC00F03CB96FF0850008
:10A43000F0BC7047000100080004000838B503684C
:10A44000084A23F0FF039342054609D103F020FD9B
:10A45000044628464FF4727104F09EFD204638BD34
:10A460000024F6E700010008002203782DE9F341FB
:10A4700043F0007303F17E43033B122B8CBF16465F
:10A480002349019298BFCE5C00F25921324605461D
:10A4900000F044FF0446B0BB95F8583205F154076C
:10A4A00043BB95F8583238460133D5F85C2385F81C
:10A4B000583205F2D921FFF743F8044618BB0122B0
:10A4C000384605F51671FFF73BF80446D8B905F292
:10A4D000992832464146384601ABFFF753F8044607
:10A4E00088B93246414605F1100001F0B7FA85F807
:10A4F000506008E03246384605F29921FFF720F80F
:10A5000004460028CDD0204602B0BDE8F08100BF4F
:10A51000BF0501002DE9F3410027164602681D46DC
:10A52000D3B243F0007303F17E43033B102B044688
:10A5300098BF3B48019798BFC75C3A4B22F0FF0297
:10A540009A420FD140F2011399420BD1402D64D8A9
:10A550002A46314604F2592001F080FA1223A380E2
:10A56000002012E0A388DA0642D5132B40D040F237
:10A57000022291420CD040F2032291423BD040F2A1
:10A580000112914210D06FF0860002B0BDE8F08158
:10A59000102B2DD12A463146204600F0BFFE002860
:10A5A000F3D11123A380F0E7102B1FD104F2592817
:10A5B0004021404604F0F0FC3A464146204600F077
:10A5C000ADFE0028E1D104F154082A463146404648
:10A5D000FEF7B6FF0028D8D112233A46A3804046A2
:10A5E00001AB04F25921FEF7CDFFCEE7112BEAD0E3
:10A5F0006FF08800C9E794F86033002BF8D1802D04
:10A600000BD82A46314604F2D92001F027FA01235B
:10A61000C4F85C5384F86033A2E76FF08C00B4E7B1
:10A62000AE050100000500082DE9F04104680E4662
:10A63000194924F0FF078F421346054682881BD133
:10A64000112A26D91322E4B244F0007404F17E44A6
:10A65000033C122C828006D8104A125D9A4203D91C
:10A660006FF0890006E00022304605F2592101F022
:10A67000F5F90020BDE8F081112A0AD990F860238D
:10A680003AB11322064982803246BDE8F04104F017
:10A690006DBB6FF08800EDE700040008BF05010006
:10A6A00069A400008388F7B51746A3F14102032A85
:10A6B00004460E4632D8442B08D13B46324620464B
:10A6C000184903B0BDE8F04004F050BB442385684E
:10A6D0008380EA02C5F3475343EAC56302F47F026D
:10A6E0006D09134305F47F452B43D0F89422C0F83D
:10A6F000C43300F51D7100F011FE68B9204603F067
:10A70000CAFB48B9102201AB04F5167104F15400DC
:10A71000FEF738FF0028D0D003B0F0BD6FF08800FE
:10A72000FAE700BFE1DE00002DE9F0410446904663
:10A730001F460D4619B10A688B681AB953B96FF0F4
:10A74000210646E033B94B6823F00802102A01D0F5
:10A75000202B41D101232046A376E56103F099FC2B
:10A760000646002835D121461D4B04F1200041F852
:10A77000843BAB689A069B01DBB202F0E0421A43CD
:10A7800042F48042112300F06FFA2268AB689068AF
:10A790006BB9616A2B68103141F8103C6B6843F06B
:10A7A000005341F8083C436841F8043C6162616A27
:10A7B0000C4BC1F800808B608368103141F8043C79
:10A7C00000232776C4E9023363612361D3686162A1
:10A7D00063603046BDE8F0816FF04106F9E700BFE5
:10A7E000300401000C00002090F8203070B50446C1
:10A7F0000D46002B56D003685A68052A0ED1016B0E
:10A800009A6911420AD0C26842B9826832B903F02B
:10A8100039FC002808BF6FF0530070BD5A6AD4E9B4
:10A8200004100E18964207D2204603F02BFC002895
:10A8300008BF6FF00200F0E71B6904F1F4029847CB
:10A8400068B1E26A636AC4321A60184A103343F886
:10A85000082C22689268526943F8042C63622046EF
:10A8600003F0FFFB207EA36A00F10F0222F00F022B
:10A8700003F1100190421D609860A16207D0002191
:10A88000121A42F0804219619A612033A3620025B6
:10A8900004F12000B621656004F1840203F01FFE7C
:10A8A0002846BAE76FF02000B7E700BF100000208D
:10A8B00090F8203070B504460D46002B70D0036828
:10A8C0005A68052A0ED1016B9A6911420AD0C268F2
:10A8D00042B9826832B903F0D5FB002808BF6FF097
:10A8E000530070BD5A6AD4E904100E18964207D27C
:10A8F000204603F0C7FB002808BF6FF00200F0E716
:10A900001B6904F1F402984723689E68636A03F1A7
:10A91000100158B3E26AC4321A60234A9A6072691D
:10A92000DA6061626560204603F09BFBD4E90A307F
:10A93000217EC43001F10F0222F00F021860914213
:10A9400003F110009960A06207D00020521A42F073
:10A95000804218619A612033A36204F12000B6217D
:10A9600004F1840203F0BBFD0020BAE7B06900F0F7
:10A97000C002C02A02BF53F8042C42F0200243F860
:10A98000042C267E1D6006F10F0222F00F0242F019
:10A990000055921B40EA02209D60D8606162C2E7C8
:10A9A0006FF020009DE700BF100000202DE9F0416E
:10A9B0000446174698460D4619B10A688B681AB9BD
:10A9C00053B96FF0210649E033B94B6823F0080210
:10A9D000102A01D0202B44D100232046C4E9008551
:10A9E000A36003F0AAFC0646002837D121460120C7
:10A9F00051F8703BAA68D3F800C098F807300833C4
:10AA00009840069B18439301DBB29206184302F06C
:10AA1000E042DCF80030024304F10C0000F024F9BD
:10AA2000AB687BB923692A68103343F8102C6A6835
:10AA300042F0005243F8082C22681268526843F82A
:10AA4000042C236157B12369074A1F609A6022686A
:10AA500010331268D26843F8042C23613046BDE8F5
:10AA6000F0816FF04106F9E71000002007B50022E1
:10AA7000034B0092FFF79AFF03B05DF804FB00BFA1
:10AA800074040100012307B500220093024BFFF775
:10AA90008DFF03B05DF804FB74040100037B70B507
:10AAA0000446002B3BD00368DB7A002B3AD003F03E
:10AAB00044FC0546002830D12368E26959791B68B7
:10AAC00022EA0102E26104F1700104F10C001B684A
:10AAD00000F0CAF8D4E90012086862B1936853B96B
:10AAE00016685268236942F000529A6042681E60FC
:10AAF000DA6010332361A2692369A4321A600B4A19
:10AB0000103343F8082CC26843F8042C23618A7977
:10AB1000E3691343E3610023A360284670BD6FF02F
:10AB20002005FAE76FF04705F7E700BF10000020A7
:10AB300037B54FF480740194214C41F00051A1616C
:10AB400040F6110143F00053A3622123E16104F1B7
:10AB50002001616101212262E362069A194B01AD75
:10AB60001A60079A256042F000521125C3E90112CC
:10AB70002022DFF854C02061C4E902C504F11005A9
:10AB800065606162DA60BFF35F8F4FF0A3421460CB
:10AB9000BFF35F8FBFF35F8F1361BFF35F8FBFF3AF
:10ABA0005F8F03235363BFF35F8FBFF35F8F9363A5
:10ABB000BFF35F8F03F007FD431CFBD003B030BD34
:10ABC000E4780020D47800200400002038B5044642
:10ABD0000D4619B10A688B681AB953B96FF0210094
:10ABE00029E033B94B6823F00802102A01D0202B4A
:10ABF00035D1EB682561D3B91A4B04F17801236094
:10AC000001236360AB6804F114009A069B01DBB278
:10AC100002F0E0421A4342F48032112300F024F89B
:10AC2000AB684BB100201023C4E9020303E068695C
:10AC300098470028E0D038BD2A68A3691A606A687E
:10AC4000103342F0005243F8082C2268926992684F
:10AC500043F8042CA361636801336360E2E76FF09B
:10AC60004100E8E794040100026100F114028260EF
:10AC700000F11002C2600A60024AC1E902231031E9
:10AC80004160704704000020C26870B572B9C369A2
:10AC900000F128041C603D4C103343F8084C446814
:10ACA000E46844F4806443F8044CC361836A9B0500
:10ACB0002FD4044654F8EC3BDD68302D34BF082611
:10ACC0001026082E0CBF092611261D696B1E134085
:10ACD000EB1AB34238BF5B191C44D50004F8015C81
:10ACE00003F1EB045209044400F1ED05A54248D1FB
:10ACF0008022446A80F8EC20C269C434146044683D
:10AD00009360E468103242F8044CC26102691A444C
:10AD1000026102690568D31C23F003039B1AC26910
:10AD200052F8044C44EA032442F8044C52F8084C0C
:10AD30002344EC6843F0005342F8083C036AE21CE9
:10AD400022F003021960944203F110019C60016239
:10AD500007D00021121B42F0804219619A61203312
:10AD60000362836A13F480610AD16B699C4207D045
:10AD7000026A1B1B43F08043116093601032026231
:10AD800070BD04F8012D120AB0E700BF04000020D6
:10AD9000B1F5AA7F38B5044614D303681A6812F0D7
:10ADA000400512D10A4B00F17C0143601323183097
:10ADB000FFF75AFF074B284663610123C4E9035597
:10ADC000A36038BD6FF02200FBE76FF00200F8E7E8
:10ADD000E004010089AC0000BFF35F8F094A1368EB
:10ADE000BFF35F8F43F48071BFF35F8F1160BFF3D8
:10ADF0005F8F23F48073BFF35F8F1360BFF35F8FA8
:10AE0000704700BF0010805108B5FFF7E5FFBFF3A2
:10AE10005F8F064A1368BFF35F8F43F00103BFF3F0
:10AE20005F8F1360BFF35F8F08BD00BF00108051BC
:10AE300070B50026C0E9006605460C46FDF792FB9A
:10AE400001232B70FFF7C8FFBFF35F8F204BDB6838
:10AE5000BFF35F8F9B08013BACB3226842B19A42BB
:10AE600005D9FDF7A1FB6FF03F002E7070BD1346B2
:10AE7000D4E90115E068002908BF4FF400710028EB
:10AE800008BFF1202469BFF35F8F114A9360BFF3BD
:10AE90005F8FBFF35F8F1564BFF35F8FBFF35F8F6B
:10AEA0005064BFF35F8FBFF35F8F5163BFF35F8F5A
:10AEB00044F4802444F00104BFF35F8F1460BFF3B7
:10AEC0005F8F0020D2E74FF40071F1202546DAE7CA
:10AED00000108051037870B50D461446002B52D0F7
:10AEE000BFF35F8F2C4A136BBFF35F8F03F00E012C
:10AEF0000A294BD013F00C0F02D14FF0FF3070BD78
:10AF00004368D3B9BFF35F8F5368BFF35F8F032BE1
:10AF1000F3D9224B2249BFF35F8FD2F88060BFF391
:10AF20005F8FBFF35F8F43F8046BBFF35F8F8B427C
:10AF3000F1D1FFF769FF01234360BFF35F8F164B29
:10AF40009A68BFF35F8F0132B4EB021F21D8BFF3C1
:10AF50005F8F5A68BFF35F8FB4EB820FCDD884B197
:10AF6000BFF35F8FD3F88020BFF35F8F291D05F8F3
:10AF7000012BA9424FEA122204F1FF34EFD0002C3A
:10AF8000F5D10020BBE76FF02000B8E76FF051006B
:10AF9000B5E76FF03F00B2E700108051101080510C
:10AFA0002010805110B5044608B1037843B1FDF775
:10AFB000FBFA044B187803F0B7FF0CB100232370A1
:10AFC00010BD00BF2A7A002037B505460C46FDF7B4
:10AFD000C9FA1A4B187803F0A5FF0DB101232B70A5
:10AFE000BFF35F8F4FF0A3430022DA61BFF35F8F9F
:10AFF000BFF35F8F4FF0FF321A63BFF35F8FBFF372
:10B000005F8F3422DA61BFF35F8F01220C4BC3F8EC
:10B010000423E30703D40024204603B030BD01A875
:10B0200000F0B0F8044628B9019803F0DDFE0446AC
:10B030000028F0D02846FFF7B5FFEDE72A7A002078
:10B040000080045008B5054B186803F06FFF044BEF
:10B050001868BDE8084003F069BF00BF085300202E
:10B060000453002038B5164CD4F80051C5B1BFF3D5
:10B070005F8F4FF0A343996ABFF35F8FBFF35F8F7A
:10B080004FF0FF321A63BFF35F8F0023C4F8003123
:10B09000D4F800310B4B1868BDE8384003F056BFB8
:10B0A000D4F8083153B100F04FF803F0C8FCC4F8ED
:10B0B0000851D4F808310121034BECE7FAF7CCFD35
:10B0C00000800450085300200453002038B5074B7B
:10B0D0004FF0FF311D68284603F02BFF04464FF068
:10B0E000FF31284603F02DFF204638BD08530020CD
:10B0F00010B5064CE36C3BB9214651F84C3B9869BE
:10B1000003F0B3FC0123E364014810BD1C79002067
:10B110006879002010B50A4B0A4C236003F5C04340
:10B1200063602461FFF7E4FF236D0020B3F5007F27
:10B13000CCBF4FF480634FF40073A36010BD00BF19
:10B14000002080511C790020004870471C790020A5
:10B15000004870471C79002000487047687900203B
:10B1600010B50C4641F22C0103F079FCC0F38120AC
:10B1700003280EBF0023024B1B56236110BD00BFE6
:10B18000D205010070B50E4D0E4E0446287803F02E
:10B19000C9FE306828B980220B49FDF771FE60B9FD
:10B1A0002020094A013852F8202030602260002413
:10B1B000287803F0B9FE204670BD0224F8E700BFEE
:10B1C0002B7A0020887900208C790020F0B50422A9
:10B1D00000258469017D134B187E38B1012810D0F9
:10B1E000013A03F12003F7D1104619E01868A04294
:10B1F000F6D1D3E90260A84208BF8E42F0D1012007
:10B200000EE01E68A642EBD1D3E90276B94275EB97
:10B210000606E5D3D3E904768F4276F10006DFD344
:10B22000F0BD00BFF8EF000000220D4BF0B5D0E9F3
:10B230000540194615461E6886420AD1D3E90276B2
:10B24000AE4208BFA74204D1182303FB02110869CC
:10B25000F0BD0132052A03F11803ECD10020F7E715
:10B2600078F00000F7B51F46284B0546002908BFB7
:10B2700098420E46144639D003F5FF437D33C31878
:10B2800061F10002022B72F1000238D24FF4105229
:10B290004FF00823E3601E4B228063604FF48073FD
:10B2A00020466380FFF7C0FFC20448BF40F48060BF
:10B2B000830448BF40F40060A06001A92046FDF768
:10B2C000A1FA88B9019B089A93421BD8099A136086
:10B2D000104AA369864208BF95420BD001328642CC
:10B2E00008BF954209D07B7003B0F0BD47F212123F
:10B2F000094BCFE701223A70F5E70222FBE76FF036
:10B300008600F1E76FF08900EEE700BF01C0FF7F24
:10B3100003004E8002C0FF7F09060006F0B58BB027
:10B32000164605461C220F4603A8002103F0C2FD65
:10B330004FF6F8724FF4A053B2EBC60F4FF6FF7200
:10B3400005934FEAC60338BF13462C68ADF80E309C
:10B35000B4F1082F0ED1D5E99B23CDE90823D5F808
:10B360006832049313F0FF0300D108934FF4105395
:10B370000A4C07E00A4B9C42F8D04FF48853E4B2E1
:10B3800044F06074ADF80C303A463346009403A99B
:10B3900005F1540002F067FA0BB0F0BD0002C003E3
:10B3A0000002800810B594B004463C22002105A894
:10B3B00003F080FD4FF40173ADF8383004AB002189
:10B3C00002934023CDE90011039302AA012303480D
:10B3D000049403F092FD14B010BD00BF00010040C2
:10B3E0002DE9F0439BB08046DDE922690F46144603
:10B3F000002138220CA81D4603F05CFD4FF4C06309
:10B40000CDE90A87ADF850303EB9B9F1000F04D04C
:10B410006FF086001BB0BDE8F083249B102D0693CF
:10B42000259BCDF82490CDE90736269B0293279BD8
:10B430000393EDD834B122460DF13B0361198A42E2
:10B4400015D113950AAB0493402305930123002ED5
:10B45000019302AB009304AA0CBF02230323002133
:10B46000054803F04AFD289B039A1A60D2E712F8B8
:10B47000010B03F8010FE2E7000100402DE9F04362
:10B480009BB08046DDE922690F4614460021382230
:10B490000CA81D4603F00EFD40F20163CDE90A87BA
:10B4A000ADF850303EB9B9F1000F04D06FF086000E
:10B4B0001BB0BDE8F083249B102D0693259BCDF88F
:10B4C0002490CDE90736269B0293279B0393EDD862
:10B4D00034B122460DF13B0361198A4215D113950F
:10B4E0000AAB0493402305930123002E019302AB82
:10B4F000009304AA0CBF022303230021054803F094
:10B50000FCFC289B039A1A60D2E712F8010B03F89F
:10B51000010FE2E70001004070B5054694B00C460B
:10B52000164600213C2205A803F0C4FC2B6800212C
:10B53000069340F60513ADF8383004AB0293402370
:10B54000CDE90011039302AA012304480496ADF843
:10B550003A4003F0D2FC14B070BD00BF00010040BF
:10B5600030B5402597B0044606AB2A460021184660
:10B5700003F0A0FC042322680593089240F60A1207
:10B580000123ADF8402004AACDE902050092002174
:10B59000019302AA0248049403F0AFFC17B030BD37
:10B5A0000001004070B5402696B0044606AB0D463B
:10B5B00032460021184603F07DFC042322680593DF
:10B5C000089240F601120123ADF8402004AACDE90B
:10B5D000020600920021019302AA034807950494F1
:10B5E00003F08BFC16B070BD000100402DE9F04166
:10B5F0004FF04008074696B01C4606AB0E4615466F
:10B6000000214246184603F055FC3A680021089292
:10B6100040F60412CDE90208ADF840200223CDE93E
:10B62000001102AA0448CDE90454ADF8426003F0C9
:10B6300064FC16B0BDE8F08100010040F0B5402781
:10B6400099B008AB05460E46144600213A46184606
:10B6500003F030FC1C230793042332680393012377
:10B660000A9240F60912019302ABCDE90407ADF846
:10B67000482000930021022304AA0348069502945F
:10B6800003F03BFC19B0F0BD0001004000B58BB0E9
:10B69000CDE9020102A904910821CDE905130CAB03
:10B6A00008930423099300230792CDE9003340F265
:10B6B000E931032304AA034803F01FFC0BB05DF833
:10B6C00004FB00BF0201004010B58CB0CDE90201BF
:10B6D00002A908910821099105A90A9104210F9C4A
:10B6E0000B910E990592CDE9061374B101230193D4
:10B6F00006AB009340F2EA310223054808AA03F0A2
:10B70000FCFB079B23600CB010BD6FF08600FAE7CE
:10B710000201004010B58CB0CDE902010021CDE955
:10B7200009110B9102A90591082109ABCDE9061376
:10B730000C23144608938AB1012307AA01930092AF
:10B7400040F2EB31074805AA03F0D7FB099B2360C1
:10B750000A9B63600B9BA3600CB010BD6FF086006A
:10B76000FAE700BF020100407FB502AB0493082353
:10B7700005930023CDE90201CDE900334FF47B713D
:10B78000012304AA024803F0B8FB07B05DF804FBEC
:10B79000020100407FB503AB04930423059300230B
:10B7A0000390CDE9003340F2F331012304AA0448A9
:10B7B00003F0A3FB0028B8BF012007B05DF804FB2D
:10B7C0000501004000B589B003AB04930423CDE923
:10B7D0000532012306AA03900791009240F2F2314C
:10B7E000019304AA044803F088FB0028B8BF012095
:10B7F00009B05DF804FB00BF050100407FB50023E0
:10B80000074A06A9CDE9042302AB01AA11E9030006
:10B81000FEF746FCB0FA80F0400907B05DF804FB83
:10B82000B710FF7F10B58EB00C46122200210DF12B
:10B830001E0003F03FFB0023124A2146CDE90C23F2
:10B8400041F20103ADF81C3003F1004303F59C0302
:10B8500003F56C53089305AB029306AB01930223E7
:10B860003022009307A804ABFDF75AFF38B9059AB8
:10B87000054BB2F5C07F18BF18460EB010BD034887
:10B88000FBE700BFB710FF7FFB9AFEFFFE9AFEFFAB
:10B8900000B58DB0302269460020FDF7F1FA30B9CD
:10B8A0006946FF20FFF7BEFF0DB05DF804FB0148BD
:10B8B000FAE700BFFD9AFEFF48B1054B054A1B6839
:10B8C000B3FBF2F35843044B43F0010318477047AE
:10B8D000E052002040420F00F0EF0000431810B586
:10B8E00001D21F2A01D9002010BD013902F0140332
:10B8F0000144102B81EA000438D027DC7BBB1F2CCD
:10B9000040E800F303D941E800F19942EBD122F07D
:10B910001402013A0A2AE6D801A151F822F000BF28
:10B920008FB9000089B900007BB90000E7B80000BA
:10B93000E7B80000E7B80000E7B8000095B90000DC
:10B940008FB9000083B900007BB90000142BCAD165
:10B950001F2C40E8C0F3DAD941E8C0F1D5E71F2C2D
:10B9600040E840F3D3D941E840F1CEE71F2C40E84E
:10B9700080F3CCD941E880F1C7E713F4001FB3D1BD
:10B98000B1E713F4801FFAE75B02ADD5ABE713F420
:10B99000002FF4E713F4802FF1E700BF00239C464B
:10B9A00083F30088704708B5FAF756F9EFF308807B
:10B9B000EFF309812DE9F00F6B467246F8F708FAAC
:10B9C00008B0FFF7F0FFFEE708B5FAF745F9EFF327
:10B9D0000880EFF309812DE9F00F6B467246F8F706
:10B9E000F7F908B0FFF7F0FFFEE708B5FAF734F90A
:10B9F000EFF30880EFF309812DE9F00F6B467246F3
:10BA0000F8F7E6F908B0FFF7F0FFFEE708B5FAF738
:10BA100023F9EFF30880EFF309812DE9F00F6B466E
:10BA20007246F8F7D5F908B0FFF7F0FFFEE708B562
:10BA3000FAF712F9EFF30880EFF309812DE9F00F1F
:10BA40006B467246F8F7C4F908B0FFF7F0FFFEE75F
:10BA500008B500F058F808B500F055F8034670B581
:10BA60006AB900241519032D13D822F003042144C8
:10BA70001C44002302F003029A4210D170BD41EA37
:10BA80000304A407EDD011F8014B013A03F8014B70
:10BA9000E6E70D1B2E681D1B2E60043CE2E7CD5C23
:10BAA000E5540133E8E708B5EFF30583C3F3080372
:10BAB0000BB1FAF7D1F8BDE80840FAF79FB908B51D
:10BAC000EFF30583C3F308030BB1FAF7C5F8BDE83C
:10BAD0000840FAF796B910B5EFF30584C4F30804EB
:10BAE0000CB1FAF7B9F8BDE81040F9F739BC10B558
:10BAF000EFF30584C4F308040CB1FAF7ADF8BDE820
:10BB00001040F9F76DBC08B5EFF30583C3F30803E4
:10BB10000BB1FAF7A1F8FAF748F908B5EFF3058386
:10BB2000C3F308030BB1FAF797F8BDE80840FAF73A
:10BB30007EB908B5EFF30583C3F308030BB1FAF739
:10BB40008BF8BDE80840FAF7A5B908B5EFF305830F
:10BB5000C3F308030BB1FAF77FF8BDE80840FAF722
:10BB6000BDB908B5EFF30583C3F308030BB1FAF7CA
:10BB700073F8BDE80840FAF7E5B9002070470FB444
:10BB8000002004B07047704710B5044608B1FAF7BA
:10BB90006DFC2046BDE81040FAF752BC00F4E040CE
:10BBA000B0F5805F04D0A0F500535842584170476B
:10BBB000012070470346C068F8B15888E8B11B8877
:10BBC00003F44F42B2F5824F02D0B2F5884F09D14B
:10BBD000DBB2272B2AD008D8172B0FD0222B34D03A
:10BBE000122B16D06FF085007047302B2FD0413BC1
:10BBF000012BF7D8FF2839D100207047C028FBD08F
:10BC0000E128F9D0B0F5807F14BF6FF086000020E6
:10BC1000704720F02003C02BEED020F08003B3F556
:10BC2000807FE9D040F209239842EDE7E928E3D08C
:10BC3000EF28E1D040F21B139842DDD040F2991377
:10BC40009842D9D040F23B23EEE7E928F1E720F013
:10BC50002003C02BD0D020F04003B3F5807FCBD0A1
:10BC6000B0F5C07FC8D0B0F5007FCDE7B0F5E07F7C
:10BC7000CAE70368024673B1037DD9070BD513F0F9
:10BC800002000DD0D3684BB91369002B14BF6FF0BD
:10BC90008600002070476FF0880070476FF08600C4
:10BCA00070473AB1002918BF00232121D21A184445
:10BCB00003F000B970472DE9F047994600238AB098
:10BCC00006AC84E80300DDE913868DF82330169B6B
:10BCD0000092002B94E8030015460CBF4FF400635C
:10BCE0004FF4806309AA159FFAF756FF0446E8B996
:10BCF000DDF824A02846BAF800100DF12302FAF767
:10BD0000CBFF044690B99DF82330B3421ED8CDE94D
:10BD10000337129BCDF80880CDE900935046DAE94D
:10BD200009122B46FCF7A0FB044600B13E603246E8
:10BD3000214640463B68FFF7B4FF099800F0A4FF96
:10BD4000002C18BF20460AB0BDE8F0876FF08904C8
:10BD5000ECE72DE9F3414768D0F8148004463846F3
:10BD60000E4600F093FF054658BBFFB22FB9B8F15D
:10BD7000000F05D06FF0860523E0B8F1000FF9D071
:10BD8000A06820F0031020F47F400028F2D14FF685
:10BD9000F87362889A4218D8277907B901A8314602
:10BDA000FBF72CFF054660B90FCCD6F800C06646FD
:10BDB0000FC694E8070086E8070017B9019BCCF886
:10BDC0001430284602B0BDE8F0816FF08505F8E731
:10BDD00041F2062398421AD8B0F5905F09D241F299
:10BDE000010398420CD0B0F5885F09D06FF0850050
:10BDF00070476923A0F5905080B2C340DB07F5D5AA
:10BE000011F0070F14BF6FF0860000207047B0F5E7
:10BE1000105FEBD121F04003802B06D0B1F5807F7D
:10BE200014BF6FF08600002070470020704770B587
:10BE3000446A05460E463CB90120FAF7FBFA6862EF
:10BE400028B12046AE6270BD6FF08A00FBE76FF04C
:10BE50008C00F8E7F8B50F46114606461546FFF781
:10BE6000E6FF044620B92A463946706AFFF7F6FD18
:10BE70002046F8BDF8B50F461E46154604889AB10F
:10BE80002046FFF78BFE78B1089BD1002046196051
:10BE9000FFF79EFF044628B939463046FFF7DEFD1E
:10BEA000079B1D602046F8BD6FF08504FAE710B5CA
:10BEB0000446406A10B1A16AFFF766FE0020C4E99B
:10BEC000090010BD38B50446FFF7F1FF237F012BB1
:10BED0000FD0023B012B0FD8236A012B14BF6FF048
:10BEE000960500252C220021204602F0E3FF28467B
:10BEF00038BD236A002BF1E76FF09605F2E708B131
:10BF0000FFF7E0BF704770B586B002AD85E803006B
:10BF10001046144600F092FE0023009305AA95E80F
:10BF20000300FAF739FE50B9059E35460FCD0FC410
:10BF300095E8070084E80700304600F0A5FE06B04B
:10BF400070BD70B5008814461D46049EFFF726FE9E
:10BF500068B1B2420ED82846FFF780FD0021321B9F
:10BF6000281902F0A7FF0020059B1C6070BD6FF030
:10BF70008500FBE76FF08900F8E7F0B587B002AC09
:10BF800016461D4684E803000C9FE3B100233B6086
:10BF9000009394E80300012305AAFAF7FDFD044687
:10BFA00070B9CDE9005705983346D0E90912FCF77E
:10BFB000B9F80446059800F067FE002C08BF044657
:10BFC000204607B0F0BD6FF08904F9E7F0B587B0FF
:10BFD00002AC16461D4684E803000C9F0BB30023F9
:10BFE0003B60009394E8030005AAFAF7D5FD0446E8
:10BFF00088B9059803885B0410D5CDE9005733460E
:10C00000D0E90912FCF7A8F80446059800F03CFEB8
:10C01000002C08BF0446204607B0F0BD6FF0860430
:10C02000F3E76FF08904F6E72DE9F04F1646002795
:10C030001D468FB00DF1080C07AC8CE8030090464C
:10C040000FCE0FC496E80700C5E9007784E8070023
:10C05000009702239CE8030004AACDE90477069721
:10C06000FAF79AFD044640B9B8F80030049C43B191
:10C0700022889A4205D06FF086040598FFF73FFFAB
:10C0800068E0B8F8022063880AB19342F3D12788A8
:10C09000DDF828A0D4F80C9051464A463846ADF851
:10C0A0001E30ADF81C70FAF71BFA0646DDF82CB00E
:10C0B000D4F81080594642463846FAF711FA2EB99C
:10C0C000BAF1000F02D0B9F1000FD4D128B9BBF1F9
:10C0D000000F02D0B8F1000FCDD1A268099B0B90E0
:10C0E000134005A907A8CDE90936FFF732FE04463B
:10C0F0000028C2D1DDE904305A684168120AB2EB67
:10C10000112F35D1089A120A2DD006A907A8FBF7DE
:10C1100081FF04460028B0D1DDE90501FFF787FE65
:10C1200004460028A9D1DDE9041303F12802019295
:10C130009A6A07A800925B6AD1E90912FCF75AF8DB
:10C140000446002899D129460598FAF7FFFC0446D1
:10C15000002892D1049800F097FD002C18BF2046CB
:10C160000FB0BDE8F08FD3E90912FFF773FEE7E7E0
:10C170006FF0850481E7036810B5044623B100F031
:10C18000D0FE0023236010BD1846FCE738B50C46EE
:10C1900001680546A1B904F0FE43B3F1007F12D156
:10C1A0004FF4D072043002F085FE21462846FCF799
:10C1B000BFF8044610B12846FFF7DDFF204638BD22
:10C1C0006FF08804F7E76FF08604F4E738B5046889
:10C1D000054664B112B90024204638BD00F08CFE3B
:10C1E00004460028F7D02846FFF7C5FFF4E76FF0B4
:10C1F0008804F8E770B500261E60046805463CB167
:10C2000000F083FE04462846FFF7B5FF204670BDC8
:10C210006FF08804FAE7F0B58BB00E46174601AB15
:10C22000202202A90546FFF7E5FF044620B9019A3E
:10C23000BA420CD06FF09404202102A8FAF716F944
:10C2400014B12846FFF797FF20460BB0F0BD3046EB
:10C2500002A900F04FFF04460028EDD0EAE770B4D1
:10C260000024DDE903652C6000F0FE44B4F1007F9A
:10C2700004D1CDE9036570BCFCF748B86FF08600C7
:10C2800070BC704730B51D4600F0FE43B3F1007F2F
:10C290008DB01DD103AB01932023009304ABFCF7B9
:10C2A00035F8044628B9039A109B9A4208D06FF0DB
:10C2B0009404202104A8FAF7D9F820460DB030BD27
:10C2C000284604A900F016FF04460028EFD1F0E745
:10C2D0006FF08604F1E738B5036804460D468BB16C
:10C2E000096879B94FF4D072281D02F0E3FD2046A9
:10C2F000294600F0EFFD044610B12846FFF73BFF4A
:10C30000204638BD6FF08804FAE7036810B504468C
:10C3100043B100F084FE00232360A3886FF3080379
:10C32000A38010BD1846FCE72DE9F0411E4600230E
:10C3300086B002AC84E8060001680546DDF830806E
:10C34000059300293AD14FF40172083002F0B2FD92
:10C35000B8F1000F009694E803000CBF4FF400639F
:10C360004FF4806305AAFAF717FC0446B8B9059F95
:10C37000304639882A1DFAF78FFC044678B96B7964
:10C38000394668F300036B71D7E909232846009604
:10C39000B8F1000F0FD0FCF791F8044610B1284611
:10C3A000FFF7B3FF059800F06FFC002C18BF204684
:10C3B00006B0BDE8F081FCF7A5F8EEE76FF0880461
:10C3C000EDE71FB502AC84E806000122009294E874
:10C3D0000600FFF7A9FF04B010BD1FB502AC84E84A
:10C3E00006000022009294E80600FFF79DFF04B0CB
:10C3F00010BD38B50368054614464BB132B100F0A4
:10C40000F0FD044610B12846FFF77FFF204638BDF7
:10C410006FF08804FAE72DE9F041164602680546F8
:10C420000F469846F2B14279D2071BD50279CAB1BC
:10C43000B2421AD800F0DEFD044618B10023C8F855
:10C4400000602B7137B1324621463846D8F80030AB
:10C45000FFF727FC2846FFF758FF002C18BF20469F
:10C46000BDE8F0816FF08804E8E76FF08904E5E744
:10C4700038B5046805467CB14479E4070CD40479E6
:10C4800094420CD100F0C2FD04462846FFF73DFF60
:10C49000002C18BF204638BD6FF08804F5E76FF018
:10C4A0009404F2E710B588B006AC84E803000121DB
:10C4B00004910D9903910C9902910B9901910A999C
:10C4C000009194E80300FFF7F6FB08B010BD30B50B
:10C4D00093B006AC84E803000021049109A90391FC
:10C4E0002021029116990AAD0195009194E803006C
:10C4F000FFF7E1FB044628B9099A189B9A4208D035
:10C500006FF0940428462021F9F7B0FF204613B0BD
:10C5100030BD2946179800F0EDFD04460028F1D003
:10C52000EEE7036810B504463BB100F0CBFC0023F6
:10C530002360237923F003032371002010BD1FB56E
:10C5400002AC84E806000122009294E80600FAF7A3
:10C55000F7FC04B010BD1FB502AC84E80600002251
:10C56000009294E80600FAF7EBFC04B010BD38B571
:10C570000468054684B1047904F00304012C0BD14E
:10C58000102A0FD800F079FC044638B92B7943F013
:10C5900002032B71204638BD6FF088042846FFF750
:10C5A000C0FFF7E76FF08604F8E737B50468054683
:10C5B00094B1047904F00304012C0DD0079C01947C
:10C5C000069C009400F062FC044610B12846FFF778
:10C5D000A8FF204603B030BD6FF08804F6E770B5C1
:10C5E000046805461E468CB1047904F00304012C4E
:10C5F0000CD000F05BFC04462846FFF792FF33683E
:10C60000E21723EA02032046336070BD6FF088040E
:10C61000F2E738B50468054644B100F0DAFC4FF49F
:10C62000FA7204460021284602F044FC204638BD38
:10C630001FB502AC84E806000093012194E80C00C9
:10C64000FAF740FE04B010BD1FB502AC84E8060046
:10C650000093002194E80C00FAF734FE04B010BDFA
:10C66000F8B5036804460F4616467BB1037D13F008
:10C670000E0F0BD100F069FC054648B9237DC4E9D3
:10C68000037643F0020323752846F8BD6FF0880552
:10C690002046FFF7BEFFF7E738B503680446EBB165
:10C6A000037D03F00900012818D132B90025237D4C
:10C6B00043F004032375284638BD9B0704D5E3687F
:10C6C00093420ED39B1AE360204600F047FC0546D8
:10C6D0000028EBD02046FFF79CFFECE76FF08805C1
:10C6E000F8E76FF08605F5E737B504460020079DAB
:10C6F00028602068D8B1207D10F0010F17D0800786
:10C7000006D5E068C8B92069904216D3801A206126
:10C71000069801950090204600F029FC054640B996
:10C72000237D43F008032375284603B030BD6FF026
:10C7300088052046FFF76DFFF6E76FF08605F8E7FE
:10C740002DE9F04F1E46002385B0DDF840803360B0
:10C75000DDE90E97C8F80070037D0546DB068A46C2
:10C7600093461CD5FFF785FA044650B933465A461E
:10C7700051462846CDE90178CDF8009000F007FC3D
:10C7800004463A4621464846D8F80030FFF789FA71
:10C790002846FFF73EFF204605B0BDE8F08F6FF05A
:10C7A0008804EEE72DE9F3411E4600233360037D44
:10C7B0000546DB060F46904615D4FFF75AFA0446A5
:10C7C00050B9099B42460193089B3946009328467D
:10C7D000334600F0EEFB04462846FFF71AFF2046DA
:10C7E00002B0BDE8F0816FF08804F5E738B5446821
:10C7F000054614B100F05CFC044628464FF47671FF
:10C80000F9F734FE204638BDF8B5C36804469342B4
:10C810000F46164611D300F042FCE36805469B1B09
:10C82000E36040B12046FFF7E1FF27B13246212106
:10C83000384602F03FFB2846F8BD00F039FC0023E3
:10C840006FF08E05E360F0E743681BB1C36800201A
:10C850000B6070476FF08800704710B4446834B1C3
:10C86000C4688C4207D310BCC16000F0E9BB6FF014
:10C87000880010BC70476FF08600FAE770B50D466F
:10C880004FF0FF3104461646FAF7ECF858B9237A10
:10C890009B0706D4324629462046BDE87040FFF784
:10C8A000B3BF6FF0840070BD00232DE9F04F89B055
:10C8B0000593C2E900334388064688461746002B95
:10C8C0007BD04FF0FF314046FAF7CCF80446002801
:10C8D0006CD198F8089009F00309B9F1010F6FD1F4
:10C8E000304605A9FFF735FA044668B9059D7288F8
:10C8F0002888D61D00F4E043F608B3F5804F069271
:10C90000079605D16FF086040598FFF7F8FA4DE019
:10C91000FFF744F910B96FF08504F5E75307F1D13B
:10C9200048463146F9F786FD814610B96FF08C0410
:10C93000EAE7069B6B806B681B0A23D128460799A0
:10C94000FFF775FA044620BB0DF1180A05F1280B14
:10C95000324649464046FFF757FF0446C8B9CDE97D
:10C9600001BAAB6A324600936B6A49462846FBF728
:10C9700091FB6A88069B04469A421BD110F18F0FE7
:10C98000E6D006E0284607A9FBF744FB044600284A
:10C99000D4D031464846FFF7F7F8002CB4D13946D9
:10C9A0000598FAF7D3F804460028ADD1204609B01F
:10C9B000BDE8F08F6FF08604EBE76FF08604F5E7D3
:10C9C0006FF08404F2E707B5009313460022FAF7EC
:10C9D0000DFD03B05DF804FB70B586B00E4602A9EC
:10C9E00081E80C00002342680546009203C905AAAD
:10C9F0000593FAF7D1F80446A0B9059A916848045E
:10CA00001AD56FF480717318012B03D82B7A43F079
:10CA100001032B72936A314600932846536AFAF752
:10CA2000E5FC0446059800F02FF91CB12846FFF7F5
:10CA3000DDFE204606B070BD2B7A43F002032B7258
:10CA40000B04DED46FF08404ECE72DE9FF410568A8
:10CA500006460F46984635B3037903F00303012BCE
:10CA600020D1457995422DD8102D2ED829466846DB
:10CA7000FAF732FE0446C0B92A466946304600F04D
:10CA8000FCF9044688B92A4669463846FEF7E6FFAF
:10CA9000C8F80050337943F002033371204604B0E4
:10CAA000BDE8F08100256FF0880400233046C8F807
:10CAB0000030FFF736FD002FF0D029463846F9F751
:10CAC000D5FCEBE76FF08904EFE76FF08304ECE748
:10CAD0002DE9FF4100241C601F4603680646884676
:10CAE000002B59D0037D03F01103102B54D103897F
:10CAF00003F4E041B1F5005F2AD103F4E061B1F540
:10CB0000806F25D1436883F0AA6181F4807131F48C
:10CB10007E113DD083F0AA6383F4007333F47E1357
:10CB200022D021466846FAF7D7FD0546B0BB22461B
:10CB300069463046FAF734FC054678BB224669461A
:10CB40004046FEF78BFF3C60284604B0BDE8F0810C
:10CB500042F204018B4209D1736883F0052383F408
:10CB6000801333F47E1315D10C240CE042F207013C
:10CB70008B420FD1736883F0A26383F4C06333F4F4
:10CB80007E1307D118249442CBD96FF0890505E0B4
:10CB90000D24F8E70024C4E76FF088053046FFF75E
:10CBA00038FDD1E72DE9F0430546994600238BB0C7
:10CBB000099325F0004323F47F0306A8B3F1106F17
:10CBC00080E80600DDE91386159F25D100954FF416
:10CBD000804303C809AAF9F7DFFF044670B9129B26
:10CBE000CDE90367CDE900930998CDF808802B467D
:10CBF000D0E9091200F064FA044620B131464046FB
:10CC0000FAF76AFD3E60099800F03EF8002C18BF64
:10CC100020460BB0BDE8F0836FF08604EEE710B558
:10CC200000880C461146FEF7B9FF20B12046BDE84A
:10CC30001040FAF751BD6FF0850010BD1C22002195
:10CC400002F038B9037F022B06D1036A5A1C03D0C5
:10CC500001330362002070476FF09600704703466F
:10CC600068B1017F8A1E012A0BD80329026A03D109
:10CC7000012A01D1FFF726B91AB1013A1A62002040
:10CC800070476FF096007047FFF7E9BFC0B2FF280A
:10CC90000CBF6FF08600002070471FB5CDE9000182
:10CCA00003AADDE90001FAF73BFF78B9039803799D
:10CCB0003BB1036A012B04D105B05DF804EBFFF72B
:10CCC00001B905B05DF804EBFFF7C9BF05B05DF829
:10CCD00004FB7FB503AACDE90001FEF71BFD8C30F4
:10CCE00018BF012007B05DF804FB30B587B003AA78
:10CCF00005460C46CDE90001FEF70CFD8C3002D153
:10CD0000002007B030BD28462146FEF72DFD10B1AA
:10CD10006FF09800F5E72846214603AAFEF7FAFCD3
:10CD20008C30EDD0F4E72DE9F041064614468846F4
:10CD300088B0002941D0002A3FD0B2F5005F3FD231
:10CD400002F1240739460120F9F774FB0546D0B3F8
:10CD50000346324640462146FBF76AF8D6E9058687
:10CD600031464046CDE90386FFF7B3FF012821D0C5
:10CD700000233A46009340462B463146FEF786FC98
:10CD8000044678B94046314605AAFEF7C3FC04467E
:10CD900020B9069B9F4205D06FF09804404631466B
:10CDA000FEF7E2FC39462846FEF7EEFE204608B0C4
:10CDB000BDE8F0816FF08A04F4E76FF08604F5E7D0
:10CDC0006FF08D04F2E76FF08C04EFE7FEF7DCBE46
:10CDD0002DE9F04F87B0D0E905BA0746894690465D
:10CDE0005846514603AAFEF795FC044610BB049E24
:10CDF00001203146F9F71EFB0546002837D058467A
:10CE0000514603AA0294FEF785FC044670B902ABB2
:10CE10000246CDE90053584633465146FEF754FCCE
:10CE2000029B04469E4209D06FF098043146284682
:10CE3000FEF7AAFE204607B0BDE8F08F0028F5D126
:10CE400043464A46314628460097FBF74DF80446CC
:10CE50000028EBD1D9F8003033B1D8F80030002BDE
:10CE600008BF6FF09104E1E76FF09104DEE76FF027
:10CE70008C04DFE7FBF7D0BB70470368052B02D1BA
:10CE8000083000F04FBA6FF08600704770B4066843
:10CE9000DDE90345052E05D1CDE9034570BC083019
:10CEA000FBF770BD6FF0860070BC704710B404686B
:10CEB000052C03D110BC0830FBF758BE6FF086007C
:10CEC00010BC70470368052B02D1083000F038BA57
:10CED0000020704708B503461A680846052A08D19D
:10CEE00040F8042B191D4FF4D072FEF7B7FD002057
:10CEF00008BD6FF08800FBE70368052B02D1043002
:10CF000000F0FBBB6FF08800704710B40468052C7C
:10CF100003D110BC043000F061BC6FF0880010BC7D
:10CF2000704708B50368052B04D14FF4D071043065
:10CF300002F032F8002008BD0368052B02D118303A
:10CF4000FCF7C8B96FF0860070470368052B02D163
:10CF5000183000F091BA6FF0860070470368052B17
:10CF600002D1183000F08CBA6FF08600704770B4B0
:10CF70000668DDE90345052E05D1CDE9034570BC02
:10CF8000183000F089BA6FF0860070BC7047F0B4BA
:10CF90000768069E052FDDE9044506D1CDE9055653
:10CFA00004941830F0BC00F0E1BA6FF08600F0BCD9
:10CFB000704770B40668DDE90345052E05D1CDE95B
:10CFC000034570BC183000F020BB6FF0860070BCC9
:10CFD00070470368052B02D1183000F090BA00208A
:10CFE00070470368052B02D10830FCF7A9BA6FF02F
:10CFF0008600704710B40468052C03D110BC0830BB
:10D00000FCF7C0BA6FF0860010BC70470368052BB0
:10D0100002D10830FCF7F6BA6FF08600704703685B
:10D02000052B02D1083000F022BC0020704710B55B
:10D0300004461030FDF772F908B90523236010BDCE
:10D040000368052B02D1103000F0DFBE6FF08800BE
:10D05000704710B40468052C03D110BC1030FDF7E4
:10D060007FB96FF0880010BC704730B40568029C2F
:10D07000052D04D10294103030BCFDF79DB96FF03E
:10D08000880030BC704710B40468052C03D110BC74
:10D09000103000F0CFBE6FF0880010BC70470368FE
:10D0A000052B02D11030FDF7A3B96FF0880070474F
:10D0B0000368052B02D11030FDF7C0B9002070477E
:10D0C00043681B0A14BF6FF086006FF0850070473D
:10D0D0000020FBF79BBE0020FBF7D2BE002000F033
:10D0E00069B917B4CDE90001DDE9000103B010BC56
:10D0F000F9F7C6B870B5044600200346934200D144
:10D1000070BDE55CCE5C013375402843F6E7002036
:10D1100070470A2842DCC31C1FDA10F1400F45D0CB
:10D1200010F13F0F2BDA10F1410F42D010F1550FE3
:10D1300042D010F1490F14BF6FF086006FF08400E9
:10D14000704709282DD8DFE800F0052C2C2F172C6C
:10D15000372C2C3A6FF09800704703300D2820D8F8
:10D16000DFE800F00A331F221F1F1F1F1F1F071FAA
:10D170001F076FF0940070476FF08500704710F143
:10D18000210F1FD00DDB10F1200F1ED010F1100F5A
:10D1900014BF6FF086006FF0940070476438092860
:10D1A000CFD96FF086007047002070476FF0840081
:10D1B00070476FF0890070476FF0930070476FF011
:10D1C0008C0070476FF0880070476FF092007047D6
:10D1D00010B501380A44914200D110BD10F8013F4A
:10D1E00011F8014B63400370F5E70144814200D11F
:10D1F000704711F8013D1A440A70120AF6E72DE94A
:10D20000F8430E46174608994FF4AA7204461D4685
:10D21000DDF8248001F0FEF9B8B981464D4509D109
:10D220004146204601F081FA78B92046BDE8F8432E
:10D2300001F09EBA204657F8292056F8291001F02F
:10D2400011FA10B909F10109E8E7BDE8F8831FB543
:10D25000CDE90221069A03A9CDE90032012302AAF1
:10D26000FFF7CDFF05B05DF804FB2DE9F041D8B024
:10D2700005460E4609A8002117469846FDF7A4FE6C
:10D28000044660B95E9B3246CDE9008329463B46A1
:10D2900003A8FFF7B4FF044609A8FDF783FE204664
:10D2A00058B0BDE8F0811FB5CDE90210009302A986
:10D2B000134603A80122FFF7D8FF05B05DF804FB71
:10D2C0002DE9F04F87B01F46DDE9109A9DF84C30EC
:10D2D00000F10C0804460D46404601210593164610
:10D2E000DDF848B0FDF770FE059B20B107B0BDE842
:10D2F000F04FFFF70EBF012B32463B462946204632
:10D30000CDE901ABCDF8009009D101F015FD04463F
:10D310004046FDF747FE204607B0BDE8F08F01F01C
:10D3200018FDF4E708B509B9F8F796FC102A04D1FE
:10D33000D530FEF793FB002008BD6FF08600FBE7B9
:10D3400038B50546043000F0F0FF044618B1BDE8DA
:10D350003840FFF7DEBE28464FF49C7101F01CFEFA
:10D36000204638BDF7B506460D46202D2F46A8BFEE
:10D37000202700216846FDF75BFD044670B93A4658
:10D3800031466846FDF7A6FD10F1520F044608D05D
:10D39000431CF4D0684601F045FB34B1204603B08D
:10D3A000F0BD684601F03EFBE3E7EC1B3E44F5D0E0
:10D3B0002546DAE700207047F8B500F1A0070546DA
:10D3C000384600F040FF05F1C006044638B130464B
:10D3D000FDF7E8FD2046BDE8F840FFF79ABE384665
:10D3E00000F09BFF04463046FDF7DCFD002CF1D138
:10D3F000012385F89B30EDE72DE9F04105460C4609
:10D4000016461F469DF81880FBF752FEE0B905F15D
:10D41000A000B8F1000F11D03246214600F05AFEAC
:10D42000044630B105F1C000FDF7BCFD002385F8CE
:10D430009B302046BDE8F041FFF76BBE3B463246CD
:10D44000214600F07DFEEBE7BDE8F08113B5049CBA
:10D45000CDE9003413460A460121FBF7B9FD02B0BD
:10D4600010BD13B5049CCDE9003413460A460021D3
:10D47000FBF7AEFD02B010BDC0E9141200207047EA
:10D480001FB54FF0010C0023CDE9013C0093FBF7E1
:10D4900083FE05B05DF804FB2DE9FF41DDF82C802B
:10D4A00004460E461F4615462AB91046C8F8002005
:10D4B00004B0BDE8F08190F899208AB190F89C30D2
:10D4C00073B90121009100F15901FFF795FF002880
:10D4D000EED12046FFF770FF0028E9D184F89900CB
:10D4E000012384F89C300023CDE901830A9B2A465E
:10D4F000009331463B462046FBF74EFED8E710B579
:10D5000090F89B300446022B02D1C030FDF74AFD53
:10D5100020464FF4EE7101F03FFD002010BDF8B53C
:10D520001E4690F89A30054693421CD800F1A00799
:10D530003846FDF759F9044618B9384600F0EDFEB3
:10D54000044605F1C000FDF72DFD24B12046BDE8DD
:10D55000F840FFF7DEBD95F89A3028463360FFF7B4
:10D56000CEFF2046F8BD6FF08904FAE72DE9F341BC
:10D570000446DDE9086790F89C0094461D46DDF8F6
:10D58000288094F8992008B162451DD8C2B180F076
:10D5900001000B46009004F159012046FFF72CFFD3
:10D5A000A0B994F89C3013B194F899302B6043469D
:10D5B0003A463146204602B0BDE8F041FFF7AFBF22
:10D5C0002046FBF775FDF2E76FF0890002B0BDE879
:10D5D000F08170B500F1A00605463046FDF768F908
:10D5E000044618B9304600F098FE044605F1C00024
:10D5F000FDF7D8FC24B12046BDE87040FFF789BD97
:10D600002846FFF77CFF204670BDF7B5044690F82A
:10D610009C0017461D46089E94F8992008B1BA420E
:10D620001BD8B2B180F001000B46009004F1590103
:10D630002046FFF7E1FE90B994F89C3013B194F8BE
:10D6400099302B603146204603B0BDE8F040FFF72B
:10D65000C0BF2046FBF72CFDF4E76FF0890003B054
:10D66000F0BD90F89C3110B5044604301BB1BDE804
:10D67000104000F0D3BF4FF4AA72216800F0CAFF37
:10D68000B0FA80F35B0984F89C3110BD73B51E4677
:10D6900000230C4601A915460193FBF711F890B938
:10D6A000019801F06DF8069B98420ED8019801F0A0
:10D6B00067F8079B29461860019A33462046FFF712
:10D6C000F2FDFFF726FD02B070BD6FF08900FAE7AA
:10D6D00038B5044608462146FAF7F2FF054658B920
:10D6E00084F89C01206801F04DF8C4F858012846E0
:10D6F000BDE83840FFF70DBD38BD2DE9F74F0446B2
:10D7000088461546BAB109B9F8F7A6FA006801F0DB
:10D7100039F8D4F858310746AB4210D9FB1A04F552
:10D72000AE7018442A464146FEF798F9D4F85831AD
:10D730005B1BC4F85831002003B0BDE8F08F04F142
:10D740001C03002118460193FDF73EFC20B103B0F5
:10D75000BDE8F04FFFF7DDBC2046FFF782FF8346B0
:10D76000B8BBD4F8582104F1040904F5AE7A514647
:10D770004846BA1A00F076FF834650BBD4F8586189
:10D780004146AE1BB6FBF7F307FB1366AD1B2A46FB
:10D79000484600F067FF8346D8B9484600F088FF46
:10D7A0008346B0B9484600F0E3FF834688B940217C
:10D7B0005046C4F8587101F0EFFB56B1324650465E
:10D7C00008EB0501FEF74AF9D4F85821921BC4F87A
:10D7D00058210198FDF7E6FB5846B8E72DE9F843D4
:10D7E0000546894614461E460BB9F8F735FA006817
:10D7F00000F0C6FFA04232D805F11C0700213846D0
:10D80000FDF7E2FB18B1BDE8F843FFF782BC2846FC
:10D81000FFF727FF0446E8B9A84658F8040B00F0C4
:10D82000B1FFD5F8582105F5AE71821A404600F0D7
:10D8300019FF044670B94946404600F076FF044699
:10D8400040B9404600F094FF044618B9286800F03B
:10D8500097FF30603846FDF7A5FB2046D3E76FF011
:10D860008900BDE8F883FBF70FBEFBF70DBE08B5D6
:10D870004FF4017101F090FB002008BDF0B50446A3
:10D880001F460D461646ADF5057D4FF40172002189
:10D8900003A801F00FFB214633462A46009703A850
:10D8A000FBF7F2FD044670B9DDE98A1203A8FBF725
:10D8B00047FE044638B9DDE98D238C9903A8FBF7B0
:10D8C00061FE044610B103A8FFF7D1FF20460DF515
:10D8D000057DF0BD90F84C3013B1503000F0EDBF35
:10D8E000D0F8543113B1D0F85C011847184670478E
:10D8F0002DE9F0470446806889469042174609D3CF
:10D90000201A1C30FEF7AAF8A368DB1BA3600020D6
:10D91000BDE8F08704F1640A01215046FDF754FB8D
:10D92000064618B1BDE8F047FFF7F3BB2046FFF706
:10D93000D1FF054600284BD1A26832F0100309D070
:10D94000A01A49461C30FEF789F82A46A368A5604C
:10D950009944FF1A07F1FF3828F00F08A7EB0806D3
:10D9600062B9102204F10C0104F1500000F02CFF08
:10D9700080BB1023A360012384F84C30B8F1000F62
:10D980001CD04246494604F1500000F01DFF0546F8
:10D99000C0B9012384F84C3004F15007384600F038
:10D9A000E0FF054670B9384601F02FF8054648B942
:10D9B000402104F10C0001F0EFFA03E094F84C3040
:10D9C000002BE9D15046FDF7EDFA2DB12846A9E725
:10D9D000B046F7E70546F5E7002E98D0324609EB4A
:10D9E000080104F10C00FEF739F8A3689B1B8DE7D2
:10D9F000F8B543680546102B2FD800F164060121C5
:10DA00003046FDF7E1FA18B1BDE8F840FFF781BBF9
:10DA10002846FFF75FFF0446D0B9AA6805F1500712
:10DA2000102A05F10C050AD12946384600F0FAFE05
:10DA3000044668B9384600F0E8FF044608E0294685
:10DA40003846C2F1100200F0BFFE04460028EBD0B9
:10DA50003046FDF7A7FA2046D6E76FF08600F8BDFE
:10DA60002DE9F0439146002285B00546D8B288469C
:10DA700040F0007003A90392FAF722FE044648B969
:10DA800005F1680601463046FDF79EFA30B1FFF712
:10DA900040FB0446204605B0BDE8F083602305F155
:10DAA0005007019305F5D273009342464B46394621
:10DAB000039801F0BCF8044620B13046FDF772FA35
:10DAC0002046E4E7384600F0F3FD04460028F4D190
:10DAD000384600F04DFE04463046FDF763FA002C50
:10DAE000EED1039800F04EFE0123A86085F84C307B
:10DAF000D0E700232DE9F04F0446007885B0894631
:10DB00001546039308B140F0007003A9FAF7D8FD59
:10DB1000064600284ED1039800F034FEA3688046E4
:10DB2000AB420CD92A46494604F10C00A8EB03038A
:10DB30001844FDF793FFA3685B1BA3603AE094F8D9
:10DB40004C3004F1680B6BBB0123A26804F1500A4E
:10DB500084F84C305046A8EB020204F10C0100F0AE
:10DB600081FD0346A0BBA7684946EB1BB3FBF8F356
:10DB700008FB037750463A4600F074FDED1B034660
:10DB800040B9504600F094FD034618B9504600F0E5
:10DB9000EFFD034658460193FDF704FA019BD3B10C
:10DBA000184604E031465846FDF70EFA30B1FFF74B
:10DBB000B0FA0646304605B0BDE8F08F04F15000DB
:10DBC00000F02CFD03460028BED035463746E1E77D
:10DBD00000252F46DEE7C4F8088004F10C08402138
:10DBE000404601F0D9F9002DE4D02A46404609EB21
:10DBF00007019EE700232DE9F0430446007885B035
:10DC0000039308B140F0007003A9FAF759FD0546E7
:10DC100020B1FFF77EFA05B0BDE8F083039800F06D
:10DC2000AFFD039800F0AEFD94F84C30074604F1C8
:10DC30006806B3B9A26804F1500804F10C0949461A
:10DC40004046BA1A00F00EFD0546B8B904F5D27484
:10DC500040234A4640460399009400F0B4FF05462D
:10DC60000CE029463046FDF7AFF90028D1D104F188
:10DC7000500000F0D3FC05460028DBD03046FDF70D
:10DC800091F92846C5E708B5039A0BB9F7F7E4FF01
:10DC9000002AFBD000231360029B002B0CBF6FF007
:10DCA00086006FF0850008BDFBF792BF0368D904BA
:10DCB00044BF43F4806303609A0444BF43F40063A9
:10DCC0000360704713B50C466946F6F76DFB0028F4
:10DCD00005DA0D3015D06FF08B0002B010BD0422B4
:10DCE00069462046FDF7BAFE04224FF0FF33214675
:10DCF0000DEB0200019301F097F80028EBD0002013
:10DD0000EBE76FF08400E8E7F7B5BA2001A9F6F772
:10DD10004BFB044610B1002003B0F0BD019D2F0A5B
:10DD2000EDB2AC4206D10121BA20F6F717FB00286C
:10DD3000F1D00FE0E61901213046F6F70FFB60B194
:10DD4000012130460DF10302F6F756FF10B99DF898
:10DD5000033013B96FF09200DEE70134E1E730B52C
:10DD600089B0054618220C4601A8002101F0A2F84E
:10DD70000123BA2144EA052401A807940593FBF77F
:10DD800081FE002818BF6FF0920009B030BD13B5B6
:10DD9000007D1446086001A9FFF794FFB8B99DF80B
:10DDA0000630C3F30213072B15D0042B11D8012B17
:10DDB00005D0063303F00703022B0CD802239DF88D
:10DDC000042002F03002202A08BF0233236002B090
:10DDD00010BD0323F3E76FF09800F8E707B50221C1
:10DDE000F8200DF10702F6F707FF9DF8073003B999
:10DDF00020B16FF0920003B05DF804FB0221F8201F
:10DE0000F6F786FA0028F6D0F3E7838810B55BB101
:10DE1000D0E902428C4272F100024FF0000306D3B7
:10DE2000C0E90213184610BD6FF08800FBE76FF0E1
:10DE30008600F8E76FF085007047037843F00073C1
:10DE400003F17E43033B122B1FD8DFE803F00A1CCB
:10DE50001C1E1E1416181A14161E1E1416181A1E2E
:10DE60001A0010230022C3EB0323C0E9023210235F
:10DE70008380104670471C23F4E72023F2E7302309
:10DE8000F0E74023EEE71423ECE76FF085007047DE
:10DE90005430FFF7ECBC70B5044600F52776D0F897
:10DEA0001C030121304401F077F8D4F81C2304F15D
:10DEB0005405314628460132FBF742FB78B9284623
:10DEC000D4F8C02304F54871FBF73AFB38B928466B
:10DED00004F571710422BDE87040FBF731BB70BDE1
:10DEE00037B5D0F8942200F51D710446FDF716FAF7
:10DEF000D0B9D4F8983204F154051BBA042269460B
:10DF000028460093FBF71CFB70B92046FFF7C3FFC0
:10DF100050B92368B3F1082F08D01022284601AB6E
:10DF2000A118FBF72FFB50B103B030BD10222846DB
:10DF300004F51671FBF704FB0028EED0F4E710237C
:10DF400084F85030D4F898320133C4F89832EBE7B3
:10DF50006FF060420023C0E9022340238380012345
:10DF6000C0F898320020704738B504461D46084670
:10DF700040F201239842114606D040F2062398420F
:10DF800012D06FF0860038BDA388412B1CD17F2DA5
:10DF90001DD82A4604F52770FDF760FD4223C4F81A
:10DFA0001C530020A380EEE7A388413B9BB2012BCA
:10DFB0000AD8A02D0BD82A4604F54870FDF74EFD6F
:10DFC0004323C4F8C053ECE76FF08800DBE76FF041
:10DFD0008C00D8E770B504460E46194623681046F3
:10DFE000B3F1082F049D03D11388B3F5105F1AD144
:10DFF000A388402B1AD140F201139E4216D14368E8
:10E00000202DC4F86832D0E90523C4E99B2310D839
:10E010002A4604F51D70FDF721FD41230020C4F8B8
:10E020009452A38070BD6FF08500FBE76FF088000D
:10E03000F8E76FF08600F5E7C000C90002F10803B9
:10E0400003F8010D93424FEA1020F9D103F11002B9
:10E05000083302F8011D9A424FEA1121F9D101203B
:10E06000704783686BB100210F3323F08043826ACD
:10E0700023F00F0343F080431160936010328262FB
:10E0800081607047C26913690BB15069184718461F
:10E090007047C26938B5D368054613B900242046D5
:10E0A00038BD5069984704460028F7D02846FFF746
:10E0B000E9FF002818BF0446F1E7FCF735BB10B5AF
:10E0C0000446FCF731FB20B92268236B1268134326
:10E0D000236310BD38B590F8203004466BB3B2F11D
:10E0E000807F06D3FFF7CEFF002808BF6FF03F0008
:10E0F00038BD036933B1FFF7C5FF002808BF6FF0D3
:10E100004800F5E7406902F10F0510446061A0681E
:10E1100025F00F051044A060606A016045F00051D1
:10E1200081602168AD1A896810300A6942EA0522C7
:10E1300040F8042C60621846DAE76FF02000D7E759
:10E14000F8B51E4690F8203004460F461546002BC1
:10E1500035D0B2F1807F06D3FFF794FF002808BFC7
:10E160006FF03F00F8BDFFF77CFF0DB90020F9E725
:10E1700005F10F00626A20F00F0040F00053936039
:10E180002368411B9B6817605B69103243EA0123D7
:10E1900042F8043C23696262A26A2B44C4E9035337
:10E1A000854202F1100316609560A362DED0002361
:10E1B00041F08041136191612032A262D6E76FF095
:10E1C0002000CFE790F8203070B50446002B37D000
:10E1D000FFF75FFF0546002830D12368226B59699D
:10E1E000986822EA01029969226303680A4304F1EC
:10E1F000200004F18401FCF737FDE269216893688F
:10E20000886853B916685268636A42F000529A608F
:10E2100042681E60DA60103363620A6A636AE16A08
:10E22000C2F5857642F000529A60826831441960E6
:10E23000DA60103363620023C4E90233284670BDFC
:10E240006FF02005FAE790F8203070B5044683B3EC
:10E250000668356A35B9FFF715FF002808BF6FF06B
:10E26000470070BDFFF7FDFEE16A836A05F10F020A
:10E27000C5F58570014422F00F021960954203F143
:10E2800010019D60A16207D00021521B42F0804224
:10E2900019619A612033A3627269236B04F1200033
:10E2A0001343B621236304F1840200F018F900201F
:10E2B000D7E76FF02000D4E7F8B590F82030054696
:10E2C00043B300F080F9431C044606D038B1284619
:10E2D000FFF7D8FE002818BF04462046F8BD2B687B
:10E2E0002A6B5B691340F2D168680028EFD01A46A8
:10E2F0002F7E05F1F4069F4204D8002A18BF6FF064
:10E300000F04E4E7C15C16F801CB013381EA0C018C
:10E310000A43F0E76FF02004DFE710B5044620461B
:10E32000FFF7CAFF431CFAD010BD43681BB11A693E
:10E330000AB1586910470020704738B54368054650
:10E3400013B90024204638BDDA68002AF9D058698C
:10E35000904704460028F4D02846FFF7E6FF00283F
:10E3600018BF0446EEE770B5057B0446002D31D09A
:10E37000B2F1807F06D3FFF7D8FF002808BF6FF007
:10E380003F0070BD806802F10F051044A060206955
:10E3900025F00F05016045F0005181602168AE1A3B
:10E3A000096810300969AA4241EA062140F8041CB4
:10E3B000616920610B6001F110038A60636101D122
:10E3C0000020DEE7002346F080460B618E6120319D
:10E3D0006161F5E76FF02000D3E7027B38B532B317
:10E3E000016882680C7AA24206D2FFF79EFF0028DD
:10E3F00008BF6FF0530038BD4C7AB2FBF4F504FB54
:10E40000152232B1FFF791FF002808BF6FF04500D9
:10E41000F1E7C269497911421CBF8A43C261602198
:10E4200000F170020C3000F05AF80020E3E76FF0C2
:10E430002000E0E738B5037B93B30268D37A33B9A1
:10E44000FFF773FF002808BF6FF0470038BD8468EE
:10E45000937A9C4206D2FFF768FF002808BF6FF04E
:10E460005300F3E7013B1C4006D0FFF75EFF002896
:10E4700008BF6FF04500E9E75279C3696021134393
:10E48000C361D0E90532A4321A6010229A601344A5
:10E49000436100F170020C3000F021F82046D5E70E
:10E4A0006FF02000D2E738B5037B054663B100F07A
:10E4B0008AF8431C044605D02846FFF736FF00289B
:10E4C00018BF0446204638BD6FF02004FAE710B5A7
:10E4D00004462046FFF7E7FF431CFAD010BD43680F
:10E4E000A3F11001914241D8012243F80C2C53F8BA
:10E4F000042C42F0200243F8042C53F8082C42F07C
:10E50000005243F8082C836800F11402A3F11001B3
:10E5100091422FD8012243F80C2C53F8042C42F0DE
:10E52000200243F8042C53F8082C42F0005243F820
:10E53000082CC36803F15402BFF35F8F4FF0A3436D
:10E540001A60BFF35F8FC2680432BFF35F8F1A6136
:10E55000BFF35F8FBFF35F8F03225A63BFF35F8FF9
:10E56000BFF35F8F9A63BFF35F8F7047103242F83B
:10E570000C2CB7E7103242F80C2CC9E738B5BFF3C2
:10E580005F8F4FF0A344E569BFF35F8FBFF35F8FE9
:10E5900010236363BFF35F8F0120FDF78DF9BFF395
:10E5A0005F8F00236363BFF35F8FBFF35F8FE36B06
:10E5B000BFF35F8F5B06F8D425B1BFF35F8FE561D2
:10E5C000BFF35F8F38BD08B5FCF780FD30B9BFF3EE
:10E5D0005F8F4FF0A343986ABFF35F8FBFF35F8FE6
:10E5E0004FF0A342D36BBFF35F8F10F0240F03F003
:10E5F000230304D0FFF7C2FF6FF01F0008BD4FF0E8
:10E60000FF30002BFAD1BFF35F8F1063BFF35F8F32
:10E610001846F3E7CB6901601146184738B503681F
:10E620000446E3B1027ED2B14FF4AA71DB69C5683A
:10E63000984798B92368E5605A69E369C2F5967509
:10E6400042F00052616A9A60626829445268196017
:10E65000DA601033E361A3680233A36038BD6FF062
:10E660002000FBE7037E10B5CBB1B2B18468062C65
:10E6700018D8B2F1807F18D2C3690134196041689B
:10E680009A60C968103343F8041CC361036984604D
:10E6900013440361C3681344C360002010BD6FF0CE
:10E6A0002000FBE76FF04400F8E76FF03F00F5E76C
:10E6B000037E70B583B30368C4681A69B4FBF2F1D2
:10E6C00002FB11445CBBD3E905120A44682A29D82D
:10E6D000D3E901325A40836A456A53408362CA1CB7
:10E6E000036AC1F59676354422F003021D6091421B
:10E6F00003F110059960056206D0521A42F080427B
:10E700001C619A612033036200F17C02D821183029
:10E71000FFF7E5FE002070BD6FF02000FBE76FF013
:10E720004500F8E76FF02200F5E7037E10B50446D8
:10E73000A3B1D0E903239A4204D00268836A5268E5
:10E740005340836220466369984704F11800D8213A
:10E7500004F17C02FFF7C3FE002010BD6FF0200023
:10E76000FBE7037E0BB1FFF72EBF6FF02000704771
:10E7700010B504462046FFF7F4FF431CFAD010BD45
:10E78000C068704700697047026913690BB150692E
:10E79000184718467047826808B503465AB9026898
:10E7A0001169426A114206D0FFF7EEFF002808BF48
:10E7B0006FF0530008BD03F11400702103F17802DB
:10E7C000FFF78DFE0020F5E710B5047D034634B356
:10E7D000B2F1807F06D3FFF7D7FF002808BF6FF0A4
:10E7E0003F0010BD4468062C06D9FFF7CDFF002876
:10E7F00008BF6FF04400F4E70AB90020F1E7806930
:10E80000013401601968826089691030C96840F874
:10E81000041C9968986111445C609960EDE76FF0A1
:10E820002000DEE7037DF0B4002B42D00468876847
:10E83000256887B9836900F124021A606A1C42F0D6
:10E8400000569E60A6691202F66802F4F85232433E
:10E85000DA601033836182697B1952F8046C23EA11
:10E860000503DB1B46EA032642F8046C52F8086CE9
:10E870003344C66843F0005342F8083CC369721938
:10E8800022EA05021960964203F110019E60C161FF
:10E8900007D00021921B42F0804219619A61203317
:10E8A000C361E268436AF0BC23EA02034362FFF7F4
:10E8B00072BF6FF02000F0BC704738B5037D04468E
:10E8C000002B48D003685B69002B47D00269D368EE
:10E8D0005BB150699847054638B12046FFF754FFB1
:10E8E000002818BF0546284638BD214651F8783B18
:10E8F000626A9B6904F114001B68FCF7B5F90123F7
:10E900002169226863608B68906963B90D68496802
:10E91000A36941F00051996081681D60D96010338E
:10E92000A361022363600025216AA369C4311960D1
:10E930005169103341F0005143F8081C41681269D5
:10E9400043F8041CA3616368A56001336360636AD4
:10E9500013436362C7E76FF02005C4E76FF0470514
:10E96000C1E7027D38B50346002A37D001688268C6
:10E970008C68944206D9FFF707FF002808BF6FF0A4
:10E98000530038BD4C68B2FBF4F504FB152434B1D8
:10E99000FFF7FAFE002808BF6FF04500F1E7426A72
:10E9A000C868024348695A6200F10F01D3E907259C
:10E9B00021F00F01C4351560884202F11005906006
:10E9C000DD6106D0091A41F0804114619161203265
:10E9D000DA611846BDE83840FFF7DDBE6FF0200071
:10E9E000CFE738B5037D054663B1FFF7ECFD431C67
:10E9F000044605D02846FFF7C7FE002818BF044686
:10EA0000204638BD6FF02004FAE7037D10B50446B8
:10EA10002BB12046FFF7E5FF431CFAD010BD6FF085
:10EA20002000FBE7037810B504461BB1F9F7BCFDE5
:10EA300000232370002010BD0020FCF713BB38B565
:10EA40000225036804469D6000F035F818B123687C
:10EA500003F58053DD6138BD03685A507047036881
:10EA6000585870470369986E7047C0F30B03482BE2
:10EA70004B6028BF482310F4003F8B6008BF002381
:10EA8000CB6010F4803308BFC1E9013300F4700398
:10EA9000B3F5700F14BF00238B6800284FF0010CF2
:10EAA0004FF008028B60B8BF0023C1E905C2B8BFB0
:10EAB000C1E90533704708B5FFF7D4FF006800F4DB
:10EAC000003008BD2DE9F0410446FCF741FB064645
:10EAD000012241F22801FFF7BFFF002241F2280185
:10EAE0003046FFF7B9FF41F204013046FFF7B7FFA8
:10EAF000C106F8D410F0200502D00220BDE8F08154
:10EB000041F22C013046FFF7AAFF8046012241F274
:10EB100008013046FFF7A0FFC8F3036744B918F4B3
:10EB2000805F1CD1E4B1636841F21008FF1A2DE048
:10EB30002368002BF3D06368002BF0D09F420ADAE1
:10EB40000D20DBE7236841F2100153F82520304601
:10EB5000FFF782FF013563689D42F3DBDFE78CB985
:10EB600001224FF480513046FFF776FF41F2040155
:10EB70003046FFF774FF420700F023031BD4002B3D
:10EB8000F4D0BAE7C8F3035741F20C08A368002B8E
:10EB9000E6D0E368002BE3D0BB42D1DC0025E3687C
:10EBA0009D42DDDAA368414653F825203046FFF741
:10EBB00053FF0135F3E7FCF7CFFA01463046FCF787
:10EBC000CFFA00209AE72DE9F047044608461E4692
:10EBD0000D469146DDF82080FFF7D2FDB042074692
:10EBE00021D82846FFF7CEFD08EB000A064651461D
:10EBF0002046FFF79AFDC0B92046FFF7B9FDA0B93E
:10EC000043469A4509D12B4641462046CDF82090EF
:10EC1000BA19BDE8F047FEF71ABB1A7882F06A020B
:10EC200003F8012BEDE76FF04000BDE8F0872DE918
:10EC3000F74F9A46DDE90C4905460E469346FFF725
:10EC40009FFD80462846FFF79DFD5045074626D28A
:10EC50002B465246594630460094FEF7F8FA88BBD8
:10EC60000246A7EB0803A9EB080104EB080000F03B
:10EC700088F94FF4AA7229463046FFF7CBFC08BB4F
:10EC80002846FFF77FFD234602462018984213D1FD
:10EC90002146304603B0BDE8F04FFFF7E3BC5246D3
:10ECA00059462046FCF7DAFE0022A7EB0A03A9EB3F
:10ECB0000A0104EB0A00DAE7197881F0360103F85B
:10ECC000011BE3E703B0BDE8F08F2DE9F0411C46DE
:10ECD0001746079A0546A242DDF81880089E9DF85F
:10ECE000243022D314F00F0223D1326033B1FBF76A
:10ECF000BDFE30B1BDE8F041FEF70BBAFBF7C2FE36
:10ED0000F7E74346224639462846FFF72CFB002802
:10ED1000F0D12846FFF761FB0028EBD12846FFF72A
:10ED2000D6FB0028E6D13460E4E76FF08900BDE847
:10ED3000F0816FF08600FAE71FB501240394089C68
:10ED40000294079C0194069C0094FFF7BEFF04B058
:10ED500010BD1FB500240394089C0294079C0194E5
:10ED6000069C0094FFF7B1FF04B010BD2DE9F843F5
:10ED7000044617461D46884681B3D0E90232AB42AD
:10ED800072F100012DD35B1B62F10002C0E9023277
:10ED900000F110090DB928461EE094F85060BEB18C
:10EDA000AE4228BF2E46384632464946FCF756FE4C
:10EDB00094F850203744921BD2B2AD1B84F85020F7
:10EDC000002AE7D0484609EB060100F03DF8E1E7EC
:10EDD0002046C0470028E0D0BDE8F8836FF08500EA
:10EDE000FAE76FF08E00F7E710B59EB0024646F6E0
:10EDF00011031AA901A8FBF737FF0022039B10217A
:10EE00001A609A6001A810331AAA0393FFF767FBF0
:10EE1000FFF7D9FB431C0446FAD001A8742100F087
:10EE2000BBF820461EB010BD0346002030B5013AA5
:10EE300000D230BD1D780C78A54202D008B9281B3D
:10EE4000F5E701330131F2E7814270B4134605461C
:10EE500002D370BCFCF702BE8218194483B90024A7
:10EE60001819032816D86FF003009C084443234464
:10EE700022440C4400218B4214D1284670BC7047B8
:10EE800042EA01008007EAD011F8010D013B02F8C7
:10EE9000010DE3E7601850F8046CA01840F8046C0A
:10EEA000043CDDE7601A10F8016C501A00F8016CA0
:10EEB0000131E0E7F0B505460C0444EA01640C4377
:10EEC00044EA012462B913465619032A0ED823F0E6
:10EED00003022A4403F0030313449A420AD1F0BD0B
:10EEE000AB07F0D005F8011B013AEBE7B71A3C601D
:10EEF000043AEAE702F8011BEFE770B5B1F5004FFD
:10EF00001D46DDE9043403D2042D01D8042C01D9B7
:10EF1000FCF7F9FD240444EA05642143BDE8704090
:10EF2000F7F768BA0020704700207047002303609D
:10EF3000704703680B4202D000680840704720BF4A
:10EF4000F7E7036823EA010303607047034600689C
:10EF50001A6808400A431A607047002373B58DF899
:10EF60000730934203D19DF8070002B070BDC55C25
:10EF7000CE5C9DF8074075402C438DF80740013367
:10EF8000EFE710B58B4294BFC4184418A04200D1DB
:10EF900010BD00F8012BF9E700231A4682B001905A
:10EFA0008B4201D102B070470198C2540133F7E798
:10EFB0002DE9E04F2746A046A146A246A346A44617
:10EFC000A2B02DEC000A84F3008825462646A4470B
:10EFD000EFF3148515F0080F18BFB0EE400A3DECB2
:10EFE000000A22B0BDE8E08F000000000000000031
:10EFF0000338FDD87047000000000000000000004A
:10F000000000000000000000FF0000000000000001
:10F0100001000000000000000101000000000000ED
:10F020000000000000000000FF00000000000000E1
:10F0300001000000000000000301000000000000CB
:10F040000000000000000000FF00000000000000C1
:10F050000100000000000000000000C400000000EB
:10F060000000000000000000B300000000000000ED
:10F07000010000000000000000000000000000008F
:10F0800002C0FF7F0000000000C000000000000080
:10F09000010100000000000002C0FF7F000000002E
:10F0A00000C000000000000000010000000000009F
:10F0B00002C0FF7F0000000000C000000000000050
:10F0C000000000C40000000001C0FF7F000000003D
:10F0D0000028000000000000000000C40000000044
:10F0E00002C0FF7F0000000000C000000000000020
:10F0F0007AFFFFFFB5EE000000388A408F40944051
:10F10000A140A640AC401548CB40AE40A3400038DB
:10F11000003800380038CE40ED409D41494156410D
:10F12000324137413C414141B941BE41D7410E4294
:10F13000FA418D411B42804162426A4277427443E8
:10F140006E4366437F432E4824460038003800381B
:10F150000038AF48D548F34863457D4585439D4514
:10F16000A845BB45E345ED45CF45FC4515468C46D6
:10F170006E4695468E4600380038003828420038E2
:10F1800000380038003800380038003800380038BF
:10F190000038003800380038194919491949194907
:10F1A00019491949194919491949194900380038A3
:10F1B000003800380038003800380038003800388F
:10F1C000003800380038003800380038003800387F
:10F1D000003800380038003800380038003800386F
:10F1E000003800380038003800380038003800385F
:10F1F00000380038003800388C090038FFFFFF0065
:10F200000000000010270081878A001A7B627AA61E
:10F2100078797A8D00307B627AA778797A8D0030A0
:10F2200078207B6279217A220C10865082A280811C
:10F2300082A28287828D001A0030722095407AACBB
:10F24000797B003078247B627AA884797A8D0030CB
:10F250007224A7407B2479257A26856286A8728449
:10F26000868D11A68584116286A7858684208621D5
:10F27000862286509A5086A6867286A88685868DB6
:10F280008462868D781086A67270001A00307ABB70
:10F290007879003000830030001C001C001C001C2A
:10F2A000001B7C22001D1310D040001A001C001C03
:10F2B000001C001B7C22001D001B7C22001D131063
:10F2C000DA40001A000C016A3427001A006E102779
:10F2D000001A7B62782479257A260C1086500E104D
:10F2E00022590E101A59848FC50811B8858504104B
:10F2F000295911A284871AA211111120071890A26E
:10F30000801A9020001919A272871AA61970001B82
:10F310007C201AA21A8013100B410E101D590410E4
:10F32000335986A21A72868D001A0030870811B8E8
:10F33000858211A284871AA211111120031890A2AC
:10F34000801A9020001915A281871AA21515152080
:10F35000031890A2801A90200019074186500524B6
:10F3600008250426F5408650042406250526F54088
:10F3700086500C2406250B26F54086500B240825C4
:10F380001A26F55000AB0C1A00300DA702720AAC19
:10F39000060D0EA703720BAC060E02620CA87203D8
:10F3A0000C8D00307DBB0203048F05A670700362D4
:10F3B0008650042072210E229A500070108A0E246A
:10F3C0000B250E26F35002728650042072210D2266
:10F3D0009A5002721027108A0D240A250D26F35028
:10F3E00005A70D0E05200C2105229A50007005BBC3
:10F3F000030505A60E050030026286500420722126
:10F400000D229A500070108A0D240A250D26F35003
:10F4100000300DA70D0E05A67070027286500C20EC
:10F420000D2105229A50007005BB030505A60E05A7
:10F43000003002620DA7027203620EA7037201BBC5
:10F440000D0E00BB02030D200E21802282AC8081B4
:10F45000812082213910A941006201A80180018D1B
:10F46000012408250626B15000300324062508266D
:10F470008650F340032405250A268650F350026285
:10F4800086500A2072210A229A503810003906202C
:10F490000A210B229A500BA60B0C0BA80B050B8D07
:10F4A00038100039003002620A8E0A8F0B8E0B8FE3
:10F4B000072787500EA8720B0C200E210D229A50A0
:10F4C0000A200E210E229A500062865003240D2538
:10F4D0001A2608210E221A510262008107271A20DB
:10F4E00072211A229A5000AB0A1A003086500DBBC6
:10F4F00008060DA6040D032406250E26F3500E2043
:10F5000007210E229A500EA7050E0E8D0E240D25F2
:10F510000B26F34086500A2408250D26F3500220BE
:10F520000D210E229A500E240C250B26F3408650F6
:10F5300007200A210D229A5003240C250E26F35091
:10F5400005A60D0E058D0030865001A700720AB980
:10F55000010006240A250426F55077A70472381006
:10F560000030011877A7040138100030042004216E
:10F5700004229A5077A704723810003C001977A72C
:10F5800004013910003C0030A0A27210685380A220
:10F59000811090A291100210965308105B54141021
:10F5A000FB5439108134001A000C865033A2041029
:10F5B00002102D440810D74414105B4558522620E1
:10F5C000782148522621001C7A20CC42585226200D
:10F5D000782148521D2079214A52262026211D22B9
:10F5E000001E7A20CC425852782479257D527A2008
:10F5F000CC42112084214852112010107A590E104B
:10F60000364901218526006886AC86012EA67070D9
:10F61000C1522E2236102C2235A78682006CC808D3
:10F6200011B83581EA5026201121001C2620021035
:10F630001254112126220718B12002101554081067
:10F64000C7541410515580210019E3522620262159
:10F65000D0501122BC520068C152006C23203610D9
:10F6600026201B220318001E802100192621001AC3
:10F67000001B0B102320001F001A2CBA73742CBA25
:10F680002C2C2CA72C742DA7018677A72D2C001AC3
:10F69000A122DC5202108D53081054541410F65459
:10F6A00080A2807290A29072808D908D001A00309E
:10F6B00082A2821082A2827282A81082001A2C205A
:10F6C00013211622071880A2818280219020B22265
:10F6D00000193222DC5229A2322828A2323131A26A
:10F6E000292525A2293030A2312222A2312F2FA292
:10F6F000301F1FA2302E2EA22F1C1CA22F2D2DA298
:10F700002E1919A22E2C2CA22D1616A22D132FA6BF
:10F71000117030A6127031A6137013A62C70112030
:10F720001121081802108D53081054541410F65467
:10F73000A020B121001926A62F7027A6307028A678
:10F740003170001A1120842148521D208221485214
:10F750008A0811B88583142011211122001C051874
:10F760008024B1208421001E001920201D211D228B
:10F77000001C05188024B1208421001E0019E352CA
:10F78000262026211922001EDA501122BC521922ED
:10F790002620BC5277A22872F810821077A7850124
:10F7A00077108620CC4285A6850183A6830183A697
:10F7B000830113A272101DA619701EA61A701FA62F
:10F7C00013702C43585278210810E044818F918F98
:10F7D000001A003077A701003810013A001A0030F3
:10F7E000585204216853021039540810F05438104C
:10F7F000053A001A00305852262078214A52001A41
:10F8000000305852151075536E53262002214A526B
:10F8100000302DA2A1A12EA2A12D80A2812D90A207
:10F82000912E001A2FA205102EA280802CA28033C8
:10F830002EA22E802DA290902EA62E2C2EA62F2EFC
:10F840002CA72D2E2CA22C722C8D001A30A6919153
:10F850002CA681812DA230911A10E24331A2A1A1E0
:10F860001810C5432EA2818131A231312CA22C2D3A
:10F8700031A231332FBA2E742EA62F3131A62C2C63
:10F88000D1432EA681312FA781312CA22C2D2EA25F
:10F890002E2F31A62C2C2EBA2E742DA22D2D2FA258
:10F8A0002E2E2DA62D2D80A72F3131A72C80A0A282
:10F8B00030A12FA22E3190A72F2D001A2EA28181C8
:10F8C0002CA22C2DCD4331A67092ED4331A770921E
:10F8D000ED4330A2A1A12FA231A131A230822FA2EB
:10F8E0002F3031A731812FA72F9130A23131A0A223
:10F8F00031A12CA2813030A231302EA62C2C31A285
:10F900002F2F2EA6302E80A7312E2CA72C802EA292
:10F91000913031A22F2C90A7312E001AB0A2A0A0B6
:10F92000001A2EA670921B442EA770921B442DA283
:10F93000A2B231A2A1A12CA281B22FA2A13131A2E7
:10F9400082312DA2912D2FA22E2F2EA2A1A22C21E9
:10F95000F543AAC3E7D3EAE32CA6047477A72C00E7
:10F96000381477A604707814001A2DA205102EA65C
:10F9700033332FA62D2D2EA22E2E2FA62F2D2EA2C5
:10F980002E332FA22F2F30A62F2F2EA62E2F2FA6AD
:10F990002E3077A22F72001A90A77090908D001AC7
:10F9A0002DA2A1A180A281A190A2912D001A2FA227
:10F9B00005102EA280802CA280332EA22E802CA295
:10F9C0002C802DA2909030A280902EA62E2C2DA6B9
:10F9D0002D302EA62F2E2CA72D2E001A2CA281A161
:10F9E0002DA281812EA62D912DA22D2DA0A22C2CF1
:10F9F0002CA22C2E2EA22E2E181085442FA2A0331E
:10FA000087442FBAA0042EA62E2C80A62E2F2CA61B
:10FA1000A02C2DA22DA02CA22C8090A62C2D001A5B
:10FA2000702398448223984431A683922FA282A106
:10FA300030A2A1A130A2313031A2818132A22F2F78
:10FA400029A6313231A63191A0A229A131A22F31AC
:10FA50002EA6812F32A630322FA6913032A28132CB
:10FA60002FA22F2E2CA2812F2DA2299180A63231D8
:10FA70002CA62C2D32A62FA031A22C2929A232800F
:10FA800090A63129001A30A2A1A12DA2A2A22CA2D7
:10FA900081A22FA282A12DA2912D30A292302EA25E
:10FAA000A1A22C21A04472C494D496E4006877A744
:10FAB00072043714006C001A2DA272872CA22D81BB
:10FAC00077A7812C391081362CA22D9177A7912C04
:10FAD00039109136001A003077A60570001A90A6EA
:10FAE0008090001A80A281A190A291A1001A31A257
:10FAF00072102CA280802DA290902EA62C2D2FA2C9
:10FB00002C2D2FA2332F2FA62F312EA72E2F2E8D47
:10FB1000001A2CA6819130A281812DA291912EA252
:10FB2000A1A12CA22C2C2EA62E2E2FA6302D2DA737
:10FB3000302D2CA72C2F2EA72F2E90A22D2F80A258
:10FB40002C2EA0A22E2F001A2EA670822E452EA794
:10FB500070822E452FA2A1922EA2A12E30A28191B9
:10FB600031A22E2F32A6912E2EA7812E2CA6812FC8
:10FB70002FA6912F32A22C322CA22E2F2EA630315E
:10FB80002FA7303130A72C2F31A7322E80A22E3054
:10FB900090A22F31A0A23031001A2CA2A2812DA256
:10FBA000A2912FA2A1922EA2A1822C2132450DC595
:10FBB00028D52BE5001A80A77080808D001A585236
:10FBC000022407257D522620CC52E650875026205D
:10FBD00072210A229A503810003906200A210B227D
:10FBE0009A500BA60C0B0BA80B070B8D3810003985
:10FBF0000030E65087500A8E0A8F0B8E0B8F0DA8AF
:10FC0000720B0C200D2135229A500A202B229A507B
:10FC1000EA50585208222B23022435252626265343
:10FC2000E6500081262072212C229A5000AB0A2C2B
:10FC30000030E6502BA872062B8DEA505852022451
:10FC40002B257D520820CC42000C006435A60A0CFE
:10FC5000E65087503520722135229A500BA7073580
:10FC600006200B210B229A50381000390030000C6E
:10FC7000006435A60A0CE65087500B8F35207221A0
:10FC800035229A50EA50585208220B230224352577
:10FC90000D2626530030585226200B2148521D2095
:10FCA00006214A52262026211D22001E1D20082141
:10FCB0004A52262026211D22001E0D20CC42E6504D
:10FCC00087500B200C210A229A5082A70882828D2D
:10FCD0000030585208220C2378240A252626265361
:10FCE00000682620062100AB818000AB9190003097
:10FCF00058520620021050540810F35414105F5547
:10FD000006240B257D521D2008214A52262026213B
:10FD10001D22001E1120CC5211240A257D520D20D7
:10FD2000CC42E65087500A200D212B229A50EA50EF
:10FD3000CF550BA62B700D240B257D520820CC42ED
:10FD40008650000800B8797917A70173179E179E8F
:10FD50000BA2781017A217100C200E2280A60B7091
:10FD600090A2721082A6907092A6707068460E22C1
:10FD70007AA882927A8D00300E210C2211A68191F0
:10FD800012A7819113A2111114A2121215A6829228
:10FD900016A7829215A2151216A2111611A71314F6
:10FDA00081A2131412A2171114A6151615A7151661
:10FDB00082A2141416A2151513A6131292A2160BE2
:10FDC00091A2111312103B46001B0A1040460C2151
:10FDD0000E22424606217A5608217C5636A2060B90
:10FDE00036A236870AA608360A8D0030E6508750BC
:10FDF00091A2918736A2768736A2913681A2818719
:10FE000081A6368181A28172818D91A67070001ABF
:10FE100002248F46062408217A56EA501410C4475B
:10FE2000F34606217A560A8FEA501410C9471C4738
:10FE300035A2811034A2911031A2353536A2343466
:10FE400033A2041035A2313634A2721033A23335F6
:10FE500031A7363136A6343331A73136318D3910DA
:10FE60008134001A31A2911036A2041031A231312E
:10FE700033A2721036A2363131A7313336A636336B
:10FE800033A2363633A2333634A2333335A2343676
:10FE900035A2353134A2313335A23572358D33A7D1
:10FEA000007333A73374339E339E339E352433253A
:10FEB0003526F55035A2351034A2343533A234340A
:10FEC00033A2333633A63331338D722038100520F8
:10FED00081A23480818D7D1081A70081001A000CE1
:10FEE0008650D00811B8080132A2041032A632326E
:10FEF00084210C20A5570C212D2088571120AE57A6
:10FF0000071880222D21C0205D578021AE5700198F
:10FF10000C210C2088C75DD768E7D05011221757F5
:10FF20000A20B9570030001B0C200B102D20684709
:10FF3000000C86500821B6569C5632A2041032A6F8
:10FF40003232920811B80A0602210C20A5570C2162
:10FF50002D2088571120AE57031880222D21C02054
:10FF60005D578021AE57001908212120A557212176
:10FF70002D2088572120AE57031880222D21C02024
:10FF80005D578021AE5700190C2121220C205D57AE
:10FF900088C75DD768E7DA50112217572122175713
:10FFA0000C20B95777A680703E10003900AB0B903B
:10FFB000003031A6918136A7918131A2318236A2DB
:10FFC000369233A670B2734731A6918136A79181DC
:10FFD00031A2319236A2368233A770B2734734A26F
:10FFE000A1A233A2B13335A6313631A7313636A7B7
:10FFF000343333A6343380A2313690A23533A0A2F5
:020000040001F9
:100000003633B0A23531001A31A6918136A79181DD
:1000100034A2313133A2313631A2A1B136A2A1A12D
:1000200031A6313136A6363636A7363334A73431C9
:1000300080A23136A0A2363390A23334B0A231343C
:10004000001A80A2811090A29110A0A27210B0A2FA
:100050008090001A31A6918190A7918180A631707D
:10006000A0A6A1A1B0A2B132001A35A2721035A883
:1000700035A180A2813590A29135808D908D001A96
:10008000082558527D520A20CC4258520821DB578D
:1000900008205F550822062302240A252626265317
:1000A00077A626703E100B3900AB0B270030918FDE
:1000B0002CA291872DA272872CA22C2C2EA72C2D3E
:1000C0002CA22C332CA72C2D2DA22E2E2FA22E2C81
:1000D0002DA22D2F2FA22F2F2FA22D2F2FA22F7227
:1000E0002F8D30A70074309E309E2F2430252F2670
:1000F000F5502FA22F872DA22F2D2FA22D2D2FA20D
:100100002F2C2FA72F2E2F8D3910913481A22D72D5
:10011000818D7C1081A7008177A7810037109134F1
:10012000001A000C7B62865078231BA67D721B9EF2
:10013000341043481B9E83241B257A26F5507A20D1
:100140007A211B229A501BA71B831B8D3910003D5F
:10015000001A00305852782078211C229A501CA690
:100160001C041C209A501CA61C051C8D1C2319580D
:1001700077A67A703D1000307AA7007A00301DA76C
:100180007D721EA61D701E9E83241E257A26F550A4
:10019000381000301EA77A723910003D1FA283105C
:1001A0001DB91D0020A6757021A2721022A6212162
:1001B00022239E5824A6287025A67570A85823A728
:1001C0002821238D39106B4822A622215C481DA7C7
:1001D0001D721D9E1F239E5826A21F2827A2262877
:1001E00028A72721288D381099482AA6727029A29D
:1001F000272728A72921288D3810874829A22929AF
:100200002AA62A727D481EA7202A28A6247025A681
:100210001E70A8582BA6287024A22B2B20A62A706B
:1002200026A22B2627A2272474487AA226727A8D2A
:10023000001A003023A28372238D23241D25232638
:10024000F55028A22310001A25A725723810001A8D
:1002500028A22828A848061000385852022407254A
:100260007D522620CC5200680AA60C800AAC0A01F6
:10027000381000392AA67206E6502BA8722A2AAC3A
:100280002B0187500A2006212B229A502BA7072BDF
:100290002BAC2B012A202B210B229A50381000392D
:1002A000003006100038E65087500A8E0A8F0B8EF9
:1002B0000B8F2AA60A0B2AAC2A0138100039EA5003
:1002C000585208222A2302240B2523262653E650BF
:1002D0002AA60C232AAC2A0100AB0A2A00300610F9
:1002E00000385852E65087502AAC0D0F2AA62A0F24
:1002F0002A2007212A229A502AA6062A2AAC2A0155
:100300002BAC0A0F2BA62B0F2B202A212B229A5025
:100310002BBB2B0C2ABB2A0CEA50585208222A234A
:100320000A242B250D2626530030003885A9010FFD
:10033000001A11BA010F85A78511001A007001A6D5
:100340007070007001A77D72001A007009A67070AD
:10035000007009BB7D0F7D2109620081001A816256
:100360000081001A0F210F260068868EC1523610B8
:100370008636006C021050590310875211A6267061
:1003800012A6277013A62870E65036A8850F368D62
:1003900001213626EA508742900811B8868615D486
:1003A00018E4112012541D201121001C1254112197
:1003B0001D220318C120001E12548021001926A6F8
:1003C000117027A6127028A6137026202621001C63
:1003D000001C001C001B7C22001D262113106B49F1
:1003E0001122BC522621E7D3EAE3001A00680F8EDF
:1003F000006C2CA20F10875902108759A0A2A02CC4
:1004000015108959001A80A2802C90A2902C001AF5
:10041000FA1ED65F00010100000202000014000075
:100420000028000000400000010000000200000061
:100430000100000006000000580401000000000058
:1004400039E0000020000000100000001000000053
:100450002000000000000000110000001108000052
:100460001128000000000000410000000100000011
:1004700001000000800401000100000010101000C5
:1004800011000000110800001148000011280000B0
:10049000010000000F00000010000000100000002C
:1004A000200000001000000010000000B004010057
:1004B00011000000112800001108000001000000D8
:1004C00008060000000200000004000020000000F8
:1004D00040000000200000004800000091AD000036
:1004E0001300000063000000A300000003000000F0
:1004F000F00FEC13EC1300000000E41BE01FD02F02
:10050000C03FE41BE01F00000000E41BE01FD02FF1
:10051000C03F0000C03F54464D5F43525950544FB6
:100520000054464D5F50524F5445435445445F5329
:10053000544F524147455F53455256494345005435
:10054000464D5F494E5445524E414C5F54525553AF
:100550005445445F53544F524147455F53455256AB
:100560004943450054464D5F504C4154464F524D0F
:100570005F53455256494345004B4D5500101414E6
:1005800000001C2030401C2000001C203040004097
:10059000505341004B45590010141400001C2030EA
:1005A000401C2000001C203040004001030240405D
:1005B00040000040408080808000009088684810A3
:1005C000141400001C2030401C2000001C2030406F
:1005D0000040203042000000000000000000000049
:1005E0009861000000000000000000000000000012
:1005F0000000040048080D000000000098610000A1
:1006000000000000000000000000000000000400E6
:1006100000020B00000000000090D003AC5300204B
:100620000C530020C004000090ED00E07FBB0000F0
:1006300087BB00007BBB000067742000147900209A
:040640001879002005
:020000040008F2
:10A0000030F00220E174090089210B00CD740900B1
:10A01000CD740900CD740900CD740900CD74090018
:10A02000000000000000000000000000E1750900D1
:10A03000CD74090000000000D1770900CD7409003B
:10A040006178090061780900617809006178090088
:10A050006178090061780900617809006178090078
:10A060006178090061780900617809006178090068
:10A070006178090061780900617809006178090058
:10A080006178090061780900617809006178090048
:10A090006178090061780900617809006178090038
:10A0A0006178090061780900617809006178090028
:10A0B0006178090061780900617809006178090018
:10A0C0006178090061780900617809006178090008
:10A0D00061780900617809006178090061780900F8
:10A0E00061780900617809006178090061780900E8
:10A0F00061780900617809006178090061780900D8
:10A1000061780900617809006178090061780900C7
:10A1100061780900617809006178090061780900B7
:10A1200061780900617809006178090061780900A7
:10A130006178090061780900617809006178090097
:10A140006178090061780900617809006178090087
:10A150006178090061780900617809006178090077
:10A160006178090061780900617809006178090067
:10A170006178090061780900617809006178090057
:10A180006178090061780900617809006178090047
:10A190006178090061780900617809006178090037
:10A1A0006178090061780900617809006178090027
:10A1B0006178090061780900617809006178090017
:10A1C0006178090061780900617809006178090007
:10A1D00061780900617809006178090061780900F7
:10A1E00061780900617809006178090061780900E7
:10A1F00061780900617809006178090061780900D7
:10A2000061780900617809006178090061780900C6
:10A2100061780900617809006178090061780900B6
:10A2200061780900617809006178090061780900A6
:10A230006178090061780900617809006178090096
:10A240006178090061780900617809006178090086
:10A250006178090061780900617809006178090076
:10A260006178090061780900617809006178090066
:10A270006178090061780900617809006178090056
:10A280006178090061780900617809006178090046
:10A290006178090061780900617809006178090036
:10A2A0006178090061780900617809006178090026
:10A2B0006178090061780900617809006178090016
:10A2C0006178090061780900617809006178090006
:10A2D00061780900617809006178090061780900F6
:10A2E00061780900617809006178090061780900E6
:10A2F00061780900617809006178090061780900D6
:10A3000061780900617809006178090061780900C5
:10A3100061780900617809006178090061780900B5
:10A3200061780900617809006178090061780900A5
:10A330006178090061780900617809006178090095
:10A340006178090061780900617809006178090085
:10A350006178090061780900617809006178090075
:10A360006178090061780900617809006178090065
:10A370006178090061780900617809006178090055
:10A380006178090061780900617809006178090045
:10A390006178090061780900617809006178090035
:10A3A0006178090061780900617809006178090025
:10A3B0006178090061780900617809006178090015
:10A3C0006178090061780900617809006178090005
:10A3D00061780900617809006178090061780900F5
:10A3E00061780900617809006178090061780900E5
:10A3F00061780900617809006178090061780900D5
:10A4000061780900617809006178090061780900C4
:10A4100061780900617809006178090061780900B4
:10A4200061780900617809006178090061780900A4
:10A430006178090061780900617809006178090094
:10A440006178090061780900617809006178090084
:10A450006178090061780900617809006178090074
:10A460006178090061780900617809006178090064
:0CA470006178090061780900617809003A
:10A480002DE9F04F146887B005468946506821468B
:10A490001F46164603F05EFE29468046204604F01D
:10A4A00015F9003818BF012004AA03A900F086FAA4
:10A4B0002946D6F8200304F0FFF8DDE904AB0038A4
:10A4C00018BF012004AA03A900F078FA29463068D1
:10A4D00004F0E8F8DDE904430093002800F0B880B8
:10A4E0002946D6F8200304F0FBF8003818BF0120F5
:10A4F00004AA03A900F062FABAF1000F00F0A580E7
:10A50000BBF1000F00F0A1803968484603F02CFF32
:10A51000109B83461B6879684846019303F024FF2B
:10A52000109A516803F018FE59468246019803F0CC
:10A5300013FE0146504603F00DFE31688246284660
:10A5400003F008FE0146504603F00EFF414603F0BB
:10A55000BFFF019903F000FE594603F0FDFD82465E
:10A5600014B1009B002B75D100230393DDE9044354
:10A5700003FB04F4002C5EDD3168284603F0EAFD9D
:10A58000414603F0A5FF25F01BFF039B0133A342C7
:10A590000393F8DB82463168284603F0DBFD414631
:10A5A00003F096FF514603F0D5FD4FF07E5106466D
:10A5B000504603F0D1FD04F0B3F86FF04048034675
:10A5C0004FF08041504603EB080A03F0C5FD04F04C
:10A5D000A7F8314680444FF07E5003F0BBFD57F89A
:10A5E0002A10834603F0C0FE034657F82810304671
:10A5F0001F4603F0B9FE0146384603F0ADFD49465B
:10A6000003F0B2FE109B074653F82A10584603F099
:10A61000ABFE0346109A304652F828101E4603F04F
:10A62000A3FE0146304603F097FD0146384603F08D
:10A6300093FD82460394284602F07AFA08B14FF05F
:10A64000000A504607B0BDE8F08F4FF0000A87E7D8
:10A6500000204DE7D7F82013484603F085FE044656
:10A66000109B2146D3F820B3584603F075FDD7F868
:10A670001C138246484603F077FE109BD3F81C1348
:10A6800003F06AFD0146504603F064FDD6F820133E
:10A690008246284603F05EFD0146504603F064FE04
:10A6A000414603F015FF594603F056FD214603F0DD
:10A6B00053FD824658E700BFF8B50F1E0BDD00249E
:10A6C000061F151F56F8040F2DF07FFF0134A74217
:10A6D00045F8040FF6D13846F8BD00BFF8B502249E
:10A6E00009684F00002FC3E900140BDD0024061F8A
:10A6F000151F56F8040F2DF068FF0134A74245F8E6
:10A70000040FF6D1F8BD00BFF8B501244F681C60F6
:10A710004968002F59600BDD0024061F151F56F8ED
:10A72000040F2DF052FF0134A74245F8040FF6D173
:10A73000F8BD00BF2DE9F04F146889B005460191BE
:10A74000506821461E46174603F004FD2946804600
:10A75000204603F0BBFF003818BF012006AA05A958
:10A76000DDF848B000F02AF92946D7F8200303F0B5
:10A77000A3FFDDE9069A003818BF012006AA05A943
:10A7800000F01CF92946386803F08CFFDDE9064328
:10A790000293002800F0B9802946D7F8200303F07F
:10A7A0009FFF003818BF012006AA05A900F006F98E
:10A7B000B9F1000F00F0A680BAF1000F00F0A280FE
:10A7C000DDF80490DBF80010484603F0CDFD336857
:10A7D0008246DBF804104846039303F0C5FD716818
:10A7E00003F0BAFC51468146039803F0B5FC0146DC
:10A7F000484603F0AFFC39688146284603F0AAFCBE
:10A800000146484603F0B0FD414603F061FE03995E
:10A8100003F0A2FC514603F09FFC814614B1029B59
:10A82000002B74D100230593DDE9064303FB04F4F8
:10A83000002C5DDD3968284603F08CFC414603F0AE
:10A8400047FE25F0BDFD059B0133A3420593F8DBD0
:10A8500081463968284603F07DFC414603F038FE06
:10A86000494603F077FC4FF07E510746484603F017
:10A8700073FC03F055FF6FF0404803464FF08041F2
:10A88000484603EB080903F067FC03F049FF39462B
:10A8900080444FF07E5003F05DFC5BF82910824647
:10A8A00003F062FD03465BF8281038469B4603F030
:10A8B0005BFD0146584603F04FFC019903F054FD3F
:10A8C000034656F829105046994603F04DFD0346BD
:10A8D00056F8281038461E4603F046FD014630461D
:10A8E00003F03AFC0146484603F036FC81460594E5
:10A8F000284602F01DF908B14FF00009484609B09A
:10A90000BDE8F08F4FF0000988E700204CE7DBF846
:10A910002013019803F028FD0446D6F820A3214611
:10A92000504603F019FCDBF81C138146019803F034
:10A930001BFDD6F81C1303F00FFC0146484603F03C
:10A9400009FCD7F820138146284603F003FC014692
:10A95000484603F009FD414603F0BAFD514603F0B5
:10A96000FBFB214603F0F8FB81465BE700234B60CD
:10A970008B6003680B604368CB60704770B50E68EE
:10A980007600002E09DD0025041F54F8040F25F081
:10A9900047FD0135AE422060F7D170BD70B54E68FD
:10A9A000002E09DD0025041F54F8040F25F038FDA2
:10A9B0000135AE422060F7D170BD00BF20B1012348
:10A9C000136053600B60704710605060704700BFA9
:10A9D00000239C4610B4421E12F8014F0CF10100F6
:10A9E000013334B1022841F82C3001DD10BC70472E
:10A9F0008446032BF0D1604610BC70472DE9F0432C
:10AA00000C4693B0032C0646DDE91A781546194624
:10AA100000F0858000230C930D930E930F931093F9
:10AA20001193230600F19880620012F0FF020FD00C
:10AA30000DF11809484692002DF0F1FB494600231C
:10AA40000CAA51F8040B0133A34242F8040BF8DBC3
:10AA500064B106AA06AB02EBC40003EB84030EAAA2
:10AA600053F8041B834242F8041FF9D1284601F031
:10AA70001BFF014630462DF030FE0446284601F00B
:10AA8000E5FE014620462DF005FE064628683146C3
:10AA900003F0FEFD0346003B18BF01233146686802
:10AAA0008DF8003003F0F4FD0346003B18BF01238E
:10AAB0003146A8688DF8013003F0EAFD0346003BFB
:10AAC00018BF0123684603A98DF80230FFF780FF05
:10AAD000041E2ED04FF00203C8E900431CDD03A979
:10AAE00038460D4607EB840355F8042B12AE06EBEF
:10AAF000820252F81C2C40F8042B8342F4D107EB5D
:10AB0000C40051F8042B12AC04EB820252F8102C52
:10AB100043F8042B9842F4D113B0BDE8F083043B12
:10AB200014310CAA53F8040F8B4242F8040BF9D1EC
:10AB30009CE73246284601AB0CA900F023FB01201C
:10AB40000221019A029BC8F80000C8F804103A607C
:10AB50007B6013B0BDE8F0830DF118094FF47F72EC
:10AB600048462DF05CFB69E7421EC0F101039818CE
:10AB7000814204DD12F8010F0028F8D1704701204E
:10AB8000704700BF2DE9F04F8C468646012793B0F1
:10AB90001C9C1D46D4F82463D4F8288331464046D3
:10ABA000DDF874B0CDF804E0CDF808C00392059745
:10ABB00003F082FD002840F0E3823146404603F076
:10ABC0008FFD002840F0C1823146404603F06AFD07
:10ABD000374600B146464146D4F82C83404603F040
:10ABE0006BFD002840F0C3823946404603F078FDF3
:10ABF00030B93146404603F055FD00B14646B846EF
:10AC0000032705974FF07E52CBF80C204FF080427F
:10AC100005F10801CBF81020CBF800804022CBF8DA
:10AC200004608BF808700BF114002DF0F8FAAA6C90
:10AC30000021CBF85420EA6C4FF0010CCBF85820DF
:10AC4000B24ACBF85C202A6DCBF860206A6DCBF855
:10AC50006420AA6DCBF86820EA6DCBF86C20D5F89B
:10AC60009420CBF87020D5F89820CBF87420D5F834
:10AC70009C20CBF87820D5F8A000A54ACBF87C0022
:10AC800000201268CBF88000CBF88C20CBF8902005
:10AC9000CBF89420CBF89820CBF89C20CBF88400FC
:10ACA000CBF88800CBF8A4008BF8A010CBF8A82034
:10ACB0008BF8B0C0CBF8AC20CBF8B420CBF8B820E0
:10ACC0008BF8BC10CBF8C020CBF8C420CBF8C82040
:10ACD000D5F8A420ABF8D010CBF8CC202A68CBF85C
:10ACE000D4206A68CBF8D820EA6ECBF8DC202A6F33
:10ACF0008BF8FC10CBF8E020864ACBF8E420CBF8A8
:10AD0000E820CBF8F420844ACBF8EC20834ACBF837
:10AD1000F0204FF08342CBF8F820D5F88420CBF810
:10AD20000021D5F88820CBF80421D5F88C20CBF869
:10AD30000821D5F88020CBF80C21794ACBF81021D6
:10AD4000D5F89020CBF81421764ACBF8182195F845
:10AD500060208BF81C216A6ECBF82021AA6ECBF8FC
:10AD60002421686F01F0E4FE002800F0F58104F56D
:10AD7000487A0DF124090AEB87031C944C46994646
:10AD800005975AF8040F684903F0E4F9D14544F8EF
:10AD9000040BF6D139460CAA09A81C9CFFF78CFCC1
:10ADA000014606AA0CA8059101F0ACFD069A5F4980
:10ADB00002F26B5204EB8202506803F0D5FA5C4950
:10ADC00003F0D2FACBF82801B5F87820012FABF8C0
:10ADD0002C21EA6FCBF830210DD0039D3146284657
:10ADE00003F060FC38B94146284603F079FC00289E
:10ADF00000F0C181464604F54977384601F054FD1C
:10AE0000014630462DF069FC0546384601F01EFD2E
:10AE1000014628462DF03EFC0546D4F82403294679
:10AE200003F036FC0246003A18BF01222946D4F846
:10AE300028038DF8102003F02BFC0246003A18BFBF
:10AE400001222946D4F82C038DF8112003F020FCB0
:10AE50000246003A18BF01220FA904A88DF812205B
:10AE6000FFF7B6FD0028059000F078810DDD0FAAF0
:10AE700009AD02EB800052F8043B03F25D5354F835
:10AE80002330904245F8043BF5D10998029903F02C
:10AE90006BFA019903F060F9264A0546CBF8342194
:10AEA000D4F83083D4F83403414603F053F92946EB
:10AEB0000746404603F00AFC003818BF012007AAE5
:10AEC00005A9FFF77BFD079A2946D4F814050692D9
:10AED00003F0F2FB003818BF012007AA05A9DDF82E
:10AEE00020A0FFF76BFD2946D4F8300303F0DAFB0E
:10AEF000DDE90789002800F02D812946D4F81405E2
:10AF000003F0EEFB003818BF012015E00000A04060
:10AF100070200220000010416F12033A17B7D13899
:10AF2000CDCC4C3F0000B4420000C8413333733FE6
:10AF300000007A440000404007AA05A9FFF73EFD43
:10AF4000069A002A00F00381BAF1000F00F0FF809A
:10AF500004F58053D3F8A8113046019303F004FAA6
:10AF6000019B8246D3F89023D3F8AC11304601926E
:10AF7000029303F0F9F9029BD3F8941303F0ECF871
:10AF8000034651460198029303F0E6F80146029801
:10AF900003F0E0F80346D4F830132846029303F098
:10AFA000D9F80146029803F0DFF9394603F090FA28
:10AFB000019903F0D1F8514603F0CEF88246B8F17A
:10AFC000000F34D0B9F1000F31D004F58059D9F811
:10AFD0008C13304603F0C8F98046D9F874354146E1
:10AFE0001846019303F0B8F8D9F888138246304622
:10AFF00003F0BAF9D9F8701503F0AEF801465046DF
:10B0000003F0A8F8D4F814158146284603F0A2F8F6
:10B010000146484603F0A8F9394603F059FA019B66
:10B02000194603F099F8414603F096F88246DDE9A7
:10B03000072101FB02F2002A069240F39E80D4F819
:10B040003013284603F086F8394603F041FA00220F
:10B05000059225F0B5F9DDE9053101338B42059301
:10B06000F7DB002981464FDDD4F83013284603F082
:10B0700071F8394603F02CFA494603F06BF84FF0AB
:10B080007E518046484603F067F803F049FB4FF0D5
:10B0900080410746484603F05FF803F041FB04EBAC
:10B0A0008707414604EB80044FF07E5003F052F8CE
:10B0B00007F58057D7F8A411814603F055F904F538
:10B0C00080548246D4F8A411404603F04DF901465D
:10B0D000504603F041F8314603F046F9D7F88C1397
:10B0E0000646484603F040F90246D4F88C13404621
:10B0F000144603F039F90146204603F02DF80146C5
:10B10000304603F029F88246284601F011FD08B1C7
:10B110004FF0000A4FF08141CBF838110021099A15
:10B120001E9BCBF848A1CBF84C21CBF83C11CBF8B7
:10B130004011CBF84411CBF85021CBF85421CBF877
:10B1400058211D6013B0BDE8F08F474643E54FF02E
:10B15000000A34E70020EFE6686F33E604F5AB51F0
:10B160002A463846183100F0C5F809908EE6B846F0
:10B170000227059746E5039E3DE600220592C3E7B8
:10B18000B0463FE52DE9F04F8DB01C4606AD0B1FD4
:10B190000192143153F8042F8B4245F8042BF9D156
:10B1A0000568D0F8049029468668484603F07AFA84
:10B1B000DDF820800B9FDDF818A0DDF824B040B941
:10B1C000394642462B465F46D04635468B46924628
:10B1D0001E46079B019803930A9B029301F0A8FC6B
:10B1E00038B1434B1D682846256060600DB0BDE84E
:10B1F000F08F3146284602F0ADFF034631464846FF
:10B20000049302F0A7FF0346494628461D4602F074
:10B21000A1FF0346DDF80C9041464846039302F037
:10B2200099FF294603F054F903464946994650468A
:10B2300002F090FF039903F04BF94946CDF81490C2
:10B2400002F088FF049903F043F9394681460298D9
:10B2500002F080FF294603F03BF9824602995846E6
:10B2600002F078FF039903F033F9514602F072FFC0
:10B27000049903F02DF931468346019802F06AFFE4
:10B2800049460646284603F06FF80146059802F045
:10B2900061FF034631464846994603F065F801468A
:10B2A000484602F059FF314603F05EF8414602F08D
:10B2B00053FF0346594628461D4603F055F80146FC
:10B2C000504602F047FF31468046584603F04CF89E
:10B2D0000146404602F040FF314603F045F839464A
:10B2E00002F03AFF256060600DB0BDE8F08F00BF4E
:10B2F000702002202DE9F04F0568D0F804808946BF
:10B30000D1F800A086682946404683B0144603F071
:10B31000C9F9D9F8087028B92A463B463546574638
:10B3200016469A462046D9F804B001F001FC20B137
:10B33000274B186803B0BDE8F08F3146404602F055
:10B3400009FF81463946584602F004FF494603F09A
:10B35000BFF8034631462846019302F0FBFE034640
:10B36000594650469A4602F0F5FE034641462846A5
:10B370001D4602F0EFFE0146284603F0A9F8DDF86D
:10B380000480414602F0E6FE514603F0A1F8314642
:10B390000546204602F0DEFE29460446484602F0F5
:10B3A000E3FF0146404602F0D5FE0346214628460B
:10B3B0001D4602F0D9FF0146284602F0CDFE214687
:10B3C00002F0D2FF394602F0C7FE03B0BDE8F08FAD
:10B3D000702002202DE9F04FADF5137DDDF874B239
:10B3E00091469BF80840DBF80450012C0E95109014
:10B3F00004910F9306D02946104603F053F9002814
:10B4000000F044879E9B03F54978404601F04CFAD2
:10B4100001460E982DF061F90446404601F016FAF7
:10B42000014620462DF036F905469E9B2946D3F865
:10B43000240303F02DF90346003B18BF01239E9A15
:10B440002946D2F828038DF87C3003F021F9034611
:10B45000003B18BF01239E9A2946D2F82C038DF891
:10B460007D3003F015F90346003B18BF012335A9D1
:10B470001FA88DF87E30FFF7ABFA041E01F04A805A
:10B4800041F3518129A935AA9E9E0B9102EB8400BC
:10B4900052F8043B03F26B5306EB83035B68904264
:10B4A00041F8043BF4D122AB019348AB00939E9B3F
:10B4B000424603F5AC530E989BF808100433FFF78F
:10B4C0009DFA24AB54AA22A948A8FFF707F99BF8D4
:10B4D0000830032B00F0EF87002253924E924F92D8
:10B4E0005092519252921A064EAF01F15D805B006C
:10B4F00013F0FF0322D09A009E9B48A803F5AC519D
:10B500001C312CF08CFE9BF80860BEB1394648AA6D
:10B510000FFA86FCB30002EB860652F8040BB24227
:10B5200041F8040BF9D148AA134402EBCC0C50AA01
:10B5300053F8041B9C4542F8041FF9D19E9B2946F1
:10B54000D3F8240303F0A4F80346003B18BF0123FB
:10B550009E9A2946D2F828038DF87C3003F098F89B
:10B560000346003B18BF01239E9A2946D2F82C03BC
:10B570008DF87D3003F08CF80346003B18BF0123A3
:10B5800035A91FA88DF87E30FFF722FA061E00F0BD
:10B59000A4871ADD35AA11460DF5907EB00002EBA6
:10B5A000860C51F8043B013B57F823308C454EF88C
:10B5B000043BF6D148AB184452F8043B023357F829
:10B5C0002330944540F8043BF6D120AF9E9B29469A
:10B5D000D3F8240303F05CF80346003B18BF0123B3
:10B5E0009E9A2946D2F828038DF87C3003F050F853
:10B5F0000346003B18BF01239E9A2946D2F82C032C
:10B600008DF87D3003F044F80346003B18BF01235A
:10B6100035A91FA88DF87E30FFF7DAF9031E0D93C8
:10B6200000F0698741F37B802CAA114612920D9A93
:10B6300035AB9E9D03EB820053F8042B02F25D5262
:10B6400055F82220984241F8042BF5D148AB53F825
:10B65000263038467B60489B3CA93B60FFF786F963
:10B66000AB49DBF8DC0002F033FFDBF85430002C90
:10B670001493DBF85830804615930BDD0B9B1E4668
:10B6800003EB84053068414602F06EFE46F8040B79
:10B69000B542F7D10021049803F00EF8002840F0DD
:10B6A00064860021049802F0FDFF002840F08486A3
:10B6B0000021049803F000F8002841F0B480002134
:10B6C000049803F00DF888B10498924902F0EAFF5B
:10B6D00060B19149DBF8580002F046FE03468E49FE
:10B6E000DBF85400159302F0F3FE1490DBF8881099
:10B6F000109802F02FFD2CF068FF04990546DBF846
:10B70000800002F027FD2CF060FF8449064602F01D
:10B71000E7FF58B12846814902F0E2FF30B14846C0
:10B72000002102F0BFFF002840F0EF87DBF84C312A
:10B7300013937B49DBF8580102F016FE7949054660
:10B74000139802F011FE0146284602F005FD03465B
:10B750007349DBF854011E46179302F005FE714948
:10B760000546304602F000FE0146284602F0F4FC91
:10B7700003461D4631463046189302F0EDFC29463B
:10B7800002F0E8FC49462F90DBF8040002F08AFF43
:10B7900030B94846002102F099FF002800F0F786F2
:10B7A0000D9B12992FA89A002CF039FD4022002100
:10B7B00062A82CF05AFD0023DBF838013893399346
:10B7C0003A933B9302F0ACFF4FF07E5200EB8000C7
:10B7D000011F431F1D9192A91993002C01EB8303B4
:10B7E0000DF1E00A43F8C02C0DDD0B9B4E4E984640
:10B7F00003EB8405D8F80000314602F0B5FD48F8A7
:10B80000040B4545F6D122AB00930F9B224603F172
:10B810000046304632AB0B9901F0E8F8DBF838010E
:10B8200002F07EFF0223249D2593329B01384AF8C3
:10B8300020306B00002B0CDD54AB984603EBC505A4
:10B84000D8F80010304602F043FE48F8040B454596
:10B85000F6D154A824A9FFF791F8249B92AA02EBF1
:10B86000830353F8F83C44A97B60549B38463B6003
:10B87000FFF77CF8DBF80C0002F052FF03465D1E78
:10B88000449992AA03EB850302EB830343F8C41C9B
:10B890004FF07E5002F05EFC4AF82500DBF8100005
:10B8A00002F03EFF03465D1E92AA479903EB850313
:10B8B00002EB830343F8C41C4FF07E5002F04AFCB5
:10B8C00000214AF82500DBF8800002F04DFD0F99B9
:10B8D00002F04AFD22AB22460B99009332AB01F0F5
:10B8E00085F824AB22A926AA32A8FEF70DFF012372
:10B8F00025992493002919DD26AB03EB81011A68F1
:10B9000002F1004243F8042B9942F8D10EE000BF47
:10B910000000C842A69BC43B000020416F12833B3D
:10B9200072F97F3F17B7D1380000614524A926A8D6
:10B93000FFF734F8DBF8340102F0F2FE0346269AF2
:10B9400092AD03EB830305EB8303DAF8000043F8C1
:10B95000D42C00215A9002F007FD5E90DAF8040022
:10B9600000215B9002F000FD5F90DAF808000021F2
:10B970005C9002F0F9FC6090DAF80C0000215D9018
:10B9800002F0F2FCDBF880506190284601F0D0F81C
:10B99000002800F0B484B44B16931B680393002175
:10B9A0000F9802F0E1FC22AB22460B99009332ABD8
:10B9B00001F01CF8129D24AB2A4622A932A8FEF7FA
:10B9C000A3FEDBF8340102F0ABFE0346269C286898
:10B9D00044AA994621460DF5807800F100401B925B
:10B9E00009920594CDF8188002F0BEFC0BEB890398
:10B9F000D3F83811064603981A9302F0B5FC4FF0BD
:10BA00007E5102F0A9FB0146304602F0ADFC024631
:10BA100009F1FF334FF07E5105984AF8232092AE8A
:10BA200009F1030306EB830602F094FBDBF83C11FB
:10BA300062AC2546DBF880300591DBF84011DBF87D
:10BA400048910791CDF874B2DBF844119B460A94F3
:10BA50004446A846099D5AAF46F8E00C089158F8AC
:10BA6000046B0798D8F80C1002F07EFC8446059908
:10BA70003046664602F078FC0146304602F06CFB28
:10BA8000D8F81C100646089802F06EFC01463046B5
:10BA900002F062FBD8F82C100646484602F064FC1F
:10BAA0000146304602F058FB57F8046B45F8040B8A
:10BAB000F968039802F058FC8446594630466646B9
:10BAC00002F052FC0146304602F046FB66AB4345AD
:10BAD00044F8040BC3D162AB089344AB0A9C0A93AD
:10BAE000002382AF3D46DDF874B2079372AE0BF5CA
:10BAF0009C73099305961C940027069B53F8041B1E
:10BB000006930A9B53F8040B0A9302F025FB0C954D
:10BB10003D46099B059E43F8040F09939D9B1C46D7
:10BB20001193089B53F804BBD3F80C90D3F81C80F6
:10BB30000893DB6A03936169584602F015FCA1691A
:10BB40000746484602F010FC0146384602F004FB66
:10BB5000E1690746404602F007FC0146384602F01C
:10BB6000FBFA216A0746039802F0FEFB01463846BD
:10BB700002F0F2FA46F825000435102D04F1100405
:10BB8000D9D10027059B3E4653F804BB0C9DDA69CA
:10BB9000D3F80C900593DB6A62AC1F46039254F80D
:10BBA000048B4846E16802F0DFFB024659464046F6
:10BBB000904602F0D9FB0146404602F0CDFAE16919
:10BBC0008046039802F0D0FB0146404602F0C4FADA
:10BBD000E16A8046384602F0C7FB0146404602F063
:10BBE000BBFA45F826000436102ED8D1079B043541
:10BBF0000133042B07937FF47FAF1A9B1B48D3F8C4
:10BC00003811DDF874B21C9C2CF044FD0746DBF8BB
:10BC10003401CDF81CA002F083FD394606464FF0F2
:10BC20007E502CF05AFD0BEB8606C6F83801DBF887
:10BC3000380102F075FD03460BEB8303D3F838118E
:10BC40000B482CF027FD0746DBF8380102F068FDB1
:10BC50003946064607482CF040FD0346159D0BEB80
:10BC60008606284608E000BF70200220000080BF42
:10BC7000CDCC4CBD72F97F3FDAF80010C6F83831F0
:10BC800002F072FB0346DAF804102846039302F030
:10BC90006BFBDAF808108146284602F065FB034684
:10BCA000DAF80C1028461D4602F05EFBCDF874B29F
:10BCB0008046D3462F46039D5BF8046B28463146E9
:10BCC00002F052FB49462060304602F04DFB3946F7
:10BCD0006060304602F048FB02464146A2603046B2
:10BCE00002F042FB3CAB5B45E06004F11004E3D1A1
:10BCF000DDF874B291AF0BF11006B14681AC0DF5D1
:10BD0000C27854F8040F58F8041F02F025FAA7422D
:10BD100049F8040FF5D1DBF8380102F001FD9E9AD5
:10BD20009E9B02F63C0200920BEB800003F5A3639E
:10BD30009E9A0E99D0F83801FEF7A2FB0446DBF874
:10BD4000100002F0EDFC0BEB80003F99D0F83801B9
:10BD500002F00AFB0146204602F0FCF90446DBF83B
:10BD60000C0002F0DDFC0BEB80003C99D0F83801B0
:10BD700002F0FAFA0146204602F0ECF90D9B8146EA
:10BD8000002B13DD0D9A2FAFDDF82C80049D07EBFF
:10BD90008204294657F8040B02F0E6FA01464846A9
:10BDA00002F0D8F9BC4248F8040BF2D14FF0000879
:10BDB000DBF83801CAF80080CAF80480CAF80880A5
:10BDC000CAF80C8002F0ACFC9E9B9E9A03F684633A
:10BDD000009381460BEB800002F536630E990BF160
:10BDE0004005D0F838010695FEF7A4FC09F1FF39AB
:10BDF0004AF82900DBF8340102F092FC0346013BCB
:10BE00004AF82380DBF80C0002F08AFC03463C9AD7
:10BE1000013B02F100424AF82320DBF8100002F057
:10BE20007FFC5C46CDF874B2AB463F9B013803F112
:10BE300000434AF82030DAF80030DAF80890059329
:10BE4000DAF80430DAF80CA047460393DDF81C80DA
:10BE500007966169059802F087FAA169054603987B
:10BE600002F082FA0146284602F076F9E1690546B9
:10BE7000484602F079FA0146284602F06DF9216A37
:10BE80000546504602F070FA58F8046B0146284601
:10BE900002F062F9314602F067FA0146384602F0D4
:10BEA0005BF91034A3450746D3D1014644AF14983B
:10BEB00002F052F93B46DDF874B280460BF12005E2
:10BEC0002F461D46079EDDF814B056F8041F58464D
:10BED00002F04AFA31690446039802F045FA014635
:10BEE000204602F039F9316A0446484602F03CFA2D
:10BEF0000146204602F030F9316B0446504602F00C
:10BF000033FA0146204602F027F9414602F0E0FAF2
:10BF1000B74245F8040BD8D14046B84902F024FA9C
:10BF20000D9B8246002BDDF874B21EDD0B9B129A2E
:10BF30000DF17C094D461446994617460D9903EBC1
:10BF4000810659F8041B109802F004F944F8040B18
:10BF5000396802F009FA514602F0C2FB003818BFF6
:10BF600001204E4505F8010BEBD10D991FA8FEF7F6
:10BF7000FBFD8246002800F0BC814FF000094E46D0
:10BF80004F464946CDF81091CDF81491CDF818914F
:10BF9000CDF81C91129B1C68204602F0E5F9014681
:10BFA000DBF83C0102F0D8F83946CBF83C012046DA
:10BFB00002F0DAF90146DBF8400102F0CDF8314633
:10BFC000CBF84001204602F0CFF90146DBF84401EE
:10BFD00002F0C2F803464946CBF84431204602F04D
:10BFE000C3F90146DBF8480102F0B6F8CBF8480186
:10BFF000DBF8340102F094FB03460BEB8303D3F828
:10C0000038117F482CF046FB0646DBF8340102F07D
:10C0100087FB314604464FF07E502CF05EFB0BEB65
:10C020008404C4F83801DBF8380102F079FB0346D8
:10C030000BEB8303D3F8381100202CF02BFB0646C2
:10C04000DBF8380102F06CFB314604464FF07E50BD
:10C050002CF043FB03460BEB8404C4F83831404614
:10C06000449902F081F945998146404602F07CF9F5
:10C0700046990746404602F077F9034647994046FD
:10C08000984602F071F90646CDF80CA0CDF874B2CE
:10C09000119CDDF818A0DDF86CB05BF8045B484635
:10C0A000294602F061F90146606902F053F8394609
:10C0B0006061284602F058F90146A06902F04AF88A
:10C0C0004146A061284602F04FF90146E06902F0BE
:10C0D00041F803463146E361284602F045F901463E
:10C0E000206A02F037F8103420615445D5D1DDF8CC
:10C0F0000CA0DDF874B2BAF1000F08D01D9BDBF87C
:10C100005C100BEB8304206902F02EF92061DBF850
:10C11000380102F005FBDBF898600BEB8007314635
:10C120000446D7F8380102F015F8002105460498B6
:10C1300002F0CCFA48B12846002102F0D1FA20B131
:10C140009BF8B030002B40F02C820021049802F0C4
:10C15000A9FA002840F0E880013C049B0BEB840422
:10C16000CBF88030D4F83C319F9A1360199B0BEBCD
:10C17000830358692CF02CFA224902F0F5F8A09BB1
:10C180001860109BDBF89000CBF88830139BCBF83D
:10C190004C31189BCBF85431179BCBF858312F9B5F
:10C1A000CBF8503100F0C4FC002800F0C18100231E
:10C1B000002404988BF8A030CBF8A44000F0B8FC21
:10C1C000002871D0169B0E491E68304602F060FAB6
:10C1D000002871D0DBF8380102F0A2FA0BEB8003E3
:10C1E000D3F83831CBF8A860CBF8AC309BF8A0304E
:10C1F000DBF89850002B75D006E000BF0000C84265
:10C20000000080BF0000404000230F9CCBF8A850E6
:10C210008BF8A03000210498CBF8A440CBF88C60B8
:10C2200002F05EFA30B100210F9802F059FA0028AE
:10C2300040F00081DBF8380102F072FA0346002179
:10C240000BEB83032046D3F8387102F049FA30B182
:10C2500000210F9802F044FA002840F00481049B6A
:10C26000A19CCBF890300B9B0E9819682F9A479B96
:10C27000CBF89C50CBF89870CBF8940021606260AA
:10C28000A360E0600DF5137DBDE8F08FDBF80030B2
:10C29000494618460E9302F005FA00287FF4B2A82A
:10C2A000CDF83890FFF7AEB8169B214604981E686B
:10C2B00002F0F8F900288DD1DBF83801CBF8AC603A
:10C2C00002F02EFA0BEB8003D3F83831DBF89850EC
:10C2D000CBF8A8309BF8A030CBF8B460CBF8B860AE
:10C2E000002B91D10F98DBF8A41001F035FF044624
:10C2F00090E74499459F469EDDF81C914AE6284602
:10C30000002102F0CFF9002840F0458128460021A5
:10C3100002F0E6F9002800F0B2814FF07E5303935B
:10C32000AF4B1693FFF73BBB2846002102F0BAF94A
:10C33000002840F0F181D7F83861314600202CF018
:10C34000A9F90546DBF8380102F0EAF92946044666
:10C35000A4482CF0C2F90BEB8404C4F83801DBF8D4
:10C36000380102F0DDF9441EF7E6DBF8380102F08F
:10C37000D7F90BEB8000D0F83851DBF8781028465D
:10C3800002F090F9002840D0002C3EDD0B9BDBF83A
:10C390006860984603EB8405D8F80000314601F048
:10C3A000E3FF48F8040B4545F6D10021049802F05C
:10C3B00079F9002800F03782DBF8380102F0B0F993
:10C3C0000BEB8003D3F838512846864902F06AF90E
:10C3D00008B32946DBF87C0002F064F9002800F07D
:10C3E0005481002C40F351810B9BDBF86C60984624
:10C3F00003EB8405D8F80000314601F0B5FF48F89A
:10C40000040B4545F6D1FFF753B90021049802F01B
:10C4100049F90028D8D12846734902F061F900286B
:10C420003FF44DA928466F4902F03CF900283FF43B
:10C4300046A931E1284600F07BFB002800F0D880B7
:10C44000DBF8380102F06CF90BEB8003DBF8985055
:10C45000D3F83871DBF8A4400021204602F040F9FF
:10C4600000283FF4FCAE2146DBF8700002F01AF918
:10C4700000283FF4F4AEDBF8A810384601F06AFE5D
:10C48000214602F025F829460446384602F00AF90A
:10C49000002840F054812046002102F003F90028D2
:10C4A00040F07381DBF8380102F03AF90BEB8003BE
:10C4B000D3F83871D3E64EAF3A469E9B9E9903F56A
:10C4C000AC5301F5AD501833103053F8041F9842A7
:10C4D00042F8041BF9D1FFF731B8394620AF3B468B
:10C4E0002A464046FEF74EFE3B68012648937B688D
:10C4F0004993FFF76BB89E9B2A4603F5AB51404624
:10C500001831FEF7F7FE01230D932CAB12932C90FC
:10C51000FFF79CB89E9B2A4603F5AD514046143167
:10C52000FEF7E8FE29AB01240B932990FEF7BBBF71
:10C53000DBF89040204600F0FBFA002838D1204676
:10C54000002102F0AFF800283AD12046002102F085
:10C55000C7F8002800F052814FF07E54049800F094
:10C56000E7FA002800F0E380169B20491E68304659
:10C5700002F08EF800283FF439AE20461B4902F045
:10C5800087F800283FF413AE169B1E682EE60123A1
:10C590000D93FFF70BB9154B0393114B1693FFF750
:10C5A000FEB9C7F83861D0E54FF47F72FEF7A4BF3B
:10C5B000169B0E491C68204602F06AF80028CDD070
:10C5C000049800F0B5FA002800F0C080169B0749D7
:10C5D0001C68204602F05CF80028BFD1E7E500BFE8
:10C5E00070200220A4707D3F3333733F000080BF72
:10C5F000DBF8380102F094F80BEB8003DBF898507D
:10C60000D3F838712946384602F056F800283FF42E
:10C6100021AF2946384601F09DFD0F9901F058FFE2
:10C620000646DBF8B80000F083FA002840F0EA8004
:10C63000DBF8B850DBF864100F9801F049FF0446AE
:10C640003046214601F090FE034621461C464FF03D
:10C650007E5001F07FFD294601F086FE214601F063
:10C660007BFD0646DBF83801CBF8B86002F058F8DD
:10C670000BEB8003DBF89850D3F83871EAE600231F
:10C6800003936D4B1693FFF78AB928466B4902F066
:10C6900027F800283FF413A89C9800F049FA0028D6
:10C6A0007FF40DA89C99049801F012FF4FF07E5181
:10C6B0002BF0F0FF62492CF010F86249054602F0B9
:10C6C0000FF800283EF4FBAF4FF07E51284601F0F2
:10C6D00041FD5C4901F0FCFE014601F03DFD4FF0DB
:10C6E0007E5101F039FD002C80467EF7E8AF0B9BB0
:10C6F0001D4603EB84062868414601F035FE45F8E7
:10C70000040BAE42F7D1FEF7DABF3146284601F0FE
:10C71000DFFE1390FFF70DB8C7F838610DE62CABBC
:10C720001293FEF793BF29AB0B93FEF7BCBE00211B
:10C73000049801F0B7FF00283FF426AF1DE730460C
:10C7400000F0F6F988B1DBF89850A4E600210498CF
:10C7500001F0A8FF00283FF42AAD049800F0E8F9A2
:10C7600000283FF411AF384CFEE62146304601F078
:10C77000AFFE2BF02AFFDBF8741001F0A7FF0028B2
:10C7800044D001238BF8A030DDE7214605F10040BD
:10C7900001F09EFE0646DBF8B40000F0C9F978BB54
:10C7A000DBF8B450DBF860100F9801F091FE0446FE
:10C7B0003046214601F0D8FD034621461C464FF085
:10C7C0007E5001F0C7FC294601F0CEFD214601F064
:10C7D000C3FC0021044601F065FFA8B92346CBF84D
:10C7E0008C30DBF83801CBF8B44001F099FF0BEB4B
:10C7F0008003DBF89850D3F8387130E50024ADE6BB
:10C800003546CFE7354615E70023E8E731462046B1
:10C8100001F05EFE2BF0D9FEDBF8741001F056FF3C
:10C820000028AED18FE7DBF8380101F079FF0BEB80
:10C830008003D3F83851EEE5702002203333733F84
:10C840000000204100004040000080BFF8B50446D1
:10C85000006800F06DF950B1606800F069F900B34C
:10C86000A06800F065F9C8B9A5682846F8BD022699
:10C870002568043C54F826702946384601F012FF1A
:10C8800050B9022E06D1E4682846214601F028FF5F
:10C8900000B125462846F8BD3D46F2E72568284602
:10C8A000F8BD03266568E4E7F8B50446006800F0C3
:10C8B0003FF950B1606800F03BF900B3A06800F0A8
:10C8C00037F9C8B9A5682846F8BD02262568043C92
:10C8D00054F826702946384601F002FF50B9022E5E
:10C8E00006D1E4682846214601F0DCFE00B1254669
:10C8F0002846F8BD3D46F2E725682846F8BD0326E0
:10C900006568E4E72DE9F843022905460E46174617
:10C91000046815DC01290ED001F18043013B50F879
:10C9200023902146484601F0BDFE002846D03E60D7
:10C930004846BDE8F883A14639604846BDE8F8831B
:10C94000204600F0F5F8E8B9012302243B60D5F851
:10C95000009004F10048A8F1020805EB8808043DA6
:10C9600005EB860558F8046F4946304601F09AFEFB
:10C9700008B1B1463C60A84504F10104F2D1484633
:10C98000BDE8F8830023022405F104083B60C1469A
:10C99000D9F8000000F0CCF808F10408234601346F
:10C9A00008B93B601CE0A642F1DA3C688CB901236F
:10C9B000D5F800903B604846BDE8F883204600F07B
:10C9C000B7F80028F3D0484600F0B2F80028AED0FF
:10C9D000EDE704F1804909F1FF3905EB89090134DC
:10C9E000A642D9F80090B4DAA2E700BF2DE9F04FD3
:10C9F000012A8BB015461F46019033D0002A27DD4F
:10CA000000240E1F0DF10C0A0DF11C0B0DF1100985
:10CA100004F1010856F8040F0AF8018B4BF82400C2
:10CA20002BF0D3FD454549F824004446F0D1049E3F
:10CA3000059C3146204601F053FEE8B9032D60D134
:10CA40003146069801F04CFE00285AD002231DE022
:10CA500007982BF0BAFD0123149AC2E900350BB0F8
:10CA6000BDE8F08F149B1A605A60096801F030FD30
:10CA700038600BB0BDE8F08F032D44D120460699F5
:10CA800001F010FE002814BF022301230AAA02EBC2
:10CA9000830228336B4413F81C3C52F80C6C8DF85D
:10CAA0000C3030462BF091FD0446284601F008FC7E
:10CAB000184901F059FC214601F056FC214601F0CD
:10CAC00005FEAC0022460021F8B948462BF0CDFB0C
:10CAD00031469DF90C600AAB0198013E03EB8606D6
:10CAE00001F0F6FC46F8180C149B22465D60012309
:10CAF000149C4946384623602BF091FB0BB0BDE8EF
:10CB0000F08F079ECDE70123C0E748462BF0ADFB31
:10CB1000EAE700BF0000A0350B6843654B688365FA
:10CB20000B7A80F8B0304B7A80F8FC30704700BF49
:10CB300008B500F06BFF02460B4601F059FA0038C9
:10CB400018BF012008BD00BF2DE9F04F8DB0DDF802
:10CB500058A0189CDAF8E860019226608C4EDAF84A
:10CB6000E470326800931A9B6760A260E2601A600A
:10CB700032681B9B80461A60DAF8E0201C9B0F4647
:10CB80001A60BAF82C31179D0293FFF7D1FF38B124
:10CB90003268199BCAF8C8201A600DB0BDE8F08F42
:10CBA0009AF80820DAF80490012A0CD04946384651
:10CBB00001F078FD38B9DAF800903946484601F0BE
:10CBC00071FD00B9B94605F5497B5846FFF76CFE83
:10CBD000014648462BF081FD81465846FFF736FE58
:10CBE000014648462BF056FD8146D5F824034946B8
:10CBF00001F04EFD0246003A18BF01224946D5F821
:10CC000028038DF8142001F043FD0246003A18BFB6
:10CC100001224946D5F82C038DF8152001F038FD86
:10CC20000246003A18BF012206A905A88DF8162071
:10CC3000FDF7CEFE002869D00FDD06A90DF1240C0A
:10CC400001EB800051F8043B03F26B5305EB8303C7
:10CC50005B6888424CF8043BF4D1DAF8C800FFF76F
:10CC600067FF40B1DAF89C50DAF8CC10284601F0A2
:10CC700019FD002853D1DAF8C800FFF759FF002842
:10CC800056D0DAF8C800FFF753FF002837D19AF8DA
:10CC9000BC209AF81C51009B12BB002B2FD04FF0E8
:10CCA0007E50DAF8C01001F055FA00220546104611
:10CCB000294601F00BFD30B94FF07E51019801F08B
:10CCC0000FFD002868D000213268199BCAF8C820DF
:10CCD000CAF8C0208AF8BC101A600DB0BDE8F08F09
:10CCE000002BDCD14046002101F0F0FC002843D1AC
:10CCF0002DB14046002101F0E9FC00283ED1DAF8D0
:10CD0000C830199A13600DB0BDE8F08F05F5AD512C
:10CD10004A4658461431FEF7EDFA09909DE7002087
:10CD2000CAF8C050CAF8C800FFF702FF0028A8D10F
:10CD3000DAF89C10DAF8C0002BF0CFFC0021CAF81A
:10CD4000C000404601F0AEFC00289AD09AF8BC2002
:10CD500012B901228AF8BC2040462BF036FC01991A
:10CD600001F002FB0B4901F0B3FBDAF8C81001F047
:10CD7000F3F9CAF8C80086E7002DA4D0DAF8C0108D
:10CD8000DAF89C0001F0E6F9DAF8202105468EE792
:10CD900070200220000061453846A44901F082FC61
:10CDA000002890D13846A24901F09AFC814600281B
:10CDB00089D1DAF8C8009F4901F0D6FA294601F076
:10CDC00087FB1A9B9C49186001F0CEFA99490746E7
:10CDD000099801F0C9FA0146384601F079FB01468D
:10CDE00093482BF057FC014694482BF076FCDFF873
:10CDF00048821A9B41460746186801F0B5FADAF8EE
:10CE0000281101F065FB014689482BF043FC0146DF
:10CE100040462BF062FC8346BAF82C0101F050FA30
:10CE2000DAF80C1101F052FC00283ED02946DAF85D
:10CE3000100101F041FC002837D0DAF8DC30DAF8D4
:10CE400018111846019301F02DFC70B3019B384670
:10CE5000194601F07FF9DAF8141101F037FC20B31C
:10CE60009AF8FC20CAF8DC80CAF8E080AAF8D090D2
:10CE7000AAF82C915AB100226F49AAF82C21CAF8BD
:10CE8000DC10CAF8E010AAF8D0208AF8FC200021B3
:10CE90003268199BCAF8C820CAF8C0208AF8BC10AA
:10CEA0001A6033681A9A136077E69AF8FC20002A11
:10CEB000E1D1BAF8D020002AE9D0284660492BF009
:10CEC000E9FB4FF07E512BF008FC014601F04CFAD3
:10CED0000546DAF8F400294601F0FAFA29468146B7
:10CEE000DAF8F80001F0F4FA009B05465BB9DAF8CD
:10CEF00024814846414601F037FA4146814628469A
:10CF000001F032FA0546DAF8EC10DAF8E40001F044
:10CF100023F980464846414601F01EF90146404645
:10CF200001F0D6FA0246DAF8DC9038464946174650
:10CF3000009201F00FF93946039001F015FA4946C5
:10CF400001F00AF907460298CAF8DC7001F0B8F956
:10CF5000DAF8003102901946019301F0B7FB00287E
:10CF60007ED00398DAF8141101F09CFB002869D1F7
:10CF700000994FF07E5001F0EDF8414601F0F4F9D0
:10CF8000DAF8E810CAF8E400DAF8F00001F0E4F8A2
:10CF9000024628461146154601F0DEF801462846AD
:10CFA00001F096FADAF8E08007464146584601F06B
:10CFB000D1F83946814601F0D7F9414601F0CCF865
:10CFC0008346CAF8E0004946DAF8140101F088FB0C
:10CFD000002878D139464FF07E5001F0BBF8294641
:10CFE00001F0C2F90021DAF8DC201B9BCAF8E80046
:10CFF0001A60DAF8E0201C9B1A601A9B1A688AF8FB
:10D00000BC10CAF8C4203268009BCAF8C820CAF80D
:10D01000C020DAF8E8202260DAF8E420A360626039
:10D02000E760DAF8C830199A1360B6E50000A0404E
:10D030000000484200007A440000C8420000F0426C
:10D04000CDCC4C3DDAF80411484601F085F8014694
:10D0500038462BF042FBDAF80031CAF8DC000193C5
:10D0600000994FF07E5001F075F8414601F07CF9CF
:10D07000DAF8F010CAF8E400DAF8E80001F06CF829
:10D08000024628461146154601F066F80146284634
:10D0900001F01EFADAF8E08007464146584601F0F2
:10D0A00059F83946814601F05FF9414601F054F8DC
:10D0B000034601990298CAF8E0309B4601F006FB4E
:10D0C000002887D07FE7DAF80811404601F044F8DD
:10D0D000014658462BF001FBCAF8E0007AE700BF92
:10D0E000F8B50021074615461C46069E01F0DAFAFF
:10D0F00060B954B1B6F8D0300133B3F5803F0CBFFE
:10D100004FF6FF739BB2A6F8D030F8BD38462BF02F
:10D110005CFA294601F028F9124901F0D9F91249BF
:10D1200001F022F9D6F8301101F016F8D6F828717E
:10D13000C6F830013946054601F0C8FA0028D8D0B3
:10D14000B6F82C3139460133B3F5803F0CBF4FF6AA
:10D15000FF739BB22846A6F82C3100F0FBFFC6F8FF
:10D160003001C6E70000614500007A444FF0FF320D
:10D1700010B40E4C00EB020C00F263101CF8013FDF
:10D1800083EA020101F00F0154F82110604581EAA1
:10D19000121282EA131303F00F0354F8233083EAC8
:10D1A0001212EBD1D04310BC704700BFBCD60B00AD
:10D1B00000207047A8B10C4B1B688B4211D810B5EA
:10D1C00003780446012B09D1FFF7D0FFD4F864316E
:10D1D00083420CBF00206FF0080010BD6FF0080004
:10D1E00010BD6FF015007047B8D60B00002800F096
:10D1F000A6802DE9F041C36804460E46B0B0002B6E
:10D200002DD0504D1422002128462BF02EF84FF03F
:10D210007E526A60AA6000224B4B2A70EB602B6141
:10D220006369002B00F08680A169484AE0691160BB
:10D23000474A1360C8B1216AFFF7BCFF10B130B094
:10D24000BDE8F081434D4FF4B4722846E1692AF0FD
:10D25000E6FFE368002B69D0C5F8603166E0C3697A
:10D26000002BCED16FF01500E9E73A4D01464FF49F
:10D27000B47228462AF0F9FFA822374906A82AF0F6
:10D28000CEFFE768C5F860712569002D40D06B6A54
:10D290001A93AB6A1B93EB6A1C932B6B1D932B6940
:10D2A000219322936B6B2D93AB6B2E936B682B9317
:10D2B000AB682C932B7B002B3FD02849686901F089
:10D2C00007F92F90AB6CD5F818800693EB6C4146AC
:10D2D0004046079301F00EFA08B9CDF88C80AB8B6D
:10D2E000ADF890302B6A25936B6F2A93AA6FE96F84
:10D2F0006B7B20911F928DF878306B6E2693AB6E0E
:10D3000027932B6F2993EB6E28932A78144B1A706E
:10D31000144905AA02920097A268019161682068E9
:10D3200006ABFDF72FFC0EB1059B3360002030B03B
:10D33000BDE8F08119460C4B77E70348C1E76FF071
:10D3400015007047205E02200000C07F185E02209A
:10D350001C5E0220345E0220FCD60B000000C84296
:10D3600085200220385E0220B1D108002DE9F04F5F
:10D3700000250C4691469E499E4ADFF87CB2CBB010
:10D380001E911F91099001219A46CDE91C55DBF8A9
:10D3900000301068559E98470A90002840F024817C
:10D3A000AC42964D80F29280954BEF681B683946EF
:10D3B0001593944B38461B68169301F09BF910B9EE
:10D3C0002B78022B04D02046696800F0CDFF074679
:10D3D00000238D4ADFF83482127840468DF85C20B5
:10D3E000AA7815A98DF85D20AB70FFF795FBCDF8F5
:10D3F00004802B6939460093D8F85C310998029370
:10D4000018AB05930FAB04930EAB03934A465346F8
:10D41000FDF7E0FFD8F8CC10A8F10404084601F0AD
:10D4200069F9002840F0DC801CAB0293CDF8008045
:10D430002B78D4F86021A3F10503B3FA83F30192AA
:10D4400012AA069211AA059210AA049213AA49469A
:10D4500038465B0903925246FFF776FBCDF8008011
:10D460002B785246A3F10503B3FA83F349463846B5
:10D470005B09FFF735FE2B78052B37D064490E98F2
:10D4800000F072FF549B1860B6B1189BF7603360D0
:10D49000199B73601B9BB360549B1B683361D4F86A
:10D4A000E0307361B4F830313383D4F83431F36150
:10D4B0001E9B33621F9B73624E4A0021DBF80030D3
:10D4C000106898470A984BB0BDE8F08F6B78002B36
:10D4D0007FF46AAF4F4B20461B68A96815934E4BEB
:10D4E0001B68169300F040FF074671E7A8224B49DE
:10D4F00020A82AF094FE636E00213493A36E4FF4AB
:10D50000AE723593E36E41483693236F3793E36FE2
:10D510004793D4F880304893636F4593A36F469345
:10D52000D4F8D0304993D4F8E0303B93D4F8E430C9
:10D530003C93B4F83031ADF8F830D4F834313F933F
:10D54000D4F82C313D93D4F8D8302093D4F8DC3083
:10D550002193D4F81831D4F8A0A0449394F8203142
:10D560008DF8E030D4F824313993D4F828313A9347
:10D57000D4F810314093D4F804314193D4F80831F1
:10D580004293D4F80C314393B4F8D4300B93D4F8CD
:10D59000E8300C93D4F8EC300D932AF066FECDF809
:10D5A0000480D4F860C1002FCDF800C00DF1500CFC
:10D5B00020ABACBF394600214A460998CDF808C0D7
:10D5C000FDF7E0FA0B9BC4F8A0A0A4F8D4300C9BA4
:10D5D000C4F8E8300D9BC4F8EC3000232B704DE705
:10D5E000034B1193129346E76FF02D030A9369E7FB
:10D5F0000000C07F185E02201C5E0220205E022018
:10D60000782002207420022085200220385E02202B
:10D610000000C842802002207C200220FCD60B00A3
:10D620002DE9F041444FDFF8148106460D46D8F845
:10D630000020012138689047002879D10446072E40
:10D6400009D8DFE806F0161A041E32465C1215B13E
:10D650002B78052B69D96FF015040021D8F800301C
:10D66000386898472046BDE8F0810122344B9A7013
:10D67000F3E70122324B5A70EFE70022304B5A7029
:10D68000EBE7002DE7D02D682946284601F032F857
:10D690000028E0D1002DDEDB0021284600F0F8FF55
:10D6A0000028D8D1264B5D60D7E7002DD3D02D6858
:10D6B0002946284601F01EF80028CCD1002DCADBEF
:10D6C0000021284600F0E4FF0028C4D11C4B9D60D7
:10D6D000C3E7002DBFD02D682946284601F00AF87F
:10D6E0000028B8D10021284600F0D2FF0028B2D18E
:10D6F000134B002DA8BF05F10045DD60ADE7002DFF
:10D70000A9D02D682946284600F0F4FF0028A2D1B0
:10D710000021284600F0BCFF00289CD1084B002DBA
:10D72000A8BF05F100451D6197E7054A137094E70E
:10D730006FF02D0496E700BF185E02201C5E0220E9
:10D74000205E022081F0004102E000BF83F0004330
:10D7500030B54FEA41044FEA430594EA050F08BF8C
:10D7600090EA020F1FBF54EA000C55EA020C7FEA50
:10D77000645C7FEA655C00F0E2804FEA5454D4EBCD
:10D780005555B8BF6D420CDD2C4480EA020281EA97
:10D79000030382EA000083EA010180EA020281EACF
:10D7A0000303362D88BF30BD11F0004F4FEA013121
:10D7B0004FF4801C4CEA113102D0404261EB410130
:10D7C00013F0004F4FEA03334CEA133302D05242B6
:10D7D00063EB430394EA050F00F0A780A4F1010472
:10D7E000D5F1200E0DDB02FA0EFC22FA05F28018AC
:10D7F00041F1000103FA0EF2801843FA05F3594192
:10D800000EE0A5F120050EF1200E012A03FA0EFC10
:10D8100028BF4CF0020C43FA05F3C01851EBE3713A
:10D8200001F0004507D54FF0000EDCF1000C7EEB57
:10D8300000006EEB0101B1F5801F1BD3B1F5001F95
:10D840000CD349085FEA30004FEA3C0C04F10104B4
:10D850004FEA445212F5800F80F09A80BCF1004FDD
:10D8600008BF5FEA500C50F1000041EB045141EA5F
:10D87000050130BD5FEA4C0C404141EB0101013C28
:10D8800028BFB1F5801FE9D291F0000F04BF014617
:10D890000020B1FA81F308BF2033A3F10B03B3F1E9
:10D8A00020020CDA0C3208DD02F1140CC2F10C0279
:10D8B00001FA0CF021FA02F10CE002F11402D8BFD7
:10D8C000C2F1200C01FA02F120FA0CFCDCBF41EAA3
:10D8D0000C019040E41AA2BF01EB0451294330BD72
:10D8E0006FEA04041F3C1CDA0C340EDC04F114044F
:10D8F000C4F1200220FA04F001FA02F340EA030026
:10D9000021FA04F345EA030130BDC4F10C04C4F16B
:10D91000200220FA02F001FA04F340EA030029464B
:10D9200030BD21FA04F0294630BD94F0000F83F495
:10D93000801306BF81F480110134013D4EE77FEA78
:10D94000645C18BF7FEA655C29D094EA050F08BFC4
:10D9500090EA020F05D054EA000C04BF19461046A5
:10D9600030BD91EA030F1EBF0021002030BD5FEAE9
:10D97000545C05D14000494128BF41F0004130BD11
:10D9800014F580043CBF01F5801130BD01F0004565
:10D9900045F0FE4141F470014FF0000030BD7FEAD8
:10D9A000645C1ABF194610467FEA655C1CBF0B46D3
:10D9B000024650EA013406BF52EA033591EA030FEA
:10D9C00041F4002130BD00BF90F0000F04BF0021E2
:10D9D000704730B54FF4806404F132044FF0000515
:10D9E0004FF0000150E700BF90F0000F04BF00218E
:10D9F000704730B54FF4806404F1320410F00045F4
:10DA000048BF40424FF000013EE700BF42004FEAEE
:10DA1000E2014FEA31014FEA02701FBF12F07F436B
:10DA200093F07F4F81F06051704732F07F4208BF22
:10DA3000704793F07F4F04BF41F40021704730B529
:10DA40004FF4607401F0004521F000411CE700BF75
:10DA500050EA010208BF704730B54FF000050AE0F8
:10DA600050EA010208BF704730B511F0004502D5F9
:10DA7000404261EB41014FF4806404F132045FEAFB
:10DA8000915C3FF4D8AE4FF003025FEADC0C18BFA4
:10DA900003325FEADC0C18BF033202EBDC02C2F196
:10DAA000200300FA03FC20FA02F001FA03FE40EA28
:10DAB0000E0021FA02F11444BDE600BF70B54FF02C
:10DAC000FF0C4CF4E06C1CEA11541DBF1CEA13550A
:10DAD00094EA0C0F95EA0C0F00F0DEF82C4481EA72
:10DAE000030621EA4C5123EA4C5350EA013518BF92
:10DAF00052EA033541F4801143F4801338D0A0FB7F
:10DB000002CE4FF00005E1FB02E506F00042E0FB2B
:10DB100003E54FF00006E1FB03569CF0000F18BF31
:10DB20004EF0010EA4F1FF04B6F5007F64F54074D9
:10DB300004D25FEA4E0E6D4146EB060642EAC6216C
:10DB400041EA55514FEAC52040EA5E504FEACE2ED9
:10DB5000B4F1FD0C88BFBCF5E06F1ED8BEF1004FDC
:10DB600008BF5FEA500E50F1000041EB045170BD58
:10DB700006F0004646EA010140EA020081EA03019C
:10DB8000B4EB5C04C2BFD4EB0C0541EA045170BD98
:10DB900041F480114FF0000E013C00F3AB8014F112
:10DBA000360FDEBF002001F0004170BDC4F100045B
:10DBB000203C35DA0C341BDC04F11404C4F12005DC
:10DBC00000FA05F320FA04F001FA05F240EA020037
:10DBD00001F0004221F0004110EBD37021FA04F66D
:10DBE00042EB06015EEA430E08BF20EAD37070BD27
:10DBF000C4F10C04C4F1200500FA04F320FA05F086
:10DC000001FA04F240EA020001F0004110EBD37087
:10DC100041F100015EEA430E08BF20EAD37070BDF7
:10DC2000C4F1200500FA05F24EEA020E20FA04F3D0
:10DC300001FA05F243EA020321FA04F001F000417F
:10DC400021FA04F220EA020000EBD3705EEA430EF0
:10DC500008BF20EAD37070BD94F0000F0FD101F01F
:10DC60000046400041EB010111F4801F08BF013C58
:10DC7000F7D041EA060195F0000F18BF704703F096
:10DC80000046520043EB030313F4801F08BF013D1D
:10DC9000F7D043EA0603704794EA0C0F0CEA1355D9
:10DCA00018BF95EA0C0F0CD050EA410618BF52EA93
:10DCB0004306D1D181EA030101F000414FF0000099
:10DCC00070BD50EA410606BF1046194652EA4306A7
:10DCD00019D094EA0C0F02D150EA013613D195EA1B
:10DCE0000C0F05D152EA03361CBF104619460AD163
:10DCF00081EA030101F0004141F0FE4141F470016D
:10DD00004FF0000070BD41F0FE4141F4780170BD5C
:10DD100070B54FF0FF0C4CF4E06C1CEA11541DBFC1
:10DD20001CEA135594EA0C0F95EA0C0F00F0A7F8C3
:10DD3000A4EB050481EA030E52EA03354FEA0131F0
:10DD400000F088804FEA03334FF0805545EA131303
:10DD500043EA12634FEA022245EA111545EA1065CB
:10DD60004FEA00260EF000419D4208BF964244F162
:10DD7000FD0404F5407402D25B084FEA3202B61A81
:10DD800065EB03055B084FEA32024FF480104FF455
:10DD9000002CB6EB020E75EB030E22BFB61A7546C9
:10DDA00040EA0C005B084FEA3202B6EB020E75EB5C
:10DDB000030E22BFB61A754640EA5C005B084FEAC4
:10DDC0003202B6EB020E75EB030E22BFB61A754691
:10DDD00040EA9C005B084FEA3202B6EB020E75EB9C
:10DDE000030E22BFB61A754640EADC0055EA060E5D
:10DDF00018D04FEA051545EA16754FEA06164FEAA0
:10DE0000C30343EA52734FEAC2025FEA1C1CC0D14B
:10DE100011F4801F0BD141EA00014FF000004FF0D8
:10DE2000004CB6E711F4801F04BF01430020B4F199
:10DE3000FD0C88BFBCF5E06F3FF6AFAEB5EB030C51
:10DE400004BFB6EB020C5FEA500C50F1000041EB4E
:10DE5000045170BD0EF0004E4EEA113114EB5C041B
:10DE6000C2BFD4EB0C0541EA045170BD41F48011EE
:10DE70004FF0000E013C90E645EA060E8DE60CEAF6
:10DE8000135594EA0C0F08BF95EA0C0F3FF43BAF13
:10DE900094EA0C0F0AD150EA01347FF434AF95EACA
:10DEA0000C0F7FF425AF104619462CE795EA0C0FAE
:10DEB00006D152EA03353FF4FDAE1046194622E77B
:10DEC00050EA410618BF52EA43067FF4C5AE50EA55
:10DED00041047FF40DAF52EA43057FF4EBAE12E745
:10DEE0004FF0FF3C06E000BF4FF0010C02E000BF26
:10DEF0004FF0010C4DF804CD4FEA410C7FEA6C5C09
:10DF00004FEA430C18BF7FEA6C5C1BD001B050EAAB
:10DF1000410C0CBF52EA430C91EA030F02BF90EA96
:10DF2000020F0020704710F1000F91EA030F58BF55
:10DF3000994208BF90422CBFD8176FEAE37040F0B7
:10DF4000010070474FEA410C7FEA6C5C02D150EA55
:10DF5000013C07D14FEA430C7FEA6C5CD6D152EA10
:10DF6000033CD3D05DF8040B704700BF84461046D5
:10DF700062468C461946634600E000BF01B5FFF7D4
:10DF8000B7FF002848BF10F1000F01BD4DF808EDA4
:10DF9000FFF7F4FF0CBF012000205DF808FB00BF75
:10DFA0004DF808EDFFF7EAFF34BF012000205DF8CF
:10DFB00008FB00BF4DF808EDFFF7E0FF94BF01201C
:10DFC00000205DF808FB00BF4DF808EDFFF7CEFF1D
:10DFD00094BF012000205DF808FB00BF4DF808ED5C
:10DFE000FFF7C4FF34BF012000205DF808FB00BF2D
:10DFF0004FEA410C7FEA6C5C02D150EA013C0AD145
:10E000004FEA430C7FEA6C5C02D152EA033C02D136
:10E010004FF0000070474FF0010070474FEA410297
:10E0200012F5001215D211D56FF47873B3EB62526A
:10E0300012D94FEAC12343F0004343EA505311F091
:10E04000004F23FA02F018BF404270474FF0000023
:10E05000704750EA013005D111F0004008BF6FF061
:10E06000004070474FF00000704700BF4A0011D2D7
:10E0700012F5001211D20DD56FF47873B3EB625222
:10E080000ED44FEAC12343F0004343EA505323FA2E
:10E0900002F070474FF00000704750EA013002D1A3
:10E0A0004FF0FF3070474FF0000070474FEA4102D9
:10E0B000B2F1E04324BFB3F5001CDCF1FE5C0DD9E6
:10E0C00001F0004C4FEAC0024CEA5070B2F1004F30
:10E0D00040EB830008BF20F00100704711F0804F33
:10E0E00021D113F13872BCBF01F00040704741F4F8
:10E0F00080114FEA5252C2F11802C2F1200C10FAFC
:10E100000CF320FA02F018BF40F001004FEAC123DF
:10E110004FEAD32303FA0CFC40EA0C0023FA02F383
:10E120004FEA4303CCE77FEA625307D150EA013359
:10E130001EBF4FF0FE4040F44000704701F0004029
:10E1400040F0FE4040F40000704700BF80F0004007
:10E1500002E000BF81F0004142001FBF5FEA4103BF
:10E1600092EA030F7FEA226C7FEA236C6AD04FEABF
:10E170001262D2EB1363C1BFD21841404840414004
:10E18000B8BF5B42192B88BF704710F0004F40F4B6
:10E19000000020F07F4018BF404211F0004F41F4D2
:10E1A000000121F07F4118BF494292EA030F3FD09E
:10E1B000A2F1010241FA03FC10EB0C00C3F12003B1
:10E1C00001FA03F100F0004302D5494260EB400040
:10E1D000B0F5000F13D3B0F1807F06D340084FEAAB
:10E1E000310102F10102FE2A51D2B1F1004F40EBA0
:10E1F000C25008BF20F0010040EA03007047490008
:10E2000040EB0000013A28BFB0F5000FEDD2B0FAA4
:10E2100080FCACF1080CB2EB0C0200FA0CF0AABFC7
:10E2200000EBC25052421843BCBFD0401843704765
:10E2300092F0000F81F4000106BF80F4000001326B
:10E24000013BB5E74FEA41037FEA226C18BF7FEA42
:10E25000236C21D092EA030F04D092F0000F08BF84
:10E260000846704790EA010F1CBF0020704712F06B
:10E270007F4F04D1400028BF40F00040704712F1AA
:10E2800000723CBF00F50000704700F0004343F00F
:10E29000FE4040F4000070477FEA226216BF084645
:10E2A0007FEA23630146420206BF5FEA412390EA08
:10E2B000010F40F4800070474FF0000304E000BFFE
:10E2C00010F0004348BF40425FEA000C08BF7047AF
:10E2D00043F0964301464FF000001CE050EA010273
:10E2E00008BF70474FF000030AE000BF50EA010288
:10E2F00008BF704711F0004302D5404261EB410175
:10E300005FEA010C02BF84460146002043F0B64399
:10E3100008BFA3F18053A3F50003BCFA8CF2083ABE
:10E32000A3EBC25310DB01FA02FC634400FA02FCC7
:10E33000C2F12002BCF1004F20FA02F243EB0200CE
:10E3400008BF20F00100704702F1200201FA02FC30
:10E35000C2F1200250EA4C0021FA02F243EB020023
:10E3600008BF20EADC7070474FF0FF0C1CEAD05267
:10E370001EBF1CEAD15392EA0C0F93EA0C0F6FD028
:10E380001A4480EA010C400218BF5FEA41211ED006
:10E390004FF0006343EA501043EA5111A0FB0131F2
:10E3A0000CF00040B1F5000F3EBF490041EAD371C7
:10E3B0005B0040EA010062F17F02FD2A1DD8B3F143
:10E3C000004F40EBC25008BF20F00100704790F0B2
:10E3D000000F0CF0004C08BF49024CEA502040EA04
:10E3E00051207F3AC2BFD2F1FF0340EAC2507047CA
:10E3F00040F400004FF00003013A5DDC12F1190F08
:10E40000DCBF00F000407047C2F10002410021FA79
:10E4100002F1C2F1200200FA02FC5FEA310040F191
:10E42000000053EA4C0308BF20EADC70704792F00A
:10E43000000F00F0004C02BF400010F4000F013A42
:10E44000F9D040EA0C0093F0000F01F0004C02BF3D
:10E45000490011F4000F013BF9D041EA0C018FE7AC
:10E460000CEAD15392EA0C0F18BF93EA0C0F0AD0B2
:10E4700030F0004C18BF31F0004CD8D180EA0100D8
:10E4800000F00040704790F0000F17BF90F0004F71
:10E49000084691F0000F91F0004F14D092EA0C0F53
:10E4A00001D142020FD193EA0C0F03D14B0218BFE6
:10E4B000084608D180EA010000F0004040F0FE402C
:10E4C00040F40000704740F0FE4040F440007047C8
:10E4D0004FF0FF0C1CEAD0521EBF1CEAD15392EA47
:10E4E0000C0F93EA0C0F69D0A2EB030280EA010C37
:10E4F00049024FEA402037D04FF0805343EA1111D0
:10E5000043EA10130CF000408B4238BF5B0042F12D
:10E510007D024FF4000C8B4224BF5B1A40EA0C00D2
:10E52000B3EB510F24BFA3EB510340EA5C00B3EB04
:10E53000910F24BFA3EB910340EA9C00B3EBD10FF2
:10E5400024BFA3EBD10340EADC001B0118BF5FEA44
:10E550001C1CE0D1FD2A3FF650AF8B4240EBC2506D
:10E5600008BF20F0010070470CF0004C4CEA50202E
:10E570007F32C2BFD2F1FF0340EAC250704740F47D
:10E5800000004FF00003013A37E792F0000F00F06F
:10E59000004C02BF400010F4000F013AF9D040EAED
:10E5A0000C0093F0000F01F0004C02BF490011F481
:10E5B000000F013BF9D041EA0C0195E70CEAD15379
:10E5C00092EA0C0F08D142027FF47DAF93EA0C0F60
:10E5D0007FF470AF084676E793EA0C0F04D14B0244
:10E5E0003FF44CAF08466EE730F0004C18BF31F0F6
:10E5F000004CCAD130F000427FF45CAF31F00043F0
:10E600007FF43CAF5FE700BF4FF0FF3C06E000BF88
:10E610004FF0010C02E000BF4FF0010C4DF804CDAB
:10E620004FEA40024FEA41037FEA226C18BF7FEABB
:10E63000236C11D001B052EA530C18BF90EA010FBD
:10E6400058BFB2EB030088BFC81738BF6FEAE1704C
:10E6500018BF40F0010070477FEA226C02D15FEAE8
:10E66000402C05D17FEA236CE4D15FEA412CE1D054
:10E670005DF8040B704700BF844608466146FFE71B
:10E680000FB5FFF7C9FF002848BF10F1000F0FBDFD
:10E690004DF808EDFFF7F4FF0CBF012000205DF8F6
:10E6A00008FB00BF4DF808EDFFF7EAFF34BF01207B
:10E6B00000205DF808FB00BF4DF808EDFFF7E0FF14
:10E6C00094BF012000205DF808FB00BF4DF808ED65
:10E6D000FFF7D2FF94BF012000205DF808FB00BFC8
:10E6E0004DF808EDFFF7C8FF34BF012000205DF8AA
:10E6F00008FB00BF4FEA40024FEA41037FEA226C69
:10E7000002D15FEA402C08D17FEA236C02D15FEA94
:10E71000412C02D14FF0000070474FF001007047CC
:10E720004FEA4002B2F1FE4F0FD34FF09E03B3EB1E
:10E7300012620DD94FEA002343F0004310F0004F5E
:10E7400023FA02F018BF404270474FF000007047B4
:10E7500012F1610F01D1420205D110F0004008BF53
:10E760006FF0004070474FF0000070477BB972B9FE
:10E770000029BEBF00204FF0004106E008BF00287E
:10E780001CBF6FF000414FF0FF3000F057B8ADF103
:10E79000080C6DE904CE002909DB002B1ADB00F020
:10E7A00069F8DDF804E0DDE9022304B07047404277
:10E7B00061EB4101002B1BDB00F05CF8DDF804E0AD
:10E7C000DDE9022304B0404261EB4101524263EBB8
:10E7D00043037047524263EB430300F04BF8DDF80C
:10E7E00004E0DDE9022304B0404261EB41017047DF
:10E7F000524263EB430300F03DF8DDF804E0DDE94D
:10E80000022304B0524263EB4303704753B94AB941
:10E81000002908BF00281CBF4FF0FF314FF0FF3028
:10E8200000F00CB8ADF1080C6DE904CE00F022F850
:10E83000DDF804E0DDE9022304B07047704700BF53
:10E8400010F8012B11F8013B012A28BF9A42F7D09A
:10E85000D01A7047034611F8012B03F8012B002A48
:10E86000F9D17047034613F8012B002AFBD1181A7F
:10E87000013870472DE9F0478C468E46089E1546B4
:10E8800004461946002B40F0D080724547D9B2FAB1
:10E8900082F74FB1C7F120030EFA07FCBD40BC4020
:10E8A00020FA03F343EA0C0C4FEA154EA8B2230CEE
:10E8B000BCFBFEF80EFB18CC08FB00F943EA0C4346
:10E8C000994528D9EB1808F1FF3204D2994502D9AD
:10E8D000A8F102022B44A3EB0903A4B2B3FBFEFC94
:10E8E0000EFB1C330CFB00F044EA0344A04214D995
:10E8F0002C190CF1FF3304D2A04202D9ACF102036F
:10E900002C44241A43EA02401EB1FC400023346028
:10E910007360BDE8F0874246DDE76346F1E7002A11
:10E9200079D0B2FA82F3002B3FD01946C1F120030F
:10E9300002FA01F500FA01F42EFA03F20EFA01FED2
:10E9400020FA03F3AFB243EA0E034FEA154EB2FBCF
:10E95000FEFC0EFB1C201A0C0CFB07F842EA0042DE
:10E9600090455AD9AA180CF1FF3004D2904502D92B
:10E97000ACF102002A44A2EB08029BB2B2FBFEFCFF
:10E980000EFB1C220CFB07F743EA02439F4246D9C9
:10E99000EB180CF1FF3204D29F4202D9ACF1020213
:10E9A0002B44DB1B42EA004202E0AEEB02030122F1
:10E9B0004FEA154EAFB2200CB3FBFEFC0EFB1C332E
:10E9C0000CFB07F840EA034398452AD9EB180CF1F1
:10E9D000FF3004D2984502D9ACF102002B44A3EBDE
:10E9E0000803A4B2B3FBFEFC0EFB1C330CFB07F7C1
:10E9F00044EA0344A74216D92C190CF1FF3304D280
:10EA0000A74202D9ACF102032C44E41B43EA0040C4
:10EA10000F46114678E71F2188E76046ABE762465C
:10EA2000BFE76046DBE76346EFE7734506D916B9F3
:10EA3000002108466DE7C6E9000EF9E7B3FA83F74F
:10EA400087B9734501D3824207D8841A6EEB03035A
:10EA500001209C461EB900215BE73846FAE7C6E96B
:10EA6000004CF8E7C7F1200CBB4000FA07F422FA8B
:10EA70000CF520FA0CF1BA401D432EFA0CF30EFAF5
:10EA800007FE4FEA154941EA0E011FFA85FEB3FB66
:10EA9000F9F809FB18300B0C08FB0EFA43EA0043A7
:10EAA0009A4540D9EB1808F1FF3004D29A4502D9B3
:10EAB000A8F102002B44A3EB0A0389B2B3FBF9F8D7
:10EAC00009FB183308FB0EFE41EA03418E452CD9A1
:10EAD000691808F1FF3304D28E4502D9A8F1020368
:10EAE000294443EA0040A1EB0E01A0FB02984145F6
:10EAF000CE46434602D306D14C4504D20138B9EB89
:10EB0000020E68EB0503002EA5D0B4EB0E0261EBFC
:10EB1000030101FA0CFC22FA07F3F9404CEA030363
:10EB2000C6E9003197E74046C5E74346D9E700000C
:10EB300030B54B49426985B08A4208D1037E012B2A
:10EB400002D1484909F040FC002005B030BD4649DB
:10EB50008A4274D1037E002BF6D18DF8043040F642
:10EB600035420023414801A914F084FF0346B0B1A7
:10EB70003F480268540703D001213E4A21F06DFD51
:10EB800021F06DFD00213C4821F06BFD3B498022C6
:10EB90003B4821F0A0FE8021384821F093FE01245B
:10EBA0000290039003A88DF8084001F081FF02ADA8
:10EBB000034628B32E48026812F0060F03D0022144
:10EBC000304A21F04AFD24A3D3E900232E481DF04A
:10EBD000ADFC031EB8DA26480268520703D00121B3
:10EBE0002A4A21F03AFD21F03AFD0021224821F085
:10EBF00038FD2249C722224821F06DFEC721CBE70C
:10EC0000002340F635422946214814F033FF0346DD
:10EC10000028D8D016480268510703D01D4A214663
:10EC200021F01BFD21F01BFD0021134821F019FDEF
:10EC300012498D22124821F04EFE8D21ACE70C487E
:10EC4000036813F0060F3FF47FAF0221124A22F04F
:10EC500009F979E7AFF30080301A1E0100000000C7
:10EC60006C9A0B0000A30B00589A0B00449A0B00FF
:10EC7000282102200AD90B00B4C404009BD80B0041
:10EC8000CFD80B0031D90B003000022074D90B0013
:10EC9000309A0B0050D90B00A1D90B0000000000E6
:10ECA000002307B540F635428DF804302048002394
:10ECB00001A914F0DFFE0346B0B11E4802685107F7
:10ECC00003D001211C4A21F0C8FC21F0C8FC00211E
:10ECD0001A4821F0C6FC1A496A221A4821F0FBFDA5
:10ECE0006A21174821F0EEFD0FA3D3E9002316484F
:10ECF0001DF01CFC031E14DA0E480268520703D0F4
:10ED00000121124A21F0A9FC21F0A9FC00210B48A5
:10ED100021F0A7FC0A4970220A4821F0DCFD70218D
:10ED2000DFE703B05DF804FB389C1C000000000026
:10ED30001C9A0B0028210220C7D90B00B4C4040080
:10ED40009BD80B00CFD80B0000000220EDD90B00A0
:10ED50002DE9F8430D46174698460646002853D03D
:10ED600032A3D3E900232A481CF046FB044660B1D5
:10ED70002848036813F0060F04D03C230221264ADA
:10ED800022F079F82046BDE8F88316F01DF9041E3C
:10ED900003DA1F4821F071FCF4E70023DFF87C90D0
:10EDA000C9F8C856C9F8CC76C9F8D0360DB107B144
:10EDB0002B7033464FF48071194A1A4820F0D2F86C
:10EDC000FF2807D96FF015040023C9F8C83616F0DC
:10EDD00015F9DEE71349A1F1540023F08BFC00285C
:10EDE000F0DB4146104823F0BBFC0F49A1F5B360AE
:10EDF00023F0F8FB04460028E6D199F8C030002B38
:10EE000018BF6FF00404DFE76FF01504BAE700BF26
:10EE1000EC2C02202C21022035DD0B0038260220AC
:10EE200005EF0B00EC2B0220D02B0220389C1C009D
:10EE300000000000000000002DE9F04704460F46E6
:10EE4000164688B029F010F94FF47A75A0FB050C2E
:10EE500047F6122205FB01C10023FFF7D7FC012F63
:10EE600080460D4607D102460B462046264922F031
:10EE70007FFA002011E0766824483146FFF7E0FC75
:10EE800070B131462248FFF7DBFC48B120463246DC
:10EE9000204922F089FA6FF0040008B0BDE8F0873D
:10EEA000404617A3D3E900232946FFF75FFC064637
:10EEB0000D4610461946184A0023FFF757FC8046B6
:10EEC0000F46104619464EF660220023FFF74EFC0F
:10EED00082468946104619464FF47A720023FFF79E
:10EEE00045FCCDE902A9CDE90623CDE9040132466E
:10EEF0002B462046CDE90087084922F039FAB8E7C9
:10EF0000005C260500000000F1E80B0002E90B00A0
:10EF100005E90B000EE90B0080EE360026E90B0038
:10EF20002DE9F04721F00042B34F88B00446BA42C1
:10EF30000D464FEAD17632D9B04FBA4212D9C1F359
:10EF400013030246034305D00B46FEF701FC0446BB
:10EF50000D4602E0002E40F01F812046294608B0F1
:10EF6000BDE8F0878EA3D3E90023FFF737F8074603
:10EF700028B1002008B0BDE8F04721F049BB8AA3C2
:10EF8000D3E9002320462946FFF70AF8002800F0BD
:10EF90008580384608B0BDE8F04729F06BBB984B38
:10EFA0009A4240F2A780974B9A4277D8964BF4004A
:10EFB00086F0010A03EBC603AAEB060AD3E9002395
:10EFC000FEF7C4FB914B804689462344D3E90034C5
:10EFD000CDE90034DDE9002340464946FEF7B6FBA3
:10EFE00004460D4622462B4620462946FEF766FD7E
:10EFF00006460F466EA3D3E90023FEF75FFD6EA31E
:10F00000D3E90023FEF7A2FB32463B46FEF756FD4E
:10F010006BA3D3E90023FEF79BFB32463B46FEF78A
:10F020004DFD69A3D3E90023FEF790FB32463B4632
:10F03000FEF744FD66A3D3E90023FEF789FB3246C1
:10F040003B46FEF73BFD02460B4620462946FEF7AF
:10F050007DFB02460B4606460F4620462946FEF734
:10F060002DFDCDE90201BAF1000F5AD100224FF077
:10F07000804330463946FEF769FB02460B46DDE920
:10F080000201FEF745FE22462B46FEF75FFB0246D5
:10F090000B4600205E49FEF759FB58E75D4B2046C2
:10F0A000294603EBC6064CA3D3E90023FEF706FD71
:10F0B000D6E90023FEF74CFBFEF7B0FF8246FEF7D1
:10F0C00093FC06460F4646A3D3E90023FEF7F6FC61
:10F0D00002460B4620462946FEF738FB8046894605
:10F0E0003046394640A3D3E90023FEF7E7FCCDE9DB
:10F0F00000016FE7484B9A420ED83DA3D3E90023A5
:10F10000FEF726FB0022424BFEF768FF38B10022D3
:10F110003F4B2046294618E74FF0000A62E7824637
:10F1200060E732463B4600204FF08041FEF70EFB81
:10F1300002460B46DDE90201FEF7EAFD02460B46F8
:10F14000DDE90001FEF702FB42464B46FEF7FEFA00
:10F1500002460B4600202E49FEF7F8FA0B460C46F5
:10F160006FF47F7102468A4508DBCDE90423DDE9AF
:10F17000042304EB0A5314461D46EEE60AF57A7A98
:10F18000CDE906230022DDE9060103EB0A514FF029
:10F19000B873FEF793FCDAE600240025DDE600BF35
:10F1A000EF39FAFE422E864051302DD5104987C0E6
:10F1B000D0A4BE726937663EF16BD2C541BDBB3E7D
:10F1C0002CDE25AF6A56113F93BDBE166CC1663F5B
:10F1D0003E5555555555C53FFE822B654715F73FA2
:10F1E0000000E0FE422EE63F763C7935EF39EA3DFD
:10F1F0009C7500883CE4377E412E8640FFFFEF7F00
:10F20000422ED63FB1A2F03FE0A20B00D0A20B00ED
:10F210000000F03FF0A20B00FFFFEF3D00000000F8
:10F2200030F0004201462DE9F84F034604D1012099
:10F23000BDE8F84F21F000BA002803DABDE8F84F26
:10F2400021F002BAB0F1FF4F03DBFEF785FFBDE806
:10F25000F88FB0F5000F35DA4FF09841FFF784F8DA
:10F260006FF018020346C3F31604DE15764B4FF019
:10F270007E517F3E2344164403F4000006EBD35630
:10F2800080F07E502043FEF765FF04F10F026F4BC4
:10F2900005461340002B3ED10021FFF7F9F998B144
:10F2A000002E00F0C8803046FFF70AF8684905468E
:10F2B000FFF75AF8044667492846FFF755F8014614
:10F2C0002046C2E70022CEE75DA1D1E90001FEF7AA
:10F2D000EDFE2946FFF748F801464FF07C50FEF757
:10F2E00039FF044629462846FFF73EF801462046E6
:10F2F000FFF73AF804460EB921466FE03046FEF7B4
:10F30000DFFF07465249FFF72FF8524906463846B5
:10F31000FFF72AF872E04FF08041DFF83CB1FEF7CA
:10F320001BFF01462846A344FFF7D2F8814630462A
:10F33000FEF7C6FF494680464846FFF715F80146E6
:10F340008246FFF711F845490746FFF70DF8444993
:10F35000FEF702FF3946FFF707F84249FEF7FCFEC9
:10F360003946FFF701F84049FEF7F6FE5146FEF731
:10F37000FBFF3E4982463846FEF7F6FF3C49FEF762
:10F38000EBFE3946FEF7F0FF3A49FEF7E5FE394657
:10F39000FEF7EAFF01465046FEF7DEFEC4F55713BE
:10F3A000074603F5227343EA0B03002B30DD4FF0D1
:10F3B0007C512846FEF7D8FF2946FEF7D5FF0146C7
:10F3C00004463846FEF7C8FE4946FEF7CDFF07461D
:10F3D00046B901462046FEF7BDFE01462846FEF727
:10F3E000B9FE34E71A494046FEF7BEFF1949064602
:10F3F0004046FEF7B9FF3946FEF7AEFE014620460D
:10F40000FEF7A8FE2946FEF7A5FE01463046E6E7D0
:10F4100001462846FEF79EFE4946FEF7A5FF044634
:10F42000002E3FF469AF0A494046FEF79DFF0949A7
:10F43000064640466CE7002009E700BFAFF30080B6
:10F44000555555555555D53F20FB4A00F0FF7F00D7
:10F450008071313FD1F71737305CCFFF9788173E67
:10F4600025333A3E2549923EABAA2A3F4FD01C3E57
:10F47000298E633ECDCCCC3E01481DF05DB800BF67
:10F480003000022008B5064A4169914205D1037E49
:10F49000022B02D1034908F097FF002008BD00BFEE
:10F4A0006C9A0B0014A30B00F8B5144D04462B689E
:10F4B00008465B0700AF16D028F02DFD6E468AB0D7
:10F4C0006A460F4B0790CDE9053440F20133ADF8A1
:10F4D00020300C4B42F8103F00234FF411512846C6
:10F4E00003F0F4FDB54621F0BAF807490748DC22DD
:10F4F00021F0F1F9DC21044821F0E4F9282102206F
:10F500006CD80B00040000019BD80B00CFD80B0077
:10F51000002307B540F635428DF80430104800232B
:10F5200001A914F0A7FA0346B0B10E4802685207C9
:10F5300003D001210C4A21F090F821F090F800212D
:10F540000A4821F08EF80A490A485B2221F0C3F9E3
:10F550005B21074821F0B6F903B05DF804FB00BF5A
:10F56000589A0B0028210220E7D80B00B4C40400ED
:10F570009BD80B00CFD80B0010B5154C236803F0B7
:10F580000703022B04D903212046124A21F06AFC0A
:10F590000023114A11481CF0C9FF031E16DA226825
:10F5A000520704D001210E4A094821F056F821F0F3
:10F5B00056F800210B4821F054F80B490B48AE22B5
:10F5C00021F089F9AE21084821F07CF910BD00BF77
:10F5D0002821022017DA0B005A62020030000220B4
:10F5E00074D90B00B4C404009BD80B00CFD80B0017
:10F5F000D3B5634804F086FC00270346614EA8B1EA
:10F6000061480268520703D00121604A21F025F8C1
:10F6100021F025F800215B4821F023F85C49ED2218
:10F620005C4821F058F9ED2159480BE05A4B1B7802
:10F6300053B95A49574840F2463221F04CF940F24A
:10F640004631564821F03EF908F01CF9544B554913
:10F650001A58554804F0C4FC041E15DA4A480368D9
:10F660005F0704D001212346504A20F0F6FF20F026
:10F67000F6FF0021434820F0F4FF4549F4224548B5
:10F6800021F029F9F421CFE70023002248481CF09B
:10F690004DFF031E14DA3C480268560703D00121CF
:10F6A000444A20F0DAFF20F0DAFF0021354820F04C
:10F6B000D8FF3749FC22374821F00DF9FC21B3E788
:10F6C0003D493E4822F00BFE204604F059FC03461B
:10F6D000B0B12D480268540703D00121384A20F008
:10F6E000BCFF20F0BCFF0021264820F0BAFF2849CB
:10F6F00040F20712274821F0EEF840F2071193E795
:10F70000304ACDE900673048111F14F019FA10F1A2
:10F71000230F0346D8D0B0B11B480268510703D06D
:10F7200001212A4A20F099FF20F099FF0021154875
:10F7300020F097FF16494FF48972164821F0CBF854
:10F740004FF4897170E71D4822F0EEFD0346002852
:10F75000BAD00D480268520703D001211C4A20F09C
:10F760007CFF20F07CFF0021064820F07AFF08494A
:10F7700040F21912074821F0AEF840F2191153E790
:10F78000EC8A0B00B4C404002821022021DA0B000B
:10F790009BD80B00CFD80B00EE7902203ADA0B0091
:10F7A00008000000A9F40800E093040065DA0B00EB
:10F7B00000000220EDD90B0000A30B0078520220BC
:10F7C0007DDA0B0090520220A49A0B0096DA0B000F
:10F7D000B3DA0B00F8B5144D04462B6808465B07F6
:10F7E00000AF16D028F097FB6E468AB06A460F4BE2
:10F7F0000790CDE9053440F20133ADF820300C4BD1
:10F8000042F8103F00234FF41151284603F05EFCEC
:10F81000B54620F029FF07490748C12221F05BF8CF
:10F82000C121044821F04EF88C210220CCDA0B00D3
:10F8300004000001FEDA0B00CFD80B00002208B54F
:10F8400011460A230748FFF783FA024640B10648EB
:10F8500003685B0704D0BDE80840044920F006BFF8
:10F8600008BD00BF45DB0B008C21022068DB0B00CC
:10F87000DFB503225D495E4B08464B605D4B0027B8
:10F88000C1E9042311F0E8FA02225B495B4B084608
:10F890004B605B4B5B4EC1E9042311F0DDFA5A4B20
:10F8A0001B7853B959495A4840F2463221F013F8AF
:10F8B00040F24631554821F005F807F0E3FF554B7B
:10F8C00055491A58554804F08BFB041E15DA544864
:10F8D00003685F0703D05349224620F0C7FE20F09B
:10F8E000C3FE0021474820F0C6FE4F49DF224848AA
:10F8F00020F0F1FFDF214C48DDE74C494C4822F075
:10F90000EEFC032340F635428DF80C3049480023C5
:10F9100003A914F0AFF8024698B1414803685E07A6
:10F9200002D0454920F0A2FE20F09EFE002135487D
:10F9300020F0A1FE3C49EA22354820F0CCFFEA2124
:10F94000D9E7204604F01CFB024698B1344803680E
:10F950005C0702D0394920F089FE20F085FE0021A5
:10F96000284820F088FE3049F222294820F0B3FFD1
:10F97000F221C0E7324ACDE90067111F314814F087
:10F98000DFF810F1230F0246DBD098B1244803685A
:10F99000590702D02C4920F069FE20F065FE0021B5
:10F9A000184820F068FE2049FC22194820F093FFF7
:10F9B000FC21A0E71E4822F0B7FC02460028C0D078
:10F9C000174803685B0702D0204920F04FFE20F063
:10F9D0004BFE00210B4820F04EFE13494FF481727C
:10F9E0000B4820F078FF4FF4817184E760250220F6
:10F9F00025FC0800000050F048250220A9FB080063
:10FA0000000020D0B4C40400EE7902203ADA0B00E2
:10FA1000CFD80B0008000000D5F70800E0930400E1
:10FA20008C21022081DB0B00FEDA0B0028A30B00E7
:10FA3000945202206C9A0B00A4DB0B007DDA0B00C1
:10FA4000AC520220B09A0B0096DA0B00BDDB0B0023
:10FA5000012008B513F048FE0246A8B10B48036820
:10FA60005B0702D00A4920F001FE20F0FDFD0021D5
:10FA7000084820F000FE08490848AE2220F02BFF7D
:10FA8000AE21054820F01EFF08BD00BF8C210220DA
:10FA9000D8DB0B00B4C40400FEDA0B00CFD80B0097
:10FAA00008B5037E012B05D0042B01D1FFF7D0FF51
:10FAB000002008BD014908F087FCF9E728A30B00E6
:10FAC000012008B513F0FEFD0246A8B117480368EF
:10FAD000590702D0164920F0C9FD20F0C5FD0021CC
:10FAE000144820F0C8FD14498122144820F0F3FE88
:10FAF0008121114820F0E6FE012013F007FE0246A6
:10FB000098B10A4803685B0702D00D4920F0AEFDAA
:10FB100020F0AAFD0021074820F0ADFD064987220C
:10FB2000064820F0D8FE8721E3E708BD8C2102209B
:10FB3000F8DB0B00B4C40400FEDA0B00CFD80B00D6
:10FB400016DC0B0008B5037E022B05D0032B01D178
:10FB5000FFF7B6FF002008BD014908F035FCF9E7C2
:10FB60003CA30B0008B50B4803685B0703D00121D9
:10FB7000094A21F077F920F077FD0021074820F0AD
:10FB80007AFD074907486A2220F0A5FE6A21044849
:10FB900020F098FE8C21022039DC0B00B4C4040054
:10FBA000FEDA0B00CFD80B00044908B58B4208BF22
:10FBB000022A01D1FFF7D6FF08BD00BF000020D008
:10FBC00007B5002340F635428DF8040001A90F481F
:10FBD00013F050FF0246A8B10D4803685B0702D03E
:10FBE0000C4920F043FD20F03FFD00210A4820F0A1
:10FBF00042FD0A490A48492220F06DFE4921074882
:10FC000020F060FE03B05DF804FB00BF6C9A0B00AF
:10FC10008C210220A4DB0B00B4C40400FEDA0B002C
:10FC2000CFD80B0007498B4208BF012A04D08B4272
:10FC300008BF022A03D070470220FFF7C1BF01208E
:10FC4000FBE700BF000050F037B5164C0D46D4F866
:10FC5000C806B8B1D4F8CC16A1B19AB1012A2B6864
:10FC600012D06A68104D002A08BF2A4600920F4A37
:10FC70001FF078F9002809DA0023D4F8C826C4F860
:10FC8000D036137003B030BD074AEFE7D4F8CC3656
:10FC900083429ABF03F1FF33C4F8D036C4F8D006CC
:10FCA000F0E700BF38260220EEEB0B0060F60B00F9
:10FCB000022A70B50E4629D1154CD4F8C8362BB39C
:10FCC000D4F8CC1611B3706828F034FB0546D4F88C
:10FCD000CC36D4F8D006AA1C1B1A9A4216D8D4F8EF
:10FCE000C8362A467168184428F099FAD4F8D036F4
:10FCF00000211D446A1CC4F8D0260A22D4F8C83654
:10FD00005A55D4F8C826D4F8D036D15470BD00BFA7
:10FD1000382602200448036813F0060F03D002219E
:10FD2000024A21F09FB870472C21022075DC0B009D
:10FD3000012A38B50C46154611D9486878B10849EA
:10FD4000FEF77EFD58B9022D09D0A06838B10549EB
:10FD5000FEF776FD18B9BDE83840FFF7DBBF38BDC8
:10FD6000C1DC0B00CADC0B002DE9F8430D46174639
:10FD70004AB30B683BB3154C4FF0FF324FF0FF33E3
:10FD800013481BF039FB0026A046D4F8D896B9F1E9
:10FD9000000F12D02968D4F8D406FEF751FD60B9DF
:10FDA0000C2303FB068839462846D8F8DC26C847CA
:10FDB000BDE8F843064820F060BC0136042E04F18B
:10FDC0000C04E2D1F4E7BDE8F88300BF3826022036
:10FDD0003C2D02202DE9F0418CB02C22002101A8FD
:10FDE00028F043FA4FF48063ADF80C304C4B4D4C87
:10FDF00004934D4B0125069304F580630893082373
:10FE00004FF00208ADF82430484B02948DF814509E
:10FE10008DF81C500A93ADF82C8004F2745027F032
:10FE2000C8FF04F2C450A4F5A07427F0C2FF204616
:10FE300001A908F029FE0646C8B13D4803685B07E2
:10FE400004D03C4A3346294621F015F802F00AFF57
:10FE5000002139481DF02AFC3849394840F2131274
:10FE600020F039FD40F21311344820F02BFD04F549
:10FE7000AE6022F00FFC334904F5AE6022F00EFCB8
:10FE8000304904F5AE6022F01AFC04F5AE602E494C
:10FE900022F026FC294604F5AE6022F023FC314610
:10FEA00004F5AE6022F020FC04F2845022F0F2FB54
:10FEB000264904F2845022F0F1FB224904F28450D6
:10FEC00022F0FDFB314604F2845022F00BFC04F5D5
:10FED000AC67314604F2845022F006FC384622F02A
:10FEE00005FC424604F5AE61384622F014FC184B7E
:10FEF0002046C4F89835174BC4F89C75C4F8A4354F
:10FF00000323A4F8A8351E23A4F8A055C4F8AC65B3
:10FF1000C4F8B03515F030F830460CB0BDE8F081CB
:10FF2000CFDC0B0078270220EDEB0B008CA30B003D
:10FF30002C210220D1DC0B00B4C40400ECDC0B004B
:10FF4000CFD80B00EEEB0B00B1FC0800DE470C0035
:10FF50009C520C0050A30B002DE9F84388469146B3
:10FF6000074638B331B3154E4FF0FF334FF0FF3231
:10FF700013481BF041FA00253346D6F8D84674B929
:10FF80000C2202FB05330E48C3F8D476C3F8D8869A
:10FF9000C3F8DC9620F071FB2046BDE8F8830135FC
:10FFA000042D06F10C06E8D1054820F066FB6FF041
:10FFB0000B00F2E76FF01500EFE700BF38260220D4
:10FFC0003C2D0220F8B5144D04462B6808465B070B
:10FFD00000AF16D027F09FFF6E468AB06A460F4BDF
:10FFE0000790CDE9053440F20133ADF820300C4BD9
:10FFF00042F8103F00234FF41151284603F066F8F1
:020000040009F1
:10000000B54602F02FFE074907484C2220F063FC5A
:100010004C21044820F056FC042102209ADD0B00FC
:1000200004000001CADD0B00CFD80B002DE9F0471A
:100030004FF00009DFF858819EB0564B1B7853B93A
:100040005549564840F2463220F045FC40F24631D0
:10005000514820F037FC07F015FC514B51491A5814
:10006000514803F0BDFF061E1ADB504D304603F029
:1000700087FF034658B34D480268520703D0012159
:100080004B4A20F0F8FE02F0EDFD002149481DF03A
:100090000DFB49496522414820F01DFC652114E013
:1000A00042480368590704D001213346434A20F0EF
:1000B000E2FE02F0D7FD00213E481DF0F7FA3E496E
:1000C0005E22364820F007FC5E213B48C1E7CDE9BF
:1000D00000893B4804AA03A913F032FD10F1230F55
:1000E0000446C3D0A8B1314803685B0704D001219E
:1000F0002346344A20F0BFFE02F0B4FD00212D4813
:100100001DF0D4FA2C496E22244820F0E4FB6E2125
:10011000DBE72D4B039A9A4230D19DF810A0BAF13B
:10012000010FA3D1059F60213B46284A06A81EF077
:1001300019FF1E232246214606A8FEF709FE2A685B
:10014000034602F0070278B122B1214A514617480E
:1001500020F091FE2B6813F0060F87D002211D4A74
:10016000124820F07FFE81E7022A7FF67FAF03214D
:100170003B462846184A20F07EFE77E72B6813F0AE
:10018000060F3FF473AF02212846144AE9E700BF87
:1001900068890900EE7902203ADA0B00CFD80B000B
:1001A00008000000C5FF0800C0D40100042102209F
:1001B0007DDA0B00B4C40400CADD0B0065DA0B0065
:1001C0008C9A0B0096DA0B00309A0B000DDE0B00B8
:1001D00056DE0B0090DE0B006EDE0B00BEDE0B0069
:1001E000022970B50546144606D0174921F0DCF8FF
:1001F0006FF01504204670BD144E1E2360684FF446
:1002000080623146FEF7A4FD3378044623B13246BE
:1002100028460F4921F0ACF8631C0ED044B114F10C
:10022000100F0FD0224628460A4921F0BDF8E1E719
:100230002846094921F09CF8DCE70849284621F0C6
:10024000B3F8D7E70649F9E7F0DE0B00B35F022009
:10025000C32A0C002DDF0B0007DF0B000BDF0B00A8
:100260001FDF0B00F8B5144D04462B6808465B07EA
:1002700000AF16D027F04FFE6E468AB06A460F4B8D
:100280000790CDE9053440F20133ADF820300C4B36
:1002900042F8103F00234FF41151284602F016FF98
:1002A000B54620F0ECF9074907486D2220F013FB12
:1002B0006D21044820F006FB1C21022065DF0B00A5
:1002C0000400000198DF0B00CFD80B002DE9F043AC
:1002D000042983B000AF48D94568002D3DD02B7864
:1002E0002B3BDBB20E2B38D847F6E57222FA03F32C
:1002F000DB0732D5234B1B6803F00703022B2CD9F5
:10030000D0E902980469204627F0B7FF022828D0D8
:10031000042828D01C4B012808BF1C466E468CB010
:100320006A461A4B07F10801CDE90535184BCDE9AE
:1003300007983B6003F102337B600AAB099411E933
:10034000030083E80300134B42F8103F002344F2FC
:10035000C0010C4802F0BAFEB5460C37BD46BDE8F8
:10036000F0830D4CDAE70D4CD8E70129F5D80548A4
:10037000036813F0060FF0D00221094A20F072FD45
:10038000EBE700BF1C210220E1DF0B00FDDF0B00CB
:100390000002010306000004EDDF0B00F7DF0B0095
:1003A00029E00B002DE9F0430022604960488FB03E
:1003B000FFF7D2FD002703465E4EA8B15E480268F3
:1003C000560703D001215D4A20F055FD20F057F972
:1003D00000215B4820F055F95A497F225A4820F005
:1003E0007AFA7F2157480BE0584B1B7853B958498C
:1003F000554840F2463220F06EFA40F246315448F9
:1004000020F060FA07F03EFA524B53491A5853480D
:1004100003F0E6FD041E1CDBDFF84481464D204658
:1004200003F0AEFD034650B343480268540703D0BF
:1004300001214C4A20F01FFD20F021F90021404805
:1004400020F01FF93F498C223F4820F044FA8C21CC
:10045000C8E7394803685D0704D001212346424AB2
:1004600020F009FD20F00BF90021354820F009F9B2
:1004700034498522344820F02EFA8521B2E7CDE9AF
:1004800000673A4802AA03A913F05AFB10F1230FA0
:100490000346C4D0A0B128480268510703D0012107
:1004A000334A20F0E8FC20F0EAF80021244820F04C
:1004B000E8F824499522244820F00DFA952191E787
:1004C000039B434529D19DF80890B9F1000FA6D1AF
:1004D00007232821274A04A81EF044FD3C234A464E
:1004E000494604A8FEF734FC0346002897D0DFF8FD
:1004F0004890D9F80020520704D0012148461E4AEE
:1005000020F0B9FCD9F8003013F0060F87D0022193
:100510001A4A094820F0A6FC81E72B6813F0060F61
:100520003FF47DAF02212846154AF3E7CD020900CA
:1005300075DD0B00688909001C21022055E00B00C5
:10054000B4C4040098DF0B00CFD80B00EE79022072
:100550003ADA0B000800000065020900F0490200C9
:10056000449A0B007DDA0B0065DA0B00989A0B00B9
:1005700096DA0B0087E00B0056DE0B00A1E00B00C3
:10058000CEE00B0010B403460A46034881680C69AC
:100590001946234610BC18472C8C0B00F8B5144D97
:1005A00004462B6808465B0700AF16D027F0B3FC63
:1005B0006E468AB06A460F4B0790CDE9053440F28B
:1005C0000133ADF820300C4B42F8103F00234FF4BC
:1005D0001151284602F07AFDB54620F054F807493B
:1005E0000748E82220F077F9E821044820F06AF96A
:1005F000F820022000E10B000400000132E10B00B2
:10060000CFD80B002DE9FF471E46002382460F4638
:100610009146CDE90033374D4C21D5F80880284666
:10062000D8F80C3098470446002852D16946362045
:10063000FFF7A8FF044600284BD10198FDF740FEC4
:100640002D49FDF745FF04460098FDF739FE0146A8
:100650002046FDF781FD6946CAF800003A20FFF701
:1006600091FF0446002834D10198FDF729FE224964
:10067000FDF72EFF04460098FDF722FE01462046B6
:10068000FDF76AFD6946C9F800003720FFF77AFFD9
:100690000446F0B90198FDF713FE1749FDF718FF5E
:1006A00004460098FDF70CFE01462046FDF754FD78
:1006B00000F10040386069464D20FFF763FF0446B3
:1006C00038B9009B3360D8F8046036B900230C9A1F
:1006D0001370204604B0BDE8F08713224F2128464E
:1006E00002ABB0470028F1D1029B003B18BF0123A9
:1006F000EDE700BF2C8C0B00002474492DE9F04F6E
:1007000095B0974827F0C1FAB0B9964803685E07DC
:1007100003D00121944A20F0A5FB1FF0B4FF002173
:1007200092481FF0B7FF9249FC22924820F0D3F87C
:10073000FC218F4820F0C6F8242200210BA827F0C6
:1007400094FD8D4B0DF1240B0E93CDF800B00AAB48
:100750000DAA0CA90BA8FFF755FF0446F0B181487C
:1007600003685D0703D0224684491FF08EFF7D4851
:1007700003685B0703D0824922461FF086FF1FF003
:1007800082FF002179481FF085FF79494FF481727B
:10079000784820F0A0F84FF48171CAE701460BA811
:1007A000FCF724FD044630B16E4803685907DED0DB
:1007B00074492246D9E7744B019000930D9A0023A7
:1007C0000C990B98FCF7D2FD044630B165480368DC
:1007D0005A07CCD06D492246C7E727F045FC4FF4B5
:1007E0007A74A0FB040547F6122204FB0151002392
:1007F000FEF70CF804460D46654B1B784BB965496E
:100800005C4840F2463220F066F840F246316148DA
:1008100090E707F037F8604B60491A5847F23050BC
:1008200003F0DEFB031E039316DA4E4803685F07EE
:1008300003D05B49039A1FF028FF1FF024FF00211B
:100840004A481FF027FF4A494FF48572494820F073
:1008500042F84FF485716CE74FF0FF3A039803F0CC
:100860008FFB0246A8B13F4803685E0702D04D499E
:100870001FF00BFF1FF007FF00213C481FF00AFF8D
:100880003B4940F211123B4820F025F840F211118B
:100890004FE70023444A4548CDE9002306A905AAAD
:1008A00013F04EF910F1230F0246D7D0A8B12D480E
:1008B00003685D0702D03E491FF0E7FE1FF0E3FE2C
:1008C00000212A481FF0E6FE29494FF48D7229487D
:1008D00020F001F84FF48D712BE7069B354A9342C7
:1008E00040F0CC809DF81430002BB7D10DF11703E8
:1008F00000935A460AAB08A907A8FFF783FE0746EC
:10090000F0B1184803685C0703D03A461B491FF052
:10091000BCFE144803685B0703D027493A461FF022
:10092000B4FE1FF0B0FE002110481FF0B3FE1049C6
:1009300040F225120F481FF0CEFF40F22511F8E6D5
:100940009DF81700394680F00100FCF769FE074664
:10095000B0B3044803685907DBD018493A46D6E7D4
:100960002C8C0B00F820022079E10B00B4C40400A9
:1009700032E10B00CFD80B00C8A30B0092E10B00B3
:10098000EBE10B00AAE10B00B8520220C9E10B0019
:10099000EE7902203ADA0B00080000009D050900FC
:1009A00065DA0B007DDA0B0068890900809A0B007C
:1009B00096DA0B001C9A0B0051E20B0007E20B00C9
:1009C0000A9E56452BD127F04FFB4FF47A7CA0FBB3
:1009D0000C0E47F6122200230CFB01E1FDF716FF77
:1009E0008146001B884661EB0501FDF77FFC294924
:1009F000FDF76EFD00220192274A034600920899F6
:100A0000099A0798FCF7B2FC0746002832D0234821
:100A100003685A073FF47DAF21493A4677E7B207AA
:100A200022D4730722D4370722D4C6F300139B00C5
:100A3000DBB202200BA98DF82C30FCF7F1FD074644
:100A40000028C0D0154C236858073FF462AF154901
:100A50003A4620461FF019FE236859073FF459AF64
:100A600011493A46204652E70523E2E70123E0E731
:100A70000223DEE7B2464C464546EFE607480368E8
:100A800013F0060F3FF4EAAE0221084A20F0EAF91B
:100A9000E4E600BF00007A44B8520220F8200220A9
:100AA000C9E10B0007E20B0032E20B006BE20B0026
:100AB00070B5054690B10C4B00211E683046FDF71D
:100AC000F1FD70B930460949FDF70AFE044640B908
:100AD0003046FDF725FE2860204670BD6FF01500FA
:100AE000FBE76FF03C00F8E7B85202200000C84274
:100AF0002DE9F84F04461FF0CFFDB0FA80F0C0F1A9
:100B00001F0004EB8006D6F81090CD0005F1040A12
:100B10000B4606358FB2B9F1000F0AD10121E26808
:100B200081400A43E260336124F80A706753BDE8EC
:100B3000F88F4FEAC906043634F806B04FEACB08FE
:100B400008F1060834F8083099450FD00B480368BF
:100B50005B0703D001210A4A20F084F9002383F3C4
:100B60001188BFF36F8F0423184602DF24F80AB000
:100B700024F8059024F80870A753D8E794210220A0
:100B8000A3E20B0010B500EBC1035B880446DB0752
:100B90000A460ED41FF085FD34F83030C01A814269
:100BA00007D134F831102046511A1FF07AFD8242E5
:100BB0000FD0084803685B0703D00121064A20F0E4
:100BC00051F9002383F31188BFF36F8F0423184674
:100BD00002DF10BD94210220C7E20B002DE9F8438B
:100BE00000EBC103DF880446B94202F104080BD1CF
:100BF000012303FA02F2C36823EA0203C36000235D
:100C000040F82830BDE8F883B3F80490FD004FEABF
:100C1000C9060636835B0435994202D1435B99428B
:100C20000FD00B4803685B0703D00121094A20F06D
:100C300019F9002383F31188BFF36F8F042318463B
:100C400002DF44F82870A75324F80590DAE700BFC4
:100C500094210220A3E20B002DE9F0478A4600AF61
:100C6000002900F0A38004680E1F361BF50826F04B
:100C7000070604EB0608B8F8023013F0010319D197
:100C80004C48026852070DD0E94688B06A464A4986
:100C9000CDE9051A032142F8101F4FF4C25102F0AA
:100CA00015FACD46002383F31188BFF36F8F042319
:100CB000184602DF294620461FF0F3FC34F8303096
:100CC000C01A85421AD03B4803685B070ED0E9463C
:100CD00088B06A46394BCDE9053A032342F8103F04
:100CE00000234FF4C25102F0F1F9CD46002383F303
:100CF0001188BFF36F8F0423184602DFA15B2046E3
:100D0000691A1FF0CEFCA8421AD02A480368590776
:100D10000ED0E94688B06A46294BCDE9053A03234F
:100D200042F8103F00234FF4C25102F0CFF9CD46F4
:100D3000002383F31188BFF36F8F0423184602DF6B
:100D4000B8F80230294623F00103A8F80230204603
:100D50001FF0A7FC04EBC0035B888046DA070CD4C5
:100D600001462046FFF70EFF414620461FF09EFC3D
:100D70004246294620461FF0E5FCA65BAE1B04EB6D
:100D8000C6035B88DB070DD431462046FFF7FAFE29
:100D9000314620461FF08AFC2A46314620461FF085
:100DA000D1FC354629462046FFF7A2FEBD46BDE8E8
:100DB000F08700BF9421022060E30B0010E30B00DA
:100DC00039E30B00B2F5802F2DE9F8430AD33649F9
:100DD0004FF4377235481FF07EFD4FF437713248BB
:100DE0001FF070FD042A08D82F4940F2E3222F4853
:100DF0001FF071FD40F2E321F1E7043ACD1D1144EB
:100E000025F0070521F00706A6EB0508B8F1170F36
:100E10004FEAD80708D824494FF43B7223481FF003
:100E20005AFD4FF43B71DAE7B7FA87F44FF0000947
:100E3000C4F12002C4F12404A4000734E408631CB4
:100E4000BB420560AF60C5F80C9008D9164940F266
:100E5000023216481FF03FFD40F20231BFE749461B
:100E6000920005F1100027F000FAA2B2530043F0FF
:100E700001036B803B1B9BB205EBC4015800A5F836
:100E80000090488025F83420A6F8029025F8083014
:100E900005EBC7035A88214642F001025A802846D2
:100EA000BDE8F843FFF724BE85E30B00CFD80B0065
:100EB0002DE9F04F91B0009302F004030293C2F3C6
:100EC000C2030133840705460E46DDF868A003928D
:100ED000059340F0B381041D98BB01F00706341D53
:100EE000C6F10806009B4FF0000804275A1E4FF079
:100EF000FF33C1460193C3463B46CDF810800DB188
:100F0000009921600598002800F3BB80984800995B
:100F1000814203D397488142C0F0B3800399601B9C
:100F200011F0020C40F0C280B9F10F0F40F2C18005
:100F3000914940F2812291481FF0CDFC40F281217D
:100F4000B1E00729CED86FF01B0011B0BDE8F08FDB
:100F50007A285AD84B280FD8472856D829282DD870
:100F600025284FD051D8202818BF23280CBF4FF078
:100F7000010B4FF0000B6EE04C382E2845D8DFE80F
:100F800000F06A4444444444444444444444474490
:100F900044444444444444544447475454546A47A2
:100FA00068446A4418471844447B7947444447449A
:100FB000790000204FF0000B042734E001212A388B
:100FC000C0B201FA00F010EA0E0F44D110F0625CDA
:100FD0002BD110EA010B3ED06046013C3C44B4FBEF
:100FE000F7F47C4325B1A3EB050CA444B445AAD87F
:100FF000002800F092800599013905915AF8041BE8
:1010000000917CE70199013901914FF0000B22E03A
:1010100012F8010C6C2831D1002012F8023C8346F2
:101020006C2BC9D108273B46D7E70AF1070A2AF0FB
:10103000070A073424F00704FAE802BC35B1069821
:101040002044B0423FF67FAFC4E900BC4FF0000B34
:10105000083408273B4612F8010F002876D0BBF170
:10106000000F7FF475AF2528F5D14FF0010B019BE0
:10107000013301930427EDE758469BE700208346A0
:10108000ABE7039988072BD54FF0010C601BB0F537
:10109000007FFFF449AF38494FF41F7237481FF003
:1010A0001AFC4FF41F7134481FF00CFC4FF0000C79
:1010B000EDE705B309F140010DEB010E0199C0F315
:1010C00087000EF8200C0EF8101CBCF1000F0ED09B
:1010D00060F07F000EF8200C08F1010809F1010909
:1010E000C5F108014FF6DA7E04340691B3E704989F
:1010F00001300490F2E7BCF1000F01D00136EDE7BA
:10110000029802360028E9D10098CDE90632FDF7B1
:10111000A9FBDDE906320644E0E7042B08D10AF119
:10112000040015B1DAF8001021608246043492E719
:101130000AF1070323F0070303F1080A1DB1D3E9FD
:101140000001C4E900010823083484E7631BB3F5F8
:10115000806F08D3084940F2D22208481FF0BBFB39
:1011600040F2D2219FE75DB9A6F10804E018ECE651
:1011700064880B003C610C00B0E30B00CFD80B007F
:10118000029A9B0828602B709DF81030BAB1EB7062
:1011900085F80280B8F1000F05D0002208A8C5F13B
:1011A000010791450DD14FF0000AC5F1010308AFC9
:1011B00001930DF1300BD14512D1601BC5E66B7068
:1011C000E6E710F8013B190608D507EB040CB44517
:1011D00003F07F033FF6B7AE04F8013B0132E0E7CE
:1011E000B8F1000F03D097F90020002A16DB029B0C
:1011F000C3B11AF80B2004F8012B0022019B181927
:101200001044B0423FF69FAE3878009904F8010BC5
:101210002046039227F003F8039A14440AF1010AC6
:101220000137C8E73A7855F822300093029B0098BE
:1012300045F82230FDF716FB421CDFE76FF00D008A
:1012400083E600BF2DE9F04F95B000AF8A46054612
:10125000C7E9083250B99B4940F299329A481FF0C9
:101260003AFB40F2993197481FF02CFB49B90378BB
:101270004678807800EB83002844564521D8A0EBBF
:10128000050ABB6F95F8028003F00103BC6F3B6158
:10129000EB78B8F1000F0CBF002404F00104FB61EF
:1012A00013B1BB6F9A0715D4A4B97B6A1BB1514621
:1012B00028463A6A9847564630465437BD46BDE8F8
:1012C000F08F441C2046FDF7CDFA013020440AF18E
:1012D000010AD2E7BB6FC3F3C0037B612B78FB60CD
:1012E0009B007B606B68BB60FB6805EB830B7B6AD4
:1012F000002B74D15646D844A4B11C461BF8013BC0
:1013000055F82300FDF7AEFAFB6F01303BB1D7F87B
:1013100080309C423EBFFB6F23F814000134D84557
:101320000644EBD1BB6F4FF0000913F0050F0CBF63
:101330004FF0020B4FF0010BFB699945BCD298F8B6
:10134000013008F1020855F823A0604B9A45C0F01F
:101350007E815F4B7A699A452CBF002301232AB313
:1013600018F8021CB8687B621FF07EFA7B6AE8B14D
:101370005848036813F0060F14D0EA468AB06A464C
:10138000554B0593BB68CDE906314FF40073ADF8BA
:101390002030524B42F8103F00234FF4125101F01D
:1013A00095FED546023E09F10109C5E723B13B6927
:1013B0002BB9A6EB0B06F6E7BB6F9B07F3D55046A0
:1013C000FDF750FAFB6F43B1D7F880309C423FBF26
:1013D000FA6F431C22F8143001340644E3E7002C72
:1013E00065D1B8F1000F68D0BB6F580768D5C1460A
:1013F00007F140004246594626F011FF0BEB080367
:10140000BB610023324AF9698B4269D3BA6F95F800
:1014100001B03969920704EB0B0348BF0022DBB22D
:1014200058BF4FEA5902002940F0DB80B96F11F034
:10143000040F14BF494600216B70A970EA7028465A
:101440003A6A79687B6A9847061EFFF635AFFB68F3
:1014500049462B70FB693A6AEB7085F801B07B6AEC
:1014600085F8028007F140009847B0F10009C0F20A
:10147000EA807B68FA69B86903EB420141443A6A41
:101480007B6AAAEB010198470028C0F2DE804FF08A
:10149000000BB14409EB000607F1300AA345C0F088
:1014A000A28000213A6A08467B6A984704E74446CE
:1014B0004FF0000907F130009CE74446C1469DE724
:1014C000A1469BE7B0E30B00CFD80B0064880B006C
:1014D0003C610C00FC200220DEE30B000400000154
:1014E000B869DFF884C110F8021B10F8016CB8610C
:1014F00055F826006045C0F0B080904278692CBF56
:101500004FF0000B4FF0010B30B1B8683B601FF09B
:10151000ABF93B68554A50BBBBF1000F29D0396984
:1015200051B10F2C33D9524940F2434251481FF078
:10153000D2F940F2434196E6B96F490717D5B9F1A0
:101540000F0F08D94A4940F246424A481FF0C3F9F2
:1015500040F2464187E609F1280007F1280C09F11D
:10156000010100EB0C0909F8106C5FFA81F90133F5
:1015700049E7B86F800714D50F2C08D93C4940F2D1
:101580004D423C481FF0A7F940F24D416BE6611C0B
:1015900004F1280007F12804041904F8206CCCB2E7
:1015A000E5E7B9F10F0F08D931494FF48A623148A4
:1015B0001FF091F94FF48A6155E609F1280C07F103
:1015C000280EF44409F101000CF8101C07F1500139
:1015D00009F1020951FA80F05FFA89F900F8106CFC
:1015E000C5E7002128E71BF80A3055F8239087F853
:1015F0002F30FB6F23B3D7F880309B4520D2FB6F91
:1016000033F81B8001213A6A7B6A07F12F00984763
:1016100000281ADB0644B8F1000F06D14846FDF752
:1016200021F900F101081FFA88F8414648463A6A54
:101630007B6A9847002808DB06440BF1010B2DE775
:101640004FF00008DEE74E4636E6064634E67B6994
:10165000002B3FF4B1AE002382E67869002888D0E1
:101660004FF0000B51E700BF64880B003C610C0099
:10167000B0E30B00CFD80B0008B550B908490948B2
:1016800040F27D121FF027F940F27D1104481FF04F
:1016900019F98068044B98428CBF0020012008BDD6
:1016A00092E40B00CFD80B00FFC99A3BF8B50D466A
:1016B000044610B1FFF7E0FF50B9244940F2B912D7
:1016C00023481FF008F940F2B91120481FF0FAF83A
:1016D0001DB12846FFF7D0FF40B91C494FF4DD7219
:1016E0001B481FF0F8F84FF4DD71EEE7D4E9003243
:1016F000002AD5E9000118DA002908DA4FF000467F
:101700005F4266EB0206B84271EB06061CDB1B1853
:1017100042EB0102C4E90032A368AA6820461344E0
:10172000A360BDE8F84000F019BC53EA0206EED011
:10173000012871F10006EADBDE4386426FF00046C5
:10174000A6EB02068E41E1E70020F8BD92E40B0013
:10175000CFD80B0038B5044638B920496A22204852
:101760001FF0B9F86A211D4811E0EFF3118520231D
:1017700083F31288BFF36F8F1A481CF0A1FC40B9A5
:101780001949842216481FF0A6F8842116481FF034
:1017900099F814481CF0B8FC144B0FCB84E80F00E8
:1017A00010481CF09BFC40B90F494FF499720C484B
:1017B0001FF091F84FF49971E8E785F31188BFF3B2
:1017C0006F8F2046FFF758FF30B904497022044854
:1017D0001FF081F87021C6E738BD00BFC3E40B00DD
:1017E000CFD80B00BC520220E5E40B00902F022062
:1017F00001281FB50C4605D0042829D06FF015002C
:1018000004B010BD26F030FC47F612220023FCF78E
:10181000FDFF4FF4FA435A43C4E90001A260684651
:10182000FFF798FF69462046FFF740FF18B9104BB5
:101830000FCB84E80F002046FFF71EFFB0B90D491B
:101840000D4863221FF047F863210A481FF03AF859
:1018500026F00AFC47F612220023FCF7D7FF4FF4CC
:10186000FA435A43C4E90001A260E4E70020C7E755
:10187000509F0B00C3E40B00CFD80B0001287FB5AD
:101880000D464BD10846FFF7F7FE002846D026F05C
:10189000EBFB47F612220023FCF7B8FF214B404236
:1018A00002FB03F361EB4101CDE9000168460293BD
:1018B00000F054FB29466846FFF7F8FEEFF3118667
:1018C000202383F31288BFF36F8F17481CF0F8FBB7
:1018D00040B91649842216481EF0FDFF84211348A2
:1018E0001EF0F0FF134D10481CF00EFC9DE80F0099
:1018F00085E80F000C481CF0F1FB40B90B494FF490
:1019000099720B481EF0E7FF4FF49971E7E786F3F1
:101910001188BFF36F8F002004B070BD6FF0150009
:10192000FAE700BF0083FFFFBC520220E5E40B0092
:10193000CFD80B00902F0220014B1860704700BFDA
:10194000701D022080B505460E46174698461BF0CE
:1019500021FF034605F096FFDFF83490044649F86E
:101960000030424639463046A8470A4B1B7853B9E7
:1019700009490A4840F246321EF0ADFF40F24631B6
:1019800005481EF09FFF54F8090005F00BFF00BF4B
:1019900008000000EE7902203ADA0B00CFD80B00E5
:1019A00038B50D4604462022002126F05EFC0022B8
:1019B000EB68E361AB68A3612B6823626B68A2628A
:1019C00063622A6923B1591E194208BF42F001021D
:1019D00022610122002104F12C0026F01FFA40B1FF
:1019E000044905482F221EF076FF2F2101481EF0E2
:1019F00069FF38BD12E50B00CFD80B002DE9F04F81
:101A0000002689B0CDE90123436A04468B4288460B
:101A1000B2460596079652D34FF0200B00F11407FB
:101A2000EFF3118300938BF31288BFF36F8F384667
:101A3000DDF800901CF044FB40B94649842246483A
:101A40001EF049FF842143481EF03CFF38461CF03D
:101A50005BFB079A2AB1314620461FF022F800238B
:101A6000079306A920461EF043FF06990546414507
:101A70002ED32268236A204613F8221003EB820A31
:101A800021F0030103F82210216842461EF054FFA2
:101A9000E3682060984216D0002538461CF01EFBF3
:101AA00050B389F31188BFF36F8F059929B1A369EA
:101AB0000BB12046984700230593002DB0D1504626
:101AC00009B0BDE8F08F236943F008032361E3E721
:101AD00018B120461EF04AFFDFE7DDE9013213436B
:101AE00030D0039126F00EFA039958BB009B4BBBF4
:101AF00038461CF0F3FA40B916494FF4997216486B
:101B00001EF0E9FE4FF499719DE785F31188BFF34C
:101B10006F8F04F12C00DDE9012319F073FF0546F6
:101B2000EFF311898BF31288BFF36F8F38461CF0E7
:101B3000C7FA002881D0B5FA85F538461CF0E4FADA
:101B40006D09AAE7204607AB05AA26681EF02DFFFF
:101B50000546A2E7E5E40B00CFD80B002DE9F041E4
:101B60000446C36908460D46984704F11406074623
:101B7000EFF31188202383F31288BFF36F8F304671
:101B80001CF09EFA40B91649842216481EF0A3FEA6
:101B9000842113481EF096FE30461CF0B5FA2B78CF
:101BA0003A4643F001032B70616820461EF0C4FEE4
:101BB000606020461EF090FF30461CF08FFA40B95E
:101BC00007494FF4997207481EF085FE4FF499714A
:101BD000DFE788F31188BFF36F8FBDE8F08100BFA6
:101BE000E5E40B00CFD80B002DE9F04704460027B1
:101BF00000F11406EFF31188202383F31288BFF35A
:101C00006F8F30461CF05CFA054640B93449842297
:101C100034481EF060FE842131481EF053FE3046E9
:101C20001CF072FA2369A168180702D463688B421A
:101C300000D2636A5B1A002B3CD0206A10F8213076
:101C400000EB810913F0030237D0022A04D150F8C7
:101C500021205FEA920A05D1DA071BD44846E369DE
:101C600098478246A168524620461EF065FE5146BE
:101C7000A06020461EF06EFE2F4630461CF02EFA65
:101C8000E8B917494FF4997216481EF024FE4FF434
:101C90009971C1E743F0020300F82130E369484637
:101CA000A56898472946024620461EF045FE0025B5
:101CB000A060E2E71D46A946DFE71546FBE788F38B
:101CC0001188BFF36F8F002D94D137B1B9F1000F98
:101CD00003D104F12C0019F02BFE4846BDE8F08733
:101CE000E5E40B00CFD80B002DE9F0410446C369B1
:101CF00008460D46984704F114070646EFF311888D
:101D0000202383F31288BFF36F8F38461CF0D8F975
:101D100040B92349842223481EF0DDFD8421204858
:101D20001EF0D0FD38461CF0EFF92B7823F00103AC
:101D30002B7023699B0705D5E268236A03EB8203B6
:101D40009D421DD12B7823F002032B70D4E9023180
:101D5000994204D1324620461EF0EEFDA060314685
:101D600020461EF0F7FD38461CF0B8F968B90C495A
:101D70004FF499720B481EF0AEFD4FF49971CEE707
:101D80002B6866F39F032B60EDE788F31188BFF3A0
:101D90006F8F04F12C00BDE8F04119F0C9BD00BF00
:101DA000E5E40B00CFD80B0070B5044600F1140534
:101DB000EFF31186202383F31288BFF36F8F284639
:101DC0001CF07EF940B91649842216481EF083FDA6
:101DD000842113481EF076FD28461CF095F92369EE
:101DE000A0681B0702D4636883420ED2646A241A77
:101DF00028461CF073F950B909494FF49972094803
:101E00001EF069FD4FF49971E3E71C1AF0E786F3C1
:101E10001188BFF36F8F201E18BF012070BD00BF57
:101E2000E5E40B00CFD80B00044608B5EFF31183AF
:101E3000202383F31288BFF36F8F16F0FFF820463C
:101E400005F084FB02481EF030FD20F0BBF9FCE7F2
:101E500038E50B002DE9F84340F26C7344690569DD
:101E6000E1170135E41841F10001022D8CBF002378
:101E70000123E41AC76861F100010029064607F151
:101E8000FF374EDA6FF4C7704FF4C8720023201882
:101E900061F10001FCF76AFC244B4FF03C0E03FBA0
:101EA0000044D6E900834FEAE37C99466346032D5C
:101EB000024634BF09206FF00200B6680544C6FB35
:101EC0000E93A9FB0EC60EFB036640F26D1E992011
:101ED000A3080EFB04333B44642745430520B4FBB1
:101EE000F7F40235B5FBF0F51B1B114C1CEB080C8D
:101EF000A2FB042004FB01012B4446EBE876981872
:101F00000C4A41F1000380180B4A63F10003A0FB67
:101F1000020102FB031110EB0C0041EB0601BDE8CE
:101F2000F8834FF4C87200232046B3E770FEFFFF2A
:101F3000B13A02009405F5FF8051010010B5FFF79A
:101F400089FF0024024605F09DFC0B4602494450DF
:101F50001046194610BD00BF0C000000F8B540B98E
:101F60002649C92226481EF0B6FCC92123481EF086
:101F7000A9FC8268234EB24217DDD0E90037224C1B
:101F8000012B92FBF4F477F100054FEAE4711EDABD
:101F90001E4D1B1905FB042241EB0701B242C0E9AB
:101FA0000031826022D80120F8BD002AFBDAD0E996
:101FB0000031154FB41A0029B4FBF7F410DA01F11F
:101FC0000045A34275F100050ADA0020ECE7DD4385
:101FD000A5426FF00045A5EB07058D41D8DAF4E77F
:101FE0001B1B07FB042261F10001D7E70349F02224
:101FF00003481EF070FCF021B8E700BF61E50B005C
:10200000CFD80B00FFC99A3B00CA9A3B003665C483
:1020100008B500F0B7F8012200230949C0E9002201
:1020200041610849C0E902330A60074903610A6057
:10203000064A1360064A1360064A136008BD00BFD3
:10204000EEEB0B00901D02208C1D0220C8520220D6
:10205000C4520220C05202202DE9F0478146884632
:10206000174600F08FF8C36804461BB943691A7815
:10207000002A3ED10023E36063684B4558F82320D3
:1020800008DB314B6361204600F060F84FF0FF3011
:10209000BDE8F087511C616192F800A0BAF12D0FE4
:1020A000EFD1951C656156782D2EA66004D19278EB
:1020B00072B901336360E4E756B9234D514638469F
:1020C000656126F005F90028DDD05646C4F808A061
:1020D0003146384626F0FCF83A2E00D070B92B78FD
:1020E00013B9636801336360204600F02FF83F2086
:1020F000CEE75D1C45611E788660E9E743783A2BA0
:102100000BD0002323612B7813B96368013363601C
:10211000204600F01BF8A068BAE72B780A4A33B9CA
:10212000636801339945636004DD58F82350C4E9BE
:102130000452EAE762613D7820463A2DD5D100F09D
:1021400005F82846A4E700BFEEEB0B000168084A3B
:10215000084B11604168084A11608168074A1160A4
:10216000074AC168116002691A6005F04FBE00BFDE
:10217000901D0220C05202208C1D0220C852022055
:10218000C452022000487047741D02202DE9F84F08
:10219000838B04461807904613D501290CBF43F0E2
:1021A000100343F02003A38304F114001BF096FFF7
:1021B000002800F09A8088F31188BFF36F8FBDE884
:1021C000F88F022903F0070A40F04B8120461EF0E9
:1021D000E0FC052800F2F08001A353F820F000BFD6
:1021E000A921090063240900B92309006F2209000D
:1021F000FF2209005B23090002F00702531F012B95
:102200001AD80023062A256889B2C4E9003309D107
:102210002B4603E0E28B0132E2831B68002BF9D1ED
:1022200041F002012046A1831EF0B3FC002800F01B
:10223000268141F0200121E1042A0DD189B22046F6
:10224000A1831EF0A6FC0546002800F0188141F08D
:1022500020010025A18312E1944940F21B12944809
:102260001EF039FB40F21B1190481EF02BFBBAF117
:10227000000F08D08D494FF4AB728D481EF02BFB38
:102280004FF4AB71F0E7236843B9884940F2571225
:1022900087481EF020FB40F25711E5E723691F68CD
:1022A00047B982494FF4AD7281481EF014FB4FF4D8
:1022B000AD71D9E7564655464FF00609A18B21F07E
:1022C000070141F0060189B2A183A368002B00F049
:1022D000DD804FF0010B41F0080104F1140A504673
:1022E000A1831BF0FBFE00286FD172494FF4997255
:1022F0006F481EF0F0FA4FF499716E48B5E7BAF1E5
:10230000020F08D0694940F25D1269481EF0E3FAF5
:1023100040F25D11A8E7E68B46B164494FF4AF7215
:1023200063481EF0D8FA4FF4AF719DE723695F68E8
:1023300047B95E4940F261125D481EF0CCFA40F2A6
:10234000611191E7A18B354621F0070141F00401AD
:1023500089B24FF00409A183B7E7BAF1010F08D0A1
:1023600052494FF4B27252481EF0B5FA4FF4B271AE
:102370007AE7236843B94D4940F265124C481EF094
:10238000AAFA40F265116FE723699F6847B9474988
:102390004FF4B47246481EF09EFA4FF4B47163E7EE
:1023A0000026A18B354621F0070141F0050189B2D5
:1023B0004FF00509A18388E73C4940F26B123C4885
:1023C0001EF089FA40F26B114EE788F31188BFF3D3
:1023D0006F8FBBF1000F16D165BB17B12046364990
:1023E000B847EFF31188202383F31288BFF36F8F70
:1023F00050461BF065FE28BB2E4984222C481EF057
:102400006AFA842179E7A1680029E5D0D1F8008033
:102410000029E1D033464A462046D1F804B0D847D7
:10242000B8F1000F04D0D8F8003041469846EFE7E5
:102430004346FAE7294633464A4620462D681EF0B1
:10244000D4FBC9E750461BF05FFEA18B21F00801C9
:1024500089B2A183CA061FD521F01003A38301F01E
:10246000070AA669A28B002E22F00701BFF6C4AEB0
:1024700000232568C4E9003341F00101A18301F084
:102480000709D1454FF000077FF41FAF0DB9002FAA
:10249000E0D04FF0000B1EE78B067FF585AE21F0F4
:1024A0002003A38301F0070A90E600BF94E50B0028
:1024B000CFD80B00E5E40B00BD240900F8B50446B5
:1024C0000D4600F11406EFF31187202383F31288E1
:1024D000BFF36F8F30461BF0F3FD40B909490A483E
:1024E00084221EF0F8F9842106481EF0EBF93046EC
:1024F0001BF00AFEA5613A462046BDE8F8400121DE
:10250000FFF744BEE5E40B00CFD80B002DE9F04700
:1025100004460E461EF059FB051E5ADB04F1140951
:10252000EFF3118A202383F31288BFF36F8F48469D
:102530001BF0C6FD804638B93149842231481EF06F
:10254000CAF984212E483CE048461BF0DDFD4FF6D9
:10255000FF72E38BA78B934207F007073CD0062F4F
:1025600026D8DFE807F0193C0925190419006FF097
:1025700085054FF0000802E002250133E383484659
:102580001BF0ACFD70BB1E494FF499721D481EF044
:10259000A2F94FF49971D5E700233360636823B93A
:1025A000C4E900667FB13D46E3E71E606660F9E777
:1025B000154914484FF4E4721EF08DF94FF4E4719C
:1025C00011481EF07FF9524602212046FFF7DEFD3A
:1025D0003D462846BDE8F0876FF00A05C9E76FF071
:1025E0000405C6E78AF31188BFF36F8FB8F1000FB7
:1025F000EFD000233A46314620461EF0F6FAE8E7CF
:10260000E5E40B00CFD80B0094E50B00F8B50546C8
:1026100000F11406EFF31187202383F31288BFF330
:102620006F8F30461BF04CFD38B92049842220487A
:102630001EF051F984211D4825E030461BF064FD51
:10264000AC8B04F00704022C12D0012C0CBF6FF0ED
:1026500004046FF0850430461BF040FD08BB1349AD
:102660004FF4997212481EF036F94FF49971E2E76F
:10267000EB8B53B90F490E4840F2EF121EF02BF9C5
:1026800040F2EF110B481EF01DF9013B9BB2EB83AA
:10269000002BE0D13A4621462846FFF777FD204639
:1026A000F8BD87F31188BFF36F8FF8E7E5E40B00FF
:1026B000CFD80B0094E50B0010B54268034602F03A
:1026C0000302022A816015D0032A0AD0012A14D0FD
:1026D0000B490C4845221EF0FEF8452108481EF023
:1026E000F1F80468002000225A6008B11CF0C4F917
:1026F000204610BD00240068F5E700242046F2E7DC
:10270000B9E50B00CFD80B002DE9F34106460F4683
:1027100015464FF000082A46304601A91EF0BAFAC5
:10272000044640B102463946019825F078FD2D1B3C
:10273000A0442744EFD142463046311D1EF0C8FA6E
:1027400040B10649064848221EF0C5F84821034812
:102750001EF0B8F8404602B0BDE8F081DFE50B009E
:10276000CFD80B002DE9F34107460E4615464FF032
:1027700000082A46384601A91EF09BFA044648B1D3
:102780002EB102460199304625F049FD26442D1B05
:10279000A044EED14246384607F10A011EF098FAED
:1027A00040B10649064863221EF095F863210348AC
:1027B0001EF088F8404602B0BDE8F081DFE50B006E
:1027C000CFD80B0008B550B90649074840F235127A
:1027D0001EF081F840F2351102481EF073F843688C
:1027E000587908BD0AE60B00CFD80B0010B540B9E8
:1027F00008490948A0221EF06EF8A02105481EF0E5
:1028000061F803681B6913B1BDE81040184718460A
:1028100010BD00BF0AE60B00CFD80B002DE9F8432E
:10282000044606460127DFF8408094FAA4F5B5FA7D
:1028300085F507FA05F308EB05156FEA030924EAA5
:1028400003042B7B5BB12846FFF7D0FF38B96B68D8
:1028500003222846196806EA09061EF08BFA002CA6
:10286000E3D13046BDE8F8830C9A0B0010B5002286
:1028700088B00E490E4825F03FFC002200230024BA
:10288000CDE906230E234FF40062CDE90334CDE9F0
:102890000144084B08490094084819F0FBFF084917
:1028A000064819F005FF204608B010BD8D29090023
:1028B00068400220C92C0900F0950220A02F0220B8
:1028C00042E60B002DE9F047DFF8AC902B4C804638
:1028D000A9EB04038F2B0F460AD9294940F2531262
:1028E00028481DF0F8FF40F2531125481DF0EAFF7B
:1028F00025481EF01BFA064640B300252846BDE8D1
:10290000F087237B8BB12368DB680BB120469847A7
:102910006368204683F806A0FFF768FF90B96368F4
:102920000322204619681EF025FA013610344C4562
:1029300010D9134940F25F1212481DF0CCFF40F24B
:102940005F11D2E70AFA06F31D43EEE705464FF0A2
:10295000010AECE7D5D3B8F1000FCFD0002DCCD0D1
:102960002846FFF75BFF0546002FF7D0002140F215
:1029700039101AF09BFEF1E71C9A0B000C9A0B0021
:102980004AE60B00CFD80B00E0520220014818F0B5
:10299000CFBF00BF4823022008B5034608462BB12D
:1029A000044A136000F070FE002008BD6FF01500AF
:1029B000FBE700BF941D022010B5044C237813B927
:1029C000034818F0B5FF0123237010BDB563022042
:1029D0004823022010B5044609481EF0A7F93CB16F
:1029E000084BD3E8EF1F0139C3E8E21F002AF8D1F2
:1029F00005481BF09BFFBDE81040044818F098BF45
:102A0000D8520220DC5202206840022048230220D3
:102A10000022044BD3E8EF0FC3E8E12F0029F9D1DE
:102A2000704700BFD852022070B5FFF7F1FF05468E
:102A30000E4C0F4EB44216D90E490F4840F21622E2
:102A40001DF049FF40F216210A481DF03BFF2046C9
:102A5000FFF7B8FE28B123685B6813B1294620460A
:102A600098471034E6E7F2D370BD00BF0C9A0B0014
:102A70001C9A0B004AE60B00CFD80B0010B5044C93
:102A800004492046FEF78CFF034B1C6010BD00BFBD
:102A9000B0200220C8B90B00CC5202200023144AF7
:102AA00010B51370134A14491360144A1448136084
:102AB000FFF772FFFFF7E2FF00F002FA114B124935
:102AC00018468B4211D91149114840F22B121DF0C2
:102AD00002FF40F22B110D481DF0F4FE1A1A5C683B
:102AE0001211013222711033EBE7F7D310BD00BF92
:102AF000B6630220D852022040420F00DC5202206E
:102B0000290D0B000C9A0B001C9A0B004AE60B00D7
:102B1000CFD80B000146002200230148FEF76EBF0C
:102B2000B02002200148FFF75FB800BFB0200220AC
:102B3000024B01461868FFF7D7B800BFCC520220FD
:102B40000148FFF731B900BFB02002202DE9F04164
:102B50003C4B1B78002B71D0FFF7E4FF04460028A4
:102B60005BD1394B394D1B68002B19DD25F07CFA00
:102B70004FF47A76A0FB060747F61222002306FBE5
:102B80000171FBF743FED5E90032C01A40F2E93388
:102B900061EB0201984271F1000101D3FFF744FF9C
:102BA000D5E9003213F57A7342F10002C5E900322B
:102BB000002C43D0BDE8F041FFF7C2BF2846FFF725
:102BC00001FE38B121784B0712D52B6821462846E3
:102BD0001B6898471035454523D91D491D4840F2CB
:102BE0000A221DF078FE40F20A2119481DF06AFE03
:102BF00020462688C1F3C20700F072FBC6F3821696
:102C00000246002EE1D00028DFDB012339462846AA
:102C100000F02AFAB042DDD3D7E70F4DDFF83C8051
:102C2000D9E7CBD32046FFF783FF0D4BD3E8EF1F47
:102C30000139C3E8E21F002A93D0F7E70020BDE87E
:102C4000F08100BFB5630220D8520220604002200C
:102C50004AE60B00CFD80B000C9A0B001C9A0B0015
:102C6000DC52022070B5134D297811BB0120FFF70B
:102C700029FE114C114EB44214D91149114840F2A9
:102C8000CF121DF028FE40F2CF110D481DF01AFEA4
:102C90002046FFF797FD18B1236820469B689847A8
:102CA0001034E8E7F4D3FFF751FF0028FBD10123EC
:102CB0002B7070BDB66302200C9A0B001C9A0B009F
:102CC0004AE60B00CFD80B002DE9F843334F344BC5
:102CD000FB1A1B0909D133494FF46F7232481DF0BA
:102CE000FAFD4FF46F712F4815E000210846FFF7F9
:102CF000E9FD044688B140F21B684FF000092B4BF8
:102D00001B787BB92A49284840F246321DF0E3FD82
:102D100040F2463126481DF0D5FD4FF0FF384FF008
:102D2000FF39ECE704F0AEFD224B234A1B58136039
:102D300033B1224B1B68092B02DD214818F0F8FD46
:102D4000002544B12046FFF769FD044618B94FF04D
:102D5000FF384FF0FF39FFF7F9FE064628B935B9BD
:102D6000174842464B4618F04DFE3546E9E70C4DF4
:102D700008E0F5D22B689B691BB10022284611465A
:102D800098471035BD42F4D906494FF46C72064895
:102D90001DF0A1FD4FF46C71A5E700BF1C9A0B005C
:102DA0000C9A0B004AE60B00CFD80B00EE790220FC
:102DB0003ADA0B0008000000D4520220DC52022054
:102DC0004823022013B526481DF0B0FF254B1B7881
:102DD0005BB3EFF31184202383F31288BFF36F8F6B
:102DE00021481BF06DF940B92049842220481DF08C
:102DF00072FD84211D481DF065FD1B481BF084F900
:102E0000FFF7A4FE18481BF069F940B917494FF4C1
:102E1000997217481DF05FFD4FF49971EAE784F34A
:102E20001188BFF36F8F02B010BD124B1B68002BCF
:102E3000F9D050B9002200230F48CDE9002347F60E
:102E4000122200231BF016FDEDE70928EBD10A48FA
:102E50001BF06CFD094802B0BDE8104018F068BDD9
:102E6000DC520220B6630220D0520220E5E40B00BF
:102E7000CFD80B00D4520220684002204823022001
:102E800010B5064B04461B6898472146A0600448CD
:102E9000FEF764FEBDE81040FFF794BF941D0220CA
:102EA000B0200220044A054B9B1AB1EBD30F34BF6C
:102EB00052F83100002070476C980B000C9A0B0000
:102EC0000021084B084A09489B1ADB08994200D1A7
:102ED00070470268013122F0070242F0030240F815
:102EE000042BF3E70C9A0B006C980B00F8200220DF
:102EF000F8B5064600240A4F0A4BDB1BDD08AC423E
:102F000003D14FF0FF342046F8BD57F8340020B10C
:102F10003146FBF795FC0028F5D00134EFE700BF00
:102F20006C980B000C9A0B002DE9F04715461F46D4
:102F30002C4A2D4B88469B1AB5EBD30F0AD32B494D
:102F40002B4840F2C3121DF0C6FC40F2C3112748C3
:102F50001DF0B8FC00281DDA4FF0000A5446DFF8D7
:102F60009490254EA6EB09063609B24509F11009E1
:102F700002D12046BDE8F08759F80C0C3B462A46A2
:102F800041460079FFF7D0FF844238BF04460AF17A
:102F9000010AEAE702EBC50214790722BC4228BF06
:102FA0003C46164EC0B200EB400056F82530824039
:102FB00023EA020304F007028240134300210322A4
:102FC00023FA02F000F00700814202F1030238BF49
:102FD00001461E2AF4D123F007030B4346F825309F
:102FE000C7E700BF6C980B000C9A0B007BE60B0048
:102FF000CFD80B000C9A0B001C9A0B00F820022073
:10300000F8B506460F460024074D084BED1AED08AB
:10301000AC4200D3F8BD002122B23B463046013419
:103020001DF0A0FEA4B2F3E70C9A0B006C980B0005
:1030300010B5044650B90A490A4840F235121DF04D
:103040004AFC40F2351106481DF03CFC43685B79B0
:1030500013B10021FFF7D4FF002263685A7110BD3D
:103060000AE60B00CFD80B0010B590B14168097982
:103070001148124C241AB2EBD40F0DD31049114849
:1030800040F2AF121DF027FC40F2AF110C481DF0CA
:1030900019FC4FF0FF31EBE74BB1CBB20A4903EB20
:1030A000430351F82200D84000F0070010BD00EBA8
:1030B000C2000079FAE700BF6C980B000C9A0B0075
:1030C0007BE60B00CFD80B00F82002202DE9F04F53
:1030D0008FB0C1F34A2604AF0D469046B8607B60BE
:1030E0000C0D002E69D04FF000090A234FF0040B9D
:1030F00007F1140AFE60C7E90799C7F82490009306
:10310000CDF808B0CDF804A007F11C034A464046AC
:10311000F968FEF797F8B0F5006F034620D32F4803
:10312000036813F0060F17D06C468AB0D8F8041065
:1031300004AB2B4D1A46C3E9055140F2FF71D9612A
:103140004FF400711984274B42F8103F4FF412518D
:103150004B46FFF7BBFFA5462C37BD46BDE8F08FB9
:10316000C0F30A0604F11700184420F00700800895
:103170003B60FFF7CFFC66F35325044628B33B685A
:1031800000F11001C7E908390A23F961CDE901AB63
:1031900000934046144AF96807F11C03FEF752F801
:1031A000002812DA1149124840F249121DF093FB2F
:1031B00040F249110D481DF085FB04F1170020F085
:1031C00007008008FFF7A6FC044666F353252A464D
:1031D00020467B68B9681DF0F5FDBDE7202102207F
:1031E000B1E60B0004000001970D0B00F0E60B00A8
:1031F000CFD80B002DE9F04F87B00546DDE9106B05
:10320000DDE9127A88461446994647B33B465A464A
:1032100010210020CDF800A0CDF814A0FDF748FE45
:1032200000280ADA2A494FF4B4722A481DF053FBE9
:103230004FF4B47126481DF045FBB0F5006F014610
:103240000FD32548036813F0060F3DD040F2FF73FB
:103250000221224A07B0BDE8F04F1DF00CBE3946EE
:10326000384604F0070305F00704E40044EA831439
:1032700044EA402444EA065406F11700084420F0CA
:10328000070080080391FFF745FC054698B197B108
:103290003B465A460399CDF800A01030FDF708FED2
:1032A000002808DA0A4940F28D120A481DF013FB83
:1032B00040F28D11BEE74B4622464146284607B0F4
:1032C000BDE8F04F1DF07EBD07B0BDE8F08F00BF38
:1032D000F0E60B00CFD80B00202102201CE70B00EA
:1032E000406820B1034BC01A40F38F0070474FF085
:1032F000FF307047F82002200EB403B503AB53F83B
:10330000042B01460448019304F03EFD02B05DF831
:1033100004EB03B0704700BF39330900CA0605D477
:103320008B064CBF02490349FFF7E6BF704700BF59
:10333000EDEB0B0016090C0038B54B6805461A6812
:10334000CB680C469A4202D108461DF0B8FD63686E
:10335000D3E8EF2F511CC3E8E01F0028F8D1A36881
:103360009D5463681A68E3689A4208D9054906487B
:1033700072221DF0B0FA722102481DF0A3FA00205B
:1033800038BD00BF54E70B00CFD80B002DE9F04F3C
:1033900089B099469DF85080159B044606930D46CA
:1033A000DDE916A3189F05920493B8F1000F00F011
:1033B0009F80B8F1040F0AD987494FF415728748E6
:1033C0001DF089FA4FF4157183481DF07BFA07F45C
:1033D000807307931DF0C4FC07F0020B024600281F
:1033E00055D020467E49FFF787FF0646BBF1000F08
:1033F00008D017F0440F4CD12A4620467949FFF7F0
:103400007BFF064407F0010353B1774B204653F886
:103410002820764B7649002A08BF1A46FFF76CFF32
:1034200007F48073002B07F0080318BF4FF0000962
:10343000002B5AD06F4B204653F828206E49FFF7D7
:103440005BFF0546059B2BB11A4620466B49FFF7EB
:1034500053FF0544B9F1000F05D04A46204668499C
:10346000FFF74AFF054467483544069B002B46D0CA
:10347000224665491DF0C7F9002840DA564940F256
:10348000B12256481DF027FA40F2B1219CE70646CA
:10349000ACE75E4B18680028B3D05D4B4FF47A7BE5
:1034A0001B684FF03C0CB5FBF3F5B5FBF0F14FF4A6
:1034B000616300FB11550BFB05F5B1FBF3F2B5FBA6
:1034C000F0FE03FB121100FB1E55B1FBFCF30BFBDE
:1034D00005F5B5FBF0F50CFB131120460091CDE985
:1034E00001E54C49FFF708FF8BE707F00805A9E75E
:1034F000B9F1010F45460CBF42484748B5E7049B68
:10350000002B54D0DDF810903946B9F1100F204649
:1035100028BF4FF010090026FFF700FFB54218DC66
:103520000026334620461AF803203C49FFF7E4FE04
:103530000136102E13D0710703D120463849FFF70A
:10354000DBFE4E453346EDD320463649FFF7D4FE29
:10355000EEE720463249FFF7CFFE0136DEE70026D0
:1035600020463149FFF7C8FE33461AF803202046AB
:10357000A2F120035F2B28BF2E222C49FFF7BCFEAF
:103580000136102E0DD0720703D120462449FFF7D3
:10359000B3FE4E453346E8D320462149FFF7ACFE43
:1035A000EEE7049BCA44B3EB09030493AAD1B8F134
:1035B000000F0AD0FB0704D520460C4A0C49FFF740
:1035C0009BFE39462046FFF7A9FE204609B0BDE81C
:1035D000F04F1DF074BC00BF54E70B00CFD80B00B8
:1035E000A4F80B0088E70B00DCB90B0083E70B00A5
:1035F00005EF0B00F0B90B00ADE70B00B3E70B00D4
:10360000B7E70B0039330900897D0900E852022031
:10361000E452022091E70B00D90E0B00BCE70B002F
:10362000C4E70B00C2E70B00C6E70B005CF80B0019
:1036300042F20F7373B58B4228BF0B4605680446F0
:10364000052168460D4A1BF08DFC06466368284636
:103650000B225B680A491DF024FC63683246694608
:1036600028465B681DF01DFC63681B2228465B68CA
:1036700004491DF016FC02B070BD00BF84E00B00D1
:10368000B6600C009A600C0000210123064A9042AB
:1036900006D8064A01B901231360054B186070472C
:1036A000012140085B00F2E740420F00E452022093
:1036B000E8520220014B03600020704704BA0B005F
:1036C00003289ABF024B53F820000248704700BFFE
:1036D00004BA0B00EEEB0B0070B5046A0D469CB308
:1036E0001E4A2379565CB34231D01D4A525C9A423D
:1036F00030D1A3689847002810DA022D0CD0032D92
:103700000BD110F1860F07D0D4E8EF3F43F002034E
:10371000C4E8E23F002AF6E7267170BD022D26714B
:1037200001D00020F9E7D4E8EF3F23F00403C4E818
:10373000E23F002AF7D1D4E8EF3F23F00203C4E8C8
:10374000E23F002AEDD0F6E76FF05700E5E76FF0B3
:103750007700E2E76FF08500DFE700BFC6600C008E
:10376000C2600C00024B187880F00100704700BF67
:10377000EE79022010B50024094B86B00948039366
:10378000CDE9044418F012FD03AB00934FF48062BE
:1037900023460549034818F01FFD204606B010BD1A
:1037A00007E80B00A0400220F09D022070B50446FF
:1037B000006A00283BD008211DF037FC014678B391
:1037C000256A1435EFF31186202383F31288BFF3A3
:1037D0006F8F28461AF074FC40B9164984221648A7
:1037E0001DF079F8842113481DF06CF828461AF072
:1037F0008BFC20461DF0EEFB044628461AF06EFCBA
:1038000040B90C494FF499720B481DF064F84FF41D
:103810009971E8E786F31188BFF36F8F204670BD7A
:103820002046BDE870400022002300F027B904467E
:10383000F4E700BFE5E40B00CFD80B002DE9F74F0C
:10384000056A064625B90024204603B0BDE8F08F7E
:10385000052128461DF0E9FB0028F4D00821306A34
:103860001DF0E3FB044600284ED0376A1437EFF30F
:103870001188202383F31288BFF36F8F38461AF024
:103880001FFC40B97A4984227A481DF024F884212B
:1038900077481DF017F838461AF036FC356AEB68A1
:1038A00043BB2B685A070DD4286958B1036A1B68BB
:1038B000DB0521D5FFF7C2FF041E0EDB2B6843F0AA
:1038C00004032B6001213046AB689847041E04DBDB
:1038D00000232B71EB680133EB6038461AF0FEFBD6
:1038E00068B963494FF4997262481CF0F4FF4FF4D1
:1038F0009971CDE70024EDE76FF00A04EDE788F356
:103900001188BFF36F8F9FE7FFF72CFF074668BB57
:10391000EFF31188202383F31288BFF36F8F56488B
:103920001AF0CEFB04460028ACD053481AF0ECFB4A
:10393000EB6823B12A7912B927460133EB604E4870
:103940001AF0CCFB0028CCD088F31188BFF36F8F1E
:10395000002F7FF478AF24F0D5FA421E67F1000300
:1039600005F118001DF067FB041E7EDB24F0CAFA87
:1039700010B12B79022B13D02F692FB30221306A9B
:103980001DF053FB00BB3846FFF758FF044648B90B
:10399000012128461DF049FB70B13846FFF706FFAC
:1039A0006FF00A04FFF7DEFE00287FF44DAF05F14B
:1039B00018001DF042FB47E7D5E8EF3F43F0040352
:1039C000C5E8E23F002AF7D1EB680133EB602B79C1
:1039D000022B08D105F1400018F0AEFD10F00100F7
:1039E00001D12871DEE7FFF7BDFE40B94FF0FF3887
:1039F0004FF0FF3905F1300A2B79022B1AD0EB6812
:103A0000012BCFD80121AB6868699847041E29DAD9
:103A1000EB68013BEB60002FC4D03846FFF7C6FED1
:103A2000336AD3E8EF1F21F00401C3E8E21F002A44
:103A3000B8D0F6E70321504605F1180B24F0D2FB6D
:103A400058461DF0FAFA002203215046CDE90089BC
:103A500024F0CCFB4FF0FF324FF0FF3358461DF0FF
:103A6000EAFAC9E700232B719CE76FF00A04EBE642
:103A7000E5E40B00CFD80B00EC5202202DE9F04713
:103A8000046A07468A4620460521914698461DF05D
:103A9000CCFA18B900252846BDE8F087EFF3118568
:103AA000202383F31288BFF36F8F41481AF008FB7D
:103AB000064640B93F4984223F481CF00CFF842150
:103AC0003C481CF0FFFE3A481AF01EFBE3683848F9
:103AD000012B86BF03F1FF33E36000261AF0FEFAE4
:103AE00040B934494FF4997233481CF0F4FE4FF456
:103AF0009971E5E785F31188BFF36F8F002EC9D167
:103B0000FFF730FEC8B924F0FDF9421E66F100034C
:103B100004F118001DF08FFA051E46DB5646E368D7
:103B20006BB92648036813F0060F03D00221244A1C
:103B30001DF098F96FF077050EE03546EFE7013B91
:103B4000E3604BB98EB102234A4623711D484346B8
:103B500004F1400118F00EFCFFF704FE00289AD192
:103B600004F118001DF069FA95E73146A368606911
:103B70009847051E03DAE3680133E360ECE70123AD
:103B800023710221386A1DF050FA0028E4D03B6A04
:103B90001869FFF70BFE3B6AD3E8EF1F21F0040121
:103BA000C3E8E21F002AD7D0F6E76FF00F0572E7EF
:103BB000EC520220E5E40B00CFD80B009821022044
:103BC0001CE80B00A0400220F8B50021044650F884
:103BD000383C50F82C0C98470546A4F128074FF0C4
:103BE000FF334FF0FF3238461DF025FA002DB7BFE6
:103BF00054F8343C0123013344F8343CB8BF00236B
:103C000004F83C3C0121A4F11000994024F0E6FAAC
:103C10003846A4F140061DF010FA45B10D490E4892
:103C2000A6221CF058FEA6210A481CF04BFE0221D9
:103C300030461DF0FAF958B154F8300CFFF7B6FDD4
:103C4000D6E8EF3F23F00403C6E8E23F002AF7D1AD
:103C5000F8BD00BF2FE80B00CFD80B0070B50446AD
:103C6000006AC8B308211DF0E0F978B3256A14355D
:103C7000EFF31186202383F31288BFF36F8F28465A
:103C80001AF01EFA40B91549842215481CF023FE8B
:103C9000842112481CF016FE28461AF035FA2046F8
:103CA0001DF098F9044628461AF018FA40B90B4955
:103CB0004FF499720A481CF00EFE4FF49971E8E730
:103CC00086F31188BFF36F8F204670BD2046BDE894
:103CD00070400121FFF7D2BE0446F5E7E5E40B0092
:103CE000CFD80B002DE9F041056A0646002D00F003
:103CF0008880052128461DF098F9002840F084802E
:103D000030461DF036F9044600287FD10821306A7C
:103D10001DF08BF9002843D0D6F8208008F1140557
:103D2000EFF31187202383F31288BFF36F8F2846A8
:103D30001AF0C6F940B93749842237481CF0CBFD48
:103D4000842134481CF0BEFD28461AF0DDF998F8AD
:103D5000041041B93046D8F808309847041E0BDBF0
:103D6000012388F80430D8F8003043F02003C8F865
:103D700000300023C8F80C3028461AF0AFF940B9DB
:103D800024494FF4997224481CF0A5FD4FF4997111
:103D9000D7E787F31188BFF36F8F2046BDE8F08126
:103DA000FFF7E0FC38B94FF0FF324FF0FF3305F179
:103DB00018001DF040F96B692BB918496E6105F1C7
:103DC000400018F06FFA2979C9B9AB68686998475B
:103DD000041E0BDB01232B710023EB60D5E8EF3FC2
:103DE00043F02003C5E8E23F002AF7D1FFF7BAFC11
:103DF0000028D2D105F118001DF01FF9CDE70024ED
:103E0000EAE76FF08504C8E70024C6E76FF00F0407
:103E1000C3E700BFE5E40B00CFD80B00C93B0900A6
:103E2000244BF7B5C01841F100034FF0FF340021D7
:103E3000214A156845B1D2E90265864275EB030750
:103E4000BEBF0C4630462B460131052902F118024F
:103E5000EFD11A4A0128546373F100026FF0010296
:103E600022DB6FF00044824274EB0301BCBF1046BA
:103E700023464FF0FF31121A61EB03034FF0FF307E
:103E80004FF0FF31CDE900010C481AF0F3FC0C4B68
:103E90001B7863B10B4B18680B4B19688368DB68A0
:103EA00003B0BDE8F04018474FF0FF33E6E703B03A
:103EB000F0BD00BFB4C40400B8410220804102201C
:103EC000B7630220F4520220F052022010B5406B7A
:103ED000431C05D0182343430949CA18CB582BB9B2
:103EE0001AF0D0FBBDE81040FFF79ABF53691BB131
:103EF000BDE81040116918470120FDF795FF00BF8C
:103F0000B84102201FB5F0B1022242F224718DF8AF
:103F10000C2000228368CDE900210292114A9B689F
:103F2000694610609847104C0028034620600ADA62
:103F30000E480268520703D001210D4A1CF09BFF76
:103F4000206804B010BD00220A490B4824F0D4F8C0
:103F50001AF098FBFFF764FF0122084B00201A704B
:103F6000EFE700BFF4520220F0520220B4210220F9
:103F70005DE80B00CD3E090080410220B8630220BD
:103F800004282DE9F041044624D819F073F91AF0F9
:103F900079FB182247F6122C05460E4640F2E73010
:103FA000002154430D4B4FF47A721F191C59002302
:103FB000E4FB0C01FAF72AFC401946EB0101C7E9C2
:103FC000020128463146FFF72BFF19F0A5F9002022
:103FD000BDE8F0816FF01500FAE700BFB84102209C
:103FE0002DE9F0410E461746054600285AD0EFF35A
:103FF0001188202383F31288BFF36F8F2B481AF0A8
:104000005FF840B92A4984222A481CF064FC8421C4
:1040100027481CF057FC25481AF076F800244FF08A
:10402000180C254B0CFB04F01958C21859BB1D5035
:104030004FF0FF314FF0FF30204DC2E902012B78E5
:104040001761566143B91E4B186828B18368022175
:104050001B68984701232B702046FFF791FF1348F8
:104060001AF03CF840B912494FF4997211481CF00B
:1040700032FC4FF49971CBE788F31188BFF36F8F4F
:104080002046BDE8F0810134052CCBD107481AF059
:1040900025F80028E7D088F31188BFF36F8F6FF001
:1040A0000B04EDE76FF01504EAE700BFF8520220B9
:1040B000E5E40B00CFD80B00B8410220B763022023
:1040C000F452022010B5044623F066FB0349024671
:1040D00020461DF04DF9002010BD00BF9FE80B00E9
:1040E00037B513460022044601920A21586801AAF6
:1040F00002F0FEF8019D95B947F6122C20EAE07413
:10410000294640F2E7304FF47A720023E4FB0C01B9
:10411000FAF77CFB19F0CAFA284603B030BD2A46EC
:10412000204602491DF040F9019DF5E7CBE80B0060
:1041300008B5034A03491DF01BF9002008BD00BF64
:10414000B8E90B00BEE90B00F7B51746002305469A
:104150000A2101AAB868019302F0CAF81749C6B249
:1041600028461DF013F9019C44B122462846144903
:104170001DF01AF9019C204603B0F0BD042E09D9A8
:10418000324628460F491DF00FF928461DF01AF94E
:104190000124F0E77868FEF7ABFE021E07DA284636
:1041A0007A6809491DF000F96FF01504E3E733461A
:1041B0002146204612B21CF0D5FDDCE7E1E90B00F8
:1041C00047EA0B006EEA0B0085EA0B00002307B5F7
:1041D0000090694604488DF8043023F024FF9DF8D0
:1041E000040003B05DF804FB7D100B0070B50446BD
:1041F0001AF00CFA064613F00DFF054630461AF089
:1042000025FA2A46204606491DF0B2F820460549FF
:104210001DF0AEF82146044823F008FF002070BDD1
:1042200010EB0B002FEB0B002D42090070B58EB088
:1042300004460D46D0F8A46023F06DFE0346294ADB
:10424000127852B92849294840F246321CF043FB03
:1042500040F2463124481CF035FB03F013FB244A9E
:104260001158244A2448002B08BF1346234A0093C0
:104270008C4218BF02462346284621491DF078F893
:10428000D4E90A23CDE90023284694F90E30A28907
:104290001C491DF06DF806A92022204618F018FAD6
:1042A000E36E0246184928461DF062F8204605A92B
:1042B00023F03FFE024628B1284614491DF058F865
:1042C0000EB070BD6422059B2846F11A4A43B2FB2A
:1042D000F6F20091CDE901620D4932461DF048F831
:1042E000EEE700BFEE7902203ADA0B00CFD80B00E0
:1042F0000800000039EB0B00C4E70B0033030C008F
:104300003CEB0B0048EB0B0074EB0B008BEB0B0052
:10431000B8EB0B0070B5054690B008AE2022002126
:10432000304623F0A2FF1A222021304623F09DFFC1
:104330002946154823F07AFE4FF40061134807AA76
:1043400023F0EBFD044640B11149124850221CF005
:10435000C2FA50210E481CF0B5FA6423079A009661
:10436000C2F500614B43DB0A05934FF40063CDE9CE
:104370000313CDE9013208490346044A28461CF0DC
:10438000F7FF204610B070BD9D430900F0C6022023
:1043900004EC0B00CFD80B004BEC0B0070B50446BF
:1043A0000D46D0F8A46088B007A923F0C2FD0246EC
:1043B00028B128460E491CF0DBFF08B070BD20462E
:1043C00023F0A9FD6422079B0096F11A4A43B2FB31
:1043D000F6F2CDE90131074BCDE90362002818BFA1
:1043E00003462246284604491CF0C2FFE5E700BF09
:1043F0008BEB0B0039EB0B0094EC0B0038B513463C
:1044000005461022002158681AF04AFE0446FFF7BC
:10441000DDFE38B92246284614491CF0C5FF6FF06E
:10442000150038BD124B1B7853B91249124840F29F
:1044300046321CF050FA40F246310E481CF042FA67
:1044400003F020FA0D4B1B589C4204D128460C491E
:104450001CF0AAFFE3E7204618F002FC284622469B
:1044600008491CF085FF0020DBE700BFF8EC0B00DB
:10447000EE7902203ADA0B00CFD80B0008000000DA
:1044800013ED0B003BED0B0038B51346054610222B
:10449000002158681AF004FE0446FFF797FE38B969
:1044A0002246284614491CF07FFF6FF0150038BDE6
:1044B000124B1B7853B91249124840F246321CF095
:1044C0000AFA40F246310E481CF0FCF903F0DAF922
:1044D0000D4B1B589C4204D128460C491CF064FF2C
:1044E000E3E7204618F0A0FC2846224608491CF0C5
:1044F0003FFF0020DBE700BFF8EC0B00EE79022065
:104500003ADA0B00CFD80B000800000072ED0B0068
:1045100098ED0B0038B51346054610220021586867
:104520001AF0BEFD0446FFF751FE38B92246284670
:1045300014491CF039FF6FF0150038BD124B1B7881
:1045400053B91249124840F246321CF0C4F940F205
:1045500046310E481CF0B6F903F094F90D4B1B5888
:104560009C4204D128460C491CF01EFFE3E720467C
:1045700003F018F92846224608491CF0F9FE0020ED
:10458000DBE700BFF8EC0B00EE7902203ADA0B0013
:10459000CFD80B0008000000D3ED0B00F8ED0B00A6
:1045A00010B50C4600211DF007F900B1006800238A
:1045B000024A2060C4E90123E36010BDC9EF0B008B
:1045C00010B50C4600211DF0FBF800B10068002377
:1045D000024A2060C4E90123E36010BDC9EF0B006B
:1045E00073B505461646506816F0C6F8044640B93D
:1045F0002846726816491CF0D7FE6FF0120002B010
:1046000070BD1CF022FD38B92846726811491CF0B3
:10461000CBFE6FF08500F2E720460DF107011CF09C
:104620009FFC9DF8072073684AB9284608210A4A6A
:104630001CF083FE2046FFF7B9F80020DFE728468C
:104640000821064A1CF079FE2046FFF7F7F8F4E748
:1046500030EE0B0045EE0B0079EE0B0094EE0B00F4
:1046600010B5034600680C46114608B1027822B91D
:104670002046024A1AF076FC204610BDAFEE0B0031
:1046800010B50C68D1E90112FFF7EAFF08210346D3
:10469000024A20461CF051FE002010BDB4EE0B0073
:1046A00070B505460C4623F0F0FA68B9D4E901125A
:1046B00028462668FFF7D4FF0449024630461CF01E
:1046C00073FE6FF0150070BD0020FCE7C4EE0B0018
:1046D0002DE9F04F93B0044602A88846914616F0A3
:1046E0003FF82823029F082103FB00773C4A20461D
:1046F0001CF023FE029DBD4203D3002013B0BDE891
:10470000F08F0DF1180A302251462846FFF7A8FF16
:10471000B8F1020F064606D1D9F8041023F02CFE9A
:1047200008B92835E7E73346082120462D4A1CF012
:1047300004FE284623F0A9FA00283ED0002328468C
:1047400003A98DF80C301CF00BFC002833D19DF828
:104750000C00FEF7B5FF064628461CF07CFC00283E
:104760002DDB00903346082120461F4A1CF0E5FD52
:10477000302328461D4903AA0593CDE9034A23F0B7
:104780008FFA6B6A002BCCD01E68002EC9D033681C
:10479000002BC6D008212046154A1CF0CEFDB3469A
:1047A0004FF0000A3368534510D808212046114ABB
:1047B0001CF0C3FDB5E7104ECEE7104ECCE73346F4
:1047C000082120460E4A1CF0B8FDD1E708212046FA
:1047D0005BF8043F0B4A1CF0B0FD0AF1010AE1E767
:1047E000F9EE0B0003EF0B0008EF0B008146090008
:1047F00019EF0B00EDEB0B00EAEE0B00F0EE0B00F7
:10480000F5290C0004EF0B00F0B5054691B0506897
:1048100016461CF0D9FF074648B928467268164963
:104820001CF0C2FD6FF01204204611B0F0BD23F061
:104830002CFA30B17268114928461CF08BFD002417
:10484000F2E704AB0293302338460D4901AA0195E3
:10485000039323F025FA041EE6DB384623F00CFA16
:104860007268044628B10346064928461CF09CFDA0
:10487000DAE70549E0E700BF30EE0B002BEF0B0055
:10488000A14609004DEF0B007AEF0B00F7B5137846
:1048900006463A2B0F46154614D1541C23783A2B62
:1048A00028D101340A22204601A91AF085FB019A79
:1048B0000346A242386017D01078A8B93C2B15D90E
:1048C00015490EE00A22284601A91AF075FB019C41
:1048D000B860AC4208D023783A2B05D1172807D905
:1048E0000E4930461CF060FD6FF0150003B0F0BDBE
:1048F0000134D3E70A22204601A91AF05DFB019B8F
:104900007860A342F0D01A783A2AEDD13B2801D939
:104910000349E6E75C1CC5E75CF00B003EF00B00CA
:104920004CF00B002DE9F0410D4694B006A9044669
:1049300001201746FCF75CFF0BA906A81AF066FADF
:10494000032D55D17D680A22284605A91AF034FBAB
:10495000059E8046B54215D032782D2A12D10136F7
:104960000A22304605A91AF027FB059B9E4209D072
:104970001A782D2A06D1451E0B2D0CD92E4920461A
:104980001CF012FD20461CF01DFD6FF01505284699
:1049900014B0BDE8F0815E1C0A22304605A91AF069
:1049A0000BFB059B9E42EDD01B78002BEAD1431EEA
:1049B0001E2B01D92149E2E7A8F26C73CDE90F5310
:1049C000BA680E9020460BA9FFF760FF0028D9D1E6
:1049D0000BA8FDF7B3FAB1F1FF3F08BFB0F1FF3FFD
:1049E000CDE9060108D1204615491CF0DDFCCCE7D5
:1049F000022DC7D17A68E5E700230893012006A9B4
:104A0000FCF73CFF054628B102460E4920461CF043
:104A1000CBFCBAE70B9B109A03930C9B20460293A6
:104A20000D9B094901930E9B02F26C7200930F9B40
:104A300001331CF09DFCAAE76CF00B007BF00B002F
:104A400088F00B00B1F00B00C8F00B0010B5044665
:104A500092B004A90120FCF7CBFE09A904A81AF022
:104A6000D5F9099B0E9A03930A9B204602930B9B50
:104A7000064901930C9B02F26C7200930D9B01336B
:104A80001CF076FC002012B010BD00BFC8F00B0077
:104A90002DE9F0411446884607461022002160683F
:104AA0001AF0FEFAB8F1020F06461CD90A220021BC
:104AB000A0681AF0F5FAC5B22A4638461E491CF01D
:104AC00057FCB8F1030F1DD8102D0ED0202D0FD09C
:104AD000082D0FD13278D2B20023384617491CF086
:104AE00047FC00200CE02025E6E7328892B2F3E78D
:104AF0003268F1E7384612491CF03AFC6FF01500B5
:104B0000BDE8F0811022E06800211AF02FFB0B466F
:104B1000024604460B4938461CF02AFC102D06D0EC
:104B2000202D07D0082DE5D1E4B23470D9E7A4B226
:104B30003480D6E73460D4E717F10B0042F10B0064
:104B40002CF10B0055F10B0000232DE9F0479146A5
:104B50004FF0FF35012286B00193514B074688463E
:104B60001A602026FDF754FA2C46494640464D4A25
:104B7000FDF772FA431C06D1691C41D14A493846F7
:104B80001CF012FC17E073281AD0772828D061286F
:104B900011D1DFF818A11021DAF8000001AA01F004
:104BA000A7FB019B0546002BDFD0DAF80020404927
:104BB00038461CF0F9FB6FF0150006B0BDE8F08731
:104BC000DFF8E8A00021DAF8000001AA01F090FB6C
:104BD000019B0446002BC8D0DAF800203549E7E7EE
:104BE000DFF8C8A00021DAF8000001AA01F080FB7C
:104BF000019B0646002BB8D0DAF800202E49D7E7F3
:104C0000621C01D12D49BAE75FFA86F8A8F10803C2
:104C1000DBB2182BC6F3C40604D8294A22FA03F3E0
:104C2000DB0723D44246384626491CF0A1FBC2E7E5
:104C3000B8F1100F21D0B8F1200F24D0B8F1080F2F
:104C400001D10A781A70314433444218102AEFD93E
:104C5000102CA14628BF4FF0100929464B46384674
:104C600002AA01F051F91035A4EB0904B4B1A6422F
:104C7000EED8294602AB701BE7E70A8892B21A7099
:104C8000120A5A70DFE70A68C2F3072C1A70120C76
:104C90009A70120A83F801C0DA70D4E720468CE7D4
:104CA0008C1D0220A5F10B00ACF10B00C0520220BC
:104CB0006BF10B007EF10B0091F10B00C9F10B00C1
:104CC00001010001E3F10B0070B50E4E04460D46E4
:104CD000337829B123B10C49BDE870401CF064BBA6
:104CE00083F0010333702BB1204608491CF040FBD0
:104CF0000123337029462046BDE87040002201F0B0
:104D000059BA00BFB9630220FDF10B0038F20B0065
:104D10002DE9F04105460C46DFF8EC803B4E8F183C
:104D2000A74201D1BDE8F08198F8002014F8013BBA
:104D3000182A22D1112B20D10026354C2846226872
:104D4000344988F800601CF013FB28463146FFF711
:104D5000BBFF314B18780028E4D1304A2368116832
:104D6000042B2EDC08B12360116013F003012FD156
:104D7000126813681BBA1360D4E7A3F13002092A42
:104D800088F8003004D923F02002413A052A04D8DB
:104D90003168234A5354013131603368022BBFD14B
:104DA000102200211E481AF07BF91E4A136803F8EE
:104DB000010B1360164A136801331360002333603C
:104DC000AEE70868043B00BA41F8040B0120C7E7CE
:104DD0005B4203F0030358BF5942022904D1126811
:104DE00013885BBA9BB2C6E703299BD1106802689F
:104DF0001104C2F3074301F47F010B4302F47F4225
:104E0000134303608EE700BFBA630220FC52022006
:104E10000053022062F20B00BB6302200453022005
:104E2000BC630220085302202DE9F843002380468A
:104E300017460D462549264E0B60264933700B60F8
:104E4000012DB94657F8044F1DD9022220462249A8
:104E500023F04BFA70B9A378003B18BF01231C4420
:104E6000022220461D4923F040FA28B9012333705D
:104E7000013DE5E70023F2E720461749F9F7E0FC9A
:104E8000C0B909F104090022D9F8040011461AF04A
:104E900007F90022124B11461860D9F804001AF0E5
:104EA000FFF8104B104918604046FFF70DFF002037
:104EB000BDE8F88323782D2BE5D16378002BE2D071
:104EC0002246404609491CF053FAD1E7FC52022021
:104ED000BB630220005302207CF20B007FF20B0028
:104EE0000853022004530220114D090082F20B00E6
:104EF00008B502491CF03CFA002008BDE9F30B009C
:104F000008B502491CF034FA002008BDF7F30B0085
:104F100008B502491CF02CFA002008BD04F40B006F
:104F200007B5094822F0B1FE58B104233A22009394
:104F300005490123054801F0ADF8002003B05DF8F4
:104F400004FB6FF01200F9E7C48A0B00EC9A0B0027
:104F50002DE9F3414468884604F1280601A930464A
:104F60001F4622F065F9054602460199404623F0A6
:104F700056F92946304612F0F9FA3D60636C83B366
:104F800078B3304622F033F994F83460054650B9CE
:104F90001649174840F2D9121BF09DFC40F2D91176
:104FA00012481BF08FFC04F14403D3E8EF1F0139D2
:104FB000C3E8E21F002AF8D12068324683682946F8
:104FC0001B69984700280CDA10F10D0F0AD1002355
:104FD0002068636483683246DC68294642F21073B5
:104FE000A047002002B0BDE8F08100BFFDF40B0037
:104FF000CFD80B0070B5044608466168C1E90002CD
:105000008B60FEF71BFC00284ADB6468264604F12F
:10501000480356F8285BA3634FF48273E3630423C9
:1050200084F840300021012204F1100022F0F6FE45
:10503000304604F1380112F0D3FA40B11949FB228D
:1050400019481BF048FCFB2116481BF03BFC30467E
:1050500022F0CDF8AB6806461B6843B9114940F20F
:10506000011211481BF037FC40F20111ECE7224617
:1050700028460E4998470028F0D194F83420AB68B0
:105080003146DC68284642F21073A04740B105491A
:1050900040F2051204481BF01EFC40F20511D3E754
:1050A00070BD00BFFDF40B00CFD80B002B110B001F
:1050B00010B504468168183101F086FCA1682046CD
:1050C000BDE81040014A183101F01EBC60F50B002C
:1050D00008B5094B1B7853B90849094840F24632D4
:1050E0001BF0F9FB40F2463104481BF0EBFB02F0E9
:1050F000C9FB044B185808BDEE7902203ADA0B00C0
:10510000CFD80B000800000038B5044650B91D493F
:1051100040F221521C481BF0DEFB40F2215119489D
:105120001BF0D0FB83680BB1426842B9154940F2CD
:10513000225215481BF0CFFB40F22251EFE7D3F883
:105140008032DB051BD4C0691CF028FE6068036850
:105150005B689847054620B9E0681CF0F8FFA36833
:105160001D75A3685B6C13B1294620469847002241
:10517000A368C3F8AC22FFF7ABFF02F013FB6FF09C
:105180000F05EEE76EF50B00CFD80B0001491CF0C0
:105190002FB800BFEDEB0B002DE9F04FA5B0044692
:1051A000542200210FA823F060F800230493A36881
:1051B00020465C3302931CF023FC20461CF066FB67
:1051C00010B96069FFF7E2FF00274FF0FF38BA46D9
:1051D0003D463E46B946A06814220021183023F00F
:1051E00044F820461CF0ADFAA168E068B1F85420FC
:1051F0005C311CF071FF0DF13C0B0397049B012BFC
:1052000005D0142D00F0D480B8F1000F1AD1B9F1F7
:10521000000F0AD099F81130FE2B06D124AB03EB16
:10522000850353F8543C03B10135A068436A002B51
:1052300040F08A80CFB1C3699F422BD00B9700F119
:10524000180522E059460223029A04A81CF07CF9B2
:105250005BF8042F04990346029231B101290AD167
:1052600048B1574A204601F08BF96FF007052846F0
:1052700025B0BDE8F08FC5B15BF8040C01F0D4FB9C
:1052800098B167B1A5680B9718350AAE0FCE0FC558
:1052900033682B602046FFF70BFF0125E7E701216C
:1052A0002046484A01F06CF9DFE7039B33B94846D2
:1052B0005BF8041C05AA1CF0F7F9064608F1FF3854
:1052C0003EB3F368ABB1B646A36803F1180CBEE871
:1052D0000F00ACE80F00DEF80030CCF80030B36807
:1052E00033B9737CFE2B04BF96F8108008F1FF38A9
:1052F000AA46D6F804C0BCF1000F08D0B6460AAFE3
:10530000BEE80F000FC7DEF800303B606746B146CD
:1053100002E055B101230393B8F1000F03D1049BC0
:10532000022B7FF46BAF013568E7A368DB6A13B12A
:10533000DB68002BEED1244B0121009320460F9B0C
:10534000224A01F01DF9E5E790F82830A5EB0A059F
:10535000BBB14FF6FF7290F82910FF2918BF0A461B
:105360009D4202D313449D420BD9836901212046FB
:10537000174A01F005F92046FFF79AFE6FF0150570
:1053800075E701211BF053FFA0681BF044FFA368E1
:105390000FAA29465B6A02EB8A0220469847054617
:1053A000A0681BF03CFF0021A0681BF040FF5EE7F7
:1053B000022B7FF42CAF0121064B074A52E700BFB6
:1053C00096F50B00AAF50B00C8F50B00E31A0C00CC
:1053D00000F60B00DCF50B00C32A0C00F7B5044601
:1053E00080680D46817D002949D1D0F880325A0568
:1053F00004D51BF027FFE0681CF040FEE368DB6883
:1054000073B9002D3BD0A66806F15C0738461BF047
:10541000FCFE002835D0394606F5AE70F9F71AFAC9
:10542000A2682946E0680DF106035C321CF029FEF3
:1054300058B9A06800F5AE715C30F9F70BFAA068B6
:105440005C301BF0E2FEADF8060020461CF0D1FAFD
:10545000A368D3F87C329B0603D50B4960691BF027
:10546000C7FE204600F0AAFFA268BDF8063020461D
:10547000A2F85630A268A2F854301CF01EFA03B00D
:10548000F0BD86F85C01CBE7889F0B00022210B5C7
:10549000836804461A7583689B6CBBB91BF087FE52
:1054A0008368D3F88032DB040BD50321084B094A0B
:1054B00001F066F8A0686FF4805100F520701BF0D1
:1054C0008CFE2046BDE8104001F0B6B910BD00BF0B
:1054D0001BF60B0005EF0B0000232DE9F04F0446EF
:1054E000B1B00993A36860689E6C026815691EB329
:1054F000DF6C102209AB1BA9A847099BCBB1012186
:10550000A0681BF094FEA0681BF085FE3B46099A3C
:105510001BA92046B047A0681BF081FE0021A068AF
:105520001BF085FEA3689B6C002BDBD12046FFF7A8
:10553000ADFF31B0BDE8F08F09AB01220DF12301C1
:10554000A847099B002BF4D09DF923109DF8233028
:105550000029A268C6DB517D032900F23C83DFE805
:1055600011F00400BD02D4023A030D2B43D00A2BE4
:1055700041D0B2F88012092B21F0FF01A2F880126D
:105580006DD028D8002B00F0EB80082B00F00E82A5
:10559000A268D2F87C12890740F1E280013B162B09
:1055A00000F2DE80DFE813F00003210230021D026A
:1055B000FA024902DC00DC00DC00DC004D02510292
:1055C000DC006602DC006B02DC00DC00DC006D024B
:1055D0007D02DC0092021B2B3DD07F2B00F0F3817B
:1055E000A3F120025E2AD3D80121A0681BF02AFE75
:1055F0009DF82310ECE0D2F88012C9B221B1D2F8A4
:105600008012C9B28B42C3D1B2F8801263F3070192
:10561000A2F88012A568AB7D012B06D16069FFF767
:10562000B5FD0222A3689A7583E7B5F8541061B9F5
:1056300028461BF007FEE0681CF020FD6069FFF7BC
:10564000A5FD2046FFF722FF4CE72046FFF7A4FD0B
:10565000C5F8B002F5E70122A3685A7580E0A0689A
:10566000D0F87C329B077BD501211BF0EBFDA068B5
:10567000857D002D74D1B0F85430FF2B70D0B0F878
:10568000562000F15C0100F5AE7022F0C8FDA36861
:105690001BA9B3F856200BA8134483F85C51A268E9
:1056A000142302F5AE721BF04FFF0B99142957D843
:1056B00030AB03EB810343F8545CA368B3F8562086
:1056C000002A00F08A82134493F85B30202B00F00C
:1056D000888221B1093B042B37D9012934D1002517
:1056E0000A950A9B30AA02EB830353F854AC0026B8
:1056F00050461BF08AFDB34681463746B0464146C8
:10570000284616AA00F086FD034668BB012E74D118
:105710000A9B30AA02EB830353F8540C1BF075FD6F
:10572000A268064639462846183200F073FD002864
:1057300032D1B0494FF4BA72AF481BF0CCF84FF4F5
:10574000BA71AC481BF0BEF8013900200CAB0093D5
:1057500001900AAB1BAA1BF0D2FF05460028C0D15E
:1057600060691BF049FEBDE61B684A465146184673
:10577000039322F0BAFD60B9039B1846F9F772F85B
:10578000584538BF5846002E08BF47461FFA80FBD1
:10579000013608F10108B2E7056828461BF035FD1F
:1057A000864205D0821B92B22046A9191CF0D0F97E
:1057B000A068B0F85630034493F85C30202B0BD02F
:1057C000093B042B08D9D0F87C32DF0709D420210B
:1057D000204600F0F9FFC3E7012120461CF0A1F8A4
:1057E000BEE700211BF039FD2021204600F0ECFF30
:1057F0000121A0681BF031FDB2E70490B0D90A9AEC
:1058000030AB03EB820252F8543CB946184603937E
:105810001BF0FBFC049BA2680690A2F840300496A3
:10582000A26849462846183200F0F4FC40B9714994
:1058300040F2BD1270481BF04EF840F2BD1180E7F7
:10584000039BD0F800A0D4F8088009F10109EBB15E
:10585000BAF1000F1DD019465046069A22F045FDB8
:105860000028DDD165481BF0D0FCB8F83A2000EBE9
:105870000B0189B2121A92FBF1F292B28ABB5D4916
:1058800098225D481BF027F898215AE7BAF1000FDB
:10589000E8D10023A8F84030049B013B0493BFD11A
:1058A0006069FFF773FC204600F0C6FF0A9B30AA30
:1058B00002EB830353F8540C1BF0A7FC39468046D7
:1058C00011AA284600F0A6FC07F10109074688BB8B
:1058D000484940F2D91248481AF0FDFF40F2D91168
:1058E0002FE75046079205911BF08FFC0599079A08
:1058F000091A8BB2B8F840100593481CA8F840006C
:10590000B1FBF2F002FB101189B261B90621204609
:105910003A4B3B4ACDF800A000F032FE20460599F4
:1059200000F036FDB8E7534606212046354A00F020
:1059300027FEF3E7A0683968FF2200F5AE7022F079
:10594000E6FC3B684FF6FF77BA4603934946284684
:1059500016AA09F1010B00F05DFCD8B10022A16884
:10596000036801F25B1111F801EF985C704503D1F7
:1059700010B101325245F6D1B8F1000F01D04245C5
:1059800006DBBA42A8BF3A46013E012E97B201D0CB
:10599000D946DBE7002F3FF4E3AE0399A7EB0802FB
:1059A000204692B241441CF0D3F8D9E6A068D0F862
:1059B0007C329E077FF5D4AE01211BF043FC2046CC
:1059C0001CF0E7F8CCE6A068D0F87C329D077FF5A4
:1059D000C7AE01211BF036FCA368D3F87C32180750
:1059E000EDD420461CF0B6F8BAE620461CF011F8BB
:1059F000B6E600BF6EF50B00CFD80B00C3E70B0077
:105A00005FF60B0005EF0B0020461BF0F9FF204668
:105A10001BF03CFF10B96069FFF7B8FB0121A068DB
:105A20001BF010FCA3689A7D012A02D103229A750B
:105A300096E62046FFF72AFD92E620461BF0F2FF8D
:105A40008EE620461BF0F9FF8AE6D2F87C329F06EC
:105A500003D5664960691BF0CBFBA368D3F87C32A1
:105A60009E0603D5624960691BF0C2FB204600F028
:105A7000E3FE75E600212046FFF7B0FC70E6012149
:105A8000F9E7E06983681B79012B02D11CF086F9E4
:105A900066E6022B7FF464AE2146126D1CF067F9B6
:105AA0005EE620461BF0A5FF20461BF080FB01218F
:105AB000A0681BF0C7FBA368D3F87C329D067FF576
:105AC0004FAE4C4960691BF093FB49E6204600F05D
:105AD000A9FD0121A0681BF0B5FB41E65B2B02D1BB
:105AE000022353753CE6D2F87C22900706D5622B40
:105AF00007D14FF0FF3120461BF03CFF0022A36886
:105B0000ABE5662BFAD10121F5E700215175A268BA
:105B1000D2F87C1289077FF5E5AC313B1B2B3FF6B1
:105B20001FAE01A151F823F0A55B0900B15B09008C
:105B3000C55B0900995B09006157090061570900BD
:105B40006157090061570900615709006157090051
:105B50006157090061570900615709006157090041
:105B600061570900615709007F5A0900755A0900F9
:105B70003B5A0900EB590900615709009D5B090078
:105B800061570900A95B09006157090061570900C5
:105B900061570900B55B09000323537520461BF0CC
:105BA0002FFFDDE50323537520461BF022FFD7E5C9
:105BB00003235375A068D0F87C1201F0010181F035
:105BC000010117E603235375A368D3F87C329B07C2
:105BD0007FF5C6AD05E7002383E700297FF47DAD9F
:105BE0007DE500297FF4B1AD79E500BF8D9F0B0005
:105BF000929F0B00889F0B0010B5044650B91649C0
:105C000040F2FA5215481AF066FE40F2FA51124874
:105C10001AF058FE806840B90F4940F2FB520F4815
:105C20001AF059FE40F2FB51F1E74FF4807100F594
:105C300020701BF0C7FAA3681B7D022B02D12046FF
:105C4000FFF74AFCA0686FF48071BDE8104000F5D2
:105C500020701BF0C2BA00BF6EF50B00CFD80B004E
:105C600010B5044650B9244940F2BC5223481AF0FA
:105C700032FE40F2BC5120481AF024FE83681BB16A
:105C800042680AB1026842B91B4940F2BD521B4842
:105C90001AF021FE40F2BD51EDE71A7D012A28D10C
:105CA000D3F88022510408D5D3F87C22520704D4BB
:105CB00001461A6DC0691CF05AF843F609520023D8
:105CC000A0681BF0FEFA10B96FF00F0010BD08219C
:105CD000204600F017FC204600F0C8FD6069FFF781
:105CE00055FA2046FFF7D2FBA0681BF094FA00207B
:105CF000ECE76FF08500E9E76EF50B00CFD80B00FD
:105D0000F7B504468068154600F52070002937D0A5
:105D10004FF480411BF056FAA36800211D656068AE
:105D200003689B68984780BB2046FFF799FF60BBDC
:105D30004FF0FF364FF0FF37A06800F521700022CA
:105D40000721CDE9006722F051FAA0681BF067FA3D
:105D5000042120460E4A1BF0D4FA012120460D4AA8
:105D60001BF0CFFA204602210B4A1BF0CAFA6068EA
:105D700003685B6903B19847A0681BF04CFADBE746
:105D80006FF480411BF029FAC6E703B0F0BD00BFF5
:105D900009510900F95B090079120B002DE9F04166
:105DA0000F4616469846044650B9444940F22262CE
:105DB00043481AF090FD40F2226140481AF082FDFB
:105DC00022F0A0F840B13D4940F223623C481AF06D
:105DD00082FD40F22361F0E7A56845B9374940F2FA
:105DE000246237481AF077FD40F22461E5E7D5F8E0
:105DF00080321B050ED4FFF76BF9D5F8AC32834225
:105E000008D12E4940F225622D481AF064FD40F277
:105E10002561D2E7636943B9284940F227622848DF
:105E20001AF059FD40F22761C7E746B923494FF4FC
:105E3000C56223481AF04FFD4FF4C561BDE72B7DC5
:105E4000022B07D005F520704FF48051BDE8F041DA
:105E50001BF0B8B943F60952002328461BF031FA6B
:105E600048B3A368D3F88022100508D49A6C32B9DD
:105E7000D3F87C32990602D520461BF0ECFD434650
:105E80003246394620461BF004FEA368D3F8802230
:105E9000120508D49A6C32B9D3F87C329B0602D52D
:105EA000204600F0C9FC60691BF0A6FAA068BDE8B6
:105EB000F0411BF0B0B9BDE8F08100BF6EF50B00FA
:105EC000CFD80B0010B504460A491BF051FA204602
:105ED00009491BF04DFA204608491BF049FA2046B3
:105EE00007491BF045FA20460021064A00F00CFD48
:105EF000002010BD65F60B00A3F60B0002F70B00A7
:105F000056F70B00F1F70B00F8B516461F4604468E
:105F100050B92649264840F279621AF0DCFC40F27A
:105F2000796122481AF0CEFC0A4622491BF020FA79
:105F30000025AF420ED92046725D1F491BF018FAAA
:105F40000135102D0BD06A07F3D120461B491BF0F9
:105F50000FFAEEE720461A491BF00AFAF0E720464E
:105F600018491BF005FA0025AF4213D9725D20468F
:105F7000A2F120035F2B28BF2E2213491BF0F8F952
:105F80000135102D0BD06B07EED120460B491BF0CD
:105F9000EFF9E9E7204609491BF0EAF9F0E7204666
:105FA000BDE8F84009491BF0E3B900BF6EF50B00EE
:105FB000CFD80B0007F80B00BCE70B00C4E70B00C1
:105FC000C2E70B00C6E70B005CF80B000EF80B00F5
:105FD0002DE9F0410F4614460646E0B90F49104836
:105FE00040F2A2621AF077FC40F2A2610B481AF06C
:105FF00069FC102CA04628BF4FF010082A46E91B68
:1060000043463046FFF780FFA4EB08044544002CCC
:10601000EFD1BDE8F0810D46F9E700BF6EF50B004A
:10602000CFD80B0070B50D46044650B91749184833
:1060300040F2B4621AF04FFC40F2B46113481AF017
:1060400041FC99B108461BF0E0F843F609520646B8
:106050000023A0681BF035F910B96FF00F0070BD78
:10606000731C142B05D9A0681BF0D5F86FF0150030
:10607000F5E72946A068F8F7EDFBA36883F83C60D4
:10608000A0681BF0C8F80020E9E700BF6EF50B0020
:10609000CFD80B002DE9F041884615461F4604462F
:1060A00088B050B93F4940F28B523F481AF013FC78
:1060B00040F28B513B481AF005FC806818B16368C8
:1060C0000BB1236843B9374940F28C5236481AF075
:1060D00002FC40F28C51EDE7D0F8AC62002E5DD1AD
:1060E000237C013B012B08D92E4940F2EC422E487B
:1060F0001AF0F1FB40F2EC41DCE74FF42D7231462F
:1061000022F0B3F8A06800F5217018F0C5FDA06872
:1061100000F525700122114621F080FEA3694FF49D
:1061200000711E60A06866F3820500F520701BF008
:1061300049F85022A36820465A871822A3681A8774
:106140002168FFF76FFFA3684146C3F87C5260687F
:10615000164A03681D682346A8470546D0B90122A0
:10616000A3681A75D4E90A0100220023CDE90623A9
:106170000E2303930E9B4FF48052CDE901730495D7
:106180000B4B009416F086FBA368C3F8AC02616A5F
:1061900016F08EFA284608B0BDE8F0816FF077055A
:1061A000F8E700BF6EF50B00CFD80B00D5120B003F
:1061B000015D090010B550B90A490B4840F242721E
:1061C0001AF089FB40F2427106481AF07BFB8468A2
:1061D000A1648368DA6419B9BDE810401AF0E7BF1A
:1061E00010BD00BF6EF50B00CFD80B0010B50446F4
:1061F00013460A460146064801F0C6FD23691B798D
:1062000023B12046BDE810401BF0F6B810BD00BF1A
:1062100011140B0038B50B46154648B91A491B4AEC
:10622000521AB3EB920F11D251F82350284638BDC1
:1062300052B91749174840F229121AF04CFB40F2A4
:10624000291113481AF03EFB84680CB90025EDE7CC
:10625000114A94420AD3114A944207D21846294659
:10626000226890472B68002BE0D1EFE70C4A94425C
:1062700002D30C4A944205D3246814225343E518F0
:10628000E358F0E70133F8E71C9B0B00549B0B002D
:106290002AF80B00CFD80B003C9F0B004C9F0B0043
:1062A000549B0B003C9F0B00F7B5054601F0EAFA42
:1062B000002306460D4F1446C3510A46284601A93D
:1062C00018F07AFEF359222B05D16FF0210300203C
:1062D000236003B0F0BD2BB9019BAB4202D01B7809
:1062E000002BF6D06FF01503F1E700BF0C000000A3
:1062F000F7B5037804462D2B154605D16FF015032D
:1063000000202B6003B0F0BD01F0BCFA002306466C
:106310000A4F0A46C35101A9204618F0C1FEF3599D
:10632000222B02D16FF02103EAE7002BE6D1019B7B
:10633000A342E3D01B78002BE4D0DFE70C00000081
:106340008368D3F87C329B0603D5024940691BF071
:106350007EBA7047989F0B0001491BF078BA00BFC6
:10636000EDEB0B000A1E0DDC0ED042238168D1F844
:106370007C12890608D5002A04494069B8BF5242F8
:106380001BF065BA4123F1E7704700BF58F80B00D6
:106390000A1E0DDC0ED044238168D1F87C128906D8
:1063A00008D5002A04494069B8BF52421BF04FBAD1
:1063B0004323F1E7704700BF58F80B002DE9F04781
:1063C0008468054604F15C00F8F74CFA0022914617
:1063D00094F83C8087B2668FA6EB0806BE4209DBC4
:1063E000002F21DD5C32686922441049BDE8F04786
:1063F0001BF02DBA1644344494F85CA084F85C90E9
:10640000AB685C321A440A4968691BF020FAAB6831
:106410003246334483F85CA0AC68638FA3EB080377
:10642000FF1A4FF00008D6E7BDE8F08705EF0B0034
:10643000C32A0C002DE9FF4788461446054608B1DB
:10644000002950D12D4940F2C7122D481AF043FAC5
:1064500040F2C71129481AF035FA039AA24208D926
:1064600026494FF4E97226481AF035FA4FF4E971DB
:10647000F0E79144A41A002A3BD1AB68197D0329A7
:106480000ED0022920D80821CDE9006703F521703C
:1064900021F0ACFEA86800F52170082121F0A2FED1
:1064A00068682246036808EB0901D3F80CA003AB27
:1064B000D0470028D1D0114940F2D11210481AF02B
:1064C0000AFA40F2D111C5E7D3F880229205FBD534
:1064D00003F52073D3E8EF1F21F40071C3E8E21F36
:1064E000002ADDD0F6E74FF000094FF0FF364FF0FD
:1064F000FF37002CD4D104B0BDE8F0875FF80B0063
:10650000CFD80B0008290A4617D8836893F83E10A5
:10651000914212D083F83E208368082AD3F87C3257
:1065200005D0990609D5054940691BF090B99B062D
:1065300003D5034940691BF08AB970478BF80B00FB
:106540009D9F0B0038B50D4609780446FFF7DAFF2A
:106550006A78072A11D8A36893F83F1091420CD0AB
:1065600083F83F20A368D3F87C329B0605D5606989
:106570000249BDE838401BF06AB938BD94F80B00F9
:106580000CB473B5069E0D46044650B923494FF42A
:106590000C7223481AF09FF94FF40C711F481AF03F
:1065A00091F9836843B91D4940F231221C481AF021
:1065B00092F940F23121F1E7426942B9174940F2BC
:1065C000322217481AF087F940F23221E6E746B93D
:1065D000124940F2332212481AF07DF940F2332179
:1065E000DCE7D3F880329B040BD421F08BFC40B164
:1065F0000A494FF40D720A481AF06DF94FF40D7103
:10660000CCE707AB32462946204601931BF041FAFE
:1066100002B0BDE8704002B0704700BF5FF80B00E9
:10662000CFD80B00F8B583680446B3F85420002A8D
:1066300055D0B3F85610002951D05B3103F15C05F9
:106640000B441846A84206D3014611F80169202ED2
:106650003CD0A8423CD286B29DB2AB1B9BB2591C27
:10666000471CD21A0144384621F0E6FDA268711B8E
:10667000B2F85430204613FA81F3A2F85430A368DC
:1066800009B2B3F854201344002283F85C201BF0B5
:1066900048F9A368D3F87C329A0603D5104960699B
:1066A0001BF0D5F83B46082120460E4AFFF768FF4D
:1066B0002046FFF745FEA368D3F87C329B060ED533
:1066C00060690949BDE8F8401BF0C1B80846B9E760
:1066D000014611F80169202EBDD00846B9E7F8BD82
:1066E000A29F0B0005EF0B00A69F0B002DE9F047C2
:1066F00004460F4690460AB1FFF722FEA668D6F878
:106700007C32B6F856505B0723D505F15C00304467
:10671000F8F7A8F80546B5B9A368B3F85420A3F86C
:106720005620A0681BF0A0F830B1B8F1000F00D0DF
:1067300017B16069FFF710FE79422046BDE8F047C7
:1067400009B21BF0EEB81D4960691BF080F8013DED
:10675000E1E73046F8F786F8B6F85490738F19FAE7
:1067600080F915FA80F0B0FBF3F2B9FBF3F39A422B
:10677000AA461AD04845A368CEDA5A8F451CB0FB0A
:10678000F2F302FB130313B96069FFF7E5FDA36899
:1067900020465344082193F85C30094A0AF1010667
:1067A000FFF7EEFEB2462846E4E75C3508212046B6
:1067B000044A7319FFF7E4FEAEE700BF33030C0091
:1067C0005CF80B0005EF0B0013B583688DF807101C
:1067D000D3F87C220446D00725D5B3F85610B3F879
:1067E00054208A421FD0481C9DF80720A3F8560069
:1067F0000B4483F85C20A368D3F87C12890710D57A
:10680000D3F87C32606913F0040F18BF2A220949BB
:106810001BF01DF820461BF039F810B16069FFF736
:106820009BFD02B010BD012220460DF107011BF0B7
:1068300055F9F6E75CF80B0010B5836804469A7DBD
:106840001AB90221084AFFF79BFEA368D3F87C32ED
:106850009B0707D52046FFF7B1FD2046BDE8104055
:106860001BF03AB810BD00BF05EF0B0070B5044631
:1068700092B050B90E490F484FF410721AF02BF82D
:106880004FF410710A481AF01DF800234FF47A757E
:10689000019360684022036802A91E6901ABB047FA
:1068A000019B13B108B9013DF3D112B070BD00BF17
:1068B0005FF80B00CFD80B0001491BF0EBBA00BF0B
:1068C000EDEB0B00F8B50F465168054616461C4621
:1068D00011B11A461BF0EBFAB3688BB1214628467A
:1068E000FFF756FD0821074A3B462846FFF748FEBA
:1068F000B168E21D21B12846BDE8F8401BF0D7BAC7
:10690000F8BD00BF9DF80B002DE9F0430E460021B5
:10691000044617460D4689B0304603AA01F1010826
:10692000FFF778FC88B96DB127B13A4608212046B7
:10693000FFF726FE0021304603AA01F10108FFF708
:1069400069FC60B909B0BDE8F083006810B1F7F7E1
:1069500089FF80B2854238BF05464146DCE7D0F862
:106960000090B9F1000F0FD099F8003063B147687B
:1069700008212046CDE90059104B114AFFF700FECF
:1069800027B96069FFF798FF4146D4E70B4B2046D3
:1069900008210C4AFFF7F4FD38461BF069FAAB1DDD
:1069A0009BB228B13A4649462046FFF78BFFEBE7FA
:1069B0001A46394620461BF07AFAE5E7CE600C000D
:1069C000A8F80B00B7E70B00F7B50F6805460E46B1
:1069D000D7B13846F7F746FF84B2114B0821284655
:1069E0000093104A3B46FFF7CBFD716808461BF049
:1069F0003FFAE31C9BB248B10A462846316803B00F
:106A0000BDE8F040FFF75EBF3C46E6E731B11A460D
:106A1000284603B0BDE8F0401BF049BA03B0F0BD12
:106A2000CA600C0060F60B0010B507490446F7F782
:106A300007FF38B120460549F7F702FFB0FA80F0AA
:106A4000400910BD0120FCE7AFF80B00B2F80B00C5
:106A500010B583680446D3F87C329B0603D50649FB
:106A600040691BF090FA5022A36800205A87182230
:106A7000A3681A8710BD00BFAA9F0B0008B58369E1
:106A800002491A681AF074FC002008BDB9F80B001E
:106A900008B50249FFF7C6FA002008BDEEEB0B006F
:106AA00037B504460025A2680DF106030121E06810
:106AB00002F5AE721BF0E5FABDF80600A36840B11E
:106AC0002A462046054903F5AE731AF051FC0135FC
:106AD000E9E783F85C0103B030BD00BFC9F80B00E3
:106AE00010B504461AF080FC0349024620461AF00D
:106AF0003FFC002010BD00BFEE270C00022907B5A7
:106B00000BD153680C49009312680C4B1AF04CFCE3
:106B10006FF0150003B05DF804FB8368084AD3F8F2
:106B20007C32084913F0020F074B18BF1A461AF0BF
:106B30001FFC0020EEE700BFE8F80B00D3F80B00C5
:106B4000F9E70B00F1F80B00BFF40B00F7B51149A2
:106B500005461AF00DFC00220F4C104FBC4213D911
:106B60000F491048E62219F0B6FEE6210C4819F04C
:106B7000A9FE636A92B20093A36828460A491AF0F4
:106B8000F7FB30343246E9E702F10106F1D3002089
:106B900003B0F0BD02F90B00EC9A0B001C9B0B003C
:106BA0002BF90B00CFD80B001AF90B0010B5836836
:106BB0000446D3F87C329A0603D5074940691BF096
:106BC000E2F9A368D3F87C329B0603D503496069D8
:106BD0001BF0D9F9002010BDB19F0B00B69F0B0030
:106BE000F0B50129044685B00BD053685C49009389
:106BF00012685C4B1AF0D8FB6FF01505284605B0FB
:106C0000F0BD8368D3F87C329A0603D556494069B3
:106C10001BF0B9F900256FF0F9012046FFF7A2FB40
:106C2000FA212046FFF7B4FBA0684FF48072294692
:106C300000F5AE708DF80B5021F017FB4B496069E1
:106C40001BF0A1F960691AF0D7FB4FF47A766068FF
:106C5000012203680DF10B011F6903ABB847039BC9
:106C600053B9013E4FF47A70B6B221F001F8002E0C
:106C7000EDD16FF0850535E09DF80B20A3681B2A48
:106C800061D093F85C111B29E1D1522A5BD15A19CA
:106C9000002382F85C31A66896F85D215B2A39D121
:106CA000022006F25D1515F8011F02463B2900F18E
:106CB000010080B231D1FF2ADBD002F5AE7216FAA4
:106CC00082F1002211F8015F002D30D1FA2A28BF8D
:106CD000FA22FA2B28BFFA2386F85C51A1684A876A
:106CE000A2681387A368D3F87C329B0603D520499A
:106CF00060691BF048F9002D80D05022A36820461F
:106D00005A871822A3681B491A871AF03FFB6FF0B5
:106D1000070573E786F85C31ABE703EB8303303993
:106D200001EB4301B0F5807F8BB2BCD1A1E701300C
:106D300002EB820280B2303D05EB4205B0F5807F68
:106D4000AAB2BFD195E72B440135ADB2092D83F826
:106D50005C217FF67CAF0022A36883F85C2188E782
:106D6000E8F80B00D3F80B00BC9F0B00D1600C00BF
:106D7000C09F0B0058F90B0008B5054819F095FDA8
:106D8000044819F092FD044819F08FFD002008BD59
:106D90004FFE0B0094FE0B00C8FE0B0008B5034825
:106DA000034A0021121A1BF0E7F908BD482502200A
:106DB000F0790220074808B5074A0849121A1BF063
:106DC000DDF9BDE808400648064A0749121A1BF0DB
:106DD000D5B900BF00000220422502203C610C0012
:106DE00000000220000002203C610C002DE9F84365
:106DF00005460C4600AF002948D0DFF8B890D9F816
:106E000000305A0742D0D1E900016E468AB06A4686
:106E1000A3684FF00508DFF8A0C0CDE90713CDE95E
:106E200005C042F8108F00234FF421514846FCF76B
:106E30004DF9D9F80030B5465B0727D0D4E90301F6
:106E40008AB06A466369DFF874C0CDE90713CDE9FB
:106E500005C042F8108F002348464FF42151FCF73B
:106E600035F9D9F80030B54658070FD0E36901214C
:106E70004846134A19F0FFFFD9F80030590705D0EA
:106E8000A369012148460F4A19F0F5FF012D0AD1E7
:106E9000EFF3058307480268520704D00A4A2946DF
:106EA000103B19F0E8FF2146284613F0ABFCBD4625
:106EB000BDE8F88390210220F5FE0B0024FF0B00B3
:106EC00053FF0B0062FF0B0090FF0B0030BFFFF77A
:106ED000FDBF00BF2DE9F04105460B4EDFF82C80C9
:106EE000324606EB0807CC1B2046094921F097F9EA
:106EF000A01942460021083C21F0B7F9C5F8B0407E
:106F000007F10800BDE8F081000000000800000063
:106F10004C9F0B0010B5334C2368580703D03249FF
:106F200020461BF038F9314B9B6A990157D52368ED
:106F30005A0703D02E492B481BF02DF91E202B4B4E
:106F40009B6ADB0107D52368580703D029492548E8
:106F50001BF021F91F20254B9B6AD90207D5236816
:106F60005A0703D024491F481BF015F902201F4B74
:106F70009B6A1B0307D52368580703D01F4919488C
:106F80001BF009F92120194B9B6A590307D5236887
:106F90005A0703D01A4913481BF0FDF82220134B5F
:106FA0009B6A9B0307D52368590703D015490D48F1
:106FB0001BF0F1F823200D4B9B6ADA0307D52368F9
:106FC0005B0703D0104907481BF0E5F82420074A67
:106FD000936A6FEA03436FEA1343936210BD1D2067
:106FE000ADE700BF90210220A3FF0B0000ED00E001
:106FF000BBFF0B00CEFF0B00E8FF0B0012000C00E4
:1070000030000C0055000C006F000C00F8B53F4C30
:107010000D4623680646590703D03D4920461BF01C
:10702000BAF83C4B9B6ADA065ED523685B0703D04F
:10703000394936481BF0AFF81120364B9B6A1F07C1
:1070400007D52368590703D0344930481BF0A3F80B
:107050001220304FBB6A9A0719D523685B0703D00B
:107060002F492A481BF097F87B6BBA6A17060DD593
:107070002268500704D001212A4A244819F0FBFE57
:1070800026B1244A936A23F0800393621320214B94
:107090009B6AD90707D523685A0703D022491B48A2
:1070A0001BF079F814201B4B9B6A9B0607D52368BD
:1070B0005F0703D01D4915481BF06DF81520154BCF
:1070C0009A6AD60602D49A6A94070FD59B6AD906A3
:1070D0000CD51749174840F22D1219F0FCFB40F26D
:1070E0002D11134819F0EEFB1020A6E7094B9A6A00
:1070F000920642BF5A6A22F400525A629A6A42F0D9
:10710000FF029A6200232B70F8BD00BF902102207D
:107110009A000C0000ED00E0B0000C00E3000C0051
:10712000F6000C000E010C0024010C0043010C00C1
:1071300072010C00CFD80B00F8B5374C0646236817
:107140000D465B0703D0354920461BF024F8344B2D
:107150009B6ADF0451D52368580703D031492E4874
:107160001BF019F817202E4B9B6A190507D52368C9
:107170005A0703D02C4928481BF00DF81820284F37
:10718000BB6A9B0519D52368580703D027492248B5
:107190001BF001F8BB6BBA6A11040DD522685207C7
:1071A00004D00121224A1C4819F065FE26B11C4A70
:1071B000936A23F4004393621920194B9B6A5B0581
:1071C00007D523685F0703D01A4913481AF0E3FF75
:1071D0001A20134B9A6AD60511D52368590703D094
:1071E00015490D481AF0D7FF1B200D4A936A43F446
:1071F0007F43936200232B70F8BD1620B3E79B6A90
:107200009A04F2D523685B0703D00C4902481AF0B0
:10721000C2FF1C20E9E700BF90210220A4010C005E
:1072200000ED00E0BA010C00E3000C00CB010C0003
:10723000E4010C00F9010C0014020C0043010C00E5
:107240002DE9F0478AB08A4B0546D3F804908A4668
:107250001646002300AFC9F3080883F31188BFF373
:107260006F8F02F07F43B3F17F4F0AD0814940F224
:107270001B42814819F02FFB40F21B417D4819F059
:1072800021FB12F00104F1D1510603D432070BD4D3
:1072900001260BE0794803685B0702D078491AF0B1
:1072A0007AFF16F0040601D055460026002DDDD0E9
:1072B0000023FB71A8F10303092B00F2B480DFE87F
:1072C00003F005A6A991B2B2B2B2B2ACDFF8AC81BC
:1072D000D8F80030580703D06A4940461AF05BFFDF
:1072E0000023FB71624BDA6A910708D5D8F80030A9
:1072F0005A073FD0644961481AF04DFF3AE0DA6A14
:10730000002A05DAD8F800305B0733D05F49F2E78E
:10731000DB6A5C0072D5D8F80030580703D05C49AE
:1073200056481AF038FF524BA9695A6942F48072E4
:107330005A61BFF34F8FBFF36F8F31F8022C596939
:1073400021F480715961BFF34F8FBFF36F8F02F447
:107350007F41B1F55F4F2FD1D2B2022A2CD1D8F89C
:107360000030590705D02B6801214A4A434819F0DB
:1073700082FD2C68FB79DBB907F1080205F1200CCE
:10738000134628686968083503C365451A46F7D16E
:107390007B6A002E68D0C3F3080222B96FEA532338
:1073A0006FEA43237B62204607F10801FFF71EFDC9
:1073B0002837BD46BDE8F0879A6AD2B22AB10120CB
:1073C000F91DFFF723FE0446D4E79A6A12F47F4FB3
:1073D00004D00120F91DFFF7AFFEF4E79B6AB3F577
:1073E000803F02D3FFF796FDEDE7224940F2ED2200
:1073F000214819F070FA40F2ED213FE71D494FF4A2
:107400003C721D4819F067FA4FF43C7136E70020D2
:10741000F91DD6E70020F91DDDE7184803685A0773
:10742000A8D01D4968E7154803685B07A2D01B4A2E
:1074300019F4F87FE9468AB0194B08BF13466A462B
:107440001849CDE90513A8F1100307934FF4007311
:10745000ADF82030144B42F8103F00234FF4115187
:10746000FBF734FECD4685E76FF308039AE700BFCC
:1074700000ED00E072010C00CFD80B00902102203B
:107480005A020C007D020C0094020C00B5020C00A4
:10749000C3020C00E2020C00FE020C002C020C00E5
:1074A00041020C0022030C0004000001064B5A6943
:1074B00042F010025A615A6942F480625A615A6974
:1074C00022F008025A61704700ED00E0EFF30880F7
:1074D000EFF3098101B57246FFF7B2FE01BD00BFAF
:1074E000002080F31488BFF36F8F002080F30A8898
:1074F00080F30B88124880F3088811F0CFF8002041
:1075000010490860BFF34F8F00F044F8202080F34B
:1075100011880D484FF0AA014FF400621AF02CFEBA
:1075200009484FF40061401880F30988EFF3148094
:107530000221084380F31488BFF36F8F00F0C6F870
:1075400030F0022094ED00E0F0C60220BFF34F8F30
:107550000549064BCA6802F4E0621343CB60BFF3EF
:107560004F8F00BFFDE700BF00ED00E00400FA050B
:10757000002318460649D1F89020C2F3072293420F
:1075800000DB7047C1F89830C1F8A0000133F6E77E
:1075900000ED00E010B572B6002484F31388FFF705
:1075A000E7FF23464FF0FF300C4A03F1200101337F
:1075B000102B42F82100F8D100234FF0FF30074A8A
:1075C00003F160010133102B42F82100F8D162B6BB
:1075D000BFF34F8FBFF36F8F10BD00BF00E100E01E
:1075E0001EF0040F0CBFEFF30880EFF309808169F0
:1075F00011F8021C0229FFD001B572461AF0C0FD35
:1076000001BD00BF00B2002807DB01234109034A86
:1076100000F01F00834042F82130704700E100E095
:1076200000B200280CDB01220649430900F01F00CC
:107630008240203341F82320BFF34F8FBFF36F8F79
:10764000704700BF00E100E0054B420953F82220DB
:10765000012300F01F0003FA00F01040704700BF44
:1076600000E100E00131072908B508D90D490E48AD
:107670006B2219F030F96B210A4819F023F900B296
:107680000028ACBF00F16040084B4FEA4111C9B27D
:10769000ABBF00F5614000F00F0080F800131954F3
:1076A00008BD00BF35030C00CFD80B0014ED00E07F
:1076B000044B054A23F07F039360BFF34F8FBFF362
:1076C0006F8F704700A0080000ED00E008B5FFF7DD
:1076D000EFFF074AD2F8883023F47003C2F88830ED
:1076E000FFF75CFBFFF766FB00F0AAF813F0EAF97E
:1076F00000ED00E04FF43C41C0F8BC1042F8203CE3
:10770000009B0B4942F81C3C019B21F0010142F80F
:10771000183C029B42F8081C42F8143C4FF080735E
:1077200042F8043C0023203A0265C0F8B4307047A8
:107730004519090000B50E4B15469860D0F8B020E9
:107740000C4B0E461A60D0F8A03083F30B882C4601
:1077500086F309880020044B984720460021002228
:107760000023024C20470000B7210B0045190900F7
:10777000C05D0220705702201022014B1A61704731
:1077800000ED00E0054B5A699B689A421FBF044A0E
:10779000536843F080535360704700BFC05D0220C0
:1077A00000ED00E0084B9B6883420BD1EFF30583AB
:1077B00043B1064B5A6842F080525A605A6A22F42A
:1077C00000425A6215F0ECBFC05D022000ED00E0FF
:1077D00018498A6882F8BDE04FF030001044EFF39A
:1077E000098C80E8F01F202080F31288BFF36F8F90
:1077F000114F4FF000664A698A603E60D2F8B000CF
:107800000E4C206092F9BDE0D2F8B4000023C2F81B
:10781000B43080F3118802F1300090E8F01F8CF34F
:10782000098802F1000004B51AF0BDFCBDE804406F
:1078300070470000C05D022004ED00E07057022098
:107840000023202040F20F1210B5044CE118013340
:10785000934281F80003F9D110BD00BF00E100E0C0
:1078600008B5EFF30583064A103B02EBC30152F85B
:10787000330049688847BDE80840FFF783BF00BF71
:10788000CC8C0B0001480068704700007057022044
:107890001FB50121094B0A4A0A4800F01BF90023D1
:1078A000064A0393084B0121019301A8D31A0293BE
:1078B00000F02AF905B05DF804FB00BF00000420C9
:1078C000000002204CBF0B00482502200A7A0B68FA
:1078D00010B562F304031C46CB68520923F01F0362
:1078E00043EA4203044A43F00103C2F89800C2F895
:1078F0009C40C2F8A03010BD00ED00E010B50C4B6C
:107900000446D3F89030C3F30723013B98420BD9C8
:10791000084803685B0704D001212346064A19F092
:10792000AAFA6FF0150010BDFFF7D0FFFBE700BF0C
:1079300000ED00E04821022070030C002DE9F04F1B
:107940008946144606464FF00008534D85B0C84599
:107950002EDAD6F804A0BAF1000F4BD0BAF11F0FFF
:107960001BD91AF01F0F18D1D6F800B01BF01F0F4B
:1079700013D158461AF042FC07460AEB0B000138B7
:107980001AF03CFC874217D06FF015074348036894
:107990005B070BD0424A3B4605E0404803685A0764
:1079A00004D043463F4A012119F065FA6FF01504EF
:1079B000204605B0BDE8F08F17F1160FE6D0BC42A7
:1079C000E4DDC5F89870D5F89C10C5F89870D5F826
:1079D000A03021F01F0143F01F0BD6E900321A44FA
:1079E000994202F1FF3A1AD1D34507D13146F8B294
:1079F0001AF00DFC08F101080C36A8E73146C5F86D
:107A00009870D5F89C30E0B263F30402C5F89C206E
:107A10001AF0FDFB10F1160FC8D0441CEAE7C5F8B8
:107A20009870D5F8A020013B23F01F0302F01F023D
:107A30001343D3453146E0B2C5F8A030E8D01AF080
:107A4000E6FB10F1160FB1D0C5F89870D5F89C2060
:107A50009DF808300BF1FF3B62F304038DF808300A
:107A6000D5F8A0309DF808205B0863F347128DF825
:107A70000820D6E900321344009323F01F035B442F
:107A8000A3EB0A03013023F01F036946C0B203933E
:107A9000FFF734FFBEE700BF00ED00E04821022001
:107AA000BC030C0096030C000522044BC3F8942081
:107AB000BFF34F8FBFF36F8F704700BF00ED00E043
:107AC000BFF35F8F0022024BC3F89420704700BFC2
:107AD00000ED00E010B5094C2278FFF72FFF207071
:107AE00016300AD10649074840F2891218F0F3FE11
:107AF00040F28911024818F0E5FE10BDDC63022057
:107B0000DF030C00CFD80B002DE9F74F2E4D8A462E
:107B100006464FF00008AB462C4FD04502DB03B0C1
:107B2000BDE8F08FD6F80490B9F1000F47D0316866
:107B3000084601911AF062FB0199044609EB010025
:107B400001381AF05BFB84424FF01402204B10D036
:107B500002FB08F36FF015024BF803201D491E4885
:107B600040F2991218F0B7FE40F29911194818F036
:107B7000A9FE14F1160F2C60F0D01978A142EDDDAA
:107B800002FB08B0C7F89840C7F89840D7F89C4067
:107B900000F10801007B64F304000871D7F8A0002D
:107BA0000C79400860F347140C71D7F89C1021F051
:107BB0001F016960D7F8A01021F01F01296108F1A9
:107BC000010814350C36A8E77457022000ED00E0D8
:107BD000DC630220DF030C00CFD80B002DE9F0415D
:107BE0006249634DD1F890302C68C3F307239C425F
:107BF00086B00AD95F4940F202225F4818F06BFE56
:107C000040F202215B4818F05DFE0020FFF758FFAC
:107C10005A4BC1F8C03084421BD1594D01A82C7079
:107C2000FBF748FD002607464FF06108554CB74268
:107C300016D100202B784D49D1F89020C2F30722AD
:107C40009342C0F28D800020FFF72EFF06B0BDE802
:107C5000F081696801EB0011FFF738FE0130DAE7C7
:107C6000019A300102EB0613D3F80CC00CEA0401B0
:107C7000B1F1807F53D00AD8B1F5001F29D0B1F5FA
:107C8000800F3FD0B1F5801F14D00136CFE7B1F19E
:107C9000006F44D0B1F1805FF7D159689B681258EA
:107CA000013B21F01F000344CDE9021223F01F0322
:107CB00001220BE0596812589B68CDE9021221227B
:107CC000013B21F01F00034423F01F038DF8102017
:107CD00032E0596812589B68CDE902124122013BFB
:107CE00021F01F00034423F01F031CF0010F8DF847
:107CF0001020059321D01F4984221F4818F0EBFD66
:107D000084217FE759689B681258013B21F01F00CE
:107D10000344CDE9021223F01F030622D6E7596877
:107D200012589B6821F01F00013BCDE90212034469
:107D300023F01F038DF810800593287802A9FFF720
:107D4000DDFD002808DA0B4940F235220A4818F018
:107D5000C2FD40F2352155E72B7801332B7094E7B3
:107D6000C1F89830C1F8A000013365E700ED00E0EC
:107D700058BF0B00DF030C00CFD80B00AAFF440054
:107D8000DC6302200000F0FFF0B587B007460E4626
:107D900014460021102268461D4620F066FA022390
:107DA0008DF80230054B2A4621466846CDE9047617
:107DB000019317F0F5FA07B0F0BD00BF41220B00A8
:107DC00008B5024B1B689847002008BD8857022061
:107DD000034B044A1860937843F002039370704792
:107DE00088570220B81D022008B50649064821F030
:107DF0000701C1F1005202F58022F8F7E3FF0020ED
:107E000008BD00BFDF3A03208C5702200268064BF2
:107E10001A604268054B1A608268054B1A60026955
:107E2000044B1A60704700BFA05702209C570220E5
:107E300098570220A4570220827A3420074B00FB77
:107E40000233DB6A0846DB68032B94BF6FF0030341
:107E50005B42CA5C0132CA54704700BF2024022032
:107E6000827A3420094B00FB0233DB6ADB68032B88
:107E700094BF6FF003035B42CA5CC818013AD2B2E8
:107E8000CA540AB920F0B5B9704700BF20240220B7
:107E9000342210B50B4C837A02FB0344E36AD868A2
:107EA0000B6804282CBF1818181D16F081FF38B174
:107EB00001230370E36ADB68042B2CBFC018043075
:107EC00010BD00BF2024022070B541690446867AA7
:107ED0000A4D59B1437ADB0706D4342303FB06531A
:107EE000DB6A1B689B689847002363613420214646
:107EF00000FB0650BDE870401FF086BF2024022022
:107F00003421827A064B01FB02331A6B93F824303A
:107F1000801A1B3323F00303B0FBF3F0704700BF5C
:107F20002024022038B53424827A064B04FB023325
:107F3000DB6AD3E901240C601568FFF7E1FF04FB5D
:107F4000005038BD2024022008B5436843B10649DB
:107F500006485A2218F0BFFC5A21034818F0B2FC18
:107F600003824369C36008BD1D040C00CFD80B0019
:107F70002DE9FF470546684691461C46039120F0CF
:107F800075F8DDE900674DB9574940F201125748CD
:107F900018F0A1FC40F20111534813E005F11C0850
:107FA000EFF3118A202383F31288BFF36F8F4046CB
:107FB00016F086F840B94E4984224C4818F08BFCE4
:107FC00084214B4818F07EFC404616F09DF86B8CDF
:107FD000002B56D02A8C9A4233D9002200232846FF
:107FE00013F02EFC044660B3404616F077F840B913
:107FF0003F494FF499723D4818F06DFC4FF4997168
:10800000DFE78AF31188BFF36F8F039D002D5AD0ED
:1080100032463B46684620F04EF83421A27A354B72
:10802000204601FB0233DB6A03A91B681E68DDE9F9
:108030000023B0476061002839D12046FFF744FF94
:1080400030E06C8C4046631E6B8416F047F80028C5
:10805000CED08AF31188BFF36F8F95F824302A8C25
:108060001B33121B2C6B23F0030302FB0344214B35
:10807000214AEB1A9B105343A37295F82430E37204
:10808000C3E7404616F02AF80028B1D08AF31188D9
:10809000BFF36F8F23464A46284613F0D1FB0446B0
:1080A0000028B2D10024204604B0BDE8F087039B2D
:1080B0009D420AD90C494FF4AB720C4818F00BFCE6
:1080C0004FF4AB7168E72B466561002101226160C6
:1080D00022816382E27A04F1180020F0C6F820467B
:1080E000FFF732FFDFE700BF1D040C00CFD80B0005
:1080F000E5E40B0020240220C54EECC470B5044614
:1081000070B13426154D2046037A64689BB9144932
:1081100040F2C112134818F0DEFB40F2C11107E033
:108120000F4940F2BB120F4818F0D5FB40F2BB11CB
:108130000B4818F0C7FB013BDBB203724BB9C360BD
:108140004360837A06FB03539B6A1BB19847002C5C
:10815000D9D170BDFFF7B8FEF9E700BF2024022097
:108160001D040C00CFD80B002DE9F04F044685B05C
:10817000684693461D461FF079FFDDE9008954B932
:108180003A494FF4FA723A4818F0A5FB4FF4FA71E5
:10819000364818F097FB4FF0340AA77A354E2B4635
:1081A0000AFB07675A4600213846FFF7E1FE0546FD
:1081B000002841D0FB6A1B685B680BB3637ADB075E
:1081C0001ED4616941B1A37A20460AFB0363DB6ACE
:1081D0001B685B68984701466961E368EB60238A26
:1081E0002B82638A6B82EB7AE27A9A4236D01F49FD
:1081F00040F216221E4818F06EFB40F21621C7E727
:10820000638A4246684603934B461FF054FF34226C
:10821000AB7A284602FB0366F36A03A91B681E6853
:10822000DDE90023B047686118B1039B628A9A4276
:1082300007D92846FFF748FE0025284605B0BDE8C7
:10824000F08F6B826269E3689B1A0344284640F80A
:108250000C3F228AE1681AF003F8C4E704F1180120
:1082600005F118001FF0DBFFE7E700BF1D040C005D
:10827000CFD80B002024022008B5034650B9084986
:10828000084840F2312218F026FB40F23121044820
:1082900018F018FB18465B68002BFBD108BD00BF27
:1082A0001D040C00CFD80B0070B50D46044650B924
:1082B0000E494FF40F720E4818F00DFB4FF40F717A
:1082C0000A4818F0FFFA41B9084940F23D2208482F
:1082D00018F001FB40F23D21F2E746681EB1084666
:1082E000FFF7CAFF4660656070BD00BF1D040C004B
:1082F000CFD80B0008B540B90A492B220A4818F01C
:10830000EAFA2B21074818F0DDFA838833B10549D2
:108310002C22054818F0DFFA2C21F3E783680B4480
:10832000036008BD4A040C00CFD80B00034670B5AB
:10833000DC88056882889E68A818A41AAD1B641B97
:10834000A14208D9054906483E2218F0C4FA3E2148
:10835000024818F0B7FA0A449A8070BD4A040C002B
:10836000CFD80B0008B583888B4208D2074908484C
:10837000B02218F0B0FAB021044818F0A3FA5B1A42
:108380009BB283800068184408BD00BF4A040C00FB
:10839000CFD80B0008B5828803468A420AD2084922
:1083A000084840F2C31218F096FA40F2C31104488C
:1083B00018F088FA521A828000680844186008BDD4
:1083C0004A040C00CFD80B002DE9F84304460D46B3
:1083D00000AF51B9494803685B0703D00121484AFF
:1083E00018F040FDBD46BDE8F883037C5E0718D554
:1083F000424803685C07F5D06C4688B06A46414B3A
:108400000593414B06934FF40073ADF81C303F4B7E
:1084100042F8103F00234FF4E251FAF757FEA54609
:10842000E0E7D0F80880884504D0CE68D8F80C3052
:10843000B34217D043469D4240D0DB68002BFAD1AF
:108440002B4698453CD0DB68002BFAD1D8F80C605D
:1084500006E02B46B34205D0DB68002BFAD1F66864
:10846000002EF6D1237CD4F8009023F0050343F0CE
:1084700005032374B9F1000F01D04E4522D1A84560
:10848000C4F8088030D0237C23F004032374A3684D
:10849000AB4206D12B6823B120469847237C9B072B
:1084A000A0D429462D69002DFBD1236832462046F1
:1084B000C4E90013A16019F0E8FE93E72E46D1E766
:1084C0004646CFE7D9F808305BB1C4F80890D9F830
:1084D000083020469847237C990702D5C4F80880C5
:1084E00080E7D9F80C90C5E7AB68002BCBD02046CD
:1084F0009847237C9A07C6D574E700BFA8210220BD
:1085000085040C009E040C00D6600C0003000001E2
:10851000024B034A00201A60704700BF5820022017
:108520000020A10748B1054B054A1B68B3FBF2F3D5
:108530005843044B43F0010318477047582002206A
:1085400040420F00D09F0B00F7B506460D4614467B
:10855000174F38461FF099FB30B3AAB2BB681B68AF
:1085600043B914491448662218F0B5F96621114838
:1085700018F0A8F9314638469847002802DB002059
:1085800003B0F0BD002CFBD1AC42F8D22F1B042F5E
:1085900028BF04271FF000F93A46019001A93019BD
:1085A0001FF03DFE3C44EFE76FF01200E8E700BF2C
:1085B000748A0B00C2040C00CFD80B0010B5094C14
:1085C0000A44914200D110BD11F8013B584000F01F
:1085D0000F03E35C83EA101303F00F00205C80EAD2
:1085E0001310EEE7E4600C0037B500250A4C204676
:1085F00013F0DCFD20464FF0FF334FF48062074953
:10860000009513F0E9FDD4F8C000054914F050F8C6
:10861000284603B030BD00BFF0440220F0B3022072
:10862000F6040C00014601481FF05CBCF044022037
:108630000146014813F09EBEF0440220F8B590F8C0
:10864000DC300446012B00AF04D0022B32D00020D6
:10865000BD46F8BD026EB0F8B83051681801B4F8E4
:10866000DE2001EB031309589D881144AA1A96B223
:10867000324620681AF0A8FB031E21DCE7D016481A
:1086800002685207E3D06C468AB0144A08930592F8
:108690004FF40073124AADF82430CDE906266A463D
:1086A000104B42F8103F00234FF43151FAF70EFD02
:1086B000A546CCE7B0F8DE20416B058F1144D5E725
:1086C000B4F8DE2013449BB29D428CBF00200120F1
:1086D000A4F8DE30BCE700BF3C21022002050C00FC
:1086E0001E050C0005000001F8B50D46044600AF5C
:1086F000002850D0026E002A4DD0C9B12B48012964
:10870000036803F0060348D193B16E4688B013683E
:108710006A462749C2E905134FF400739383254B3A
:1087200042F8103F00234FF4E451FAF7CFFCB5466E
:10873000236E5B691BB12946204662689847D4F8CE
:10874000202100233AB1B4F82821012A9CBFC4F8A3
:108750002031A4F82431C4E913332366A36504F15E
:10876000780013F0E9FE04F1E00013F051FC04F18D
:10877000F00013F0E1FE04F1BC03D3E8EF1F21F099
:108780000101C3E8E21F002AF7D184F8C05004F1C8
:10879000C40013F0CDF8BD46F8BD002BC8D06E461E
:1087A00088B013686A460449B4E700BF3C21022040
:1087B00027050C000300000133050C002DE9F04FE4
:1087C000A0F59674A0F58E7105462022206885B02C
:1087D0001AF014FB002840F34C814FF00008474684
:1087E0002086228E1FFA88F39A4205D8284605B0C3
:1087F000BDE8F04FFFF716BF14FA88F31A7C002388
:10880000B4F84010DEB28E4213D3E389A1899942B5
:1088100017D19948036813F0060F03D0974A022135
:1088200018F020FBE7816787A4F84A70C4F820712C
:1088300004E0E06B0133805D8242E3D108F101087E
:10884000CFE7B4F84A00B4F84810884206D18A4805
:10885000036813F0060FE5D0894AE0E7A168CA541F
:10886000E389B4F838B05E1CB6B25E450093E68189
:1088700070D3D4F80890A6EB0B0A5A46616B09EB4B
:108880000A001FF0FEFC002864D15E45CAD0D4F86F
:1088900020316BBB4FF0140E09F80A30A5F1D60059
:1088A000C5F1C80C002230F8026F91B2B14204D376
:1088B00001339BB2032BB5D0F4E75CF810100EFB2C
:1088C000021191F804900132B9F1000FEDD1A4F832
:1088D00028316C4A636CC4F820111A60636CA2687A
:1088E0005A600223A4F84A30204619F0D2FD99E7D5
:1088F000B4F82631002BF7D0626CB4F84A10AAEB1A
:10890000030A09EB0A0342F82130228FE3899B1AFC
:10891000A268D054B4F84A300133E3E7626B013304
:10892000515CA268324412F8012C8A4286D0D9B236
:108930005945F3D355F80C2CA5F5967362B9C5F1DA
:10894000C801A5F1D60A03913AF8021F4FF0000EB4
:10895000029168E00023EAE7002092F80CC081B29F
:1089600061456BD30021B3F8262100297FD0B3F8ED
:108970004AC0586C002A6DD1424A40F82C20B3F806
:108980004A200132A3F84A200022A3F8262155E705
:108990001420039951F81A1000FB0E1999F80410CD
:1089A0008E4201913DD14FF0000C9968DDF804B082
:1089B0001FFA8CF0834522D8A4F82821009AA389B5
:1089C000023292B29B1A0B441846A4F82421C4F830
:1089D0002091013A1FF023FCB4F84A10626C42F86F
:1089E0002100A289A3681344002203F8012CB4F8E3
:1089F0004A30A4F826210133A4F84A301EE7D9F8FA
:108A0000000011F80CB010F80C00834506D099F85E
:108A10000DB0BBF1000F04D03F2802D10CF1010CC6
:108A2000C4E70EF1010E02981FFA8EF18842AFD80A
:108A3000013292B2032A3FF401AF85E7916811F841
:108A400000E099680130314411F8011C714586D16C
:108A5000012188E79968B21A013A114440F82C10B4
:108A6000D9899A680A44002102F8011C87E701327B
:108A70008BE705B0BDE8F08F3C21022041050C00DA
:108A800058050C00EEEB0B0038B50C46054650B906
:108A90005F4940F21F325F4817F01DFF40F21F315F
:108AA0005B4817F00FFF41B959494FF448725948D4
:108AB00017F011FF4FF44871F2E74B6843B954497E
:108AC00040F22132534817F006FF40F22131E7E728
:108AD0000B8943B94E4940F222324E4817F0FBFE53
:108AE00040F22231DCE7CB6943B9494940F22332F5
:108AF000484817F0F0FE40F22331D1E70B8C43B920
:108B000043494FF44972434817F0E5FE4FF4497169
:108B1000C6E7CB6843B93E4940F225323D4817F0DD
:108B2000DAFE40F22531BBE70B7C43B9384940F20D
:108B30002632384817F0CFFE40F22631B0E74B69B5
:108B400053B90B7E43B1324940F22732314817F016
:108B5000C2FE40F22731A3E7636A53B9238D43B1C4
:108B60002B494FF44A722B4817F0B5FE4FF44A7167
:108B700096E74FF4A072002128461FF076FB236889
:108B80006B606368AB602389AB81E3696B64238CA2
:108B9000A5F84830E3686B63237C2B876369EB633C
:108BA000237EA5F84030636A6B65238D0024A5F809
:108BB0005C3005F1BC03D3E8EF2FC3E8E14F002997
:108BC000F9D10122214605F1C4001FF027F905F56E
:108BD0009670114913F0A4F905F168000F4913F0DC
:108BE0009FF905F178000E4913F05CFB05F1A80030
:108BF0000C4913F095F905F1E0000B4913F090F9D9
:108C000005F1F000094913F04DFB204638BD00BFC7
:108C10006C050C00CFD80B00BD87090005250B00A3
:108C200025240B0015240B005B250B0083240B006F
:108C3000024608B5136808468B4207D0002311602E
:108C4000D3815387A2F84A30C2F8203102491AF082
:108C5000A0F8002008BD00BFC3230B0070B5036857
:108C600006460D46A3B349B34B683BB30A8912B914
:108C70001A498B4222D1298A09B9E968D9B903EB8B
:108C800002129A421DD106F1BC02D2E8EF3F43F036
:108C90000101C2E8E01F0028F7D113F001041AD146
:108CA00006F1C40012F00EFF756606F16800FFF7CA
:108CB000B9FC204670BD0A488142E0D06FF0150033
:108CC000F8E7998811B9D9680029F7D01033D8E7A7
:108CD0004FF0FF30EEE76FF00F00EBE7A8BF0B009F
:108CE000A8BF0B0010B504461822002104301FF065
:108CF000BCFA014B236010BDEEEB0B0010B504462F
:108D00000648036813F0060F03D00221044A19F045
:108D1000DBFD00232375236510BD00BF4021022029
:108D2000A4050C000278D30705D5632A4FEA920305
:108D300005D8032B01D800207047244A05E02033D2
:108D400003F03F03182BF6D8214A22FA03F3D90780
:108D5000F1D54378DA07EED5072BECD802789208E4
:108D6000202A17D007D8082A1BD0142A28D0042A72
:108D700022D0012B18E0342A25D0382A18D0242AF2
:108D8000F7D103F0FE03102B18BF022B0CBF0120FC
:108D90000020704703F0FE03102B14BF00200120B9
:108DA0007047012BC7D9072B8CBF002001207047CB
:108DB00003F0FC03042BF0E703F0FE03022BECE7C7
:108DC00003F0FE03F6E703F0FA03F7E710011101E1
:108DD0001101110138B504460D4651B914494FF43B
:108DE000A172144817F077FD4FF4A171104817F0E5
:108DF00069FDFFF797FF40B90D494FF4A2720D4886
:108E000017F069FD4FF4A271F0E723780A48037068
:108E1000637843706278012A04D95208A11C023099
:108E20001FF0FDF9637804485B0802332B8038BDDE
:108E3000B2050C00CFD80B00DD63022004490548C1
:108E4000B22208B517F047FDB221014817F03AFDEC
:108E5000DF050C00CFD80B00F8B5054600F1100671
:108E6000EFF31187202383F31288BFF36F8F30460F
:108E700015F026F940B919498422194817F02BFD3D
:108E80008421164817F01EFD304615F03DF9AB7BE6
:108E90005907C3F380040CD5287B062805D8542332
:108EA000C340DA0712D4032810D0431F5842584158
:108EB0000446304615F012F950B908494FF499723A
:108EC000074817F008FD4FF49971DAE70120EFE742
:108ED00087F31188BFF36F8F2046F8BDE5E40B00E0
:108EE000CFD80B00F8B5044600F11006EFF3118758
:108EF000202383F31288BFF36F8F304615F0E0F81C
:108F000040B917498422174817F0E5FC842114481A
:108F100017F0D8FC304615F0F7F8A37BC3F38005B3
:108F20005B070AD5237B013B052B06D904F1B8006A
:108F300013F0DEF9051E18BF0125304615F0CEF8F6
:108F400040B907494FF49972064817F0C4FC4FF432
:108F50009971DCE787F31188BFF36F8F2846F8BD5E
:108F6000E5E40B00CFD80B0073B5044600F13006E2
:108F70004FF0FF324FF0FF3330460D4619F00DFD34
:108F8000238D228CD21AE36A9B1A9BB20A2B0ED82D
:108F9000304619F004FD0D48036813F0060F03D0A6
:108FA00002210B4A19F090FC002002B070BD2A8902
:108FB0006846696819F0F5FB2946204619F026FC39
:108FC000304619F0ECFC0120EFE700BF4021022001
:108FD00013060C0070B590F86630054686B0A0F513
:108FE0008C74002B48D0D4E9580119F0CBFB002831
:108FF00042D0237B022B2AD12046032119F0D1FC39
:10900000002640F243130DF1020101A801938DF8EF
:109010000860FFF7DFFEA37B0490C3F340038DF8E5
:109020000D304EF60173ADF80E30BDF8023020461B
:1090300003A9ADF814308DF80C60FFF795FF0023FD
:1090400028460E4A06B0BDE8704013F06FBA032BF5
:1090500012D10B48036813F0060F03D00221094A0E
:1090600019F032FC2046022119F09BFC204606B084
:10907000BDE8704019F05EBC06B070BDB4C4040019
:109080004021022027060C0070B5B0F84C50044671
:10909000052D86B00BD91948036813F0060F2BD0A5
:1090A0000221174A06B0BDE8704019F00DBC406CB3
:1090B000A16C03AB03C3E06C01AE1860A16C2A463F
:1090C00030461FF0ACF89DF8040019F04BFB00F09F
:1090D000FD008DF8040003A920460496ADF8145055
:1090E000FFF742FF40B90548036813F0060F03D0AD
:1090F0000221034A19F0E8FB06B070BD40210220AE
:1091000053060C008B0710B5044601D5FFF7BCFFD2
:10911000237B072B0CD0022B0FD01048036813F0D1
:10912000060F19D0BDE8104002210D4A19F0CCBB42
:109130002046BDE8104019F03CBC2046072119F03C
:1091400030FC0323637304F1E80040F63542BDE8C8
:109150001040002313F07AB910BD00BF4021022057
:1091600076060C0010B5044686B0002843D094F86B
:10917000302050F85C0C032A17D1437B0133DBB25B
:10918000032B437318D91D4803685B0706D034F8D6
:10919000603C012100921A4A17F077FEA4F1880082
:1091A00006B0BDE8104019F091BB022A23D1032379
:1091B00084F830300023437334F8603C03A98DF801
:1091C0000C3054F85C3C9B7BC3F340038DF80D30AE
:1091D00044F20133ADF80E3000230493ADF814309F
:1091E000FFF7C2FE40F635420023204606B0BDE838
:1091F0001040FFF71DBA06B010BD00BF402102208D
:109200008C060C0030B5044687B0002853D050F8C7
:109210002C5C2846FFF720FE40B942F29F42002313
:10922000204607B0BDE83040FFF702BA94F860105E
:1092300001291BD154F82C2C537B0133537354F860
:109240002C3C5B7B032B1DD91C4803685B0706D0B5
:1092500034F8303C03220092194A17F016FEA4F1AC
:10926000580007B0BDE8304019F030BBB4F86030AA
:1092700023F49F6323F0070343F00103A4F8603055
:1092800000236B7334F8303C54F82C0C8DF80C3000
:10929000837B03A9C3F340038DF80D3042F60173BD
:1092A000ADF80E3000230493ADF81430FFF75CFEE8
:1092B00040F63542B3E707B030BD00BF4021022081
:1092C000B2060C0070B5044698B310F8AC1CA0F1BF
:1092D000B805012914D110F8AB3C0133DBB2032BE4
:1092E00000F8AB3C19D9134803685B0703D003238C
:1092F000114A17F0C0FD2846BDE8704019F059BB6F
:109300000121284619F04DFB14F8AA3C43F0020352
:1093100004F8AA3C002304F8AB3C28460749FFF7B1
:1093200023FE2046BDE8704040F635420023FFF79B
:109330007FB970BD40210220D7060C00A8BF0B00EA
:109340001FB5037B0446042B2FD1062119F029FBFE
:1093500094F87F31D3B14FF0FF334FF0FF322068E4
:1093600019F0E1FC031E11DA22480268520703D00B
:109370000121214A17F07FFD0021204619F011FB41
:109380000121204619F0F3F9012011E000231B4AC6
:1093900068461EF06BFEDDE90023C4E95623052272
:1093A0001749206819F010FDEEE7062B02D00020C7
:1093B00004B010BDD0E9560119F0E4F958B10D48D8
:1093C00003685B0703D001210E4A19F07DFA20469D
:1093D00019F0EFFAD8E7237D012B06D0F9230122FB
:1093E0008DF80F300DF10F01DBE70221204619F057
:1093F000D8FADCE740210220FF060C00B4C40400C8
:10940000F4600C0024070C002DE9F04F044685B0F1
:10941000A0F158094FF0FF334FF0FF3200AFA0F139
:109420008808484619F0B9FA14F87C3C032B04D09C
:10943000052B02D0404619F07DFAA4F16C0AA4F184
:10944000620B404634F8626C34F8665CFFF778FFD4
:10945000786030B1484619F0A2FA1437BD46BDE82D
:10946000F08FAE423ED034F8622C34F8663C594658
:109470009B1A9BB207F10C02504617F0F3FBF968F8
:109480000246054654F8880C19F09EFC061E21DAA7
:109490007A685946504617F01BFC721CDAD01B48FC
:1094A00002685307D6D06C468AB06A464FF4007300
:1094B0001749ADF824300591164B17490896CDE9A8
:1094C000061542F8103F4FF431517B68F9F7FEFD65
:1094D000A546BFE732465946504617F0F9FBAE4263
:1094E000AFD2B7E714F87C3C052B0AD104214046E3
:1094F00019F057FA94F8F7301BB154F8880C19F0AA
:109500009BFC404619F009FAA4E700BF4021022065
:1095100002050C00050000011E050C002DE9F04FAE
:10952000A0F1580691B0044602AF304619F002FA95
:10953000DFF8609254F8403CB4F81C21D4F81811BC
:10954000D21A194454F8580C19F058FC031E0CDCBC
:1095500007D090480268520703D001218E4A17F0C5
:109560008AFC3C37BD46BDE8F08F54F8408C43443C
:1095700044F8403C54F8402CD4F81801424514F803
:10958000443C08DC012B00F20D84002344F8403CED
:1095900044F8083CCEE710F8085000EB08020A2B0C
:1095A0001CD8DFE813F00B001E004B001B005D0011
:1095B00081009400BA00C500D30001010023F92DF9
:1095C00044E9053344F80C3C24F8043C44F8083CD6
:1095D00004D1012304F8443C24F8043C08F10108B8
:1095E000C8E7F92D2AD134F8043C013324F8043CAF
:1095F00014F84C3C042B0ED134F8043C032B12D944
:10960000F923012254F8580C07F12C0187F82C306B
:1096100019F0DAFB07E0022B05D1D6E9560119F063
:10962000B1F80028E8D114F84C3C062BD6D1002222
:10963000002304F1300012F079FFCFE74FF001036F
:1096400024F8043CC5F3400304F8133C4FF0040332
:10965000AD0844F8088C04F8145C04F8443CBDE7F9
:1096600034F8043C013324F8043CC5F3001305F03E
:10967000EF050F2D04F8123C04F8115C09D825B150
:1096800048F22A23EB40D9070AD43046FFF736FBCD
:10969000A4E7632D04D005D82F2D01D0432DF4D19C
:1096A0000523DAE7EF2DFAE734F8043CEA0703F183
:1096B000010324F8043C4FEA550324F80C3C01D480
:1096C0000623CAE70BB90923C7E70723C5E734F820
:1096D000043C013324F8043C34F80C3C43EAC51341
:1096E0007F2B24F80C3C09D9D9F800305B07CCD08B
:1096F00001212A4A274819F0E7F8C6E7B4F81C21E7
:109700009342E2D9D9F800104D07BED00121009252
:109710002048234A17F0B9FBB7E734F80C3C1BB1DB
:1097200014F8113CEF2BB0D1082344F8102C94E727
:1097300054F8082C34F80C3C134434F8042C13442B
:109740009845FFF64BAF092304F8443C54F8081C35
:1097500034F8042C0144FF20FEF730FF14F8112CDC
:10976000EF2A0DD1C343DBB29D4211D0D9F80020BE
:1097700012F0060F89D0022148460A4A0095C9E72F
:1097800034F80C2C54F8101CFEF718FFC343EAE71A
:109790000A2362E740210220B9080C0041070C00AF
:1097A00051070C008F070C00F92D7FF46EAF14F8F1
:1097B0004C3C03F0FD03042B03D10221304619F089
:1097C000F0F814F8143C14F84C2C002B40F0BC8139
:1097D000022A08D114F84A3C14F8131CC3F34003BE
:1097E000994200F08D8014F8113C632B3DD01FD8B6
:1097F0002F2B00F05381432B00F07681C54802687F
:1098000012F0060F7CD06D468AB002AAC24951619F
:10981000C249C2E906134FF400731384C04B42F8E7
:10982000103F00234FF41251F9F750FCAD4667E0AA
:10983000EF2BE3D1012A63D954F810AC34F80CBCF7
:1098400007F114005A46514618F0ABFF07F1140017
:10985000FFF768FA80BBAF48036813F0060F4FD0DC
:10986000B04A022119F030F84AE0012A48D1022119
:10987000304619F096F814F84A3CA4F1280543F054
:1098800002034FF0FF32284604F84A3C4FF0FF3302
:1098900019F083F814F84A3C284643F0010304F811
:1098A0004A3C19F07CF804F1600012F045FE0021FA
:1098B000304618F05CFF23E0397D88074FEA9103BA
:1098C00020D4102B05D0302B1AD13046FFF71AFCCC
:1098D00016E0A4F128054FF0FF334FF0FF32284681
:1098E00019F05BF80421304619F05BF8284619F0AE
:1098F00056F894F827311BB154F8580C19F09CFA1B
:109900000023AAE6282B00F0868030D8102B00F028
:10991000B180182B00F09880A4F1140307F12C05F6
:1099200093E8070085E8070007F11C005A465146F6
:1099300018F037FF07F11C00FFF7F4F900288AD070
:1099400040F211337B62002387F828303B7F07F118
:10995000120107F1240087F82630FFF73BFA7B8AD3
:10996000386329463046BB86FFF7FEFAC8E7302B3E
:10997000ABD0382BD0D13046FFF786FB7B7D5B0820
:109980009A1E012A09D96348026812F0060FB7D05F
:109990000221654A17F06FFAB2E7B968FA7DBB7D1C
:1099A00002F0CF0201F030010A4354F8545C9B08E6
:1099B0003A72002DA4D0298D994201D02D68F8E784
:1099C00002F00A02B2F1080018BF012095F8B93080
:1099D00003F00101884205D0082A14D043F00103A6
:1099E00085F8B93095F8B930590789D495F8B82079
:1099F000022A85D143F004032946304685F8B93060
:109A000019F08DF87CE723F0010385F8B930281DA3
:109A100019F04DFAE6E7A4F128054FF0FF32284689
:109A20004FF0FF3318F0B9FF14F84A3C284643F0D2
:109A3000010304F84A3C18F0B2FF3046FFF724FB5C
:109A4000304618F06AFF5BE7A4F128054FF0FF32BB
:109A500028464FF0FF3318F0A0FF14F84A3C284680
:109A600023F0010304F84A3C18F099FF3046FFF751
:109A70000BFB45E7A4F128054FF0FF324FF0FF3311
:109A8000284618F08AFF0521304618F08AFF304634
:109A9000FFF7FAFA284618F082FF31E7022A3FF46E
:109AA0002FAF072A3FF42CAF14F84A3C022123F0D1
:109AB000020304F84A3C304618F073FFA4F128056D
:109AC000304619F0A0F828464FF0FF324FF0FF3330
:109AD00018F063FF14F84A3C284643F0010304F8E9
:109AE0004A3C18F05CFFE2E6304619F08CF814F8B6
:109AF0004C3C072B09D0022B1AD00648036813F000
:109B0000060F3FF4FDAE094AABE6304618F051FFB0
:109B1000F6E600BF40210220E5070C001D3D0C00C9
:109B200004000001B4070C00C4070C0076060C000A
:109B30003046072118F035FF40F63542002304F186
:109B4000900012F083FCDBE6022A7FF4D9AE54F8D1
:109B5000545C65B9AB48026812F0060F03D00221CD
:109B6000A94A17F088F9304619F064F8C8E62A8D3A
:109B70009A4201D02D68ECE714F8111C432900F03B
:109B8000FB8021D80F2900F09F802F2900F0D08082
:109B90009C48026812F0060F3FF4B2AE6D468AB0E0
:109BA00002AA13624FF40073DFF860C29384C2F814
:109BB00014C0974BDFF85CC2C2E906C142F8103FFF
:109BC00000234FF432512FE663296DD0EF29DFD106
:109BD00095F8B830022B7FF493AE95F8B930D5F8EC
:109BE0002CA0C3F3400305F1440B4FF0FF3258465D
:109BF000FB604FF0FF3318F0D0FEDAF84810BAF8E7
:109C00004C2005F13000F8F77FFD7860584618F0D9
:109C1000C6FEBAF84C107B688B421ED279480268A7
:109C2000520714D0EB468AB0B5F828C002AACB1A66
:109C3000C2E907310523DFF8E0E1C2E905EC42F8AB
:109C4000103F00234FF42151F9F740FADD4695F813
:109C5000B93043F0020385F8B930AA8FAB8E9B1A56
:109C60002A6C9BB2D21A1F2A0FD86648036813F0D9
:109C7000060F04D02B8D0221684A17F0FCF895F8E6
:109C8000B93043F0020385F8B93095F8B930FA6875
:109C9000C3F34003934203D02946504618F03FFFD8
:109CA000281D19F0F8F82BE6EA6A937B92F8452014
:109CB000C3F340039A427FF423AE95F8B830012BEA
:109CC00006D0032B7FF41CAE284618F0FFFD17E6E4
:109CD0000223281D85F8B83019F0C1F805F1440AAF
:109CE00005F1580012F028FC4FF0FF324FF0FF331F
:109CF000504618F052FE00235046C5E90D33EB6381
:109D000018F04DFEE86A837B13F0020309D0294660
:109D100018F005FF95F8B93043F0040385F8B93021
:109D2000EEE595F8B92063F3820285F8B920E7E5FE
:109D3000E86A18F068FF95F8B830022B3FF4E0AD00
:109D4000B5F8B830281D23F49F6323F0070343F0D0
:109D50000203A5F8B83005F1440A19F080F84FF075
:109D6000FF3350464FF0FF3218F017FE00235046E5
:109D7000C5E90D33EB638EE6D5F82CA0504618F0FC
:109D800042FF95F8B830022B05D0BAF1000F3FF42E
:109D9000B7AD5046E8E60023281D85F8B83019F025
:109DA0006EF8ADE5062A7FF7C5ABB4F81C1154F880
:109DB000083C85398B42FFF6BDAB00EB0308D21A95
:109DC000414654F8105C1EF037FA54F8403C54F801
:109DD000082C9B1A44F8403C002344F8083C54F8F3
:109DE000103C002B3FF4A6AB14F8443C072B81BF7A
:109DF000D4F81831A5EB08055B1944F8103CFFF7BF
:109E000099BB00BF40210220FE070C0090080C0007
:109E100005000001B4080C0027080C0063080C00C2
:109E20002DE9F0410C4605468AB050B94B4940F641
:109E30004D024B4816F04FFD40F64D01474816F0D5
:109E400041FD41B9454940F64E02454816F043FDF3
:109E500040F64E01F2E78B6843B9404940F64F02A5
:109E60003F4816F038FD40F64F01E7E78B89842B19
:109E700008D83A494FF40562394816F02CFD4FF4E2
:109E80000561DBE70B6943B9344940F651023448B8
:109E900016F021FD40F65101D0E78B8A842B08D8BB
:109EA0002E4940F652022E4816F015FD40F652019A
:109EB000C4E70022002368460DF108081EF0D6F81A
:109EC000DDE900670FCCA8E80F0094E80F0088E8F0
:109ED0000F004FF4C472002128461EF0C6F905F5A4
:109EE000B474C5E9566702AE0FCE0FC498E80F00F0
:109EF00084E80F00B5F87C31D5F87821B3F5004F30
:109F000001D3FEF79BFFEB62EA6105F130001DF023
:109F100050FF05F15800134912F0C4F905F188000B
:109F2000114912F0BFF905F1B800104912F0BAF961
:109F300005F1E8000E4912F0B5F90E4905F58C70EF
:109F400012F0B0F905F5A47014F0A6FE0021284621
:109F50000AB0BDE8F04118F024BD00BFB2050C0006
:109F6000CFD80B001D95090009940900C59209007E
:109F70005B2C0B00D58F090070B50C4615460646C4
:109F800050B93A4940F66C02394816F0A4FC40F644
:109F90006C01364816F096FC41B9344940F66D0222
:109FA000334816F098FC40F66D01F2E742B92F49AC
:109FB00040F66E022E4816F08EFC40F66E01E8E781
:109FC00013783F2B08D9294940F66F02284816F02C
:109FD00082FC40F66F01DCE7536843B923494FF434
:109FE0000762234816F077FC4FF40761D1E7138925
:109FF0007D2B08D81D4940F671021D4816F06BFCF8
:10A0000040F67101C5E7C022002120461EF02DF95F
:10A01000E6622B7823852B896A68B3F5004F01D35C
:10A02000FEF70CFF2364226304F14400251D1DF09C
:10A03000C0FE104A2146284600F0C8F90E4904F136
:10A04000580012F02FF90D4904F1880012F02AF996
:10A050000022E36A84F8B82022609A681AB9C3E93A
:10A060000144284670BD14609C60FAE7B2050C00FC
:10A07000CFD80B00B4BF0B00059209006591090011
:10A08000F8B5044625680846002D38D121602246DF
:10A09000C4E908551B49A562257518F07AFE04F13C
:10A0A0001006EFF31187202383F31288BFF36F8F1D
:10A0B000304614F005F840B913498422134816F0CD
:10A0C0000AFC8421104816F0FDFB304614F01CF801
:10A0D000A37B304643F00403A37313F0FFFF40B9A2
:10A0E00009494FF49972094816F0F5FB4FF499713C
:10A0F000E8E787F31188BFF36F8F2846F8BD6FF04C
:10A100007700FBE769290B00E5E40B00CFD80B00D3
:10A1100070B50446FEF7E6FE00283CD104F11005B8
:10A12000EFF31186202383F31288BFF36F8F284645
:10A1300013F0C6FF40B919498422194816F0CBFB29
:10A140008421164816F0BEFB284613F0DDFFA37BE2
:10A150005B0717D5B834204612F0CAF820B90022A0
:10A1600000232046FEF764FA0024284613F0B6FFC9
:10A1700058B90A494FF49972094816F0ACFB4FF4EC
:10A180009971DEE74FF0FF34EFE786F31188BFF3F4
:10A190006F8F204670BD6FF07704FAE7E5E40B009F
:10A1A000CFD80B0070B50446FEF756FE00283CD011
:10A1B00004F11005EFF31186202383F31288BFF317
:10A1C0006F8F284613F07CFF40B919498422194843
:10A1D00016F081FB8421164816F074FB284613F014
:10A1E00093FFA37B5B0717D5E834204612F080F875
:10A1F00020B9002200232046FEF71AFA0024284640
:10A2000013F06CFF58B90A494FF49972094816F0D7
:10A2100062FB4FF49971DEE74FF0FF34EFE786F30E
:10A220001188BFF36F8F204670BD6FF07704FAE797
:10A23000E5E40B00CFD80B0070B5036804468AB084
:10A24000002B4DD000F11005EFF31186202383F38E
:10A250001288BFF36F8F284613F032FF40B92149AF
:10A260008422214816F037FB84211E4816F02AFB71
:10A27000284613F049FFA37B284623F00403A37369
:10A2800013F02CFF40B917494FF49972164816F095
:10A2900022FB4FF49971E8E786F31188BFF36F8FC3
:10A2A000204618F025FB206808B118F0C1FD69466A
:10A2B00004F1B80012F086F9694604F1E80012F0E2
:10A2C00081F9694604F1880012F07CF9694604F1CD
:10A2D000580012F077F900212046216018F061FB48
:10A2E0000AB070BDE5E40B00CFD80B00F8B504460A
:10A2F0000E4600F11005EFF31187202383F3128837
:10A30000BFF36F8F284613F0DBFE40B9114984225A
:10A31000114816F0E0FA84210E4816F0D3FA2846C8
:10A3200013F0F2FEA3681BB131462046E26898475D
:10A33000284613F0D3FE40B906494FF499720648F7
:10A3400016F0C9FA4FF49971E6E787F31188BFF365
:10A350006F8FF8BDE5E40B00CFD80B002DE9F0417D
:10A3600004460F46164600F11005EFF3118820232E
:10A3700083F31288BFF36F8F284613F0A1FE40B914
:10A3800010498422104816F0A6FA84210D4816F0D0
:10A3900099FA284613F0B8FE2846C4E9027613F06D
:10A3A0009DFE40B907494FF49972074816F093FA99
:10A3B0004FF49971EAE788F31188BFF36F8FBDE816
:10A3C000F08100BFE5E40B00CFD80B0008B540B921
:10A3D00011495222114816F07EFA52210E4816F009
:10A3E00071FA31B90C4953220C4816F074FA532112
:10A3F000F4E732B908495422084816F06CFA54219F
:10A40000ECE70023C0E90012C0E90233BDE80840D0
:10A41000143014F041BC00BFDD080C00CFD80B0095
:10A420002DE9F04104460F46164600F11005EFF302
:10A430001188202383F31288BFF36F8F284613F00F
:10A440003FFE40B910498422104816F044FA842196
:10A450000D4816F037FA284613F056FE2846C4E990
:10A46000017613F03BFE40B907494FF49972074853
:10A4700016F031FA4FF49971EAE788F31188BFF3C7
:10A480006F8FBDE8F08100BFE5E40B00CFD80B0073
:10A4900070B5044600F11005EFF31186202383F315
:10A4A0001288BFF36F8F284613F00AFE40B9134994
:10A4B0008422134816F00FFA8421104816F002FA8D
:10A4C000284613F021FE217B31B9012323736368F1
:10A4D00013B12046A2689847284613F0FFFD40B903
:10A4E00006494FF49972064816F0F5F94FF4997140
:10A4F000E3E786F31188BFF36F8F70BDE5E40B00CF
:10A50000CFD80B0070B5044600F11005EFF31186AB
:10A51000202383F31288BFF36F8F284613F0D0FDFA
:10A5200040B914498422144816F0D5F98421114801
:10A5300016F0C8F9284613F0E7FD237B3BB1002352
:10A54000237363681BB101212046A26898472846FF
:10A5500013F0C4FD40B907494FF49972064816F04C
:10A56000BAF94FF49971E2E786F31188BFF36F8F60
:10A5700070BD00BFE5E40B00CFD80B002DE9FF4113
:10A58000044630F85C2C50F8641C50F8580C18F055
:10A5900035FC071E40F3EE800026DFF8E08154F81A
:10A5A000643C9D5D14F8543C062B27D8DFE803F08B
:10A5B000323F494E73D3040014F8532C531C18F83F
:10A5C0000220DBB2AA4204F8533C20D10E2B15D155
:10A5D0006B48036813F0060F03D00221694A16F096
:10A5E00041FC002304F8543CA4F16803D3E8EF1FB6
:10A5F00041F00201C3E8E21F002AF7D10136B74259
:10A60000CDD1204604B0BDE8F041FEF70BB80023E1
:10A6100004F8543C0D2D06D1062304F8543C0123C4
:10A6200004F8533CEAE77E2DE8D1012306E07E2DB5
:10A63000E4D00D2DF0D0FF2D25D1032304F8543C98
:10A64000DCE7032385F0200504F8543C7D2D01D17F
:10A650000223F3E7032D16D100220023CDE90023C6
:10A66000002380211A4654F8700C07F09FFB44F831
:10A67000500C50B94248036813F0060F03D0022172
:10A68000414A16F0EFFB0023D8E7042304F8543CBA
:10A690001AF04EFDB2E77E2D54F8500C23D1022162
:10A6A0001AF02BFD54F8502C92F8373043F0800309
:10A6B00082F8373054F8501C54F8700C19F05EFCD6
:10A6C00000280CDA2E48036813F0060F03D002218D
:10A6D0002E4A16F0C7FB54F8500C1AF093FC0023D6
:10A6E00044F8503CA1E71AF0B7FC012802461BD100
:10A6F00000200021CDE90001802154F8500C07F022
:10A7000005FB002810DA1E48036813F0060F03D07B
:10A710001F4A022116F0A6FB54F8500C1AF072FCE6
:10A72000002344F8503C89E77D2D01D1052385E7BE
:10A73000012254F8500C0DF10F018DF80F501AF052
:10A7400086FE0028BFF65AAF0D48036813F0060FC7
:10A75000E2D0104ADDE7012254F8500C85F02005C4
:10A760000DF10F018DF80F501AF071FE0028EBDB90
:10A77000042363E704B0BDE8F08100BF0A090C00C0
:10A780004421022019090C0035090C0059090C005C
:10A7900078090C008F090C002DE9F74F044650F89A
:10A7A000380C38B900220023A4F11C0011F048F83D
:10A7B00044F8380C34F82A2C34F8263C9A420CD150
:10A7C000002324F8283C24F82A3C24F82C3C24F8C4
:10A7D000223C24F8243C24F8263C002800F01C816C
:10A7E00014F83C3C13B9012304F83C3C34F8242C05
:10A7F00034F82C3CA4F130099B1A54F8202CA4F115
:10A800002C0A9BB2D31A514601AA484616F02AFADE
:10A81000804654F8600C019D03F0DAFE4FF0000B07
:10A820000746C34580F0E48014F83C2CA8EB0B06E7
:10A83000013A032A00F2DC80DFE802F00227A3AB32
:10A84000032E40F2D58054F8380C1AF071FC7E22A9
:10A850007D2005F80B20FF2205EB0B014A70887064
:10A8600023210BF10302A95443F6E35224F8342CBC
:10A8700054F8382C0BF1040B92F93720002AB4BF9E
:10A880000322022204F83C2CCBE7032E40F2B080D6
:10A8900054F8382C92F83720C2F30212012A3FD024
:10A8A000022A3FD07148026812F0060F03D002213D
:10A8B0006F4A16F0D7FA002600220DF103018DF839
:10A8C000032034F8340C012217F068FDF6B201229F
:10A8D0000DF1030124F8340C8DF8036017F05EFDD0
:10A8E00017F001011CBF7D22202124F8340C1CBF6D
:10A8F00005F80B200BF1010B05F80B10384631461B
:10A900000BF1010218F0E7FA28B17D2186F020064C
:10A91000A9540BF1020202F1010BAE540322B1E77C
:10A920002126C9E75726C7E7012E61D901220DF17B
:10A93000020154F8380C1AF060FC9DF802200DF169
:10A9400003018DF8032034F8340C012217F026FDA2
:10A950009DF8022024F8340C1146384618F0BBFA52
:10A9600050B14FF07D0382F0200205F80B30013E1C
:10A970008DF802200BF1010B05F80B20013E0BF1C5
:10A98000010B54F8380C1AF0ABFC0028CCD104228F
:10A9900078E7042E2CD934F8342C3846D24392B2BE
:10A9A0005FFA82F824F8342C4146120A18F093FA20
:10A9B00030B17D2188F0200805F80B100BF1010B58
:10A9C0001146384605F80B800BF1010618F083FAA2
:10A9D00028B17D2182F02002A9550BF10206AA556B
:10A9E0007E2206F1020B2E447270002204F83C2CE9
:10A9F0005A465146484616F06BF914F83C3C5BB990
:10AA000054F8380C1AF0FEFA00220023A4F11C00BE
:10AA100010F016FF44F8380CA4F13007A4F1260812
:10AA200006E02A464146384616F052F9B5421AD396
:10AA300034F8262C34F82A3C9A4214D09B1A41460A
:10AA40009BB201AA384616F00DF901990246064656
:10AA500054F8480C18F0B8F9051EE2DA0022414615
:10AA6000384616F035F903B0BDE8F08F44210220D6
:10AA7000A1090C00024638B5084602F10804D4E8E2
:10AA8000AF5F15F0010512D191611577094918F0F2
:10AA900080F9D4E8EF3FC4E8E25F002AF9D1D4E8B6
:10AAA000EF3F43F00103C4E8E23F002AF7D1002062
:10AAB00038BD00BFFB2E0B0038B50025046904F13A
:10AAC0000803D3E8EF2FC3E8E15F0029F9D1A38A97
:10AAD0002269B3F5004F08D30E490F48B22215F092
:10AAE000FAFEB2210B4815F0EDFEC4E90C252364F3
:10AAF00004F16000C4E90E55084911F011FA084943
:10AB000004F1700011F00CFA04F144001DF064F936
:10AB1000284638BDDF050C00CFD80B0099A70900E7
:10AB20007DA5090070B50B6806460C4643B930494F
:10AB30002122304815F0CFFE21212D4815F0C2FE0C
:10AB40008B6833B92A4922222A4815F0C4FE2221F3
:10AB5000F3E7CD68012D06D825492322254815F0B5
:10AB6000BAFE2321E9E715F0010506D02049242289
:10AB7000204815F0B0FE2421DFE70B6933B91C49EA
:10AB800025221C4815F0A7FE2521D6E74B6933B9CD
:10AB900017492622174815F09EFE2621CDE74FF4CF
:10ABA000847229461DF061FB236813493360636892
:10ABB00006F13000736011F075FB06F160000F497B
:10ABC00011F0AEF9304600F0DFF938B121463046D9
:10ABD00000F0ECF948B906F1080070BD04493E22C6
:10ABE000044815F078FE3E21A7E72846F5E700BFA8
:10ABF000C0090C00CFD80B0069300B0063300B008C
:10AC0000F8B5436F04469A4228BF1A4600AF006F5A
:10AC100015461DF004FB2068216F83682A465C6896
:10AC2000114BA0470446E0B1104803685B0715D0FC
:10AC30006E468AB00E4A0F4B05920F4A0894CDE932
:10AC400006254FF40072ADF824206A4642F8103F02
:10AC500000234FF43151F8F739FAB5462046BD4686
:10AC6000F8BD2C46FAE700BF40420F003421022015
:10AC700002050C0005000001FE090C00034610B59A
:10AC80000A4619790123006803FA01F1436804694F
:10AC90001B6819420AD10C490C4840F2A26215F017
:10ACA0001AFE40F2A261084815F00CFE2368194212
:10ACB00018BF82F0010222B18368DB68BDE8104052
:10ACC000184783681B69F9E7170A0C00CFD80B00F7
:10ACD0002DE9F84300F170080546404618F0E2F906
:10ACE0008146002845D02868F8F7A8FD041E0BDA35
:10ACF000214803685B0704D0012123461F4A16F050
:10AD0000BAF82046BDE8F883686810B10121FFF762
:10AD1000B5FF002705F18806D6E8EF3FC6E8E27FD9
:10AD2000002AF9D1D6E8EF3F43F00103C6E8E23F3D
:10AD3000002AF7D1D5F80021286809F10409043A5E
:10AD400083684946DC684FF47A73A047041E0ADA28
:10AD50004946404618F08EF9D6E8EF3FC6E8E27F54
:10AD6000002ACED0F8E705F1080018F078F83C4644
:10AD7000C7E76FF00B04C4E734210220480A0C0037
:10AD800038B5044600F18805D5E8EF3F23F001020D
:10AD9000C5E8E12F0029F7D1D90702D400242046C5
:10ADA00038BD206883689B689847D5E8EF3F23F05B
:10ADB0000402C5E8E12F0029F7D15A0702D4206820
:10ADC00018F06DF9606810B10021FFF757FF206897
:10ADD00000220023F8F742FF041EDFDA044803686C
:10ADE0005B07DCD001212346024A16F044F8D6E77F
:10ADF00034210220640A0C00F0B50B780E4614468C
:10AE000085B002F18805062B11D8DFE803F0042293
:10AE100060395A90A700D5E8EF3F23F00203C5E858
:10AE2000E23F002AF7D104F16000FDF7FBFBD5E813
:10AE3000AF3FD9070BD4D5E8AF3F5A0707D4D5E8C1
:10AE4000AF3F9B0703D404F17800FDF7EBFB05B09F
:10AE5000F0BDD5E8AF3FD90709D54648036813F0E0
:10AE6000060F04D0B3680221434A16F004F8D5E86F
:10AE7000EF3F23F00203C5E8E23F002AD3D0F6E714
:10AE800004F17007384618F00DF906460028CED0B8
:10AE90002068D4F80021836804361B693146043ADF
:10AEA000984703460028C2D032480268520703D0B0
:10AEB0000121324A15F0DFFF3146384618F0DAF842
:10AEC000B5E749680029B2D004F17000F6E74B6895
:10AED000002BACD0D4F89820D4F800119B1A043B76
:10AEE000B3FBF1F301FB0323D3E8EF1F0131C3E808
:10AEF000E21F002AF8D1D6E9013213440293F36825
:10AF000003930023002202A904F1AC001CF042FFCD
:10AF10000346E0B11748026812F0060F05D0F26848
:10AF200002210092164A15F0B0FF7168CCE7D5E80F
:10AF3000AF3FDE077FF57BAFD5E8EF3F43F004027C
:10AF4000C5E8E12F0029F7D158073FF570AF00227F
:10AF5000002304F13000FDF76BFB68E70548036848
:10AF600013F0060F3FF463AF0B790221054A15F089
:10AF700082FF5CE734210220810A0C009D0A0C004C
:10AF8000B10A0C00D40A0C0008B5024600688368B8
:10AF90001B682BB104499847B0FA80F0400908BDFE
:10AFA0006FF05700F8E700BFF9AD0900F8B50327C7
:10AFB000CA6880F804718B6804469B070D460AD066
:10AFC00020494FF4DC72204815F085FC4FF4DC7109
:10AFD0001C4815F077FCCB680C21B3FBF1F001FBAA
:10AFE0001033D21A92FBF7F2042AC4F8002108D8D1
:10AFF00014494FF4DF72144815F06DFC4FF4DF7103
:10B00000E6E73B46A96804F18C001CF0B5FE064655
:10B01000B0B908223B4604F1E80104F1AC0010F09D
:10B02000F7F82B69094923676B6904F178006367B6
:10B0300010F076FF2146064A04F10800FFF7C6F932
:10B040003046F8BDF40A0C00CFD80B006F300B006F
:10B05000D4BF0B0037B504460D4659B930B1184975
:10B0600016F094F96FF0150003B030BD144815F0D8
:10B070001CFCF7E70A22284601A913F09DFF019B5B
:10B080001B786BB13CB12A4620460E4916F07EF97A
:10B090006FF00100E8E729460A4815F006FCF7E7DB
:10B0A000FF28E1D93CB102460749204616F06EF967
:10B0B0006FF02100D8E70146034815F0F6FBF7E7EB
:10B0C0005B0B0C00780B0C008A0B0C0004289ABF59
:10B0D000024B53F820000248704700BFF4BF0B003A
:10B0E0009C0B0C000130C0B203289ABF024B53F8EE
:10B0F00020000248704700BFE4BF0B00AB0B0C0000
:10B100002DE9F3411F46038C06460C461546DDF833
:10B110002080042B30D8DFE803F023032F2B2D00F1
:10B12000416A012005F07EFC728C034652BA92B24D
:10B13000294600922046144A13F014FF06F12C0110
:10B14000012005F06FFC414603463846728D52BA25
:10B1500092B208920C4A02B0BDE8F04113F002BF6F
:10B160000A4A2946204602B0BDE8F04113F0FABE73
:10B17000074AF6E7074AF4E729462046064A02B09E
:10B18000BDE8F04113F0EEBEBB0B0C00C10B0C0090
:10B19000CB0B0C00D50B0C00DC0B0C0050B1036882
:10B1A00043B15A68064B9A4204D109B1054B0B6072
:10B1B0000548704709B905487047054B0B60FAE729
:10B1C00028250220010C0C005D320C00E70B0C005E
:10B1D000F60B0C0008B530B1064B074A074916F0CC
:10B1E000B9F8002008BD034A0349044815F05DFB87
:10B1F000F7E700BF730C0C00860C0C00A50C0C00CC
:10B2000020B1054B054A064916F0A4B8024A034985
:10B21000034815F04ABB00BFEC0C0C00F00C0C000E
:10B22000A50C0C0008B530B1064B074A074916F0CB
:10B2300091F8002008BD034A0349044815F035FB86
:10B24000F7E700BFEC0D0C00920D0C00A50C0C00F4
:10B250001FB500230446019320B31B4916F088F85C
:10B2600001AB1A4802A90393029406F02BFC019B40
:10B270001BBBDCB12046164916F07AF8204615496A
:10B2800016F076F80023144802A9019307F034FB66
:10B29000019B23B9A4B12046104916F069F800209B
:10B2A00004B010BD084815F000FBD9E7084815F0B8
:10B2B000FCFA084815F0F9FAE4E7002CDED1F8E7CB
:10B2C000064815F0F2FAEAE7950F0C0051B40900B0
:10B2D000D70F0C00E70F0C00E1B2090032100C0090
:10B2E0002DE9F0470446D1E9009890B00AAF172243
:10B2F000002138461CF0B9FFA68904AD012E3BD1D0
:10B3000004F11001304605F08DFBE289034652BA84
:10B3100092B2172100922846264A13F023FE04F128
:10B320000801304605F07EFBE288034652BA92B22D
:10B330000092172138461F4A13F014FED8F8006017
:10B34000D4F814A0A089218C0136B9F1000F24D0C3
:10B3500005F01AFA2346CDE900A032464846CDE969
:10B360000257154916F004F8D8F800300133C8F830
:10B37000003010B0BDE8F08726B910492846F3F731
:10B3800069FADBE7032E01D10D49F7E733461721B0
:10B3900028460C4A13F0E6FDD0E705F0F5F95346D0
:10B3A000009022463146CDE90157034815F07DFA59
:10B3B000DAE700BFBB0B0C0051100C00C10B0C00F6
:10B3C000CB0B0C00DC0B0C0008B550B90749084842
:10B3D0004FF4137215F07FFA4FF41371034815F010
:10B3E00071FAB0F86000C0F3C20008BD6C100C0028
:10B3F000CFD80B0008B550B90749084840F277226A
:10B4000015F069FA40F27721034815F05BFAB0F8BD
:10B410006000C0F3811008BD6C100C00CFD80B0089
:10B4200008B550B90849094840F2F22215F053FA1C
:10B4300040F2F221044815F045FA90F96200BDE8A7
:10B44000084004F001BA00BF6C100C00CFD80B000C
:10B450002DE9F04F1725D1E900A7044693B00CAEB3
:10B460002A46002130460DF118081CF0FEFE2A463F
:10B470002046009533464146FFF742FE3D68204690
:10B480000135BAF1000F3DD0FFF7CAFF04F01CFDF3
:10B4900081462046FFF798FF02282AD0012814BFD2
:10B4A0004FF0200B4FF0340B2046FFF7A3FF02288C
:10B4B00022D0012822D0032814BF20235223B4F81D
:10B4C0005E20112A1CD0062A14BF20225422CDE966
:10B4D0000232504623462A46CDE90486CDE9009B38
:10B4E000254915F045FF3B6801333B6013B0BDE8CB
:10B4F000F08F4FF0360BD7E74423E0E75323DEE726
:10B500005522E4E7FFF78CFF04F0DEFC814620467D
:10B51000FFF75AFF022825D0012814BF4FF0200A58
:10B520004FF0340A2046FFF765FF02281DD001289E
:10B530001DD0032814BF20235223B4F85E20112A03
:10B5400017D0062A14BF20225422CDE90132294601
:10B550004B462246CDE903860748CDF800A015F0FA
:10B56000A4F9C0E74FF0360ADCE74423E5E75323AC
:10B57000E3E75522E9E700BFA0100C0008B530B1A1
:10B58000064B074A074915F0E5FE002008BD034AAF
:10B590000349044815F089F9F7E700BFF2100C00E1
:10B5A000F9100C00A50C0C0008B530B1064B074A89
:10B5B000074915F0CFFE002008BD034A034904489F
:10B5C00015F073F9F7E700BF0B110C0019110C000F
:10B5D000A50C0C0008B530B1064B074A074915F019
:10B5E000B9FE002008BD034A0349044815F05DF97F
:10B5F000F7E700BFE6120C00ED120C00A50C0C00E2
:10B6000008B530B1064B074A074915F0A3FE0020E4
:10B6100008BD034A0349044815F047F9F7E700BF9E
:10B620009C130C00A9130C00A50C0C0008B530B13C
:10B63000064B074A074915F08DFE002008BD034A56
:10B640000349044815F031F9F7E700BFBD130C00BA
:10B65000A9130C00A50C0C0008B520B1044915F085
:10B6600079FE002008BD024815F01FF9F9E700BF78
:10B670002A150C0008B530B1064B074A074915F0EA
:10B6800069FE002008BD034A0349044815F00DF97E
:10B69000F7E700BFF5150C0000160C00A50C0C0018
:10B6A00008B530B1064B074A074915F053FE002094
:10B6B00008BD034A0349044815F0F7F8F7E700BF4F
:10B6C000F5150C0000160C00A50C0C0008B530B1E7
:10B6D000064B074A074915F03DFE002008BD034A06
:10B6E0000349044815F0E1F8F7E700BF0A180C0019
:10B6F0000F180C00A50C0C0008B530B1064B074A1A
:10B70000074915F027FE002008BD034A03490448F5
:10B7100015F0CBF8F7E700BF7F180C0090180C006D
:10B72000A50C0C0008B528B1044915F02FFE6FF0E8
:10B73000070008BD014815F0B8F8F8E7BC180C0080
:10B7400070B50121064617F08EFD044620B133493D
:10B750003348F3F77FF80C240221304617F083FDBD
:10B760002F4D30B1C4F1510128192E4A13F0FAFBC4
:10B7700008340321304617F076FD0346C4F1510129
:10B780002819002B45D0284A13F0ECFB0E34052174
:10B79000304617F068FD30B1C4F151012819234A31
:10B7A00013F0E0FB0E340621304617F05CFD30B19B
:10B7B000C4F1510128191E4A13F0D4FB05340721A6
:10B7C000304617F050FD30B1C4F151012819194A23
:10B7D00013F0C8FB05340B21304617F044FD30B19F
:10B7E000C4F151012819144A13F0BCFB06340C2192
:10B7F000304617F038FD30B1C4F1510128190F4A15
:10B8000013F0B0FB07340023254405F8013C04483D
:10B8100070BD0B4A13F0A6FB0B34B8E717190C00E8
:10B82000E263022024190C002D190C003C190C00B5
:10B830004B190C0051190C0057190C005E190C0023
:10B8400030190C002DE9F0434B6804460E4689B0D0
:10B8500013B1834240F0E28000230822204605A96C
:10B86000CDE9053335688DF81C3018F063FF0028EA
:10B8700002DD9DF814301BB98B4905A8F2F7EAFFE9
:10B88000204604A9002D4DD0FFF788FC074620462E
:10B8900004F01AFB8549CDE9007005AA2846234625
:10B8A00015F066FD2846049A814915F061FD002CCB
:10B8B00051D0204617F0E1FC00284AD004F11406CC
:10B8C0004FF0FF324FF0FF3330460FF095FD206808
:10B8D000002800F0C681417C59B11823754A123006
:10B8E000002D4CD004F07EFF73490246284615F027
:10B8F0003FFD30460FF02EFE2268002D46D002B1EB
:10B90000528B6E49284615F033FD2046FFF718FF8D
:10B910006B490246284615F02BFD2368002B48D1C1
:10B92000684A4AE0FFF73AFC0746204604F0CCFAA2
:10B9300005A900903B465D48224614F0B6FF0499E5
:10B940005B4814F0B2FF002CB3D15F4814F0ADFF98
:10B9500005E0002DF9D028465B4915F0FBFC736823
:10B96000002B5BD0002CA9D1584959484FF44372A1
:10B9700014F0B1FF4FF44371544814F0A3FF04F0E6
:10B9800031FF01464C4814F090FFB2E77AB1518B79
:10B990004A4814F08AFF2046FFF7D2FE0146484885
:10B9A00014F083FF2268002A3BD146493DE0294636
:10B9B000EEE71B68002BB3D01A682846454915F0FE
:10B9C000D7FC206800284FD104F096FC00210246E5
:10B9D000204617F048FC404B4049414E002818BF14
:10B9E0000B460921204617F03EFC3E49002818BFAF
:10B9F0003146284600913C4915F0BAFC0621204604
:10BA0000666817F030FC08B1002E37D1002D2FD01A
:10BA10002846364B364A374915F0AAFC09B0BDE82E
:10BA2000F0831268002AC0D011682A4814F03DFF44
:10BA30002068D8B904F060FC00210646204617F0C3
:10BA400012FC264B244A884218BF1A460921204678
:10BA500017F009FC224B2349002808BF0B4631464A
:10BA6000214814F022FFC9E7007FADE7007FE1E73E
:10BA70001E4A1F491F4814F018FFCFE775B1012275
:10BA800028461D4915F074FCF37E990738D4002D23
:10BA900040F0C380194814F008FFB9E001211648AE
:10BAA00014F003FFF0E700BFBCDE0B0086190C00AA
:10BAB0000D2A0C0033640220E7190C00F7190C0062
:10BAC000071A0C0066190C00A4190C00B8190C0018
:10BAD000CFD80B00171A0C0035530C006A190C0054
:10BAE00076560C0083560C002C1A0C00571A0C00CA
:10BAF0005F1A0C00641A0C00831A0C00B51A0C00B3
:10BB00000120311D06F11C07002D62D004F08AFFD0
:10BB100039460446012004F085FF0746307EFFF7D2
:10BB2000D5FA804696F91900FFF7DCFAF37E4E4A03
:10BB300013F0010F4D4B18BF13464D49CDE90103DA
:10BB400022463B462846CDF8008015F011FC022223
:10BB50002846484915F00CFC0023984606F12407B6
:10BB600003F1010906EB4912127FD20716D53946B7
:10BB700001205C01002D55D004F054FF331993F8D7
:10BB80003C303D4913F0020F0246384B284608BFAF
:10BB90000B463A4915F0ECFB08F10108B9F1020F28
:10BBA0004FF0010307F12007DAD16036B8F1000F3A
:10BBB00054D1002D46D02846314915F0D9FB3146E5
:10BBC000012004F02FFF2F490246284615F0D0FB34
:10BBD00024E704F027FF39460446012004F022FF41
:10BBE0000746307EFFF772FA804696F91900FFF794
:10BBF00079FAF37E1C4A13F0010F1C4B18BF134651
:10BC00002146CDE900033A464346194814F04DFE5B
:10BC10000221184814F049FE9EE72846184915F0FD
:10BC2000A7FB94E704F0FEFE331993F83C3001467D
:10BC300013F0020F0D4B104A104818BF1A4614F0AB
:10BC400034FEA9E70E4814F030FE3146012004F01E
:10BC5000E9FE01460B4814F028FEDFE6002DAED1C8
:10BC6000F3E74378FFDE00BF6D190C00EEEB0B002D
:10BC7000A51A0C00BE1A0C0077190C00E21A0C0071
:10BC8000B51A0C00E91A0C0070B551680546FFF7AB
:10BC9000E1F9041E09DB03F0D7FD024668B93DB1A6
:10BCA00022461B49284615F071FB6FF0070627E076
:10BCB0002146174814F0F9FDF7E717F0DEFA30B126
:10BCC00015B122461349EDE721461248F2E7104626
:10BCD00004F01EFB064668B135B1034622462846ED
:10BCE0000D4915F053FBE0E7024621460A4814F0DF
:10BCF000DCFDDAE735B122462846084915F038FB65
:10BD0000304670BD2146054814F0CFFDF8E700BF6E
:10BD1000FC1A0C001B1B0C00381B0C005A1B0C00DF
:10BD200070B551680546FFF795F9041E08DB03F06E
:10BD30008BFD68B93DB122462846154915F026FB12
:10BD40006FF007061CE02146114814F0AEFDF7E73E
:10BD500004F034FB064668B135B103462246284656
:10BD60000C4915F013FBEBE702462146094814F095
:10BD70009CFDE5E735B122462846074915F0F8FA5B
:10BD8000304670BD2146044814F08FFDF8E700BF2F
:10BD9000FC1A0C006E1B0C00921B0C00012938B51C
:10BDA00004461DD803F068FD58B934B120461C493B
:10BDB00015F0ECFA6FF0070011E0194814F075FD6A
:10BDC000F8E704F081F8024624B12046154915F041
:10BDD000CFFA03E00146134814F067FD002038BD98
:10BDE0005168FFF737F9051EE4DB03F02DFD03F082
:10BDF0003DFD03F041FD04F067F885420BD02CB106
:10BE00002A462046084915F0C1FAD3E729460648D4
:10BE100014F04BFDCEE70CB12A46D6E72946DAE707
:10BE2000A81B0C00BE1B0C00D51B0C0073B554687E
:10BE30000546BCB12146FFF70DF9061E09DB03F0EC
:10BE400003FD044670B945B132462846134915F042
:10BE50009DFA6FF0070002B070BD31460F4814F034
:10BE600024FDF6E785B103F007FD04F02DF80C4939
:10BE70000246284615F07CFA0A486946CDE9005486
:10BE800004F018FA0020E6E703F0F6FC04F01CF8D2
:10BE90000146034814F009FDEEE700BFFC1A0C0050
:10BEA000FC1B0C0045B80900F0B5002787B005461B
:10BEB0000E46CF6003F0C8FC04464DB3A0B1012D7F
:10BEC00028D1082203A918F035FC394620468DF800
:10BED0001470FFF763F91C21CDE90004104A1148E2
:10BEE00003AB13F03FF80F4C0F4B7460B360284660
:10BEF00003F0AAFC85B140B1012D0FD12B460421DE
:10BF00000A4A0B4813F02EF80948306007B0F0BD1C
:10BF1000084CE9E73C46E7E70648F6E70020F4E787
:10BF2000141C0C004F640220449F0B0084E00B00A3
:10BF30004B640220EEEB0B0018B1012801D002285F
:10BF400003D1034B53F8300070470248704700BFDD
:10BF5000B4C70B00291D0C002DE9F3411D46002339
:10BF600001932B6804468B42DDF820800BD330B15F
:10BF70001A4915F019FA03236FF0150728E017483E
:10BF800014F093FCF7E752F823600A21304601AA27
:10BF9000FAF7AEF9019F5FB12CB132461049204645
:10BFA00015F002FAE7E731460D4814F07EFCE2E7AF
:10BFB00003F04AFCC8F8040030B914B1324609490C
:10BFC000EDE731460748F0E72B6801332B603B462D
:10BFD000384688F8003002B0BDE8F081311D0C0011
:10BFE000591D0C007B1D0C0010B1034915F0C0B9A0
:10BFF000014814F05ABC00BFA21D0C00F0B587B078
:10C0000004AF0D4608223946044618F093FB18B1D8
:10C0100038460B49F2F71EFC204603F055FF00217D
:10C0200006462046FFF7BAF83346CDE901703021C5
:10C030002846044A009412F095FF07B0F0BD00BFF7
:10C04000E91D0C00F11D0C0030B505460C468DB005
:10C050006946FFF7D3FF284607F01EF834B16A4659
:10C060002046054915F084F90DB030BD69460248F7
:10C0700014F01BFCF8E700BF031E0C0030B50546AA
:10C080000C468DB06946FFF7B9FF284607F022F845
:10C0900034B16A462046054915F06AF90DB030BD45
:10C0A0006946024814F001FCF8E700BF1A1E0C00B4
:10C0B0002DE9F0411C6806468C421D46069F16D2AB
:10C0C00052F82480104940461CF0EBF828B901349E
:10C0D0002C6038700020BDE8F08140460B491CF010
:10C0E000E0F820B9012301342C603B70F2E736B14F
:10C0F0003046074915F058F96FF01500EBE7044892
:10C1000014F0D3FBF8E700BF0CF10B00694B0C00F7
:10C11000311E0C00F0B593B004460E4607F00EF841
:10C1200006A905462046FFF769FF4FF6FF739D42BB
:10C130000CD136B13046384906AA15F019F913B0BA
:10C14000F0BD354806A914F0B0FBF8E7204605F02D
:10C15000800719F083FF34B1246824B10C34D4E88B
:10C16000AF4F04F001046A0705F0010105F0020376
:10C1700005F4005C47BF294A294D2A4D2A4A002B65
:10C1800018BF154626B3294A294B002818BF134665
:10C190002848294A0093002C18BF0246274C2848FB
:10C1A000284B002918BF2046274C2849CDE90120FB
:10C1B000BCF1000F18BF2146254ACDE90351002FDD
:10C1C00008BF13463046234906AA15F0D1F8B6E752
:10C1D000184A194B002C18BF1346184C184A00294E
:10C1E00018BF2246184C1949CDE90032BCF1000FA6
:10C1F00018BF21460E4A0D4BCDE90251002808BF59
:10C20000134613490F4A1348002F08BF0A4606A9D0
:10C2100014F04BFB93E700BF981E0C004C1E0C0063
:10C220005F1A0C00581E0C00531E0C00721E0C00EE
:10C230006E1E0C001F260C00ED250C00781E0C0055
:10C24000801E0C005E1E0C0072530C008A1E0C0037
:10C25000661E0C00AF1E0C002DE9F04701290446B4
:10C26000884691461D46089E01D8012307E057687D
:10C27000344938461CF015F828B902232B60337076
:10C280000020BDE8F08738462F491CF00AF810B9A5
:10C2900002232B60E9E7384616F0FCFF38B12B4645
:10C2A0004A4641462046BDE8F047FFF755BE3846AE
:10C2B00026491BF0F6FF824660BB022398452B609F
:10C2C0000DD144B12046224915F06EF803236FF0DA
:10C2D00015003370D5E71E4814F0E7FAF6E7D9F8F1
:10C2E0000870384604F0F6F803F0AEFA706058B9FA
:10C2F0002CB13A462046174915F056F8E6E739467C
:10C30000144814F0D2FAE1E72B6801332B6086F869
:10C3100000A0B5E7384610491BF0C3FF10B902234F
:10C320002B60BCE744B13A4620460C4915F03CF876
:10C330002046FFF759FEC9E73946084814F0B5FA18
:10C34000F6E700BFD91E0C00DD1E0C00D7470C001D
:10C35000E21E0C00091F0C002F1F0C00331F0C00E5
:10C3600070B50026012386B0CDE904660326039349
:10C3700004AB009303AB04460D468DF81060FFF745
:10C380006BFFA8B9039BAB4209D024B10F492046EB
:10C3900015F00AF80CE00D4814F087FA08E09DF853
:10C3A00010305A1E012A06D82146094803F082FFA0
:10C3B000002006B070BD23B921460598FFF7AAFEFC
:10C3C000F6E70CB10349E2E70248E5E7671F0C0016
:10C3D00015C10900771F0C0070B50026012386B037
:10C3E000CDE904660326039304AB009303AB044634
:10C3F0000D468DF81060FFF72FFFC0B9039BAB42CD
:10C4000009D024B11B49204614F0CEFF0FE0194893
:10C4100014F04BFA0BE09DF81030012B0ED14CB10B
:10C420002046154914F0C0FF2046FFF7DDFD00202F
:10C4300006B070BD104814F038FAF5E7022B0DD1A4
:10C4400044B120460D4914F093FF21460C4803F0F7
:10C4500031FFECE7094814F028FAF6E723B9214642
:10C460000598FFF7F1FDE2E70CB10649CBE7054877
:10C47000CEE700BF671F0C00911F0C00AB1F0C0024
:10C4800049C00900771F0C0070B50026012386B053
:10C49000CDE904660326039304AB009303AB044683
:10C4A0000D468DF81060FFF7D7FEC0B9039BAB4275
:10C4B00009D024B11B49204614F076FF0FE019483B
:10C4C00014F0F3F90BE09DF81030012B0ED14CB1B4
:10C4D0002046154914F068FF2046FFF785FD00202F
:10C4E00006B070BD104814F0E0F9F5E7022B0DD14D
:10C4F00044B120460D4914F03BFF21460C4803F09F
:10C50000D9FEECE7094814F0D0F9F6E723B9214643
:10C510000598FFF7B3FDE2E70CB10649CBE7054804
:10C52000CEE700BF671F0C00911F0C00C11F0C005D
:10C530007DC00900771F0C0070B50026012392B062
:10C54000CDE904660326039304AB009303AB0446D2
:10C550000D468DF81060FFF77FFEC0B9039BAB421C
:10C5600009D024B12A49204614F01EFF0FE02848C4
:10C5700014F09BF90BE09DF81030012B0ED14CB15B
:10C580002046244914F010FF2046FFF72DFD00201F
:10C5900012B070BD1F4814F088F9F5E7022B0CD1DA
:10C5A0003CB120461C4914F0E3FE012007F0AEF830
:10C5B000EDE7194814F079F9F7E71BBB059D06A9CB
:10C5C0002846FFF71BFD284619F048FD58B92CB145
:10C5D0002046124906AA14F0E7FED8E70F4806A93C
:10C5E00014F063F9D3E744B120460D4906AA14F0CC
:10C5F000BFFE284619F05AFDC9E7094806A914F0FC
:10C6000054F9F6E70CB10749ADE70648B0E700BFBB
:10C61000671F0C00911F0C00D71F0C0007200C0097
:10C6200050200C00771F0C0070B50026012392B03B
:10C63000CDE904660326039304AB009303AB0446E1
:10C640000D468DF81060FFF707FEC0B9039BAB42A3
:10C6500009D024B12A49204614F0A6FE0FE028484C
:10C6600014F023F90BE09DF81030012B0ED14CB1E2
:10C670002046244914F098FE2046FFF7B5FC002020
:10C6800012B070BD1F4814F010F9F5E7022B0CD161
:10C690003CB120461C4914F06BFE012007F04EF817
:10C6A000EDE7194814F001F9F7E71BBB059D06A952
:10C6B0002846FFF7A3FC284619F0D0FC58B92CB146
:10C6C0002046124906AA14F06FFED8E70F4806A9C3
:10C6D00014F0EBF8D3E744B120460D4906AA14F054
:10C6E00047FE284619F035FDC9E7094806A914F0A8
:10C6F000DCF8F6E70CB10749ADE70648B0E700BF44
:10C70000671F0C00911F0C0072200C00A5200C006C
:10C71000F1200C00771F0C0070B50026012392B0A9
:10C72000CDE904660326039304AB009303AB0446F0
:10C730000D468DF81060FFF78FFD38B9039BAB42B3
:10C740000BD034B12149204614F02EFE002012B047
:10C7500070BD1E4814F0A9F8F8E79DF81030012BC1
:10C7600004D10CB11A49EEE71948F3E7022B0CD1BA
:10C770003CB12046174914F0FBFD012006F0A2FF52
:10C78000E4E7144814F091F8F7E7D3B9059D06A93A
:10C790002846FFF733FC64B120460F4906AA14F07F
:10C7A000E7FD20460D4914F0F1FD284603F0B0FDE9
:10C7B000CCE7094806A914F078F8084814F075F891
:10C7C000F3E70CB10649BEE70548C3E7671F0C0055
:10C7D000911F0C0015210C003E210C0059210C006A
:10C7E000771F0C0070B50026012392B0CDE90466D6
:10C7F0000326039304AB009303AB04460D468DF868
:10C800001060FFF729FDC0B9039BAB4209D024B1EA
:10C810002549204614F0C8FD0FE0234814F045F8E0
:10C820000BE09DF81030012B0ED14CB120461F4972
:10C8300014F0BAFD2046FFF7D7FB002012B070BD00
:10C840001A4814F032F8F5E7022B0CD13CB120461F
:10C85000174914F08DFD012006F046FFEDE714485E
:10C8600014F023F8F7E7D3B9059D06A92846FFF78A
:10C87000C5FB64B120460F4906AA14F079FD204695
:10C880000D4914F083FD284603F098FDD5E70948CB
:10C8900006A914F00AF8084814F007F8F3E70CB1F9
:10C8A0000649B6E70548B9E7671F0C00911F0C0061
:10C8B00095210C00C0210C00DD210C00771F0C001D
:10C8C00000232DE9F04F93B0CDE904338DF80B3000
:10C8D00003234FF0010904AF8DF81030009703AB2C
:10C8E00004460E461546CDF80C90FFF7B5FC58B936
:10C8F0009DF810304B450FD154B120468A4914F0B1
:10C9000053FD2046FFF770FB002013B0BDE8F08F09
:10C91000854813F0CAFFF4E7022B09D124B18349FB
:10C92000204614F041FDEFE7804813F0BEFFEBE72F
:10C9300023B10CB17E49F3E77D48F6E70DF10B0317
:10C9400000932A463146204603ABDDF81480FFF7FA
:10C95000AFFB07460028D7D1DDF80CA0564520D8FC
:10C960009CB12046734914F01FFD2046724914F013
:10C97000FFFC724D55F8372074B12046704914F011
:10C98000F7FC0137032FF5D1BEE76A4813F08DFF9E
:10C99000694813F08AFFECE71146694813F085FFF8
:10C9A000EFE755F82A70674938464FEA8A0B1BF0C3
:10C9B00078FC50B1384664491BF073FCA0B138468E
:10C9C00062491BF06EFC88B902205C4A9DF80B900E
:10C9D0000AF1010302EBC002B9F1010F17790393C9
:10C9E00010D04FF0000A2AE04846EEE72CB13A4654
:10C9F0005749204614F0D8FC86E73946544813F0CE
:10CA000054FF81E7B34237D25D446D6851492846EF
:10CA10001BF047FC70B128464F491BF042FC48B15F
:10CA200028464E491BF03DFC20B128464C491BF0DE
:10CA300038FC48B90AF102034FF0010A0393B342EC
:10CA400021D0F4B147496BE7284647491BF029FC40
:10CA500070B1284645491BF024FC48B1284644499A
:10CA60001BF01FFC20B1284642491BF01AFC18B9E4
:10CA70000AF102030393B4E70CB13F4950E73E4883
:10CA800053E7384851E706AD40462946FFF7B6FA66
:10CA9000404619F0E3FA30B914B12A463749A8E7FD
:10CAA00029463648ABE7B9F1010F21D13946524644
:10CAB000404619F0DAFA3846FFF73EFA014664B10B
:10CAC0002A4A254B2E49BAF1000F08BF13460246E9
:10CAD0000095204614F04CFC16E72B4623481E4ACE
:10CAE000BAF1000F08BF0246254813F0DEFE0BE73F
:10CAF0003946404619F030FB02463846FFF71CFA2B
:10CB000001464CB1194B1448002A18BF03460A4687
:10CB100000931C492B46DCE714480F4B002A08BF42
:10CB200003462A461748E0E7911F0C001B220C0021
:10CB3000771F0C0041220C0059220C00B4C70B00D7
:10CB400073220C0079220C0084220C0094220C0029
:10CB5000A1220C00BA220C001A2B0C009FE00B0043
:10CB6000BE220C00671F0C00C3220C008D3B0C0082
:10CB7000BCE90B00C6220C00CC220C00EB220C00FE
:10CB800046230C0077230C0001232DE9F04792B0D7
:10CB900003930023CDE904338DF80B30032304AD58
:10CBA0008DF81030009503AB044688461746FFF712
:10CBB00053FB58B99DF81030012B0FD154B12046CA
:10CBC000564914F0F1FB2046FFF70EFA002012B090
:10CBD000BDE8F087514813F068FEF4E7022B09D155
:10CBE00024B14F49204614F0DFFBEFE74C4813F027
:10CBF0005CFEEBE723B10CB14A49F3E74948F6E79D
:10CC00000DF10B0300933A464146204603ABDDF895
:10CC10001490FFF74DFA05460028D7D19DF80BA0D8
:10CC2000BAF1010F11D1039E0690464504D30CB111
:10CC30003D49D7E73C48DAE757F826703B49384684
:10CC40001BF02FFB38B901360396039B43451ED0DA
:10CC5000DCB13749C6E7384616F01CFB30B97CB169
:10CC60003A463449204614F09FFBAFE70A21384684
:10CC700006AAF9F73DFB069B0546002BE3D0EEE73D
:10CC800039462C4813F011FEA0E72948AFE7484683
:10CC900006A9FFF7B3F9484619F0E0F930B914B125
:10CCA000254906AADEE7244806A9EBE7BAF1010FF9
:10CCB0001CD12946484619F0A8FA64B11F4A204BF6
:10CCC0002049002D08BF134600932B4606AA204694
:10CCD00014F04EFB7AE71A4A184B1A48002D18BF79
:10CCE00013462A4606A913F0E0FD6FE7484619F0FF
:10CCF0007CFA02464CB11149114B06AA002808BF24
:10CD00000B46114900930346E1E70D490B4B002800
:10CD100018BF0B460C4806A9E5E700BF911F0C00A1
:10CD2000D0230C00771F0C00F8230C00DD1E0C0034
:10CD3000671F0C0020240C003C240C00B9230C00BD
:10CD4000C7230C009A240C00CE240C0013B5044613
:10CD500058B3244A244914F00BFB2046234A2449A3
:10CD600014F006FB2046214A224914F001FB20461C
:10CD70001E4A214914F0FCFA012220461F4914F0F2
:10CD8000F7FA012220461E4914F0F2FA0222204648
:10CD90001C4914F0EDFA0094002469461A480194E5
:10CDA00003F088FA204602B010BD0E490E4813F079
:10CDB0007CFD0E490E4813F078FD0C490D4813F028
:10CDC00074FD0A490C4813F070FD01210B4813F063
:10CDD0006CFD01210A4813F068FD0221094813F097
:10CDE00064FDD8E7571A0C00E6260C0016270C0045
:10CDF0001F270C004F270C007F270C00AF270C00CB
:10CE0000F2270C0035280C00F1D009000329F7B5F2
:10CE1000044616460CD038B11D4914F0C5FA6FF01F
:10CE20000705284603B0F0BD194813F03EFDF6E7AC
:10CE30005168FEF70FF9051EF1DB02F005FD07460C
:10CE400058B92CB12A462046124914F09FFAE6E759
:10CE50002946104813F029FDE1E7B168012001AA35
:10CE600003F0F6FD054668B1B26834B120460A49C0
:10CE700014F09AFA6FF01505D3E71146064813F03F
:10CE800014FDF7E7384601A917F007FBC9E700BF13
:10CE900078280C00FC1A0C00AE280C002DE9F04399
:10CEA000022904468946174685B00AD828B14A495E
:10CEB00014F07AFA6FF0150514E0474813F0F5FC0A
:10CEC000F8E75168FEF7C6F8061E09DB02F0BCFC65
:10CED000804680B954B132462046404914F056FA93
:10CEE0006FF00705284605B0BDE8F08331463B48A2
:10CEF00013F0DBFCF4E7B968012002AA03F0A8FDF7
:10CF0000054658B1BA6824B13549204614F04CFAA8
:10CF1000D0E71146324813F0C8FCCBE702A816F060
:10CF2000CAF90346F8B12A46404602A905F0E2FED6
:10CF3000071ED7DA012002A95CB103F073FDCDE929
:10CF400000670346274A2046274914F02DFA3D463C
:10CF5000C8E703F067FD334602462249224800979E
:10CF600013F0A3FCF3E7B9F1030F05D114B1204688
:10CF70001E499DE71D48A1E70322404602A902F091
:10CF8000CDFDA8B9012002A954B103F04BFD3346F1
:10CF900002461749204614F007FA6FF00B05A1E787
:10CFA00003F040FD32460146114813F07EFCF4E7E1
:10CFB000F968012003AA03F04BFD30B1FA680CB107
:10CFC0000C49A2E711460B48A5E7404603AA02A96F
:10CFD00017F03DFA86E700BFC3280C00FC1A0C00CE
:10CFE000AE280C00FE280C0003290C0037290C0089
:10CFF0004C290C0073290C0003292DE9FF4104463C
:10D0000017460AD028B1344914F0CEF96FF015054F
:10D0100014E0314813F049FCF8E75168FEF71AF8BC
:10D02000061E09DB02F010FC804680B954B132467E
:10D0300020462A4914F0AAF96FF00705284604B0E3
:10D04000BDE8F0813146254813F02FFCF4E7B968BC
:10D05000012003AA03F0FCFC054658B1BA6824B1CC
:10D0600020461F4914F0A0F9D0E711461C4813F0E0
:10D070001CFCCBE703A816F01EF903A9E8B1404653
:10D0800005F074FE071ED9DA012003A95CB103F094
:10D09000C9FCCDE900670346124A2046124914F044
:10D0A00083F93D46CAE703F0BDFC334602460D490D
:10D0B0000D48009713F0F9FBF3E7404617F04CFAE0
:10D0C0000028BBD1BA6824B12046084914F06CF995
:10D0D000B2E711460548B7E787290C00FC1A0C0097
:10D0E000AE280C00B5290C0003290C00BB290C004C
:10D0F0002DE9F04F0C680646456887B0D4B102F0C0
:10D10000E3FE05A907463046FEF748F83A4664496B
:10D1100000903346204614F02BF92046059A6149C9
:10D1200014F026F9EDB920465F4914F021F907B053
:10D13000BDE8F08F02F0C8FE05A907463046FEF7AD
:10D140002DF8394603463246554813F0AEFB059993
:10D15000544813F0AAFB002D44D1534813F0A5FB0B
:10D16000E5E72046514914F003F92046504914F0F0
:10D17000FFF8EB7E99073CD4002C7FD020464D4928
:10D1800014F0F6F820464C4914F0F2F8002705F1A7
:10D19000340605EB471393F83C30DA071AD536F816
:10D1A000140C012816D1454ADFF81481C3F340035B
:10D1B000002B08BF9046A6F11001002C65D0D6E8E0
:10D1C000AF9F03F02FFC4B460090424620463D495E
:10D1D00014F0CEF87B1C022B4FF0010706F120065D
:10D1E000D7D1A4E7314813F060FB314813F05DFB61
:10D1F000BFE72E88012EBFD1287E05F1140B05F163
:10D20000040905F11C0AECB1FDF760FF074695F92A
:10D210001900FDF767FF8046DBE8AFBF494630469F
:10D2200003F000FC51468146304603F0FBFB4346C9
:10D23000CDE901903A4620462349CDF800B014F0DC
:10D2400097F899E7FDF742FF074695F91900FDF7B2
:10D2500049FF8046DBE8AFBF4946304603F0E2FBBA
:10D2600051468146304603F0DDFB5B46CDE9009038
:10D2700042463946144813F018FB7DE70D4813F079
:10D2800014FB0D4813F011FB80E7D6E8AF9F03F0C5
:10D29000C9FB4A46034641460A4813F006FB99E794
:10D2A000D0290C00FC290C002C2A0C00562A0C005A
:10D2B000612A0C009A2A0C00A82A0C00C3220C0038
:10D2C000BA220C00BC2A0C00832A0C0008B530B12D
:10D2D000054A064914F04CF86FF0070008BD0249F2
:10D2E000024813F0E2FAF7E716270C00BC2B0C00FB
:10D2F00007B5094B48B10093084A094B094914F096
:10D3000029F8002003B05DF804FB054A03490548ED
:10D3100013F0CBFAF5E700BF531E0C00B6360C0035
:10D32000EC2B0C00FC2B0C0008B530B1064B074A67
:10D33000074914F00FF8002008BD034A03490448C8
:10D3400013F0B3FAF7E700BF531E0C00EC2B0C00F0
:10D35000A50C0C001FB5044603AB684602AA01A940
:10D3600004F010FC002C2DD080222046274913F019
:10D37000FFFF2046264913F0FBFF2046254913F006
:10D38000F7FF009A20465369234913F0F1FF019AF1
:10D3900020465369214913F0EBFF029A2046138C73
:10D3A0001F4913F0E5FF039A2046138C1D4913F023
:10D3B000DFFF20461C4B1D4A1D4913F0CBFF002008
:10D3C00004B010BD8021114813F06FFA104813F01B
:10D3D0006CFA104813F069FA00990F484A6913F083
:10D3E00064FA01990D484A6913F05FFA02990C48F2
:10D3F0000A8C13F05AFA03990A480A8C13F055FA6A
:10D40000094A0A490A4813F050FAD8E75A2D0C0085
:10D41000742D0C008B2D0C00A02D0C00AA2D0C00DF
:10D42000B42D0C00C32D0C00D22D0C00E52D0C00EA
:10D43000A50C0C0008B520B1044913F08BFF0020A7
:10D4400008BD024813F031FAF9E700BF2D2E0C0099
:10D4500073B5036852F823409D00A67896B1023454
:10D460000E49022220461AF040FF0023002814BF74
:10D470000A211021204601AA0193F8F715FF019B0C
:10D480002BB102E001338B4203D34FF0FF3002B0E7
:10D4900070BD03602A445468E2E700BF832E0C008D
:10D4A00010B50A44914200D110BD11F8013B032B85
:10D4B000F8D1074C20460FF03FF804F1300004F09B
:10D4C0007FFE0022206E1146BDE81040F8F772BEC4
:10D4D000D04502202DE9F04F002691464FF0FF374E
:10D4E0004FF47A7204460D4601234FF0040A4FF0C0
:10D4F000030BB04687B003970292AB42059309D362
:10D50000B8F1000F70D1002C6AD02046694913F0A1
:10D510003DFF30E059F8232013782D2B5ED153784E
:10D52000692B2BD009D8512B48D0632B13D0492B12
:10D530002CD0002C4FD060491AE0702B35D0732BC3
:10D54000F7D14A46294605A8FFF782FFB0F5803F8C
:10D55000824627D307E04A46294605A8FFF778FF09
:10D56000B0F1000B1EDA059B59F8232074B3534920
:10D57000204613F00BFF6FF0070063E04A46294690
:10D5800005A8FFF765FF031E0293EBE74A4629460D
:10D5900005A8FFF75DFF031E0393E4DB02F054F9D7
:10D5A0000028E0D0059B0133A7E74A46294605A895
:10D5B000FFF74EFF0746FF28F4D9D4E74A4629462D
:10D5C00005A8FFF745FF0646FF28F5E711463B484B
:10D5D00013F06BF9CFE711463748F9E79046E1E7DA
:10D5E000344813F062F9C6E7354D80220021284601
:10D5F0001AF03BFE284633490EF054FE029BC5E963
:10D60000184BAB66AF6785F87660A5F874A001206B
:10D61000414605F1480203F01BFA0346D0B9012147
:10D62000294AA5F844100092024605F1300004F0A2
:10D6300087FD002818DA44B12046244A244913F013
:10D64000A5FE002007B0BDE8F08F2049204813F068
:10D650002CF9F6E724B120461E4913F097FEF0E7B7
:10D660001C4813F022F9ECE7039802F0EDF850B9EA
:10D67000B5F84430012B06D105F1480016F0E4FE60
:10D6800008B902F0F9F8E8657CB142462046124933
:10D6900013F06EFE204600221049F8F78BFD0022A1
:10D6A000002307480EF042FFCBE741460A4813F03B
:10D6B000FCF8EFE7B22E0C00972E0C00862E0C0023
:10D6C000D045022041D809000DD709005F1A0C008F
:10D6D000C72E0C00EE2E0C00022F0C00A1D4090066
:10D6E00010B504460EF028FF04F1300004F068FD88
:10D6F0000022206E1146F8F75DFD206E0821BDE87E
:10D700001040014A13F019BEEEEB0B002DE9F04F6B
:10D710000D464FF0040900218DB00DF12008166868
:10D7200040461022CDE906191AF09FFD284606A9A9
:10D7300004F04EFB0446002877D03D4F0388B7F82D
:10D740006C205BBA9BB29A426FD143883A6F5BBA46
:10D750009BB2934269D14946284617F038FD00280C
:10D7600003DA02200DB0BDE8F08F284617F0B8FDAF
:10D77000032815D9284605A917F054FD0028F0D133
:10D780001AF00AF8059B1021C01A4FF47A7305901D
:10D790005843284B284AB0FBF3F3404611F0E2FB14
:10D7A0007588D7F860906DBAADB20120043D06F1DE
:10D7B0000C0106F1100AB9F1000F20D003F032F984
:10D7C00051468346012003F02DF9CDF80C80337AC1
:10D7D0001A49029362885B4652BA92B2CDE90002BE
:10D7E0002A46484613F0C4FD63887A6E5BBA9BB242
:10D7F000934202D10E48FFF773FF0020B2E703F017
:10D8000011F951468146012003F00CF9CDF808804A
:10D81000327A0346019261884A4649BA89B2009138
:10D820000648294613F041F8DEE701209AE700BFD9
:10D83000D045022040420F000B2F0C00162F0C0089
:10D8400070B50446056E88B0022103A814F0A3FD4C
:10D85000BDF80C30626EA4F86C30236F0133934234
:10D8600023670DD945B12846254913F073FD20469D
:10D87000FFF736FF08B070BD214813F016F8F6E741
:10D8800035D247F6122C40F2E7300021A66E4FF455
:10D890007A720023E6FB0C01F0F7B8FF02460B4654
:10D8A00020460EF043FEB4F86C3004F14402ADF8AB
:10D8B0000C30236F04F13000ADF80E3094F8763060
:10D8C0008DF81030A36F059300230693B4F87430DD
:10D8D00000940793E16D03AB17F0EAFD02460028C0
:10D8E000C8D045B12846074913F050FDBFE74FF2B5
:10D8F00024420023D4E70146024812F0D6FFB6E7DF
:10D90000452F0C00532F0C002DE9F04155680446BB
:10D910002B781746302B86B003D16B78782B08BF55
:10D9200002352846F0F79EFF0DF114080146042346
:10D930004246284613F0F5F828B100231E46013868
:10D94000002809DAA6B97A686CB15E49204613F05E
:10D950002BFD6FF007003FE018F8002001389A40D7
:10D9600016430833ECE71146564812F09EFFF0E7E5
:10D970000023414604A81A4604F004F931460498ED
:10D9800015F0A5FC58B93146059815F0A0FC30B942
:10D990007A680CB14C49D9E711464B48E5E7B568C0
:10D9A00006F11C07DCB132462046484913F0E0FC82
:10D9B000D7E8AF3F46493246204613F0D9FC05BBB5
:10D9C0002046444913F0D4FC2046424913F0D0FCD1
:10D9D000B568002D50D1002006B0BDE8F081314679
:10D9E0003A4812F062FFD7E8AF2F3948314612F0BB
:10D9F0005CFF15BB374812F058FF364812F055FF50
:10DA0000E6E72046344913F0B3FC9DB114B3D7E8E0
:10DA1000AF3F6A8A02926869E968091A521A92B29B
:10DA200001922A8A204600922C492A4613F0A0FC33
:10DA30006D6835B9002CC3D1DCE7274812F035FFFB
:10DA4000E3E724B12046244913F092FCDEE72248A4
:10DA500012F02BFFD7E8AF2F698AB5F810C00191FB
:10DA60006B69E868C01A091A89B2009163462946B1
:10DA70001A4812F01AFFDBE72B7A002BABD0BCB1AF
:10DA800032462046164913F073FC00263146013613
:10DA90009CB10A462B462046124913F069FC2A8A9B
:10DAA000E9682046F8F794FA6D68002DEED192E708
:10DAB00031460B4812F0F9FEE7E72A46094812F012
:10DAC000F4FEECE719300C0046300C0072300C000C
:10DAD0008C300C00EDEB0B0094300C0097300C00F8
:10DAE000AA300C00CC300C0008B530B1064B074A08
:10DAF000074913F02FFC002008BD034A03490448DE
:10DB000012F0D3FEF7E700BF24310C003E310C00C9
:10DB1000A50C0C0020B1054B054A064913F01ABCB0
:10DB2000024A0349034812F0C0BE00BFAC310C00EA
:10DB300084310C00A50C0C0008B530B1064B074A27
:10DB4000074913F007FC002008BD034A03490448B5
:10DB500012F0ABFEF7E700BF5D320C00FC310C00A9
:10DB6000A50C0C0008B530B1064B074A074913F065
:10DB7000F1FB002008BD034A0349044812F095FE5A
:10DB8000F7E700BF5D320C0021320C00A50C0C0041
:10DB900008B520B1044913F0DDFB002008BD0248A0
:10DBA00012F083FEF9E700BF85320C0008B530B1F2
:10DBB000064B074A074913F0CDFB002008BD034A76
:10DBC0000349044812F071FEF7E700BFD8320C0099
:10DBD000E6320C00A50C0C0007B5094B48B10093C8
:10DBE000084A094B094913F0B5FB002003B05DF862
:10DBF00004FB054A0349054812F057FEF5E700BF4C
:10DC0000531E0C00B6360C00EC2B0C00F7320C0047
:10DC100007B5094B48B10093084A094B094913F06D
:10DC200099FB002003B05DF804FB054A0349054851
:10DC300012F03BFEF5E700BF531E0C00B6360C0099
:10DC4000EC2B0C003F330C0010B5044650B10A49D0
:10DC50000A4B0B4A13F07EFB20460A4913F07AFB6D
:10DC6000002010BD054A0649034812F01EFE054873
:10DC700012F01BFEF4E700BFA50C0C0019340C00D9
:10DC80002C340C005C340C0008B530B1064B074A4C
:10DC9000074913F05FFB002008BD034A034904480D
:10DCA00012F003FEF7E700BF0B3E0C0099340C00A6
:10DCB000A50C0C00F0B5002787B005460E46CF60D6
:10DCC00001F0C2FD04464DB3A0B1012D28D10822B8
:10DCD00003A916F02FFD394620468DF81470FDF784
:10DCE0005DFA1C21CDE90004104A114803AB11F084
:10DCF00039F90F4C0F4B7460B360284601F0A4FD56
:10DD000085B140B1012D0FD12B4604210A4A0B48A1
:10DD100011F028F90948306007B0F0BD084CE9E778
:10DD20003C46E7E70648F6E70020F4E7141C0C0041
:10DD30006F640220489F0B0084E00B006B6402209C
:10DD4000EEEB0B0008B520B1044913F003FB0020F3
:10DD500008BD024812F0A9FDF9E700BF85320C00AA
:10DD600008B530B1064B074A074913F0F3FA002013
:10DD700008BD034A0349044812F097FDF7E700BFC6
:10DD800029370C00A3360C00A50C0C00F7B50C4687
:10DD900099B3084617F0A4FA194D07462868A0B1B0
:10DDA000184913F0E5FA0026B74208D001222046B0
:10DDB0000DF1070117F021FA00282B6809DA28680D
:10DDC000A8B9114812F071FD14E00E4812F06DFD73
:10DDD000E9E79DF807202BB118460C4913F0C8FA63
:10DDE0000136E1E71146094812F05FFDF8E7064900
:10DDF00013F0BEFA204617F005F903B0F0BD00BFDE
:10DE0000A857022077370C00EDEB0B00BCE70B00A6
:10DE100008B5074B186838B1064913F0A9FABDE8F0
:10DE2000084005480DF084BD024812F03EFDF6E7BB
:10DE3000A85702208D370C006023022010B5124B2A
:10DE40000446186818B1B0F86030DB070BD434B161
:10DE500020460E4913F09AFA6FF0150008E00B48BF
:10DE600012F023FDF8E703F0B1FA021E01DB0020F7
:10DE700010BD24B12046064913F088FAF7E7114691
:10DE8000034812F012FDF2E7AC5702209B370C005A
:10DE9000C7370C002DE9F04300258BB00329044659
:10DEA000164607950AD828B1604913F06FFA6FF04B
:10DEB000150536E05D4812F0F8FCF8E7D2F804905A
:10DEC000B0682A4607A911F077F8D6E90227079B20
:10DED00080469A4205D114B120465549E5E7544899
:10DEE000E9E74846CDE90855F0F7BCFC514E01463C
:10DEF00008AA484616F0F2FD33681BB1B3F860304B
:10DF0000DB0718D4112202214A4BBDF8200003F090
:10DF1000A7F9051E0EDA44B12A462046464913F0F9
:10DF200035FA28460BB0BDE8F0832946424812F086
:10DF3000BCFCF6E70125414B1C60BDF82030012BED
:10DF40000DD198FA98F809A8ADF8228016F07CFA5D
:10DF5000C0B99CB13A49204613F018FA05E044B123
:10DF6000384A3949204613F011FA002D4ED10025C8
:10DF7000D7E73449344812F098FCF6E7304812F0FD
:10DF800094FCF2E7D6F8008001F09EFF88F862006A
:10DF90004FF00008CDF80080002200232B493068A4
:10DFA00003F0D8FC021E05DA0CB12949DAE7114664
:10DFB0002748E0E73846F0F755FC264BD6F80090A6
:10DFC00002464FF0FF314FF0FF3001930823CDE9B7
:10DFD0000201009339464846CDF8108008AB16F090
:10DFE0002BFE021E05DA0CB11B49BBE711461A488D
:10DFF000C1E74FF22442002318480DF003FD0B3017
:10E00000B3D10CB11649A6E71548B8E7306803F05C
:10E01000DDF9021EABDA24B12046124913F0B6F93D
:10E02000A5E711460F4812F040FCA0E7E3370C00CB
:10E0300014380C00AC57022029380C00A8570220D5
:10E040006E380C00EF360C0046380C008DDD0900F0
:10E0500092380C0011DE0900B4380C006023022055
:10E06000D0380C00EB380C002DE9F04315460022A7
:10E0700087B00229044603920DD840B1544913F0E9
:10E0800085F96FF01505284607B0BDE8F0835048C4
:10E0900012F00BFCF5E7A86803A9D5F8049010F07E
:10E0A0008BFFAA68039B07469A4205D114B120460C
:10E0B0004849E4E74748EBE7474E33687BB1B3F89C
:10E0C0006030DB070BD534B12046444913F05EF9CC
:10E0D0006FF07705D7E7414812F0E7FBF8E74FF01C
:10E0E00000084846CDE90488F0F7BCFB04AA0146C5
:10E0F000484616F0F3FC11220221374BBDF8100000
:10E1000003F0AEF8051E0BDA2CB12A46204634493E
:10E1100013F03CF9B7E72946314812F0C6FBB2E7E5
:10E12000304B1C60BDF81030012B17D17FBA05A809
:10E13000ADF8127016F088F900BBDCB120462A4910
:10E1400013F024F9306803F041F9021E32DA002C92
:10E1500038D02046254913F019F92BE02CB1244A78
:10E160002449204613F012F9ECE72149214812F026
:10E170009CFBE7E71C4812F098FBE3E7356801F0E9
:10E18000A3FE082285F8620004A9306803F052F962
:10E19000021E05DA0CB11849E3E711461648E6E716
:10E1A000CDF80080002200231449306803F0D2FB30
:10E1B000021E01DB002566E70CB11149D1E71146CB
:10E1C0000F48D4E71146094812F06FFBF2E700BF91
:10E1D00008390C0014380C00AC57022039390C00F7
:10E1E00029380C00A85702206E380C00EB380C00C0
:10E1F00059390C0046380C005E390C008DDD0900E1
:10E200007F390C0008B530B1064B074A074913F0B7
:10E21000A1F8002008BD034A0349044812F045FB59
:10E22000F7E700BF373A0C00513A0C00A50C0C0080
:10E2300008B530B1064B074A074913F08BF80020A8
:10E2400008BD034A0349044812F02FFBF7E700BF5B
:10E25000853B0C007A3B0C00A50C0C0008B530B1D6
:10E26000064B074A074913F075F8002008BD034A1A
:10E270000349044812F019FBF7E700BF0D3C0C00FE
:10E28000173C0C00A50C0C0010B50446064B074AC1
:10E29000074913F06DF82046064B074A044913F06E
:10E2A00067F8002010BD00BF683C0C006C3C0C00FF
:10E2B0007B3C0C009A3C0C00C03C0C0008B530B113
:10E2C000064B074A074913F045F8002008BD034AEA
:10E2D0000349044812F0E9FAF7E700BFEF3D0C00EC
:10E2E000543E0C00A50C0C0008B530B1064B074A93
:10E2F000074913F02FF8002008BD034A03490448DA
:10E3000012F0D3FAF7E700BFFD3D0C00163E0C00FB
:10E31000A50C0C002DE9F041069D1E46284615F07F
:10E320001CF82D4B1746834253D1284615F01AF896
:10E330000446284615F030F8C0B1284601F00EF822
:10E34000264B9E4208BF022F14D1254D01212046A5
:10E3500000F0A4FF2B68002B3BD020469B68984719
:10E360002B682046BDE8F0411B691847284601F09C
:10E3700003F8E5E79E4208BF012F2AD1284615F091
:10E380000BF840B994F8D8322BB1154B1968E1B9A4
:10E39000204600F083FF284614F0FEFFC8B1C5B147
:10E3A0000A21284614F0EEFF98B10D4D296811B9E5
:10E3B000204600F073FF94F8D83253B12B68204602
:10E3C000BDE8F0415B69074918472046CB6898478C
:10E3D000E1E7BDE8F08100BF28250220000010D051
:10E3E000B0570220B6430C0038B500200D490EF09E
:10E3F0005FF900254FF0FF324FF0FF330A480DF070
:10E400001FFA04460028F5D019F07CFD421E45F1A4
:10E41000FF33204615F0E2FD0028EBDA204616F027
:10E42000F1FDE7E7C2430C0004240220F7B50646DD
:10E430000D468B689BB9304614F094FF90F8184352
:10E44000074614F0010406D028460DF1060116F027
:10E45000DDFE002805DA0224204603B0F0BD5B682B
:10E46000E8E7BDF80620212A22D1A8680C3013F075
:10E4700003FF284616F05CFEEEE7188B90420BD0A7
:10E480001C338B4217D91A491A48652212F023FA15
:10E490006521174812F016FA2A46314638465B685D
:10E4A000984704460028D7D1284616F0ABFDD3E79D
:10E4B000114B1249E5E7E0D348F257039A420AD0DC
:10E4C0000ED848F221039A4205D048F253039A42EB
:10E4D00001D0572ABFD12946304615F0D8F8BAE7FF
:10E4E00048F2FD039A42F6D04CF221039A42F1E73A
:10E4F000C9430C00CFD80B0018980B006C980B0088
:10E500002DE9F843064614F02DFF90F81833054620
:10E5100061F3410380F81833304614F028FFD0F837
:10E52000089031B1D9F8043003B198470020BDE814
:10E53000F883304614F016FF0446304614F02CFFE2
:10E540001F4F396840B311B9204600F0A7FE94F878
:10E55000D8323BB9D9F80830002BE7D0304614F058
:10E5600006FFE2E704F5377840460DF0ABFA3B686A
:10E5700020465B6913499847134A002340460DF033
:10E5800041FA0028E6DA95F818336FF00A0043F0F4
:10E59000020385F81833CAE711B9204600F07EFE61
:10E5A00094F8D832002BD5D004F53D7840460DF0D4
:10E5B00089FA3B682046DB689847044ADDE700BFDC
:10E5C000B0570220B6430C00A24A0400366E010088
:10E5D00008B5034614F0C1FE0C4A82420AD00C4929
:10E5E0000C4840F2631212F076F940F263110848C9
:10E5F00012F068F9184614F0B5FE90F8D832022BE4
:10E6000094BF4FF0FF30D0F8F80008BD2825022055
:10E61000C9430C00CFD80B00014B1868704700BFEE
:10E62000B05702200146014819F0E3BB0424022040
:10E630002DE9F843054614F095FE4FF44872002189
:10E64000044619F012FE0923C4F8BC5284F80C33B6
:10E650000122002104F5377019F0E0FB01220021AE
:10E6600004F53D7019F0DAFB4FF0FF32002104F59C
:10E67000277019F0D3FB0322234B04F53070C4F844
:10E68000C432224B0025C4E9B42302F0E5FB4CF26E
:10E6900021081F4E1F4FDFF88090BE4215D91F4939
:10E6A0001F4840F2232212F016F940F223211B48A2
:10E6B00012F008F9338B2046434508BFC9F80060C3
:10E6C00056F81C3B98470135E7E7F3D3EDB24DB957
:10E6D000144803685A0714D0134A0121BDE8F843CF
:10E6E00012F0C0BB0C4B1B682BB90E4803685B07CC
:10E6F00007D00E4AF1E794F8183343F0010384F889
:10E700001833BDE8F88300BF15E30900000010D0FE
:10E7100018980B006C980B00B0570220C9430C00EE
:10E72000CFD80B0070210220F7430C001E440C00D0
:10E7300008B514F075FED0F8BC0240B9044905488C
:10E74000342212F0C8F83421014812F0BBF808BD99
:10E7500049440C00CFD80B000022A0F8A41080F888
:10E76000A620024942670DF09DBD00BFEDE90900FA
:10E770002DE9F04F85B0064690469B4689460E9F90
:10E7800029B9002800F0E280FFF7D2FF8146D9F8CE
:10E79000003023B96FF0720005B0BDE8F08F0C3384
:10E7A000D3E8AF3F9A05F5D566B1B6F8A4A008F155
:10E7B000FF33092B15D8DFE803F01B1B1B1B31317E
:10E7C00007291F24B246F2E7304614F029FE002341
:10E7D000BC684CB9B0F8F0509D4228BF1D46032DCF
:10E7E0001ED86FF01500D7E7228A64681344F0E75B
:10E7F0000F9B3C461D1DF2E70F9B03F1080500240B
:10E80000EDE7384616F06CFD051DF8E7384616F0C2
:10E8100067FD00244CF2210A851DE0E70024042551
:10E820006BBAADF80A3040F6354200238DF8088007
:10E830008DF809B0A91C5CB9CDE9002348462346F0
:10E84000224603F0A1FA0446C8B96FF00B00A3E713
:10E85000084603F091F9014658B93E4803685B0742
:10E8600003D001213C4A12F0FDFA204616F0CAFB03
:10E87000EBE7204616F0E6FB204616F059FC022294
:10E8800020469AFA9AFA03A9ADF80CA016F0DFFD1B
:10E890000028EADB0422204602A916F0D8FD002851
:10E8A000E3DBA8F10708B8F1030F0DD8DFE808F0A3
:10E8B00002042107002FD8D0384616F039FC2A462A
:10E8C0003946204616F0BAFC94F8373043F08003FE
:10E8D00084F837304EBB19F015FB421E66F1000379
:10E8E000204615F07BFB002822DA204616F08AFB32
:10E8F0001EE0D6F8C81031B1042103A813F04BFD77
:10E900000399C6F8C810204614F07FFD0028ACDB40
:10E91000B6F8B8200F9B9A4228BF1A4652B994F80D
:10E92000373043F0800384F837302046FFF77AFE13
:10E93000002031E7042A3946204604D114F065FD51
:10E940000028ECDA91E716F082FDF9E76FF001009C
:10E9500022E700BF7021022074440C0037B590F804
:10E96000A6300446063B022B0D4605D9836C03B145
:10E9700098470023C4E91F334DB90A23A36794F8CD
:10E98000AC300133DBB284F8AC3084F8AD3094F8AD
:10E99000AE30626B23F0010384F8AE30A2B91046AA
:10E9A00094F8AD30CDE90002002101222046FFF7A6
:10E9B000DFFEA36F2046013BA36700230A4A03B092
:10E9C000BDE830400DF0B2BD2046904794F8AD3020
:10E9D00038B1002281680029E4D00D8A49682A44B0
:10E9E000F9E70246DEE700BF366E010073B590F826
:10E9F000A6300446052B03D8032B23D802B070BDE4
:10EA0000063B022BFAD8836F53B9032100F078FC40
:10EA1000A36D002BF2D0204602B0BDE8704018472D
:10EA2000036E03B1984701212046FFF797FF94F842
:10EA3000A630072BE2D10621204602B0BDE8704087
:10EA400000F05EBC826F22B9042B14BF03210221A7
:10EA5000DCE790F8AC5000F184060135EDB280F8A7
:10EA6000AC5080F8AD503046EFF7FCFE2B46CDE9B8
:10EA70000060052200212046FFF77AFEA36F2046A2
:10EA8000013BA3670023034A02B0BDE870400DF0CC
:10EA90004DBD00BF366E0100F7B590F8A6300446B4
:10EAA000092B0E4625D00DF047FD022394F8AC50FB
:10EAB00004F184070135EDB2A367384684F8AC5001
:10EAC00084F8AD50EFF7CEFE2B46CDE9007005225D
:10EAD00000212046FFF74CFEA36F6BB9314620465C
:10EAE00000F00EFCA36DB3B1204603B0BDE8F040CA
:10EAF000184714F07CFCD8E700232046074A0DF0A5
:10EB000015FD31462046A36F013BA36703B0BDE866
:10EB1000F04000F0F5BB03B0F0BD00BF366E010061
:10EB20002DE9FF471546044614F07AFC0DF10A0161
:10EB300007460122284616F060FB002832DB01223E
:10EB400028460DF10B0116F058FB00282ADB284659
:10EB50000DF10E0116F05AFB002823DBBDF80E6004
:10EB6000B7F8F030B3421DD394F8A630012B19D971
:10EB70009DF80A10043EB6B24A1EADF80E60062A91
:10EB800000F26B81DFE812F08B0021008200180197
:10EB90003E011E0107000122284603A916F02DFBA5
:10EBA000002801DA02205AE0012228460DF10D0169
:10EBB00016F023FB0028F5DB94F8A630072B4DD187
:10EBC0000621204600F09CFB48E09DF80B7094F86D
:10EBD000AD30BB42E6D194F8AE30DB07E2D4236B14
:10EBE00003BB002194F8AE20C4F8801042F001026B
:10EBF00084F8AE2094F8A620023A072AD2D801A3BE
:10EC000053F822F065EC090065EC0900A5EB09005A
:10EC1000A5EB09007FEC090033EC090043EC090087
:10EC200077EC090032462946204698470028D8DA72
:10EC3000B8E720460DF080FC00212046FFF78EFE4D
:10EC4000BEE720460DF078FC0921204600F058FB75
:10EC50000A23A367E36C0BB120469847002004B059
:10EC6000BDE8F087CDE900113B4606222046A969A0
:10EC7000FFF77EFDF2E7204614F0B9FBDCE7072141
:10EC8000204600F03DFB0A23A367E7E72B4603215C
:10EC90009DF80B200096204614F07EFCDFE7023B37
:10ECA0009DF80B70072B3FF67DAF01A252F823F0C1
:10ECB0001BEE0900D7EC09005DEC09005DEC0900D2
:10ECC000E7EC0900E7EC0900E7EC0900D1EC0900EA
:10ECD000204614F08CFB00212046FFF73FFE062162
:10ECE000204600F00DFB40F635420023CDE900231D
:10ECF0000023A8691A46B11D03F046F8B1468046C4
:10ED000000283FF44FAF16F013FAD4F840A0BAF140
:10ED1000000F36D02946434632462046D047051ECE
:10ED200003DA404616F06EF93CE7E36F042B02D994
:10ED3000032D08BF04254FF00009D8F80830EDB2C4
:10ED4000DBB93B462A4600212046CDE90089FFF782
:10ED50000FFD022D94F8A63022D1072B1BD120469F
:10ED60000DF0EAFB0921204600F0CAFAE36C0BB172
:10ED7000204698470023E36770E71A8A5B6891444E
:10ED8000DEE736B129463246404616F057FA0425EA
:10ED9000D7E70225D5E70821204600F0B1FAE9E7D8
:10EDA000072B03D00621204600F0AAFA032D7FF49A
:10EDB00055AFE36F0133DEE72B4604219DF80B20AE
:10EDC000009668E7043B052B3FF6ECAE01A252F833
:10EDD00023F000BFEDED090001EE0900A5EB0900ED
:10EDE000C1EB0900A5EB090077EC090002252046DC
:10EDF0000DF0A2FB2946204600F082FAA36D2AE717
:10EE00000325F4E7082B9DF80B700AD8062B7FF634
:10EE1000C9AE0621204600F073FA0023CDE9003385
:10EE200022E7092B7FF4BEAE46B11F2E324628469C
:10EE300028BF1F2204F1840116F0DFF90023052109
:10EE4000A367204600F05CFA204614F0D0FA0023B5
:10EE500020460D4A0DF06AFBDFE7666E9DF80B2039
:10EE600056B90023CDE90053072220469DF80B3008
:10EE7000A969FFF77DFC95E62B462046B04702289E
:10EE80007FF4EDAEEDE700BF366E010038B500F15E
:10EE90003805B02204460021284619F0E6F94CF264
:10EEA00021012846FFF758FC4CF2210000F024FA1B
:10EEB0000146284600F048FAD4F8BC3213B11B686A
:10EEC00003B15B8BA4F8F0300023C4F8EC30124B94
:10EED000C4F8A03004F58273C4F8A4300223C4F847
:10EEE000A8300E4BE3660E4BA3670E4BA3660E4B8A
:10EEF00063670E4BE3670E4BC4F884300D4BC4F8C8
:10EF000088300D4BC4F88C300C4BC4F890300C4B4F
:10EF1000C4F89C3038BD00BFF4CD0B0099380B000D
:10EF200045EF090031F0090077370B0071F0090057
:10EF300053370B00CF380B004D370B0047370B0012
:10EF400011370B0070B588B005AD03950325002679
:10EF500002950E4D059601954CF2210507964FF04E
:10EF6000FF3600950446069600F012F802280AD1F2
:10EF7000BDF81C30A4F8C630069BC4F8C030BDF8FC
:10EF80001E30A4F8C43008B070BD00BF14CE0B0012
:10EF90002DE9F04706460C4615461F468AB0162254
:10EFA00000210DF1120019F060F9D4E90398BDF8C1
:10EFB00048300DF1080AADF81030139B2A4605932E
:10EFC000149B21460693159B30460793CDF800A06D
:10EFD000154BCDE9026714F0BEFD20B16FF01500AE
:10EFE0000AB0BDE8F087099B0BB10420F8E7C4E93B
:10EFF00003982A46214630460C4BCDF800A014F069
:10F00000AAFD0028EAD1099B002BEED1089B43B949
:10F010002A4621463846C4E9039816F00FF9022023
:10F02000DEE70320DCE700BF1B3A0B00853A0B004C
:10F030001FB5054B0290039302AB0093034B14F0F2
:10F040008AFD05B05DF804FBA5390B00D1390B0032
:10F050001FB5054B0290039302AB0093034B14F0D2
:10F060007AFD05B05DF804FBBF390B00D1390B0008
:10F070001FB5054B0290039302AB0093034B14F0B2
:10F080006AFD05B05DF804FBC3390B00D1390B00F4
:10F090002DE9F0410321044648F2FD0700F0FEF897
:10F0A000254D264EB54215D925492522254811F072
:10F0B00012FC2521224811F005FC2B8BBB4203D00A
:10F0C00048F25302934203D12B690BB12046984773
:10F0D0001C35E7E7F1D348F2FD0748F25308164D17
:10F0E000B5421AD916493222164811F0F4FB3221E2
:10F0F000E0E72B8BBB420ED043450CD0B3F5404F1D
:10F1000009D22B693BB1D4F8103320460133C4F83F
:10F1100010332B6998471C35E2E7EAD3D4F8103353
:10F1200043B9FFF779FA28B1436907492046BDE89A
:10F13000F0411847BDE8F08118980B006C980B005F
:10F140008E440C00CFD80B00BA440C00F8B504462E
:10F15000012100F0A3F80221204600F09FF8B4F846
:10F16000FE201A4ED2B92046FFF792FF4CF221073B
:10F17000174DB54227D917491622174811F0ABFB96
:10F18000162108E01C33B3420AD91249572212480B
:10F1900011F0A1FB57210F4811F094FB0C4BF2E743
:10F1A000E4D2198B9142EDD11B69002BDED02046B1
:10F1B0009847DBE72B8BBB4203D0AB680BB12046F3
:10F1C00098471C35D5E7F5D3F8BD00BF6C980B0008
:10F1D00018980B008E440C00CFD80B0010B5D0F857
:10F1E00014330446013B002BC0F8143308DCFFF74E
:10F1F00013FA28B1436903492046BDE81040184777
:10F2000010BD00BFD4440C00F8B504464CF22107F1
:10F210001B4D1C4EB54220D91B491C483B2211F006
:10F220005AFB3B21184811F04DFB2B8BBB4212D0EF
:10F23000EB680BB1204698472B8BB3F5404F0AD2B1
:10F240006B6943B1D4F810332046013BC4F8103346
:10F250006B690F4998471C35DCE7E6D3D4F81033C7
:10F26000002B08DD0B48026812F0060F03D00221C4
:10F27000094A11F000FE0023C4F81033F8BD00BFA6
:10F2800018980B006C980B00EF440C00CFD80B00C3
:10F29000E6440C00702102201E450C0008B540B960
:10F2A00013495422134811F016FB5421104811F051
:10F2B00009FB90F8D8328B4219D0052906D90C49A0
:10F2C0005A220C4811F007FB5A21EFE780F8D812B8
:10F2D00029B9BDE80840D0F8BC0200F069B804299B
:10F2E00005D1BDE80840D0F8BC0200F053B808BD15
:10F2F00049450C00CFD80B0000487047EEEB0B00DF
:10F3000008B550B90E4940F213120E4811F0E3FA55
:10F3100040F213110A4811F0D5FA90F8A6308B424A
:10F320000CD0092908D9064940F21912054811F0F4
:10F33000D2FA40F21911EDE780F8A61008BD00BF1F
:10F3400049450C00CFD80B00034B002918BF0B46D2
:10F35000C0F8A830704700BFEEEB0B00002307B5E4
:10F36000024604490120009301F09EFD03B05DF8C0
:10F3700004FB00BF0000B0D0002307B502460449DB
:10F380000220009301F090FD03B05DF804FB00BF84
:10F390000000B0D0002307B50246044904200093C2
:10F3A00001F082FD03B05DF804FB00BF0000B0D0A7
:10F3B000002307B5024604490820009301F074FDBC
:10F3C00003B05DF804FB00BF0000B0D038B500F515
:10F3D00088750446B0220021284618F046FF48F2FE
:10F3E00021012846FFF7B8F948F22100FFF784FF12
:10F3F00001462846FFF7A8FF114BC4F8783104F501
:10F40000EC73C4F87C310123C4F880310D4BC4F88F
:10F410005C310D4BC4F860310C4BC4F868310C4BB7
:10F42000C4F86C310B4BC4F844310B4BC4F8503169
:10F430000A4BC4F84C310A4BC4F8543138BD00BFF4
:10F4400044CE0B00A1F409007B3D0B005D3D0B0099
:10F45000F33C0B00573D0B0065F409000B3D0B001E
:10F4600071F0090070B586B004AD039501250295D1
:10F470000A4D0026019548F2210500950446CDE984
:10F480000466FFF785FD022805D19DF8103013B101
:10F49000059BC4F8BC3006B070BD00BF38CE0B0071
:10F4A0002DE9F04184B090F8083200AF13F008065F
:10F4B000A0F5887527D100F1B00410233A46214603
:10F4C000012001F0BBF93346804603222146D5F8DE
:10F4D000BC0200F023FB0346C8B912480268520779
:10F4E00011D06C4688B06A460F49CDE905184FF433
:10F4F0000071ADF81C100D4942F8101F4FF4E25195
:10F50000F3F7E4FDA5461037BD46BDE8F0812121A3
:10F51000284614F0C6FB95F8183343F0080385F825
:10F520001833F0E77021022075450C00030000013C
:10F5300038B500F5F0750446B0220021284618F0D1
:10F5400094FE4CF223012846FFF706F94CF2230003
:10F55000FFF7D2FE01462846FFF7F6FE094BC4F836
:10F560002C32094BC4F83032084BC4F83832084BFF
:10F57000C4F83C32074BC4F81432074BC4F81032BD
:10F5800038BD00BF893E0B001D3E0B00333E0B0013
:10F590005D3E0B009DF50900753E0B0010B504465D
:10F5A000124A86B01068516803AB03C390681860B4
:10F5B0002046FFF7BDF840F635420023CDE9002391
:10F5C00000230C211A4602F0DFFB044648B10C224E
:10F5D0000DEB020115F03BFF002803DA204615F081
:10F5E00011FD0024204606B010BD00BF91450C005F
:10F5F0000068044B00BA6FF30F00C31A5842584119
:10F60000704700BF0000FEA910B550B909490A486B
:10F610004FF4437211F05FF94FF44371054811F054
:10F6200051F94FF0FF32BDE810404FF0FF33143076
:10F6300014F00BBEB8190C00CFD80B0038B54FF042
:10F64000FF324FF0FF3305461D4814F0FEFD1D4B01
:10F650001B687BB11A684FF0FF344FF47A705BB9C6
:10F66000631C1BD118480CF067FFBDE838401448F4
:10F6700014F0EDBD1A46EEE7D9691B8C491B00FB5F
:10F680000313002B09DD9C4228BF1C461AB11168E8
:10F6900013460A46E3E71146FAE7002447F6122527
:10F6A00040F2E73000214FF47A720023E4FB0501B9
:10F6B000EFF7ACF802460B4603480CF037FFD4E7EF
:10F6C00098220220405802201047022008B550B965
:10F6D0000749084840F2133211F0FDF840F21331A7
:10F6E000034811F0EFF81430BDE8084014F0AFBD46
:10F6F000B8190C00CFD80B002DE9F341054616468A
:10F700000C469846FFF780FF6A6842B900272CE054
:10F710005440B4FA84F4183C2344DBB221E09169EC
:10F72000154B21F07D4101F0FF219942EED1138864
:10F73000012BEBD1171D3846FFF75AFF4045E5D1A5
:10F740005368D269601E13400193002301A910F889
:10F75000014F11F8012B9442DAD10833DBB2202B90
:10F76000F5D132789A42D1D833702846FFF7AEFFF0
:10F77000384602B0BDE8F081000100022DE9F347F0
:10F7800014F001FE254D80464FF0FF324FF0FF335D
:10F79000234814F05AFD2C682CB100274FF47A7AD4
:10F7A000B946266844B94046FFF748FF1C4802B0F6
:10F7B000BDE8F04714F04BBDE369228CA3EB0803CE
:10F7C0000AFB0233002B05DD27462EB3336834468F
:10F7D0001E46E7E7A388012B08D1102300932020C1
:10F7E000A269104904F1080301F05EFB23686FB9B8
:10F7F0006A682B60944200D16B6094F82230C4F8A0
:10F80000009069F3000384F82230DEE73B606B6808
:10F810009C4208BF6F60F0E73346D8E740580220AB
:10F8200098220220000030E008B50548036813F074
:10F83000060F03D00221034A11F014FB002008BD7B
:10F8400068210220A7450C00002808DD431E05485A
:10F8500000EB8310044B984228BF00207047002023
:10F86000704700BFBC240220FC240220014B18601A
:10F87000704700BF4858022008B5074A074B93421B
:10F8800003D1FFF7D1FF002008BD054A106800280A
:10F8900008BF1846F8E700BFFC240220BC24022061
:10F8A00048580220F8B54FF0FF3305461746104878
:10F8B0004FF0FF320E4614F0C8FC0E4B1B680BB124
:10F8C0001C6823B90A48BDE8F84014F0C0BC5A6867
:10F8D000AA4200D022B93A46314628469B6898474A
:10F8E0001CB1226823461446EBE72246FAE700BF24
:10F8F00098220220C457022038B504460D46FFF76F
:10F9000083FE0621204614F077FC08B363683BB100
:10F9100005B12B6000252046FFF7D8FE284638BDEC
:10F920004FF0FF324FF0FF330B4814F08EFC0B4BBF
:10F930009A6E3AB963609C6605B12B60064814F074
:10F9400086FCE7E7044814F082FC6FF00205E2E76A
:10F950006FF08505DFE700BF98220220D457022010
:10F9600070B50D46B0B1BDE8704014F072BC2946C8
:10F97000204614F06EFC90B94034B4420DD90849C9
:10F98000084840F6B86210F0A6FF40F6B861044897
:10F9900010F098FF044C054EEFE7E8D3002070BD4F
:10F9A000C3450C00CFD80B00BC240220FC2402204D
:10F9B00000232DE9F34105460E468DF80730002956
:10F9C00064D00846FFF714FE034688BBF5B128460D
:10F9D0000DF10702FFF790FE04461DE038460023B4
:10F9E00031460DF10702FFF787FE002818BF0446D5
:10F9F000403747450FD9284940F67E72274810F016
:10FA00006AFF40F67E71244810F05CFF2C46244FBC
:10FA1000DFF89080EDE7E1D3CCBB0121284614F05C
:10FA2000F3FC044698BB02B0BDE8F04101F0EAB82F
:10FA3000D5B10121284614F0E4FCCDE7204601238E
:10FA400031460DF10702FFF757FE002818BF0746A1
:10FA5000403444450DD910494FF479620F4810F0F5
:10FA60003AFF4FF47961CEE72F460D4CDFF8348032
:10FA7000EFE7E3D3FFF700FF012331460DF1070263
:10FA8000FFF73AFE044610B93C46C5E70C4620464F
:10FA900002B0BDE8F08100BFC3450C00CFD80B0019
:10FAA000BC240220FC240220F8B506460D46174C63
:10FAB000174FBC4226D9174917484FF47E6210F001
:10FAC0000AFF4FF47E61134810F0FCFE2046FFF75A
:10FAD0009BFD636823B92046FFF7F8FD4034E8E753
:10FAE000DA7E9207F7D51A88012AF4D1326859686C
:10FAF0009142F0D105B12C6020461D46FFF7E6FD8E
:10FB00002846F8BDE2D30025FAE700BFBC24022056
:10FB1000FC240220C3450C00CFD80B002DE9F04394
:10FB2000064685B0884691461F46FFF76DFD304674
:10FB300003A9FFF7E1FE20BB7568EB7E990715D599
:10FB4000D8F800106A68914210D1DA0607D405F19E
:10FB5000140014F0E5FBEB7E43F01003EB76304627
:10FB6000FFF7B4FD284605B0BDE8F083039CB9F16A
:10FB7000020F254602D1237E042B04D0E37E9B078F
:10FB800031D50025EBE7002CE9D06168D8F80020DA
:10FB9000914206D00093324602201449231D01F001
:10FBA00083F9E37EB7FA87F723F0120343F01203D9
:10FBB000E37601232380D8F80020636163766FF039
:10FBC0007F43E36104236260E27E7F0967F3000202
:10FBD000E27684F818903246009301200349E31836
:10FBE00001F062F9BBE7002CDBD1B8E7000030E0A0
:10FBF000F0B5054683B002AF0C46FFF705FD6B6814
:10FC00003BB900242846FFF761FD20460437BD4676
:10FC1000F0BD93F83C20D00704D57CB121685A6A26
:10FC200091420AD093F85C20D107EAD51CB1216833
:10FC30005A6C9142E5D1012400E00024640104F1F2
:10FC400034021A44D2E8AF1F002917DC19480268B1
:10FC5000520701D10124D5E76E4688B002AA2034AC
:10FC60001C44032314499461516142F8103F00235E
:10FC70004FF4C251F3F72AFAB546EBE7D2E8EF0F9B
:10FC80000138C2E8E10F0029F8D10028B9DCE1D140
:10FC90001A1992F83C10243460F3000182F83C10E9
:10FCA00004220820009205492A46234401F0FCF86A
:10FCB000D0E700BF68210220ED450C00000030E0D5
:10FCC000F8B504460D46204E204FBE4238D9204993
:10FCD000204841F2953210F0FEFD41F295311C486A
:10FCE00010F0F0FD1DB12B680BB1B34226D13046A8
:10FCF000FFF78AFC7368F3B193F83C20D10704D571
:10FD00007CB1596A226891420AD093F85C20D207EC
:10FD100011D51CB1596C226891420CD1012400E02C
:10FD2000002405B12E600134304603EB4414FFF784
:10FD3000CDFC2046F8BD3046FFF7C8FC4036C4E78E
:10FD4000D0D30024F5E700BFBC240220FC2402200D
:10FD5000C3450C00CFD80B00F0B5044685B00F4664
:10FD60000390FFF751FC00212046FFF7C5FD30B19D
:10FD700000240398FFF7AAFC204605B0F0BD3B68BD
:10FD800003F0F003E02BF3D1384603A9FFF798FF07
:10FD9000044618B1143014F0C3FAEAE7039A536822
:10FDA000002BE5D093F83C5015F0010504D093F8F2
:10FDB0005C10C907DCD4012503EB451696F83C100E
:10FDC0006C1C21F0030141F0010186F83C10012177
:10FDD0003184386803EB4414716333460421706244
:10FDE000243300910420024901F05EF8C1E700BF0E
:10FDF000000030E02DE9F74305468846174699464E
:10FE000014F070FA0446B0B100F11402D2E8AF6FFA
:10FE10008EB1701ED2E8EF3FB34203D1C2E8E10FCA
:10FE20000029F7D1F2D1012E0ADDB9F1000F04D07B
:10FE3000C9F8004001E06FF0150003B0BDE8F083A1
:10FE4000E37EB8F1010F23F00203E37601D0002036
:10FE5000F3E7002FFBD02846FFF7D6FB6B683BB1DA
:10FE600004232A46009302200349E31801F01CF8FA
:10FE70002846FFF72BFCEAE7000030E0F8B54FF02A
:10FE8000FF33054617460E484FF0FF320E4614F07A
:10FE9000DCF90C4B1B680BB11C6823B90848BDE8A2
:10FEA000F84014F0D4B93A46314628465B68984782
:10FEB0001CB1226823461446EFE72246FAE700BF4A
:10FEC00098220220CC570220064B984206D3064ABD
:10FED000904203D2C01A8011013070474FF0FF30BA
:10FEE000704700BFBC240220FC2402202DE9F0430F
:10FEF00085B0036802AF002104461E7F14F07CF930
:10FF000078B90225236813BB824803685B0704D0D5
:10FF100001212B46804A10F0AEFF0C37BD46BDE8EC
:10FF2000F083204614F04DF917F0AFFE68B10921B7
:10FF3000204614F061F90028E3D00A21204614F08D
:10FF40005BF9C0F10605EDB2DCE70325DAE72046F0
:10FF50001D77FFF759FBD4F8008018F085F84FF4AF
:10FF60007A7CA0FB0C0E47F6122200230CFB01E169
:10FF7000EEF74CFCC8E908012046FFF7A7FB236811
:10FF80004FF000091A7FAA42BED1062D40F08980A9
:10FF9000062EC2D05B7C53B96049614841F2CD6204
:10FFA00010F099FC41F2CD615C4810F08BFC082107
:10FFB000204614F02BF94B46224602205949CDF831
:10FFC000009000F071FF204614F009F90607A4D450
:10FFD0002046FFF719FB2946204614F00DF90028AA
:10FFE00057D02046391DFFF787FC002851D17B6888
:10FFF00093F83C2012F0010505D095074EBF00256F
:02000004000AF0
:1000000003F13805986393F85C20D10704D596076F
:100010005CBF9D6503F158052046FFF757FB002D97
:100020003AD055F8186906B1183EDFF8E88001E0CB
:1000300035461E4604352946204602F02BFEB0F117
:10004000000920DAD8F8003058071CD029460120D2
:1000500000F0E8FC01462046FFF736FF6D468AB007
:1000600002AA314BC2E90709C2E905314FF4007316
:1000700093842E4B42F8103F00234FF43151254812
:10008000F3F724F8AD463EB1B369002BD0D0183B4E
:10009000CEE72046FFF71AFB0621204614F0ACF805
:1000A0003BE7062E7FF439AF0821204614F0BDF857
:1000B0001C494B4622460120CDF8009000F0F4FE8A
:1000C000204614F08CF801073FF527AF2046FFF7D4
:1000D0009BFA3146204614F08FF8B8B12046391DFE
:1000E000FFF70AFC90B97D6895F83C30DA0704D533
:1000F000204605F1200114F0E3F995F85C30DB07A8
:1001000004D5204605F1400114F0DAF92046FFF746
:10011000DDFA02E76821022013460C00C3450C00FB
:10012000CFD80B00000010D035460C0005000001B0
:1001300000232DE9F04385B000AF04460D46C7E922
:100140000133BB81002951D0524B1B6843B195F854
:100150002B202C31082A49D8B81D7A7118F05FF885
:1001600009212046D5F8148014F046F8002800F044
:100170008D8054B94849494840F21D3210F0ABFB1C
:1001800040F21D31444810F09DFB0D21204614F033
:1001900033F838B94FF0FF324FF0FF3304F1280045
:1001A00014F053F8204614F007F829464368204617
:1001B00098470D210646204614F01EF818B904F1A0
:1001C000280014F044F8002E14DB204616F03FF807
:1001D000B8F1000F03D03146404613F0F7FF7B79AA
:1001E00023B132462046391DFFF748FE1437BD467D
:1001F000BDE8F08314F0C7F8294BD3E8AF2F41F2E4
:100200008731A0EB020C8C453CD9D3E8EF1F91421B
:1002100004D1C3E8EC0FBCF1000FF6D132D10021BC
:10022000204AD2E8EF3FC2E8E01F0028F9D1DFF80A
:1002300078904BB1D9F8002012F0060F1ED00221A1
:1002400048461A4A10F017FED9F8003013F0060F8E
:1002500014D02046FFF738FEE9468AB06A46144BB0
:10026000CDE90756CDE90530052342F8103F0023BC
:100270004FF422510C48F2F729FFCD46284614F0DE
:10028000C1FEA5E7074814F04BF8F7E76FF07206D8
:10029000F4E700BFCC570220B8190C00CFD80B00F0
:1002A000C0570220BC570220682102205E460C0085
:1002B00072460C00F8B505460E460B4C0B4FBC427F
:1002C0000FD90B490B4841F2A56210F004FB41F233
:1002D000A561074810F0F6FA20463146A847403499
:1002E000EDE7F9D3F8BD00BFBC240220FC240220B6
:1002F000C3450C00CFD80B0006289ABF024B53F819
:1003000020000248704700BF54CE0B0099460C00F5
:1003100073B50546FFF778F90021284613F06CFF06
:10032000064600283DD1284613F046FF044620B378
:10033000846814B3284613F044FF50B91C491D4883
:1003400041F2787210F0C7FA41F27871184810F053
:10035000B9FA17F09AFC38B3284613F02DFF0121A3
:10036000836828469847041E15DB31462846FFF768
:10037000C3FA10B9284602F031FD0021284613F0D7
:1003800045FF002308202A460B49009300F08CFD0E
:100390002846FFF7ABFD2846FFF798F9204602B044
:1003A00070BD6FF07704F6E76FF00504F3E700BF68
:1003B000C3450C00CFD80B00000010D037B5054660
:1003C000FFF722F90021284613F016FF002837D046
:1003D0006C68ACB194F83C30D80706D5990704D5C1
:1003E000284604F1240102F0C1FC94F85C30DA07DD
:1003F00006D59B0704D5284604F1440102F0B6FC5B
:10040000284613F0D9FE044630B1846824B1002197
:100410002846A047041E0DDB0021284613F005FFE7
:10042000002304202A460849009300F03DFD284699
:10043000FFF75CFD2846FFF749F9204603B030BDC1
:100440006FF07704F6E700BF000010D02DE9F84305
:100450000C46054668B361B30846EEF703FA082870
:10046000064629D8174FDFF8608000F1010947459B
:1004700015D91649164841F6291210F02CFA41F602
:100480002911124810F01EFAAF4206D04A46214602
:1004900007F1080017F0F5FE88B14037E7E7F3D31E
:1004A0002146721C05F1080017F0B9FE0020BDE8D6
:1004B000F8836FF01500FAE76FF05A00F7E76FF076
:1004C0007700F4E7BC240220FC240220C3450C0082
:1004D000CFD80B0070B5054618B3134C134EB44279
:1004E0001BD91349134841F6451210F0F4F941F6AF
:1004F00045110F4810F0E6F92846EEF7B3F9294602
:10050000024604F1080017F0F0FE20B92046BDE8CD
:100510007040FFF7D9BC4034E1E7EDD36FF0010044
:1005200070BD6FF01500FBE7BC240220FC24022004
:10053000C3450C00CFD80B002DE9F04F6C4C87B0B1
:100540004FF0FF324FF0FF336A4802AF13F07DFEE9
:10055000002514F0ACFFA146674EDFF8A081DFF85C
:10056000A0A1B4427FD9674941F69712664810F0BE
:10057000B2F941F69711634810F0A4F90022204621
:10058000C4E90222227413F01CFED0F808B0BBF1BB
:10059000000F03D0DBF80030002B46D1D8F8003034
:1005A0005A070ED0EB4688B002AA0323C2E905A47D
:1005B00042F8103F00234FF4C2514046F2F786FD47
:1005C000DD46237A73BB204613F0F6FD4F4B834282
:1005D00042D14F4A1368591C116008214D4A381DF9
:1005E0000EF0C0FC391D2046FFF730FF0146C8B1B0
:1005F000D8F8003013F0060F14D02046FFF764FC43
:10060000EB468AB002AA444BC2E90741C2E9053071
:10061000052342F8103F00234FF422513748F2F7E8
:1006200055FDDD46013540349BE70621204613F099
:10063000EDFD04F1140017F0BCFB04F1280017F0E5
:10064000B8FBDBF800302046984794F83C3023F0A4
:10065000030384F83C30B4E7304A1368591C116036
:1006600009212F4ABBE789D375B9244803685B0782
:1006700003D001212B4A10F0F5FB1E4813F0E7FDD3
:100680001437BD46BDE8F08FA6EB0906B5EB961F03
:1006900008D01C4941F6B9121B4810F01CF941F66C
:1006A000B91168E7012D14D0144C236813F0060F1C
:1006B0000FD00123022120461B4A009510F0E5FBD4
:1006C000236813F0060F04D002212046174A10F0C9
:1006D000C9FB4FF4A072164B16491748A3F86420C3
:1006E0000BF0E0FD0022154BC3E90022C5E700BF77
:1006F000BC24022098220220FC240220682102202F
:10070000A3460C00C3450C00CFD80B0028250220BF
:10071000B8570220C1460C00CD460C00B457022049
:10072000C7460C0000470C002C470C0069470C0022
:10073000D45702207DF709001047022040580220BC
:1007400038B50D4C0D4DAC4214D90D490D4841F64C
:10075000D11210F0C0F841F6D111094810F0B2F8EA
:100760000321204613F048FD10B92046FFF7D0FDC5
:100770004034E8E7F4D338BDBC240220FC24022036
:10078000C3450C00CFD80B00431E012B10D81129F4
:1007900016D007DC012915D00C4B0D48062908BFDF
:1007A000184670470B4B0A483A2908BF184670474D
:1007B0000428074808D1084B012908BF184670478C
:1007C0000648704706487047704700BF29370C003D
:1007D0001B480C000C480C0013480C0008480C0087
:1007E00001480C002DE9F04117460546F8B10229F1
:1007F00002D0082918BF062138464FF03A08DCB26B
:100800006E185CB115F8011B0123412213F0AEFFF5
:10081000033CB54200F8018BE4B2F2D187424FF0BD
:10082000000306D000F8013C3846BDE8F0810248DC
:10083000FBE71846F9E700BFF7470C002DE9F04F3A
:10084000002406468FB00DF1280B03920D461022AE
:10085000214658461F46079417F007FD012ECDE9A3
:10086000084463D0022E5DD12D2F5BD95C462B4608
:100870001035224618685968083303C2AB42144643
:10088000F7D1DDE90A3213430CD14FF6FF73BDF8FF
:100890003220D21A53425341019308AB184600212B
:1008A0000A4607E00023F7E7047801320134082AFA
:1008B000047003D03BF81240002CF5D00131082918
:1008C00000F10100ECD14FF0FF380127002513F8AB
:1008D000012BBA4288BFA84605F1010588BF17461B
:1008E000082DF4D1012F4FF03A092CD000210398A4
:1008F0000024042D5AD104F138036B4413F81C2C46
:1009000003461ABB302203F8022B80F801901846E8
:100910000134A542EDDC0023012E039C0CBF00F83E
:10092000013C037020460FB0BDE8F08F0F2FF9D9BE
:100930002B68079304254FF02E094FF0FF383746F8
:10094000A3460194D2E74FF0FF38CFE74FF0000EF7
:100950004FF0090CCDF808E0DFF8C4E0B2FBFEFA76
:10096000CDE9042A0EFB1A22DDF808A0E24503DCDB
:10097000DDF810A0F24507D3DDF814A0CDF808C0CB
:100980000AF1300A03F801AB4FF00A0A0CF1FF3C00
:10099000BCF1FF3FBEFBFAFEE0D14FF000021A703F
:1009A0001B1A50FA83F000F8019BB1E7019B5BB181
:1009B000052C09DD0D9B042507933A234FF02E09E2
:1009C000012600F8013B93E7A0450DD111B9B8F11C
:1009D000000F02D13A2300F8013B3A2300F8013B13
:1009E0007B1E00211C4493E711B13A2300F8013B20
:1009F0003BF814305BBA13F47F4FC3F307215FFA5F
:100A000083FA0AD00023612213F0B0FE012351467D
:100A1000612213F0ABFE01217AE70B46F7E700BF36
:100A200000CA9A3B10B4084B1A6801321A600323BB
:100A300092FBF3F303EB4303D21A2E23034C03FB85
:100A4000024210BCFFF7FABE4C5802208B64022011
:100A500001282DE9F0470C46164638D100234C1EDC
:100A6000136019461A461D4614F8010F18B12E28B6
:100A70001CD101339BB2012909D9092A03D90329C1
:100A800007D1632A05D86FF01500BDE8F08700296B
:100A9000F9D0FF2AF7D8725522781AB10135EDB294
:100AA000042D11D1032B00F09780ECE73038C7B24A
:100AB000092FE8D80131C9B20429E4D002EB82023F
:100AC00000EB420082B2CFE700221146CCE70228B9
:100AD000D9D12E21204617F0FBFB237800280CBF2C
:100AE000082706273A2B08BF01342046EDF7BAFE47
:100AF00000224349824225DB0025062F0CBF4FF020
:100B000005094FF00709A8462378002BBBD03A2BE4
:100B10003DD01022002120460EF04EFA10228246CF
:100B2000002120460EF048FACAF3072A4AEA002AB2
:100B300026F815A03A21204617F0CAFB0446A8B1B2
:100B4000013415E0A35C462B09D82D2B9BD92E3BF5
:100B5000DBB221FA03F3DB0795D50132CAE7613B2B
:100B6000052BFAD98FE7002CCED18CE7A9458ADC7A
:100B70000135AF42F7DC062F2ED10B369CB982E748
:100B800006EB450306F8158083F801800135BD4268
:100B9000F6DB3A21204617F0D9FBA0421ED1062FE2
:100BA00018D101340B3600252378002B3FF46BAFAE
:100BB00000210A2220460EF0FFF92E2106F8010F2F
:100BC000204617F085FBC8B10135042D00F1010462
:100BD000EAD101E063782BB9002056E7062F08BF61
:100BE00000F1FF307D1E013010F8013D3A2B02D19B
:100BF000013DFFF448AF8442F6D1A1E7032D52E74F
:100C0000FD1FF8010048704774CE0B000048704784
:100C100070CE0B002DE9F043534E91B002AD00228F
:100C20000023294651480AF021FB10B111B0BDE85C
:100C3000F0834FF0FF324FF0FF334D480AF0DCFBFA
:100C40004C4CDFF83481444528D94C494C48FD22AE
:100C50000FF041FEFD2149480FF034FEDDE90C01A3
:100C6000D4E9002381EA0307374215D1C1F3130702
:100C7000074309D0C3F31307174305D00B400240C5
:100C8000C3F313031A4307D0E3680E9A01930A9B38
:100C90000093A7682B46B8471034D4E7DED3394F0A
:100CA0003C6824B14FF00009D4F800802CB93048DA
:100CB00013F02FFF0CF016FCB0E7DDE90C23D4E9AC
:100CC000041083EA000C1CEA060F30D1C3F3130CA6
:100CD00052EA0C0C0AD0C0F3130C51EA0C0C05D0EC
:100CE00003400A40C3F313031A4320D00A9B33B3D3
:100CF000A5600A9BE360030161682AD58A6912B185
:100D00000E9B9A4213D1DDE90C23C4E904230E9B08
:100D10008B612368B9F1000F13D17A683B6094426C
:100D200000D17B600023606823600AF001FEB8F107
:100D3000000F16D0D8F8003044469846B6E7A360B6
:100D4000D8E7C9F800307B689C4208BFC7F8049018
:100D5000E8E70E9B20460093DDE90C238847A14677
:100D6000E5E74346E8E700BF0000F037FC22022039
:100D7000C02202206C980B006C980B0040480C00BD
:100D8000CFD80B005058022000210C4B1A6802B932
:100D9000704782420FD1026839B959681A60884297
:100DA00000D15A600023036070470A605A6890427D
:100DB00008BF5960F6E711461268E8E7505802206C
:100DC0000022002300201E4970B5C1E9002303461C
:100DD00002461C4C1C4DAC4212D908B1C1E900328C
:100DE0001A491B48A4220FF076FDA42117480FF0E2
:100DF00069FDD4E900601034024333430120EAE77F
:100E0000F7D358B1C1E900321248006848B104680C
:100E1000002540B90DB1C1E9003270BD034602465C
:100E2000F2E70446F4E7D0E904502B43024324B12F
:100E3000256820462C460125EBE72546F9E700BF4B
:100E4000784702206C980B006C980B0040480C000F
:100E5000CFD80B005058022010B504464FF0FF3297
:100E60004FF0FF330D480AF0C7FA2046FFF78CFF1A
:100E70000B4B1A6822605A681C6002B95C60094B0F
:100E8000D4E90412D3E9004021430243C3E900122C
:100E90000248BDE8104013F03CBE00BFC022022053
:100EA00050580220784702202DE9F0470C46924620
:100EB000C1F301723D499946D1E9003500AF32EAEC
:100EC00015720646D7F820806DD1C4F3065232EA77
:100ED000155268D124EA050520EA0303C5F313057A
:100EE0002B4360D14FF0FF324FF0FF3330480AF010
:100EF00083FA304B38221846002117F0B6F9034622
:100F0000B9F1000F0CD0B8F1000F09D0B8F1200FE3
:100F10002FD84246494617F082F90346C0F8208090
:100F2000C3E90A64C3F830A040F239120023214912
:100F3000214816F02FFFA0B12048036813F0060FD8
:100F40000FD06D4688B06A461D4B0794CDE9053633
:100F5000042342F8103F00234FF40251F2F7B6F891
:100F6000AD46134813F0D5FD1649174816F0BAFFE1
:100F700019E0124803685B0712D06D468AB06A46D2
:100F8000124BCDE90748CDE9053620230993062306
:100F900042F8103F00234FF44151F2F797F8AD4665
:100FA000034813F0B6FDBD46BDE8F0877847022040
:100FB000D422022040470220FC2202207421022079
:100FC00098480C00B81E0220804702206C480C0094
:100FD0007FB5FFF7F5FE0023CDE90433084B094840
:100FE00003930BF0E3F803AB00934FF448724FF018
:100FF000FF33054903480BF0EFF807B05DF804FB39
:1010000020490C0080470220F0BB022008B550B9EF
:101010000749084840F2CF120FF05DFC40F2CF11B3
:1010200003480FF04FFC90F86100C0F3C00008BD0A
:101030006C100C00CFD80B0008B550B90749084810
:1010400040F277220FF047FC40F2772103480FF07F
:1010500039FCB0F86000C0F3811008BD6C100C00C2
:10106000CFD80B0008B550B9074908484FF41372A0
:101070000FF031FC4FF4137103480FF023FCB0F86C
:101080006000C0F3C20008BD6C100C00CFD80B008C
:1010900008B550B90849094840F2F2220FF01BFC8C
:1010A00040F2F22104480FF00DFC90F96200BDE817
:1010B0000840FEF7C9BB00BF6C100C00CFD80B0076
:1010C00010B50446084651B90749084840F20232B3
:1010D0000FF001FC40F2023103480FF0F3FBFEF782
:1010E000F3FE84F8620010BD6C100C00CFD80B002A
:1010F0002DE9F84F04460D4690461F46284E9DF8B0
:101100002CB09DF8309006F5D07AB6F86020D30761
:1011100005D468365645F8D10020BDE8F88F0CB1EB
:10112000B442F6D0B6F85E204245F2D1728CBA4293
:10113000EFD13046FFF76AFF08BB0A9B1A88012AE5
:10114000E7D1726A002AE4D0318C0129E1D112681A
:1011500012B10A9B5968D1B9B9F1000F03D096F8C2
:101160005A100029D5D1BBF1000F05D0002AD0D1EB
:101170000A9B5A68002ACCD16FF01000CDE7002DF1
:10118000DBD03046FFF784FF8542C2D1D5E78A42E3
:10119000BFD1B9F1000FEFD096F85A20EAE700BFAF
:1011A000705802202DE9F7430D462A491746984604
:1011B00000260C46B1F86030DB0702D50B6B984275
:1011C0000FD00136042E01F16801F3D1224940F617
:1011D000D13222480FF07FFB40F6D1311E480FF08C
:1011E00071FB682303FB0644AB6943B91A4940F617
:1011F000D2321A480FF06FFB40F6D231EEE704F11D
:101200000C064FF0FF334FF0FF32304613F095FCE1
:101210002046A969FFF754FF6C61636B33B9304610
:1012200013F0B1FC022003B0BDE8F08304F14000EC
:101230000AF07EFB3046002613F0A5FC0A9B0096C0
:101240000193204643463A462946D4F83490C8478D
:101250003046E8E77058022029490C00CFD80B002F
:1012600002282DE9F047994605D860B96FF0690466
:101270002046BDE8F0870338012894BF6FF05F0473
:101280006FF06904F4E7022800F08A80012900F079
:101290008A80062A00F08A80022906D0032914BF1A
:1012A0006FF06A046FF07A04E2E7112A7ED1002B16
:1012B0007FD04FF0FF334FF0FF3241480AF0A2FBDE
:1012C000404B00261F46B3F8604014F0010411D0D3
:1012D0000136042E03F16803F5D16FF0010438489C
:1012E0000AF026FB002CC3D014F1700F64D1FEF776
:1012F000C3FABDE768225643BD192146284616F0B9
:10130000B4FFFEF7B9FAFF234FF0010885F8623009
:101310002D4BA5F860403344D3E8EF2FC3E8E18FAD
:101320000029F9D1B5F8603085F85C8043F0880376
:10133000A5F860301123A5F85E3006F12803FC50B3
:10134000FA1806F1200307EB030A54605146CAF865
:101350000240AAF80640284627F8038013F0EFFB66
:10136000AAF80200C8B1402385F8648085F863308C
:10137000F0184FF0FF324146384416F04FFD06F1A9
:101380000C00384416F015FDB5F8603043EA080348
:10139000A5F86030C9F80050A1E76FF06F049EE730
:1013A0006FF05F0464E76FF06A0461E76FF07A043E
:1013B0005EE76FF015045BE76FF0010458E700BFCC
:1013C00058580220705802207858022070B5044600
:1013D00050B9154915484FF434720FF07CFA4FF4A8
:1013E000347111480FF06EFA114B984218D303F57F
:1013F000D073984214D2002500F10C064FF0FF3252
:101400004FF0FF33304613F098FB3046C4E90D55DA
:10141000E56313F0B8FB204613F0BCFB284670BD13
:101420006FF01500FBE700BF29490C00CFD80B0077
:10143000705802202DE9F04387B0044615460E4649
:1014400004AF51B9654940F2763265480FF043FA6E
:1014500040F2763161480FF035FA30B1614B984275
:1014600003D303F5D073984208D35C4940F2773236
:101470005B480FF030FA40F27731EBE7FFF7DCFD25
:10148000012803D1236B002B40F0A1803388012B6E
:1014900040F0A0800023072D7B6040F29B80204617
:1014A000FFF7B4FD18B12046FFF7F2FD786006F1B2
:1014B0000408404613F02FFB0146B8B12046FFF761
:1014C000BBFD022805D194F85B0010B1FEF7BCF912
:1014D00078604046391DFEF7F3FB00283BD16FF0E2
:1014E000010420460C37BD46BDE8F08372687B6876
:1014F0005ABB23B904F12C0012F0A6FF7860FFF765
:1015000081FB0546D7F80490B9F1000F25D1364C80
:1015100023685A0716D041460120FFF783FA6D462B
:1015200088B004AA314BC2E905304FF400739383AD
:101530002F4B42F8103F4FF4E2514B462046F1F753
:10154000C5FDAD466FF07C04CBE703B9391D4046BD
:1015500012F05DFFC1E7051DD4E74FF0010904F16A
:101560000C084FF0FF334FF0FF32404613F0E5FA1E
:1015700020467968FFF7A4FDA4F82090656273887F
:1015800013B394F85A1094F85E20029194F859100D
:101590002046CDE900617968FFF7AAFD68B11248DD
:1015A00003685B0706D073885BBA9BB2114A494651
:1015B0000FF061FC6FF06F0402E073886384002415
:1015C000404613F0E0FA8CE7638C7380F7E76FF026
:1015D0007E0486E76FF0150483E700BF29490C00FD
:1015E000CFD80B00705802205C21022058490C0013
:1015F000030000016A490C0070B50C4605461E4602
:10160000114662B9416A51B91E491F4840F2FE4273
:101610000FF061F940F2FE411A480FF053F90B68E0
:101620001BB1084613F077FA90B13146A069FEF776
:10163000BFF9036801465BB91448036813F0060F4D
:1016400003D00221124A0FF00DFC6FF0150070BD9F
:1016500095F8583094F83B009B0863F3050084F834
:101660003B0095F85830324663F3871084F83B000E
:1016700095F8583020465B0984F83C30BDE870404E
:1016800014F0FFB929490C00CFD80B005C210220CF
:101690007D490C002DE9F74F0C9E14468A4698466A
:1016A00005469DF8442030B1A44B984203D303F57E
:1016B000D07398420AD3A249A24840F66C120FF0A8
:1016C0000AF940F66C119E480FF0FCF8B0F8603053
:1016D000D90740F130814AB146B9B8F1000F08D1BD
:1016E000BAF1000F17D16FF0780475E0B8F1000F70
:1016F000F9D000272846FFF7B5FC012808D12FB103
:10170000D7F80080B8F1000F07D07E68072E06D802
:101710006FF0150460E05746ECE705F12808D8F8AB
:101720000430002BDFD02846FFF786FC02280ED0BD
:10173000EB6AD3B92846FFF769FCB0B908F1040099
:1017400012F082FE01462846FFF7BAFC0DE008F1D0
:10175000040013F0E0F90028EAD095F85B000028B7
:10176000E6D0FEF771F80028E2D027B11CB9234675
:10177000F9688B4223D12846FFF78AFC034628BB31
:101780000D9B2846AB63109B6B60FFF781FC47F60F
:1017900012220023CDE900232146012295F85E3074
:1017A00000F0F2FA064610BB674803685A0703D0F8
:1017B0000121664A0FF056FB6FF068040CE0BA682E
:1017C00002EBC302526801331444D2E7002113F044
:1017D000AAF928B96FF07204204603B0BDE8F08F73
:1017E0000821184613F09FF90028C9D1F2E7456196
:1017F00095F85E1013F043FCA04281462FD3A1461A
:101800002FB13C691CB17A690AB10F2A65D8B5F8C5
:101810005E30112B40F08A8000223146284608F1C4
:101820000403B8F802B0FFF7E7FE041E2ADB2846DF
:1018300013F0DFF9044628BB5A463046698C14F091
:1018400054FB044640B9C846002F5BD14A46514676
:10185000304613F0FCFD0446002C56DA12E0284610
:10186000FFF7EAFB0238C0B20128C9D8364803683E
:101870005B0705D001214B46354A00940FF005FB6C
:101880006FF00B04304613F0BDFBA5E7142B05D118
:101890006168292902D1A1683429B8D0073323F01F
:1018A0000701103121449142B1D823F007031C44B1
:1018B00096F837102368C1F302110229E6D00129F6
:1018C000ECD1142BEAD161680029E7D1A168022983
:1018D000E4D1237C86F8393099E72244E8E7BB68F5
:1018E000304603EBC402526853F83410424528BF17
:1018F0004246924613F0ABFD00281ADBB8EB0A080B
:1019000003D00134FB689C42E9D3304613F010FC4D
:1019100095F85E10304614F0C6F8DDE90E23304627
:1019200012F05CFB041EADDB4C4655E76FF07A0409
:10193000A8E70446A6E76FF008044DE770580220B8
:1019400029490C00CFD80B005C2102209B490C00D8
:10195000B6490C002DE9F04F8A4690461F460446D2
:101960008DB050B95449554840F69E420EF0B3FF31
:1019700040F69E4150480EF0A5FFB0F86030DB07FE
:1019800040F1978000F10C064FF0FF334FF0FF322B
:10199000304613F0D2F82046FFF764FBB4F85E300F
:1019A000112B40F0838000232046CDE90A33FFF756
:1019B00059FBADF82800204613F01BF90546002816
:1019C00042D12046FFF74EFB012844D1626A12B192
:1019D00013680B930AAA658CC4F834A0D4F830A01D
:1019E0006DBABAF1000F38D0ADB2B4F86030CDE9BD
:1019F0000125628D13F4807352BA92B20092504660
:101A0000169A2F4918BF04F1280300F037FE00286A
:101A1000054619DB58EA070316D0403420460AF081
:101A200051F8304613F0AFF842463B46204609F0E5
:101A3000E9FF4FF0FF320B304FF0FF33304608BF65
:101A40006FF0730513F079F8304613F09CF82846D0
:101A50000DB0BDE8F08F2A46BEE720460992FFF799
:101A6000EBFA81462046FFF7FDFAB4F86030B4F88F
:101A70005EB013F4807F04F130030693169BADB281
:101A800005930F4B0295CDE90343638D099A5BBA29
:101A9000C0B218BF04F1280A9BB2CDE90023494621
:101AA00002465346584600F06FFCB0E76FF06A05F7
:101AB000CAE76FF00805CAE729490C00CFD80B0028
:101AC000A5110A002DE9F041074688464FF0FF3284
:101AD0004FF0FF33104809F095FF00260F4CB4F883
:101AE0006030DB070ED504F10C054FF0FF324FF0EC
:101AF000FF33284613F021F820464146B8472846D0
:101B000013F041F80136042E04F16804E7D1BDE872
:101B1000F041014809F00CBF5858022070580220CB
:101B20004FF0FF320121014816F078B958580220D1
:101B30002DE9F04106460F4615461C4616F0E2F91F
:101B400008B100252C46802F0AD9094803685B0795
:101B500003D00121074A0FF085F90020BDE8F0818C
:101B60002A4623463046BDE8F04110F075BB00BF61
:101B700078210220244A0C0001460148FFF7D8BF13
:101B80008824022010B508B1054C046009B105484D
:101B900008600AB1044911600BB1044A1A6010BD13
:101BA0000022022020220220542402208824022025
:101BB00073B5044616461D4616F0A4F908B1002672
:101BC00035462B463246204601A909F011F9054653
:101BD000B8B940220146019816F047FB01230A4A92
:101BE00001989442C361446005D180F83C3013F001
:101BF0009FFA02B070BD054B9C4208BF80F83C5074
:101C0000F5E70020F5E700BF202202200022022095
:101C10002DE9F743DDE90A670546904699460C46EB
:101C200029B923B990F8373013F0700F62D016F04D
:101C300069F908B100260027284613F00DFA95F837
:101C40003710C1F30211002840D1002940D00129EA
:101C50000CBF14220022B9F1110F2FD10832A318A2
:101C6000AC6914B1246804B1648B012932D1B4F594
:101C7000107F38BF4FF41074241A9C4228BF1C46B2
:101C80001D486B68CDE900671C4E1D4F214642463A
:101C9000BB4218BF304613F0A6F80146E0B9194818
:101CA00003685B0705D00121174A08EB04030FF016
:101CB000E2F86FF00B0003B0BDE8F083B9F1010F5B
:101CC00002D0B9F13A0FCAD10432C8E70022C6E700
:101CD0000A46C4E71C46CFE7284613F02FFAB8F1AE
:101CE000000F07D0A86841460C30F6F703FB2846E2
:101CF00013F01EFA0020DEE788240220542402207C
:101D00002022022078210220654A0C002DE9F743A9
:101D1000DDE90A45064690460F4639B932B990F8D2
:101D2000373013F0700FC3F3021026D016F0EAF824
:101D300008B100240025B06950B943460022394655
:101D40003046CDE90A4503B0BDE8F043FFF760BF78
:101D500072680C4B9A42F0D103688BB15B68D3F880
:101D60001090B9F1000FE8D043463A463146CDE92C
:101D70000045C84710F1860FDFD003B0BDE8F083FF
:101D80001B69FFDE2022022030B585B00093DDE91B
:101D900008451346CDE902450A460146024813F0BC
:101DA000DEF905B030BD00BF2022022030B585B07D
:101DB0000093DDE908451346CDE902450A46014690
:101DC000024813F0CCF905B030BD00BF002202205C
:101DD000F8B504464E680D4613F01DFB864203D845
:101DE00023692B6028680EE094F83730DA07F9D5BC
:101DF000296849B90A4803685B0703D00121094AE9
:101E00000FF030F80020F8BD2046D4E903766A6868
:101E100013F0F3F9C4E903760028E3D0F2E700BF3A
:101E2000782102208A4A0C00E82208B5034B02FB05
:101E3000003015F0DEFF002008BD00BF6048022022
:101E4000082828BF0020014B185C7047F9600C007F
:101E500030B58BB01C4C204615F0BEFF4FF0FF3262
:101E60004FF0FF330025CDE906234FF0FF330094F8
:101E7000CDE9033504F120004FF4BC62CDE90155F2
:101E8000124B13490AF006FD044658B9114803687D
:101E90005B0717D0012123460F4A0BB0BDE8304045
:101EA0000EF0E9BF2B4608210C4A08A80DF05AF89D
:101EB000204608A90AF0FCFB20460BB0BDE83040E4
:101EC0000BF022BC0BB030BD604802208F540B00D9
:101ED00010BF022080210220B14A0C00D44A0C001D
:101EE0002DE9F04F0F4616461D46814687B0002863
:101EF00000F0E180002A00F0DE8071B91388012B28
:101F000005D06FF00108404607B0BDE8F08F101D06
:101F100012F09AFA07460028F3D03388012BF0D14B
:101F20003DB9022104A810F036FA644DBDF8103016
:101F30002B8004230021CDE904137B680436002B99
:101F400000F0B38031463846FDF732FDDDE912235B
:101F50002969CDE90023012380461A463846043119
:101F6000FFF712FF0446002800F0A280AB68072BA1
:101F700010DD53480268520705D007220121009264
:101F8000504A0EF082FF6FF01506204613F03AF823
:101F9000B046B8E7002B16DA2A7990F83B30920861
:101FA00062F3050380F83B302A7962F3871380F8E7
:101FB0003B3032464146204613F063FD024628B1CD
:101FC0006FF06806E1E780F83C30F2E70821204630
:101FD00013F0C8FB80460028F2D1204604A9FFF781
:101FE000F7FE0028ECD02B8804A95BBA03806B882D
:101FF0005BBA4380204613F045FAD5E90312D9B104
:10200000A2B9204613F094F80121204613F04BFDAD
:10201000109B0022C9E902732046002311F0DEFF65
:102020000028BFF670AF6FF00406AEE7204613F04D
:102030000EFA061EE5DAA8E7002AE2D0032A22D922
:1020400015F0AAFB834615F0A7FB064615F0A4FB86
:10205000824615F0A1FB360A030606F47F4643EAE2
:102060001B634FEA0A2A33430AF47F0A43EA0A034E
:102070000422204603A9039313F0E9F9061E84DB2A
:102080002B69043B2B614FF0000A2B699A45B8D2AB
:102090000122204603A98DF80CA013F0D8F9061EE2
:1020A000FFF673AF0AF1010AEFE76FF071082AE754
:1020B0006FF00B0827E76FF0150824E7105A02208D
:1020C00060210220E44A0C002DE9F34107468846CE
:1020D000164602254FF0FF334FF0FF32164809F045
:1020E0008BF9164B1C6834B9134809F033FA2846AB
:1020F00002B0BDE8F081B8F80420237C9A4218D1E0
:10210000627C33789A4214D1A37C72789A4200D0D0
:102110007BB9A36813B1BA6993420AD1E368424616
:1021200000936568334639462046A847012805468E
:10213000DAD12468D7E700BFAC220220245A02205B
:102140002DE9F041DDF818800D4617461E4604467D
:1021500068B1B8F1000F0AD04B1E012B0BD91448FF
:1021600003685B0703D00121124A0EF07BFE6FF07B
:102170001500BDE8F0811422002116F076F8C4F8AD
:10218000048025746774A6744FF0FF324FF0FF335C
:10219000094809F031F9094B1A6822605A681C6035
:1021A00002B95C60044809F0D5F90020E1E700BFFE
:1021B00060210220144B0C00AC220220245A022081
:1021C00010B5044640B34FF0FF324FF0FF331448D0
:1021D00009F012F90021134B1A6852B1944218D138
:1021E000226881B959681A608C4200D15A60002374
:1021F00023600B4809F0AEF914220021204616F0A6
:1022000034F8002010BD0A605A68944208BF596033
:10221000EDE711461268E0E76FF01500F2E700BF46
:10222000AC220220245A022008B550B908490948B6
:1022300040F2F2220EF04FFB40F2F22104480EF081
:1022400041FB90F96200BDE80840FDF7FDBA00BF10
:102250006C100C00CFD80B0002460B46014809F069
:10226000CBB800BF70220220014809F073B900BF4B
:102270007022022008B531B30B88012B18D10B68EE
:10228000C3604B6803614B682BB190F8243043F076
:10229000400380F8243090F8243043F00403BAB1AE
:1022A00043F0100352BA80F82430C281002008BDE8
:1022B0000A4803685B0703D00121094A0EF0D2FDEA
:1022C0006FF01500F3E790F8243003F0BB03E6E766
:1022D00023F0100380F82430E8E700BF54210220E7
:1022E000324B0C0008B531B30B88012B18D10B68A9
:1022F00043604B6883604B682BB190F8243043F007
:10230000200380F8243090F8243043F00203BAB15F
:1023100043F0080352BA80F82430C280002008BD80
:102320000A4803685B0703D00121094A0EF09AFDB1
:102330006FF01500F3E790F8243003F0DD03E6E7D3
:1023400023F0080380F82430E8E700BF542102207E
:102350004F4B0C0010B504462822002115F085FFD4
:102360004FF0FF304FF0FF31FFF776FF054B1A6853
:1023700022605A681C6002B95C60BDE81040FFF73B
:1023800073BF00BF345A02202DE9F04F87B000AF71
:102390001C46B7F84430FD6CFB60B7F848309246F5
:1023A0003E6C38617960BB60002D38D02846FFF75D
:1023B0003BFF8046284612F0E8FB78614FF0FF3083
:1023C0004FF0FF31FFF748FF884BD3F800B0BBF167
:1023D000000F08D0BB68DBF8009059BA8BB23B60A5
:1023E000BBF1000F1ED1FFF73FFF4FF0FF304FF062
:1023F000FF31FFF731FF7E4BD3F80080B8F1000FBB
:1024000040F08E80FFF730FF7A4803685A0703D008
:102410000121794A0EF026FD6FF001045FE0A84625
:102420007D61CBE7BBF820103B69994216D19BF840
:102430002310514512D19BF8241001F00400AEB1D5
:1024400060B13088012809D1BBF80C00012805D102
:10245000D6F804C0DBF81000844509D0B9F1000FAC
:102460005CD0D9F80010CB468946B9E70028F5D1F1
:10247000BBF80E003B689842F0D101F002019CB31A
:102480000029EBD021880129E8D1BBF804100129EB
:10249000E4D16068DBF808108842DFD1FB68BBF844
:1024A000060059BA89B28842D8D1DBF8180048BB77
:1024B000FFF7DAFE4F48026854070ED06C4688B02A
:1024C0006A4603234D49CDE9051B42F8103F00231E
:1024D0004FF4C251F0F7FAFDA5466FF06F042046A5
:1024E0001C37BD46BDE8F08F0029B7D17B69002BB2
:1024F000D4D0DBF818000028D0D012F046FB00281A
:10250000CCD0ABE7B8F1000FD2D0B0F8601009051D
:10251000CED5FFF789FE8045A0D1C9E74946A2E79D
:102520005968D8F80020884508BF5A601A6000230F
:10253000C8F80030FFF798FE002C43D13B6D3146C0
:10254000C8F814307B6D4046C8F81C303B69BA6847
:10255000A8F820307B6888F823A088F82230C8F8D3
:102560001850FFF787FE00283AD121464046FA6806
:10257000FFF7B8FE044698BBBB6D0BB1C3F80080F3
:1025800098F824304FF0FF3043F0010388F82430EE
:102590004FF0FF31FFF760FE144B1A68C8F80020B7
:1025A0005A68C3F800800AB9C3F80480FFF75CFEDC
:1025B000284612F0EDFA98F8253060F3000388F809
:1025C00025308CE7002EB9D0228833889A42B5D0C6
:1025D000084803685B0703D00121094A0EF042FC5A
:1025E0004046FFF7B7FE6FF0150478E72C5A02203B
:1025F000345A0220542102209C4B0C006D4B0C00DD
:10260000E54B0C001B4B10B5984204462BD3A0336E
:10261000984228D890F82430DB0727D54FF0FF31B7
:102620004FF0FF30FFF718FE0021134B1A6852B12C
:10263000944215D1226869B959681A608C4200D158
:102640005A6000232360FFF70FFE2046FFF782FE4B
:10265000002010BD0A605A68944208BF5960F0E734
:1026600011461268E3E76FF01500F2E76FF0010022
:10267000EFE700BF3C5A02202C5A02202DE9F0411E
:10268000134D8C46A842174604461E46BDF81880D6
:102690000799BDF8202003D26FF01500BDE8F08146
:1026A000A035A842F8D890F82430DB070DD5C0F843
:1026B00014C0C761FFF7DEFD0028EDD14246314668
:1026C0002046BDE8F041FFF70DBE6FF00100E5E7E1
:1026D0003C5A02202DE9F04F994690F8373089B0E6
:1026E000C3F302130293013B012B05460E460692EB
:1026F00000F2CE801346112A15BF4FF0000BD9F817
:102700000030CDF80CB01A8804BF0392B3F802B0C1
:10271000029B012B55D10F68D0F8188007F10C04EB
:1027200000212046FDF7C0F9824600283ED0012056
:1027300031680A69CC6813BA944200D018B1039A80
:102740005A4500F0A58003F07043B3F1604F3AD0D2
:1027500040461031FDF704F907464FF0000A4FF0EC
:10276000FF304FF0FF31FFF777FD624B00201C6810
:102770004FF0FF334FF00008CDE904303CBBB8F117
:10278000000F00F09B80D8F81440D8F81CB0FFF779
:102790006BFDBAF1000F00F0A280059B002B00F04A
:1027A0009080284612F02EFC002072E0FEF72EFAF0
:1027B000FA6803689A42BAD021465046FDF7D0F82D
:1027C000B6E70027C9E700274FF0010AC7E7A0696D
:1027D000002842D194F82330002B4BD1238C069A49
:1027E000934245D194F824301A0703D5E28803991F
:1027F0008A423DD1D80602D5E2895A4538D1990797
:102800000ED595F83720A188C2F3021291422FD13C
:10281000012905D1A2681AB13168C9688A4227D155
:102820005A070ED595F83720A189C2F302129142BA
:102830001ED1012905D122691AB1316809698A427C
:1028400016D1049A03F078039A4211DABAF1000F14
:1028500014D11BB2A04604930AE0B0F86030190509
:10286000B8D5AB690793FFF7DFFC079B8342B1D074
:10287000246883E7029A9342B0D0F9E740F63542E4
:102880000023284612F0C4FD014628B9FFF7ECFCEE
:10289000022009B0BDE8F08FE3690590009332464D
:1028A0004B462046D4F814C0E0470228059902D1CF
:1028B000084612F0A7FBCDF814A0D9E7C34644465A
:1028C00065E7002CE4D04B46324629464046CDF819
:1028D00000B0A047831E584258414000D9E7002C61
:1028E000F1D1002FD4D103222846114612F084FFE3
:1028F000CEE700BF2C5A022070B505460E464FF0B9
:10290000FF304FF0FF31FFF7A7FC064B1C681CB9E6
:10291000BDE87040FFF7A8BC20463146A8472468B0
:10292000F5E700BF2C5A022000230A4A10B5C2E97D
:102930000033094A1846114614460133042B086037
:1029400003D0283208461146F7E7044B044AC3E98E
:10295000002410BD2C5A02203C5A0220345A022076
:10296000B45A02202DE9F047136886B0DA680D46A4
:10297000D1E9037602921B690393029B1BB90220E3
:1029800006B0BDE8F08700228B685BBB95F83A1073
:1029900095F836300B44C3F57F43FC3313441FFADC
:1029A00083F91BB2032BEADD47F612220023CDE99F
:1029B00000230123A8691A464944FFF7E5F90446B4
:1029C0000028DCD0039B03F0F003E02B0ED1A869B4
:1029D00002A9FCF7EDFF03688046BBB9204612F060
:1029E00011FBCCE7198A5B680A44CEE7D5F818805A
:1029F000FEF70CF9039A03689A42E8D0404603A90F
:102A000011F0FDFC0028E2D10DF10C0895F83B20F7
:102A100094F83B30414662F3050384F83B3095F867
:102A20003B3094F83B209B0963F3871284F83B20EA
:102A3000204602AA13F025F80028CFD195F83A30A5
:102A4000EBB128461E4904AACDE9044813F07CF8EE
:102A50000028C3D194F83AA01AF003080DD0C8F1A9
:102A600004085FFA88F842460121204612F0BAFBBA
:102A70000028B3D1D0445FFA88FA84F83AA0002243
:102A80002046114612F06EFE0028A7D14A4629467C
:102A9000204612F0D3FB0028A0D1204612F048FBBC
:102AA0000121204612F0FFFF00220023204611F0F2
:102AB00095FA002892DB0120C5E9037660E700BFA4
:102AC00029550B0090B5134B83B0082200930121C8
:102AD0000023114802AFFFF733FB031E17DA0F483C
:102AE0000268520713D06C468AB002AA0C495161A1
:102AF0000C49C2E906134FF4007313840A4B42F8E1
:102B0000103F00234FF41151F0F7E0FAA5460437C7
:102B1000BD4690BD65290A00DC5A022064210220CE
:102B2000094C0C00294C0C000400000173B5002373
:102B3000164640F21B620C46CDE900230C2102230D
:102B40000122FFF721F90546B0B196B121461623BF
:102B50002246284613F064F9044620B9284613F0AB
:102B60004CF9044610B1284612F04CFA204602B047
:102B700070BD17230249EBE76FF00B04F6E700BFC7
:102B8000A0CE0B0000232DE9F04387B0ADF80E3046
:102B9000049308230593836890F8362090F83A5000
:102BA0001B8A2A449B1A072B044603DC022007B029
:102BB000BDE8F0830E69364B9E42F7D104A9FFF7BA
:102BC00007F90028F2D020460DF10E0111F082FF26
:102BD0000028EBDBBDF80E30002BE7D1204605992D
:102BE00012F0F5FAA7697D6885B395F83C2012F0DC
:102BF000010307D0C2F34003920703D56B6A9B1B06
:102C000018BF012395F85C20D00705D5910703D59F
:102C1000696C1F4A914200D1C3B14FF0000905F120
:102C2000240805EB491393F83C30DA0706D59B07D7
:102C300004D5D8F80020164B9A420CD109F10103B3
:102C4000022B4FF0010908F12008EAD1204612F0CA
:102C5000D9F90020ABE740F21B6200230C21CDE93B
:102C60000023384602230122FFF78EF8064600288B
:102C7000ECD016234246414613F0D2F820B9304634
:102C800013F0BBF80028D9D0304612F0BBF9DDE7CD
:102C9000E000000130B50D4685B0039003A9284639
:102CA000FDF70EF8044600B3039811F0F5FCA0B14F
:102CB0002146039811F015FC012221460398FCF7E8
:102CC000F1FD04234FF400700093039A0849E318C0
:102CD000FEF7EAF8002005B030BD0122294603982E
:102CE000FFF724FF0028E3D0F5E76FF00100F2E7DB
:102CF000000030E0F7B504460F46FDF72DF8054615
:102D000078B3037F9B072AD40146204611F0E9FBE4
:102D1000204611F0C1FCA0B9012239462046FFF738
:102D200005FF064668B12946204611F0C9FB16F199
:102D3000730F03D039462046FCF75AFF304603B0E4
:102D4000F0BD012229462046FCF7ACFD04232246B3
:102D500000934FF400700449EB18FEF7A5F8002625
:102D6000ECE76FF00B06E9E7000030E070B50E46C7
:102D70008CB0039003A93046FCF7A2FF044640B391
:102D80000FCC04AD0FC594E80F0085E80F00314665
:102D90000398FCF72DFF90B1039811F07DFC0246DB
:102DA00080B10022039804A9FCF77CFD04234FF4B2
:102DB00080600093039A084905ABFEF775F8002080
:102DC0000CB070BD31460398FFF7B0FE0028E8D084
:102DD000F6E76FF00100F3E7000030E013B5019073
:102DE00001A90D48FCF76CFF044620B1037F9B0747
:102DF00008D502B010BD08490198FCF7ADFF0446A4
:102E00000028F6D02146019811F06BFB01222146E3
:102E10000198FCF747FDECE7A4CE0B0010B588B095
:102E2000002200230024CDE906234FF0FF334FF4A6
:102E30000072CDE90334CDE90144064B0649009404
:102E4000064809F027FD0649044809F031FC2046F0
:102E500008B010BDE12E0A00F0C40220484902204B
:102E6000474C0C0002460B46014808F0C5BA00BFAB
:102E700084220220014808F06DBB00BF842202209A
:102E800038B50546FDF720F84FF0FF31441E4FF0EE
:102E9000FF30FFF7E7FF85B10021284613F0C3F8A4
:102EA00058B10821284613F0BEF830B10B4A32F869
:102EB000143043F0010322F814300121284611F0A8
:102EC000A3FA30B1054A32F8143043F0040322F873
:102ED0001430BDE83840FFF7CDBF00BFA25F02202D
:102EE0002DE9F74F4FF0FF304FF0FF31FFF7BAFFFA
:102EF00000F06AFB00F0CEF900215B48FDF7DAF93B
:102F0000FFF7B8FFDFF864814FF0FF334FF0FF3277
:102F1000574808F077FD4FF0FF304FF0FF31FFF7D3
:102F2000A1FFB8F80030002B00F08780C3F3803297
:102F300013F00105C3F340304FEAD336019270D04D
:102F400013F0060208BF934683F08001C1F3C0115D
:102F5000C3F34005C3F3800301EA030A1ABF0C461A
:102F60008B465C46D1460D40584500955ED0012009
:102F7000FCF76AFC0746AE425AD00120FCF764FC1D
:102F80000646019B534555D00120FCF75DFC824667
:102F9000B8F80030C3F30C0343EA4B33A8F8003011
:102FA000B9F1000F03D043F48043A8F800303DB1DD
:102FB000B8F800306FEA43436FEA5343A8F8003093
:102FC0002C4D2B889C4209D0002C3DD13A46022042
:102FD000294913F020F8294B2C801F60284C2388A6
:102FE00099450CD0B9F1000F33D15246082022493F
:102FF00013F011F8234BA4F80090C3F800A0224C62
:10300000009A23889A4209D042BB324620201A49AE
:1030100013F001F8009B23801C4B1E60FFF72AFF72
:1030200072E7AA46AB462C46A9469DE70027A2E7D1
:103030000026A6E74FF0000AAAE71C4699461F465D
:103040009A461E460093BBE7002BC4D13A460120A6
:10305000BEE7002BCED152460420C8E7002BD9D1C1
:1030600032461020D3E700BF812E0A00A25F022063
:1030700030230220A05F0220000050F0F85A022006
:103080009E5F0220F45A02209C5F0220F05A022028
:1030900000487047A25F022010B5FCF715FF4FF003
:1030A000FF31441E4FF0FF30FFF7DCFE074A32F8D5
:1030B0001430190606D443F0800322F81430044873
:1030C00008F036FCBDE81040FFF7D4BEA25F022036
:1030D0003023022010B5FCF7F7FE4FF0FF31441EFD
:1030E0004FF0FF30FFF7BEFE074A32F814301906E2
:1030F00006D523F0800322F81430044808F018FCA9
:10310000BDE81040FFF7B6BEA25F022030230220C8
:1031100010B5FCF7D9FE04464FF0FF314FF0FF30F9
:10312000FFF7A0FE044B013C13F81440FFF7A2FE8A
:10313000E409204610BD00BFA25F022010B5FCF7D5
:10314000C3FE441E002C0CDC4FF0FF304FF0FF316B
:10315000FFF788FE044B33F81440FFF78BFE204640
:1031600010BD4FF6FF74FAE7A25F02202DE9F0418F
:1031700014461D46DDF81880FFF78AFF24F4C0537B
:1031800025F0604223F0030322F440121343064665
:103190003ED14046FCF798FE471E4FF0FF324FF0FD
:1031A000FF331C4808F028F9C5F31303A4F50062A7
:1031B0001A4313D040F60102944273F100020AD27E
:1031C000621E1A430AD0023C1C4316D0BDE8F041EF
:1031D000104808F0BFB9A4F58054F5E70121404636
:1031E00011F012F928B136F8173043F0040326F82D
:1031F0001730094808F09CFBE8E70121404611F030
:1032000003F90028F5D136F8173023F00403EEE770
:10321000BDE8F0818422022030230220F8B51D464B
:103220001446069FFFF734FF25F0504324F00302B5
:1032300023F480131A43064626D13846FCF744FE91
:10324000471E4FF0FF334FF0FF32104808F0D4F81C
:10325000C5F31305631E2B4307D0023C2C430ED04D
:10326000BDE8F840094808F075B936F8173023F082
:10327000010326F81730064808F05AFBF0E736F845
:10328000173043F00103F4E7F8BD00BF84220220A9
:1032900030230220032208B50A490B4B08464B6035
:1032A0000A4BC1E90423FDF7D7FD41F603020849A3
:1032B000084B08464B60084BC1E90423BDE80840B1
:1032C000FDF7CABD204A02201D320A00000010D0BE
:1032D000084A02206D310A00000030E008B50F4AAC
:1032E00003460F48904215D90E490F484FF481729A
:1032F0000DF0F1FA4FF481710A480DF0E3FA01681C
:10330000994205D143681B68002B08BF002008BD07
:103310005030E7E7F3D30020F9E700BF4225022051
:1033200042250220614C0C00CFD80B00002307B5CA
:10333000009350F8182C03490420FDF7B5FD03B0A5
:103340005DF804FB000020D010B512F0AFFE031EA4
:1033500009DA05480268520705D0BDE8104001218E
:10336000024A0DF088BD10BD0C210220A44C0C00B7
:103370002DE9F0410B7805460E4600AF33B973785E
:10338000032B07D8DFE803F009404952FFF7C0FEDE
:103390000028F4D0BD46BDE8F081284612F04DFE6D
:1033A0000028F7D12846FCF7B3FF04460028F1D0E7
:1033B000736803B97060244B1B685B07EAD07378AD
:1033C000002B3CD0013BDBB2022B3AD81F4A52F80B
:1033D00023602846FCF778FDE8468CB06A461C4B13
:1033E000CDE90705CDE905364FF40073ADF8283077
:1033F000184B099442F8103F00234FF451511248E2
:10340000EFF764FEC546C5E7284612F016FE002811
:10341000C0D02846FCF7D2FFC7E7284612F01EFEB0
:103420000028B7D0284612F041FEBEE7284612F029
:1034300015FE0028AED0284612F08BFEB5E7064EEA
:10344000C7E7064EC5E700BF0C210220A8CE0B003F
:10345000D44C0C0006000001CA4C0C00C24C0C00FD
:103460002DE9F041C3F31303911E00AF1943064643
:10347000BC6908D0111F19433DD0013A1A4323D02B
:10348000BD46BDE8F0811E4DD0F808802A6802F0E4
:103490000702B8F1000F1BD0B2B12046FCF714FDB3
:1034A000B3686E468AB01B686A46CDE907430523B8
:1034B0001449CDE9051042F8103F00234FF4215183
:1034C0002846EFF703FEB546204612F05DFED7E72B
:1034D000002AF9D02046FCF7F7FC6E4688B06A4611
:1034E000094B0794CDE90530042342F8103F4FF40F
:1034F00001514346E4E70121204612F000FEBFE7F8
:103500000C210220FB4C0C00324D0C0023F05041EA
:1035100022F00B0021F4801170B50843049C0CD1FB
:1035200028498B4208BF022A08D08B4208BF082ACC
:1035300042D08B4208BF012A23D070BD2046FFF73E
:10354000CDFE05460028F8D0204612F070FE002877
:10355000F3D04FF47A7347F6122C03FB00F40021EA
:1035600040F2E7304FF47A720023E4FB0C01EBF7F2
:103570004DF902460B4605F11800BDE8704008F011
:10358000D5BF204612F06AFD0028D6D00021204683
:1035900012F0E2FD48B920460022032112F065FD39
:1035A0002046BDE8704012F0EFBD0321204612F026
:1035B000D3FD0028EFD1C0E72046BDE8704012F0EF
:1035C00004BE00BF000010D038B5314C314DAC42C4
:1035D0002ED931494FF4E97230480DF07CF94FF49F
:1035E000E9712D480DF06EF963681B684BB92C48E2
:1035F00003685B0703D001212A4A0DF033FC5034E5
:10360000E5E79B68002BFAD0A06C12F01FFD26495D
:1036100004F1180008F046FE0023C4E9043363688F
:1036200020461B689B689847A06C12F015FDE6E7E2
:10363000DAD30B221D491E4B08464B601D4B144C20
:10364000C1E90423FDF708FC07221B491B4B084670
:103650004B601B4BC1E90423FDF7FEFBAC4214D9C0
:103660000D494FF4FA720D480DF035F94FF4FA7127
:10367000B7E763681B6833B1206812F0DEFC10B155
:10368000206812F0A2FD5034E8E7F2D338BD00BF45
:103690004225022042250220B44D0C00CFD80B0059
:1036A0000C210220654D0C002D330A00504A0220E7
:1036B0000D350A00000010D0384A0220AF610B001F
:1036C000000020D0002307B58DF8000069460548AA
:1036D0008DF801300193FCF7EDFD019803B05DF822
:1036E00004FB00BF71330A00012307B58DF80130D8
:1036F00000238DF80000694603480193FCF7DAFDCA
:10370000019803B05DF804FB71330A00002307B58C
:1037100069468DF8000008488DF801300193FCF7E8
:10372000C9FD0223694604488DF80130FCF7C2FD4B
:10373000019803B05DF804FB71330A00032307B559
:103740008DF8013000238DF800006946034801938D
:10375000FCF7B0FD019803B05DF804FB71330A007B
:1037600038B500231349144CA14220D913491448F9
:103770003E220DF0B0F83E2110480DF0A3F80A6883
:10378000934204D010694BB90380106943801069DB
:1037900008314388013343801346E5E71D69B5F9D5
:1037A000025005801B691069B3F90230EEE7E6D3D9
:1037B000002038BDBC9A0B00EC9A0B00384E0C0070
:1037C000CFD80B0008B5094B1B7853B908490948F5
:1037D00040F246320DF07FF840F2463104480DF0D9
:1037E00071F8F4F74FF8044B185808BDEE79022031
:1037F0003ADA0B00CFD80B000800000008B550B92A
:103800000649074840F26B320DF065F840F26B3123
:1038100002480DF057F8808808BD00BF5E4E0C00CE
:10382000CFD80B002DE9F04F87B000AF91469A46F4
:103830000546FFF7E3FF04464A46534607F10800F2
:1038400014F039FCD7E9022321465048F4F790FBE5
:10385000064638B94E49FC224E480DF03CF8FC2192
:103860004B480AE0856155B94B494A4840F2463217
:103870000DF031F840F2463147480DF023F8284664
:10388000FFF7BCFF4FF0000B2C680246214606F103
:103890000C000EF0E5FC2B69B3F90220B3F90080AF
:1038A0007A607A680FFA88F3934204DB3046F4F7C3
:1038B00025FC5C464AE0394B53F8384063681B7876
:1038C00073B1374B13F8083053B97D612378012B5E
:1038D0000BD0022B3FD0002B4ED12846A36898472F
:1038E0005C46A34608F10108DBE74A46534607F168
:1038F0000800A46814F0DFFBD7E90223204607F193
:10390000140114F047FA04460028E9D0254B1B683F
:103910005B0715D0EB468AB06A46234B0593234BD1
:10392000CDE906344FF40073ADF82030204B42F857
:10393000103F00234FF411511A48EFF7C7FBDD4643
:1039400014F10C0FCDD13046F4F7D8FB20461C37CC
:10395000BD46BDE8F08F4A46534607F1080014F013
:10396000AAFBD7E902233046F4F7FEFB014650B12B
:10397000A06814F03EFAB3E70549E62205480CF0CA
:10398000AAFFE6216CE76FF00B04BFE720240220BA
:10399000384E0C00CFD80B005E4E0C00C09A0B00C6
:1039A0003C250220C42102208C4E0C00EEEB0B00C3
:1039B000040000012DE9F84F0A9F054691469846FC
:1039C00014F0A0FA044600284BD1FFF7FBFE824614
:1039D00014F09EFA3860EFF3118B202383F31288E2
:1039E000BFF36F8F20480AF06BFB064640B91F49B2
:1039F00084221F480CF06FFF84211C480CF062FFEA
:103A000019480AF081FB2B69D9693B688B4206DDB6
:103A10000139504621EAE17109F016FD3446124899
:103A20000AF05CFB40B911494FF4997210480CF050
:103A300052FF4FF49971E0E78BF31188BFF36F8F5A
:103A4000286904304A46434607F0DCFF054628B1A2
:103A500024B1FFF7B7FE396809F0F6FC2846BDE847
:103A6000F88F0024ECE700BFFC5A0220E5E40B00CD
:103A7000CFD80B002DE9F047884615461E469146E3
:103A80009A46044686B050B92B4940F2CB122B48D7
:103A90000CF021FF40F2CB1127480CF013FF41B985
:103AA00025494FF4E67225480CF015FF4FF4E671F6
:103AB000F2E714F027FA50B1354308D01E4940F21E
:103AC000CD121E480CF007FF40F2CD11E4E714F0D0
:103AD00019FA10B14FF00009CA4653464A4602A8E7
:103AE00014F0C4FADDE90267E368D3B90E23059345
:103AF00005AB00934A4653462046FFF75BFF054659
:103B0000B0B941466268206814F089FB32463B46F2
:103B10002046FFF787FE05990546206912F0B6FB9F
:103B200006E04046616898470028DFD16FF0220523
:103B3000284606B0BDE8F087384E0C00CFD80B0001
:103B40002DE9F04105460E46174614F0DBF9044610
:103B500050B1304940F24F222F480CF0BCFE40F2E9
:103B60004F212C480CF0AEFE45B92A494FF414728F
:103B700029480CF0B0FE4FF41471F2E72B78022BB9
:103B800008D0244940F2512223480CF0A4FE40F210
:103B90005121E6E7A86840B91E4940F253221E4869
:103BA0000CF099FE40F25321DBE746B919494FF476
:103BB000157219480CF08FFE4FF41571D1E747B913
:103BC000144940F2552214480CF085FE40F255216C
:103BD000C7E7DDE9062307F033FE0546B8B1806983
:103BE0003060FFF70BFE014605F10C00F4F7BAFB5D
:103BF00080463068FFF702FE41460246384614F020
:103C00000EFB2846F4F77AFA2046BDE8F0816FF003
:103C10002200FAE7384E0C00CFD80B0037B540230E
:103C20000C460A490093411A491105462346084AA1
:103C3000084812F03AFB014628B12846234603B053
:103C4000BDE83040184703B030BD00BF145B022010
:103C500017630B00D4890B00C9B2012908B508D934
:103C6000084909487E220CF036FE7E2105480CF0FA
:103C700029FE0C22036901FB0233986C00F0070057
:103C800008BD00BFCE4E0C00CFD80B0070B5C9B236
:103C90000129034600690AD9174918484FF4E87208
:103CA0000CF019FE4FF4E87113480CF00BFEEFF323
:103CB0001186202484F31288BFF36F8F0C2505FB37
:103CC0000104A46C14F0C00401D0A24211D101225D
:103CD00005FB01008264002086F31188BFF36F8F1B
:103CE00030B90C225B6802FB01335B689847002007
:103CF00070BD4FF0FF30EFE7CE4E0C00CFD80B0079
:103D000070B50D4606490446411A4911402205483E
:103D1000FFF7BCFF2B4601462046BDE87040184720
:103D2000145B0220D4890B00F8B50022012105465E
:103D300040F20510F3F796FC114804F0BFFC04466E
:103D4000D0B9286900F014FA04F0D8FC2F690D49A5
:103D500038460CF060FF031E09DB0126BE642D69A6
:103D6000084905F120000CF056FF031E02DA1C463C
:103D70002046F8BD6E65FBE76FF00404F8E700BF6E
:103D8000413E0A00B4CE0B0010B50022012386B0DC
:103D90006C46CDE9022304ABCDE90433074A6B46F8
:103DA000CDE9004412F0B0FA28B943F609520023D5
:103DB000684607F027FE06B010BD00BF23630B0066
:103DC00010B5EFF31184202383F31288BFF36F8FB4
:103DD000074A136823F00201DB07116002D40120B7
:103DE00004F0D8FC84F31188BFF36F8F10BD00BFBF
:103DF0006C5B02200C22104B014602FB00330020BA
:103E000030B4D3E910521864EFF31180202484F306
:103E10001288BFF36F8F9C6C04F0C00444F002045E
:103E20009C6480F31188BFF36F8F1DB12B4630BCAB
:103E30000248184730BC7047145B0220D4890B003D
:103E400008B5062816D8DFE800F020200D11042060
:103E500020000E4B986C10F0070016D1BDE808400A
:103E6000FFF7C8BF00F092F90120F7E7BDE808406E
:103E700000F09AB9064907484FF441720CF02BFD47
:103E80004FF4417102480CF01DFD08BD145B022087
:103E9000CE4E0C00CFD80B0010B4EFF311802022CF
:103EA00082F31288BFF36F8F16490B6843F0020448
:103EB00013F001030C6017D0134BD3F80C3413F438
:103EC000803311D0EFF3118182F31288BFF36F8F2B
:103ED0000E4A936C03F0C00343F00203936481F332
:103EE0001188BFF36F8F012380F31188BFF36F8FA9
:103EF0001BB1002010BCFFF77DBF012010BC04F0F7
:103F00001FBC00BF6C5B022000E01040145B02206D
:103F1000024BC0B203EB4010704700BF145B02209D
:103F2000F8B5012206462F49D1E8EF3FC1E8E02F5E
:103F30000028F9D19BB92C492C484B60CB608A6092
:103F4000EEF7E4FA00280ADA294940F2A3222948C8
:103F50000CF0C1FC40F2A32125480CF0B3FC6EB379
:103F6000731E012B35D813F0CDFF044648B1EFF393
:103F70001185202383F31288BFF36F8F01241E4F16
:103F80000DE01E4B1B78002BF1D004221A4B054686
:103F9000C3F80823F3E794B128460EF020F9D7F8C8
:103FA0004C24D7F84C34D203F5D59B0701D0012E11
:103FB000F1D14CB185F31188BFF36F8FF8BD0021AB
:103FC000202009F073FBEAE704220B4BC3F804231B
:103FD000F4E7074940F2B52206480CF07CFC40F2B9
:103FE000B521B9E7105B0220005B0220345B0220A0
:103FF000CE4E0C00CFD80B0000E01040EE7902202E
:10400000012208B5104BD3E8EF1F002903D1C3E804
:10401000E02F0028F7D116D100230C4AD3600C4BB7
:1040200011465360032393600A4B1868EEF76EFA4B
:10403000002808DA084909484D220CF04CFC4D21B3
:1040400005480CF03FFC08BD8C5B0220745B02202D
:1040500045410A00705B0220384F0C00CFD80B009E
:1040600007B5002200230E48CDE9002300230D4AA6
:104070000AF000FC0C4B1868EEF7C8FA002808DAC2
:104080000A490B4855220CF026FC552107480CF034
:1040900019FC0022074B1A6003B05DF804FB00BF57
:1040A000C821022048E80100705B0220384F0C0054
:1040B000CFD80B008C5B022073B51D4D4C21AE6830
:1040C0002846F36898471B4C70B100231A462370AA
:1040D000217809B1012A1FDD174A138013F02EFC45
:1040E0000123237002B070BD0C216A462846336953
:1040F00098470028E9D1114A019B93FBF2F3009AFB
:1041000003EB82030C4A1BB2B2F900209A1A002A70
:10411000B8BF524212B2DBE7094A01391368217075
:104120000133136002B0BDE87040FFF799BF00BFD4
:10413000048C0B0015650220A45F022090D00300C0
:10414000845B022008B5074813F09FFD28B913F0DF
:10415000F5FB0122044B1A7008BD0448BDE8084075
:1041600007F050BF048C0B0015650220C81E02200A
:10417000034B044A186000231360034A136070471E
:10418000705B0220885B0220845B02200022024BCD
:104190001A70FFF735BF00BF1565022001480AF00D
:1041A000C5BB00BFC8210220024A13680133136057
:1041B000FFF756BF885B022008B5074813F065FD7E
:1041C00038B10648F3F704FE0448EDF7B5FB0020CC
:1041D00008BD6FF01200FBE7C48A0B00E1410A0042
:1041E00038B50D4D04462846EFF728FB002810DBB4
:1041F0000A2C04D1AB680D212846DB699847AB68CF
:104200000548DB69E1B29847202200230248EFF716
:1042100025FD204638BD00BFC48A0B0038B50369B0
:1042200041B91D4964221D480CF055FB64211A4810
:104230000CF048FB486830B91749652217480CF064
:104240004AFB6521F3E7586800B30024884219D17E
:1042500008688CB99C685860A14200D19860002021
:1042600008602AB15A680A609A68596002B9996070
:1042700000200FE02846E9E720609868814208BFE7
:104280009C60ECE705680446002DF3D1002AE9D1D3
:104290006FF0150038BD00BF894F0C00CFD80B0060
:1042A00070B546680546B068C0B104F02DFF014600
:1042B000A0B9B06804F0ECFE0446A8B902460C4967
:1042C000B06804F0A3FE22460121DA20F3F7CAF910
:1042D000224601214FF48670F3F7C4F92846BDE861
:1042E000704004490CF058BE6FF0040070BD00BF70
:1042F000CD450A00B1630B0008B503685F2B4FEA98
:10430000531107D80B4A03F01F0352F82120DA405B
:10431000D2070AD4084909484FF482620CF0DBFA4C
:104320004FF4826104480CF0CDFA0360044B53F85B
:10433000210008BDFCCE0B00C54F0C00CFD80B00F0
:10434000F0CE0B0070B5446801F01F05207C86B0EC
:1043500045EA4015A06800286DD0B2F5001F04D1D1
:10436000294604F0B3FF00204AE00026B2F5800F92
:1043700001A80196466032D1B3F1007F14BF052336
:1043800004238DF804300023CDE904030393E3688C
:104390006E46CB4013F0010F34D1B2F1A07F31D182
:1043A00068460095FFF7A8FF009B203350F82330A4
:1043B000DB0727D46A462946A06804F03BFE163086
:1043C00018D002962946A06803AA04F0DBFC002856
:1043D00016DB01222946A06804F000FFC3E7B3F111
:1043E000C06F05D0B3F1007F14BF01230223C8E7DB
:1043F0000323C6E76946A06804F0D0FE0028E0DA8F
:1044000006B070BD32462946A06804F013FE0028AD
:10441000D8D19DF80010A06804F0A4FE0028D1D0E7
:104420000649074840F2ED120CF055FA40F2ED1142
:1044300002480CF047FA6FF08500E1E7F84F0C00F6
:10444000CFD80B002DE9F043466840F20635337CA7
:10445000D00601F01F0747EA431748BF032302EACB
:10446000050558BFC2F3401387B0B5F5837F1446E6
:104470008DF8033043D00DD8062D42D005D8A5B114
:10448000022D12D06FF0150036E0B5F5807FF9D11E
:1044900001250AE040F20222954234D0B5F5407F72
:1044A00033D0B5F5007FEDD1042522032FD50123AC
:1044B00072688B405360B06880BB03A80397FFF716
:1044C0001BFF039B00EB8300C4F3004383F0010355
:1044D000C4F34044D0F8802044EA43049DF80330FC
:1044E00022F4706244EA830422F00F0244EA0523B6
:1044F0001343C0F88030002007B0BDE8F0830925E1
:10450000D3E70825D1E70625CFE70525CDE76303E7
:1045100041BF012372688B409360CCE739460DF1AF
:10452000020204F087FD14F4403F804616D139465C
:10453000B06804F001FEB8F1000FDCD19DF8021064
:10454000B06804F00FFE0028D5D01E491E48F8229E
:104550000CF0C1F9F8211B480CF0B4F94FF0000938
:1045600001ABCDE90199CDE90439CDF80C9039467C
:10457000B06803AA04F006FC4845BCDB14F4003321
:1045800014D09DF80330C4F3004484F001048DF886
:104590000E308DF80C508DF80D404B463946B06802
:1045A00003AA04F0AFFC0028C5DAA4E7CDE9043380
:1045B0000DF1030303933946B06803AA04F0E2FB4C
:1045C000F1E700BFF84F0C00CFD80B004209022AD8
:1045D000034670B503D0012A1BD0E2B170BD134E63
:1045E000326951680029F9D0012503F01F030C68D6
:1045F0009D400029F2D08A682A4010D04B6863B9E8
:104600000B490C4889220CF066F9892108480CF006
:1046100059F9094EE4E7094EE2E7304698471CB1E4
:10462000236821461C46E4E72346FAE74C8A0B0040
:10463000894F0C00CFD80B00248A0B00FC890B009B
:104640002DE9F04F4FF0020A83B0DFF8C49100AFBC
:10465000D9F80050284613F018FB0346002840F014
:10466000D3806C480268560712D06C4688B029681F
:104670006A46694DCDE905514FF40071ADF81C1043
:10468000664942F8101F4FF4E251EEF71FFDA546B0
:104690006FF0120420460C37BD46BDE8F08F4FF096
:1046A000010AD5E7D9F804B04FEAC8037B600BEBE9
:1046B000C8031BF838105B6813F0FC6FD5F810C006
:1046C000D5E9010E0AD056494FF47D7255480CF0D9
:1046D00002F94FF47D7152480CF0F4F803F0300207
:1046E000302A08D14E4940F2F7324E480CF0F3F828
:1046F00040F2F731EFE74C4C03EA0602A24208D140
:10470000474940F2FB3247480CF0E5F840F2FB31F4
:10471000E1E703F00602042A08D1414940F2FE32E3
:1047200040480CF0D8F840F2FE31D4E713F44022B0
:1047300016D09C0308D43A4940F2014239480CF0A3
:10474000CAF840F20141C6E7B2F5402F08D134491A
:1047500040F2054233480CF0BEF840F20541BAE79A
:10476000DC0205D522B143F3000202F4402253409B
:10477000012400688C40044223F4801208D12849A7
:1047800040F2114227480CF0A6F840F21141A2E78E
:10479000DCF80000DB074CBF2043A043CCF800004E
:1047A000DEF8003028469847041E1EDA19480368D0
:1047B0005B073FF46FAF7B6829686D468AB06A4635
:1047C0001BF80330CDE907344FF40073174EADF8F2
:1047D0002430174BCDE9056142F8103F00234FF418
:1047E0003151EEF773FCAD4654E708F10108D9F8F2
:1047F000083043453FF656AFBAF1010F09F10C09F5
:104800007FF44DAF002445E74FF00008094EEEE776
:1048100068CF0B001021022036500C00030000016D
:10482000170A0C00CFD80B00020001004D500C00FD
:104830000500000102000300044B054A01219362B8
:10484000044AC7201A600022F2F70CBFB45B0220B2
:10485000F01E022000700C402DE9F04F89B002AF2D
:10486000BB604368D0F810A0D3F820B09B8A3A61AF
:104870007B614FF0FF324FF0FF3305460C4611F0DD
:10488000C4FD0AF14403FB600026002300220AF164
:10489000440007F0B7F833463A69964201D3002343
:1048A00048E0207A010700F19F803A69013696427C
:1048B00021680BD2820709D4227D80EA020C0CF019
:1048C000010C02F004025CEA020C24D0002B3BD164
:1048D00001F06042B2F1005F39D14FF00009D4F825
:1048E0000080A388BA68CAF86080217A28460092BE
:1048F000424600F0B3F8031E1CDB43F609520023C6
:10490000F86807F07FF8002850D0284611F0A3FD82
:104910006FF073030EE04FF001086268D7F814E0FF
:1049200003EB020CF4452ED9324801684C0710D134
:104930006FF01B0328467B6111F074FD7B691C3707
:104940001846BD46BDE8F08F4FF00008E5E79846F1
:10495000E3E76C468CB02E6802A9DFF89CC0CA6100
:10496000C1E905C37B690A46C1E9083640F2035331
:104970000B85224B42F8103F00234FF45151EEF7C4
:10498000A5FBA546D4E7C00705D40BEB03007B606D
:1049900013F045FC7B6862681A4493B2B8F1000FCB
:1049A0000CD1002B99D09946D8469BE7DAF85C30B9
:1049B000002B1CDB237ADB0702D400230C346BE7CB
:1049C000C345FAD123460AE0A9EB0201D8681FFAD1
:1049D00081F918FA81F17B6013F021FC7B685A6839
:1049E0000C3B9145F0D2E8E76FF08503A2E76FF04A
:1049F00004039FE71821022094500C0006000001D8
:104A000008B5CA07436821D4C1F3420102290BD07B
:104A100003290ED0012911D14FF0CC729B6A1B687B
:104A20000020C3F8242508BD9B6A4FF0C8621B68AC
:104A3000F6E79B6A4FF07F621B68F1E70548036861
:104A40005B0703D00121044A0CF00CFA6FF015004B
:104A5000E9E700BF182102207D510C00F0B50C469B
:104A60001D46164689B04768122200210DF10E003E
:104A700013F0FBFB04F001038DF80C30BDF8383067
:104A800004958DF80D30BB8C0696AB420DD20C48C8
:104A90000268520705D0012100930A4A2B460CF008
:104AA000F4F96FF01B0009B0F0BDC4F3400282F0CE
:104AB0000102B86A520103A905F074F9F3E700BFD7
:104AC000182102208F510C00B0B50446456800AF94
:104AD000AB6998470121E86911F0AEFC23462946ED
:104AE0002A69A86A05F0D0F800281BDA1048036884
:104AF0005B0713D023686C4688B06A460D49CDE940
:104B000005134FF40073ADF81C300B4B42F8103F07
:104B100000234FF4E251EEF7D9FAA5466FF00400F6
:104B2000BD46B0BD204605490CF036FAF8E700BF97
:104B300018210220D6510C0003000001C9640B00AB
:104B40002DE9F041456804460769286813F09DF88F
:104B500018B96FF01200BDE8F081384613F029F95A
:104B60007C61AB68BBB904220B2120466B7C11F041
:104B7000EFFC0028EFDB06220B212046AB7C11F076
:104B8000E7FC0028E7DB01232046BDE8F0411A4698
:104B90000B2111F0DDBC0523062120462A7C11F0F3
:104BA000D7FC0028D7DBA86813F06FF80028D0D016
:104BB000B5F80EC0A868297B4CF480320CF03006A2
:104BC000302ED0F810E0D0E901380AD1434940F244
:104BD000F73243480BF07FFE40F2F7313F480BF0CD
:104BE00071FE1CF0020F08D03C4940F2FB323C48F9
:104BF0000BF071FE40F2FB31F0E70CF00606042EDC
:104C000008D1364940F2FE3235480BF064FE40F2DE
:104C1000FE31E3E701261B688E401E4208D12F4972
:104C200040F211422E480BF056FE40F21141D5E7FA
:104C3000DEF800301CF0010F14BF3343B343CEF84D
:104C40000030D8F800309847002884DB01262B7B01
:104C5000244A06FA03F3C7E90723A86807F11801F5
:104C60008368DB6913B96FF0570074E732469847E1
:104C70000028FFF670AF1C4BBB62EB89A868297B4C
:104C800003F040038768D0F804C0BF690269002FB1
:104C9000E9D0DCF800C08E4016EA0C0F08D10F49AD
:104CA00040F2A5320E480BF016FE40F2A53195E712
:104CB000126816420CBF43F0B86383F0707323F0A0
:104CC000794323F47F0323F47F434FF0A07223F052
:104CD000BF03B8470028BFF646AF3CE7170A0C00F1
:104CE000CFD80B0003650B00ED4C0A0026230022F1
:104CF0002DE9F04F044650F8100C91B0D0F8049014
:104D00001146009306AB11F000FC002805DA20469E
:104D100007F078F911B0BDE8F08F00262F4F97F813
:104D2000008097F801A008F140036B4413F8273C7A
:104D30001AEA030F13D0216931B1012354F8100C82
:104D40000D6803FA06FB19BB08F101025346002166
:104D500054F8100CD2B211F0FBFB0028D7DB01365F
:104D60000E2E07F10207DAD1012599F80C30D9F897
:104D700008009D4043681B681D4222D1184919480C
:104D800040F249620BF0A7FD40F2496114480CE083
:104D90008A681BEA02020DD04B6843B912491148D8
:104DA00089220BF098FD89210F480BF08BFD0390B1
:104DB000984703981DB12B6829461D46C3E72B462B
:104DC000FAE70669836805A95B68984700289ED1C1
:104DD0003268059B53402B429CD098E701610C0040
:104DE000170A0C00CFD80B00894F0C0008B50C48EF
:104DF000036803F00703022B03D90321094A0CF0CF
:104E000031F809480EF05FF8002208490DF0C1FFA3
:104E100005480EF058F8BDE808400DF0A7BF00BFE8
:104E20003021022060530C00685C022017660B00E2
:104E300008B50748036803F00703022B03D90321D1
:104E4000044A0CF00FF8BDE80840034807F0DAB850
:104E5000302102206D530C00A45C022008B511B172
:104E6000012904D008BDBDE80840FFF7E1BF0748AD
:104E7000036803F00703022B03D90321044A0BF054
:104E8000F1FFBDE80840034807F0BCB8302102201C
:104E90007C530C00845C022008B50748036803F0CB
:104EA0000703022B03D90321044A0BF0DBFFBDE803
:104EB0000840034807F0A6B8302102208E530C00AA
:104EC000945C02200321024A02480BF0CBBF00BFD2
:104ED0009A530C003021022008B50C4B18680DF0D5
:104EE0009BFB0B4BD3E8EF1F21F00101C3E8E21F4E
:104EF000002AF7D1074B1B6803F00703022B03D9E5
:104F0000BDE80840FFF7DEBF08BD00BF805C02209F
:104F10007C5C0220302102200321024A02480BF06F
:104F2000A1BF00BFA8530C003021022010B50E4BCA
:104F30000E481C680DF0C7FF01462046F3F778FEC7
:104F40000B4BD3E8EF1F41F00101C3E8E21F002A39
:104F5000F7D1084B1B6803F00703022B03D9BDE808
:104F60001040FFF7D9BF10BD805C0220685C0220B2
:104F70007C5C02203021022008B50A4B0A491860E7
:104F80000A4806F0CDFF0A490A4806F0C9FF0A4957
:104F90000A4806F0C5FFBDE8084000220849094854
:104FA000F5F73EBA805C0220ED4D0A00A45C0220B9
:104FB0002D4F0A00945C0220D94E0A00845C022026
:104FC0005D4E0A00685C02200B4BD3E8AF2FD2077E
:104FD0000ED5D3E8EF2F42F00201C3E8E01F00280E
:104FE000F7D112F0020F14BF6FF00F0000207047CE
:104FF0004FF0FF30704700BF7C5C0220044BD3E8C9
:10500000EF1F21F00201C3E8E21F002AF7D1704729
:105010007C5C0220102903691BD8012000FA01F1F1
:105020000D48014210D111F4BE7F08D1890710D07C
:1050300003F5805393F8093500201370704703F58A
:10504000805393F80A35F7E703F5805393F80B354F
:10505000F2E76FF03C00704780E2010070B5006934
:105060000D4600F5805696F8083714460E3B012B86
:105070002FD829B14B1E012B10D96FF085000CE001
:10508000154900F596500DF0ADFA002805DB96F8AD
:105090000C35632B12D16FF0150070BD0F4900F570
:1050A00096500DF09FFA0028F7DB012D0BD096F8F3
:1050B0000E35FF2BEFD05B08143B01E05B00713B2A
:1050C00000202380E9E796F80D35FF2BE3D08C3BD9
:1050D000F6E76FF03C00E0E790D20B0054D20B00F3
:1050E00003460A462DE9F0411979DB88006813432D
:1050F00003F03002302A0669D0E901470AD1254978
:1051000040F2F73224480BF0E6FB40F2F731214839
:105110000BF0D8FB214A224D1A40AA4208D11D4962
:1051200040F2FB321C480BF0D6FB40F2FB31EEE7BD
:1051300003F00602042A08D1164940F2FE3216484E
:105140000BF0C9FB40F2FE31E1E7012513F4E01F4B
:1051500018BF43F30002246818BF02F4402205FA86
:1051600001F518BF5340254223F4801208D10949A4
:1051700040F2114208480BF0AEFB40F21141C6E785
:105180003468DB074CBF2C43AC4334603B68BDE85C
:10519000F0411847170A0C00CFD80B00020003009B
:1051A0000200010005498B4208BF082A05D1A0F57D
:1051B000B7500D21103811F0B4BA70470000B0D0CC
:1051C00010B5046939B1012911D12046002111F02F
:1051D000A8FA002010BD0121204611F0A2FA0023F8
:1051E00004F5BA50034ABDE8104006F00BBC6FF05E
:1051F0008500EFE71C4E0E00034610B50A461979EC
:105200000123006803FA01F1436804691B6819422D
:105210000AD10C490C4840F2A2620BF05CFB40F250
:10522000A26108480BF04EFB2368194218BF82F0B8
:10523000010222B18368DB68BDE81040184783682B
:105240001B69F9E7170A0C00CFD80B00002373B5D0
:10525000CDE9003346680C46306883689B6A7BB1B1
:1052600069469847031E0EDA10480268510703D0BA
:105270000F4A01210BF0FFFD0025284602B070BD4A
:105280006FF05703F0E7009D0094306883685B6A15
:105290004BB169469847031EEFDA0448026852078B
:1052A000EAD0044AE5E76FF05703F6E73821022019
:1052B000C9530C00EF530C0070B500F5805504463F
:1052C00085F80817142900F26881DFE811F015004D
:1052D00047006E00780083009B009B00B300B6007F
:1052E000BF006601C800000108010B0124012D0167
:1052F00035013A014A016001D5F80C375E68B3699F
:1053000023B1002106F11800FFF776FF33693BB1A6
:1053100096F8313023B1012106F11000FFF76CFF40
:105320000023D5F80C0785F80935A5F80A3511F0E2
:1053300043FA04F596500DF06FF9D5F8EC060DF030
:1053400059FE04F5A860F4F777FF20680DF074FDAE
:1053500004F5BA50BDE8704006F0EABAD5F80C374B
:105360005E68B36923B1002106F11800FFF744FF1E
:10537000D4F8381519B1D5F80C07FFF767FF0121EC
:1053800006F11000FFF738FF73685D8C40F2E730DC
:105390004FF47A720023002147F61226E5FB06013E
:1053A000E9F734FA02460B4602E043F609520023BD
:1053B00004F5B8501030BDE8704007F047B8D5F894
:1053C0000C3701215D6805F10800FFF715FF6B68D8
:1053D0001D8CDBE740F2E730002147F61226D5F8B6
:1053E0000C374FF47A725B685B689D8C0023E5FB99
:1053F0000601E9F70BFA024604F5B8500B461030E7
:1054000007F024F82068224664490DF0C2FC2068A9
:105410000DF0ACFC0028034680F2BF8060480268B3
:1054200012F0060F00F0B980BDE8704002215D4A1D
:105430000BF021BD40F63542B9E702465A49D0F893
:10544000800D0DF0A6FCD4F8800DE1E70246574927
:10545000D0F8840D0DF09DFCD4F8840DD8E700F54C
:10546000B850002341F66A02103006F0EFFFD5F87D
:105470000C375B6893F837302BBB04F5B0530F3310
:1054800004F5B3560C3640213046494A09F06AFD0E
:1054900004F5B1553F2805F1100516D828460DF042
:1054A00025F9314628460DF025F9012228464149C3
:1054B0000DF031F9012204F5B2502946BDE87040E3
:1054C00010300DF035B93C4BDAE70022F3E7D0F8A5
:1054D000801D04F59650F3F7ABFB002267E7D0F888
:1054E000841DF6E7D0F8801D00F59650F3F7A0FB79
:1054F00004F5B8504FF224420023103006F0A6FF06
:10550000204611F09FF8002847D02046BDE87040A3
:10551000092111F006B9D5F8EC060DF069FD0FF080
:10552000F6F84FF2244242E7D5F8EC060DF060FDA4
:10553000BDE870400FF0D8B800F5A860F4F732FE6F
:10554000EFE7D5F80C3700F596555E68D0F8881D62
:105550002846F3F76DFB736828465969F3F77EFB1D
:1055600058E7D5F80C3700255E680121C0F8885D42
:1055700006F10800FFF740FE736829461E8C40F2D2
:10558000E7304FF47A72002347F6122506E7D5F884
:105590000C375B685B68DD8CF8E670BD81670B00DB
:1055A0003821022026540C0095670B00A1670B00E0
:1055B0000F540C0008D30B00EEEB0B0070B500F598
:1055C000805595F8083704460E46132B25D8DFE89A
:1055D00003F00A2A3973242424243F442424244732
:1055E00039395A696E73D5F80C375D68002300228B
:1055F00000F5BA5006F006FA2B693BB195F8313048
:1056000023B1002105F11000FFF7F6FDAB6923B1CE
:10561000012105F11800FFF7EFFD31462046BDE8F6
:105620007040FFF749BED5F80C3700215D6805F1E1
:105630001000FFF7E1FDAB6923B1012105F118006E
:10564000FFF7DAFD04F5B850103006F075FFE4E717
:10565000D0F8800D0DF0ECFBDFE7D0F8840DF9E712
:10566000D0F8801D00F59650F3F7E2FA031ED4DA65
:105670001548026812F0060F24D0BDE870400221E0
:10568000124A0BF0F8BBD5F8EC060DF0B1FC0FF0A8
:1056900018F804F596500CF0BFFFD5F8EC060DF0A5
:1056A000A9FCBAE7D5F80C0711F086F8F1E700F588
:1056B00096500CF0B1FFB0E7D5F80C3700215868D0
:1056C0000830BDE770BD00BF3821022046540C00F1
:1056D0002DE9F04F0646A0F5BA5A0AF5BA5787B039
:1056E000AAF118041837002200233846CDE9002318
:1056F0000DF11701012208F089FB012802D007B043
:10570000BDE8F08F16F8502C9DF81730A6F580559F
:10571000142AE8D8DFE812F015004900610079008A
:105720008800B60014018D01E201F1011C022B0278
:105730008E02DF027F03F603B504F40430054A0548
:10574000530533B1012BCED104F5BA5006F0F0F871
:10575000C9E7D5F8B43F5B6893F830201AB95A68A6
:1057600092F8281021B104212046FFF727FFBAE75D
:10577000196939B193F8321021B101212046FFF7A0
:105780001DFFB0E79B6823B103212046FFF716FFFA
:10579000A9E7136823B105212046FFF70FFFA2E711
:1057A00006212046FFF70AFF9DE7012B10D0082BAA
:1057B00099D156F84C3C5B689B6823B10221204686
:1057C000FFF7FCFE8FE704212046FFF7F7FE8AE78C
:1057D00000212046FFF7F2FE85E7012B10D0082BB1
:1057E00081D156F84C3C5B689B6823B1032120466D
:1057F000FFF7E4FE77E704212046FFF7DFFE72E7BC
:1058000000212046FFF7DAFE6DE7012B07D0082BB9
:105810007FF469AF04212046FFF7D0FE63E7002143
:105820002046FFF7CBFE5EE70B2B19D056F84C2C29
:1058300055680CD8012B20D0082B7FF454AF6B682F
:105840001B68ABB105212046FFF7B8FE4BE70E2BD6
:105850007FF449AF04F5B850103006F06DFEEEE766
:10586000A5F5EB65296804F59650F3F7E1F93AE7F9
:1058700006212046FFF7A2FE35E700212046FFF76C
:105880009DFE30E7013BD5F8B40F0B2B3FF62BAF55
:1058900001A252F823F000BF37590A00ED580A0060
:1058A000ED580A00E7560A00E7560A00E7560A00D4
:1058B000E7560A002D590A00E7560A00E7560A0083
:1058C000C9580A001B590A0004F59653A5F5EB6563
:1058D00029681D46D0F804B01846F3F7A9F9DBF89B
:1058E000043028461968F3F7B9F9FCE604F5B85016
:1058F000002342F29F42103006F0A8FDA5F5EB65AB
:1059000004F596500CF088FE28682246C6490DF032
:1059100040FA28680DF090FAE5E64FF4E131FFF720
:1059200095FCA5F5EB65C5F83805DCE606212046B3
:10593000FFF744FED7E600212046FFF73FFED2E600
:10594000D5F8B42F013BD2F804B00B2B3FF6CBAE09
:1059500001A252F823F000BFFB590A00A9590A001E
:10596000055A0A00E7560A00E7560A00E7560A00F9
:10597000E7560A00E7560A00E7560A00E7560A000B
:1059800089590A00F1590A0004F59653A5F5EB650B
:1059900029681D461846F3F74BF9DBF80430284612
:1059A0005968F3F75BF99EE6D5F8940F0DF020FBEC
:1059B00000230822A6F242210EF0F4FC034640B177
:1059C0009A48026812F0060F03D00221984A0BF0A1
:1059D00052FA04F59650A5F5EB650CF01DFE28680B
:1059E000224691490DF0D5F928680DF025FA7AE69E
:1059F00007212046FFF7E2FD75E600212046FFF76C
:105A0000DDFD70E6DBF810303BB19BF8333023B19D
:105A100001212046FFF7D2FD65E6DBF8081021B131
:105A200003212046FFF7CAFD5DE62046FFF7C6FDCD
:105A300059E6013B0A2B3FF656AE01A252F823F07D
:105A4000D35A0A00E7560A00E7560A009D5A0A0090
:105A5000E7560A00E7560A00E7560A006D5A0A00A0
:105A6000E7560A00E7560A00835A0A00A5F5EB65D7
:105A7000286822466C490DF08CF928680DF076F9FB
:105A800031E60AF5A563A5F5EB6529681D461846BC
:105A9000F4F7F6FA2846F4F73BFB24E600254FF02E
:105AA000D80856F84C3CD3F804B09BF84430E9B21F
:105AB0008B4204D808212046FFF780FD13E6DBF86F
:105AC0004030013508FB0133D3F8D000F4F7E0FC97
:105AD000EBE711212046FFF771FD04E6012B07D00B
:105AE000062B7FF400AE09212046FFF767FDFAE59B
:105AF00011212046FFF762FDF5E5012B23D0072B8E
:105B00007FF4F1AD56F84C2CD5F82C165068C5F83A
:105B1000301690F83610A6F5EB6319B1204610F058
:105B2000C0FEE0E5526892F8372012B993F80F36BC
:105B300023B10B212046FFF741FDD4E50A21204681
:105B4000FFF73CFDCFE511212046FFF737FDCAE501
:105B5000012B07D00F2B7FF4C6AD0B212046FFF79A
:105B60002DFDC0E511212046FFF728FDBBE5082BE0
:105B70001AD8002B3FF4B7AD013B072B3FF6B3AD6E
:105B800001A252F823F000BF1D5C0A00D95B0A0095
:105B9000E75B0A00E7560A00E7560A00E7560A00E4
:105BA000E7560A00BB5B0A00102B7FF49CADA5F5FD
:105BB000EB6528680DF0DAF895E504F59653D5F80D
:105BC00028161D461846F3F733F804F5B251284657
:105BD0001031F3F743F886E50023204685F8B03D01
:105BE00010F05FFE7FE5A6F5EB6292F80835013311
:105BF000DBB2022B82F8083508D804F5B8504FF212
:105C000024420023103006F021FC6CE50023012122
:105C1000204682F8083510F084FD64E51121204605
:105C2000FFF7CCFC5FE500BF81670B003821022045
:105C300067540C00082B19D8002B3FF454AD013BDE
:105C4000072B3FF650AD01A252F823F0CD5C0A00BD
:105C5000BD5C0A00875C0A00E7560A00E7560A00A6
:105C6000E7560A00E7560A00735C0A00102B9ED024
:105C700039E5D5F8B43F04F596505B685B689968E0
:105C8000F2F7ECFF2FE5A6F5EB6292F80835013349
:105C9000DBB2022B82F8083508D804F5B8504FF271
:105CA00024420023103006F0D1FB1CE50023012123
:105CB000204682F8083510F034FD14E500230E214B
:105CC000204685F8B03DFFF779FC0CE51121204610
:105CD000FFF774FC07E5D5F8B42F013BD2F804B008
:105CE0000F2B3FF600AD01A252F823F0E55D0A004C
:105CF000735D0A003D5D0A00E7560A00E7560A0098
:105D0000E7560A00E7560A002D5D0A00EF5D0A001B
:105D1000E7560A00E7560A00E7560A00E7560A0067
:105D2000E7560A00E7560A00AF5B0A00DBF80430CA
:105D300004F59650D968F2F791FFD4E4A6F5EB622A
:105D400092F808350133DBB2022B82F8083508D807
:105D500004F5B8504FF224420023103006F076FBD1
:105D6000C1E400230121204682F8083510F0D9FC57
:105D7000B9E40022A6F5EB63984604F5965983F83A
:105D8000082548460CF048FCD5F828164846F2F796
:105D90004FFFD8F8EC060DF02BF90EF07FFCD5F88C
:105DA0002C16D8F8EC06F4F765FE00280CDAD1487A
:105DB00003685A0703D00121CF4A0BF053F80121A1
:105DC000204610F0AEFC8EE4DBF804309B6823B173
:105DD0000F212046FFF7F2FB85E40E212046FFF756
:105DE000EDFB80E411212046FFF7E8FB7BE404F59E
:105DF000965528460CF0F0FB00287FF474AC04F5AF
:105E0000B850103006F098FBDBF804302846D9680B
:105E1000F2F724FF67E4D5F8B42F013B52680F2B4B
:105E20003FF661AC01A151F823F000BFED5E0A001E
:105E30006D5E0A00855E0A00E7560A00E7560A0012
:105E4000E7560A00E7560A00C35E0A00D15E0A0060
:105E5000E7560A00E7560A00E7560A00E7560A0026
:105E6000E7560A00E7560A00AF5B0A00002304F574
:105E7000B85085F8B03D4FF224420023103006F0B0
:105E8000E5FA30E4A6F5EB6292F808350133DBB2AF
:105E9000022B82F8083508D804F5B8504FF2244296
:105EA0000023103006F0D2FA1DE4002520462946D2
:105EB00082F80855FFF782FB2946204610F031FC96
:105EC00011E4536804F596501969F2F7C7FE0AE425
:105ED00053689B6823B10D212046FFF76FFB02E456
:105EE0000F212046FFF76AFBFFF7FDBBD5F8940FA3
:105EF0000DF07EF80EF0E5FB11212046FFF75EFB6A
:105F0000FFF7F1BB013B0F2B3FF6EDAB01A252F8BF
:105F100023F000BF4D600A00555F0A007F5F0A0052
:105F2000E7560A00E7560A00E7560A00E7560A0055
:105F3000ED5F0A00E7560A0003600A00E7560A0010
:105F4000E7560A000F600A00E7560A00E7560A0003
:105F500075600A00002304F5B85085F8B03D4FF293
:105F600024420023103006F071FA01230421204658
:105F700005AA8DF8143010F052FBFFF7B4BBA6F55C
:105F8000EB6292F808350133DBB2022B82F8083558
:105F900011D804F5B8504FF224420023103006F017
:105FA00055FA00230421204605AA8DF8143010F07C
:105FB00036FBFFF798BB0025D2F8EC0682F80855AF
:105FC0000DF016F80EF07DFB29462046FFF7F6FA95
:105FD0002046294610F0A5FB4648036813F0060F3B
:105FE000DFD00221454A0AF03DFFDAE7D5F8B43F99
:105FF00004F596505B685B681969F2F72FFEFFF7AE
:1060000072BB10212046FFF7D9FAFFF76CBBD5F819
:10601000940F0CF0EDFF00283FF465AB0368002BF4
:106020003FF461AB0C33D3E8AF3FDB077FF55BABED
:1060300020461021FFF7C2FA04F5B8504FF224426F
:106040000023103006F002FAFFF74DBBD5F8940F8D
:106050000CF0CEFF0EF035FB04F596500CF0DCFA98
:10606000D5F8940F0CF0C6FF11212046FFF7A6FAD1
:10607000FFF739BBA5F5EB6528680CF077FEFFF755
:1060800032BB56F84C1C0D2BA5F5EB624D6814D0B5
:10609000102B0FD0082B7FF426AB6B689B681BB3CB
:1060A000204610F0CFFAF8B90E212046FFF786FA05
:1060B000FFF719BB10680CF059FE47F6122C40F29E
:1060C000E73000216B684FF47A725D8C0023E5FBAA
:1060D0000C01E8F79BFB024604F5B8500B46103064
:1060E00006F0B4F9FFF7FFBA0D212046FFF766FA74
:1060F000FFF7F9BA3821022098540C00B6540C006E
:1061000056F84C2C052B5268A5F5EB650ED0082BE4
:106110007FF4E9AA53685B694BB3D5F8883D33B384
:1061200012212046FFF74AFAFFF7DDBA04F5B85B03
:106130000BF1100B5846039206F0FEF947F6122CAD
:1061400040F2E73000212B68039AC5F8883D536878
:106150004FF47A725D8C0023E5FB0C01E8F756FBE7
:1061600002460B46584606F071F9FFF7BCBA2046C6
:1061700010F0A4FBFFF7B7BA022B0AD0032B7FF471
:10618000B2AA00232046C5F8303610F097FBFFF77F
:10619000AABAA5F5EB6528680CF04EFE0021204652
:1061A000C5F8881DFFF70AFAFFF79DBA082B7FF4A0
:1061B0009AAA14212046FFF701FAFFF794BA082B98
:1061C0007FF491AA00212046FFF7F8F9FFF78BBA78
:1061D000022AF7B50E461D4621D988680378222B7E
:1061E0001ED012F04AF837681549C4B23846E8F7AD
:1061F00027FB05F58056A8B986F80945284610F012
:1062000021FAD0B10921284610F08BFA0221284644
:1062100001AA8DF8044010F002FA03B0F0BDFCD1E1
:106220007068DEE738460749E8F70AFB10B986F8D8
:106230000A45E3E786F80B45E0E70A21E3E700BFFC
:10624000FD520C000E530C00F8B50F681449384687
:106250001D46E8F7F5FA08BB3846124912F08CF8EB
:106260000446B0B93846104912F086F8064628B9F7
:1062700038460E4912F080F880B13446284610F0B6
:10628000E1F940B154B90A212846BDE8F84010F0C0
:1062900048BA0124F2E70CB10921F5E7F8BD00BFC7
:1062A00017530C00E8540C00ED540C00F4540C008F
:1062B0002DE9F04F0469456804F580588DB0C8F8A1
:1062C0000C076B6807465A6852B965494FF40E626D
:1062D00064480AF000FB4FF40E6161480AF0F2FADC
:1062E000DB6843B95E4940F6E1025E480AF0F3FA22
:1062F00040F6E101F1E704F5BD50083011F059FD19
:1063000004F5B8505849103005F0CCFF04F5BA50E8
:106310005649183005F004FE082204F5BB5104F577
:10632000BB501144103007F04FFC0122002104F54E
:10633000BA5011F073FDAB692BB14FF4B01105F1F8
:106340001800FEF7CDFEAB682BB14FF4B01105F18C
:106350000800FEF7C5FE2B695BB195F8313005F1F9
:106360001000002B0CBF4FF4B0114FF4D011FEF70A
:10637000B7FE2B6A002B00F087804FF4803105F1C7
:106380002000FEF7ADFE061E0CDA394803685907F7
:1063900004D03346374A01210AF06DFD30460DB076
:1063A000BDE8F08F4FF0010995F82430324A09FA20
:1063B00003F3C8F8CC27C8F8D037286A04F5BE51D3
:1063C00083680831DB6953B14A469847061E09DAEB
:1063D000274803685A07E1D0284A3346DBE76FF0C5
:1063E0005706F5E7EB8C286A95F8241003F0400374
:1063F0008268D0F804E09669D0F810C06EB3DEF879
:1064000000E009FA01F212EA0E0F09D11C49154801
:1064100040F2A5320AF05FFA40F2A53118485DE774
:10642000DCF800C012EA0C0F0CBF43F0B86383F035
:10643000707323F0794323F47F0323F47F434FF0F9
:10644000A07223F0BF03B047061E1DDA0848036898
:106450005B07A3D00B4A33469DE76FF05706F5E77D
:10646000FA540C00CFD80B00AD670B00D1560A00D0
:10647000382102202C550C0073670B004F550C007F
:10648000170A0C0075550C00AE6A36B105F12806E6
:106490004FF4B0113046FEF723FE2B6804F5497225
:1064A000CDE9003604F5887302934FF4057369460D
:1064B00004F10800CDE9042303934FF00009F4F739
:1064C00031FB40F29926614B2060C4F8889DCDE9EC
:1064D000003404F5D963029304F66113ADF80C603F
:1064E0000493ADF81460AB8E04F5A86A6946504673
:1064F000ADF81630D5E90E23CDE90623F3F790FC6D
:1065000001236A468DF8003004F5406104F68C538F
:1065100050460193ADF80860F3F72EFD0223C4F84E
:10652000800D8DF8003004F5815305336A465046DE
:1065300004F54C610193ADF80860F3F71DFD4FF0D1
:10654000D80BC4F8840D95F844305FFA89F6B3424D
:106550005FD804F5A053019380230094ADF8083070
:10656000D8F880040390E8F77DF98DF81000D8F88A
:106570008404059010B1E8F775F9C0B204F5A4538E
:106580000833079320238DF81800ADF820306B688E
:1065900069469B6904F5965009936B689B8BADF82F
:1065A0002830F2F771FA0820294B2A49C8F8F43646
:1065B00008F5DE63C3E9040104F5B7501030FAF7BB
:1065C0004BFC04F5B0501F2223490F3011F09FFE01
:1065D000002304F5B254103488F82E362046F2F722
:1065E00081FB20461D490CF0A1F8012220461C49E0
:1065F0000CF0A9F8204601210CF0B2F82046194908
:106600000CF0ACF8384618490DB0BDE8F04F0AF070
:10661000C3BC2B6C6A460BFB063696F8C03031467D
:106620008DF80030D6F8C43050460193B6F8C83023
:1066300009F10109ADF80830F3F79EFC0146C6F8F0
:10664000CC00D6F8D0000CF040FC7CE75F670B0074
:10665000A5510A000000B0D0A2550C00AB550C00AB
:10666000CCD20B0051670B00C1510A0008B503687A
:106670005F2B4FEA531107D80B4A03F01F0352F860
:106680002120DA40D2070AD4084909484FF482622F
:106690000AF021F94FF4826104480AF013F903600B
:1066A000044B53F8210008BD28D30B00C54F0C0044
:1066B000CFD80B001CD30B002DE9F04F16468046B7
:1066C00040F2FF1A504F85B000EB8109C14503D15C
:1066D000002005B0BDE8F08FD8F80020C2F3C32336
:1066E000082BC2F3080400F28C804849544508BFC7
:1066F0004FF0FF34B2F1506FCD5C4FEA12630AD213
:106700000C2B0CD8DFE803F00E1E5C592254590BF9
:106710000B0B0B5F6900382B62D04E2B50D06FF003
:106720008500D6E7C6F80446611C3ED003A8039452
:10673000FFF79CFF0122039B934602FA03F3436099
:10674000134612E0C6F80C46002342E04FF0000B5F
:10675000C6F80046601C28D003A80394FFF786FF04
:106760000123039903FA01F18160D8F8001003A80E
:106770000A0444BF00234FF0010BCDE9001303943A
:10678000FFF774FF039C009900EB8400D0F8804071
:10679000019BC1F341212D0245EA81052B433C4079
:1067A000234343EA4B03C0F8803008F104088DE727
:1067B0004FF0010BC6F80446CCE7C6F80846C3E71D
:1067C000C6F81046B0E7C6F80046002DBCD100233D
:1067D0000825621CE9D09B46C7E7C6F80446F4E7E3
:1067E00003A80394FFF742FF039B00EB8300D0F85C
:1067F000803023F0E04343F08043C0F88030012331
:10680000E7E76FF0150064E7F0F0FCFF1D610C0096
:10681000034610B50A4619790123006803FA01F10D
:10682000436804691B6819420AD10C490C4840F2BC
:10683000A2620AF050F840F2A26108480AF042F859
:106840002368194218BF82F0010222B18368DB6815
:10685000BDE81040184783681B69F9E7170A0C0068
:10686000CFD80B0003460A462DE9F0411979DB88A1
:106870000068134303F03002302A0669D0E901476B
:106880000AD11C4940F2F7321B480AF024F840F2C2
:10689000F73118480AF016F803F00602042A08D166
:1068A000144940F2FE3214480AF015F840F2FE3165
:1068B000EFE70125114A24689A4305FA01F508BF5C
:1068C00083F44023254223F4801208D1094940F281
:1068D0001142094809F0FFFF40F21141D9E734683D
:1068E000DB074CBF2C43AC4334603B68BDE8F04150
:1068F000184700BF170A0C00CFD80B00010010008A
:10690000F0B583B045680446066900AF286811F009
:10691000BCF90346E0B919480268520713D02A6847
:106920006C4688B011686A46154DCDE905514FF4A3
:106930000071ADF81C10134942F8101F4FF4E251DA
:10694000ECF7C4FBA5466FF012000C37BD46F0BD56
:10695000EA6838461F322CBF01230023520942EA5D
:10696000C362002311F082FBD7E900232046C6E969
:10697000002305490AF010FBE7E700BF9C21022035
:1069800026560C00030000018D690A002DE9F04134
:1069900084B0002300AF04468846C7E90203466876
:1069A000056906F07BFD68B9474803685B0703D0BB
:1069B0000121464A0AF056FA6FF085001037BD46AD
:1069C000BDE8F081B8F1030FF6D8DFE808F03E0229
:1069D0007B753846D5E9002311F06DFBD7E900013E
:1069E00006F064FE30460121FFF712FF36480368C7
:1069F00003F00703022B13D96D4688B023686A465B
:106A00003349CDE905134FF40073ADF81C30314B19
:106A100042F8103F00234FF4E651ECF757FBAD4628
:106A2000B0681F302CBF01210021400940EAC1603D
:106A3000490906F03BFE03232046274907F10802D7
:106A40003B7311F045F90020B8E70223224907F112
:106A5000080220463B7311F03BF930460021FFF756
:106A6000D7FE1948036803F00703022B13D92368E4
:106A70006C4688B06A461949CDE905134FF4007396
:106A8000ADF81C30134B42F8103F00234FF4E65191
:106A9000ECF71CFBA546F26838461F322CBF0123D9
:106AA0000023520942EAC362002311F0DFFAD7E95A
:106AB0000023C5E90023C6E74FF4B0113046FFF7C5
:106AC000D1FEC0E70021F9E79C21022040560C00CE
:106AD0006C560C00030000010D690B0079560C0088
:106AE000F8B50C46002601254768786830B90136AC
:106AF000052E07F10807F8D10020F8BD4268397A61
:106B0000126805FA01F144FA06F31142D0F810C0F8
:106B100003F001030AD10D490D4840F2A26209F0C9
:106B2000DAFE40F2A261094809F0CCFEDCF8002050
:106B3000114218BF83F001032BB18368DB689847CB
:106B40000028D4D0D9E783681B69F8E7170A0C003E
:106B5000CFD80B0017289FBF054B584300F5742072
:106B600000F510709ABF086000206FF015007047A4
:106B7000A086010010B5134CA1421DDD124B9842B6
:106B80001ADCA04204DC00236FF02100138010BD4A
:106B9000994201DD1723F7E76FF43A63A0F55B2014
:106BA00018440A4BB0FBF3F01080584300F57420F2
:106BB00000F51070884202D96FF01500E7E7002059
:106BC000E5E700BF3F420F00A05A3200A086010057
:106BD000F7B5284E0C4673783178054619431746A9
:106BE0000BD07378022F327803F00F030FD0032FEE
:106BF0002CD06FF0850003B0F0BD02230093262255
:106C00003346806A0FF081FC0028EADAF3E795F852
:106C10002C1001290FD1012A01D80CD15BB101231D
:106C2000A340DBB2009308220221A86A0FF0C2FC45
:106C300000280FDADFE7012304F108020821A86A1F
:106C4000D2B203B0BDE8F0400FF082BC95F82C1032
:106C5000012903D0002304F10802EFE7012A02D83A
:106C6000F8D1002BF6D00123A340DBB20093002320
:106C7000D9E700BFCE7902202DE9F0410126446812
:106C800004F12805606828B90834AC42FAD1002024
:106C9000BDE8F08110F0F9FF002845D067896068F1
:106CA000217A47F4003207F0300CBCF1300FD0F8F5
:106CB00010E0D0E901380AD11D4940F2F7321D48F1
:106CC00009F009FE40F2F731194809F0FBFD07F021
:106CD000060CBCF1040F08D1154940F2FE321548EC
:106CE00009F0F9FD40F2FE31EEE71B6806FA01FCFF
:106CF0001CEA030F08D10E4940F211420D4809F079
:106D0000EAFD40F21141DFE7DEF80030FF074CBF3B
:106D10004CEA030323EA0C03CEF80030D8F8003025
:106D200098470028B0D0B3E76FF01200B0E700BF7B
:106D3000170A0C00CFD80B000122014B1A607047D4
:106D400000700D400C2903690BD1DB6A0649074826
:106D50004B4393FBF0F100FB1133116000205360B3
:106D600070476FF08500704790D0030040420F00DD
:106D70000022044B0069C3F80021D3F8003104F06D
:106D8000D7BD00BF00700D407FB505692B6B002B90
:106D900040D021F040010C293FD105F118064FF0F9
:106DA000FF324FF0FF33304604F026FB1C4B00242B
:106DB000019303236946286B03940293EBF7A6FB28
:106DC000A04208DA17493D22174809F084FD3D2109
:106DD000144809F077FD4FF0FF324FF0FF3328469B
:106DE00004F010FE286BEBF711FC002806DA0D49C1
:106DF00042220D4809F06FFD4221E9E70B4BD3F821
:106E00000825EA6201225A60304604F0A3FB2046BE
:106E100004B070BD6FF00A00FAE76FF08500F7E785
:106E2000396D0A00EB560C00CFD80B0000700D40F6
:106E300010B504690020FDF76BF8206340B91049D4
:106E40001048772209F047FD77210D4809F03AFDF7
:106E50004FF0FF320021204610F0E0FF04F118004F
:106E600010F0A7FF00220121D720F0F7FBFBD7206D
:106E7000F0F7C8FB0122044B0020C3F8042310BD27
:106E8000EB560C00CFD80B0000700D4037B54729EA
:106E900015461C46406806D04F292ED02C2912D00A
:106EA0006FF085000DE00A2AFAD104220321006860
:106EB0000DF107030FF045FB18B99DF80730C4E941
:106EC000003003B030BD022AEAD10522294600680D
:106ED0000DF107030FF035FB0028F2DB9DF80730BA
:106EE0001BB9236063600020EBE713F00A0318BFAF
:106EF00001231B4AC4E90032F5E70722022100689A
:106F00000DF107030FF01DFB0028DADBEDB2133D96
:106F1000052DC5D8DFE805F0030A0F14191E9DF8EA
:106F2000072002F0010200232260DBE79DF8072022
:106F3000C2F34002F7E79DF80720C2F38002F2E7B0
:106F40009DF80720C2F3C002EDE79DF80720C2F3C9
:106F50000012E8E79DF80720C2F34012E3E700BF04
:106F600020A1070037B50A2A44681D6830D12C29B2
:106F700015D047292CD10123206835B905220321DA
:106F800003B0BDE830400FF0E3BA002203210FF058
:106F9000DFFAF8B90123042203212068F0E75A68D8
:106FA0000D4B0E4803FB05220DF10603114610F0B0
:106FB0005CF810F1160F0DD0012202219DF8063069
:106FC00020680FF0C5FA28B9012302460221E4E740
:106FD0006FF0850003B030BD40420F00F8D40B00C5
:106FE0002DE9F04F446887B0206810F04EFE00286D
:106FF00000F04E810A22052194F8663020680FF0D7
:10700000A7FA002840F0888010254FF07E5BDFF85B
:1070100088A204F144076FF0004357F8040F984228
:107020003DD0E7F74DF99D49E7F752FA5146E7F7AA
:1070300093F801465846E7F74BFA9949E7F78AF87B
:107040008046B4F86400E7F737F901464046E7F7B1
:107050008BF9E6F7DBFC266EE7F762FF8046894690
:107060003046E6F7B1FC42464B46E6F727FDE6F729
:10707000FDFF83020644B3FBF6F6C6F38D032068DA
:107080008DF81430022306F0030600932A460321EC
:1070900005AB8DF815600FF072FA00283CD102356F
:1070A000EDB2182DB7D16FF0004704F1540656F831
:1070B000043FBB4222D041F28832C3F5C02303F221
:1070C000AE535A434CBF77497749784B4BBF891829
:1070D000891891FBF3F3B1FBF3F3C3F38D0203F0D3
:1070E000030320688DF8153002238DF814200093D7
:1070F0002A46032105AB0FF042FA68B91A2D0ED1CA
:10710000626804F10C051146284605AB10F054F8EE
:10711000163006D16FF0150007B0BDE8F08F1A25C4
:10712000C5E70C2203219DF8143020680FF010FAF7
:107130000028F1D1A2682846114605AB10F03CF8B2
:107140001630E7D00D2203219DF8143020680FF08F
:10715000FFF90028E0D1626AE16A05AB511A0131FA
:1071600004F128000FF081FF1630D3D094F84010BE
:107170002068FF29BDF814209DF8143057D108224B
:1071800003210FF0E5F90028C6D1626C484811468A
:1071900005AB0FF06AFF1630BCD002229DF8143008
:1071A000114620680FF0D4F90028B5D10E22032132
:1071B00094F8673020680FF0CBF90028ACD10F228B
:1071C000032194F8683020680FF0C2F90028A3D199
:1071D00001232422052120680FF0BAF900289BD151
:1071E00001230C22052120680FF0B2F9002893D169
:1071F00094F86A30002B3FD194F8662094F86B30F5
:10720000002A42D00622032120680FF0A1F90028AD
:1072100082D194F86930002B3FF47EAF0123042221
:107220000321206807B0BDE8F04F0FF091B90225A7
:10723000520803F001038DF80C208DF80D30082260
:107240000321009503AB0FF09AF900287FF464AF97
:1072500094F84020174B206833F8123003215A0865
:1072600003F001038DF810208DF811300A220095EB
:1072700004AB0FF084F986E7012350220321206834
:107280000FF066F90028B7D046E743F00203B9E7EC
:107290006FF0120040E700BF3393884300007A4448
:1072A0000FCF5B3BC4C3E1FF3C3C1E0078783C0041
:1072B000F8D40B0068D80B0070B53A29144645681D
:1072C000036917D8352905D80C2900F0D9806FF04B
:1072D00085003DE036390429F9D801A252F821F0A1
:1072E0002D730A00DF730A00CF720A007D740A0052
:1072F00053730A0047398AB2082AE8D80829E6D821
:1073000001A252F821F000BF79740A00CF720A007E
:10731000CF720A00CF720A00CF720A00CF720A0041
:107320006B740A0075740A00AB740A00188841F285
:10733000883358434FF47A7200230021800AE7F71C
:1073400015FA4FF47A7312FB03F22060626000209A
:1073500070BD95F86620002AB9D09888E6F7ACFF92
:1073600001464FF08940E7F7B3F84FF07E51E6F75A
:10737000F1FEE7F755FF0646B5F86400E6F79CFF17
:1073800001463046E7F7A4F801464948E6F7E2FE31
:1073900001464FF07E50E7F79BF84649E6F7DAFEE4
:1073A0004FF04F410546E7F77DF90028CFD14FF068
:1073B0009E412846E7F78AF90028C8D12846E7F712
:1073C000AFF92060E6F77CFF01462846E6F7C2FEEB
:1073D0003949E6F7C9FFE7F7A3F96060B7E75A88CC
:1073E0009B7A0D2B13D80B2B13D8042B16D0B2F588
:1073F000806F1DD2002040F2FF33504390FBF3F02A
:1074000000232E4AC117E7F7B1F920609EE70F2B42
:10741000EDD17D23686A5843642304E0EB6B584246
:107420006B6B5843AB6BB2F5806F90FBF3F008D3F6
:107430002349F522234809F04EFAF521204809F0A6
:1074400041FA1E4B984206DD1D49F6221D4809F0FF
:1074500042FAF621F2E71C4B9842CCDC1849F7229D
:10746000184809F038FAF721E8E71B7A236000236F
:1074700063606CE75B7AF9E7686AC1E7E86BBFE7CE
:10748000D888124B4FF47A725843114B90FBF3F0AB
:1074900000F5C02000F2AE500023C117E7F766F9EF
:1074A0004FF47A7320605A4350E7DB7ADEE700BF7F
:1074B0000FCF5B3B339388430024744940420F0055
:1074C0003F570C00CFD80B00FFE8EEFF78783C0068
:1074D00078ECFFFF08B500230B70C3730368827B51
:1074E0001B7A0132013B1340837300F10803D3E898
:1074F000EF1F0131C3E8E21F002AF8D10368826858
:107500001B7A9A4208DD05490548432209F0E3F950
:107510004321024809F0D6F908BD00BF9A570C0074
:10752000CFD80B0010B511F8013C9C1804F07F0473
:1075300064F3060301F8013C037B9C4208DD094922
:107540000948322209F0C7F93221064809F0BAF990
:107550000430D0E8EF3F1344C0E8E13F0029F8D100
:1075600010BD00BF9A570C00CFD80B00F8B50F46DE
:107570000368857B1E68037B044603FB0555C37BBC
:1075800071193B44DBB2C3737257002A06DA725D8D
:1075900002F07F029A4201D1FFF79CFF231DD3E83E
:1075A000EF1FC91BC3E8E21F002AF8D1735DE27B1D
:1075B00003F07F039A4208D907490848782209F066
:1075C0008AF97821044809F07DF9A0680028D4BF21
:1075D00000200120F8BD00BF9A570C00CFD80B0047
:1075E00038B50C7A44B915498C22154809F073F95D
:1075F0008C21124809F066F94B68B3FBF4F3FF2BBA
:1076000006D90E498D220E4809F065F98D21F0E763
:1076100000240160C460446084600D7A4B68B3FB51
:10762000F5F3013BDBB203731B0603D40FF02AFE14
:10763000204638BD6FF01500FBE700BF9A570C00DD
:10764000CFD80B0030B587B003690446142200215F
:1076500001A89D6810F009FE05238DF80430002371
:1076600085F863306368074A1B682046C3F808231F
:1076700001A90FF02CFE002200232046ECF7EEFAC1
:1076800007B030BD30021800F0B54B79012B75D032
:10769000032B40F0B8804FF0100CCE7916B1012EBC
:1076A00040F0B1800A79012A6BD0022A6DD0002AFD
:1076B00040F0A98015460B68B3F5967F67D0B3F507
:1076C000167F67D0B3F5966F67D0B3F5166F67D0A6
:1076D000B3F5965F67D0B3F5165F66D0B3F5615F1B
:1076E00065D0B3F5964F64D0B3F5E14F63D047F65C
:1076F0001224A34261D0B3F5164F61D04DF6C024D9
:10770000A34260D0B3F5614F60D0B3F5963F60D02F
:10771000B3F5E13F5FD0B3F5613F5FD03B4CA3428F
:107720005FD0B3F5E12F5FD0B3F5612F5FD0384C58
:10773000A34268D14FF08053476804693F68C7F897
:1077400024358B79032B55D0002B56D0012B57D0E5
:10775000022B14BF4FF490534FF4606340683343DF
:107760002B4342EA0C020068134343F48043C0F801
:107770006C3503C984E803000020F0BD4FF0000C15
:107780008BE74FF480750E2295E70025FBE74FF459
:10779000A033D1E74FF41C33CEE74FF49E23CBE761
:1077A0004FF41D23C8E71B4BC6E71B4BC4E71B4B1D
:1077B000C2E71B4BC0E71B4BBEE74FF40003BBE720
:1077C0004FF41D03B8E74FF46503B5E74FF46B03BF
:1077D000B2E7154BB0E74FF0EB73ADE74FF06C73CA
:1077E000AAE74FF08063A7E74FF0E863A4E74FF004
:1077F0007063A1E74FF48053B0E74FF42063ADE727
:107800004FF44063AAE76FF08500B6E790D003001D
:1078100040420F0000B013000050270000F03A0073
:1078200000A04E0000C0750000903A012DE9F74F0E
:10783000D0F804B01F46D0F810909BF8083082466C
:1078400088461646D9F80840DBF8005053B14F4936
:107850004F4840F2067209F03EF840F206714B487C
:1078600009F030F894F86330002B40F08C8094F8E5
:10787000642002F0FF03002A40F085807A1C66D065
:10788000D9F800104FEAE77CA1FB070E0023414A1C
:1078900001FB0CE1E6F7BAFF40F2FF33984228BF44
:1078A0001846C5F87805D5F8003243F00053C5F8FE
:1078B000003227EAE773DA171F3342F100025B094F
:1078C00043EAC2635209C4E9163200235046C4E9B0
:1078D0001086C4E912332365EBF7B0FF94F86120FA
:1078E000002A44D0B24228BF324692464046DBF8D6
:1078F000181010F094FCB6EB0A064FF00003D044C9
:1079000027D194F8612009F11009A2EB0A02D2B242
:1079100084F86120DBF8180000EB0A0110F08CFC01
:10792000D9E8EF3F43F00403C9E8E23F002AF7D16A
:107930000122C5F34343C5F3043502FA05F5164A9F
:10794000403342F82350002003B0BDE8F08F1A46C0
:10795000B9E701370BD0C5F81031D5F81031D4E9AB
:107960001623CDE9002304F1080006F083FF0B4B3A
:10797000C5F80487C5F80867C5F80433012384F8FF
:107980006330AB62DFE76FF00F00DDE7CC570C0030
:10799000CFD80B0040420F0000E100E020021800A9
:1079A00070B5044643680121D8680FF056FD2046A3
:1079B0002169FFF769FE0546002831D12669B068C4
:1079C00078B12A461849083010F096FBB368DC639A
:1079D000B0682A461549683010F08EFBB368C3F8CA
:1079E0009C4061680B68D3F8002242F48022C3F8FF
:1079F00000220822C3F80025CA690121C3F83C27E8
:107A00000022C3F840271965D3F830110029FBD0B4
:107A1000C3F800252046BDE87040054909F0BCBA0E
:107A20006FF0850070BD00BF8F750B00FF730B00FA
:107A3000357A0A00012910B50AD143680021D868B7
:107A40001C680FF00AFD08230020C4F8003510BDA3
:107A500009BB036942689B6811689BB193F8630096
:107A6000E0B9D3F8A430CBB9D1F8303153B90D49CE
:107A70000D4840F6B13208F02EFF40F6B13109480A
:107A800008F020FF0023C1F80035D0680121BDE8CF
:107A900010400FF0E2BC6FF08500D8E76FF00A00ED
:107AA000D5E700BFCC570C00CFD80B002DE9F0472D
:107AB00004460F46456810F025FAC8B93A4B1B78C2
:107AC00083F001036268D4F81080166893B1202314
:107AD000EFF3118983F31288BFF36F8F6268126826
:107AE000D2F83021DAB989F31188BFF36F8FEFE74D
:107AF0000123E7E74FF0200A4FF0640963681B6831
:107B0000D3F83031002B3DD101200FF0E0FEB9F168
:107B10000109F3D10021202005F0C8FDECE7D8F8D9
:107B2000083053B1D3F8A4203AB1D3F8B420002AD6
:107B300003DAD6F84427C3F8B420D8F810301A076F
:107B400006D443F008032046C8F81030EBF776FE61
:107B5000EB6900211F706368EA691B68C3F83C2762
:107B60000122C3F84027C3F83011D3F830111A6549
:107B70004FF48053C6F8043389F31188BFF36F8F35
:107B8000BDE8F087EFF3118291468AF31288BFF3C4
:107B90006F8F63681B68D3F83031002BCDD182F32F
:107BA0001188BFF36F8FB5E7EE7902202DE9F04F12
:107BB00043688DB01D680369D5F8047304469E6858
:107BC00003934FF400723B464FF4BA7128460FF00E
:107BD00038FC20B1F36C13B9012386F862303B46C0
:107BE0004FF400724FF4927128460FF02AFC814640
:107BF00008B196F862903B464FF400224FF4A6710C
:107C000028460FF01EFC3B4610224FF48871804638
:107C100028460FF016FC3B464FF480124FF4A87133
:107C2000049028460FF00DFC3B46824620224FF47C
:107C30008A7128460FF005FC20B3636814221B6884
:107C4000002107A8D3F880B4059310F00EFB06229C
:107C50001BF0010F059B8DF81C2041D11BF0020F7A
:107C600040D11BF0040F3FD10BF0080220468DF8E5
:107C7000202007A9C3F880B40FF029FB002120467B
:107C80000FF045FC049B93B1002123696268D2F890
:107C900000B09A6882F860109868D0E91623CDE9A0
:107CA0000023083006F0E6FD1023CBF80833B8F1C6
:107CB000000F02D1BAF1000F3ED0F36C2BB3B8F134
:107CC000000F17D1D5F84C3183B99A499A4840F63C
:107CD000C31208F000FE40F6C311964808F0F2FD0A
:107CE0000122C3E70222C1E70422BFE7C5F84C81A5
:107CF000D5F84C314A46514620460FF07FFCBAF188
:107D0000000F19D04FF0000802E0BAF1000F0BD0BD
:107D10000021142207A810F0A8FA0323204607A97F
:107D20008DF81C300FF0D3FAB8F1000F04D0002208
:107D3000204611460FF062FCB9F1000F34D0002349
:107D400086F862302369D3F808801033D3E8EF2F28
:107D500022F48031C3E8E01F0028F7D1D00303D517
:107D600008F1080006F0E2FDD8F8401029B12046DD
:107D70000FF0B4FA0023C8F8403098F86430002BB4
:107D800075D0002388F86430636820461B68D3F8F8
:107D9000002222F00052C3F800220022C3F8102172
:107DA000D3F81031FFF74EFCF90443D5D5F8303144
:107DB000002B3FD063682569D3F80080EFF3118969
:107DC000202383F31288BFF36F8FAB68D3F8B420FE
:107DD000002AA8BFD3F8B4704FF48053B8BFD8F8C6
:107DE0004477C8F808332B691A0708D50023002206
:107DF0002046EBF733FF2B6923F008032B6189F34F
:107E00001188BFF36F8FA868D0F8A03093B190F8B5
:107E1000B820002A4AD0EFF31187202383F3128879
:107E2000BFF36F8F294620460FF046FB87F311887A
:107E3000BFF36F8F039B1033D3E8EF2F22F00401C1
:107E4000C3E8E01F0028F7D1530770D52046716CB6
:107E50000FF058FA2046316C0FF040FA002320460C
:107E6000C6E910330DB0BDE8F04FFFF7EBBB626819
:107E700013689269C3F804270522C3F80827012272
:107E8000DA61D3F84C21002AFBD00021C3F84C1151
:107E9000D3F84C21D3F850212AB1C3F85011D3F8AC
:107EA0005021D3F80C2788F861206DE7D0F8A8207E
:107EB000934210D0D0F8AC20D0F8B030BA423B4456
:107EC00033D1C0F8B03020460FF09CFA0028A2D180
:107ED000A868D0F8B070683006F028FD14220021A0
:107EE00007A810F0C2F9AB682046D3F8A03007A964
:107EF000CDE90837AB68D3F8A4309F421CBF0123FB
:107F00008DF81C304FF48053C8F808330023AA685A
:107F1000C2F8A030AA68C2F8A4300FF0D8F9002245
:107F200000232046EBF79AFE84E71F46D3E70DB007
:107F3000BDE8F08FCC570C00CFD80B0070B50F48C0
:107F4000D0E90015541A63EB0506640944EAC664D7
:107F50002026E4FB0615C0E9001509490020C1E907
:107F600000230021074BC3E9000106F04FFB014647
:107F70002046BDE8704006F0C3BA00BF304F022073
:107F8000184F0220284F022008B500220121E320CB
:107F9000EFF768FB174A0020D2F8183723F4403374
:107FA00043F40033C2F8183701F0B8FB002820DB97
:107FB0000120114901F062FC00281ADB01F074FB7A
:107FC0000E4B20F01F00C3E900010D4B0022C3E956
:107FD00000014FF0FF304FF0FF310A4BC3E90001C1
:107FE000094B0A49187A01F083FB67220020084BED
:107FF0001A6008BD00200E4000200220304F0220F1
:10800000104F0220184F0220F81F02203D7F0A0067
:10801000305D022008B501F047FB064AD2E9003284
:10802000C01A054B61EB0201C3E90001400940EAB7
:10803000C16008BD304F0220284F022010B501F06A
:1080400083FC0120FBF764FFEAF7E0FA00280ADA74
:108050000C490D4840F2072208F03DFC40F2072190
:10806000084808F02FFC094B094A1B684FF47A7046
:10807000BDE81040B3FBF2F35843064B43F0010355
:10808000184700BF30580C00CFD80B0058200220F2
:1080900040420F00E09F0B00F7B5224B0146224FF4
:1080A000187A224BD7E90056D3E900239E4208BF35
:1080B000954211D1B1F1806F0ED24901012938BF2B
:1080C000012101224D1946F10006C7E9005603B00F
:1080D000BDE8F04001F0D6BC154BDFF858C0D3E93D
:1080E0000043DCE9002CA41843EB0C0C4FF0200EED
:1080F00022466346C1FB0E23954276EB0301C7E996
:1081000000230DD2291B66EB0C04C82974F100046E
:10811000B4BF01210021009101F076FC03B0F0BD55
:108120000021F8E7F81F0220204F0220184F0220FC
:10813000304F0220284F022037B504690D4694F8CD
:1081400039304BBB0B7B022B29D10B680BBB94F84E
:1081500038204B68D2B9134A591E914219D863632B
:1081600020460DF1070102F017F910F10C0F0BD0AA
:10817000AB689DF8070013B104EB8002536194F8DB
:108180003830013384F8383003B030BD626B9A4226
:10819000E6D06FF01500F7E76FF00F00F4E76FF02F
:1081A0008500F1E7FEFFCF0710B500220469012129
:1081B00040F20910EFF756FA00232046BDE81040C0
:1081C0001946014A02F092B8CD810A00B0F5827FCB
:1081D000F8B50C4602D10B4803F0AAFB01270A4E62
:1081E00004B9F8BD94FAA4F5B5FA85F506EB850354
:1081F0005B6913B129460548984707FA05F524EA53
:108200000504EDE74020022004200220EC8A0B0048
:1082100010B5084908480FF02CFB044640B1074848
:1082200003685B0704D001212346054A08F023FEBA
:10823000204610BD15850A00345D022090210220E1
:1082400081580C002DE9F843DFF85892964DD9F883
:1082500070402B68072C0E4600AF00F0080803F0B2
:10826000070373D0132C00F0D180052C40F0F6806A
:10827000D9F854901BB18D4928460FF0F6FA19F43D
:10828000805F50D02B68590703D0894986480FF08A
:10829000ECFA172419F4006F07D02B685A0703D0A3
:1082A000844981480FF0E1FA182419F4007F14D0B2
:1082B0002B685B0703D080497B480FF0D6FA7F4BD1
:1082C00019F4004F9B6B07D02A68540704D0012192
:1082D0007B4A754808F0CFFD192419F4806F07D048
:1082E0002B68580703D077496F480FF0BEFA1A245D
:1082F00019F4807F1ED02B68590716D11B24F3690F
:10830000B8F1000F40F0CA80C3F3080222B96FEA47
:1083100053236FEA4323F36131462046EEF766FDAF
:10832000BD46BDE8F8831624B4E767495E480FF000
:108330009CFAE3E719F4005FE1D02B685A0703D0F9
:10834000624959480FF091FA1C24D8E7D9F85C40EB
:108350001BB15F4928460FF088FA630609D52B68E0
:10836000580706D0D9F8683001215A4A4E4808F01B
:1083700082FDE10708D52B685A0703D056494A48C1
:108380000FF073FA2624BAE7A30708D52B6858071D
:1083900003D0524944480FF068FA2724AFE7610739
:1083A00008D52B685A0703D04D493F480FF05DFAB6
:1083B0002824A4E7230708D52B68580703D0494988
:1083C00039480FF052FA292499E7E10608D52B68BD
:1083D0005A0703D0444934480FF047FA2A248EE75D
:1083E000A30608D52B685D0703D040492E480FF03F
:1083F0003CFA2B2483E724064ED52B68580703D07C
:108400003B4929480FF031FA2C2478E7D9F86C90D1
:108410001BB1384928460FF028FA19F0020F06D090
:108420002B68590703D034491F480FF01EFA19F082
:10843000010F06D02B685A0703D030491A480FF0B5
:1084400014FA19F0040F3FF45AAF2B685B073FF49E
:1084500056AF2B4914480FF008FA50E7D3B1294A18
:10846000294BE9468AB00F2CD8BF13466A462749E4
:10847000103CCDE905134FF40073ADF82030244BC8
:10848000079442F8103F00234FF411512846EAF7B1
:108490001DFECD46002432E7252430E76FF30803A4
:1084A00039E700BF345D022090210220A4010C00B6
:1084B000BA010C00E3000C00CB010C0000ED00E061
:1084C000E4010C00F9010C0014020C0043010C0043
:1084D000BB580C00D4580C00E4580C00FA580C009F
:1084E00018590C0033590C0050590C0065590C00F8
:1084F0007F590C0092590C00AC590C00DC590C004F
:108500000A5A0C002C020C0041020C0022030C0041
:108510000400000100B5164B89B01A7852B915490C
:1085200015484FF4927208F0D6F94FF49271114841
:1085300008F0C8F95A6AD86C00929A6A20F00500CF
:108540000192DA6A694602921A6B03925A6B04929C
:108550009A6B0592DA6B06921A6C1B6D07929B0759
:1085600048BF40F00400FFF76DFE09B05DF804FB62
:10857000345D02203E5A0C00CFD80B002DE9F041AB
:1085800005460E46174698460FF0BCFC044668B1F7
:108590000124424639463046069BA847054614B991
:1085A0000A4802F0D7FF2846BDE8F081084B1B7847
:1085B000002BEDD04FF0FF324FF0FF33034802F0B5
:1085C0001BFF0028E5D06FF08305ECE7E8220220CE
:1085D000EE790220002300B589B0CDE9063303AB64
:1085E0000493042303900593A9B10B6806934B6889
:1085F00007930223111E18BF01210848CDE900216D
:1086000040F2F53104AA00F02FF80028B8BF01208D
:1086100009B05DF804FB0123ECE700BF0501004051
:1086200070B5402696B006AB05460C463246002192
:1086300018460FF01AFE4FF48072CDE90206CDE91C
:108640000454ADF8402054B1012304AA0092002143
:108650000448019302AA00F007F816B070BD204646
:10866000FBE700BF0001004010B4B1F5004F029CD1
:108670000ED2042B0CD8042C0AD8240444EA036438
:10868000134644EA0102014610BC0348FFF776BFD7
:108690006FF0800010BC7047A1040000034AD2F8BC
:1086A0008C3043F44063C2F88C30704700ED00E03A
:1086B000014B1B68184700BFA85D022010B50C4C89
:1086C000237993B9012323710A4B0028206018BF36
:1086D000184600F0A1F950B923680748002B08BFDD
:1086E0001846BDE8104000F099B86FF0770010BD53
:1086F000A85D0220B1860A0039790B0008B50D4B40
:108700001A7942B90C490D48B12208F0E4F8B121B8
:10871000094808F0D7F81B6853B140F20510EEF78E
:1087200093FF28B9BDE8084040F20510EEF76ABF94
:1087300008BD00BFA85D0220715A0C00CFD80B0005
:1087400008B5114B1B7953B9104940F20512104876
:1087500008F0C1F840F205110C4808F0B3F850B128
:1087600001280CD009494FF49272094808F0B3F877
:108770004FF49271F0E7BDE8084000F063B8BDE83F
:10878000084000F057B900BFA85D0220715A0C00E4
:10879000CFD80B0008B5114B1B7953B9104940F2E3
:1087A0002B12104808F097F840F22B110C4808F0F3
:1087B00089F828B1012807D1BDE8084000F07EB94A
:1087C000BDE8084000F088B805494FF4A572054897
:1087D00008F081F84FF4A571E8E700BFA85D02201A
:1087E000715A0C00CFD80B0038B504230A4C42F262
:1087F0001075C4F80833012363610023C4F80831FD
:10880000D4F80831D4F84C34DB0304D501200FF040
:108810005EF8013DF6D138BD00E01040074A1379FB
:1088200043B90121537110601171054A1846C2F80D
:10883000403470476FF07700704700BFB05D022092
:1088400000E0104010B5204C237943B91F4920485F
:10885000E52208F040F8E5211C4808F033F81D4BEC
:10886000D3F84C14D3F84C24C90314D5900701D085
:10887000FFF7BAFF0022174BC3F84024C3F80821C2
:10888000D3F8082101221A61226872B9D3F80821AD
:10889000002AFBD011E0D3F84824D107EAD5D3F859
:1088A00050249207E4D122681AB10422C3F80423A9
:1088B00010BDD3F80821002AFBD00022C3F80821FC
:1088C000D3F80831F4E700BFB05D0220AE5A0C00C7
:1088D000CFD80B0000E0104008B5094B1B7953B905
:1088E000084909484FF4917207F0F5FF4FF4917170
:1088F000044807F0E7FFBDE80840FFF775BF00BF79
:10890000B05D0220AE5A0C00CFD80B00154BD3F847
:108910000C24D10320D5D3F84C24D2031CD5124A01
:10892000517901F0FF00D1B9C3F80C01D3F80C1153
:10893000012151719961126822B10822C3F8042300
:1089400000207047D3F80C21002AFBD00022C3F886
:108950000C21D3F80C31F3E76FF0760070476FF01D
:108960000F00704700E01040B05D022070B5134C5E
:10897000134DD4F80C3303F00C0303B970BDB3FAF4
:1089800083F300260121C3F11F039A0002F58072D0
:1089900092B202F1804202F5871216609940126885
:1089A000C4F80813022BD8B22B6818BF6E71984711
:1089B000D4F80C3303F00C03DFE700BF00E01040F5
:1089C000B05D0220712238B5104B0021C3F8082396
:1089D000012242F210745A60C3F80011D3F800115A
:1089E0000B490A4DD1F840131C2908BFDA60D5F8AD
:1089F0000C3413F4803305D001200EF068FF013CE5
:108A0000F5D138BD034A5371FBE700BF00E01040C9
:108A100000C0FF00B85D0220054B0246187918B966
:108A20001A6001221A7170476FF07700704700BF1B
:108A3000B85D022008B51C490B7943B91B491C4895
:108A4000922207F048FF9221184807F03BFF0022CE
:108A5000184BC3F81021D3F81001C3F81821D3F82C
:108A60001801C3F81421D3F814011348D0F84003B7
:108A70001C2804BF01209860C3F80021D3F800210E
:108A800001221A600A6852B90A4BD3F80021002A61
:108A9000FBD00022C3F80021D3F8003102E071229C
:108AA000C3F8042308BD00BFB85D0220F15A0C00D2
:108AB000CFD80B0000E0104000C0FF0008B5084B05
:108AC0001B7943B907490848B22207F004FFB221D5
:108AD000044807F0F7FEBDE80840FFF773BF00BF8A
:108AE000B85D0220F15A0C00CFD80B00F8B5012672
:108AF000204C214DD4F80C3303F0710303B9F8BDB9
:108B0000B3FA83F30021C3F11F039A0002F58072C8
:108B100092B202F1804202F58712116006FA03F761
:108B2000052B1268D8B2C4F808731CD0202F0DD8BA
:108B3000CBB1042B0ED0114911484FF49D7207F0B0
:108B4000CAFE4FF49D710D4807F0BCFE062BF2D112
:108B5000697108E002236B71C4F81411D4F8143160
:108B60002023C4F804332B689847D4F80C3303F05F
:108B70007103C3E700E01040B85D0220F15A0C0019
:108B8000CFD80B005F2898BF074B4FEA50129FBF0A
:108B900053F8223000F01F0023FA00F000F001002B
:108BA00088BF0020704700BFF4D50B00034A43097B
:108BB000D35C00F01F001844C0B2704727610C005E
:108BC00010B504460846FFF7F1FF04EB4000838A26
:108BD000DA051CD5C3F3432123F4F853838204F14F
:108BE000120204F1580032F8023F13F4807F03D0E0
:108BF000C3F3432399420AD09042F4D1002204EBFC
:108C0000C1035A6004F160000EF07DFE00B910BD92
:108C1000054906484FF4DB7207F05DFE4FF4DB7147
:108C2000014807F04FFE00BF315B0C00CFD80B00AE
:108C300010B5016804460846FFF7A4FF50B90F4974
:108C40004FF482620E4807F046FE4FF482610B48F3
:108C500007F038FE01F01F035F2923604FEA51122D
:108C600008D9064940F21942054807F034FE40F29F
:108C70001941ECE7034B53F8220010BDC54F0C001F
:108C8000CFD80B00E8D50B00072808B50AD907494B
:108C9000074840F2A73207F01EFE40F2A731034812
:108CA00007F010FE800000F5807008BD6F5B0C00BF
:108CB000CFD80B00F0B50646002487B0114F0191C4
:108CC00017F8012B06AB03EBD20313F8143C02F0A8
:108CD0000702D34013F0010306D10134032CEFD176
:108CE0000023184607B0F0BD074A03AD07CA85E860
:108CF000070055F824100A6A46F824200A62002A60
:108D0000EBD0EEE737610C00709F0B00F7B504461F
:108D10000846FFF74BFF04EB4006B38A0D46DB071E
:108D20002AD520460EF0F3FE294620460EF00FFE0F
:108D300050B120460EF03AFE0023276807EB800072
:108D4000C0F81035C0F81035204600242946FFF73A
:108D500037FFB48201A80195FFF76AFF019B00EB82
:108D60008300D0F88020064B134043F00203C0F884
:108D70008030204603B0F0BD6FF01500FAE700BF69
:108D8000F0F0FCFF2DE9F0430E461746044685B08F
:108D900050B95A495A4840F25E4207F09CFD40F2F1
:108DA0005E41564807F08EFD0846FFF7FFFED7F8F4
:108DB00000800546B8F1000F19D020460EF0EBFDFB
:108DC00018BB4346CDE900008DF80E008DF80F006A
:108DD0000DF10F0230460DF10E010EF010FE04EB06
:108DE0004502938A23F0020343F0010393827B68D8
:108DF0009BB33146204693F80080D3F804900EF0E0
:108E0000BFFD28B1B9F1000F1FD06FF0150027E0AA
:108E100004EB4500838A23F4604323F0200383821C
:108E2000B9F1000F11D0B8F1030FEED87B682168BB
:108E30005B6893F800C04FEA8C031944B8F1000F47
:108E400011D1C1F81085C1F8108504EB4502938A51
:108E500023F01C0343EA88039382BB684BBB0020CA
:108E600005B0BDE8F083D1F8102522F00302C1F867
:108E7000102522681344D3F8102522F4473222F437
:108E80007C72C3F8102541F6F072D3F8101502EA8F
:108E9000061242EA08420A43C3F8102504EB4C03C9
:108EA000A3F86460838A43EA4C3343F0200383824F
:108EB000CBE73146D3E900782046FFF781FE002F4B
:108EC000CDD063689F4206D004F160000EF001FD32
:108ED000002804DAC4E7A3689845F5D1002004EB24
:108EE000C003C3E9017804EB4505AB8AC0B243EA8D
:108EF000402343F48073AB82B1E700BF315B0C00C9
:108F0000CFD80B002DE9FF410D4616461F460446FB
:108F100050B93B493B484FF48D6207F0DCFC4FF4FD
:108F20008D61374807F0CEFC0846FFF73FFE8046CC
:108F300016B320460EF024FD18B920460EF007FDAA
:108F400008BB294620460EF00DFD10B17378012BA9
:108F500019D001238DF80F300023721CCDE9006376
:108F60002846B31C0DF10F010EF049FD04EB480239
:108F7000938A43F003039382002F3ED02946204674
:108F80000EF0FEFC20B96FF0150004B0BDE8F081D2
:108F900000223E78236804EB480003EB8603C3F805
:108FA0001025C3F81025838A4FEA860C23F460430A
:108FB00023F0200383827978F9B12268124B62444E
:108FC000D2F81045BF782340C2F8103541F6F0734F
:108FD000090401F4403103EA05130B433905D2F8C3
:108FE000104501F480110B432343C2F81035838AE6
:108FF00043EA463343F0200383820020C5E700BFE5
:10900000315B0C00CFD80B000FE0ECFF08B550B976
:109010000649074840F2714207F05DFC40F2714199
:10902000024807F04FFCC0E9031208BD315B0C0099
:10903000CFD80B0070B51546044650B9124940F21E
:109040007A42124807F047FC40F27A410E4807F096
:1090500039FC42B90C4940F223320C4807F03BFC82
:1090600040F22331F2E70EF072FC48B10846FFF7F8
:109070009DFD04EB40040020A38A5B0B2B7070BDA8
:109080006FF01500FBE700BF315B0C00CFD80B0081
:10909000F8B5044650B9194919484FF4916207F0E0
:1090A0001AFC4FF49161154807F00CFC90F87450CD
:1090B00090F87570F5B94622294614300FF0D5F8AE
:1090C000104B266853F83770AF420ED10025C6F317
:1090D0000830C6F84051D6F84031EEF793FA012334
:1090E000284684F874302366F8BDE8B2FFF7CCFD5B
:1090F0000135E9E76FF07700F6E700BF315B0C0060
:10910000CFD80B0000D60B0008B550B90849094864
:1091100040F28F4207F0DFFB40F28F41044807F036
:10912000D1FB90F87400003818BF012008BD00BFC3
:10913000315B0C00CFD80B0008B550B9074908487F
:1091400040F29D4207F0C7FB40F29D41034807F003
:10915000B9FBBDE80840FFF7D9BD00BF315B0C008B
:10916000CFD80B0008B550B909490A4840F2A442CB
:1091700007F0B1FB40F2A441054807F0A3FB064B02
:1091800090F8750003EB8000BDE808400EF0BBBB13
:10919000315B0C00CFD80B005C20022010B50C46D0
:1091A00050B90B490B4840F2AB4207F094FB40F238
:1091B000AB41074807F086FB074B90F8750003EBBF
:1091C00080000EF086FB0028A4BF2070002010BD98
:1091D000315B0C00CFD80B005C2002202DE9F3415D
:1091E0000D461646044650B936494FF4A562364836
:1091F00007F071FB4FF4A561324807F063FB0EF0F6
:10920000B1FB40B92F4940F235422F4807F063FBCC
:1092100040F23541F0E720460EF099FB2768F8B19F
:1092200020460EF0ADFB8046D0B920460EF0BEFBC6
:109230000546FFF729FD47F800803B58236803EBFC
:109240008503D3F8102542F00102C3F8102526B19A
:1092500001232268AB40C2F8043302B0BDE8F081BC
:10926000D7F80433DB035CBF4FF48033C7F8043313
:1092700046B9144940F24F42134807F02CFB40F224
:109280004F41B9E72846FFF791FC04EB4004A38A5D
:10929000C3F38203042B11D0052B11D001A8019533
:1092A000FFF7C6FC019BC168D94001F00101023102
:1092B000284602B0BDE8F0410EF0EEBB0321F7E70F
:1092C0000221F5E7315B0C00CFD80B0008B550B98F
:1092D0000749084840F22F5207F0FDFA40F22F519B
:1092E000034807F0EFFABDE808400EF010BC00BFDD
:1092F000315B0C00CFD80B002DE9F04F07468DB045
:1093000050B97349734840F25C6207F0E4FA40F2E6
:109310005C616F4807F0D6FA804658F804BB90F8B5
:109320007540DBF804136C4BC9B253F8342058462F
:1093300041F480310EF0BFFBC203054639D500234E
:10934000CDE909330B93644BE60003EBC404636877
:1093500009A819460193FFF7ADFC331D04934FF0A4
:10936000000A5E4B0DF124090393039A5A4912F83F
:10937000013B0392049A02EBD3028A5C03F00703D9
:1093800022FA03F3DB071AD40AF1010ABAF1030F38
:1093900009F10409E9D14FF48031002258460EF05A
:1093A0008AFB019909A8FFF785FC0028D7D125F48D
:1093B00080350124002D74D10DB0BDE8F08F484BED
:1093C00053440593D9F800100029DDD091FAA1F19A
:1093D000B1FA81F1059B1C7841EA44142046FFF75D
:1093E000E5FB07EB4000828AC808C2F38203CDE99F
:1093F00006230293012319F8006001F0070103FA24
:1094000001F126EA010109F8001008A80894FFF705
:109410000FFC0899069A203150F8216012F0100FC5
:10942000079BC6F3014623D021464046029A0EF020
:10943000C7FA08A80894FFF7FBFB089BF6B2203395
:1094400050F82330C3F301439E4207D10021204648
:109450000EF022FB314620460EF01EFB08A80894B1
:10946000FFF7E6FB0122089B02FA03F30362A9E778
:10947000022E14BF02210321204606930EF00CFB9E
:10948000069B032B03D0022E07D1012BE6D12146E8
:109490004046029A0EF094FAE0E7032EDED1022B4A
:1094A000F4E795FAA5F3B3FA83F304FA03F225EA95
:1094B000020503F5A2725BF8222007EB4303404646
:1094C000B3F86410C2F301420EF07AFA72E700BFFB
:1094D000315B0C00CFD80B0000D60B0037610C00BD
:1094E00037610C000123034A03FA00F09368034339
:1094F00093607047181C02200123044A03FA00F00D
:10950000936823EA00039360704700BF181C022091
:1095100073B504460191EFF31186202383F312887B
:10952000BFF36F8F0B4D019B6A6801A81340019335
:109530000EF0CFF9002807DB01226B68824023EA96
:1095400002036B602070002086F31188BFF36F8FD9
:1095500002B070BD181C022008B5144B027AD3F873
:10956000101521F001010A43C3F810250268B2F575
:10957000803F0AD30E4940F2B9720E4807F0ABF9AA
:1095800040F2B9710A4807F09DF9C3F8A426426871
:10959000FF2A08D9064940F2C472064807F09BF931
:1095A00040F2C471EEE7C3F8AC2608BD00200E40BF
:1095B000A45B0C00CFD80B000B2808B50AD90A49C8
:1095C0000A4840F2447207F086F940F244710648B6
:1095D00007F078F90023000100F1804000F56220D7
:1095E000C0F82C3508BD00BFA45B0C00CFD80B0021
:1095F0000B2808B501D800290ADA0A490A4840F2BE
:10960000165207F068F940F21651064807F05AF969
:10961000000100F1804041EAC27100F56220C0F80B
:10962000281508BDA45B0C00CFD80B000B2808B58B
:109630000AD910494FF4A0620F4807F04CF94FF4D3
:10964000A0610C4807F03EF9B3F5801F08D3094923
:1096500040F20252084807F03EF940F20251F0E7AA
:10966000000100F1804000F56220C0F82025C0F81C
:10967000243508BDA45B0C00CFD80B00012303FAEE
:1096800000F010F0670F0AD0064B5B68DB4303F075
:10969000670303420CBF6FF01500002070474FF0C6
:1096A000FF307047181C022038B50D4B1B78012B7A
:1096B0000BD14FF0FF326FF040430A4CD4E9000168
:1096C000824273EB0105F9D338BD0749074840F2E0
:1096D000191207F000F940F21911034807F0F2F8E7
:1096E000181C022030270E40D75B0C00CFD80B008F
:1096F00030B50C25074B1C1894F8544005FB043377
:10970000C3E9031218750123034A8340C2F81433D6
:1097100030BD00BF181C022000200E40F0B5504D97
:1097200085B02C78002C40F095804E4A01AB07CADA
:1097300083E807004C491846D1F8102522F00202B0
:10974000C1F81025FFF708FF0723672202F0010187
:109750002144013BCCB24FEA5202F7D1052C7CD117
:1097600019464FF0010C3E4E00246720CFB204E0B2
:109770000CFA02F220EA0200013490FAA0F25FFA39
:1097800084FE7745B2FA82F2F2D8013132750529AA
:109790002A4482F8547006F10C06E5D10121002418
:1097A00032489A0801FA02F212F0670F18BF1C50F3
:1097B0000433302BF5D1E320EDF724FF2A4B0024AE
:1097C000D3F81025012622F00202C3F8102540F636
:1097D000FF72C3F81823C3F88041C3F88040C3F870
:1097E0008441C3F88440C3F88841C3F88840C3F873
:1097F0008C41C3F88C40C3F89041C3F89040C3F843
:109800009441C3F89440C3F89841C3F89840C3F812
:109810009C41C3F89C40C3F8A041C3F8A040C3F8E2
:10982000A441C3F8A440C3F8A841C3F8A840C3F8B2
:10983000AC41C3F8AC401E660D4B0E4A1B685D2060
:10984000B3FBF2F358430C4B3343984720462E703A
:1098500005B0F0BD6FF07700FAE76FF08B00F7E727
:10986000181C02207C9F0B0000200E4000210E409F
:109870005820022040420F00F09F0B0038B52C4BBF
:109880000D461B78012B0AD02A492B4840F20622AC
:1098900007F021F840F20621264807F013F8274B7D
:1098A000D3F8102594073CD4D3F8102542F00202D7
:1098B000C3F81025C0B1D3F8382712F0010202BF57
:1098C000D3F8381741F00101C3F838171B4BD3F810
:1098D0003017D3F834174800F9D42AB9D3F8382709
:1098E00022F00102C3F83827154B164A1B68B3FB58
:1098F000F2F3124A03EB4313B3B1D2F83017D2F8A4
:10990000341749000BD44FF0FF312846FFF700FE13
:10991000044610B92878FFF7E5FD204638BD013B25
:10992000EAE76FF07704F8E76FF07304F5E700BF3C
:10993000181C0220D75B0C00CFD80B0000200E4073
:109940005820022040420F002DE9F041294D6C685B
:109950002B78E44304F0670453B9274927484FF4B0
:10996000117206F0B8FF4FF41171234806F0AAFFF8
:10997000672200264FF00108214BC3F81823F7B2E5
:10998000DCB9E320EDF74CFE1D4BD3F8382722F06D
:109990000102C3F83827D3F8102522F00102C3F8DA
:1099A0001025D3F8102522F00202C3F81025012259
:1099B0005A669A662C70BDE8F081AB6808FA06F129
:1099C0000B4013F0670F02D03846FFF795FD6B6828
:1099D000DB4303F067030B4208D03846FFF7ECFD8A
:1099E000E30703D5394607480DF08DFF64080136BB
:1099F000C5E700BF181C0220D75B0C00CFD80B00B6
:109A000000200E401C1C02202DE9F04104461D469A
:109A1000FFF734FE904607469DF8186050B115498F
:109A2000154840F2BB2206F056FF40F2BB21114818
:109A300006F048FF11490B1993F854300C3301EB31
:109A4000C30041F8332045602B4620466EB10C4ED2
:109A5000A400FFF7EBFD33592BB1FFF725FE40457E
:109A6000A94100D23751BDE8F081BDE8F041FFF7D0
:109A7000DDBD00BFD75B0C00CFD80B00181C022047
:109A800000210E40F8B50546FFF7F8FD50B1114929
:109A9000114840F2193206F01EFF40F219310D480C
:109AA00006F010FF0D48431993F854300C3350F86A
:109AB000334000EBC30CDCF80460641846F1000688
:109AC00040F83340CCF804602846BDE8F840FFF782
:109AD0008FBD00BFD75B0C00CFD80B00181C022035
:109AE000F7B5374B374CD3F81C5304F188060DB942
:109AF00003B0F0BD95FAA5F00123B0FA80F08340E1
:109B0000DF4325EA0305231893F854100C2303FBC5
:109B100001431A7D82420AD02B492C4840F2B732C9
:109B200006F0D9FE40F2B731274806F0CBFEDA68DE
:109B30004FEA800C002A3BD0D6E8EF3F03EA070249
:109B4000C6E8EE2FBEF1000FF6D1C340DB0727D5E4
:109B50000B2809DD1E491D4840F20B5206F0BBFEE2
:109B600040F20B511A48E0E7020102F1804202F58F
:109B70006222D2F82435D2F82025164F6744D7F850
:109B800000C0BCF1000FB2D04FF0000CC7F800C00D
:109B90000C2707FB01410F690097C9688847A6E7B2
:109BA00001F10C0304EBC30754F833207B68E4E7AE
:109BB000084B53F80C10002999D043F80C2096E775
:109BC00000200E40181C0220D75B0C00CFD80B00E1
:109BD000A45B0C0000210E405F2838B54FEA5015F9
:109BE00007D8124C00F01F0054F82540C440E40789
:109BF0000AD40F490F484FF4826206F06CFE4FF40E
:109C000082610B4806F05EFE0B4C54F8254004EBD5
:109C10008004D4F880500948284040EA032040EAF4
:109C2000820242EA4101C4F8801038BD1CD60B0004
:109C3000C54F0C00CFD80B0010D60B00F0F0FCFF86
:109C400070B5857B0446CDB9D0E90003984208D1B0
:109C50000B490C48DB2206F03EFEDB21084806F0EB
:109C600031FE294608230322FFF7B6FF2946606824
:109C70000823BDE870400322FFF7AEBF70BD00BFF0
:109C8000135C0C00CFD80B0070B50E46044600B133
:109C900041B914491448EF2206F01DFEEF21114886
:109CA00006F010FE90F82650C5B9C0E90123C56042
:109CB00080F8295080F828508B7B80F82B3008469C
:109CC000FFF7BEFF737B204684F82A3031460DF043
:109CD000ACFF0123284684F8263070BD6FF0770072
:109CE000FBE700BF135C0C00CFD80B0008B550B9E0
:109CF0000F4940F297120F4806F0EDFD40F2971120
:109D00000B4806F0DFFD90F82630012B08D00849FB
:109D10004FF4CD72074806F0DEFD4FF4CD71EFE74A
:109D200006220368C3F80025022380F8263008BD08
:109D3000135C0C00CFD80B0008B550B916494FF48E
:109D4000D272164806F0C7FD4FF4D271124806F0E1
:109D5000B9FD90F8263043B90F494FF4D4720F483B
:109D600006F0B9FD4FF4D471F0E7002102680C4B06
:109D7000C160C2F80833D2F8003223F0FF5323F455
:109D8000BC53C2F800320123C2F8001580F8263017
:109D900080F8281008BD00BF135C0C00CFD80B0062
:109DA0002264F81F2DE9F0470F469046054650B94A
:109DB000B1494FF42572B14806F08DFD4FF425717D
:109DC000AD4806F07FFD90F82630022B08D0AA4956
:109DD0004FF42672A94806F07EFD4FF42671EFE796
:109DE000436863B90B78023B012B08D8A24940F2C3
:109DF0009B22A24806F06FFD40F29B21E0E7002382
:109E000085F827307B682C6833B1FB6803F060432A
:109E1000B3F1005F40F05A813B78023B012B06D83A
:109E20003B6903F06043B3F1005F40F04F81944B16
:109E3000C4F8083395F8283003F0FF023BB16FF007
:109E40000F06EB68C4F804333046BDE8F08708F02D
:109E50001403B3FA83F35B0985F828303B7885F85F
:109E600024307B7885F82530FB682B617B686B613B
:109E70003B69AB61BB68C5F82080EB61C8F3001398
:109E800085F829307B78C4F88835C4F83821D4F8AF
:109E90003831C4F82821D4F82831C4F81421D4F872
:109EA0001431C4F80421D4F8043118F0010318BFA8
:109EB0000123C4F84C3718F0020318BF0123C4F87B
:109EC00014373B78032B00F2A280DFE803F07E9783
:109ED0004F0218F01C0F08D067494FF40272674810
:109EE00006F0F9FC4FF402716AE74FF48073C4F88E
:109EF0000032D5E90423C4F83C27C4F840370123D5
:109F000023654FF0006120460DF065FE06460028EF
:109F1000F7D1D5E90623C4F83C27C4F840374FF4FD
:109F20008063EB603B78032B38D0012B6A6873D1D8
:109F3000A36292B96A69002A6CD04FF0010A40F21C
:109F4000024940F2224120460DF045FE810601D52E
:109F5000C4F804A010EA090FF3D07B68F3B96B686A
:109F6000002B00F091800123636017E0D5E9042302
:109F7000C4F83C27C4F84037D5E90623C4F80427C1
:109F8000C4F808374FF48453C4F800320123236126
:109F90000223EB60002618F0080FC3D06B68002B7B
:109FA00072D018F0040F1CBF0023EB6018F0400FB4
:109FB00002BFEB6843F00203EB60EB6843F0200361
:109FC000EB60EB68C4F804333EE718F0200FD5E9E6
:109FD0000423C4F83C27C4F8403715BF4FF48073FE
:109FE0004FF40073C4F80032C4F8003214BF4FF4C9
:109FF00080630223EB6001232361CBE7D5E90423CF
:10A00000C4F80427C4F808374FF48053BCE76FF056
:10A010001506C0E7636090E701232365002A9CD101
:10A020006A697AB34FF0000940F2024A19EA0A0F4E
:10A0300093D140F2224120460DF0CDFD10F0200FCB
:10A040008146F3D04FF4804120460DF0C4FDD4F892
:10A05000003208B19A0505D401222261626040B144
:10A060004FF00009D905E1D54FF4806120460DF08D
:10A07000B2FD4FF00009D9E7135C0C00CFD80B00FC
:10A080002264F81F6360CDE70022D4F8C434C4F81A
:10A09000C43485F8282063B19A0756BF03F001063F
:10A0A0006FF00D068C3E13F0040F18BF6FF00A0618
:10A0B000CAE618F0400F7FF4C7AE2046291D0DF008
:10A0C00048FD002808BF6FF08B06BDE66FF00C0658
:10A0D000BAE600BF70B5044686B050B95E4940F29A
:10A0E000C1225E4806F0F7FB40F2C1215A4806F053
:10A0F000E9FBD0E9005343B9574940F2EA225748F7
:10A1000006F0E9FB40F2EA21F0E7022128460DF0D3
:10A1100062FD2021064628460DF05DFDD0B1D6B97E
:10A12000E3684FF48041C5F808330223E360E36835
:10A130002846C5F804330DF04EFD18B1D5F80032AD
:10A140009B0502D401232B616B60012384F8273027
:10A1500006B070BD8EB3236A5E060AD494F8273029
:10A160003BB92846211D0DF0F4FC80F0010084F875
:10A170002700236A13F0040337D1C5F83831D5F826
:10A180003821C5F83431D5F8343194F8293013B179
:10A1900094F82730F3B100230122C5F80032E360C0
:10A1A0002F4BC5F30431C5F808338A40C5F3434348
:10A1B0002C49603341F823200CE04FF4806128469D
:10A1C0000DF009FD94F82430002B2FD194F829309C
:10A1D000002BE1D0A38CADF80430236904936369AC
:10A1E0000293A3690593E3690393D5F8C4349807F0
:10A1F000C5F8C4342AD459072AD4DA072AD494F8E3
:10A2000027309B00DBB28DF8003094F829300BB971
:10A2100084F82830236A5B0703D594F82730002B95
:10A2200096D0D4E901316846984791E74FF400731E
:10A23000C5F800322223E360094BC5F80833E36810
:10A24000C5F8043301232B652B6181E70123DAE78D
:10A250000223D8E70323D6E7135C0C00CFD80B000A
:10A260002264F81F00E100E070B5044648680D461E
:10A27000460C4FF47A7200233146C003E4F7C6FA65
:10A28000B6F57A7F08D3174917482C2206F023FB2E
:10A290002C21144806F016FB2A682368C3F80C2505
:10A2A000C3F804052B6803F04002C3F38013237442
:10A2B000A368B3B1002A4FF0000314BF03250125A2
:10A2C0002468012DC4F80031D4F80021C4F308300B
:10A2D0001CBFC4F80431D4F80431EDF793F9C4F885
:10A2E000045370BD4F5C0C00CFD80B0038B540B99B
:10A2F0000B490C48542206F0EEFA5421084806F0A7
:10A30000E1FAC0E90223437933B90123437109B16A
:10A31000FFF7AAFF002038BD6FF07700FBE700BF12
:10A320004F5C0C00CFD80B0008B500B141B90B4908
:10A330000B48862206F0CFFA8621084806F0C2FABA
:10A3400043792BB1022B06D0FFF78EFF002008BD0A
:10A350006FF07600FBE76FF00F00F8E74F5C0C0042
:10A36000CFD80B0008B520B1037913B14379012B85
:10A3700008D007490748BB2206F0ADFABB210448C4
:10A3800006F0A0FA026813600223437108BD00BF03
:10A390004F5C0C00CFD80B0010B540B91849D22241
:10A3A000184806F098FAD221154806F08BFA11B138
:10A3B0004379012B06D01249D722124806F08BFAB6
:10A3C000D721F1E7EFF31184202282F31288BFF343
:10A3D0006F8F0279072A10D80A7001320271026861
:10A3E0000978D2F808058B4003430020C2F80835ED
:10A3F00084F31188BFF36F8F10BD6FF00B00F7E788
:10A400004F5C0C00CFD80B0070B540B91849EC2256
:10A41000184806F060FAEC21154806F053FA447922
:10A42000012C06D01249F122124806F054FAF1210B
:10A43000F2E7EFF31186202383F31288BFF36F8FC7
:10A4400000220179D3B2994206D80023037186F322
:10A450001188BFF36F8F70BD056804FA03F3D5F858
:10A460000815013221EA0303C5F80835E9E700BF02
:10A470004F5C0C00CFD80B0008B540B90D49FF2246
:10A480000D4806F028FAFF210A4806F01BFA437926
:10A49000022B08D0074940F20112074806F01BFAC8
:10A4A00040F20111F0E70368044A01F5C07143F876
:10A4B000212008BD4F5C0C00CFD80B003546526EF2
:10A4C00008B550B913494FF48472134806F003FAE3
:10A4D0004FF484710F4806F0F5F9437943B90D49FB
:10A4E00040F20B120C4806F0F6F940F20B11F1E7BE
:10A4F000037C5BB10368094AC3F820250122036885
:10A500005A6003680020C3F8200508BD4FF0FF30F3
:10A51000FBE700BF4F5C0C00CFD80B003546526EF6
:10A5200070B5044650B91A491A484FF4927206F0B1
:10A53000D2F94FF49271164806F0C4F90368D3F8C3
:10A540000414D3F800512DB100220125C3F80021D5
:10A55000D3F80021D3F80421BAB10022C3F80421B2
:10A56000D3F804313DB10325D4E902324FF48070B1
:10A570009847AB070BD5012363710021D4E9023260
:10A58000BDE870404FF482701847002DECD170BDCB
:10A590004F5C0C00CFD80B0008B503685F2B4FEA67
:10A5A000531107D80B4A03F01F0352F82120DA4059
:10A5B000D2070AD4084909484FF4826206F08BF9A1
:10A5C0004FF48261044806F07DF90360044B53F8B0
:10A5D000210008BD34D60B00C54F0C00CFD80B00AE
:10A5E00028D60B00F7B50C4606460DF035FB204685
:10A5F0000DF032FB01A80196FFF7CEFF40F60D07E4
:10A60000019B2C4D00EB8300D0F8803001942B404F
:10A610003B43C0F8803001A8FFF7BEFF019B00EB71
:10A620008300D0F880302B403B43C0F880300420BA
:10A630000DF04DF90925012701A80194FFF7ACFFA2
:10A64000019AC368D340DB0714D401A80196FFF731
:10A65000A3FF019B013D07FA03F3836004200DF083
:10A6600036F930460DF0F8FA04200DF030F915F007
:10A67000FF05E1D101A80194FFF78EFF0123019AA4
:10A680009340836004200DF022F920460DF0E4FA97
:10A6900004200DF01CF901A80194FFF77DFF019A39
:10A6A000C368D34013F0010F0CBF6FF08B00002084
:10A6B00003B0F0BDF0F0FCFF2DE9F74F4FF0280993
:10A6C000DFF844B0114E8046A6EB0B060F469A46C3
:10A6D000B6FBF9F60025BD4203D1284603B0BDE81C
:10A6E000F08F38F91540002C0CDDA6420AD3601E0D
:10A6F00009FB00B05146019290470028EEDB019A19
:10A700000135E8E70020F5E7AC890B00CC8C0B00A5
:10A7100038B5436905465BB90024EA68537843F0CD
:10A720000103537014B9284606F089FC604238BD15
:10A7300098470028F0D000F1FF03FE2B08D9064906
:10A740000648212206F0C7F82121034806F0BAF88E
:10A75000EB6844421C70E0E78A5C0C00CFD80B0029
:10A76000034B03600348C01A2823B0FBF3F0704783
:10A77000AC890B00CC8C0B0070B5054618B304787F
:10A78000ACB1124C124EB4421AD9124912485D2291
:10A7900006F0A1F85D210F4806F094F82168A9425F
:10A7A00007D120460DF071FA002808BF002420468A
:10A7B00070BD2846E4F744F80028F2D02834E2E7D8
:10A7C000ECD30024F3E70446F1E700BFAC890B00AB
:10A7D000CC8C0B008A5C0C00CFD80B0010B5044663
:10A7E000E8F740FA054803685B0703D00121044AF3
:10A7F00006F038FB20460DF08BFA00BF90210220B6
:10A80000AD5C0C002DE9F04704460D4600AFEFF3B8
:10A810001189202383F31288BFF36F8FDFF8E8805C
:10A820003A4AD8F800309668590769D0042898BF8A
:10A83000374BEA468AB0117C98BF53F820306A46FD
:10A8400088BF344BCDE9073140F201333248ADF8CF
:10A850002430324BCDE9050442F8103F00234FF479
:10A8600031512948E8F732FCD54665B1EB69C3F3AD
:10A87000080343B1D8F800305A071FD00121284AF5
:10A88000214806F0EFFAD8F800305B0716D026BB57
:10A890002448E8468AB06A46234B0790CDE905363E
:10A8A00040F20133ADF82030204B42F8103F002336
:10A8B0004FF411511448E8F709FCC54629462046D3
:10A8C000FFF78CFF042C11D119491A48872206F092
:10A8D00002F88721164805F0F5FF30460DF01BFB06
:10A8E0000028D5D00378002BD2D0D2E789F3118885
:10A8F000BFF36F8F3046ECF755FFBD46BDE8F087DC
:10A90000002DB3D1DAE700BF90210220C05D022004
:10A9100040D60B00BC5C0C00D25C0C0005000001B2
:10A92000FA5C0C00CA5C0C001B5D0C00040000010A
:10A93000335D0C00CFD80B0038B50A4B53F82040DC
:10A94000013053F82050A54200D838BD606830B1BE
:10A95000037EDB0701D4FFF7DBFE0834F3E723684F
:10A960009847FAE754D60B00012270B5324B86B0F7
:10A9700003201A70FFF7E0FF0DF042FC0420FFF700
:10A98000DBFF2E4C2E4DAC42264624D92D494422C5
:10A990002D4805F0A0FF44212A4805F093FF54F804
:10A9A0000C3C059354F8103C049354F8143C039366
:10A9B00054F8183C029354F81C3C019354F8203C82
:10A9C000009354E90A2354E90C0101F0BFFE54F846
:10A9D000303C5E65D7E7AE4204F13004DFD302F0CD
:10A9E00049FC164CAC421BD916496822164805F0A2
:10A9F00072FF6821D0E7D4E90A23B3F1FF3F08BF13
:10AA0000B2F1FF3F05D052EA0301206803D102F002
:10AA10007BFE3034E6E70D49183003F055FCF8E7CB
:10AA2000E9D302F079FCE4F7E3FD094A938923F0C6
:10AA30000103938106B070BDEE79022048950B00AA
:10AA400038960B009F5D0C00CFD80B0015CF0A0085
:10AA5000F84F0220C02370B5144E86B003FB006689
:10AA6000134B012205930F23CDE903320023CDE9D7
:10AA7000013314234FF4A0720E4D0F4903FB005510
:10AA8000044602FB00110D4B3046009501F05EFEBE
:10AA9000337C2C7423F004033374094B013403EB2F
:10AAA000C423EE606B6006B070BD00BF384F02205B
:10AAB000C05D0C00C05D0220F0CE0220FDAF0A0098
:10AAC000F0C602207FB50020FFF736FF314B03F5BB
:10AAD000006282F3088883F30A88E0232E4C84F80E
:10AAE00022300023E37723766376A37684F8203040
:10AAF000626A42F4E022626284F82330ECF7D6FC0A
:10AB0000ECF73AFE4FF0FF33A362E362EDF766F82D
:10AB1000ECF7BEFEE7F7C2FF204801F0F9FE204B3C
:10AB2000204A93420AD920492048CC2205F0D3FE7E
:10AB3000CC211D4805F0C6FE2833F2E7FCD30120E6
:10AB4000FFF7FAFE02201A4CFFF7F6FE02F074FC43
:10AB5000184B00255C61184B4FF4005205930123FC
:10AB60001649CDE903532046154BCDE90155009513
:10AB700001F0ECFD0646237C204623F004032374F9
:10AB800002F03AF82846FFF765FF314620460C4AA6
:10AB9000ECF7D0FDF0C6022000ED00E0B850022036
:10ABA000AC890B00CC8C0B009F5D0C00CFD80B0048
:10ABB000F84F0220C05D022006520C0030D0022067
:10ABC00069A90A002DE9F04F06468BB0DDE914A70C
:10ABD000CDE905123B46524608A80DF047FADDE9DB
:10ABE0000834D046B946CDE9023406F11405EFF336
:10ABF0001184202181F31288BFF36F8F284603F060
:10AC00005FFA38B92E4984222E4805F064FE84216B
:10AC10002B482BE0284603F077FAEFF3058111B1BA
:10AC200057EA0A031BD14FF0200B06F10C030793E0
:10AC30003046DDE90512169B9847074610B958EAD9
:10AC4000090815D1284603F049FA80BB1C494FF486
:10AC500099721C4805F03FFE4FF49971D8E71A49E4
:10AC60001848582205F037FE5821174805F02AFEEB
:10AC7000DDE9022308A80DF01EFADDE908A7214648
:10AC80002846CDE900A7079A02F07AF9D046B946DE
:10AC9000EFF311848BF31288BFF36F8F284603F014
:10ACA0000FFA0028AED0284603F02EFAC0E784F34E
:10ACB0001188BFF36F8F38460BB0BDE8F08F00BF2F
:10ACC000E5E40B00CFD80B00C85D0C0038B50B4C89
:10ACD0000B4DAC420FD90B490B48252205F0FBFD6B
:10ACE0002521084805F0EEFD2046D4E901120DF0BB
:10ACF00017F81834EDE7F7D3002038BD40220220C2
:10AD000070220220C85D0C00CFD80B001FB5054C87
:10AD1000CDE9002302940A460021FFF753FF04B057
:10AD200010BD00BF01080B00F8B504460E4600F147
:10AD30001405EFF31187202383F31288BFF36F8F7D
:10AD4000284603F0BDF940B916498422164805F09B
:10AD5000C2FD8421134805F0B5FD284603F0D4F95F
:10AD600020463146E5F778FF04F10C0002F02EFB97
:10AD700028B139462846BDE8F8400DF02EB92846DE
:10AD800003F0ACF940B907494FF49972064805F051
:10AD9000A2FD4FF49971DDE787F31188BFF36F8F40
:10ADA000F8BD00BFE5E40B00CFD80B0038B50C4C64
:10ADB0000C4DAC420ED90C490C48A22205F08BFD7B
:10ADC000A221094805F07EFD20460CF0B3FF20B912
:10ADD0002034EEE7F8D3002038BD6FF01500FBE714
:10ADE0000022022040220220EA5D0C00CFD80B0096
:10ADF0002DE9F74305460E4691461C4600F108072B
:10AE0000EFF31188202383F31288BFF36F8F384646
:10AE100003F056F938B92B4984222B4805F05BFD25
:10AE20008421284822E0384603F06EF92B69FBB1F3
:10AE300033601C68EB692C610133EB6114B96A69FA
:10AE400093421BD0EB68E41A09D4D5E905235A4391
:10AE5000A24204D9B4FBF3F203FB124474B11B49C0
:10AE60001948F72205F037FDF721184805F02AFDAB
:10AE700059EA04020FD16FF00B043360384603F037
:10AE80002DF9C8B90F494FF499720F4805F023FD09
:10AE90004FF49971C5E7CDE900942A4641463846FA
:10AEA00002F06EF8044618B9094B9B685B69336081
:10AEB000204603B0BDE8F08388F31188BFF36F8F9D
:10AEC000F6E700BFE5E40B00CFD80B00EA5D0C000D
:10AED000C05D02202DE9F843C3680546CB1A0E4633
:10AEE0001ED4D0E905125143994219D9B3FBF2F1AE
:10AEF00002FB1133A3B900F10808EFF311892024F4
:10AF000084F31288BFF36F8F404603F0D9F890B9ED
:10AF100036498422364805F0DEFC8421334808E0B7
:10AF20003449334840F21F1205F0D5FC40F21F119E
:10AF3000304805F0C7FC404603F0E6F82F69002FC3
:10AF40003AD1EFF3118384F31288BFF36F8F83F349
:10AF50001188BFF36F8F3BB92749BB22244805F006
:10AF6000BAFCBB212448E4E72C68A54224D01CB3DA
:10AF7000A36833B92049A4221D4805F0ACFCA421E4
:10AF8000F0E7D4E9003213605A60237CC4E900770B
:10AF900023F002032374A76004F1180003F056FAAB
:10AFA0002046C4F8B870666101F026FE4946404666
:10AFB000BDE8F8430DF011B82B6940463360EB69EA
:10AFC0002E61013BEB6103F089F840B907494FF46A
:10AFD0009972074805F07FFC4FF499719EE789F359
:10AFE0001188BFF36F8FBDE8F88300BFE5E40B0065
:10AFF000CFD80B00EA5D0C000F5E0C0008B50C4BBF
:10B000009B6893F90E30002B09DB2024EFF31183AA
:10B0100084F31288BFF36F8F07F0D4F8F6E7054981
:10B0200005481C2205F057FC1C21024805F04AFC8B
:10B03000C05D02203A5E0C00CFD80B0008B58368D3
:10B0400043B90B490B48A42205F045FCA42108484C
:10B0500005F038FCD0E9003213605A600023027C0E
:10B06000C0E9003322F002020274836008BD00BF11
:10B070000F5E0C00CFD80B002DE9F74F0446884631
:10B0800092461F469DF83090EFF3058353B152EA84
:10B09000070307D059499922594805F01CFC99210A
:10B0A000564814E004F10805EFF311864FF0200B29
:10B0B0008BF31288BFF36F8F284603F001F840B975
:10B0C000504984224E4805F006FC84214D4805F085
:10B0D000F9FB284603F018F8626A23699A4272D293
:10B0E000EFF311838BF31288BFF36F8F83F3118813
:10B0F000BFF36F8F3BB944494148BB2205F0EBFBDE
:10B10000BB214148E3E72768BC4218D0BFB13846AD
:10B11000FFF794FF07F1180003F098F94146E26841
:10B1200078690DF07CF800233846C7F8B83001F094
:10B1300063FD314628460CF050FF002452E0206A9F
:10B140006769B84207D3A3695A1E904203D8E268E0
:10B15000191A914206D22949B422294805F0BBFBAD
:10B16000B4219DE7B9F1000F23D041460DF057F807
:10B17000236AE2681344A2692362934201D163699E
:10B180002362636A04F1280001336362102103F033
:10B190002DFC04460028CCD1284602F09FFF40BB7E
:10B1A00018494FF49972164805F095FB4FF49971C0
:10B1B0008CE7E1698F4218BF0B46981A4146E0615F
:10B1C0000DF02DF8DDE75AEA07030FD00F4B2246AA
:10B1D0009B683146C3F814802846CDE900A701F0EA
:10B1E000CFFE0446204603B0BDE8F08F6FF0220486
:10B1F000D2E786F31188BFF36F8FF3E75B5E0C0035
:10B20000CFD80B00E5E40B000F5E0C00C05D022000
:10B2100038B5A2FB035454B902FB03F54D190FD303
:10B2200010492F22104805F056FB2F2105E00D494B
:10B230002E220D4805F04FFB2E210A4805F042FB57
:10B24000C0E9032300F12803C0E90515C0E907118F
:10B25000C0E90000C0E90A33446280F830408460ED
:10B2600038BD00BF5B5E0C00CFD80B002DE9F74363
:10B270000446884617461D46EFF3058363B152EA3C
:10B28000050309D057494FF49772574805F023FB3F
:10B290004FF49771534813E004F10806EFF3118956
:10B2A000202383F31288BFF36F8F304602F008FF2C
:10B2B00040B94E4984224C4805F00DFB84214B488F
:10B2C00005F000FB304602F01FFF636A002B63D0DD
:10B2D000E2684046E1690CF0A2FFE369E2681344CA
:10B2E000A269E361934204BF6369E361636A013B5E
:10B2F0006362EFF31183202282F31288BFF36F8F12
:10B3000083F31188BFF36F8F3BB939493648BB22AD
:10B3100005F0E1FABB213648D2E72568AC424BD0B4
:10B32000002D4AD02846FFF789FE05F1180003F0EA
:10B330008DF8206A6369984207D3A3695A1E904228
:10B3400003D8E2681B1A934208D226494FF4A4722C
:10B35000254805F0C0FA4FF4A4719BE769690CF029
:10B360005EFF236AE26828461344A269236293427F
:10B3700004BF63692362636A013363620024C5F812
:10B38000B84001F039FC494630460CF026FE25460F
:10B39000284603B0BDE8F08357EA05031AD0154BE1
:10B3A00022469B684946C3F814803046CDE90075B3
:10B3B00001F0E6FD0546EBE70025304602F08EFE83
:10B3C00058B90A494FF49972074805F084FA4FF4C6
:10B3D000997174E76FF02205EFE789F31188BFF3E5
:10B3E0006F8FD5E75B5E0C00CFD80B00E5E40B0058
:10B3F0000F5E0C00C05D02202DE9F34104461746A4
:10B400001E46EFF3058545B14D494E48732205F0C0
:10B4100062FA73214A4805F055FAEFF311882023A8
:10B4200083F31288BFF36F8F474802F049FE38B9A3
:10B4300046498422434805F04EFA84214348EAE70E
:10B44000414802F061FE424BE2689B6892B1A068FD
:10B45000984222D057EA060227D13B4802F03EFE2E
:10B4600090B188F31188BFF36F8F6FF00F0002B0B7
:10B47000BDE8F08193F90E100132C4E9023232487E
:10B48000216102F02BFE50B930494FF499722D48DA
:10B4900005F021FA4FF49971D0E72169ECE788F3C0
:10B4A0001188BFF36F8F0020E1E793F90E1090F938
:10B4B0000E30994205DA9942A8BF19460CF071FC8A
:10B4C000054622464146CDE900761F4801F058FD69
:10B4D0000028E8D0EFF31186202383F31288BFF30E
:10B4E0006F8F194802F0ECFD0028A1D0164802F039
:10B4F0000BFEA068C0B1236821699C420AD04BB101
:10B5000093F90E309942A8BF19466FF07F03994214
:10B51000B8BF19460CF045FC30B131460A480CF072
:10B520005CFD6FF00A00A2E7002DF6D1064802F09C
:10B53000D5FD0028A8D086F31188BFF36F8FF0E700
:10B540007D5E0C00CFD80B00E45D0220E5E40B002B
:10B55000C05D0220F8B50546EFF3058343B14B49C2
:10B56000EA224B4805F0B7F9EA21484805F0AAF964
:10B570008368002B00F08480464A9268934240F032
:10B580008280C36843B941494FF48172404805F055
:10B59000A2F94FF48171E8E7012B03D0013BC360AE
:10B5A0000020F8BDEFF31187202484F31288BFF345
:10B5B0006F8F394802F084FD38B938498422344805
:10B5C00005F089F984213548D0E7334802F09CFD25
:10B5D0002969A8680CF0E5FBEFF3118384F3128866
:10B5E000BFF36F8F83F31188BFF36F8F3BB92C4983
:10B5F000BB22274805F06FF9BB212948B6E72C6824
:10B60000AC420FD100232448C5E9023302F066FDA5
:10B6100088BB22494FF499721D4805F05CF94FF43C
:10B620009971D0E7002CEDD0A36833B91C49A4224E
:10B63000174805F050F9A421DFE70026D4E90032CD
:10B6400013605A60237CC4E9006623F0020323746C
:10B65000A66004F1180002F0F9FEAC6094F90E3017
:10B6600020462B61C4F8B86001F0C6FA39460A4892
:10B670000CF0B3FC94E787F31188BFF36F8F8FE76B
:10B680006FF015008DE74FF0FF308AE77D5E0C000C
:10B69000CFD80B00C05D0220E45D0220E5E40B0082
:10B6A0000F5E0C0008B5836843B90B490B48A42210
:10B6B00005F011F9A421084805F004F9D0E9003299
:10B6C00013605A600023027CC0E9003322F00202BA
:10B6D0000274836008BD00BF0F5E0C00CFD80B0062
:10B6E0002DE9F04704460F4691469A469DF8208082
:10B6F00000F10805EFF31186202383F31288BFF3CE
:10B700006F8F284602F0DCFC38B94A4984224A4847
:10B7100005F0E1F88421474819E0284602F0F4FCDE
:10B72000B8F1000F00D06768EFF31183202282F395
:10B730001288BFF36F8F83F31188BFF36F8F43B904
:10B740003E493D48BB2205F0C6F8BB213B4805F009
:10B75000B9F8234653F80C8F984519D0B8F1000F6B
:10B7600016D04046FFF79EFF08F1180002F06EFE6B
:10B7700000234046C8F8B830C8F8149001F03CFAED
:10B78000314628460CF029FC00242046BDE8F0870D
:10B79000BAF1000F14D0082003F01AFB002841D0A2
:10B7A0000122C0F804900260016801F003015FB952
:10B7B00022680A430260626820606AB960600BE038
:10B7C0004846C9F800A0EFE73A68032A1FD801608D
:10B7D0006168B1B9C4E9000004F11400042103F068
:10B7E00005F904460028CBD1284602F077FCE0B9E1
:10B7F00010494FF49972104805F06DF84FF49971A3
:10B8000089E70A6802F0030202430A60D6E722F0E1
:10B8100003020A4302603A6802F0030240EA0203AC
:10B820003B60D9E76FF00B04DEE786F31188BFF3C6
:10B830006F8FAAE7E5E40B00CFD80B000F5E0C007A
:10B840002DE9F743054690461F4600F10806EFF341
:10B850001189202383F31288BFF36F8F304602F0E3
:10B860002FFC40B920498422204805F034F8842177
:10B870001D4805F027F8304602F046FC2C68D4B18C
:10B8800023686A6823F00303944220464FF00101C5
:10B890002B6008BF6B600CF093FA0446304602F050
:10B8A0001DFCC0B910494FF49972104805F013F807
:10B8B0004FF49971DCE758EA0703EFD04946304668
:10B8C000CDE9008705F10C0201F05AFB38B9084BAD
:10B8D0009B685C6903E089F31188BFF36F8F204692
:10B8E00003B0BDE8F08300BFE5E40B00CFD80B0048
:10B8F000C05D022008B5836843B90B490B48A422F8
:10B9000004F0E9FFA421084804F0DCFFD0E900328C
:10B9100013605A600023027CC0E9003322F0020267
:10B920000274836008BD00BF0F5E0C00CFD80B000F
:10B9300070B50446EFF31186202585F31288BFF316
:10B940006F8F2C4802F0BCFB38B92B4984222B485E
:10B9500004F0C1FF8421284814E0264802F0D4FBFB
:10B96000EFF3118385F31288BFF36F8F83F3118890
:10B97000BFF36F8F43B922492048BB2204F0ABFFCD
:10B98000BB211F4804F09EFF2568AC4213D095B13F
:10B990002846FFF7AFFF05F1180002F057FD00231E
:10B9A0002846C5F8B83001F027F93146BDE87040A7
:10B9B00010480CF012BBD4E902329A4218BF01338E
:10B9C0000221A36004F1100003F010F80028ECD16C
:10B9D000084802F083FB40B907494FF499720748C1
:10B9E00004F079FF4FF49971B5E786F31188BFF33E
:10B9F0006F8F70BDE85D0220E5E40B00CFD80B002F
:10BA00000F5E0C00F7B5044616461D46EFF305839E
:10BA10005BB152EA050308D026492748882204F082
:10BA20005AFF8821234804F04DFFEFF311872023AC
:10BA300083F31288BFF36F8F204802F041FB38B9BF
:10BA40001F4984221C4804F046FF84211C48EAE771
:10BA50001A4802F059FBA368ABB1013B1748A36039
:10BA600002F03CFB40B916494FF49972124804F0B9
:10BA700032FF4FF49971E9E787F31188BFF36F8FB5
:10BA8000002003B0F0BD56EA05030BD10B4802F0CD
:10BA900025FB0028E7D087F31188BFF36F8F6FF085
:10BAA0000F00EEE722463946CDE90065034801F074
:10BAB00067FAE6E79F5E0C00CFD80B00E85D022036
:10BAC000E5E40B002DE9F8430446EFF31188202745
:10BAD00087F31288BFF36F8F2E4802F0F1FA064603
:10BAE00038B92D4984222D4804F0F5FE84212A48D6
:10BAF00016E0284802F008FB4FF00009EFF311832D
:10BB000087F31288BFF36F8F83F31188BFF36F8FB2
:10BB100043B923492148BB2204F0DDFEBB21204864
:10BB200004F0D0FE2568AC4210D07DB12846FFF766
:10BB3000E1FE05F1180002F089FC6FF00A032846C7
:10BB4000C5F8B83001F058F8B146D7E70023022114
:10BB5000A36004F1100002F049FF78B9B9F1000FB9
:10BB60000CD10C4802F0BAFA70B90B494FF4997233
:10BB70000A4804F0B0FE4FF49971B8E74146BDE8B9
:10BB8000F84304480CF029BA88F31188BFF36F8F8B
:10BB9000BDE8F883E85D0220E5E40B00CFD80B0098
:10BBA0000F5E0C002DE9FF410446734EEFF3118741
:10BBB000202383F31288BFF36F8F704802F080FA5E
:10BBC00040B96F4984226F4804F085FE84216C4897
:10BBD00004F078FE694802F097FAD4F8C450F5B939
:10BBE000022104F1DC000CF029F900283BD004F11B
:10BBF000D40500220121284601F0DCFE0028F8D1FE
:10BC000000234FF0FF3202934FF0FF333946CDE966
:10BC100000235A4804F1CC0201F018FFC6E7D4F81B
:10BC2000C8202B68954208BFC4F8C830C4F8C43097
:10BC3000D4F8DC30514843F00203C4F8DC30EB6840
:10BC4000D5F8048023F0040343F00103EB6002F015
:10BC500045FAD0B94A494FF499724A4804F03BFE7C
:10BC60004FF49971B3E7D4F8DC30DD06C8D5C4F8D9
:10BC7000DC00424802F032FA0028EBD087F311884A
:10BC8000BFF36F8F04B0BDE8F08187F31188BFF375
:10BC90006F8FB8F1000F09D13B493A4840F2F322C7
:10BCA00004F019FE40F2F321374891E72846C047D7
:10BCB000EFF31187202383F31288BFF36F8F2F4890
:10BCC00002F0FEF900283FF47CAF2C4802F01CFA89
:10BCD000EB68D90623F0010236D4EA60EB689A07D4
:10BCE00016D5306823F00203EB6088B100220368A8
:10BCF00070B141688D4235D103686ABB72683360A8
:10BD0000904200D17360002340F8083BFFF710FE1B
:10BD1000D4F8DC3023F00203C4F8DC30DB0529D48E
:10BD2000D4F8C450003D18BF0125144802F0D6F9DC
:10BD300000288FD087F31188BFF36F8F002D3FF459
:10BD400035AF01F0CFFB31E723F01103EB6005F1D4
:10BD50001000FFF7EDFDC1E713607368984208BF5C
:10BD60007260D0E702461BB1196818460B46BFE760
:10BD70001946FAE70025D8E7EC5D0220F45D0220C1
:10BD8000E5E40B00CFD80B00BF5E0C0070B5C368B4
:10BD90000546C3F340069B070C460DD50122002142
:10BDA00004F108000CF03AF800232360054B6560AD
:10BDB0005A681AB9C3E90044304670BD14605C602B
:10BDC000FAE700BFEC5D0220F8B5C36804469A07A5
:10BDD0000E46C3F340054ED45F074ED40B680BB933
:10BDE00083680B60E368D80735D5A36853B9244945
:10BDF000244840F2571204F06EFD40F257112048DB
:10BE000004F060FD02253360376867B31E4B9A6803
:10BE1000D7F8C0309A4220D10CF074F880F00100BD
:10BE2000C0B2D7F8DC30D907C3F380021ED502B305
:10BE300008B300232360D7F8C83083B9C7E9314479
:10BE400038460CF015F8E36843F00403E360336808
:10BE5000A3602846F8BD0125D6E70020E1E71C6075
:10BE6000C7F8C840ECE76FF0150506E06FF0120563
:10BE700003E01B07DDD56FF00F0500233360E8E713
:10BE8000BF5E0C00CFD80B00C05D022073B5044626
:10BE9000EFF31185202383F31288BFF36F8F1D48C2
:10BEA00002F00EF940B91C4984221C4804F013FD2D
:10BEB0008421194804F006FD164802F025F90023F4
:10BEC0000193D4E90423B3F1004F08BF012A0CD039
:10BED000104802F003F9B8B90F494FF499720F48AE
:10BEE00004F0F9FC4FF49971E3E70321201FA4F15A
:10BEF00010060BF0A3FF0028EAD0A369304601A981
:10BF00000193FFF761FFE3E785F31188BFF36F8FBC
:10BF100002B070BDF45D0220E5E40B00CFD80B0049
:10BF200038B50D46044640B90B499C220B4804F035
:10BF3000D2FC9C21084804F0C5FC31B906499D2279
:10BF4000064804F0C8FC9D21F4E7102200210CF003
:10BF50008CF9656038BD00BFBF5E0C00CFD80B0008
:10BF600037B50C46019051B9224940F27D12224862
:10BF700004F0B1FC40F27D111E4804F0A3FC4B68B4
:10BF800043B91C494FF4BF721B4804F0A4FC4FF4A2
:10BF9000BF71F1E7EFF31185202383F31288BFF31C
:10BFA0006F8F164802F08CF838B915498422124870
:10BFB00004F091FC84211248DFE7104802F0A4F855
:10BFC000204601A9FFF700FF04460C4802F086F85E
:10BFD00040B90B494FF49972074804F07CFC4FF4C8
:10BFE0009971E8E785F31188BFF36F8F204603B09E
:10BFF00030BD00BFBF5E0C00CFD80B00F45D022047
:10C00000E5E40B00014601480BF06CBF985102209B
:10C0100038B5044650B9224940F22B22214804F099
:10C020005AFC40F22B211E4804F04CFCC368DB058F
:10C0300008D51B494FF40B721A4804F04CFC4FF41E
:10C040000B71F0E7EFF31185202383F31288BFF320
:10C050006F8F154802F034F838B91449842211481A
:10C0600004F039FC84211148DEE70F4802F04CF857
:10C0700020460BF004FF04460B4802F02FF840B9AD
:10C080000A494FF49972074804F025FC4FF499715E
:10C09000E9E785F31188BFF36F8F204638BD00BFF5
:10C0A000BF5E0C00CFD80B00F45D0220E5E40B006E
:10C0B0002DE9F0410E46054650B9384940F23D227F
:10C0C000374804F008FC40F23D21344804F0FAFB04
:10C0D00041B9324940F23E22314804F0FCFB40F2C3
:10C0E0003E21F2E7C368DB0508D52C4940F23F2228
:10C0F0002B4804F0F0FB40F23F21E6E70BF002FF93
:10C10000044640B125494FF41072254804F0E3FB82
:10C110004FF41071D9E7EFF31188202383F31288CD
:10C12000BFF36F8F1F4801F0CBFF38B91E4984223F
:10C130001B4804F0D0FB84211B48C7E7194801F0D5
:10C14000E3FFEB6803F01F03002B14BF0127002758
:10C1500007D028460BF093FE31462846FFF716FE1F
:10C160000446104801F0BAFF40B90F494FF49972E4
:10C170000B4804F0B0FB4FF49971DDE788F31188A8
:10C18000BFF36F8F3CB14FF0FF324FF0FF3306F13A
:10C190000800FFF737FC3846BDE8F081BF5E0C00B1
:10C1A000CFD80B00F45D0220E5E40B0008B550B9D0
:10C1B0000749084840F2263204F08DFB40F2263150
:10C1C000034804F07FFBE02200210CF04EF808BD8C
:10C1D000BF5E0C00CFD80B00F0B589B004460E9DB1
:10C1E00050B92D4940F253322C4804F074FB40F210
:10C1F0005331294804F066FB41B927494FF4557281
:10C20000264804F068FB4FF45571F2E7D0F8DC00E3
:10C2100010F0010008D0204940F255321F4804F0C8
:10C220005AFB40F25531E4E7C4E9310004F1CC0097
:10C23000C4E9330004F1D400C4E9350055B32879CA
:10C24000002840F2011008BF0120C4F8DC000020E3
:10C250004FF0FF364FF0FF37CDE90330CDE9010055
:10C26000CDE9066720460E4B009400F013FB55B154
:10C27000296811B1204600F01BFA6B791BB1A38924
:10C2800043F00103A381204601F03EFAC4F8C04008
:10C2900009B0F0BD0120D8E7BF5E0C00CFD80B007D
:10C2A000A5BB0A0038B50D46044650B90E4940F208
:10C2B0000F420E4804F00FFB40F20F410A4804F011
:10C2C00001FB41B908494FF48262084804F003FBBE
:10C2D0004FF48261F2E7302200210BF0C6FF4FF4E9
:10C2E00080736560E36038BDBF5E0C00CFD80B0083
:10C2F00038B5044650B91B491B484FF4846204F01A
:10C30000EAFA4FF48461174804F0DCFAEFF3118580
:10C31000202383F31288BFF36F8F144801F0D0FEFF
:10C3200038B913498422104804F0D5FA8421104802
:10C33000EAE70E4801F0E8FEE4680C4804F01F0448
:10C3400001F0CCFE40B90A494FF49972064804F056
:10C35000C2FA4FF49971EAE785F31188BFF36F8F42
:10C36000204638BDBF5E0C00CFD80B00F45D022024
:10C37000E5E40B00F7B50C4616461D46019050B992
:10C380002D4940F286422D4804F0A5FA40F286413C
:10C39000294804F097FA41B9274940F287422748D3
:10C3A00004F099FA40F28741F2E7EFF31187202376
:10C3B00083F31288BFF36F8F214801F081FE38B9F3
:10C3C000204984221D4804F086FA84211D48E0E7B4
:10C3D0001B4801F099FEE36813F01E0F22D155EAC5
:10C3E000060211D1204601A9FFF7EEFC04461448CD
:10C3F00001F074FEC0B913494FF499720F4804F06C
:10C400006AFA4FF49971E1E743F00803E360019B96
:10C4100004F11000A36232462B460B4901F054FF91
:10C420000124E4E70024E2E787F31188BFF36F8F6C
:10C43000204603B0F0BD00BFBF5E0C00CFD80B009C
:10C44000F45D0220E5E40B008DBE0A0001460148C0
:10C45000FFF790BF98510220F7B50C4616461D46CF
:10C46000019050B92C4940F2A9422C4804F033FA0B
:10C4700040F2A941284804F025FA41B9264940F282
:10C48000AA42264804F027FA40F2AA41F2E7EFF365
:10C490001187202383F31288BFF36F8F204801F0A8
:10C4A0000FFE38B91F4984221C4804F014FA842175
:10C4B0001C48E0E71A4801F027FE20460BF0C9FCB3
:10C4C00055EA060311D1204601A9FFF77DFC044679
:10C4D000134801F003FEB8B912494FF499720F489E
:10C4E00004F0F9F94FF49971E2E7E36804F1100000
:10C4F00043F00803E360019B3246A3620A492B46DE
:10C5000001F0E2FE0124E3E787F31188BFF36F8FA8
:10C51000204603B0F0BD00BFBF5E0C00CFD80B00BB
:10C52000F45D0220E5E40B008DBE0A0001460148DF
:10C53000FFF792BF9851022038B5044650B91D4903
:10C540001D4840F2CB4204F0C6F940F2CB411948F5
:10C5500004F0B8F9EFF31185202383F31288BFF3B9
:10C560006F8F164801F0ACFD38B915498422124886
:10C5700004F0B1F984211248EAE7104801F0C4FD43
:10C5800020460BF066FC20460BF079FC04460B4875
:10C5900001F0A4FD40B90A494FF49972064804F02D
:10C5A0009AF94FF49971E6E785F31188BFF36F8F1D
:10C5B000204638BDBF5E0C00CFD80B00F45D0220D2
:10C5C000E5E40B002DE9F0410E46054650B934492B
:10C5D00040F2DC42334804F07EF940F2DC4130485E
:10C5E00004F070F941B92E4940F2DD422D4804F0C3
:10C5F00072F940F2DD41F2E70BF084FC044640B1F1
:10C60000274940F2DE42274804F065F940F2DE4156
:10C61000E5E7EFF31188202383F31288BFF36F8FD0
:10C62000214801F04DFD38B9204984221D4804F00D
:10C6300052F984211D48D3E71B4801F065FDEB68E2
:10C6400003F01F03002B14BF012700270AD0284640
:10C650000BF0FFFB28460BF012FC31462846FFF793
:10C6600095FB0446104801F039FD40B90F494FF4DD
:10C6700099720C4804F02FF94FF49971DAE788F3B6
:10C680001188BFF36F8F3CB14FF0FF324FF0FF3393
:10C6900006F10800FFF7B6F93846BDE8F08100BFA3
:10C6A000BF5E0C00CFD80B00F45D0220E5E40B0068
:10C6B00010B5044608B9054B9C681F2204F18000A0
:10C6C0000BF025FE002084F89F0010BDC05D022005
:10C6D0002DE9F0470C4681B37AB3002590F810900D
:10C6E000174F561E6019B9F1000F04D104F80590D8
:10C6F0002046BDE8F087B7F804A019EA0A0F1AD05F
:10C70000FB88A6EB0508984528BF9846396842463D
:10C710000BF085FD39EA0A0945440CD0A6EB050863
:10C72000B8F1010F28BF4FF00108601942460549D2
:10C730000BF075FD45440837D4E7034CD8E700BF3C
:10C740006CD60B00E05E0C00EEEB0B002DE9F04F19
:10C7500085B00F46119904460F299946DDF838B087
:10C76000DDF84C804BD1454883424CD104F1580050
:10C77000C4E9160012980026A0810420073222F096
:10C78000070A52462074A17307EB0A05AA2138460E
:10C79000C4E90666A660E6730BF067FD29462046ED
:10C7A000EAF798FB109B073020F00700C4F8A800B8
:10C7B000C4E9287A02930F9B2D1ACDE900B32A46CB
:10C7C0004B4639462046EAF795FF0F9BC4E91B9B71
:10C7D0006367109B6665A367EFF31189202383F3DA
:10C7E0001288BFF36F8F264801F06AFCB0B9254963
:10C7F0008422254804F06FF8842122480CE001F1DE
:10C8000010001E28B2D921491F4840F24B2204F0E3
:10C8100062F840F24B211D4804F054F81C4F1848B0
:10C8200001F072FC3B6A1648E3673C6201F056FC7B
:10C8300040B914494FF49972134804F04CF84FF47E
:10C840009971DAE789F31188BFF36F8FB8F1000FA0
:10C8500011D01F22414604F180000BF058FD84F8EE
:10C860009F60BB680BB1D3F8AC302846C4F8AC303D
:10C8700005B0BDE8F08F84F88080F2E7FDAF0A00D4
:10C88000045E0220E5E40B00CFD80B00E25E0C0052
:10C89000C05D0220F0B587B00446DDE91276EFF303
:10C8A000058555B11749184840F2173204F013F8BE
:10C8B00040F21731134804F005F80595109D0495D2
:10C8C0000F9D03950E9D02950D9D01950C9D009564
:10C8D000FFF73CFFB6F1FF3F08BFB7F1FF3F05D0C0
:10C8E00056EA070305D1204600F00EFF204607B0A8
:10C8F000F0BD3A46334604F11800044901F0E4FC67
:10C90000F4E700BFE25E0C00CFD80B0015CF0A00A1
:10C91000012310B50374838100230446C0E9283342
:10C9200002F050FA014B9C6010BD00BFC05D0220B8
:10C9300070B590F91020037C002A44DBD90642D15F
:10C9400063F07F030374244B984208D123492448A1
:10C95000522203F0C0FF5221204803F0B3FF214CC4
:10C96000224652F8183FE169934207D1C0E90021FD
:10C970000860E0610FE08B42F8D01B68002BF5D017
:10C9800093F90E6090F90E50AE42F4DD5968C0E99B
:10C99000003108605860A569954200D005B9E56886
:10C9A000A3683BB910490E48EA2203F094FFEA213C
:10C9B0000D48D2E71A7CD20606D1DA897F2A03D93C
:10C9C000AA690AB9636170BDAB4202D0284601F082
:10C9D00003FB6561F7E700BF384F02202F5F0C00B3
:10C9E000CFD80B00C05D0220515F0C0038B590F924
:10C9F00010200146002A037C19DA1F4A03F07F0346
:10CA00009042037408D11D495A221D4803F063FF68
:10CA10005A211A4803F056FFDC0706D517495B2256
:10CA2000174803F058FF5B21F3E70BF08AFA154D26
:10CA30002A4652F8184FAB68944200D004B9EC680B
:10CA40008B4210D03BB910490D48EA2203F043FF56
:10CA5000EA210D48DEE71A7CD20604D1DA897F2A62
:10CA600001D9A2692AB1A34202D0204601F0B4FA4A
:10CA700023466B6138BD00BF384F02202F5F0C008A
:10CA8000CFD80B00C05D0220515F0C0008B5124AE0
:10CA9000936860B1197C11F0090F08D10F49104853
:10CAA000D92203F018FFD9210C4803F00BFF6FF0D7
:10CAB0000A01C3F8B8100B49C3F8B4004B6843F03F
:10CAC00080534B60002383F31188BFF36F8F93680B
:10CAD000D3F8B80008BD00BFC05D02207D5F0C0028
:10CAE000CFD80B0000ED00E038B503460C46D1B9B5
:10CAF000EFF30585BDB9154A51699268914212D08C
:10CB000001F0ECFA50B9124940F26D12114803F0ED
:10CB1000E2FE40F26D110E4803F0D4FE2846BDE857
:10CB20003840FFF7B3BF184601F0D8FA40B90849BA
:10CB30004FF49972074803F0CEFE4FF49971EAE77B
:10CB400084F31188BFF36F8F38BD00BFC05D022032
:10CB5000E5E40B00CFD80B0008B5836843B9094959
:10CB60000948A42203F0B7FEA421064803F0AAFE58
:10CB70000BF0E7F9037C23F00203037400238360C6
:10CB800008BD00BF0F5E0C00CFD80B0038B5184CA5
:10CB9000A168E0690B68814214BF1A460022496807
:10CBA0000B605960A368E1692AB9124AC3E9002100
:10CBB0000B60E3610AE092F90E5093F90E00854292
:10CBC00012DD5168C3E900210B605360A569094B70
:10CBD0009D4200D005B9E568A3689D4202D0284671
:10CBE00001F0FAF9656138BD8A42DED01268DBE7F0
:10CBF000C05D0220D85D022038B50446EFF31185F0
:10CC0000202383F31288BFF36F8F124801F058FA84
:10CC100040B911498422114803F05DFE84210E4879
:10CC200003F050FE0B4801F06FFA2046FFF780FE3C
:10CC3000084801F053FA40B907494FF49972074880
:10CC400003F049FE4FF49971E9E785F31188BFF3CA
:10CC50006F8F38BDF85D0220E5E40B00CFD80B00E4
:10CC6000F8B56A4D0446AE68864257D1EFF30583A6
:10CC7000002B53D1EFF31187202383F31288BFF3E6
:10CC80006F8F634801F01CFA38B962498422624808
:10CC900003F021FE84215F4812E05D4801F034FA80
:10CCA000337C5E4A03F07F0343F0100396423374F3
:10CCB00008D15B495A22584803F00DFE5A215848C2
:10CCC00003F000FED80706D555495B22524803F011
:10CCD00002FE5B21F3E730460BF033F92B4653F8A5
:10CCE000184F9C4200D004B9EC68AB689C4202D05B
:10CCF000204601F071F946486C6101F0EFF940B946
:10CD0000444940F26D12444803F0E5FD40F26D11D4
:10CD1000C1E73846BDE8F840FFF7B8BEEFF311862B
:10CD2000202383F31288BFF36F8F394801F0C8F9CD
:10CD30000028AAD0364801F0E7F9237CD9060DD5A2
:10CD4000334801F0CBF900285BD132494FF4997296
:10CD5000314803F0C0FD4FF499719CE7D90943F0C5
:10CD600010023ED12274AF692E4B9F4200D007B90A
:10CD7000EF68AB68BB4202D0384601F02DF9AB68D2
:10CD80006F619C42DCD1EFF30585002DD8D1A389DA
:10CD9000DB071FD51E4801F0A1F90028D5D086F386
:10CDA0001188BFF36F8F85F31188BFF36F8F042352
:10CDB000184602DFEFF31186202383F31288BFF3B6
:10CDC0006F8F134801F07CF900283FF45EAF1048E4
:10CDD00001F09AF90E4801F081F9002890D0304610
:10CDE00098E70E4A03F07F0343F010039442237444
:10CDF0003FF45FAFDA073FF567AF20460BF0A1F8CD
:10CE0000B1E786F31188BFF36F8FF8BDC05D0220D4
:10CE1000F85D0220E5E40B00CFD80B00384F02206C
:10CE20002F5F0C00D85D022038B50446EFF3118562
:10CE3000202383F31288BFF36F8F184801F040F965
:10CE400040B917498422174803F045FD842114484E
:10CE500003F038FD114801F057F9237CDA0611D4AC
:10CE60000E4801F03BF940B90D494FF499720D4855
:10CE700003F031FD4FF49971E9E785F31188BFF3B1
:10CE80006F8F38BD23F0100320462374FFF750FD49
:10CE90002946BDE838400148FFF726BEF85D02206C
:10CEA000E5E40B00CFD80B0038B50446EFF311854D
:10CEB000202383F31288BFF36F8F134801F000F92A
:10CEC00040B912498422124803F005FD84210F481D
:10CED00003F0F8FC0C4801F017F9A36813B12046E1
:10CEE000FFF73AFE084801F0F9F840B907494FF456
:10CEF0009972074803F0EFFC4FF49971E7E785F367
:10CF00001188BFF36F8F38BDF85D0220E5E40B0098
:10CF1000CFD80B0038B5A0F11804EFF3118520230A
:10CF200083F31288BFF36F8F124801F0C9F840B93C
:10CF300011498422114803F0CEFC84210E4803F0ED
:10CF4000C1FC0C4801F0E0F820460BF028F8094835
:10CF500001F0C4F840B908494FF49972074803F04A
:10CF6000BAFC4FF49971E9E785F31188BFF36F8F2D
:10CF700038BD00BFF85D0220E5E40B00CFD80B0000
:10CF80002DE9F047DFF8B0A02C4F1646DDE90898F0
:10CF9000DAF808202A4BB84204460D461A600AD136
:10CFA0002849294840F2B92203F095FC40F2B92102
:10CFB000244803F087FCEFF31183202383F31288C6
:10CFC000BFF36F8F384601F07BF838B91F498422D0
:10CFD0001D4803F080FC84211C48EAE7384601F034
:10CFE00093F8DAF80870314638460AF0B2FFB8F123
:10CFF000FF3F08BFB9F1FF3F06D04A4643461449F8
:10D0000007F1180001F060F9204601F067F840B917
:10D010000E4940F26D120C4803F05DFC40F26D11B8
:10D02000DAE7064801F05AF80028F1D02846BDE8B2
:10D03000F047FFF72BBD00BFC05D0220F85D022066
:10D04000FC5D02202F5F0C00CFD80B00E5E40B0045
:10D0500015CF0A0070B50546EFF31186202383F340
:10D060001288BFF36F8F164801F02AF840B91549AE
:10D070008422154803F02FFC8421124803F022FC7F
:10D080000F4801F041F82C68A54210D014B1204699
:10D09000FFF762FD0A4801F021F850B909494FF441
:10D0A0009972094803F017FC4FF49971E5E70024E1
:10D0B000F0E786F31188BFF36F8F204670BD00BF85
:10D0C000F85D0220E5E40B00CFD80B002DE9F0411C
:10D0D00004460D46EFF31187202383F31288BFF334
:10D0E0006F8F534800F0ECFF38B952498422524800
:10D0F00003F0F1FB84214F4817E04D4801F004F89C
:10D10000237C03F01F02002A0CBF012600265BD1FE
:10D1100003F07F032374494B9C4208D148495A22AB
:10D12000454803F0D8FB5A21454803F0CBFB204685
:10D130000AF007FF237C6DB243F08003DA07A57382
:10D14000237406D53E4953223B4803F0C4FB5321C8
:10D15000EAE7DFF8F080424652F8183FD8F81C1092
:10D16000934208D1C4E900210C60C8F81C400DE0CE
:10D170008B42F7D01B68002BF4D093F90E00A84225
:10D18000F6DD5968C4E900310C605C60D8F81840DD
:10D19000944200D00CB9D8F80C40D8F808309C4222
:10D1A00002D0204600F018FFC8F81440204800F0D4
:10D1B00095FF002834D11F494FF499721E4803F09F
:10D1C0008AFB4FF4997196E79B0727D5A16839B977
:10D1D0001D491948A42203F07EFBA4211A48A4E7A4
:10D1E00020466DB20AF0ADFEA5730B68994209D1D5
:10D1F0004B68C4E900131C604C60D7E74A6893424F
:10D20000F6D01B68002BF3D093F90E20AA42F5DD6F
:10D210005A68C4E9003214605C60C7E7A573C5E7CB
:10D2200087F31188BFF36F8F3046BDE8F08100BFF0
:10D23000F85D0220E5E40B00CFD80B00384F022048
:10D240002F5F0C00C05D02200F5E0C00034648B942
:10D25000EFF3058232B9064A51699268914201D0D2
:10D26000FFF714BC83F31188BFF36F8F704700BFC3
:10D27000C05D022010B5EFF31184202383F31288E0
:10D28000BFF36F8F1F4800F01BFF38B91E4984227F
:10D290001E4803F020FB84211B480EE0194800F0D3
:10D2A00033FFEFF3058353B1194940F23B3217487E
:10D2B00003F011FB40F23B31154803F003FB154B23
:10D2C0009A68D37B012B08D111494FF44F720F4854
:10D2D00003F001FB4FF44F71EEE7013BD3730948B4
:10D2E00000F0FCFE40B908494FF49972074803F07A
:10D2F000F2FA4FF49971CFE784F31188BFF36F8F7F
:10D3000010BD00BFF85D0220E5E40B00CFD80B0094
:10D310002F5F0C00C05D022070B5EFF31186202353
:10D3200083F31288BFF36F8F234800F0C9FE40B922
:10D3300022492348842203F0CEFA84211F4803F0B7
:10D34000C1FA204D1C4800F0DFFEAB68DA7B4AB919
:10D350001D4940F24D321A4803F0BDFA40F24D31FA
:10D360001948ECE7EFF3058141B1174940F24E321D
:10D37000134803F0B0FA40F24E31F1E70132DA73AC
:10D380002A4652F8184F944200D004B9EC681A7C2F
:10D39000D20604D1DA897F2A01D9A2692AB19C4236
:10D3A00002D0204600F018FE23466B613146BDE8EE
:10D3B00070400148FFF798BBF85D0220E5E40B00E0
:10D3C000CFD80B00C05D02202F5F0C0038B504469B
:10D3D000EFF31185202383F31288BFF36F8F134877
:10D3E00000F06EFE40B912498422124803F073FA2D
:10D3F00084210F4803F066FA0C4800F085FE2046B1
:10D400000AF0EDFD0446094800F068FE40B90849FD
:10D410004FF49972074803F05EFA4FF49971E8E708
:10D4200085F31188BFF36F8F204638BDF85D022069
:10D43000E5E40B00CFD80B00024B03F11802C3E95F
:10D4400006227047C05D022008B501F110031E2BB3
:10D450000AD90F490F4840F20D4203F03CFA40F25E
:10D460000D410B4803F02EFAFFF730FE70B10A4B66
:10D470009B68DB7B53B9EFF31180202383F3128881
:10D48000BFF36F8FBDE80840FFF7E0BE08BD00BFE7
:10D490002F5F0C00CFD80B00C05D022010B5EFF35A
:10D4A0001184202383F31288BFF36F8F84F31188D4
:10D4B000BFF36F8F084B1B780BB9002010BD0AF02B
:10D4C00021FD0028F9D1002CF7D1044B9868044BBA
:10D4D000C01A18BF0120F1E7EE790220C05D0220DA
:10D4E000384F022070B5EFF3058353B1314932480C
:10D4F0004FF4906203F0EFF94FF490612D4803F080
:10D50000E1F9EFF31186202383F31288BFF36F8FC5
:10D510002A4800F0D5FD38B929498422264803F06D
:10D52000DAF984212648EAE7264C244800F0ECFD8D
:10D53000A168E0690B68814214BF1A46002249685D
:10D540000B605960A368E1692AB91F4AC3E9002149
:10D550000B60E3610AE092F90E5093F90E008542E8
:10D560001EDD5168C3E900210B605360A569164BAD
:10D570009D4200D005B9E568A3689D4202D02846C7
:10D5800000F02AFD0D48656100F0A8FD60B90C4966
:10D5900040F26D12084803F09EF940F26D11C1E7A8
:10D5A0008A42D2D01268CFE73046BDE87040FFF71C
:10D5B0006DBA00BF2F5F0C00CFD80B00F85D0220C2
:10D5C000E5E40B00C05D0220D85D02202DE9F041AA
:10D5D00006460C46EFF3058757B12D492D484FF409
:10D5E000936203F078F94FF49361294803F06AF9E4
:10D5F00050EA010304D1FFF775FF0020BDE8F08178
:10D60000EFF31188202383F31288BFF36F8F224832
:10D6100000F056FD38B9214984221E4803F05BF919
:10D6200084211E48E2E71E4D1B4800F06DFDA868EE
:10D630001C4B1860FFF7DAF9A868234632461A49EE
:10D64000183000F041FEAA680446137C124843F0EB
:10D650000403137400F042FD40B9104940F26D120A
:10D660000C4803F038F940F26D11DAE74046FFF755
:10D670000DFAAB68D3E90A23B3F1004F08BFBA42F1
:10D68000BBD10AF0EDFC201A20EAE070B6E700BF3B
:10D690002F5F0C00CFD80B00F85D0220E5E40B00F3
:10D6A000C05D0220FC5D022015CF0A00F8B50746D8
:10D6B0000E46EFF3058454B11149124840F2C642B8
:10D6C00003F009F940F2C6410D4803F0FBF8FFF7FB
:10D6D0007DFFB6F1FF3F08BFB7F1FF3F05460CD015
:10D6E000214647F611204FF47A7447F612220023A0
:10D6F000E5FB0401E1F78AF8F8BD4FF0FF30FBE7E6
:10D700002F5F0C00CFD80B0038B50446EFF311851E
:10D71000202383F31288BFF36F8F1B4800F0D0FCE7
:10D7200040B91A4984221A4803F0D5F884211748D1
:10D7300003F0C8F8144800F0E7FC237C5B0710D521
:10D7400004F1180000F082FE237C204623F004033D
:10D750002374FFF7EDF82946BDE838400A48FFF783
:10D76000C3B9094800F0BAFC40B908494FF49972AE
:10D77000074803F0B0F84FF49971D8E785F31188A2
:10D78000BFF36F8F38BD00BFF85D0220E5E40B00EA
:10D79000CFD80B00014B9868704700BFC05D0220D6
:10D7A0002DE9F84304468789EFF31185202383F39D
:10D7B0001288BFF36F8F774800F082FC40B976493A
:10D7C0008422764803F087F88421734803F07AF8BE
:10D7D000704800F099FC237C180712D56D4800F0C2
:10D7E0007DFC40B96C494FF499726C4803F073F8B2
:10D7F0004FF49971E9E785F31188BFF36F8FBDE8A6
:10D80000F883D90943F0080240F081802274A368AC
:10D8100013B12046FFF7A0F904F1180000F016FE3E
:10D82000A66D04F15808B04511D04FF0000976B14B
:10D830003046FFF791F906F1180000F007FE304678
:10D84000C6F8B890FFF774F8A66DB045EFD1DFF8D1
:10D850005081D8F808309C4276D1EFF30589B9F1B0
:10D86000000918BF4FF00109D8F818604D4A9642D8
:10D8700000D00EB9D8F80C60B34202D0304600F0A8
:10D88000ABFB2046C8F8146004F092FC204600F080
:10D89000ABFCB9F1000F02D04348FFF739F8D8F8D4
:10D8A00008309C425FD1EFF30586002E5BD1A3893F
:10D8B000DA071FD5374800F011FC002892D085F315
:10D8C0001188BFF36F8F86F31188BFF36F8F042326
:10D8D000184602DFEFF31185202383F31288BFF38C
:10D8E0006F8F2C4800F0ECFB00283FF468AF29480C
:10D8F00000F00AFC274800F0F1FB40BB264940F24B
:10D900006D12264802F0E7FF40F26D115DE7274AED
:10D9100003F07F0343F008039442237407D12449A2
:10D920005A221E4802F0D7FF5A2121484EE7D90754
:10D9300006D51F495B22194802F0CDFF5B21F4E7B1
:10D9400020460AF0FEFA62E74FF000098CE728460D
:10D95000FFF79CF816494FF4EE72104802F0BBFF37
:10D960004FF4EE71E1E70B4800F0B8FB00283FF4FC
:10D9700039AF85F31188BFF36F8FFB077FF53FAF9A
:10D980000B4940F2A252054802F0A5FF40F2A25115
:10D99000CBE700BFF85D0220E5E40B00CFD80B0019
:10D9A000C05D0220D85D0220B8500220384F02200E
:10D9B0002F5F0C002DE9F843064688461746EFF323
:10D9C0001189202383F31288BFF36F8F1C4800F066
:10D9D00077FB054640B91B4984221B4802F07BFFB8
:10D9E0008421184802F06EFF154800F08DFB346862
:10D9F000A6421AD0DCB12046C4F8B8806761FFF7B0
:10DA0000ABF804F1180000F021FD2046FEF790FF6E
:10DA10000B4800F063FB60B90A494FF499720A4859
:10DA200002F059FF4FF49971DBE70025F0E7254636
:10DA3000EEE789F31188BFF36F8F2846BDE8F883BE
:10DA4000F85D0220E5E40B00CFD80B00D3B5DDE98B
:10DA50000667089CCDE90067FFF792FA1CB1034BFB
:10DA60009B685B69236002B0D0BD00BFC05D02202F
:10DA70002DE9F0470546884616461F46EFF3118903
:10DA8000202383F31288BFF36F8F234800F018FB25
:10DA900040B922498422224802F01DFF84211F48F8
:10DAA00002F010FF1C4800F02FFB2868854208D0C8
:10DAB00038B16B6898420CBF4FF0000AD0F800A054
:10DAC00088B9002416B139462046B047124800F004
:10DAD00005FBD0B911494FF49972114802F0FBFED1
:10DAE0004FF49971DBE73946C04704460028E9D175
:10DAF000BAF1000F07D06B68534501D0DAF8004047
:10DB00005046A246DCE75446FAE789F31188BFF392
:10DB10006F8F2046BDE8F087F85D0220E5E40B003A
:10DB2000CFD80B002DE9FF4105461746DDE90A2352
:10DB300002A80C460AF0BFFADDE9021251EA02031C
:10DB40003BD0264600202368013346F8183B0C9B47
:10DB50001870CDE9001230462A463968FFF710FAEE
:10DB60000546EFF31188202383F31288BFF36F8FEC
:10DB7000304600F0A5FA40B911491248842202F05B
:10DB8000AAFE84210E4802F09DFE304600F0BCFA49
:10DB9000C7F80080226894F82C30013A9907226077
:10DBA00002D52AB16FF08B05284604B0BDE8F0819C
:10DBB00023F0020384F82C30F4E76FF00A05F3E752
:10DBC000E5E40B00CFD80B00B2F5004F08B508D341
:10DBD00010491148B22202F07EFEB2210D4802F037
:10DBE00071FE002342610122C0E902330361036038
:10DBF000836100F11C03C0E9073300F12403C0E98D
:10DC0000093300F13003C0E90C33416080F82C2067
:10DC100008BD00BFDF050C00CFD80B002DE9F04F89
:10DC2000064691B09146DDE91A230CA807910AF047
:10DC30001DFADDE90C34CDE9083406F1180305932B
:10DC4000EFF31188202383F31288BFF36F8F06F15F
:10DC5000180000F035FA38B969498422694802F0A1
:10DC60003AFE842166484FE006F1180000F04CFAB5
:10DC7000002396F82C408DF83B3014F0020440F05D
:10DC8000A78096F82C70FF4317F0010740F0A3809F
:10DC9000F28973899A4269D13368002B66D0BB46FA
:10DCA000A9EB0403069306F11C030A93F5690A9B8A
:10DCB0009D4249D0002D47D0D5F814A00699DAE945
:10DCC0000123C91BD21A8A4228BF0A46DAF800008B
:10DCD000DDF81CC0E119614418440B920AF09FFA68
:10DCE000DAF808100B9A17440A44DAF80410CAF854
:10DCF00008208A4228D3AA6842B943494148A4224D
:10DD000002F0E9FDA421404802F0DCFDD5E9002144
:10DD10000A6051602A7CC5E900BB22F002022A7425
:10DD2000C5F808B005F1180000F090FB2846C5F8CA
:10DD3000B8B0C5F814B0FEF75FFF4FF001038DF8DF
:10DD40003B30069BBB42B1D83C44A1450ED825468A
:10DD50009DF83B30002B41D041460598CDF83C80E2
:10DD60000AF03BF9284611B0BDE8F08F202106F1FA
:10DD7000300000F03BFE9DF83B30A9EB0402184355
:10DD8000079B8DF83B001919301DE4F7BDFC0444D6
:10DD9000A14501D14D46DBE70DF13B03029331462E
:10DDA000DDE9082306F12400CDE900230FAACDF810
:10DDB0003C80FFF7B7FEDDF83C80054600283FF4C5
:10DDC00060AF10F10B0FC3D1002C18BF2546BFE781
:10DDD0006FF08B05BCE76FF01F05B9E7059800F001
:10DDE0007DF940B906494FF49972064802F073FD77
:10DDF0004FF4997136E788F31188BFF36F8FB1E75D
:10DE0000E5E40B00CFD80B000F5E0C002DE9F04FBE
:10DE100004464FF0000B8FB0CDE90B121646DDE93A
:10DE2000182306A88A46CDF834B004F118070AF082
:10DE30001DF9DDE90689EFF31185202383F31288AC
:10DE4000BFF36F8F384600F03BF940B93A4984225E
:10DE50003A4802F040FD8421374802F033FD38464D
:10DE600000F052F994F82C308DF827B099074DD472
:10DE7000231D0593228A23899B1A62699BB29A42C9
:10DE800005D104F124000AF0C1F88DF827000D999E
:10DE90000598721A5144E4F765FC0D9B0344B342A4
:10DEA0000D930DD1B3469DF82720002A31D0294685
:10DEB00038460A950AF091F858460FB0BDE8F08F41
:10DEC00094F82C20D20705D4002B14BF9B466FF08A
:10DED0001F0BE8E71A4B0BAA9B6821465A610DF10C
:10DEE0002703CDE9008902930AAA04F11C000A95D0
:10DEF000FFF718FE0A9D83460028BBD010F10B0FD8
:10DF0000D1D10D9A002A18BF9346CCE76FF08B0B46
:10DF1000C9E7384600F0E2F840B907494FF4997272
:10DF2000064802F0D8FC4FF4997195E785F3118803
:10DF3000BFF36F8FC0E700BFE5E40B00CFD80B0045
:10DF4000C05D0220027C034612F01F0210D10A4974
:10DF500088420DD00949086868B1D9897F2909D854
:10DF600093F90E20064B1B689A42B8BF00207047F9
:10DF70000020704710467047384F0220642002206E
:10DF8000005E022008B568B10E4B98420AD303F137
:10DF90001802904206D21822C01AB0FBF2F302FB1C
:10DFA000130343B1084909483F2202F094FC3F2182
:10DFB000054802F087FC0122054BC0105843054B71
:10DFC0001A5408BD78510220A75F0C00CFD80B006F
:10DFD000ABAAAAAAEF79022070B50C4B0C4D1E7C9F
:10DFE000FFF7B0FF182303FB06550446284600F050
:10DFF0002DFA0022074B9A553CB1621E2846BDE817
:10E0000070400549D31700F05FB970BDC05D0220B4
:10E0100078510220EF79022085DF0A0038B5EFF34E
:10E020001185202383F31288BFF36F8F1E4800F001
:10E0300047F840B91D4984221D4802F04CFC842158
:10E040001A4802F03FFC184800F05EF8194B1A4AD3
:10E050009C681068A0420ED1FFF7BEFF124800F086
:10E060003DF8D8B911494FF49972114802F033FCC8
:10E070004FF49971E4E700211B7C11600F4AD35CD7
:10E08000002BEBD02046FFF75DFF0028E6D0237C75
:10E09000DB0601D1FEF77AFD2046DDE785F3118826
:10E0A000BFF36F8F38BD00BFF85D0220E5E40B00C1
:10E0B000CFD80B00C05D0220FC5D0220EF7902206A
:10E0C000006838B1044B00F003001B7CC01A18BF75
:10E0D0000120704701207047C05D022000230268C4
:10E0E0000360EFF30581074B986811B1017CC90704
:10E0F00005D41B7C1843831A5842584170470120AD
:10E10000704700BFC05D0220024B1A7C9B6813431E
:10E1100003607047C05D02202DE9F8430F46914629
:10E12000064640B92B492C482E2202F0D4FB2E2162
:10E13000284802F0C7FBEFF311844FF0200888F362
:10E140001288BFF36F8F2548FFF7BAFF38B924490B
:10E150008422214802F0BFFB84212148E9E71F48BF
:10E16000FFF7D2FF1F4B1D6A4DB91C48FFF7B6FFE2
:10E1700060B184F31188BFF36F8FBDE8F883B9F104
:10E18000000F23D01548FFF7A9FF40B914494FF4F9
:10E190009972114802F09FFB4FF49971DDE784F307
:10E1A0001188BFF36F8F39462846B047EFF31184CB
:10E1B00088F31288BFF36F8F0848FFF781FF0028AC
:10E1C000C5D00648FFF7A0FFED6FCDE739462846DA
:10E1D000B047F9E7CF5F0C00CFD80B00045E0220F8
:10E1E000E5E40B00C05D022038B50446EFF311856D
:10E1F000202383F31288BFF36F8F1848FFF760FF67
:10E2000040B917498422174802F065FB842114485D
:10E2100002F058FB1148FFF777FF134A136AA34235
:10E220000FD1DB6F13620D48FFF758FF88B90C4917
:10E230004FF499720B4802F04EFB4FF49971E6E7E8
:10E240001346002BEFD0DA6FA242F9D1E26FDA6702
:10E25000E9E785F31188BFF36F8F38BD045E0220B4
:10E26000E5E40B00CFD80B00C05D0220024B18681C
:10E27000984208BF0020704768200220034B1B68AB
:10E280000BB9F9F7C7BE0020704700BF085E022037
:10E2900030B570B10B4B5B6898420AD0036843B14C
:10E2A000D3E90421D0E90445121941EB0501C3E982
:10E2B0000421D0E9003213605A600023C0E9003322
:10E2C00030BD00BF68200220B3F1FF3F08BFB2F1AC
:10E2D000FF3F2DE9F84F04469B4615461F4600F0C8
:10E2E000A480D0F80090B9F1000F08D050495148EF
:10E2F000642202F0F0FA64214D4802F0E3FA8160F2
:10E30000EFF31188202383F31288BFF36F8F4A48FD
:10E31000FFF7D6FE824638B948498422454802F0C4
:10E32000DAFA84214548E8E74348FFF7EDFEBBF100
:10E33000000F434A1FDBFFF7A1FF064601354BF1F3
:10E34000000B3F4A2D184BEBE073D2E90017C4E9EC
:10E3500004536D1843EB0707FFF788FF0346DFF808
:10E36000E4E0DEF80490EBB9C4E900E9C9F8004044
:10E37000CEF8044028E06FF00103D2E900125B1AE6
:10E380004FF0FF3161EB02025B1B62EB0B02012BD2
:10E3900072F10001BCBF01234A464FF0000AC4E9F4
:10E3A0000432D9E7D3E9041CD4E904208A4270EB93
:10E3B0000C0B29DA891A5A686CEB0000C3E90410C7
:10E3C000C4E9003214605C60FFF750FF84420ED154
:10E3D0001D4B1B685BB9BAF1000F02D1FFF74EFF6E
:10E3E0000646304609F025FE0021F9F755FE124891
:10E3F000FFF774FE88B911494FF499720D4802F085
:10E400006AFA4FF499718DE7521A60EB0C004B4594
:10E41000C4E90420A8D01B68A5E788F31188BFF3DE
:10E420006F8F28463946BDE8F88F00252F46F8E75C
:10E43000FA5F0C00CFD80B000C5E0220E5E40B0065
:10E440009051022068200220085E022070B5044628
:10E45000EFF31186202383F31288BFF36F8F2548D3
:10E46000FFF72EFE40B924498422244802F033FAF3
:10E470008421214802F026FA1E48FFF745FE236852
:10E4800013B3FFF7F3FE05462046FFF701FF002216
:10E490004FF00043A542C4E904230DD000241548E1
:10E4A000FFF71CFEF8B914494FF49972134802F0B3
:10E4B00012FA4FF49971DCE7FFF7E0FE09F0B9FDBD
:10E4C0000021F9F7E9FDE9E7D4E90423B3F1004FAE
:10E4D00008BF012A04D100224FF00043C4E90423FD
:10E4E0006FF01504DBE786F31188BFF36F8F2046CA
:10E4F00070BD00BF0C5E0220E5E40B00CFD80B001E
:10E500002DE9F047DFF8F0900246C9F80000FFF768
:10E51000ADFE8846044600260027DFF8E0A04FEA5B
:10E52000E27CDAE9001354B1D4E90450AA427CEB4E
:10E53000000E1EDAAD1A60EB0C00C4E90450002492
:10E54000521843EB0C032046CAE90023C9F80040E7
:10E5500009F06FFD2146F9F79FFD2948FFF7BEFD41
:10E56000D0B188F31188BFF36F8FBDE8F047FFF794
:10E5700055BD691843EBE5732046C4E90467CAE951
:10E580000013FFF785FE01224FF000431C48C4E949
:10E590000423FFF7A3FD50B91A494FF499721A48A2
:10E5A00002F099F94FF49971164802F08BF988F34B
:10E5B0001188BFF36F8F2046A3689847EFF3118847
:10E5C000202383F31288BFF36F8F0D48FFF778FD88
:10E5D00030B90C4984220C4802F07DF98421E3E72C
:10E5E0000748FFF791FDD9F80020521BC9F8002019
:10E5F000FFF73CFE044692E7085E0220905102209D
:10E600000C5E0220E5E40B00CFD80B0010B5EFF351
:10E610001184202383F31288BFF36F8F0848FFF71C
:10E620004FFD40B907490848842202F054F984217B
:10E63000044802F047F90248FFF766FD204610BD86
:10E640000C5E0220E5E40B00CFD80B0010B50446A9
:10E650000948FFF743FD50B9084909484FF499723A
:10E6600002F039F94FF49971044802F02BF984F360
:10E670001188BFF36F8F10BD0C5E0220E5E40B0024
:10E68000CFD80B0070B5EFF31186202383F31288E7
:10E69000BFF36F8F1548FFF713FD40B9144984226B
:10E6A000144802F018F98421114802F00BF90F48C0
:10E6B000FFF72AFDFFF7E2FD0F4AD2E900450419F2
:10E6C00045EBE0750948FFF709FD40B908494FF4EB
:10E6D0009972084802F0FFF84FF49971E4E786F365
:10E6E0001188BFF36F8F2046294670BD0C5E022053
:10E6F000E5E40B00CFD80B0090510220F8B504469A
:10E70000EFF31187202383F31288BFF36F8F5548EF
:10E71000FFF7D6FC40B954498422544802F0DBF894
:10E720008421514802F0CEF84E48FFF7EDFCD4E9C1
:10E730000423B3F1004F08BF012A0ED04948FFF768
:10E74000CDFC002840F0898047494FF49972474832
:10E7500002F0C1F84FF49971E3E7D4E90A566A1C54
:10E7600046F10003022A73F1000334D3013D46F160
:10E77000FF36002EBCBF00252E4609F075FC013087
:10E7800041F10001401946EB0101012871F100013E
:10E790005ADB09F069FC6FF00203013041F100011E
:10E7A000401946EB010183426FF000438B4150DB7F
:10E7B00009F05AFC013041F100016FF001024019EB
:10E7C00046EB01034FF0FF31121A61EB03032046C1
:10E7D0002749FFF779FD236B256A01332363CDB108
:10E7E0002048FFF77BFC0028AED087F31188BFF3E9
:10E7F0006F8F2046A847EFF31187202383F31288F9
:10E80000BFF36F8F1748FFF75BFC002883D01548D4
:10E81000FFF77AFC54F8185FA5428FD0002D8DD0F9
:10E820002846FEF741FB00230E48C5F8B830FFF735
:10E8300055FC002888D087F31188BFF36F8F2846D6
:10E84000BDE8F840FEF7D8B96FF001024FF0FF3392
:10E85000BDE700224FF00043B9E787F31188BFF30B
:10E860006F8FF8BD105E0220E5E40B00CFD80B00DF
:10E87000FDE60A002DE9F843064614461D4691467A
:10E880009846EFF31187202383F31288BFF36F8F2D
:10E890002248FFF715FC40B921498422214802F0A3
:10E8A0001AF884211E4802F00DF81C48FFF72CFCD2
:10E8B000B5F1FF3F08BFB4F1FF3F0CD11748FFF798
:10E8C0000DFC28BB16494FF49972164802F003F864
:10E8D0004FF49971E6E7002D0ADB012C75F1000376
:10E8E0002246BCBF0122002512F1FF3945F1FF3855
:10E8F0003046FFF7ABFDDDE90823C6E90A23002314
:10E900004A463363304643460749FFF7DDFCD5E707
:10E9100087F31188BFF36F8FBDE8F883105E022084
:10E92000E5E40B00CFD80B00FDE60A0070B5054604
:10E93000EFF31184202686F31288BFF36F8F2848E7
:10E94000FFF7BEFB40B927498422274801F0C3FFE7
:10E950008421244801F0B6FF2148FFF7D5FB284663
:10E96000FFF774FD68B11E48FFF7B8FB002832D1ED
:10E970001C494FF499721C4801F0ADFF4FF4997196
:10E98000E7E76B6ACBB11648FFF7A8FB0028EFD08A
:10E9900084F31188BFF36F8F28466B6A9847EFF3B3
:10E9A000118486F31288BFF36F8F0D48FFF788FB41
:10E9B0000028C8D00A48FFF7A7FB05F11800FEF7AA
:10E9C00049FB0028CFD0FEF717F92146BDE870407B
:10E9D000034809F002BB84F31188BFF36F8F70BD49
:10E9E000105E0220E5E40B00CFD80B00F8B5054619
:10E9F0000E46EFF31187202383F31288BFF36F8F46
:10EA00001A48FFF75DFB40B919498422194801F003
:10EA100062FF8421164801F055FF1448FFF774FB8C
:10EA20002C68A54217D0D4E9003213605A60002345
:10EA300031462046C4E9003309F06AFB0B48FFF772
:10EA40004DFB50B90A494FF499720A4801F043FF4F
:10EA50004FF49971DEE70024F0E787F31188BFF3E4
:10EA60006F8F201E18BF0120F8BD00BF145E02206A
:10EA7000E5E40B00CFD80B0070B504460D46EFF36C
:10EA80001186202383F31288BFF36F8F1B48FFF793
:10EA900017FB40B91A4984221A4801F01CFF84214F
:10EAA000174801F00FFF1548FFF72EFB01212068E2
:10EAB000E5608442A1600CD11048FFF70FFBB8B9A4
:10EAC0000F494FF499720F4801F005FF4FF4997107
:10EAD000E6E7D0E9003213605A600023C0E9003352
:10EAE00009F016FB3146054809F077FA002070BDA1
:10EAF00086F31188BFF36F8FF8E700BF145E022022
:10EB0000E5E40B00CFD80B002DE9F74305460C4692
:10EB1000914600F10C06EFF31188202383F312884D
:10EB2000BFF36F8F3046FFF7CBFA40B91349144853
:10EB3000842201F0D0FE8421104801F0C3FE30464B
:10EB4000FFF7E2FAAB6828465C4004EA090203EAF0
:10EB500009075340002200930A496B460192FEF7D1
:10EB600087FFDDE9003223EA020330464146AB600D
:10EB700009F033FA384603B0BDE8F083E5E40B0052
:10EB8000CFD80B0097810B002DE9F04F85B00F46D1
:10EB9000DDE90E1B04461646EFF305836BB151EA1F
:10EBA0000B030AD039493A4840F2211201F093FE92
:10EBB00040F22111354801F085FE0291002F4CD022
:10EBC00006F001030393FEF7E5FD04F10C0980460E
:10EBD000EFF3118A202383F31288BFF36F8F484627
:10EBE000FFF76EFA029938B92A498422284801F0C1
:10EBF00072FE84212748DEE748460291FFF784FA37
:10EC000016F0020F1CBF0023A360A36806F00102E8
:10EC1000029903EA070592B1AF4212D1720744BFCD
:10EC2000AB43A3604846FFF759FAC0B919494FF4FE
:10EC30009972174801F04FFE4FF49971DAE7002DF1
:10EC4000ECD151EA0B0312D14846FFF747FA0028EE
:10EC5000ECD08AF31188BFF36F8F002503E08AF3AD
:10EC60001188BFF36F8F284605B0BDE8F08FC8E963
:10EC700019762246CDE9001B48465146FEF780F939
:10EC80000028EAD1D8F86450EDE700BF3F600C00DF
:10EC9000CFD80B00E5E40B0008B5EFF3058343B1D3
:10ECA000064907483A2201F016FE3A21034801F0CE
:10ECB00009FEC0E90233C0E9000008BD3F600C0056
:10ECC000CFD80B002DE9F84F4F1E0F4206460D46D8
:10ECD0009A4607D025491822254801F0FCFD182145
:10ECE000224817E0141D3ED241F0040B00F1140835
:10ECF000EFF31189202383F31288BFF36F8F40460F
:10ED0000FFF7DEF940B91B498422194801F0E3FD01
:10ED10008421184801F0D6FD4046FFF7F5F9224658
:10ED200059463046D04704464046FFF7D7F940B928
:10ED300010494FF499720E4801F0CDFD4FF49971CE
:10ED4000E7E789F31188BFF36F8F64B1204640F87D
:10ED5000046B4DB1384207D004493522044801F014
:10ED6000BAFD3521BCE70020BDE8F88F62600C00D9
:10ED7000CFD80B00E5E40B002DE9F04105460E4627
:10ED8000174609F0BFF830B9074B9B68D3F8AC4081
:10ED900014B9BDE8F081054C3B4632462946204671
:10EDA000BDE8F041FFF78EBFC05D02204022022087
:10EDB00002460021014B0248FFF784BF01080B0007
:10EDC00040220220014BC0F8AC30704740220220A4
:10EDD0000146024A0020FFF7CFBF00BF01080B0029
:10EDE00007B5074B4FF48052009306494FF0FF33AD
:10EDF0000548FDF7F1F9002003B05DF804FB00BF02
:10EE0000ACD60B008010032098510220F8B54F4A71
:10EE10000D460023D0E90001DFF7A8FC002A0446D4
:10EE2000B7BF02F5A8324A4B4A4B02F5C072E4184C
:10EE300041F100064FF46161E01CB2FBF1F301FB0C
:10EE400013224FF03C01AB60B2FBF1F301FB132244
:10EE500046F100016B6000232A600722DFF786FC81
:10EE6000002A54DA0732AA613B4800233B4A2018A3
:10EE700066F10001DFF77AFC384B48F6AC6140F2EE
:10EE8000B45703FB104440F26D164FF0050CB4FB71
:10EE9000F1F1B4FBF7F32144C91A314BB4FBF3F39E
:10EEA000C91A48F69463B1FBF3F3B1FBF6F2B1FB78
:10EEB000F7F123445B1A992106FB123303EB830419
:10EEC0005E1C0234B4FBF1F779430231B1FBFCF173
:10EED000761A40F2F9518C424FF4C8748CBF6FF02F
:10EEE0000901022104FB00203944012998BF0130A7
:10EEF000B3F5997F13D3A3F59973A0F26C70EB610E
:10EF00000023EE60C5E904102B622846F8BD002EF0
:10EF1000AA61A9DB114A002320463146AAE79707D8
:10EF200010D14FF0640C92FBFCF70CFB17275FB974
:10EF300092FBF4F704FB1722B2FA82F252093B3338
:10EF40001344DAE70022FAE70122F8E780510100D2
:10EF50006CFA0A006BFA0A0050C5FDFFB13A0200D4
:10EF6000B03A02000CB430B58BB004460D462022F6
:10EF7000002102A809F079F90223002D06948DF8EA
:10EF80000A300C4B039312DB01D06B1E1C440FAAFA
:10EF90000E9902A80794019200F002FA15B1069B9F
:10EFA00000221A700BB0BDE8304002B07047002458
:10EFB000EDE700BF3B880B00242A2DE9F041054610
:10EFC00001D8012A0AD1354B1622E8F75BFC1A500A
:10EFD00001B10D600020BDE8F0813046064616F80C
:10EFE000014B202CF9D0A4F109072346042FF4D9B2
:10EFF0002B2C32D02D2C33D14FF0010C3378861CC2
:10F00000302B34D1307840F0200078282BD132F0EA
:10F01000100028D173783546102202360CF10047D3
:10F020000020013FB7FBF2FE02FB1E78392B82BFA6
:10F0300003F1FF3343F02003263B303B9A421DD9B6
:10F04000704502D817D1984515D24CF0020C3446C1
:10F05000354614F8013B2646E8E74FF0000CCDE7B3
:10F060004FF0000CCCE7002A08BF0822D6E7002AA0
:10F0700008BF0A22D2E700FB0230E8E701B10D60C9
:10F080001CF0010F18BF40421CF0020FA3D0034B2D
:10F090002222E8F7F7FB1A5038469CE70C000000E4
:10F0A000242AF0B5044601D8012A40D12E4B16225D
:10F0B000E8F7E8FB1A5001B10C600020F0BD2F46C4
:10F0C0003D4615F8010B2028F9D0A0F109060346AA
:10F0D000042EF4D92B282CD02D282CD101262B78C6
:10F0E000BD1C302B2DD1287840F02000782824D169
:10F0F00032F0100021D16B782C461022023500200E
:10F10000392B82BF03F1FF3343F02003263B303B12
:10F110009A421AD9A0FB02040CB9C01801D346F0D8
:10F1200002062F462C4617F8013B3D46E8E7074606
:10F13000C6E70026D3E70026D3E7002A08BF082247
:10F14000DDE7002A08BF0A22D9E701B10C60F20707
:10F1500048BF4042B307B1D5034B2222E8F792FBE8
:10F160001A504FF0FF30A9E70C000000242AF0B538
:10F1700007460D4601D8012A0AD1414B1622E8F76D
:10F1800081FB1A5005B12F6000200146F0BD3046CA
:10F19000064616F8011B2029F9D0A1F109040B46F7
:10F1A000042CF4D92B293DD02D293ED14FF0010C50
:10F1B0003378861C302B3FD1317841F020017829FB
:10F1C00036D132F0100133D173783746102202362F
:10F1D00000200146392B82BF03F1FF3343F02003A7
:10F1E000263BA3F13004A24236D94FF0000E39BBC2
:10F1F000A0FB027338461946BEF1000F0AD13F1931
:10F2000053F10003384628BF4FF0010E1946BEF1F6
:10F21000000F01D04CF0020C3446374614F8013B85
:10F220002646D7E74FF0000CC2E74FF0000CC1E7CD
:10F23000002A08BF0822CBE7002A08BF0A22C7E736
:10F24000A2FB0131A0FB02701B1841F10001002953
:10F25000D0D04FF0010ECDE705B12F601CF0010FAB
:10F2600002D0404261EB41011CF0020F8ED0044BF2
:10F270002222E8F707FB1A504FF0FF3085E700BF66
:10F280000C0000002DE9F0410126B24201DCBDE88E
:10F29000F08107463B461F4613F8014B002CF6D081
:10F2A000252CF8D11D780237252DF3D00023DFF867
:10F2B000EC809C461C461F2C27D8A5F1200EBEF1E1
:10F2C000100F06D828FA0EFE1EF0010F53D12E2D76
:10F2D0003CD02E2D27D8242D33D02A2D36D0BCF16A
:10F2E000000FD4D0B445D5D145F020070B68A7F165
:10F2F000650CBCF1020F01D9612F42D1073323F015
:10F300000703083301360B60BFE77F2CDFD96C2D74
:10F3100023D01DD8682D27D06A2D01D04C2DDED1E9
:10F3200044F4207408E0A5F1300EBEF1090FEED8C8
:10F330000A2404FB03E3202417F8015B002DBAD153
:10F34000CDE7BCF1000F18D0B34218D00023F3E78B
:10F35000742DF1D07A2DEFD0C1E7250648BF44F4D3
:10F36000007444F08004E7E7E50548BF44F4007406
:10F3700044F48074E0E70024DEE79C46E6E763257A
:10F38000B2E7692D02D007D8632D03D0250601D539
:10F39000A405B3D40433B5E7732DF6E7892801003B
:10F3A0002DE9F04F837893B08046D0F804909C0705
:10F3B000CDE9081214D50B4600250B92187888B1B8
:10F3C000252813D00133069341460135C84700284C
:10F3D00080F2F28398F8023043F0040388F8023098
:10F3E0004FF0FF35284613B0BDE8F08F93F801A029
:10F3F0009A1CBAF1250F0692E6D04FF0000B5E463C
:10F400005F465C461F2C23D8AAF12003102B22D87C
:10F41000DFE803F01521211B2121210B21212113DC
:10F4200021182121090044F00104069B13F801ABC7
:10F430000693BAF1000FE5D11BE044F0020444F05A
:10F440000404F2E744F00804EFE744F01004ECE7AA
:10F450007F2C00F2F680BAF12E0F00F0D38000F27C
:10F46000AC80BAF1240F00F0D380BAF12A0F00F07B
:10F47000B480BBF1000F06D0099B5A460BA908982F
:10F480000B93FFF7FFFE002E4AF02003B8BF24F0D5
:10F4900040040493A3F16503BCBF0026A4B2022B71
:10F4A00004D94AF02003612B40F086826FEA0A0AF1
:10F4B0000AF0200307930B9B073323F0070303F1A4
:10F4C00008020B92049A612AD3E9000104F0400378
:10F4D00040F0E480002B079B0CAA44F4C05408BF02
:10F4E0004FF0FF360093334609F020F901304FF01A
:10F4F000010CDDF830A0C3B2B3420393A8BF03F1FF
:10F50000FF367023CDE9043C0AF10903122B0DD913
:10F510000AF16303C62B40F2F3800AF2E73340F2AC
:10F52000CE7293428CBF0423032305939DF834309D
:10F53000D80700F1E780A20700F1E780C4F3800B51
:10F540004FEA4B1B5FFA8BFB13F00C0F00F0E980C6
:10F55000BBF1000F0CBF03230423BB420EDA2007CC
:10F56000A7EB03070BD42F4441462020C8470028AF
:10F5700005F10105FFF62EAFBD42F5D10027BBF125
:10F58000000F07D041465846C847002805F101053D
:10F59000FFF620AF9DF83430AD4C13F0080FAD4BA3
:10F5A00008BF1C462646324616F8010B002840F0DC
:10F5B000AF802C1B02EB040B7AE1AAF13003092B7C
:10F5C0003FD814F0400F4FF00A020ABF44F0200465
:10F5D00002FB063602FB073727E7BBF1000F7FF47B
:10F5E00024AF0B9A600652F8043B0B9201D51E46DD
:10F5F0001BE7002BA7BF44F020041F465F4244F0E6
:10F60000280412E763063FF5EDAE44F040040CE732
:10F61000BBF1000F3DD014F0400A099B0BA90898DC
:10F620000CBF3A4632460B93FFF72CFE0B9B53F868
:10F63000042B0B93BAF1000F01D01646F5E61746DE
:10F64000F3E6BAF16C0F16D00CD8BAF1680F19D0E6
:10F65000BAF16A0F03D0BAF14C0F7FF40AAF44F449
:10F660002074E2E6BAF1740F3FF4DFAEBAF17A0F1C
:10F670003FF4DBAEFDE6200648BF44F4007444F0DE
:10F680008004D2E6E30548BF44F4007444F4807477
:10F69000CBE65E46BB4634463746C6E6002B049BA7
:10F6A00008BF0626652B0FD1721C44F48054D2B2D9
:10F6B0001346112A4FF0650E4FF0000228BF1123A8
:10F6C0009446CDF810E007E0049B662B10D144F47B
:10F6D0000054B44601221123CDE9002C0CAA00F0FD
:10F6E00015FBDDF830A0C3B20393022305930BE7AB
:10F6F00016F0FF02DCD16523944604930123EBE767
:10F70000022312E74FF02D0B1EE74FF02B0B1BE7E8
:10F71000079B4146C01AC0B2C8470028BFF643AF96
:10F7200058E614F4405F40F09780039B002E03F1ED
:10F73000480308BF01266B44133B039A1AB113F820
:10F74000012D302A75D014F0100F039B18BF3346DB
:10F750001AF1040F72DBB24570DA534544F40054D9
:10F760007DDD0AF101069E1B2AEAEA730133BBF133
:10F77000000F00D00133002E73D0721C13449F423F
:10F78000CCBFFF1A002714F0090F03D12F44BD424C
:10F790006BD10027BBF1000F07D041465846C84740
:10F7A000002805F10105FFF615AE230510D54146E9
:10F7B0003020C8470028FFF60DAE079B41460235B2
:10F7C000C3F1780000F0F800C8470028FFF602AE49
:10F7D000200704D4AB467D195D454ED10027A10416
:10F7E00069D52AEAEA737642AAEB030A039A013B37
:10F7F00005F1010B524589BF0CAA302052445079C3
:10F800009E4242DC41460493C84700280AF1010A9F
:10F81000049BFFF6DFAD5A1C09D141462E2004930C
:10F82000C8470028FFF6D6AD05F1020B049B5D46E4
:10F83000DCE7039A013AD2B203927EE75E1E14F42B
:10F84000006F059A14BF0523032313448FE700BFFD
:10F850008F600C00E0E70B00A10485D4EFE70026E1
:10F8600082E7E20648BF013389E741462020C847C6
:10F87000002805F101058ADAACE541463020C84789
:10F8800000280BF1010BA7DAA4E541460393C84712
:10F890000028FFF69FADE6060AD5039B013307D18A
:10F8A00005F1020B41462E20C8470028FFF692AD15
:10F8B0005D465F4412E241469DF83500C847002886
:10F8C000FFF688AD002E5DDD41462E20C84700289A
:10F8D000FFF680AD01240CAB039A4146A346A24239
:10F8E000CABFE21830205079C8470028FFF672AD31
:10F8F00001340CABA642EFDAAC1C5C44049B4146DD
:10F90000079A981AC0B2C8470028FFF663ADBAF14B
:10F91000000F4146B6BF2D202B20CAF1000AC84770
:10F920000028FFF657AD059B042B37D14FF47A76AC
:10F9300041460334BAFBF6F505F13000C0B2C847C2
:10F940000028FFF647AD06FB15AA642641460134A0
:10F95000BAFBF6F505F13000C0B2C8470028FFF643
:10F9600039AD06FB15AA0A2641460134BAFBF6F565
:10F9700005F13000C0B2C8470028FFF62BAD06FBEA
:10F9800015AA12E0E40601D46C1CB7E741462E200C
:10F99000C847002805F10204B0DA1BE5059B0234D4
:10F9A000032BD2D0059B012BDDD10AF1300004F1ED
:10F9B000010B4146C0B277E7AAF16303122B00F2B4
:10F9C000E580DFE813F013005400E300E300E300F8
:10F9D000E3005400E300E300E300E300E300FC0085
:10F9E000DD00E300E3002900E300AB000B9B0126F0
:10F9F0000DF1300A1A1D1B680B928DF8303020076C
:10FA00002CD50AEB060B54465C4529D1A5EB0A0A16
:10FA1000BF1B04EB0A0B4BE70B9B1A1D0B92D3F891
:10FA200000A0A94BBAF1000F08BF9A4614F0400F8E
:10FA3000504614BF31464FF0FF3108F07BFC0646BC
:10FA4000DDE741462020C8470028FFF6C3AC013C53
:10FA5000A642F6D32F443D1B2746D2E73C46F7E7A4
:10FA6000414614F8010BC8470028CDDAB2E421065C
:10FA70000B9B32D5A2052BD5073323F0070303F1E7
:10FA80000802D3E900010B9224F0100B00291FFAA1
:10FA90008BFB32DA40424BF4806B61EB41010CACE2
:10FAA0000A23224608F07EFC1BF0400FA0EB040264
:10FAB00000F09C802BF0010396429BB240F39F80A4
:10FAC000BAF1000F40F09D802BF011039BB21FE0B4
:10FAD0001A1D18680B92C117D6E71A1DE0051968A0
:10FAE0000B9201D40846F6E7A20547BF48B241F39E
:10FAF000C01108B241F3C031C6E750EA0103CED1CC
:10FB00006306CCD5002ECAD124F011043246A3B22C
:10FB1000344640F206410B426FD126E024F0100437
:10FB20000A23A4B214F0800C0B9A4CD014F4007188
:10FB300015BF0732101D22F007020B900FBF10688F
:10FB400002F108010B91D2E9000150EA010247D10C
:10FB500024F0160B62061FFA8BFB45D5002E43D10D
:10FB600024F017043246A3B2344619075FD4D907EC
:10FB700004D5A74272DD3C1BA6183C46A34650E0C4
:10FB800044F0100410234FF0780ACBE74AF020032A
:10FB9000782B04D1CAF1780343F01003C2E7414641
:10FBA0002520C8470028FFF615AC41465046C847F7
:10FBB0000028FFF60FAC0235069BFFF7FFBB0823BA
:10FBC0004FF0000AAEE7111D10680B9114F480711C
:10FBD000BBD014F400711ABFC0B2614680B2B4E762
:10FBE00024F006041FFA84FB0CAC5AE714465B466B
:10FBF000D9068ED5BAF1000F05D10134B5E7144608
:10FC0000F6E73446F4E70234AFE741462020CDE979
:10FC10000332C8470028FFF6DDAB0BF1010BDDE92D
:10FC200003325F45F1DC2C1B04EB0B055C46D90667
:10FC300016D5414630200392C8470028FFF6CAABCC
:10FC4000039ABAF1000F32D0023541465046C847F8
:10FC50000028039AFFF6BEAB2E441DE016468DE742
:10FC600040F206410B42F7D013F0020F05F10105F7
:10FC70004146039214BF2B20202013F4806F18BF3D
:10FC80002D20E4E7414630200392C847002805F1C3
:10FC90000105039AFFF69EAB731B9A42F2DB1646F0
:10FCA0000DF1300A2EB902EB050B3F1B00E60135C2
:10FCB000D2E7013E414603921AF80600C8470028E1
:10FCC000039AEFDAFFF786BB93600C0041462020D1
:10FCD000C847002805F10105FFF67CAB7B1B002B14
:10FCE000F4DC69E71FB502AB074A00934FF0CC3351
:10FCF00008F035FCDDE90201C00840EA4170C9089E
:10FD000005B05DF804FB00BFCDCCCCCC2DE9F04FA5
:10FD10009BB00F0D04460A939DF890300592C1F3F5
:10FD20000A520C93C1F31303C90F07917AB950EA31
:10FD300003017ED10599302301274B71079B0A608F
:10FD400043F002030B7138461BB0BDE8F08F40F260
:10FD5000FF718A420BD10343079B059A4FF00007BE
:10FD600014BF43F0080343F004031371EBE7A2F25E
:10FD7000354A43F48015234304F001024FEA850815
:10FD80000CBF27F00107012748EA9478089208BFC2
:10FD90007F054FEA840602BF7F0DB7FA87F77F0918
:10FDA000BAF1000FC0F2B680504600F0EFF9BAF198
:10FDB000030FC8BF0138049000F0F4F9049B7C30B5
:10FDC00016A9A3EB0A0A8244184600F07DFA12AB8A
:10FDD00020462946019310AB16AA0297009353467A
:10FDE00008F006FB049B04460D46152B00F28E809E
:10FDF00014ABA94A3046414600934FF0CC33DDE9BD
:10FE0000109A08F0ACFB149B159A9B0843EA827386
:10FE100003EB8303B34210D14146304600F0CAF9E8
:10FE2000049B83428CBF4FF000084FF0010800276D
:10FE300015E01D46DFF864A29DE7089B002B55D115
:10FE4000013E48F1FF31F01B61F1000100F0B2F911
:10FE5000049BDDF8208083428CBF002701270C9B88
:10FE6000002B40F0C880DDF8289000264FF00A0BE8
:10FE700006960996DDE91001FFF734FFDDE912A3CC
:10FE8000CDE90D01194650460F93FFF72BFF0A46A7
:10FE900003460D990B908B420E9B72EB03010F9B57
:10FEA00080F0C480204629460F92FFF71BFF0B9B72
:10FEB000002E14BF4FF0000808F001080F9A0BFB4A
:10FEC00010460BFB03F50D9BF6B204461093554507
:10FED00014BF002707F001070E9B0D4613921193E4
:10FEE0000B9B1293069B01330693C3E7B01C48F1AA
:10FEF000000100F05FF9049B83428CBF00200120C9
:10FF0000B9EB00006AF10002CDE910024FF00008E1
:10FF10004746A4E7CAF1000B584600F03DF9BAF194
:10FF2000FF3F0CBF8146A0F10109ABEB090B0AEBC7
:10FF300009035846049300F035F916A9A0F17D0A8B
:10FF4000584600F04FF912ABA9EB0A0A204601937C
:10FF500010AB294616AA00935346029708F048FAB8
:10FF6000B9F1010F04460D460ED8089B13B94FF0A6
:10FF7000010874E7109B4FF00108119A013B42F110
:10FF8000FF32CDE9103252E7B9F13E0FBED84FF043
:10FF9000FF33A9F12000C9F1200103FA09F203FAA5
:10FFA00000F023FA01F103FA09F3024326EA0306FB
:10FFB0000A4328EA020856EA08060CBF4FF0010877
:10FFC0004FF0000833E700FB02F60133A1FB0012FB
:10FFD00032448C4275EB0206F5D2049ADDF8289083
:10FFE0001344259A1344D20F9342B8BF1346994540
:10FFF000A8BF994639E70A21002201230846E8E70D
:02000004000BEF
:100000000BFB01FE0CF1010CA0FB0B0171448442BF
:1000100075EB010EF4D2CC450DDDB9F1000F02D124
:1000200054EA050107D0012309933BE70A20002188
:100030004FF0010CEBE7002F32D04FF00A0B504687
:100040001946FFF74FFE0BFB00F20B9152450E9045
:1000500026D1002E14BF4FF0000808F00108DDE99A
:100060001001FFF73FFE8A460D9029462046FFF714
:1000700039FE0D9A0E9B0BFB10460D46044612935B
:10008000F6B2CDE9102A0B9A9A460B9B1392069A68
:1000900001320692D3E700BFCDCCCCCCCCFBFFFF26
:1000A000B8F1000F05D0052E03D104F00106043687
:1000B000F6B2069BDDF810809844099B53B9DDE940
:1000C00012239D4208BF944204D1089B002B4AD1C1
:1000D000002F48D0042E94BF0026012630194FF07F
:1000E0000A024FF000034FF0010745F100011446EA
:1000F000904271EB030538D2F6B1B9451CDA0C9B7E
:100100006BB108EB0703259ADDF828901344012B07
:10011000B8BF01239945A8BF99464F450CDD05306E
:1001200008F1010807F1FF374FF00A024FF0000312
:1001300041F10001DEF76AFB4F450FFA88F8059B95
:10014000A8BF4F464FF000093FB2B84408F1FF3650
:1001500007F105089844B9450EDB059B1A461E6059
:10016000079B1371EFE50126B8E704FB03F50137A0
:10017000A2FB04232B44BBE70A220023DEF746FB45
:10018000303209F1010908F8012DE4E7014B584329
:10019000800C704741340100014B5843000D7047FB
:1001A000FB2E0B00024B5843C00C0130704700BFC0
:1001B0004F93120070B50346094A00204FF0CC3629
:1001C0004FF0333506FB03F402FB0144A3FB02317D
:1001D00021449D4275EB010401D30130F2E770BD6B
:1001E000CDCCCCCC1A232DE9F04FB0FBF3FA334E33
:1001F00003FB1A0389B004460D4606EB0A1653B9F1
:10020000D6E90023C1E90023D6E90201C5E90201CC
:1002100009B0BDE8F08F2A4A02EBC303D3E9008995
:1002200004AB404649460093D6E9022308F097F90B
:1002300006AB83460F46404649460093D6E9002365
:1002400008F08DF900238146DDE9066216EB0B0606
:1002500052EB070828BF012333B1049B059A0133F1
:1002600042F10002CDE9043220460391FFF79AFFE4
:1002700007461A2000FB0AF0FFF794FF3F1A3246A8
:10028000434648460399009708F080F90D4A4FEA23
:10029000141C640004F01E0352F82C40DC4004F0EF
:1002A00003042418304641F10001DDE90423C5E9C7
:1002B00000414146009708F069F9A7E710A10B003B
:1002C00040A00B00A4D70B002DE9F04F1A2700F136
:1002D0001905DFF8E0A089B004460E46B5FBF7F536
:1002E0006F434FEA051B0AEB05153A1A0AD1D5E907
:1002F0000023C1E90023D5E90201C6E9020109B0E2
:10030000BDE8F08F2C4B03EBC203D3E9008904ABAB
:10031000404649460093D5E9022308F020F95AF8EF
:100320000B206B68013ACDE9020106A963F10003D5
:1003300040460091494608F012F98A460299002386
:100340008146DDE906526D18039952EB010828BF7A
:10035000012333B1049B059A013342F10002CDE938
:1003600004323846FFF71EFF07462046FFF71AFF04
:100370003F1A2A46434648465146009708F006F978
:100380000E4A4FEA141C640004F01E0352F82C407D
:10039000DC4004F0030401342418284641F1000134
:1003A000DDE90423C6E900414146009708F0EEF874
:1003B000A3E700BFE0A10B0040A00B00F8D70B00A3
:1003C00038B5C0F3C753014620F000457F3B162BDC
:1003D00019DC002B024608DA00281BDA002D0E4932
:1003E00008BF4FF00041084638BD0C48184108428C
:1003F000F9D00029BEBF4FF4000141FA03F3D2182F
:1004000022EA0001EFE7B5F1FF4FECD3DDF7A4FEE0
:100410000146E8E70021E6E7000080BFFFFF7F001C
:100420002DE9F84320F000430446B3F1FF4F04D90F
:100430000146DDF791FE044605E04FEAD07605D18E
:10044000002E40F0C3802046BDE8F8836049884212
:1004500004DD0020BDE8F84300F0E6B8002807DA24
:100460005C4A934204D90020BDE8F84308F058B92B
:10047000594A934271D9594A934251D8584B204610
:1004800053F82610DDF766FE564B054653F82670E6
:1004900086F00103A3EB060839462846DDF75AFE2D
:1004A000044621462046DDF75FFF4F490646DDF74B
:1004B0005BFF4E49DDF74EFE3146DDF755FF4C49F7
:1004C000DDF74AFE3146DDF74FFF4A49DDF742FED0
:1004D0003146DDF749FF4849DDF73EFE3146DDF79D
:1004E00043FF01462046DDF735FE0146064620461D
:1004F000DDF73AFF8146B8F1000F43D14FF080415C
:100500003046DDF727FE01464846DDF7E1FF21468C
:10051000DDF720FE01464FF07E50DDF71BFE8AE737
:1005200036492046DDF720FF354B53F82610DDF71E
:1005300013FEDEF7F5F88046DDF7C2FE31490646C8
:10054000DDF712FF01462046DDF704FE2E49054681
:100550003046DDF709FF07469EE7B3F1505F0CD246
:100560002A492046DDF7F8FD4FF07E51DEF7B8F856
:1005700030B14FF07E5120465BE74FF0000890E726
:1005800080468EE731464FF08040DDF7E3FD0146BF
:100590004846DDF79DFF01463846DDF7DBFD29467D
:1005A000DDF7D8FD01464FF07E50DDF7D3FD18F1A1
:1005B0007D0F02DB00EBC85445E708F164084FF0FB
:1005C000586100EBC850DDF7CFFE34E700243AE76E
:1005D0001772B142B5F1CF421872B13E9115853F05
:1005E00058D80B0050D80B004CBB31330EEADD3528
:1005F00055B38A38610B363BABAA2A3E3BAAB83FBB
:1006000060D80B008071313FD1F71737CAF24971BA
:1006100010B100200249704700200249704700BF16
:100620000000F0FF0000F07F08B1024870474FF073
:10063000FF407047000080FF08B1024870474FF04C
:10064000FF407047000080FF08B508F01BF8014824
:1006500008BD00BF0000C07F704700F00CBCE2F78F
:1006600001BBFDF723B87047E2F7FCBA13460A4610
:10067000012100F000BCFDF719B8FAF76BBFE2F7F3
:10068000F1BAFDF713B8E2F7EDBA13460A460121B5
:1006900000F0F1BBFDF70AB800EBC100408840084C
:1006A000704708B5FFF7F8FF084408BD08B50346D2
:1006B000FFF7F2FFB0FA80F21846BDE80840C2F139
:1006C0001F02E0F78BBA2DE9F843B1FA81F3C3F1C9
:1006D0001F0800EB8809D9F8106005460A46A6B93C
:1006E0004FF0FF34C3F120039C40EB681C401CD04A
:1006F00094FAA4F6B6FA86F6331D55F82340284638
:100700002146E0F73FFA32460BE034460327214604
:100710002846FFF7C1FF82420AD82846E0F732FA9E
:10072000424621462846E0F759FA2046BDE8F883BC
:1007300005EBC404E488013FC9F81040D0D0B442AE
:10074000E5D1CDE738B50446FFF7A6FF0D460346D1
:1007500011462046FFF7A0FF1A1892B2530004EB8F
:10076000C50520466B80FFF79CFF24F8302038BD7C
:1007700070B50B460546FFF78FFF511A89B205EB9E
:10078000C3049B1A03444E0066809CB2600005EBD4
:10079000C203588025F8321028461146FFF781FF22
:1007A00025F8304070BD70B509B9002070BD0568EE
:1007B00001F007030B33CC0804EBD304AB682846E5
:1007C0009C4228BF1C462146FFF77DFF06460028B5
:1007D000EBD001462846FFF75FFFA04207D9284625
:1007E0003219FFF7C5FF11462846E0F781F905EBFE
:1007F000C60210465388043043F001035380D5E706
:100800001146FFF7D0BF2DE9F04706460D461746C3
:1008100098462BB34FF0000A98F8004093F80190E7
:10082000DB78A40004EB430498F802301C444444F1
:10083000CA4509D339463046AC46D8F8042008F1F9
:100840000803BDE8F047604714F8013B0AF1010ACC
:10085000204648F82340DEF705F801300444E7E776
:100860006FF01500BDE8F08730B502460024002087
:1008700012F8013B43B178B18C4207D1702B04D000
:10088000A3F140053A2D07D8002030BDA3F1400563
:100890003A2D01D80134EAE7252B08BF80F001008A
:1008A000E6E70020704700F04ABA0FB407B504A984
:1008B00051F8040B019100F042FA03B05DF804EB2B
:1008C00004B07047002383F31188BFF36F8F0423B4
:1008D000184602DF70470FB407B504A951F8040B9E
:1008E0000191FFF7E0FF03B05DF804EB04B070473F
:1008F00010B50369024613F0080009D11368D468E3
:100900009C429BBF0120526AE31AD31A0B6010BDB0
:1009100000231846FAE713B501A90446FFF7E8FFDC
:1009200020B1019BE268013B13440193606A019B83
:10093000C01A013802B010BD10B504465018226923
:10094000636AD20702D5013B184010BD984228BF08
:10095000C01AFAE710B504460A46C168FFF7ECFF73
:100960002369E06023F00803236110BD38B50D460C
:10097000026A8B00016843F00203044642F821300A
:1009800001682A46FFF7D8FFE3686168984208BF0C
:100990002369206008BF43F008032A46204608BFA9
:1009A0002361FFF7C9FF606038BD2DE9F74F0F469F
:1009B0000021D0F80CB0066A009216F82B209A4657
:1009C00002F00302022A14BF894656F82B2006EBD8
:1009D0008B030193009B08BFC2F39D091960044675
:1009E000CAF80010B9F1000F07D04946FFF7B2FF6F
:1009F000E368A3604FF0010804E001698A0705D4A9
:100A00004FF00008404603B0BDE8F08FC16906EB27
:100A10008B00884716F82B10054611F00108EFD01F
:100A20008B071DD51FB139462046FFF79FFF616830
:100A30002A462046FFF780FFD4E902138B4260600C
:100A400007D12A462046FFF777FF4FF000080146FE
:100A5000A0602369216043F00803E1602361D1E7CE
:100A600001462046FFF776FFE168A1601FB12068CC
:100A7000216A41F82090EA19CAF80020216820462E
:100A8000FFF75AFF2269206042F00802226116F83F
:100A90002B2022F0010206F82B20DDE900321A603B
:100AA000A8E770B504461546FFF746FF2368834262
:100AB00005D12369216023F00803236170BD226AF8
:100AC000AB0043F0020342F8213061682A46204619
:100AD000FFF732FF6060F1E738B5036904465B0752
:100AE00006D5856AFFF717FF85422CBFA562A06275
:100AF00038BDA0F13003DBB2092B02D80B70002007
:100B00007047A0F16103052B02D857380870F6E74B
:100B1000A0F14103052B01D83738F7E76FF0150036
:100B20007047F7B5054601F0010000EB51069E4203
:100B30004FEA510703D90026304603B0F0BD58B143
:100B400028780DF10701FFF7D4FF0028F3D19DF8B5
:100B50000730013502F8013B01351744BA42EBD0AA
:100B600015F8010C0DF10701FFF7C3FF0028E2D1D2
:100B70009DF807402401E4B2147015F8020BFFF74A
:100B8000B8FF0028D7D19DF807301C4402F8014B6C
:100B9000E4E7838B13F0070306D10368002B18BF2B
:100BA000032008BF00207047022B05D1C08BB0FA8C
:100BB00080F0400980007047012B04D10368002BAE
:100BC00018BF0520EDE70020704710B50C4600B1B6
:100BD00011B96FF0150010BD081D00F02FF80028A6
:100BE000F9D1A368032BF6D9F3E72DE9F0410D46BF
:100BF00007461946281D90461E46E1F75DFD04464E
:100C000038B13346424629463846A446BDE8F0414D
:100C10006047BDE8F08138B50C46054658B151B182
:100C20000B6843B14B6833B12022002107F01DFB54
:100C300000202C6138BD6FF01500FBE7034640B182
:100C4000426802F00302022A06D0032A04D0012AD5
:100C500005D06FF0150070471A68002AF9D00020FF
:100C60009860704770B506460C888888241A3069E9
:100C7000A4B2844285B224BF641BA4B22D1BA8B2C7
:100C8000984228BF18463368234413600B880344F6
:100C90000B8070BD70B4838985880669ED1AADB28A
:100CA000731B934228BF134670BC0A46011DFFF711
:100CB000D9BF70B40E460146C58831F80A3FEC1A18
:100CC000A3B2934228BF1346324670BCFFF7CABF97
:100CD00010B54B880C88E41AA4B294420ED31A447F
:100CE00092B28B884A800A800069D21A92B28242FC
:100CF00001D2002010BD03448B80FAE76FF015008D
:100D0000F8E7704703785B075FBF03684288C3F367
:100D10004A2303EB12105DBF173020F00700800854
:100D2000002070470020704706F036BD0346D3E828
:100D3000EF0F421CC3E8E12F0029F8D170471FB51F
:100D40000023CDE902011A4619461846CDE90033C1
:100D5000E2F750FA05B05DF804FB0120E1F73ABE76
:100D60000020704718B140680079E2F7DDB84FF015
:100D7000FF30FAE738B504460D4643681146DA718C
:100D8000E2F73EF9012263681D6063685A71BDE8AD
:100D90003840E1F711BE70B515460C4669B1D2E98D
:100DA00001369B1B99420AD813680A4601469819D6
:100DB00007F035FAAB682344AB60204670BD6FF096
:100DC0001B00FBE770B50E4615461946044618B9D8
:100DD000BDE87040E1F7FEBD33B1C2F34A231030E5
:100DE000120D184407F01BFAC4E900562046BDE86E
:100DF0007040E2F745B82DE9F3415F1C4FEA8708E0
:100E0000064608F1170020F0070080080C4615463A
:100E1000E1F780FE00238DF80470ADF805308DF801
:100E2000073068B10346019AA8F1040143F8102F76
:100E30002A46294452F8045B8A4243F8045FF9D1F8
:100E400000233146A20102F4E07242EA482222F075
:100E50007F4222F4700222F03F0202B0BDE8F0416E
:100E6000FFF7B0BF07B50123019201AAFFF7C3FF47
:100E700003B05DF804FB07B5CDE9002302236A4601
:100E8000FFF7B9FF03B05DF804FB1FB5CDE90123FF
:100E9000069B01AA03930323FFF7ADFF05B05DF89E
:100EA00004FBF8B506460D4614461F4604B9F8BDC6
:100EB000214628463A46B047241A0544F6E710B5BD
:100EC00042680446D2E9002381680068FFF7E9FF21
:100ED000002263681A6010BD0A2838B504460D4622
:100EE00002D10D20E2F728FA29462046E2F724FA3B
:100EF000002038BD2DE9F043054689B008460E882C
:100F000091F800900C46D1F808801746E2F7E8F90E
:100F1000011EC6F38216C9F3C2091FDB4846E1F77A
:100F2000C1FF0346214651F8102B6088C2F34A22C4
:100F3000002A01EB020408BF00210022C0F30B10BD
:100F4000CDE90507CDE9031428464146CDE9002245
:100F50000296E2F71BFA09B0BDE8F0830023E1E74F
:100F6000036A1BB11B7900200B7070476FF05700AC
:100F70007047006A18B1D0E8AF0F00F00100704769
:100F8000036A3BB11B692BB11B6A1879B0FA80F078
:100F9000400970470120704770B5056A04460E4647
:100FA0000DB103232B712046FFF7EAFF80B1032127
:100FB0002046B047002802DA10F1860F09D12DB97A
:100FC00020463346BDE870400121184701232B71AC
:100FD000002070BD38B5046A2568A90601D4002038
:100FE00038BDE168D9B10139E1600029F7D1A368C2
:100FF0009847002803DAE3680133E360F0E7012350
:101000006A072371ECD52069036A1B68DB0509D5E3
:10101000FFF7E0FF236823F004032360E0E76FF0AD
:101020007700DDE76FF00A00DAE7D0E8AF0F08419C
:1010300000F001007047FAF7E5BCFAF779BC036AE3
:101040000BB1E2F74FBE18467047006A10B1052198
:10105000FFF7EBBF704708B50346FFF7F6FF10B187
:101060001B6AD86808BD6FF08500FBE7012008B552
:10107000E0F7DAFE002008B5E0F7D6FE0B68834201
:1010800004BF01230B71704703785B075FBF0368E0
:101090004288C3F34A2303EB12105DBF173020F0E0
:1010A00007008008002070474368002019737047CC
:1010B00043681868E2F77ABB2DE9F04145680C46B1
:1010C00095F80C8017461E46B8F1000F13D001EBBF
:1010D0000208A04508D137600120D5E901319847C1
:1010E00000242046BDE8F081286814F8011B8368BD
:1010F000DB699847EDE7286883685C684FF0FF3349
:10110000A047041E02DAC6F80080EAE74FF0FF327B
:101110004FF0FF3305F11000FAF774FC3760044616
:10112000D5E9013101209847DBE72DE9F0410B7843
:1011300006461446042B34D8DFE803F003330915C0
:10114000350004F11000BDE8F041FAF7F1BB04F1FD
:101150002800CA684968F6F7E5F9D4E90131BDE825
:10116000F0410020184704F12807384606F03FF800
:10117000054670B1B36801461B69304694F83420C7
:10118000984700280DDA29463846BDE8F04106F0B8
:1011900048B84434D4E8EF3F0133C4E8E23F002AC2
:1011A000F8D1BDE8F081496804F12800EDE700239B
:1011B000826882F85C308268A2F856308268A2F8B1
:1011C00054307047034610B5D3E8EF0F40EA0102F0
:1011D000C3E8E42F002CF7D110BD034610B5D3E8C7
:1011E000EF0F00EA0102C3E8E42F002CF7D110BD95
:1011F0000EB403B503AA52F8041B0192E4F7F6FFFC
:1012000002B05DF804EB03B0704708B510B1DDF72C
:1012100029FB80B208BD00F52570FAF789BB4FF0B5
:10122000FF324FF0FF3300F52570FAF7EBBB00F506
:10123000207019B14FF40061FFF7C4BF6FF4006173
:10124000FFF7CBBF00F5207019B14FF48061FFF7B5
:10125000B9BF6FF48061FFF7C0BF08B500F51F701C
:1012600029B10121FFF7AEFF00F0010008BD6FF0CA
:101270000101FFF7B2FFF7E7F7B5044600260027A4
:10128000204600F0E8FBE06900F0C7FD0546204677
:10129000E5F7D2FAA368B3F8543023B140F2D51081
:1012A0000021FCF703FA55B1A06800F52170002277
:1012B0000121CDE9006706F099FF0028E0D003B0D6
:1012C000F0BD08B500F52570FAF79CFBB0FA80F088
:1012D000400908BD38B50C46051EA06814BF08219A
:1012E000012100F5217006F076FF012D08D1A068DC
:1012F0004FF40071BDE8384000F52070FFF762BF81
:1013000038BD73B5044680680E46154600F5217059
:1013100000220023CDE9002306F068FF58B1A06841
:1013200000F52170314606F05DFF20462B4602B0E5
:10133000BDE87040184702B070BD0CB407B504ABEF
:1013400053F8042B0193E4F729FD03B05DF804EB97
:1013500002B070470EB403B503AB53F8042B02215F
:101360000193E4F71BFD02B05DF804EB03B0704796
:101370000EB403B503AB53F8042B08210193E4F733
:101380000DFD02B05DF804EB03B070470EB403B579
:1013900003AB53F8042B03210193E4F7FFFC02B0E5
:1013A0005DF804EB03B070470EB403B503AB53F81C
:1013B000042B01210193E4F7F1FC02B05DF804EB8A
:1013C00003B0704710B543F6095204460023806805
:1013D000FFF777FF38B12046E3F76AFEA068BDE863
:1013E0001040FFF718BF10BD18B18368D3F8B002E2
:1013F00070476FF01500704710B5026904468368A6
:1014000012680168C0689847002223691A6010BDFD
:1014100038B5CB6805461B7C0C46022B04D10A2844
:1014200002D10D20FFF7F4FF236922681B68D55411
:10143000226913680133136023691A6863689A424A
:1014400002D12046FFF7D8FF002038BD08B510B103
:10145000DDF708FA80B208BD2DE9F74F824601A8F2
:101460001F460D461646F9F77BF9282380464FF0B4
:101470000009019803FB0808804501D8002028E0F6
:101480004FB9DDF804B0DBF8004084B9019C04F1E9
:1014900028000190F0E7012F04D006F0F6FB0028A9
:1014A000EFD0F3E706F0F1FB0028EAD1EEE723786E
:1014B000002BEBD04DB12846DDF7D4F9214602468A
:1014C000284606F012FF0028E0D12EB9D14508D1F8
:1014D000019803B0BDE8F08F5846B0470028F5D119
:1014E000D4E709F10109D1E710B5047B438922440F
:1014F000B2FBF3F0214403FB1022B1FBF3F003FB3A
:101500001010101A10BD10B5047B43892144101926
:10151000B0FBF3F0B1FBF3F1401A10BD30B5057B21
:1015200043892944B1FBF3F403FB14112A4401312C
:101530000180B2FBF3F103FB1122013484800132FC
:101540004C1CC480428030BD2DE9F74F0026074671
:10155000884614469946B24606602378002B00F070
:101560009F80202B23D0093B042B20D93B685A1C99
:101570003A6048F823403B684B4500F091800026D4
:101580002578002DE9D0002E7BD1272D03D05C2DAE
:1015900010D0222D6BD12046FFF758FF611C024668
:1015A000204606F049FE2E46A3465C46E8E704F8CE
:1015B00001ABD2E704F1010B2046FFF747FF594684
:1015C0000246204606F038FEEFE75C2D56D16278E1
:1015D0009642F1D0302A21D102230025E25CA2F10B
:1015E0003001C9B2072916D8ED000133EDB2052B41
:1015F00045EA0105F2D1591E21442046019300918C
:10160000FFF724FF019B0099023BC21A204606F017
:1016100013FE2570C9E7DBB2022BECD1782A2DD15D
:1016200002210025635CA3F13002D2B2092A08D856
:101630002D01EDB215434B1C042B4FF00301DAD002
:10164000F0E7A3F16102052A05D82D01EDB2573B61
:101650001D43EDB2EFE7A3F14102052A03D82D01A6
:10166000EDB2373BF4E7022908D00323C3E7202D6E
:101670003FF473AF093D042D7FF66FAF04F1010B0A
:1016800093E7B54204F1010B9FD12046FFF7DEFE40
:1016900059460246204606F0CFFDA346002684E7C1
:1016A000304603B0BDE8F08F2DE9F0410F461646F5
:1016B000044686B070B1034601AC00F11005224625
:1016C00018685968083303C2AB421446F7D118684A
:1016D00001AC10604FF00008414632462046E4F766
:1016E00099FD08F10108054628B138462968DDF75B
:1016F000A7F80028F0D1284606B0BDE8F0812DE912
:10170000F04700250F4690461E46DDF820909DF8D4
:1017100024A01D60AF42044610D94A46204658F81E
:101720002510FFF7C1FF48B133685D1C3560BAF181
:10173000000FEFD08145EDD1002433602046BDE895
:10174000F087F8B58468064694F85C302BB9B36826
:10175000B3F85420A3F85620F8BD04F15C00B4F8A7
:101760005430C21812F8012C202A1CD0093A042A3D
:1017700019D90022C25413461D46425D0133202A66
:101780009BB200EB0501F7D0093A042AF4D9002DE9
:10179000DDD0B4F854707A1C521B7F1B06F04CFD50
:1017A000A4F85470D3E7013B9BB2A4F85430002B4B
:1017B000D5D184F85C30CAE700231A46FFF74CBE47
:1017C00002230022FFF748BE2DE9F74F054601A886
:1017D000F8F7C6FF2823019C03FB00480DBB00243B
:1017E000204603B0BDE8F08F266876B13046DDF7BD
:1017F00039F807462846DDF735F8874205D13146E6
:101800002846DDF71DF80028EAD0636A3BB11B6863
:101810002BB19A460026D3F800904E4504D12834C7
:101820000194A045E0D8DAE75AF804BF5846DDF73E
:1018300019F807462846DDF715F8874205D15946BD
:101840002846DCF7FDFF0028CAD00136E5E70EB4D4
:1018500003B503AA52F8041B0192E4F7C7FC02B0D7
:101860005DF804EB03B0704710B50446DCF7FAFFEF
:10187000B4F8543013FA80F038B1638FB0FBF3F250
:1018800003FB1200B0FA80F0400910BD38B584683F
:101890002046DCF7E7FFD4F87C52B4F85630C5F3A5
:1018A000400580B205FB0300638FB0FBF3F203FB3E
:1018B0001200B0FA80F0400938BD10B50446FFF7B9
:1018C000E5FF18B9A068FFF7CFFF20B16069BDE858
:1018D0001040E4F741BD10BDF8B50546846804F139
:1018E0003000B4F85420B4F85610FFF717FEA8687B
:1018F000A78EE68EFFF7B8FF10B16869E4F72CFDFC
:10190000B74207D1218E638E2846C91ABDE8F84038
:10191000E4F73EBDE18EA38E2846C91AE4F722FD06
:10192000F0E7F8B504460D468068B0F85610B0F8F8
:10193000542030300D44FFF7F1FDA068ADB2B0F88F
:1019400056102A463030FFF7DEFD0746A0682A46CB
:10195000B0F856103030FFF7C7FD064679422046F2
:10196000E4F700FD31462046E4F712FDA368A3F832
:101970005650F8BD2DE9F0410C1E064633DA4FF003
:10198000FF35644224B2A4B2AFB213E0B3680022C0
:10199000B3F856C0B3F85480614603F15C0E69B9E0
:1019A0006B1C22D1A1EB0C01304609B2FFF7B9FF45
:1019B000013CA4B2002CE9D1BDE8F081884501D1F9
:1019C000012DEFD01EF8013023F0200041381928F6
:1019D00007D9303B092B04D9002AE3D1394489B215
:1019E000DDE70122FAE70125CDE7B8F1000FE9D1E3
:1019F000D8E78368B3F85610494209B2FFF791BFA0
:101A00008368B3F85410B3F85630C91A09B2FFF717
:101A100088BF8368B3F856301BB14FF0FF31FFF732
:101A200080BF70478368B3F85620B3F854309A42A9
:101A300002D20121FFF775BF70478268B2F85610D5
:101A4000A2F854108368B3F856201344002283F898
:101A50005C20E4F775BC10B504468068B0F85420EB
:101A6000B0F856103030FFF759FDA3682046198EA4
:101A7000C1F10101E4F78CFCA3682046998E01397D
:101A8000E4F770FC2046BDE81040E4F759BCE4F7E9
:101A9000D1BCF7B51E4683681546D3F87C220446B0
:101AA000D20613D593F83E208A420FD0DB8FADF8D3
:101AB0000430E4F727FD324629466069E4F796FBD7
:101AC000204601A9E4F73EFD03B0F0BD32462946A9
:101AD000606903B0BDE8F040E4F788BB2DE9F04150
:101AE00087680546B7F854608846B318FF2B14463C
:101AF00026DCB7F85630F61A5C331F44B6B23246CD
:101B00003946381906F098FB22464146384606F019
:101B100086FBAA68B2F854302344A2F85430AB686C
:101B2000B3F854201344002283F85C20AB68D3F848
:101B30007C12890706D4B3F856201444A3F8564003
:101B4000BDE8F08131462846BDE8F041E4F7CEBD5E
:101B5000FFF7C4BF38B505468068B0F85620B0F826
:101B60005440A41AA4B29CB15C321044411C2246D9
:101B700006F062FBAA68611EB2F854302846013BA9
:101B8000A2F8543089B20122BDE83840E4F7AEBD76
:101B900038BD10B583680446B3F854205AB1B3F881
:101BA000563043B14FF0FF31FFF7BBFE2046BDE892
:101BB0001040FFF7CFBF10BDF8B5C3695E695F681D
:101BC00083683046D3F87C52E0F70EF8C5F3001571
:101BD000044650B1014605F18E023846FFF78AF9F6
:101BE00030462146E0F780F80120F8BD43681B68C5
:101BF000D3E90632D3E8EFCF8C44C3E8E0CF002826
:101C0000F8D19368D3E8EF0F0844C3E8E20F002A45
:101C1000F8D170472DE9F843436807461E680D4622
:101C2000B268F369D2F87C429A68C4F3001412795E
:101C3000012A03D0032A4FD0BDE8F883D868D3F82F
:101C400014800B7847F6122E590740F2E7318C4684
:101C50004FF0000158BF2B68E0FB0EC15CBFC3F31F
:101C60004A246B884FF47A725EBF04EB1314173466
:101C700024F007044FF0000360464CBF0024A40882
:101C8000DCF7C4FD02460B4640462146DFF7B6FEB0
:101C9000814628B93846BDE8F8430121FFF7A6BFC1
:101CA000012CF7D9294651F8043B0268C3F39D0380
:101CB00063F39F0240F8042B621E920006F0AFFA15
:101CC00040464946DFF74AFFB06800F5217002211F
:101CD000BDE8F84306F07FBA3046D3F80480FFF73A
:101CE000BAFE06F00FF904F18E07044600B3EFF3D5
:101CF0001184202383F31288BFF36F8FB368D3F866
:101D000080321A051ED53A4629464046FFF7F2F8BA
:101D1000B368D3F880321B0502D43046E4F78CFD5B
:101D200006F0F0F890B184F31188BFF36F8F83E76A
:101D3000B06800F525704FF0FF324FF0FF33F9F730
:101D400061FEDBE73046FFF786FEDCE7B06800F5B2
:101D50002570BDE8F843F9F7EBBD134610B50C4606
:101D60000A4601461846FFF792FE204610BD70B5A0
:101D700004460D46D0E904101646DFF711FE324640
:101D800029462068FEF7F6FF002263685B685D6005
:101D9000A3681A600122A3681A7170BD10B50446C9
:101DA0000068E1F745F90222A3681A7110BD10B569
:101DB000436801211C68606803689B689847E36971
:101DC00030BB03229B681A71A36803F52073D3E824
:101DD000EF1F41F40051C3E8E21F002AF7D1A068C9
:101DE000B0F85420B0F856103030FFF797FB4FF0A2
:101DF000FF312046E4F7B6FAA3682046198E49421F
:101E0000E4F7C6FA2046FFF7D7FE0028FAD110BD46
:101E10001846BDE81040FFF7C1BFF7B505460022E0
:101E200003685B681C68A368D3F87C628368C6F3A8
:101E30000016D3E8EF7FC3E8E12F0029F9D18FB175
:101E40003EB1A3680121DB8F2046ADF80430E4F7F2
:101E500059FB39466868E1F7EBFB1EB1204601A942
:101E6000E4F770FB204603B0BDE8F040FFF7A4BEE6
:101E700078B10378C42B0BD143780B2B08D183782E
:101E8000D22B05D1C078A0F1860358425841704743
:101E9000002070470EB403B503AA52F8041B019248
:101EA000E4F7A4F902B05DF804EB03B070472DE944
:101EB000F843054688461746002418F80430202BBE
:101EC00021D0093B042B1ED94046DCF7CBFCAB6884
:101ED00080B2598F001BCB1B984208EB040914D920
:101EE0004846002610F8012B202A06D0A2F1090C42
:101EF000BCF1040F02D80A2A2DD03346BA199142F8
:101F000028D90136EEE70134D7E74B460026B04228
:101F100008D168694946FFF7BDFF6869BDE8F84325
:101F2000E4F7CABC13F8012B0A2A11D16869FFF73C
:101F300063FA324649462846E4F77CFA01343444D1
:101F40006869E4F7B9FC39462846E4F721FABBE7AB
:101F50000136DCE71E466869FFF74EFA324649460D
:101F60002846E4F767FA344418F80430202B02D0EE
:101F7000093B042BE4D80134F6E70020704783695D
:101F80000020186070470EB403B503AA52F8041B72
:101F90000192E4F72BF902B05DF804EB03B070474F
:101FA00008B50168E4F73EF8002008BD836803F532
:101FB0001F73D3E8EF1F21F00801C3E8E21F002AD6
:101FC000F7D100207047836803F51F73D3E8EF1F34
:101FD00041F00201C3E8E21F002AF7D10020704758
:101FE000836803F51F73D3E8EF1F21F01001C3E8E6
:101FF000E21F002AF7D100207047836803F51F73A2
:10200000D3E8EF1F21F02001C3E8E21F002AF7D137
:1020100000207047836803F51F73D3E8EF1F21F09A
:102020000201C3E8E21F002AF7D10020704783684D
:1020300003F51F73D3E8EF1F41F00801C3E8E21F67
:10204000002AF7D100207047836803F51F73D3E897
:10205000EF1F41F01001C3E8E21F002AF7D1002072
:102060007047836803F51F73D3E8EF1F41F0200129
:10207000C3E8E21F002AF7D1002070470023C360A5
:10208000704770B515461E46C468F1B13CB90346A9
:1020900053F8044F9C4209D10020308070BD836802
:1020A000A34202D10023C360F6E72468C460002C79
:1020B000F2D02289284604F10A0106F0B0F8002285
:1020C000238901203380EA54E8E7002CE4D04368F8
:1020D0009C42E7D06468E9E72DE9F8430023044611
:1020E00088461646C36022B3071D4068874200D069
:1020F000B8B906F10A090022002349462068F8F71A
:1021000005FE0546B8B963689F4212D0A168D1E9BF
:10211000003213605A60C1E900002068F8F704FE3D
:10212000E9E703899342E4D10A3006F0AAF80028CF
:10213000DFD1BDE8F8830681324641460A3006F019
:102140006EF86368C5E900375D606560F1E770B5FA
:1021500004460025061D6368B34202D10023E360F4
:1021600070BDA168D1E9003213605A60C1E9005521
:102170002068F8F7D9FDEEE706F077B806F04FB81B
:1021800001460068E4F732BE08B5E4F79FFEBDE8FB
:102190000840E5F7F7BA0A460121FEF763BE0021C1
:1021A0000120E4F723BED0F8A03083F30B887047FA
:1021B0006FF08500704761B662B680F31188BFF397
:1021C0006F8F704772B6002383F31188BFF36F8F50
:1021D000BFF34F8F30BF62B6BFF36F8F704772B6D9
:1021E000002383F31188BFF36F8FBFF34F8F20BF9E
:1021F00080F31188BFF36F8F62B6704740E800F339
:1022000013F4803FD8B208BF6FF01500704730B5A7
:102210000C684B6885B00A894D890094013B24F015
:102220001F04234402F01F0242EA451223F01F0359
:1022300069468DF808200393E5F760FB05B030BDD3
:1022400008B5D1E904319847002008BD08B5E5F785
:10225000B7FD002008BD7047C16A8968E5F788BEF0
:1022600038B50D4614461146E6F760F82246294671
:10227000BDE8384005F0D3BF10B5036802211C88C3
:10228000E6F788F860BA80B210BD914270B5044696
:102290000E461ED00D462DB9A6603368BBB1204650
:1022A000984714E0EB689A4204D01D46F3E73346A2
:1022B00083B91D46002DEFD0AE42EDD0A5602B684E
:1022C000002BF4D020469847237C9B07EFD523684A
:1022D000A36070BDDA689542EBD01346E8E770B5AD
:1022E00004460D4609690029FBD1237CC4E900514D
:1022F00023F00F0323742B46E160A5601E46DB68C4
:10230000002BFBD1336833B9324629462046BDE85D
:102310007040FFF7BABFA660336820469847237C19
:10232000A5609B07F0D570BD38B5037C04469D07BA
:1023300001D5E06813E023F00F03037403688360A2
:102340005B682BB1984718B9237C43F008032374CA
:10235000237C9907EDD413F0090F01D0002038BD7C
:102360002368DD68A5B1A5606B680BB9ED68F9E776
:102370002046984718B9237C43F008032374237C34
:102380009A0702D52368A360D3E713F0090FEDD0B5
:102390002368A360E2E70022E6F7D6B810B50A4446
:1023A000914200D110BD11F8013B434083EA031371
:1023B000DBB2DC0084EA032484EA102080EA1310F4
:1023C000EEE7012902D0022904D0704702F5967089
:1023D000E6F728B902F1E000FAE770B547F6122CEB
:1023E0000446B0F8B820036E002140F2E7305B6885
:1023F00003EB0213DD894FF47A720023E5FB0C0135
:10240000DCF704FA02460B4604F1F000BDE8704028
:10241000E6F70EB950F8483C1BB10121A838E6F7A1
:1024200063B9704702217838E6F75EB961B9B0F850
:10243000B83001339BB2026EA0F8B83011899942CE
:1024400004D10021E6F750B90023F4E7526802EB0B
:1024500003139A885AB10023C364A0F85830A0F837
:10246000DE300123E03000F8043CE6F7DBB89A895F
:102470002AB19A68C2649B89A0F858307047FFF768
:10248000ACBF50F8903C1BB10021F038FFF7CEBF35
:10249000704770B5B0F828310446012B10D0022BDC
:1024A00001D0E3B170BDD0F820311D69002DF9D005
:1024B000AC46BDE870404368B0F84A20416C6047C4
:1024C000D0F820311D6925B14368B0F84A20416C2D
:1024D000A8472046BDE870400121E6F705B9D0F8CD
:1024E00020311D6925B14368B0F84A20416CA847E6
:1024F000D4F82031997B0029D4D12046BDE8704022
:10250000FFF794BF70B5044650F8043C012140F831
:10251000083CDA68683802651B8AA0F85A30FFF771
:1025200085FF54F8083CBBB19D694FF47A7347F6B8
:10253000122C40F2E73000215D434FF47A72002301
:10254000E5FB0C01DCF762F902460B4604F11000D2
:10255000BDE87040E6F76CB870BD38B550F8803C07
:102560000446A0F1E005ABB110F8043C012B12D0F9
:10257000022B1BD073B154F8803C34F8282C5B68D4
:1025800003EB02139A89E2B19A6844F8942C9B8970
:1025900024F8883C38BD2846E6F750F80028F9D0E2
:1025A000002324F8023C022304F8043C2846E6F702
:1025B00045F80028EED0002324F8023C04F8043C3F
:1025C000D9E7D989284619B1BDE83840FFF705BFDA
:1025D000BDE83840FFF72ABFBC30D0E8AF0F00F0AD
:1025E0000100704738B50546E6F738FB044678B970
:1025F0004FF0FF324FF0FF3305F1C400F9F702FA54
:10260000002807DB95F8C030002B18BF6FF00A04D4
:10261000204638BD0446FBE730B5044600688BB061
:1026200008B100F005FC0025694604F16800F9F7DF
:102630003FFD694604F1A800F9F73AFD694604F543
:102640009670F9F735FD694604F1E000F9F730FDC1
:102650002560E5812586A4F84A502566A4F8B8507F
:1026600004F1BC03D3E8EF2FC3E8E15F0029F9D1FF
:10267000012384F8C03004F1C400F9F723FAC4E957
:102680004855C4E9135584F8DC50A4F8DE50A5651C
:102690000BB030BD1422002105F0E7BD38B50D4662
:1026A00004464FF48071284605F044FEB0F5807F63
:1026B0001DBF2071256000206FF00B0038BD38B5BC
:1026C0000D4604464FF48071284605F033FEB0F500
:1026D000807F1DBF2073A56000206FF00B0038BD08
:1026E0000161704781737047417370471022002168
:1026F00005F0BBBD38B50D4604464FF48031284681
:1027000005F018FEB0F5803F1DBFA08025600020B9
:102710006FF00B0038BD19B922B16FF0150070478A
:10272000002AFAD0816082810020704701607047E2
:1027300019B922B16FF015007047002AFAD0416034
:1027400002810020704719B922B16FF0150070475F
:10275000002AFAD0C16002820020704741617047B0
:102760008161704710F0010308BF1846704710B42C
:10277000D0F8684124B12346D0F86C2110BC18472A
:1027800010BC704707B50B460246684605F093FC3F
:10279000DDE9003213430CBF0120002003B05DF8D7
:1027A00004FB012A37B50446154605D800232360EB
:1027B0002046237103B030BD00230878ADF8023005
:1027C0008DF80430FFF7CEFF4B788DF8000013F042
:1027D000010208BF13468DF801309DF80030D8077C
:1027E000E4D59DF80130DA07E0D5072B4FEA530214
:1027F000DCD8931CAB42D9D802310DF1020005F0B0
:102800000EFD00989DF804302060D1E72DE9F341DA
:10281000028D038CC46A9B1A9BB2E41A0B89063C96
:102820007F2B28BF7F23A4B29C4228BF1C46F923DC
:1028300088468DF800300B784A789B0043EA4203C3
:1028400043F001038A788DF80130CB78064643EADD
:1028500002138DF80230630043F00103032200F1FC
:102860001C070DF10101FF208DF80330E5F7A6FEEE
:1028700098F80330EF2B20D1C5436946042238462F
:10288000DFF742FF2246D8F804103846DFF73CFF56
:10289000F923694602223846EDB28DF801308DF8F1
:1028A0000050DFF731FF0022002306F18800E5F732
:1028B000BFFE204602B0BDE8F0812246D8F80410E1
:1028C000E5F77CFEC543D8E7FEF7CCBA002310B588
:1028D000044680F8B830043000F0D1FA04F18800E2
:1028E000F9F72AFE04F15800BDE81040F9F724BEBC
:1028F00010B544688AB00CB90AB010BD201D00F0B4
:10290000BEFA694604F15800F9F75CFE04F188004C
:102910006946F9F757FE2468EDE710B5446804B935
:1029200010BD94F8B930DB0702D4201D00F0BFFAC7
:102930002468F4E713B50446A0B190F87E318BB15A
:10294000D0E96023684605F091FBDDE9002304F53A
:102950008C70C4E95823D4E9602302B0BDE810406C
:10296000F9F7E4BD02B010BD0129104603D00229D9
:102970000BD029B17047002200235830E5F758BE2C
:102980001175002200238830F8E792F87F31002B80
:10299000F7D1137B042BF4D17047F8F72DBDF8F76E
:1029A000D9BD0173012300F5A47003FA01F105F00C
:1029B00015BC38B50446E830F9F7BEFD04F1B8009F
:1029C000F9F7BAFD04F1300500212046FFF7E9FFD1
:1029D0004FF0FF3228464FF0FF33FFF7DEFFA37BB7
:1029E000284623F00103A373FFF7D9FF20460121F6
:1029F000FFF7BDFE2046BDE83840FFF779BF38B588
:102A00000446C06AE6F728FA60B188342046F9F730
:102A10006FFC054648B9002200232046E5F708FE72
:102A2000284638BD4FF0FF35FAE76FF00F05F7E79E
:102A300070B5C66A04463046E6F754FA98B1583481
:102A40002046F9F755FC054680B93046E6F704FA0A
:102A500030B1002200232046E5F7EAFD284670BD8C
:102A600042F29F42F6E74FF0FF35F7E76FF00F05B0
:102A7000F4E7F0B5C46A054685B020460F46164611
:102A8000E6F7EAF9002847D006B15FB92046FFF71C
:102A900051FF0022002304F18800F9F747FD0020D0
:102AA00005B0F0BD95F8B930DA07F8D42B8D04F1F4
:102AB00030058DF80430A37B4FF0FF32C3F34003A1
:102AC0008DF805304FF46F432846ADF806304FF0CF
:102AD000FF330297ADF80C60FFF75FFFA37BDB07C6
:102AE0000CD5237B032B09D0052B07D0238D228CFB
:102AF000D21AE36A9B1A9BB2182B03D82846FFF719
:102B00004EFFCCE7204601A9FFF780FE0446284689
:102B1000FFF745FF20B2C3E74FF0FF30C0E730B505
:102B2000044687B000283BD0002939D091F8B8007E
:102B30000A8D831E5842584191F8B93040F2E35152
:102B4000002503F0020363F07F0343EA800302F0F1
:102B50003F0243EAC0039200019143F0010342F0B7
:102B600003020DF1020101A88DF807308DF808501D
:102B70008DF80620E6F72EF9A37B0490C3F34003FB
:102B80008DF80D304FF46F43ADF80E30BDF80230C4
:102B9000204603A98DF80C50ADF81430E6F7E4F99F
:102BA00007B030BDF8B504460D46164600F144079F
:102BB0004FF0FF334FF0FF323846FFF7EEFE32465C
:102BC000294604F13000DFF7CDFD05463846FFF712
:102BD000E6FE94F8B9309A0713D5216CA28E7F29AE
:102BE000084628BF7F20A68F921B92B2891A88427E
:102BF00007D823F002032146E06A84F8B930FFF7D2
:102C00008EFF2846F8BD1FB588B1B0F8443090F863
:102C10004620ADF8043063238DF80730002301A966
:102C20008DF806200293ADF80C30E6F79DF905B05B
:102C30005DF804FB1FB5B0F8443001A9ADF80430CD
:102C400040F60173ADF8063000230293ADF80C3066
:102C5000E6F78AF905B05DF804FB70B510F8DC3CC6
:102C60000446072B86B0A0F1E8050DD110F8DB3C37
:102C70000133DBB2032B00F8DB3C22D9284606B037
:102C8000BDE87040FFF795BE2846E6F7E5F8002856
:102C90003DD02846E6F754FB064660B12846E6F7E5
:102CA000DBF8A0B340F635420023204606B0BDE86D
:102CB0007040E5F7BDBC07212846FFF772FE04F817
:102CC000DB6C40F2C31300260DF1020101A8019351
:102CD0008DF80860E6F77EF814F8DA3C0490C3F348
:102CE00040038DF80D304FF46F43ADF80E30BDF852
:102CF0000230284603A9ADF814308DF80C60E6F7D1
:102D000033F940F6354200232046E5F791FC06B042
:102D100070BD07B500220023CDE9002305F066FA57
:102D200003B05DF804FB2DE9F34100F114080446FB
:102D30000121404617461E46FFF7EBFF054618B136
:102D4000002002B0BDE8F081636820681B689847E6
:102D50000028F6DB01212A464046CDE9007605F041
:102D600045FA0028ECD16FF00A00EAE710B501211E
:102D700004461430FFF7CDFF28B9636820681B684C
:102D8000BDE81040184720460021E7F7AFFA0020C1
:102D900010BD38B5044604F11405E7F7DFFA042145
:102DA0002846FFF7B6FF18B101212046E7F79EFA43
:102DB00008212846FFF7ADFF28B12046BDE838407E
:102DC0000221E7F793BA38BD2DE9F04100F114076D
:102DD00004460D46384601211646FFF79AFF58B1C2
:102DE0000821384605F0FEF9636832462946206816
:102DF0005B68BDE8F0411847BDE8F0812DE9F0417E
:102E000000F1140704460D46384601211646FFF727
:102E100080FF58B10421384605F0E4F96368324672
:102E2000294620689B68BDE8F0411847BDE8F0815D
:102E300000221146E7F792BA10B502210446143079
:102E4000FFF767FF28B963682068DB68BDE81040BA
:102E5000184720460321E7F749FA002010BD10B5B6
:102E600004460921143005F0B9F920460021E7F79E
:102E70003DFA2046BDE810400221E7F737BA10B509
:102E800004460A21143005F0A9F92046BDE8104097
:102E90000321E7F72BBA10B504460421143005F0DE
:102EA0009AF92046BDE810400121E7F71FBA10B596
:102EB00004460821143005F08EF92046BDE8104084
:102EC0000221E7F713BA0068704700230160C0E9E8
:102ED000013303737047A1F17D03012B09D91F2929
:102EE00009D8012303FA01F10840003818BF012076
:102EF00070470120704700207047012905D011F06C
:102F0000FD0F06D102F1600001E002F17000E5F76B
:102F100089BB704743682BB1186818B100220023A1
:102F2000E0F79CBE0020704743681BB1186808B1E9
:102F3000E0F784BC0020704738B50C46056905F100
:102F40000803D3E8AF3FDB0726D591F937100029F6
:102F500008DB94F83730C3F30213073303F0070399
:102F6000012B1CD80023A26892B9012B02D800299A
:102F700018DBBBB1204602F02CF8214605F14400D5
:102F800004F037FF05F16000E5F74CFB002038BD89
:102F9000108A52680344E7E74FF0FF30F7E76FF01D
:102FA0007A00F4E76FF03C00F1E738B50446E0B191
:102FB0000368D3B11B681D69EBF73AFB236843B183
:102FC0000C33D3E8EF1F41F00801C3E8E21F002AE9
:102FD000F7D1204601F075FB204601F085FB6B68B8
:102FE0000BB1204698472C6038BD00231B69FFDEDB
:102FF0000068704730B504468BB000F10803D3E891
:10300000EF2F22F00101C3E8E01F0028F7D1D3071A
:1030100025D50025A069FFF70BFF694604F1600084
:10302000F9F746F8694604F17000F9F741F8206AAB
:10303000A561257710B101F0E5FF2562A06A84F84B
:10304000245010B101F0DEFFA562443400220023B9
:103050002046F8F7F5FB10B101F0D4FFF6E70BB00E
:1030600030BD5838FFF723BF2838FFF714BF70383A
:10307000FFF705BF836AD0F890200439C91AB1FB65
:10308000F2F102FB0131D1E8EF3F013BC1E8E23F41
:10309000002AF8D113B91C30F7F71CBF70478368BA
:1030A0005B69184707B50023002201A91C30F7F718
:1030B0009FFE18B1002003B05DF804FB0122019BC4
:1030C000D3E8EF1FC3E8E02F0028F9D10198F2E719
:1030D00070B400F18803D3E8EF4F44F00205C3E871
:1030E000E65F002EF7D1A30702D470BCE7F788BDD6
:1030F000002070BC70472DE9F04704460F4690460B
:10310000002600F1E00900F1AC0A4645D4F8E430AD
:1031100028D2FBB1D4F8E430A8EB06059D4228BFC5
:103120001D463846D4F8E0102A4605F078F8D4F861
:10313000E010D4F8E43029445B1B2F442E44C4F83B
:10314000E010C4F8E430002BDFD104F17000FFF789
:1031500091FFDAE70022002349465046F8F786F847
:103160000028D7D0D4F8E43033B30022002304F190
:103170003000E5F75DFA04F18807D7E8AF3F5A075A
:1031800017D504F170084046FFF78CFF054680B163
:10319000D4F8002120680435043A83682946D3F81E
:1031A0000C904FF47A73C84758B129464046FFF750
:1031B00061FF3046BDE8F087D4F8D030002BD4D181
:1031C000D9E7D7E8EF3F23F00402C7E8E12F002951
:1031D000F7D15B07EDD42068FFF761FFE9E7002036
:1031E000704708B5E8F70CF8002008BD08B5E8F707
:1031F00007F8002008BDE8F715B8E8F713B8E8F7B6
:1032000011B8E8F70FB8E8F7B9B9E8F7CDB9E8F7BA
:10321000CBB9E8F7DFB9E8F7F3B9E8F7F1B9E8F7C0
:10322000EFB9E8F7EDB9E8F717BAE8F715BAE8F734
:1032300021BAE8F71FBAE8F71DBAE8F71BBAE8F7B2
:1032400019BAE8F717BAE8F715BAE8F713BAE8F7C2
:1032500011BAE8F70FBAE8F70DBAE8F70BBAE8F7D2
:1032600009BAE8F733BA38B1006828B10C30D0E8B1
:10327000AF0F084100F00100704708B50021034678
:10328000FFF7F1FF28B11846BDE808400821FFF715
:10329000EABF08BD10B50446DBF7E4FA0023834219
:1032A00001DB012010BDE25C303A092A01D801336C
:1032B000F5E70020F6E7006800F0F000A0F1E00379
:1032C000584258417047EAF72FB8EAF7B3B810B53B
:1032D000C4688C420FD8D0E90532013B02FB03439E
:1032E000994208D8091BB1FBF2F302FB1311B1FAA2
:1032F00081F0400910BD0020FCE708B5EAF70AFCA0
:10330000002008BD08B5EAF705FC002008BDEAF773
:10331000BBBCEAF7B9BC00207047EAF721BDEAF769
:103320001FBDEAF71DBD00207047EAF76BBFEAF743
:1033300069BFEAF77DBFEAF77BBFEAF7A5BFEAF707
:10334000A3BFEAF7A1BFEAF79FBFEAF7B7BFEAF763
:10335000B5BFEAF7B3BFEAF7B1BF10B1006800B17B
:103360004068704710B1006800B18068704710B1C4
:10337000006800B10068704708B5FFF7F3FF90F8E8
:103380000C0308BD38B1006828B10C30D0E8AF0F8D
:10339000084100F00100704710B10921FFF7F2BFAA
:1033A000704738B50246FFF7E2FF0D4603468168D5
:1033B0001046FFF7D7FF90F8D822042A03D095F9DA
:1033C0003720002A10DACA68184629469047044672
:1033D00020B9AB6823B9284601F014FE204638BD59
:1033E0001A8A5B681444F5E76FF07204F6E700236D
:1033F0001946026F9A4202D8036D2BB11847C26E6C
:1034000042F823100133F4E7704707B5042209BAE4
:1034100001910DEB020102F01AF803B05DF804FB14
:103420004CF22102B0F8A430934201D138387047F1
:1034300048F22102934202D1A0F5887070474CF205
:10344000230293420CBFA0F5F0700020704710B526
:1034500090F8A6300446023B072B26D8DFE803F09D
:103460000D1C12040404041401212046EBF748FF4C
:103470002046BDE81040F9F75FB80021BDE81040D4
:10348000EBF73EBF0021F0E70121EBF739FF2046C3
:10349000BDE81040FFF7ABBF0121EBF731FF636DD3
:1034A0001BB12046BDE81040184710BD10B590F87C
:1034B000A630044613B1012B05D010BD0221BDE892
:1034C0001040EBF71DBF0021EBF748FA062120461C
:1034D000F5E710B590F8A6300446092B26D8DFE8AA
:1034E00003F01C2505110E25252525110621EBF7D6
:1034F00007FF2046BDE810400021EBF72FBA052159
:10350000EBF7FEFE636FDB0710D52046FFF79FFF4A
:103510002046BDE81040FFF7C9BF0121EBF7F0FEE0
:10352000636D1BB12046BDE81040184710BD10B5B3
:1035300090F8A6300446092B2DD8DFE803F01313CA
:103540002C192C1B0505050531B11F22843004F010
:10355000DEFE002384F8A3302046BDE8104004219D
:10356000EBF79ABA00212046BDE81040EBF7C8BE41
:103570000221F8E70421EBF7C3FE2046FFF750FFD6
:1035800090F8D8323BB9A3672046BDE8104000222E
:103590000023F8F7CBBF10BD2DE9F34190461F463D
:1035A00090F8AD3004464345BDF8202053D190F843
:1035B000AE5015F001054ED1032920D1D0F880601E
:1035C0000136042EC0F88060C66B94BF002301232F
:1035D000002E40D03946B04700283CDB94F8AE308E
:1035E00043F0010384F8AE3094F8A630023B072B79
:1035F00031D8DFE803F022223030170B172C436C50
:10360000C0F880503BB339469847E5E72046F8F7C5
:1036100093FF20460021EBF7A1F906212046EBF7A6
:103620006FFE06E02046F8F787FF00212046EBF703
:1036300095F9284602B0BDE8F0810023CDE90033BA
:10364000062243462046B969EBF792F8F1E7204697
:10365000FFF7CDFEDDE70225EBE70220704737B527
:1036600000251446CDE900250B460A22A169EBF797
:103670007FF8284603B030BD08B5D0F8583213B1F2
:10368000D0E997019847002008BD0020704730B569
:103690000C4685B00546012220460DF10E0101F0D1
:1036A000ACFD002810DB012220460DF10F0101F0D6
:1036B000A4FD002808DB002008222946CDE90040AF
:1036C0009DF80F30EBF754F805B030BD38B590F8E1
:1036D000D83204460D462BB1012B0CBF0021052129
:1036E000EBF7DCFD294604F13800BDE83840FFF770
:1036F0001EBF4FF0FF333830C0F8C030FFF7E9BECF
:103700003830FFF7A4BE4CF221013830EBF708BA8D
:1037100010B40C4611461A46A4F10803032B0FD827
:10372000DFE803F00205080B10BCFFF796BF10BCE2
:10373000FFF795BF10BCFFF79FBF10BCFFF7A5BFF9
:10374000022010BC7047383800F087BA383800F0D3
:10375000A7BA0146B1F8C420B1F8B830383812B170
:10376000934228BF1346D1F8842212B1126802B1E5
:103770005383EBF7EBBC10B50446EBF769FC28B9B3
:10378000B4F8B830002B08BF6FF0150010BD07B5B6
:1037900001228DF807100DF1070101F058FE03B06A
:1037A0005DF804FB37B50C46FFF73AFE05460121EC
:1037B0002046FFF7ECFF04212046FFF7E8FFB5F8AD
:1037C000F03002225BBA20460DF10601ADF806305A
:1037D00001F03DFE03B030BD13B508460DF1060102
:1037E000144601F013FD0028A9BF00206FF07900F6
:1037F000BDF80630638102B010BD022A13B504463D
:10380000084603D06FF0150002B010BD0DF106019F
:1038100001F0FCFC0028F7D1BDF80630B4F8F02028
:103820009A42EFD3A4F8F030EEE7022A13B504462B
:10383000084603D06FF0150002B010BD0DF106016F
:1038400001F0E4FC0028F7D1B4F8F020BDF8063010
:103850009A42F1D0EEE7084608B5111D01F0E2FCEE
:103860000028B4BF6FF07900002008BD042A13B50A
:103870000446084603D06FF0150002B010BD01A940
:1038800001F0D0FC0028F8D1D4F8EC20019B9A423A
:10389000F3D0F0E7FFF7EABF0A2100F09DB9084630
:1038A00010B502F10801144601F0B0FC002808DB55
:1038B0004CF2230322899A4206D10123002023706F
:1038C00010BD6FF07900FBE76FF01500F8E738B531
:1038D00000230446A0F13805A0F8C630284600F0C1
:1038E000CCF9D4F8843283B11B6873B10C33D3E8BC
:1038F000AF3F9A0509D594F8E0329B0705D52846D5
:10390000BDE838400121EBF7C9BC38BD37B50C46DE
:10391000054606212046FFF73AFF002809DB04226E
:10392000D5F8EC3020461BBA0DEB0201019301F0F3
:103930008EFD03B030BDD0F8BC3213B11B6803B1AB
:103940005B8BA0F8F0303830FFF7B0BD37B50C46D0
:10395000054604212046FFF71AFF00280ADBB5F8C8
:10396000F03002225BBA20460DF10601ADF80630B8
:1039700001F06DFD03B030BD13B50C4603212046A8
:10398000FFF705FF04212046FFF701FF4FF40F5317
:10399000022220460DF10601ADF8063001F057FD78
:1039A00002B010BD30B4029D2C6844F001042C60BC
:1039B0009B680BB130BC1847184630BC7047DB68B9
:1039C0001847009A0020136843F002031360704701
:1039D0002DE9F7431D46002407461868884691469E
:1039E000FFF71EFD2E68D6F870C0644501D1002097
:1039F0000EE0B16E22018A5C01EB041342450AD14C
:103A0000F26E394602EB840200926C684A46A04787
:103A100003B0BDE8F0830134E7E7F7B505460020C1
:103A20001446D3E9032787421FD1DA695E68013261
:103A3000DA618DF80710012230460DF1070101F01F
:103A400006FD00281CDBA31C012230460DF10701F6
:103A50008DF8073001F0FBFC002811DB7CB1224619
:103A60002946304601F0EAFB09E0164616F80CCB71
:103A70008C4502D032460130D5E7002AD5D000204F
:103A800003B0F0BD2DE9F04F8946D3E903811C4610
:103A900005461746002385B0994202D100235B6892
:103AA000FFDE424612F80C0B484502D09046013327
:103AB000F2E7D5E903B3D4E900A6019329465046BD
:103AC000D8F804306269984710F1860F31D1019B14
:103AD000C5F80CB02B61E3690133E361A36943B11D
:103AE0000021304601F00DFC304601F021FB00239F
:103AF000A361012230460DF10F018DF80F9001F006
:103B0000A6FC00280CDBBB1C012230460DF10F0186
:103B10008DF80F3001F09BFC002801DB1FB900205D
:103B200005B0BDE8F08F3A462946304601F086FBE5
:103B3000F5E710F1160FF3D1E369002BEFD15046F2
:103B4000A36962690133A361D8F80830616805B0E0
:103B5000BDE8F04F18472DE9F743084615460C46D7
:103B60001F4601F0BDFB854233D1002D02DC09D197
:103B7000284609E0012220460DF1060101F03DFB37
:103B8000002804DA6FF04C0003B0BDE8F083012296
:103B900020460DF1070101F030FB0028F2DBD4E9EB
:103BA00003989DF807602046023EF6B232460A9B13
:103BB0009DF80610B8470028E6DB31462046C4E9E8
:103BC000039801F004FB0028DEDB9DF80730ED1AB6
:103BD000CBE76FF07900D7E72DE9FF410C460646A9
:103BE000FFF71EFC07463046EAF7A2FD40F63542D5
:103BF0000023CDE90023002321461A46EEF7C4F83E
:103C0000044630B30025336FAB4203D8204604B0DE
:103C1000BDE8F081F36E53F825309B0701D50135DF
:103C2000F1E7B26E2B01D35C02EB051820460122AE
:103C30000DF10F018DF80F3001F009FC30B921466C
:103C40003846D8F8043098470028E8D0204601F0DC
:103C5000D9F90024DAE7EBF71BBA10B5044600F5F2
:103C60003770F7F765FE94F8D8322BB12046BDE8DF
:103C700010400021EBF712BB10BD10B5044600F553
:103C80003D70F7F755FE94F8D83243B12046EBF774
:103C9000BBFA2046BDE810400021EBF7FFBA10BD8B
:103CA0007047D0F8143310B5044613B90421EBF76C
:103CB000F5FAD4F814330133C4F8143310BDD0F836
:103CC0001423013A002A02DDC0F8142370470022B1
:103CD0000521C0F81423EBF7E1BA00F58870FFF76F
:103CE00026BC00F58870FFF7F4BB00F58870FFF77D
:103CF000AEBBFFF7ACBB00F58870FFF7D7BB48F24F
:103D0000210100F58870EAF70BBF10B50446EBF708
:103D10009FF928B9D4F8B030002B08BF6FF0150018
:103D200010BD10B5144604220846A11801F065FA2A
:103D30000028A3BF0123237000206FF0790010BD7D
:103D40000346042A084603F5E07101D101F055BA93
:103D50006FF0150070470621FFF73EBF90F808325C
:103D6000A0F58872D90607D523F0100380F8083231
:103D700021211046EBF732BA704738B5D0F8B03091
:103D8000A0F5887504462BB100F1B001D5F8BC024E
:103D900000F0E2FB0022C4F8B020C4F8B420C4F85C
:103DA000B82095F81833190709D562F3C30385F8CD
:103DB00018332846BDE838402121FFF780BF38BDC1
:103DC000042A37B505461446084603D06FF015009F
:103DD00003B030BD01A901F010FA0028F8D1224645
:103DE00005F5E07101A804F04CFA0028F0D0EDE7E9
:103DF00037B50C4606230546012220460DF1070182
:103E00008DF8073001F023FB002805DB0422204653
:103E100005F5E07101F01BFB03B030BD90F93831BE
:103E2000002BBEBF90F8383123F0800380F8383182
:103E3000704790F83931DA0744BF23F0010380F866
:103E40003931704700F5F070FFF771BB00F5F07085
:103E5000FFF73FBB00F5F070FFF7F9BAFFF7F7BACD
:103E600000F5F070FFF722BB4CF2230100F5F07073
:103E7000EAF756BE08B590F8A630062B02D1082105
:103E8000EBF73EFA002008BD90F93821A0F5F07359
:103E9000002A08DB90F8382142F0800280F83821AF
:103EA0001846FFF7D8BE704738B1006828B10C300B
:103EB000D0E8AF0F084100F00100704708B501F0ED
:103EC000E5FAEDF72DFEEEF7FDFD01F095FFEEF7BB
:103ED0002BFDEDF77DF8EDF7BBFFECF72DFBECF7D5
:103EE0002FFCFFF77CF9002008BD10B5044683685D
:103EF0006BB994F83C00EDF7A3FF2146C0B2EDF793
:103F000093FF30B12046BDE8104001F07BB85B68FC
:103F1000EEE710BD10B5826804461346C3B992B1EE
:103F200094F838305B0715D594F83830204643F0C4
:103F3000040384F8383001F0FBF894F83730C3F309
:103F40000213032B0FD92046BDE8104001F05AB8E8
:103F50005B68E3E72146A06900F01FFB0128E3D07E
:103F60000028F0D110BDA368DB681B7803F0F003D4
:103F7000402BE8D1204601F056FEF1E738B5054662
:103F80000C4601B3F8B18B6803B3DA68F2B11B8A4F
:103F9000E3B10021FFF788FFD8B194F8373020460D
:103FA00043F0010384F8373001F0C2F8A5612B68B3
:103FB00093B11B7C204684F8203084F82A30FFF728
:103FC00094FF002038BD6FF01500FBE76FF03C0058
:103FD000F8E76FF07200F5E71B78FFDE2DE9F84394
:103FE00017461E460446002800F0DE808368002B3A
:103FF00000F0DA808369002B00F0D9800021184698
:10400000FFF752FF18B96FF07200BDE8F88308217E
:104010001846FFF749FF0028F5D0204601F053F875
:10402000204601F085F894F83730C3F30213012BD2
:104030000ED06269002A40F086803A463346214617
:10404000A06900F0C3FA02280DD16FF00400DCE78C
:10405000A38EB3F5006FECD1A368DD682B7A23B98A
:10406000204600F0CFFF0020CFE7ECF7CBFD2A6918
:1040700003689A4202D16FF07C00C6E7A368DD684E
:104080002B7C7F2B10D1A368DB68DA68A368DB6820
:104090001969D960A368DB681A614FF40063A386CD
:1040A000A36973BB1A462FE0D4F81880ECF7AEFD75
:1040B0002A6903689A421ED005F110014046EBF7C9
:1040C0004FFC0146B8B9A368D3F80C9009F1100869
:1040D0004046EBF7E9FC05460028D4D1ECF796FD05
:1040E000D9F8102003689A42CDD041462846EBF714
:1040F00037FC0028C7D1A368DB681B7B7F2B98D1D6
:10410000B9E71A6802B11032116821625168616220
:10411000128904F12A01228513B11B6803B11033FF
:104120001A682046C4F82A205A684A601B890B8105
:1041300094F8383023F0140343F0140384F8383033
:10414000FFF7D3FE8FE794F83730C3F30213012B48
:104150007FF473AFA368DB681B6903F0F003E02B07
:104160007FF46BAF92F85C30002B3FF466AF002217
:104170000023204601F04CF9054600283FF45DAFCE
:10418000A069A86130B10368A3B11B7C85F8203019
:1041900085F82A302946FFF7F1FE00283FF44DAF9D
:1041A000284600F02FFF48E76FF03C002DE76FF046
:1041B00015002AE71B78FFDE10B1006800B14068E7
:1041C000704710B1006800B10068704710B4846B8C
:1041D0001CB12346426810BC184710BC704710B58C
:1041E0000346FFF7E9FF28B1C2681AB1BDE81040E5
:1041F00018461047002010BD38B1006828B10C30B7
:10420000D0E8AF0F084100F00100704760B10368CB
:1042100053B101220C3302FA01F1D3E8EF0F084346
:10422000C3E8E20F002AF8D1704768B103685BB1B8
:10423000012202FA01F1C9430C33D3E8EF0F084021
:10424000C3E8E20F002AF8D17047F7F7D5B8F7F7BF
:1042500081B970B505460E46EBF7D6F96B688BB1A0
:10426000D97E0022C1F3400489070CD519880129A1
:1042700006D1D9695B6863EA010331688B4202D0D9
:10428000144600E01C462846EBF720FA204670BD95
:10429000F8B50E461746054638B1EBF7B5F96C6828
:1042A000DCB92846EBF712FA25462846F8BD721C01
:1042B00003D094F91930B34212D12388012B0FD1C6
:1042C00004342046EBF794F918B1002F08BF0024FE
:1042D000E7E7002F18BF0024E3E7E37E9B07E6D45F
:1042E0000024DEE770B50C4605461646EBF78CF960
:1042F000012C0CD16C6864B92846EBF7E7F920462D
:1043000070BD626833689A4218BF0024F4E7002445
:10431000F2E7E37EC3F340029B07F2D41446EBE7D7
:10432000D0E8EF3F0133C0E8E23F002AF8D1704700
:1043300010B588B1006878B101230C3003FA01F19F
:10434000D0E8EF3F43EA0102C0E8E42F002CF7D1A8
:104350001940081E18BF012010BD30B590B100688B
:1043600080B1012303FA01F1CA430C30D0E8EF3FDA
:1043700003EA0204C0E8E54F002DF7D11940081EFA
:1043800018BF012030BD38B503F06EFE4FF47A74CB
:10439000A0FB040547F61222002304FB0151DAF7C3
:1043A00035FA38BD2DE9F04104460D4617469846CA
:1043B000EBF72AF908212046FFF71EFFC8B98F4204
:1043C0001AD8CCB12668BEB106F1120065B9C6F89C
:1043D00012504560002586F8108077742046EBF770
:1043E00075F92846BDE8F0813A46294603F017FFE3
:1043F000F0E74FF0FF35F1E76FF01505EEE7EBF76B
:10440000AFBA0122FFF744BF0022FFF741BFEBF72D
:104410004BBB002337B50D46014618460193EBF719
:10442000C7FA0446ECF7EEFB844205D1EBF724FA19
:1044300005B12C6003B030BD204601A9FFF7E7FFAE
:1044400001980028F4D1F1E70021FFF7E2BFF8B5A9
:1044500005460F461646EBF7D7F800212846EBF73E
:104460004BFAB0B96B68A3B1DA7EC2F3400492078D
:104470000AD51A88012A0ED159683A684A40D96982
:104480000A4208D13268DA612846EBF71FF9204664
:10449000F8BD0024F8E70446F6E738B504460D46B3
:1044A000EBF7B2F800212046EBF726FA18B963685B
:1044B0000BB12A681A662046BDE83840EBF706B90A
:1044C00038B50C46054658B151B1EBF79DF8237F3E
:1044D000284623F002032377BDE83840EBF7F6B80F
:1044E00038BD38B50C46054658B151B1EBF78CF8DC
:1044F000237F284643F002032377BDE83840EBF7DB
:10450000E5B838BD38B50546EBF77EF800212846FA
:10451000EBF7F2F9044640B96B680BB193F86440CD
:104520002846EBF7D3F8E0B238BD0024F8E738B5F9
:104530000546EBF769F800212846EBF7DDF904465C
:1045400040B96B680BB193F865402846EBF7BEF8AD
:10455000E0B238BD0024F8E737B50C460546D0B1C7
:10456000A1B1EBF751F86B6863B1224601212846EF
:1045700001ABEBF73FFC00280BDD019AD37E23F063
:104580001003D37600242846EBF7A0F8204603B0AA
:1045900030BD0124F7E70446F8E710B50346FFF7FE
:1045A0000BFEBDE8104002681846104710B50C46D7
:1045B0008B684BB994F83C0000F077FF2146A06966
:1045C000BDE81040EBF7B4BD5B68F2E72DE9F041C0
:1045D0000C464E690921054617469846FFF70CFE22
:1045E00060B96FF072071EB139463046FFF7EEFD35
:1045F00094F82B30002B45D1022033E004212846CB
:10460000FFF7FAFD0028ECD101212846FFF7F4FD61
:10461000A8B994F8213093B9A36913B900235B7842
:10462000FFDE1B68002BF9D05A7C03F11201082A27
:1046300005D884F8212004F1220003F0F0FD9EB19A
:10464000B6F8601001F0C003C02B0DD1C1F3C20158
:104650000139012908D828463A4643462146FFF742
:10466000A5FF0020BDE8F08194F83730C3F30213B2
:10467000012BF0D1204601F0BDFB022809D16FF0DB
:104680000407B0E73A46284604F12A01EBF7F6FBA7
:10469000B2E70028E6D1DEE70020704710B50446F7
:1046A00070B1EAF7B1FF09212046FFF741FE10B9CA
:1046B0002046EBF71BFC2046BDE81040EBF706B8A0
:1046C00010BD10B5044670B1EAF79EFF09212046DF
:1046D000FFF743FE10B12046EBF708FC2046BDE88B
:1046E0001040EAF7F3BF10BD10B5044670B1EAF709
:1046F0008BFF0A212046FFF71BFE10B92046EBF77F
:10470000F5FB2046BDE81040EAF7E0BF10BD10B54C
:10471000044670B1EAF778FF0A212046FFF71DFE34
:1047200010B12046EBF7E2FB2046BDE81040EAF767
:10473000CDBF10BDF8B50E46174688B181B1002A2D
:104740000EDD00F108052846DAF78CF887420446AA
:1047500009DD421C2946304603F061FD2046F8BDC4
:104760006FF01504FAE76FF02104F7E710B50C09B4
:1047700001F00F0103B944B1092C85BFA2F10A036E
:10478000E4183034E4B200F8014B0023092985BF56
:104790000A3A89183031C9B2017000F8013F10BDE2
:1047A00010292DE9F0479A4681460B460D461646DC
:1047B00028BF1023002486B0A34242DC1C461A46C0
:1047C000BAF1000F44D03A21484603F01AFD804662
:1047D00098B3A0EB09039C42A8BF1C4601AF224638
:1047E0004946384603F01BFD002204F118036B44D0
:1047F00003F8142C01203946321DECF729F98146C3
:10480000D8B901233380BAF1000F2FD0013D2D1B01
:104810002A4608EB0301384603F001FD05F11803B1
:104820000DEB03050A226946384605F8149CFAF791
:1048300037FC009BBB420DD160B9002006B0BDE83B
:10484000F08719F8041022460029B9D00134B3E7E3
:10485000D046C3E79DF80420002AEED01B78002B39
:10486000EBD1B0F5803FE8D240BA70800120E5E797
:1048700011F0010C08BF40BA4FF000032DE9F041E0
:1048800008BF80B2BCF1000F07D032B111F8014B64
:10489000013A2402241820465B418C0708D5012ADE
:1048A00006D931F8024B023A2418204643F100039E
:1048B0000D4616464FF0000E0F2E05F1100534D8A8
:1048C0006FF00F0514096C432244091B0E46154670
:1048D000032D40D86FF00307960822F0030507FB6D
:1048E0000622012A05EB010406D9695A023A091881
:1048F000084643F100030234012A07D12278E10778
:1049000048BF12021218104643F10003020C42EA9B
:104910000342190C52EA134380B224D1BCF1000FB8
:1049200001D140BA80B2BDE8F08155E90447E419ED
:1049300055F8087C4EEB0E08E41955F8047C48F154
:104940000008E41948F1000724182046A6F11006D3
:1049500043EB0703B0E756F8044B043D2418204608
:1049600043F10003B4E7801841F10003CEE72DE9DD
:10497000F84F90F837300446C3F30213012B164664
:1049800040F08E804B1E012B30D9002283684BBB38
:104990004FF0080A94F8363094F83A000344CD1AE0
:1049A0001544ADB22046D4E9039800F0C1FB94F859
:1049B000373094F8361003F0010743F00103204626
:1049C00084F83730A1EB0A0100F001FC002810DA6E
:1049D00094F83730C4E9039867F3000384F837305C
:1049E000BDE8F88F188A5B680244D0E70025AA4624
:1049F000D8E7216952462846FFF73AFF94F83A1063
:104A000005465144204600F0E2FB0028E0DBD4F8E4
:104A10000CB0BBF1000F2FD023696BB3DBF80C2077
:104A2000BBF810A09B1AAAEB030A2846524621693C
:104A3000FFF71EFFDBF804B00546C4F80CB0BBF16D
:104A4000000F19D0BBF81030B3B1DBF80C301AF0FE
:104A5000010F23610DD01A7801331544ADB22361E3
:104A6000AA42BBF810A084BF0135ADB20AF1FF3AEB
:104A7000DBE7BBF810A0D8E765B16DBAADB294F82A
:104A80003730C4E9039867F3000384F8373026B958
:104A90000020A5E74FF6FF75F1E7ED433580F7E716
:104AA0006FF015009CE710B50C4690F83A2090F88E
:104AB000361083680A440020D968FFF7D9FE30B168
:104AC00040BA80B20CB1C0432080002010BD4FF628
:104AD000FF70F7E70A460221FFF749BF70B4A8B19B
:104AE000A1B1037893B15B2B10D0044600230E18BC
:104AF00014F8015B25B13A2D08BF0133B442F7D158
:104B0000012B18BF002370BCFFF74ABE002070BC09
:104B10007047F6F71FBD006800F0F000A0F1E00359
:104B200058425841704738B1006828B10C30D0E87D
:104B3000AF0F084100F001007047F6F75DBCF0B51B
:104B400006460F46052587B002210DF11600FDF738
:104B500022FCBDF81640013D4FF0000144F4004432
:104B60000FD0CDE9011164BA0097A4B223463046B4
:104B700096F85E20ECF7BCFA1130E5D0204607B07D
:104B8000F0BD2C46FAE7F6F7E5BC90F85A007047FE
:104B90000120704738B5044600F10803D3E8EF0F51
:104BA000421EC3E8E12F0029F8D1012801D00138C5
:104BB00038BD04F10C0528464FF0FF324FF0FF33AB
:104BC000FFF7BBFF206B18B1EDF71CFD002323633B
:104BD000B4F86030284623F00603A4F86030FFF7ED
:104BE000D2FFB4F86030002023F00103A4F8603055
:104BF000DEE737B50546ECF735FA012819D16C6ABE
:104C0000ACB9ADF8000028460194ECF715FA03287A
:104C100004D069462846FFF792FF044608226946F9
:104C20002846ADF80240ECF705FC03B030BD00208B
:104C3000FBE76FF01500F8E72DE9F04100F10C07F4
:104C400086B004461646984638464FF0FF324FF07D
:104C5000FF330D46FFF771FFDDE90E0101230593D8
:104C6000109BCDE9020104930D9B324601930C9BEE
:104C70002946009320464346ECF70CFD044638468F
:104C8000FFF781FF204606B0BDE8F081816149B1A0
:104C90000B682BB11B7C80F8203080F82A307047DD
:104CA0001B78FFDE704710B5C3685B68C3600BB943
:104CB000036110BD49B1DA685C69141B5A8A121B82
:104CC00092B2002AF1D0DB68F2E71A8AF9E790F88D
:104CD000373091F83720C3F3021363F3061281F8DB
:104CE000372043694B6190F8363081F8363090F8C0
:104CF0003B2091F83B3062F3050381F83B3090F89C
:104D00003B3091F83B209B0963F3871281F83B20ED
:104D100090F83C3081F83C3090F8382091F83830E9
:104D200062F3000381F8383090F8373091F837207B
:104D3000C3F3400363F3410281F8372090F8373022
:104D4000D2B2C3F3800363F3820281F8372090F874
:104D50003730D2B2DB0963F3C71281F8372090F8FD
:104D60003730D2B2C3F3C00363F3C30281F83720F4
:104D700090F8383091F83820C3F3C00363F3C302CE
:104D800081F8382090F8383080F8383091F83820A1
:104D9000C3F3800363F3820281F83820838E8B860D
:104DA00083688BB18B687BB1036A0B62436A4B6289
:104DB000038D0B85D0F82A30C1F82A30D0F82E3078
:104DC000C1F82E30438E4B8690F83730C3F3021370
:104DD000012B01BF90F8393081F8393090F83A3022
:104DE00081F83A3070472DE9F74F00242646824675
:104DF0001746DDE90C2368460D4603F037F9DDE977
:104E00000089DDE90C235046FDF726FAA346044647
:104E100018B9002E2FD1002629E076B9BBF1000F7A
:104E200008D17FB92646638A9D423CBFABB26382FC
:104E3000ED1A11E0CBF80400F5E7B042CBF804001E
:104E4000F1D1EEE7638A3D449D423DBF658226462F
:104E50000025264628BFED1A42464B46684603F019
:104E60002AF9DDE90023CDE90C23002DC9D1304614
:104E700003B0BDE8F08F3046E3F740F9CBE70346D7
:104E8000002003B970471A8A5B681044F9E790F86C
:104E90003730F0B413F0010C0F461146C26819D137
:104EA000C1B1D36854691C1B538A1B1B9BB2056993
:104EB000D4682E1B3E449E420FD1BCF1000F06D099
:104EC0005669A61B548AA41BA4B29C4205D8F0BC08
:104ED000FFF7E9BE0021138AE9E73D440561F0BC14
:104EE0007047C26810B482B169B1D36854691C1BA1
:104EF000538A1B1B9BB20469D268A41A9C4204D13A
:104F000010BCFFF7D0BE138AF5E710BC70472DE93F
:104F1000F84306460F46154699469DF82080F368EB
:104F20008BB195B196F83740304604F0010484F017
:104F3000010108EA0101FFF7D4FFF3683BB96FF004
:104F40006800BDE8F883002DF9D12846F9E7B8F1EB
:104F5000000F35D0002C33D1DA6859695C8A521AB7
:104F6000A41AA4B23069DB68C31AE41AE7D0AC42D1
:104F700028BF2C4667B1B9F1000F25D0B8F1000F5A
:104F800020D00346384601462246184603F047F92A
:104F9000B8F1000F08D096F83730DB0704D4F0687A
:104FA00021460C30E3F7C2F9424621463046FFF76E
:104FB0006EFFB9F1000F01D007B127442D1BAEE7FA
:104FC0001C8ACFE73B46DEE72246396803F04DF9FD
:104FD000DEE710B580B100F11C03D3E8AF2F5AB162
:104FE000511CD3E8EF4F944204D1C3E8EC1FBCF14D
:104FF000000FF6D1F1D110BD0020FCE708B1E3F7B6
:105000007DB8704710B50446D8B100F11C02D2E853
:10501000AF3FB3B1591ED2E8EF0F984204D1C2E8B6
:10502000EC1FBCF1000FF6D1F1D1012B09DCA06817
:1050300008B1FFF7E3FF21466068BDE81040F5F7CF
:1050400049BF10BD38B5044608460D46E3F714F9CC
:10505000A3684360A56038BD10B530B180680021F9
:1050600003461BB9FFF70BFF081A10BDDA685C692D
:10507000141B5A8A5B68121B11FA82F1F1E738B5EA
:105080000546C8B190F8373013F0700FC3F302141F
:1050900006D0012C0CBF1424002411290DD1083492
:1050A000A868FFF7ECFEA04238BF241A284628BFA4
:1050B0000024FFF7D1FF001B38BD012901D03A2998
:1050C000EED10434ECE7F8B50446806800270546C5
:1050D00000B9F8BD038A46683BB9A368834207D18B
:1050E000A6604760E3F70AF8284605463046EFE732
:1050F0006B68834208BF6E60F3E710B58468204692
:10510000FFF7BDFE884210D3411A4CB1238A606874
:105110008B4207D3218218B1FFF770FF0023636031
:10512000002010BD0446C91AEFE76FF01500F8E73C
:105130008368C36003B1DB680361704710B58268A0
:105140000C4622B98160BDE81040FFF7F1BF104660
:10515000E3F792F82146BDE81040E3F7A5B82DE942
:10516000F04F044685B0DDE9106702A815469A465F
:1051700032463B468B4602F079FFDDE90289204644
:1051800032463B46ECF714FD0446D8B15946FFF7CA
:105190007DFD90F8373042466AF3061380F83730C9
:1051A00002A84B4602F087FFDDE902672946204648
:1051B000CDE900679DF83820ECF7A8FD18B120462E
:1051C000FFF720FF0024204605B0BDE8F08F012343
:1051D00007B5009300230A461946FFF798FE03B06F
:1051E0005DF804FB1FB501230391009303A900237D
:1051F000FFF78DFE05B05DF804FB002307B50093B3
:105200000123FFF784FE03B05DF804FB13B502220F
:105210000C4601A9FFF7F1FFBDF804305BBA23800B
:1052200002B010BD042213B50C460DEB0201FFF7CE
:10523000E4FF019B1BBA236002B010BDF8B506461F
:105240000F461546F3687BB1FB686BB175B1012160
:105250003046FFF746FE00213846FFF742FEF4686D
:1052600034B96FF06800F8BD002DFAD12846FAE78E
:10527000FA68002AF5D0138A3969D268D4F814C0C4
:105280008A1A9B1AE268648AA2EB0C0E3069A4EBBE
:105290000E04A4B2821AAB42A4EB020401D9AC42C0
:1052A0001CD89C4228BF1C46002CDAD0224602F0B3
:1052B000B6FF96F83730DB0704D4F06821460C308F
:1052C000E3F734F8012221463046FFF7E0FD0022E3
:1052D00021463846FFF7DBFD2D1BB3E72C46E5E7FB
:1052E00070B1C3685BB1006950B1D9681A8A401ABD
:1052F000101A5B6803B970471A8A1044F9E7184618
:10530000704783682BB9002914BF6FF01500002087
:1053100070471A8A8A422ABF1982891A00215B685B
:10532000F0E710B5C26803467AB1006938B19968F0
:1053300000238A4204D1D268801A034498B210BD77
:105340000C8A496823449BB2F3E71046F7E72DE93E
:10535000F04385B004460D4690461F46FFF7E1FF37
:105360008146A068FFF78BFD002394F83760A169A0
:105370000246CDE9028728460093FFF7F0FE06F0CB
:1053800001060546F0B1D4E9038794F8373020468A
:1053900043F0010384F83730FFF7CAFEA068FFF737
:1053A0006EFD214602462846FFF748FF78B12846A1
:1053B000FFF728FE94F83730C4E9038766F300034B
:1053C00084F837300025284605B0BDE8F08395F80D
:1053D0003730294643F00103204685F83730FFF780
:1053E00076FC28464946FFF7A3FEFFF7F0FE0028AB
:1053F000DDD195F8373066F3000385F8373094F83F
:105400003730C4E9038766F3000384F83730DAE7FE
:105410004168FFF79CBF38B590F8375005F001059B
:1054200085F00101FFF75DFDC36873B1006920B12C
:1054300025B11A8ADB68C01A101A38BDDA685969B2
:10544000511A5A8A521A92B2F4E71846F5E773B520
:105450000369044699420E4615460AD1FFF7DBFF61
:10546000A84206D32946204602B0BDE87040FFF7A7
:10547000AEBE01232A46314620460093FFF747FD82
:1054800002B070BDD1E90012FFF7E1BF704710B55F
:1054900004464FF0FF324FF0FF332046F6F7D0F9C5
:1054A0000028F6D0FEF736FDF3E70020704770477E
:1054B00030B50024002585B0CDE90245089C009454
:1054C000ECF70EFD05B030BD012307B5009169462C
:1054D000ADF80430ECF7F8FD03B05DF804FB07B558
:1054E00001228DF807100DF10701FFF7B0FF03B09F
:1054F0005DF804FB07B5042209BA01910DEB020126
:10550000FFF7A5FF03B05DF804FB38B502F0ACFD72
:105510004FF47A74A0FB040547F61222002304FB23
:105520000151D9F773F938BD07282DE9F84F88469E
:10553000174669D1D3E9005A0146284695F83A60E2
:10554000FFF7CDFF18B16FF01500BDE8F88FB91C5B
:105550002846C9B2FFF7C3FF0028F4D198F80040ED
:10556000A74214D821462846FFF7B9FF0028EAD100
:10557000FC1C3A46284608F10101E4B2FFF767FF38
:105580000028E0D1344485F83A400020DDE7211DB1
:10559000B942D8DC2846C9B2FFF7A1FF0028D2D112
:1055A000A4F10409033619F0FF09F6B221D04A46E6
:1055B000284608F10101FFF74AFF0028C3D1033C48
:1055C000B144E4B25FFA89F6042251462846FFF757
:1055D0003EFF0028B7D10434E4B207F10409A74222
:1055E0005FFA89F907D8B144A9EB040985F83A9024
:1055F000CBE70124E8E728463A1B08EB0401FFF754
:1056000026FF0028EFD09EE74428BED1D3E9006AE8
:105610000146304696F83A40FFF761FF002892D1E4
:10562000B91C3046C9B2FFF75AFF00288BD198F851
:10563000005098F80190AF4209F00F091DD8294693
:105640003046FFF74CFF00287FF47DAF304649F02D
:105650001001FFF744FF00287FF475AF3D1D3A4667
:10566000304608F10201EDB2FFF7F1FE00287FF4A9
:105670006AAF254486F83A5087E7B9F1000F47D062
:10568000B9F1010F7FF45FAF082129443046C9B258
:10569000FFF725FF00287FF456AF49463046FFF755
:1056A0001EFF00287FF44FAFA5F1050B04341BF05B
:1056B000FF0BE4B22ED05A46304608F10201FFF744
:1056C000C6FE00287FF43FAFA344033D5FFA8BF48E
:1056D000EDB2B9F1010F1FD0FFF717FF8146FFF7B9
:1056E00014FFC9F3072949EA00291FFA89F1304656
:1056F000FFF700FF00287FF426AF0434E4B204353E
:10570000EDB2AF4225D83C44641B86F83A403CE7F2
:105710000421BAE70225DCE7042251463046FFF7B0
:1057200096FE00287FF40FAFFFF7EFFE8146FFF7EC
:10573000ECFEC9F3072949EA00291FFA89F130462E
:10574000FFF7D8FE00287FF4FEAE0834E4B2083537
:10575000D6E730467A1B08EB0501FFF778FE0028F4
:10576000D1D0F0E6F7B5042300250F46694604467C
:105770001646CDE90053ECF72BFB48B10770467095
:105780008570C57069462046FFF77CFE03B0F0BD0A
:105790006FF06800FAE77FB50023042290F83A1012
:1057A0000446CDE90232ADF80630FFF710FD06469B
:1057B00018B16FF0680004B070BD204602A9ECF784
:1057C00007FB05460028F4D08670C67001212046EC
:1057D0000DF10602FFF7CBF80028ECDBBDF8063030
:1057E00020466B8094F8383002A943F0080384F80F
:1057F0003830FFF747FEDEE72DE9F0411423054678
:10580000002688B00F469046CDE90463FFF790FC70
:10581000284604A9ECF7DCFA044600286DD0437A48
:10582000012B10D10423284606A906960793ECF70E
:10583000CFFA10B14378072B05D86FF01506304624
:1058400008B0BDE8F081E368039323690693AE696D
:10585000EBF7DCF9069A03689A424ED0304606A967
:10586000FEF7CDFD002848D1637A112B48D0062BD6
:1058700014BF0026282647F612220023CDE9002374
:105880000123A8691A46311DECF77EFA0446C8B315
:1058900003AA06A900F0F5F860BB39464246204647
:1058A000FFF760FF014628BB04222046FFF79AFC61
:1058B00000BB324629462046FFF7C0FC0646C8B961
:1058C0002046FFF735FC0121204600F0ECF895F862
:1058D000212005F12201082A05D884F82B2004F1A3
:1058E0002C0002F09CFC002200232046FEF776FBF1
:1058F0000028A4DA2046FFF785FB6FF004069EE738
:105900001C26B8E76FF00B0699E700230422F0B5D8
:1059100085B00E4602A90546CDE90232ADF8063043
:10592000ECF756FA074610B9022005B0F0BD012188
:1059300028460DF10602FFF71AF80028F4DBBDF83F
:105940000630002BF0D1AC69EBF760F932690368DF
:105950009A42E9D0204606F11001EAF701F8044620
:105960000028E1D103992846FFF731FC3A46314639
:105970002846FFF7A9FD0228D6D02846FFF742FBAC
:105980002046D2E7006800F0F000A0F1E0035842A2
:105990005841704738B50C460546EBF737F9226891
:1059A00003689A4205D021462846BDE83840E9F709
:1059B000D7BF012038BD10B500210446EAF774F8BE
:1059C00020B92146BDE81040FFF7E4BF012010BD1B
:1059D0002DE9F74F99464FF0000814230F4669460A
:1059E00005461646CDE90083BDF830B0BDF838A0B5
:1059F000ECF7EEF90446002840D0452303704FEA47
:105A00001B2303719DF8343080F801905B0143EA59
:105A10001A2380F8028080F8038080F805B0837133
:105A200080F807A095F83930037243B93046FFF784
:105A3000A9FF6B69D0B1A3B193F86430237200233E
:105A40006372A372E372336823613B68E3601423DB
:105A50006946284685F83630FFF714FD03B0BDE8E7
:105A6000F08FA869FEF763FD2072E8E713B193F8A1
:105A70006330E3E7A869FEF745FDF5E76FF06800DE
:105A8000ECE71FB590F83B30C3F30504C3F3811373
:105A900043EA84030024DBB2CDE901440094FFF71C
:105AA00097FF04B010BD00221423F0B585B0CDE9F6
:105AB000022390F837300F4643F0010380F8373067
:105AC00002A90446ECF784F90646C0B394F83A20DC
:105AD0003AB194F836301344C3F3830343F04003E0
:105AE00003700023A568FDB95BBA20467380777206
:105AF000B572F5720DF10601ADF80650FEF7D3FF51
:105B000000280FDBBDF806302046738102A9FFF79D
:105B1000B9FC4FF40063112FA38609D12946204612
:105B200000F000FA05B0F0BD2A8A6D681344DAE788
:105B3000012F07D129462046FFF72DFEF2E76FF02F
:105B40006800EFE72846EDE72DE9F04F0446904660
:105B50000F468FB000294BD0D0E903A30193FFF784
:105B6000E7FA14212046FFF732FB064600283FD112
:105B7000834694F83A90B9F1000F04D1019BC4F820
:105B80000CA0236136E0012220460DF10F018DF8B3
:105B90000EB0FFF732FB58BB9DF80F2009F1FF351F
:105BA000012AEDB211D9012220460DF10E01FFF7B5
:105BB00024FBE8B99DF80E20012A19D9C5B1023A93
:105BC000A9F102038DF80E20DDB29DF80E20AA4245
:105BD0000ED89DF80F30012B1FD008D9072B0DD000
:105BE000442B0BD011462046FFF7F1FA13E0A5B184
:105BF0006FF0150630460FB0BDE8F08F204604A9BF
:105C0000FFF7FBFA0028F3D143469DF80E209DF8DC
:105C10000F0004A9B8470028EAD19DF80E30ED1A0C
:105C20005FFA85F9A7E7F0B51423002789B0CDE91D
:105C3000027304AB0693082305460793836843B9B0
:105C4000284602A9ECF7C4F8044630B9022009B08E
:105C5000F0BD1A8A5B681744F1E7067806F00F0674
:105C6000B600132EF2D9142385F83630427895F811
:105C70003B30920862F3050385F83B304278143ECE
:105C800062F3871385F83B30037AF6B2002BDDD040
:105C900085F83A60418849BA89B2B942D6DC02DA5D
:105CA0002846FFF72EFB95F83830DA064DD504F17B
:105CB0000C010846FFF766FE0028C7D1A869FFF768
:105CC00069FE0028C2D1E368002B4DD0002328468E
:105CD00001A9ADF80430FEF7E6FE0028B6DBBDF8FA
:105CE0000430002BB2D10122237A04F1100785F889
:105CF000393095F83730384662F3061385F8373077
:105D0000FFF759FE00283AD0637A062B05D13946B1
:105D1000A869FFF73FFE002898D13846FFF732FE0A
:105D200000283CD128460399FFF751FA002E46D1AE
:105D30000194637A022B49D0112B4CD0012B85D1D1
:105D400021462846FFF7E1FD81E7237C7F2B3FF4C6
:105D50007DAF237B7F2B3FF479AF04F10C00FFF77D
:105D60002AFE0028A3D071E7A86904F11001FFF70B
:105D700011FE0028AAD1637A022BA7D066E7384625
:105D8000FFF700FE0028BFD1637A112B7FF45EAFCE
:105D9000EAF73CFF226903689A42B5D056E7AB693F
:105DA000009323690193694601A8E9F789FF002858
:105DB0003FF44CAF037F9B077FF548AFB2E7314616
:105DC0002846FFF704FA0028B2D03FE721462846CC
:105DD000ECF7D8FE3BE7284606A900F0E1F8009072
:105DE00000283FF433AF6B462846627A01A9ECF7EE
:105DF00071FC2CE700207047704710B50446FFF790
:105E000097F902212046FFF74EFE02F07BF8421E72
:105E100063EB03032046FEF7E1F800EAE07010BDF3
:105E20002DE9F041984601238AB0044680F83930C4
:105E300080690D461746E9F7BBFD002301462A4657
:105E40002046CDE901330093FFF7C2FD20B16FF08A
:105E500068000AB0BDE8F08140F294430422204675
:105E600008A90893FFF7F3FA06460028EFD10423A8
:105E700084F83A3006AB08930823ADF8160008A959
:105E800020460993EBF7A4FF05460028DFD080F8F1
:105E9000008046703B6843608670C67008A9204643
:105EA000FFF7F0FA0028D2D120460DF11601FEF7D7
:105EB00011FE0028CDDBBDF8163020466B8094F82B
:105EC000373043F0010384F83730FFF731F902210E
:105ED0002046FFF77CF90028B9DB02222046A918EA
:105EE000FFF7B5FA0028B4D0B1E77FB508230E4616
:105EF0000DEB030104461546CDF808D00393EBF7EC
:105F000067FF60B100230680458003714371837190
:105F1000C37102A92046FFF7B5FA04B070BD6FF057
:105F20006800FAE730B587B002AB0493082304A9F0
:105F300004460593EBF74CFF054670B30022A368B7
:105F40003BBB94F83A0094F83610AB710144521AF6
:105F500052BAAA8011212046EB710DF10602ADF86C
:105F60000630FEF704FD002811DB4FF6FF72BDF886
:105F700006302046002B08BF1346EB8094F83830DB
:105F800004A943F0080384F83830FFF77BFA07B020
:105F900030BD198A5B680A44D2E76FF06800F6E703
:105FA000002373B504460E46ADF80630EBF710FF3C
:105FB000054690B131462046FFF764FA034660B9C2
:105FC000AA88A16852BA92B259B994F8361094F8D6
:105FD0003A0001445B1A9A4207D00025284602B0D5
:105FE00070BD088A49680344EEE7EB8833B994F83A
:105FF0003730C3F30213012BF0D0EEE71121204616
:106000000DF10602FEF7B3FC0028E6DBBDF8063012
:10601000002BE3D0E1E7002307B50093EAF744FF44
:1060200003B05DF804FB38B1006828B10C30D0E84B
:10603000AF0F084100F00100704730B1006820B197
:106040000C30D0E8AF0F00F0010070474FF0FF3286
:106050004FF0FF33F5F7D0B9F5F77CBA08B5EDF797
:106060003DF9003818BF012008BD032970B50D4661
:10607000164615D8EDF732F90446A0B1806CFFF74B
:10608000E5FF0120E36800FA05F13EB923EA0101CA
:10609000A06CE160FFF7E0FF002070BD1943F7E757
:1060A0006FF01500F9E76FF08500F6E7F8B50646E2
:1060B000EDF714F90546F8B143681F683B68DBB19A
:1060C000806CFFF7C3FF3046FFF7B7FF68B10022CF
:1060D00003213046FFF7C9FF28463B68984704462E
:1060E000A86CFFF7B9FF2046F8BD3046EAF710F973
:1060F00004460028EBD0F3E76FF08504F3E72DE9C1
:10610000F04106460F46EDF7E9F80546F0B1436861
:10611000D3F80080D8F80430C3B1806CFFF796FF45
:106120003046FFF78AFF044650B127B90122032108
:106130003046FFF79AFF2846D8F8043098470446BF
:10614000A86CFFF789FF2046BDE8F0816FF0850459
:10615000F9E70021FFF7D3BF032970B50E460FD82A
:10616000EDF7BCF8054668B1806CFFF76FFFEC688F
:10617000A86CF44004F00104FFF76EFF204670BDE8
:106180000024FBE70446F9E710B50446EDF7A6F84E
:1061900060B11830F6F7D0F902212046FFF7DCFF96
:1061A00020B92046BDE81040EAF708B910BD23F039
:1061B000504110B421F4001122F007040C4302D125
:1061C00010BCEDF74DB910BC704710B50446FFF791
:1061D00045FF48B101212046FFF7BEFF20B9204608
:1061E000BDE81040EDF7B0B810BD38B5EDF776F862
:1061F000044640B1806CFFF729FFA06C2569FFF7CA
:106200002BFF284638BD0546FBE738B50D46EDF7B0
:1062100065F8044640B1806CFFF718FFA06C25615B
:10622000FFF71AFF002038BD6FF08500FBE738B597
:10623000EDF754F8044640B1806CFFF707FFA06CFF
:106240006569FFF709FF284638BD0546FBE770B5CD
:10625000EDF744F80446C0B14569B5B14FF47A731F
:1062600047F6122C40F2E73000215D434FF47A727A
:106270000023E5FB0C01D8F7C9FA02460B4604F1EE
:106280001800BDE87040F6F751B970BD10B50C4666
:106290000430F5F74DFB0D2C06DCEDF793FA2146A3
:1062A000BDE81040F7F7D0B810BDF8B5069F054619
:1062B0000469C9B2EFF3118C202080F31288BFF378
:1062C0006F8F0C2606FB0146B06C00F0070EBEF186
:1062D000010F10D1B76400268CF31188BFF36F8FC4
:1062E0003EB90C2041430C44C4E910236B685B5851
:1062F00098473046F8BD00F0C00087420CBF6FF0F1
:1063000077064FF0FF36E7E713B580240094FFF7D8
:10631000CCFF02B010BD0069CBB200EB43100021EE
:1063200010471046F5F704BB08B5EDF737FFBDE899
:106330000840F2F7D1BAF2F785BA8022EDF7A6BC91
:10634000EDF75EBE084608B51146F2F769F9002878
:1063500018BF6FF0040008BD08B501F0B3FA0028BB
:1063600018BF6FF0040008BD436800205B68DB685D
:106370000B607047436802EA01005B6821EA020192
:106380005860002099607047436800205B6859603E
:106390007047436800205B689960704743685B689A
:1063A0001A6821EA02001140586000209960704785
:1063B00000207047F2F7A0BF02780B69012A07D0CE
:1063C000022A08D052B9DA6503F14400F5F7B0BAF1
:1063D0006FF00D02F7E76FF00A02F4E76FF00402C6
:1063E000F1E738B504460569012205F12C00114694
:1063F00001F014FD012205F14400002101F00EFD21
:106400002046BDE83840EEF75FBB38B50546006969
:106410002C30F5F7F7FA044610B92846DDF70EFAE6
:10642000204638BD10B50469DDF7C0F904F12C0031
:10643000BDE81040F5F77CBA13B501AA044600F098
:1064400053FA002805DB019B226819791868F0F7D8
:1064500033F902B010BD73B544680DF10701A36AAA
:106460001B68D3F80056D3F80466FAF779FD9DF857
:10647000073013B9A06AF3F75FFC31462846F4F7FA
:10648000B1F89DF80710054629B9E069FFF7D4FF78
:10649000A06AF3F72BFC284602B070BD10B5446823
:1064A0000021E069FFF7C8FFA06ABDE81040F3F7DC
:1064B0001DBC10B54468A06AF3F73EFCE0690121F9
:1064C000BDE81040FFF7B8BF08B529B1012906D1D2
:1064D000FFF7E4FF002008BDFFF7EBFFFAE76FF0DE
:1064E0008500F8E7F0B40C2707FB021414F8045CED
:1064F000866845F0020504F8045CB468A446F0BC64
:10650000604701F10C00F5F77DBD30B589B08DF81D
:106510000410002144681D462068A3888DF81010DF
:106520000C998DF80520069101AA072102920222FA
:106530008DF81C1002A903920595FFF7D3FF09B04F
:1065400030BD13B501240094FFF7DFFF02B010BD8A
:106550001FB58DF80120032244688DF802302068B1
:10656000A388029202228DF800108DF80C2001A958
:106570000122CDF804D0FFF7B5FF04B010BD00B57F
:1065800089B08DF8052001AA02928DF8041002222C
:10659000002105930A9B40688DF810100392069322
:1065A0008DF81C20838802A90068FFF79BFF09B0C3
:1065B0005DF804FB2DE9F34705460E4617469A465B
:1065C0009DF82890D0F810804FF0FF324FF0FF3345
:1065D0004046F4F711FF3A46314628460DF10703CD
:1065E000FFF7AFFF044678B99DF807303A4623EA33
:1065F000090309EA0A0943EA0903314628468DF8E6
:106600000730FFF7A5FF04464046F4F7A3FF2046F6
:1066100002B0BDE8F08709B9EEF73EBC704730B470
:1066200000F58050D0F8C04754B1D0F8BC5729428B
:1066300006D0A44630BCD0F8C437D0F80C07604769
:1066400030BC704700F5805393F8090500F0FB005B
:1066500001280CD093F80A0500F0FB00012806D0B1
:1066600093F80B0500F0FB00431E58425841704759
:1066700010B5044610461A462369052930D8DFE8CC
:1066800001F00321131A0D28102A28BF102203F548
:10669000A8510F3101F03BFE002010BD172A28BF82
:1066A000172203F5AB51F5E7412A03F5AC5128BF9A
:1066B00041220D31EEE7412A03F5AE5128BF4122B8
:1066C0000E31E7E7412A03F5A85128BF41221F31C7
:1066D000E0E7162A03F5AB5128BF16221731D9E798
:1066E0006FF03C00D9E7032A10B51C4606D1486874
:1066F00001F0C3FD04F5805484F80C0510BD072A91
:1067000038B50D461C460BD1486901F0B6FD04F5BD
:10671000805484F80E05A86901F0AFFD84F80D05DA
:1067200038BD1FB504468DF80F100023002200F578
:10673000BB50CDE900230DF10F0101221030F7F716
:106740006DFA04F5BA501830F5F75CFC04B010BDD2
:10675000104611B90221FFF7E4BF0321FBE7104601
:1067600011B1012903D070470421FFF7DABF0521D9
:10677000FBE70846A0F5BE5010210838FFF7D1BF4F
:10678000104611B1032903D070470B21FFF7C9BF91
:106790000C21FBE7104611B90621FFF7C2BF704775
:1067A000104611B90721FFF7BCBF7047A0F5B850DC
:1067B00008211038FFF7B5BF70B50024D82645680A
:1067C00095F84430E2B2934200D870BD2B6C01348E
:1067D00006FB0233D3F8D000E3F794FEF0E72DE98F
:1067E000F0410C460669B1B30B78A3B30846D8F75D
:1067F00039F81F282FD806F5BD55083506F5B057CE
:106800004FF0FF324FF0FF3328460F37F4F7F4FD17
:1068100039462046D8F714F8B8B106F5805898F8EC
:1068200008370A2B14D8214600241F22384601F0CD
:106830006EFD0F21304688F82E46FFF772FF28467E
:10684000F4F788FE2046BDE8F0816FF07704F6E7A4
:106850006FF00F04F3E76FF01504F3E72DE9F04153
:1068600005690F4605F5BD5814461E4608F108088F
:106870004FF0FF324FF0FF334046F4F7BDFD002CE0
:1068800004BF2746264605F58052C2F8C047C2F825
:10689000BC77C2F8C4674046F4F75CFE0020BDE850
:1068A000F08100F58053D3F80C375B685B689B6818
:1068B00013B10C21EEF782BE0D21FBE738B500F5D0
:1068C0008053D3F80C3704465D680068FCF7B4FACF
:1068D000A96801B113212046BDE83840EEF76EBE2D
:1068E0000E211846FFF71DBF30B543681360057AC7
:1068F000446804EBC504A34202D36FF0010030BD2D
:106900005C7908338C42F1D10020F8E708B5036ABE
:1069100033B11A690B689A4202D10979DCF7DCFEBF
:10692000002008BD48B11F302CBF012100214009C3
:1069300040EAC1604909F6F7B9BE7047F8B5876803
:1069400006467C689CB1436893F82630DB071DD46B
:1069500005694FF0FF334FF0FF322846F4F74CFD46
:106960006B69002B05DC00242846F4F7F3FD204674
:10697000F8BD013B6B61002BF5D17B683046984731
:10698000041EBEBF6B6901336B61EDE70024EEE7C7
:10699000F0B4D0E901631B693BB177688F4208DB33
:1069A0003568954205DCF0BC18476FF05700F0BC25
:1069B00070476FF01500FAE7F0B4D0E901631B6A85
:1069C0003BB137698F4208DBF568954205DCF0BCC6
:1069D00018476FF05700F0BC70476FF01500FAE7EA
:1069E00070B4D0E90162956A03460C46A5B196F8E9
:1069F000242012B92B4670BC1847306A024410F8A4
:106A0000011BA14202D121461846F3E79042F6D17C
:106A10006FF0850070BC70476FF05700FAE72DE902
:106A2000F3410E46D0E9014794F825108046FF292E
:106A300005690FD194F8261001F00C01082914D033
:106A4000D8F8083000391B6B18BF01214BB96FF023
:106A5000570003E0FFF7C4FF0028EBDA02B0BDE8FF
:106A6000F081404698470028F8DBA268B2F1004F59
:106A700005D011464046FFF78BFF0028EEDB626928
:106A8000B2F1004F05D011464046FFF795FF0028B0
:106A9000E4DB2368B3F1004F14D0D8F808305B6909
:106AA000002BD4D0404601A998470028D6DB2268A5
:106AB000019B9A421CDD11464046FFF769FF002802
:106AC00005DACBE76FF0004362689A42E5D19EB9E0
:106AD00094F826309B0716D040463B68984700281C
:106AE000BCDBA069FFF71EFF6B6901336B610AE035
:106AF00062689342EBDDDEE76B6901336B6194F80A
:106B00002630DA0601D40020A8E74046FFF716FF3A
:106B1000A4E7436893F82D30032B94BF182000207E
:106B20007047406890F82D30032B13D8DFE803F04E
:106B300002080B0F01231A460421806AFFF708BDE3
:106B400001230322F8E701231A460821F5E7012370
:106B50000322FAE7002070474068012302220B213C
:106B60000068FFF7F5BC0B461146426892F82D20ED
:106B7000032A02D898B2EFF7EDBF6FF01500704707
:106B800013B51C46806A0DF10703FFF7DAFC0028F5
:106B900008DB9DF8073000201C40003C18BF012492
:106BA000049B1C7002B010BD10B401320129D2B296
:106BB00008BFD2009DF8044015BF42EA831342EAA1
:106BC000C3134722B82214BFDBB2DBB2012C0CD0B6
:106BD000022C07D064B901920C220421806A10BCF7
:106BE000FFF7E8BC01920E22F7E701920D22F4E7CD
:106BF0006FF0850010BC7047F7B50124012A04FA34
:106C000001F405460E461346E4B204D0042A17D018
:106C1000C2B9052701E004270023009415220421AE
:106C2000A86AFFF7C7FC00280EDB0123042107EB4D
:106C30004602A86AD2B203B0BDE8F040FFF788BCB4
:106C40002346E6E76FF0850003B0F0BD40680A46D2
:106C500090F82D30032B0DD8DFE803F00205070A6A
:106C60000021FFF7C9BF0121FBE70021EFF7B0BF0B
:106C70000121FBE76FF08500704713B5144601F161
:106C80000C02806A08210DF10703D2B2FFF759FC0C
:106C9000002807DB21469DF8070002B0BDE8104040
:106CA000EFF758BF02B010BD37B505460C46104689
:106CB00019460DF10602EFF75DFF10F1160F0BD02C
:106CC000082104F10C029DF80630A86AD2B203B084
:106CD000BDE83040FFF73CBC03B030BD73B505469E
:106CE0000C46164604210F22806A0DF10703FFF7B8
:106CF00028FC002812DB9DF8073004212341DB0724
:106D000045BF043464001034334658BF3346A86A84
:106D10004CBF04F0FE02E2B2FFF713FC02B070BDFC
:106D200030B5044685B010460D460DF10E021946E9
:106D30006468EFF71FFF10F1160F21D02946204697
:106D40000DF10D02FFF7CAFF002819DBBDF80E3068
:106D50009DF80D209A4213D02A1D52000421A06AEA
:106D6000DBB202F0FE02FFF7F3FB002808DB012391
:106D7000AB40DBB200930F220421A06AFFF71AFC9C
:106D800005B030BD30B44468134694F82D20032A72
:106D900014D8DFE802F002070A100A46002130BCCE
:106DA000FFF7BEBF0A460121F9E70A460021204647
:106DB00030BCFFF779BF0A460121F8E76FF01200F7
:106DC00030BC704713B5446894F82D30032B2AD893
:106DD000DFE803F0020B0E26012300220421A06A43
:106DE00002B0BDE81040FFF7B3BB01230222F5E774
:106DF000012300220821A06AFFF7AAFB00280DDB6F
:106E000094F83C3053B900213F20F6F74FFC0422A0
:106E10000821A06A0DF10703FFF793FB02B010BD34
:106E200001230222E6E70020F8E713B540680C468C
:106E300090F82D30032B20D8DFE803F00211151C49
:106E400000210DF10702FFF749FF002817DB21465B
:106E50009DF8070002B0BDE81040EFF77BBE0121AE
:106E60000DF10702EFE70A46002102B0BDE810402D
:106E7000FFF703BF0A460121F7E76FF0120002B0E7
:106E800010BD37B513460A78FF2A29D0406890F81C
:106E90002D40032C26D8DFE804F002090D1B0093D7
:106EA0004B780021FFF780FE03B030BD00934B7894
:106EB0000121F7E74978C3B9013242EAC10305224B
:106EC000DBB20821806A03B0BDE83040FFF740BB69
:106ED000497853B9013242EAC103DBB20622F0E736
:106EE0000020E1E76FF01200DEE76FF08500DBE7DE
:106EF000F0B54568044685B0A86A00F0C6FE18B92A
:106F00006FF0120005B0F0BD606890F82D30032BD3
:106F1000F6D8DFE803F0022429300DF10D030093C9
:106F2000042334220421FFF72BFE0028EAD1204657
:106F30009DF80D10FFF773FD0028E3DB296BF9B90D
:106F400095F83A30FF2B38D1606895F83B3090F8CF
:106F50002D20032AD4D8DFE802F04A7179810DF19F
:106F60000D0300934023DCE70DF10D030093032391
:106F700004220821D7E70DF10D0300930C23F7E756
:106F8000676897F82D6026B1012E02D06FF085005A
:106F9000B8E708460DF10E02EFF7ECFD10F1160F01
:106FA000B0D07200093204219DF80E30B86AD2B216
:106FB000FFF7CEFA0028C3D0A4E7606890F82D2030
:106FC000022A07D0032AE1D130221B01009203F0EC
:106FD000F00304E00C229B00009203F0FC03072264
:106FE0000821806AFFF7E6FA0028ADD08AE704217D
:106FF00015229B00009103F0FC03806AFFF7DAFA88
:1070000000287FF47FAF024605F134012046FFF7E8
:1070100038FF00287FF476AF0122204605F13601C3
:10702000FFF72FFF00287FF46DAF0222204605F105
:10703000380105B0BDE8F040FFF723BF0822DB00B0
:1070400000920421152203F0F803D6E740229B01A9
:10705000009203F0C00307220821CEE78022DB0163
:1070600000921340F7E700207047F0B5B0F80AC06F
:107070000489D0E90065ACEB0407B24205FB076761
:1070800001DBB94202DD6FF01500F0BDB14203DA59
:107090001C806FF02100F8E7BA4202DDA3F800C0BF
:1070A000F7E715B91C800020EFE7891B6E1E3144FD
:1070B000B1FBF5F10C44A4B21C800389E41AD0E9B9
:1070C000003101FB04339342EDD9DCE740F20113B8
:1070D0002DE9F04188B04FF00308ADF810300123DE
:1070E000456804698DF81230286800220521CDF822
:1070F000008004ABFFF743FA00285AD12022002376
:1071000002A800F0B3FFDDE9026734224146286897
:1071100004F10803FFF715FA00284AD13622414648
:10712000286804F10903FFF70CFA002841D107226F
:107130000221286804F10B03FFF703FA002838D175
:1071400002A832463B4600F0B6FFDDE90201F6F741
:10715000ADFA0B23009310220521286805ABFFF739
:10716000D4F930BB9DF819309DF8152003EA0803C7
:1071700043EA820323809DF819309DF81620C3F35B
:10718000810343EA8203A3809DF819309DF81720FC
:10719000C3F3011343EA8203E3809DF81E309DF898
:1071A0001C20C3F3011343EA820363809DF814306B
:1071B000A37208B0BDE8F08170B4048945892D1B25
:1071C000D0E9004606FB0544A14209DD848AC58A50
:1071D0002D1BD0E9034606FB0544A14203DC0C301D
:1071E00070BCFFF742BF6FF0150070BC704710B560
:1071F00003468068A0B1597B1A7B1C6802FB011210
:10720000206801311044227A0130013A0A405A7351
:107210000833D3E8EF1F0139C3E8E21F002AF8D191
:1072200010BD11F8013C43F0800301F8013C7047A8
:10723000F8B5436804460E4615460BB3F2B1236811
:10724000217B1A68A37BE07B01FB0333D756D1185F
:10725000002F08DAD75C07F07F07874203D120466A
:10726000F0F738F9EBE7013008443060D35CE27B9B
:1072700003F07F039B1A9D4228BF1D462846F8BD98
:107280001D46FBE730B503681B7A836000231D466B
:107290004373C38143600168DAB20C7A944200D828
:1072A00030BD047B096804FB022201338D54F2E7F0
:1072B0000B46026992E8030083E803000020704750
:1072C00043681B68D3F88004C3F8800470470369DF
:1072D0009A6813680BB152681847704730B587B089
:1072E00004460D461422002101A800F0BEFF04232D
:1072F00020460DEB03018DF804300295FFF7E7FF00
:1073000007B030BD70B586B0066904460D4614223C
:10731000002101A800F0A9FF02238DF80430B36812
:1073200020461A6C9B6C01A9CDE903350292FFF748
:10733000CEFF06B070BD30B503699C6843681B681A
:10734000EFF31185202080F31288BFF36F8F206C3C
:10735000A8B1E06CB0B90020C4E91312042AC3F844
:107360000417C3F8082782BFD3F8002242F0200296
:10737000C3F8002285F31188BFF36F8F30BD6FF023
:107380000C00F7E76FF00F00F4E70369986820B18D
:1073900001609B6800205A6070476FF0850070475D
:1073A00010B5426800691368806860B9D3F84C4131
:1073B00064B1126A12780A70C3F84C01D3F84C21F8
:1073C00001229A6210BD6FF08500FBE74FF0FF309D
:1073D000F8E738B54268036915689A68D2F8A010D2
:1073E00051B1002482F8B84098686830F7F79EFAE7
:1073F000012320466B6538BD6FF00D00FBE7406B45
:10740000FFF7E7BF10B503699968D1F8A420D1F858
:10741000B040121B13D0082A28BF08224068C1F8C8
:10742000AC2099684069C1F8A8009B68D3F8A01007
:10743000D3F8B030194400F0F2FE012010BD104620
:10744000FCE710B5044612EA030005D0605818B1F5
:10745000002301206350635810BD13B501AA0446F0
:10746000FFF742FA002805DB019B226819791868AA
:10747000EFF722F902B010BD10B504460022012139
:107480004FF48270E0F7EEF84FF48270E0F7BAF84C
:107490002046BDE81040F0F783BA10B5044600223C
:1074A0000121C620E0F7DEF8C620E0F7ABF8204661
:1074B000BDE81040F0F774BA10B543681B68D3F804
:1074C00030218B684AB9012283F8B8204FF48052EA
:1074D00043681B68C3F8042310BD00224FF0FF343B
:1074E00083F8B8208B68C3F8B44089684368D1F842
:1074F000AC401B68D1F8A810C3F83C17C3F840474C
:10750000C3F83021D3F8302101221A65DEE7F8B53F
:10751000036904469D6843680F461E6805F108002C
:10752000F7F704FAEFF31182202383F31288BFF3F5
:107530006F8FEB6C53B1D6F8003223F02003C6F8FE
:1075400000320023C6F85031D6F85031002385F8B8
:10755000633017B1012385F86430236999680123EA
:1075600081F8623061680968CB6282F31188BFF3E9
:107570006F8FF8BD08B503699B681B6C23B10121AF
:10758000FFF7C5FF002008BD6FF00D00FBE7F7B562
:10759000426B53681C681369D4F810119D6810334E
:1075A000D3E8EF6F26F01007C3E8EC7FBCF1000FC3
:1075B000F6D1F3060FD561B1D5E9162300260027D1
:1075C000CDE90067F7F756F90023C4F81031D4F875
:1075D000103103B0F0BD0029FBD113699968CB6C61
:1075E000B3FA83F35B0981F86230536801221B68A8
:1075F000DA6203B0BDE8F040F7F798B92DE9F34738
:10760000174600224368D0F810901E68D9F8084049
:10761000884694F86130D6F80C1784F86120A26C83
:1076200005469B1A1944002901DDFFF76BFE284629
:10763000216CFFF753FEE36C2364236D6364002326
:10764000C4E91333A36494F8633003F0FF029BB3DF
:10765000EFF3118A202383F31288BFF36F8F236C1B
:107660006BB3D6F8003223F02003C6F80032B8F12D
:10767000000F34D19FBB0123B362C6F82471D6F842
:10768000243184F86270D9F8103043F01003C9F83F
:1076900010308AF31188BFF36F8F6AB1D4E91632C4
:1076A000134309D0D4E9162300200021CDE90001BD
:1076B00004F10800F7F7DEF802B0BDE8F087D4E97E
:1076C0001632134303D004F10800F7F72FF92B69A2
:1076D0009A68012382F862306A681268D3620022D5
:1076E000D7E72DE9F341064617461C460569EFF337
:1076F0001188202383F31288BFF36F8FAB68D3F810
:10770000A42042B188F31188BFF36F8F6FF00F0090
:1077100002B0BDE8F081C3F8A470AB6801F0604C22
:10772000C3F8A010BCF1005FAB6817D1C3F8A81074
:10773000AB68C3F8AC703046DCF780F829463046B9
:10774000FFF7BAFE88F31188BFF36F8F3369DB79D7
:10775000012B01D1631C06D10020D9E7C3F8B0206A
:10776000FFF750FEE7E724EAE472A868D3171F3258
:1077700043F10003520942EAC36268305B09002406
:107780000025CDE90045F7F775F8E5E708B50220D3
:10779000ECF7C6FB002008BD08B5F1F785FF08BD72
:1077A00008B5006990F83830994207D290F839301E
:1077B0003BB1C9B2F2F760FE002008BD6FF01500C2
:1077C000FBE76FF00A00F8E71FB500230469039395
:1077D000636B8A07029301F00103C3F1410358BFB1
:1077E00043F00803204601A90193F2F79DFD00280C
:1077F00006DB2046F2F7B6FD0123002084F839307D
:1078000004B010BD10B504692046F2F759FE0028F7
:1078100019DB4FF0FF324FF0FF3304F13C00F4F777
:10782000F1F82046F2F7F0FD00231A4694F83800EC
:1078300004F11001984202DC0020228710BD41F8BB
:10784000042F0133F6E76FF00D00F7E708B500F0FD
:1078500039F848B1002383F31188BFF36F8F0423F5
:10786000184602DF6FF0040008BD0A460121F9F74F
:10787000F9BA00B589B006AB02930823039301ABB4
:10788000049304230791CDE9053004AA062002A938
:10789000F0F7A0FE02280AD003280BD068B901989F
:1078A000003818BF0120404209B05DF804FB6FF0BA
:1078B0001500F9E76FF08500F6E74FF0FF30F3E7CA
:1078C000002070470020704703460020184700F052
:1078D000CFB9024610B5116891B1B1FA81F3C3F185
:1078E0001F000123834021EA0303D2E8EF4F8C42BB
:1078F00004D1C2E8EC3FBCF1000FF6D1EBD110BDD2
:107900006FF00B00FBE710B50368CB40DB0710D42A
:1079100001238B40026843EA0201D0E8EF4F944212
:1079200004D1C0E8EC1FBCF1000FF6D1F2D1002069
:1079300010BD6FF01500FBE7F0F7BABEF0F7E6BF39
:1079400008B5F1F7D3F8BDE80840F1F70FB810B566
:1079500004460846F1F72AF904EB4004207DC0F301
:10796000401010BD10B504460846F1F71FF904EBAE
:107970004004A08A00F01C00003818BF012010BD90
:1079800010B504460846F1F711F904EB4004207DD8
:10799000C0F3400010BD10B50446FFF7F1FF20B161
:1079A0002046BDE81040FFF7D2BF10BD10B5044619
:1079B0000846F1F7FBF804EB4004A08A400B10BD29
:1079C00070B5044608461646F1F7F0F8083034F86A
:1079D00010300D46DA0509D5C3F3432304EBC30287
:1079E0003146284654F8333052689847A3682BB183
:1079F00031462846E268BDE87040184770BD2DE961
:107A0000F3411746DDE90858019001A80C461E46CF
:107A1000F1F70EF9019B391E18BF012100EB83001D
:107A2000231E18BF0123002E43EA41030CBF00218F
:107A30000C21002D43EA01030CBF00214FF47061BB
:107A4000B8F1000F43EA01030CBF00214FF44031AD
:107A5000D0F880200B4322EA030304B124780FB14D
:107A60003F787F001C430EB13678B6003C438DB1A1
:107A7000297809023443B8F1000F03D098F8008048
:107A80004FEA0848214341EA0801C0F8801002B0DB
:107A9000BDE8F0812946EDE71FB50DF10F03019315
:107AA00000238DF80F101A4619460093FFF7A7FF21
:107AB00005B05DF804FB2DE9F04700250446884633
:107AC00017462E464FF00109AA46BE420CD1D4F803
:107AD000403133B10023C4F84031D4F8403145F48B
:107AE00080352846BDE8F087F0B2F1F7CDF8A0F573
:107AF00080739B0809FA03F318EA030F05D0225894
:107B00001AB144F800A022581D430136DDE738B50C
:107B100004460D46FFF71BFFA8B12046FFF730FFD4
:107B200088B92046FFF742FF012322688340C2F84C
:107B30000833236803EB8000D0F8103523F00303EB
:107B4000C0F8103538BD2846BDE838400021FFF7A1
:107B5000A3BF91F820200346032A29D8DFE802F0CA
:107B6000212519028A68500504D5D3F844270869ED
:107B7000904207D18A6852051AD4D3F844278969FC
:107B8000914215D000200622C3F80005C3F8002555
:107B90007047D3F8442708699042F3D1D3F80C27F3
:107BA000EDE7D3F844270969EAE7D3F80C27FAE7A9
:107BB0000120704730B501249508403DAC400C428F
:107BC00008D0815831B100218150825813B11A6810
:107BD00022431A6030BD002313B50C4601934FF4C5
:107BE000947201ABFFF7E6FF21464FF48272FFF774
:107BF000E1FF21464FF48A72FFF7DCFF21464FF484
:107C0000B672FFF7D7FF21464FF4A872FFF7D2FFF5
:107C100021464FF49C72FFF7CDFF4FF49A72214634
:107C2000FFF7C8FF019802B010BD10B4CC7B8A6882
:107C300003682CB9D1E90041C3F80046C3F8041623
:107C4000C3F8242543682BB1006810BCC0F308308A
:107C5000DFF7D8BC10BC704707B5019001A8F2F758
:107C60009BFC0123019A9340436003B05DF804FB41
:107C700008B1E0F757BC7047C3685B78DB0701D4F5
:107C8000F2F746BD6FF07700704740B1C36858788F
:107C900010F001001EBF1878B0FA80F0400970475C
:107CA00070B4C0690D46134660B901462A4670BCDF
:107CB000F2F702BD013130F811403444A4B29442CD
:107CC000F8D9F3E7002147F6FF764FF6FD72F2E7A9
:107CD00070B4C0690D461346C0B10446002234F9A1
:107CE000021B11F5004FFAD10132022AF7D12046CA
:107CF000002147F6FF7634F91120B24200D01AB9BC
:107D00002A4670BCF2F7D8BC0131F4E70146F7E728
:107D1000EFF31183202383F31288BFF36F8FFEE705
:107D200010B400F10C04C0E903440024446110BC09
:107D3000D9F748B810B582696AB1C36842EA03014D
:107D4000890708D14169A2FB011424B95B182CBF33
:107D50000121002102D36FF0150005E001619B1A9B
:107D600042698A4201D8002010BD026901311A60BF
:107D7000826903619B1AF3E710B5C0E9053200235D
:107D8000C160C36183600446FFF7D4FF08B9C4E94A
:107D9000004410BD13B501240094F3F76DF902B04F
:107DA00010BD90F90E308B4201D0F5F78FB900204D
:107DB000704703460020C3E90033C3E9020070475F
:107DC00010B5044630B10268930703D0446809B186
:107DD00000F00FFA204610BD0023C0E90033836095
:107DE00000F10C03C0E9033300F11403C0E90533CB
:107DF0007047012307B5009300230A461946F3F79D
:107E00006FFC03B05DF804FB002307B50A4600933E
:107E10001946F3F765FC03B05DF804FB5AB18A42DA
:107E200009D300F11003C0E90212C0E90000C0E963
:107E30000433002070476FF015007047012302687B
:107E40008B4022EA0303036022FA01F000F00100F4
:107E5000704710B5032104460C30FFF7EFFF30B137
:107E600004F11000F6F7F2FAB0FA80F0400910BD04
:107E700020B10022CC301146F5F79CBD704770B59B
:107E8000C3680446C3F340069B0716D485680221E5
:107E90000C30FFF7D3FF80B1D5F8C4206AB194420B
:107EA0001DD122689EB9D5F8C830C5F8C4209C42BF
:107EB00001D1C5F8C82000232360E36813F01F0038
:107EC0001EBF43F00203E36040F0020070BD326069
:107ED000D5F8C820944208BFC5F8C860EBE716463D
:107EE0001268DBE710B5F4F73BF8041E08DDEFF38A
:107EF0001180202383F31288BFF36F8FF5F7A6F963
:107F0000204610BDEFF30580003818BF01207047F0
:107F100090F90E00704780307047002310B58B42F7
:107F200002D10020136010BDC45CAA2CF9D101332A
:107F3000F5E708B50A46D0E92801FFF7EEFF002073
:107F400008BDD0E9003213605A600023C0E9003355
:107F5000704738B504460D46F4F748FD237C43F0DE
:107F600002032374D5B1A5602B689D4209D16B68CB
:107F7000C4E900531C606C6010E06A689A42F6D055
:107F80001B68002BF3D093F90E1094F90E20914248
:107F9000F3DD5A68C4E9003214605C6038BD10B586
:107FA000037C044613F0280F0CD183680BB1F4F75F
:107FB000D3FD237C204623F004032374BDE8104046
:107FC000F4F7B6BC10BD10B50446F4F76DFF04F12C
:107FD0001800BDE81040F6F739BAF4F785BD38B59A
:107FE000054604680020AC4200D138BD002CFCD00E
:107FF0002046F4F7B1FD04F11800F6F727FA204601
:10800000F4F796FC2C680120A542EDE738B504464C
:1080100000200022054611462046F5F7CBFC00283B
:10802000F7D1284638BD0022F6F776B80122F6F7D8
:1080300073B808B50246F6F719F970B1D0E9043102
:108040009B1A61EBE272B3F1004F72F1000104DAA6
:10805000002AACBF1846002008BD6FF00040FBE7C7
:1080600008B5F6F70FFB08BDF6F70CBBB3F1FF3F01
:1080700008BFB2F1FF3F70B506461D46144614D046
:108080001A4316D0002B08DBF6F7FCFA041941EB73
:108090000501C6E90041304670BD6FF001031C1BAD
:1080A0004FF0FF3363EB0501F3E74FF0FF34214658
:1080B000EFE70024FBE7B3F1FF3F08BFB2F1FF3F5A
:1080C000F8B5074616461C4610D054EA020311D0F4
:1080D000F6F7D8FAB0420A46A14103460AD2F31A8B
:1080E00064EB0204C7E900343846F8BD4FF0FF33B3
:1080F0001C46F7E70023FBE70023C0E9081200F164
:108100001802C0E90622C0E90033036343637047E5
:108110002DE9F041846805460E46D4B16378012B01
:1081200022D114F8503C9A0711D5A4F160073846C3
:10813000FFF749FF082E14BF00236FF00303A36568
:1081400014F8503CDB0602D13846F4F755FD002305
:1081500023700023AB60EB68C3F38632164366F3EB
:108160009433EB60BDE8F081022BF0D12378002B33
:10817000EDD054F8048CB8F1000FE8D004F11400ED
:10818000F6F764F90023A4F1140739464046E36288
:10819000F3F7E6FEDBE710B50B680446D0E91902F9
:1081A00012F0010F03EA000301D0984211D183B10C
:1081B0006366520748BF4A6804F1180044BF1A4377
:1081C0004A60F6F743F900232046C4F8B830FFF7B9
:1081D000E6FE002010BD0A46F6F796BC4FF0FF32CF
:1081E000F6F792BC0A460021F6F78EBC5200F6F76D
:1081F000CBBC20B1011F50F8040CF2F795BD7047BD
:108200007047C9B20346024410B59342184601D1E3
:10821000002003E0047801338C42F6D110BD0A44FB
:10822000431E914200D1704710B511F8014B9142A5
:1082300003F8014FF9D110BD884210B501EB0204DB
:1082400002D98442234607D8431EA14207D011F821
:10825000012B03F8012FF8E70244824200D110BD40
:1082600013F8011D02F8011DF7E70244034693428B
:1082700000D1704703F8011BF9E70A220021F6F745
:108280009BBE0139024410B5904201D1002005E0A7
:10829000037811F8014FA34201D0181B10BD013023
:1082A000F2E7024610B512F8013BA3F1410019288C
:1082B00011F8010BA0F1410498BF2033192C98BF8D
:1082C00020301B1A02D10028EDD110BD1846FCE762
:1082D000C9B20346184613F8012B12B18A42F9D1EC
:1082E0007047002918BF0020704710B56AB10139E6
:1082F000841810F8012B11F8013F9A4203D1A042D3
:1083000001D0002AF5D1D01A10BD1046FCE7013982
:10831000034610B532B111F8014F013A03F8014B91
:10832000002CF7D11A440021934200D110BD03F86C
:10833000011BF9E70246014410B58A42134603D0F7
:108340001C780132002CF8D1181A10BD38B511F084
:10835000FF0403460ED12146BDE83840FFF7B8BF01
:10836000431C054621461846FFF7B2FF0028F7D107
:10837000284638BD0025F5E70A7870B56AB970BDA2
:108380009A4209D10C46054614F8013F002BF6D05D
:1083900015F8016F9E42F7D001300378002BEFD122
:1083A0001846ECE72DE9F843C3F13709074688463C
:1083B00003F01F055FFA89F91646384641462A46FA
:1083C0000023D6F723FA4346D4B23A4688460746F6
:1083D000092C84BF4C44E4B2AA424FF0000204F1DD
:1083E0003004934106F8014BE7D23046BDE8F883EC
:1083F0002DE9F04F051889B0904641EB0104029336
:1084000004AB284621460093D2E9002300F0A7F8E8
:1084100006AB074689462846214600930025D8E941
:10842000022300F09CF8DDE90423841851EB0306D5
:10843000069B28BF0125D8E90012ED18079B43F1E0
:108440000003791849EB0202B94272EB0902D8E93C
:10845000022134BF01200020A21846EB0101801840
:10846000029A41F10001A042A2F1410A71EB060219
:10847000CDF800A034BF012200225219CDE90653E5
:1084800043F1000300F082F8129BC3E90001D8E930
:108490000221DDE90653039114990129D8E900E08E
:1084A00027D1A21A0399CDF800A066EB0101774508
:1084B00079EB000034BF01200020101A61F10001A7
:1084C000844276EB010234BF01220022AA1A63F132
:1084D000000300F05BF8139BC3E90001DDE906230C
:1084E00020463146CDF800A000F050F809B0BDE8B4
:1084F000F08F17EB070B49EB090C14EB040846EB64
:108500000601BB457CEB090934BF0127002718EBA6
:10851000070741F10008F3457CEB000C34BF012054
:108520000020381A68F10001801A039A61EB0201F9
:108530006D195B41A74278EB060234BF012200228D
:10854000AD1843F10003874278EB010834BF0122E4
:108550000022AA1A029DA5F140050095B7E7F0B5E3
:1085600000240D4606469446A0FB02012246059FC4
:10857000E5FB0C12A446E5FB0324E3FB061C12EB0F
:108580000C0244F10004C7E90024F0BDF0B5059CDD
:10859000C4F14007C4F12006A4F12005E04002FA2E
:1085A00006F6BB4022FA05F5BA403343C4F1200673
:1085B0002B4301FA06F6A4F12005304321FA05F514
:1085C000E140284319431043F0BD20F000407047BC
:1085D00020F000420346B2F1FF4F70B5044610D3BD
:1085E000002807DA00F04EF820B92046BDE87040B8
:1085F000F8F72AB821462046D5F7AEFD04462046B6
:1086000070BD002AFBD00028F0DB10F0FF412AD01B
:10861000C215C3F31603A2F17F00D2074FF0000486
:1086200043F400034FEA60004FF01905264658BF97
:108630005B004FF080715B0072189A42DDBF5618E4
:1086400064189A1A1A46013D4FEA51014FEA420353
:10865000F2D112B1013424F00104641004F17C540D
:1086600004EBC054CBE75B000A4601311802FAD58F
:108670005242CEE718B100204FF000417047002071
:108680000021704720F00040B0F1FF4F94BF002060
:108690000120704738B505460C4600F0D6F830B1D9
:1086A00020462946D5F758FD0446204638BD2046C9
:1086B00000F0CBF80028F3D12846FFF7E3FF0028AD
:1086C000F3D12046FFF7DEFF28B921462846D6F72A
:1086D00007F80028E9D02C46E7E738B505460C46F0
:1086E00000F0B3F830B120462946D5F735FD0446F1
:1086F000204638BD204600F0A8F80028F3D12846CF
:10870000FFF7C0FF0028F3D12046FFF7BBFF28B9D1
:1087100021462846D5F7C6FF0028E9D02C46E7E7D2
:1087200010B14FF000407047002070472DE9F04134
:108730000446CE0FC1F30A55C1F3130140F2FF7096
:10874000167154EA01076BD1002D71D12C462946D0
:10875000002B156060DB0C2B60DCC3F10D050120E4
:10876000AD0005F1FF3CA5F12107C5F1210600FA96
:1087700007F720FA06F600FA0CF03743061847EB25
:108780000708D6F1000E68EB480C013E48F1FF38AF
:10879000264008EA0108B04277EB080810DBC5F173
:1087A0002008B5F1200624FA05F501FA08F858BFAB
:1087B00041FA06F645EA080558BF3543ED0703D5EB
:1087C0002018044641EB070104EA0E0401EA0C01FB
:1087D0009DF8186018460D250532C6F1270604F0ED
:1087E0000F03240944EA0174091163B9A8420DDAA0
:1087F000013DF4D21AE01DB90125A5F2FF35A7E726
:1088000041F48011F9E7092BC8BF9B193033A84206
:108810005355B8BF2846EBE70023D9E70D23D7E728
:108820008542E8D146F0080600201671BDE8F081C7
:108830008542E5D146F00406F6E7D1E904329342D9
:108840001EBF5A1C0A611870704780F480004000F7
:1088500010F5000F94BF0020012070471860FD7FC5
:10886000010000001185090000000000897F0A0056
:108870000000000000000000AC890B0011820A001B
:108880000000000000000000D4890B00CDAC0A00FD
:1088900000000000ADAD0A00000000000000000074
:1088A000248A0B0000000000FC890B00000000007F
:1088B0004C8A0B0000000000748A0B0000000000CE
:1088C000C48A0B0000000000EC8A0B0000000000CE
:1088D0009C8A0B00B9410A00000000008D770B0054
:1088E000000000006D28090000000000E985090073
:1088F00000000000E97D090000000000C1780B00C5
:1089000000000000E1ED0A000000000041460A00FE
:108910000000000000000000148B0B0075370900F8
:10892000000000004D780B00000000000000000077
:108930003C8B0B0000000000648B0B00000000006B
:10894000DC8B0B0000000000B48B0B00000000006B
:108950008C8B0B0000000000048C0B00000000005A
:108960002C8C0B00214F090000000000BD3E0B00C5
:108970000000000000000000548C0B00000000000C
:108980007C8C0B0000000000A48C0B00D5FD0800BF
:1089900000000000796D0900000000001D2E0A0093
:1089A0000000000061370A0000000000DA560C00E9
:1089B000000000009C970B00A42002200000000093
:1089C00067700B0000000000D2960B000000000052
:1089D00068D40B000B4F0C00CCCE0B0080970B0023
:1089E00088200220145B0220293D0A0000000000BC
:1089F000CC960B0000000000C0CE0B0024500C00F1
:108A000014CF0B00E0960B008C200220905B02201C
:108A1000A1420A0000000000C6960B006000022080
:108A200008CF0B002A500C0034CF0B00E0960B004F
:108A30008E2002209C5B0220A1420A000000000060
:108A4000BC960B00D000022028CF0B0030500C0049
:108A500054CF0B00E0960B0090200220A85B022070
:108A6000A1420A0000000000B6960B00400102205F
:108A700048CF0B00794F0C0000000000D8960B0087
:108A80008A2002200000000059630B000000000053
:108A9000B0960B0000000000E4CE0B0000580C0064
:108AA00010D50B00EC970B00AA200220B81F022063
:108AB00079740B0000000000A8960B00A01F022094
:108AC00004D50B0013580C007CD50B00EC970B0061
:108AD000AC200220E41F02209B740B000000000069
:108AE000A2960B00CC1F022070D50B0062580C0020
:108AF0000000000054970B00AE200220042002204A
:108B0000A9810A00000000009C960B0000000000F4
:108B1000DCD50B005F510C00F01E022004970B0007
:108B200092200220B45B0220E3630B0000000000EF
:108B300094960B00D81E0220A0CF0B00F6510C001B
:108B4000E4CF0B000000000094200220185C0220FB
:108B5000414B0A000000000088960B000000000056
:108B6000D8CF0B00CF560C003CD40B00A4970B00C1
:108B7000A220022000000000796C0A000000000022
:108B80007A960B000000000034D40B00A4560C00B1
:108B90005CD30B00AC970B009C200220B45C02203D
:108BA000F16E0B000000000072960B000000000048
:108BB00050D30B00B2560C00A8D30B00AC970B009F
:108BC0009E200220CC5C0220F16E0B000000000011
:108BD0006A960B00000000009CD30B00C1560C00ED
:108BE000F4D30B00AC970B00A0200220E45C022021
:108BF000F16E0B000000000062960B000000000008
:108C0000E8D30B0025570C000000000038970B003C
:108C1000A6200220FC5C0220316E0A000000000049
:108C20005C960B000000000074D40B0092570C00FF
:108C30008CD40B001C970B00A8200220A65F0220FA
:108C4000E16F0A000000000054960B0000000000D5
:108C500080D40B0087560C0040D30B0000000000AE
:108C60009A200220884D022001690A0000000000BD
:108C70004A960B00A81B022034D30B00E2540C00D0
:108C8000F89F0B0064970B0096200220D00302206F
:108C9000B1620A00000000003E960B00B001022005
:108CA000F8CF0B000B520C0004D00B00C4BF0B001C
:108CB00098200220201F0220B9AA0900000000000D
:108CC00038960B00000000000000000000000000CB
:108CD0009F210B00000000009F210B0000000000FE
:108CE0009F210B00000000009F210B0000000000EE
:108CF0009F210B00000000009F210B0000000000DE
:108D00009F210B00000000009F210B0000000000CD
:108D10009F210B00000000009F210B0000000000BD
:108D20009F210B00000000009F210B0000000000AD
:108D30009F210B00000000009F210B00000000009D
:108D40009F210B00000000009F210B00000000008D
:108D50009F210B00000000009F210B00000000007D
:108D60009F210B00000000009F210B00000000006D
:108D70009F210B00000000009F210B00000000005D
:108D80009F210B00000000009F210B00000000004D
:108D90009F210B00000000009F210B00000000003D
:108DA0009F210B00000000009F210B00000000002D
:108DB0009F210B00000000009F210B00000000001D
:108DC0009F210B00000000009F210B00000000000D
:108DD0009F210B00000000009F210B0000000000FD
:108DE0009F210B00000000009F210B0000000000ED
:108DF0009F210B00000000009F210B0000000000DD
:108E00009F210B00000000009F210B0000000000CC
:108E10009F210B00000000009F210B0000000000BC
:108E20009F210B00000000009F210B0000000000AC
:108E30009F210B00000000009F210B00000000009C
:108E40009F210B00000000009F210B00000000008C
:108E50009F210B00000000009F210B00000000007C
:108E60009F210B00000000009F210B00000000006C
:108E70009F210B00000000009F210B00000000005C
:108E80009F210B00000000009F210B00000000004C
:108E90009F210B00000000009F210B00000000003C
:108EA0009F210B00000000009F210B00000000002C
:108EB0009F210B00000000009F210B00000000001C
:108EC0009F210B00000000009F210B00000000000C
:108ED0009F210B00000000009F210B0000000000FC
:108EE0009F210B00000000009F210B0000000000EC
:108EF0009F210B00000000009F210B0000000000DC
:108F00009F210B00000000009F210B0000000000CB
:108F10009F210B00000000009F210B0000000000BB
:108F20009F210B00000000009F210B0000000000AB
:108F30009F210B00000000009F210B00000000009B
:108F40009F210B00000000009F210B00000000008B
:108F50009F210B00000000009F210B00000000007B
:108F60009F210B00000000009F210B00000000006B
:108F70009F210B00000000009F210B00000000005B
:108F80009F210B00000000009F210B00000000004B
:108F90009F210B00000000009F210B00000000003B
:108FA0009F210B00000000009F210B00000000002B
:108FB0009F210B00000000009F210B00000000001B
:108FC0009F210B00000000009F210B00000000000B
:108FD0009F210B00000000009F210B0000000000FB
:108FE0009F210B00000000009F210B0000000000EB
:108FF0009F210B00000000009F210B0000000000DB
:109000009F210B00000000009F210B0000000000CA
:109010009F210B00000000009F210B0000000000BA
:109020009F210B00000000009F210B0000000000AA
:109030009F210B00000000009F210B00000000009A
:109040009F210B00000000009F210B00000000008A
:109050009F210B00000000009F210B00000000007A
:109060009F210B00000000009F210B00000000006A
:109070009F210B00000000009F210B00000000005A
:109080009F210B00000000009F210B00000000004A
:109090009F210B00000000009F210B00000000003A
:1090A0009F210B00000000009F210B00000000002A
:1090B0009F210B00000000009F210B00000000001A
:1090C0009F210B00000000009F210B00000000000A
:1090D0009F210B00000000009F210B0000000000FA
:1090E0009F210B00000000009F210B0000000000EA
:1090F0009F210B00000000009F210B0000000000DA
:109100009F210B00000000009F210B0000000000C9
:109110009F210B00000000009F210B0000000000B9
:109120009F210B00000000009F210B0000000000A9
:109130009F210B00000000009F210B000000000099
:109140009F210B00000000009F210B000000000089
:109150009F210B00000000009F210B000000000079
:109160009F210B00000000009F210B000000000069
:109170009F210B00000000009F210B000000000059
:109180009F210B00000000009F210B000000000049
:109190009F210B00000000009F210B000000000039
:1091A0009F210B00000000009F210B000000000029
:1091B0009F210B00000000009F210B000000000019
:1091C0009F210B00000000009F210B000000000009
:1091D0009F210B00000000009F210B0000000000F9
:1091E0009F210B00000000009F210B0000000000E9
:1091F0009F210B00000000009F210B0000000000D9
:109200009F210B00000000009F210B0000000000C8
:109210009F210B00000000009F210B0000000000B8
:109220009F210B00000000009F210B0000000000A8
:109230009F210B00000000009F210B000000000098
:109240009F210B00000000009F210B000000000088
:109250009F210B00000000009F210B000000000078
:109260009F210B00000000009F210B000000000068
:109270009F210B00000000009F210B000000000058
:109280009F210B00000000009F210B000000000048
:109290009F210B00000000009F210B000000000038
:1092A0009F210B00000000009F210B000000000028
:1092B0009F210B00000000009F210B000000000018
:1092C0009F210B00000000009F210B000000000008
:1092D0009F210B00000000009F210B0000000000F8
:1092E0009F210B00000000009F210B0000000000E8
:1092F0009F210B00000000009F210B00C48A0B007F
:10930000AD7B0A00B45B0220D5A00A00000000007B
:109310009F210B00000000009F210B0000000000B7
:109320009F210B00000000009F210B0000000000A7
:109330009F210B00000000009F210B000000000097
:109340009F210B00000000009F210B000000000087
:109350009F210B00000000009F210B000000000077
:109360009F210B00000000009F210B000000000067
:109370009F210B00000000009F210B000000000057
:109380009F210B00048C0B00716D0A00000000008F
:109390009F210B00000000009F210B00401E0220B7
:1093A000B5630B00000000009F210B0000000000CF
:1093B0009F210B00000000009F210B000000000017
:1093C0009F210B00000000009F210B000000000007
:1093D0009F210B00000000009F210B0000000000F7
:1093E0009F210B00E19A0A00C9780B0000000000E1
:1093F0009F210B00000000009F210B0000000000D7
:109400009F210B00000000009F210B0000000000C6
:109410009F210B00000000009F210B0000000000B6
:109420009F210B00000000009F210B0000000000A6
:109430009F210B00000000009F210B000000000096
:109440009F210B00000000009F210B000000000086
:109450009F210B00000000009F210B000000000076
:109460009F210B00000000009F210B000000000066
:109470009F210B00000000009F210B000000000056
:109480009F210B00000000009F210B000000000046
:109490009F210B00000000009F210B000000000036
:1094A0009F210B00000000009F210B000000000026
:1094B0009F210B00000000009F210B000000000016
:1094C0009F210B00000000009F210B000000000006
:1094D0009F210B00000000009F210B0000000000F6
:1094E0009F210B00000000009F210B009C8A0B00B5
:1094F000AD7B0A0041790B00C9780B000000000029
:109500009F210B00000000009F210B0000000000C5
:109510009F210B000420022021A50A00000000006A
:109520009F210B00000000009F210B00C81D02209E
:10953000B5630B00000000009F210B00000000003D
:049540009F210B005C
:10954800D02E0220F08D022000080000FD06090040
:109558000000000000000000000000000E000000F5
:10956800000000008FE20B00000000000000000077
:10957800502D0220F0810220000800002D00090073
:109588000000000000000000000000000E000000C5
:1095980000000000E0DE0B000000000000000000FA
:1095A800102E0220F089022000040000A503090003
:1095B8000000000000000000000000000E00000095
:1095C80000000000F3E00B000000000000000000B5
:1095D80078250220F07902200008000071F80800C0
:1095E8000000000000000000000000000300000070
:1095F8000000000057DC0B00000000000000000025
:1096080050460220F0B7022000040000E9E30900F8
:10961800000000000000000000000000F1FFFFFF54
:10962800000000002C440C000000000000000000B6
:1096380000800080FF7F0400070012000080008087
:10964800FF7F0400008000801300FF7F0B00008074
:109658000080FF7F00800080FF7F0C00008000807A
:10966800FF7F0C0000800080FF7F0C0000800080DE
:10967800FF7F0B00008000800F000E000D00FF7FB1
:109688000A000080008011000C00FF7F008000802D
:109698000B00FF7F00800080FF7F00800080FF7F3D
:1096A800008000801300FF7F00800080FF7F008023
:1096B8000080FF7F0080008012001300FF7F008081
:1096C8000080FF7F00800080FF7F00800080FF7F98
:1096D80045630B000000000045440A0069630B0065
:1096E80075630B0089630B0093630B009D630B008C
:1096F80045430A001D420A0000000000014A0A0012
:109708000000000059480A000000000000000000A6
:1097180057640B00656F0A008D6E0A000000000098
:10972800CD700B00B9720A000000000000000000B4
:10973800000000000000000000000000896D0A0021
:10974800456D0A000000000000000000C9770B000A
:1097580005780B0039810A00A1770B000000000092
:10976800000000005D500A0071660B0015500A00E9
:10977800DF670B005D680B00893D0A003B630B0047
:1097880009630B0000000000593C0A0000000000BB
:10979800000000000000000000000000E16A0A006C
:1097A800596B0B00C56D0B00236B0B00136B0B0083
:1097B800676B0B00856D0B002B6E0B000000000023
:1097C8000000000000000000000000004D6C0B00CD
:1097D8000000000000000000000000000000000081
:1097E800000000008B730B00E3760B00D3730B00B3
:1097F8002D780A0037730B0075750B00A1730B00E9
:10980800AD7A0A00C1720B0089760A00B1720B00AA
:10981800CDF30900FF3C0B00F73C0B00EB3C0B00C1
:10982800E33C0B00DB3C0B00218000008DEE0900BF
:1098380007370B0037390B0001370B00F3360B00E5
:10984800CD360B0021C0000031F50900693E0B0040
:10985800613E0B00553E0B004D3E0B00453E0B0094
:1098680023C000009BE20B000300000081E40B0012
:10987800030000002A4F0C0003000000EADE0B0082
:1098880003000000584C0C00030000002A4E0C0096
:109898000300000086500C000300000090500C00EC
:1098A800030000006F510C0003000000DC2D0C00C9
:1098B8000300000077E60B0003000000A8E60B0099
:1098C8000300000006520C000300000091DD0B00AD
:1098D80003000000B6530C00030000003D0B0C0011
:1098E8000300000017560C000300000099050C0047
:1098F80003000000D2080C0003000000B6090C00A9
:10990800030000006C030C000300000042040C007C
:109918000300000076040C0003000000004C0C005B
:10992800030000009E450C00030000001C4A0C00C8
:1099380003000000294B0C00030000002B4C0C0016
:1099480003000000D3470C0003000000364C0C0055
:10995800030000003E440C000300000020490C00F6
:1099680003000000AE490C0003000000690C0C0065
:1099780004000000DD4A0C00030000003F4C0C000E
:109988000300000036480C00030000006DDC0B00EB
:1099980003000000C55D0C0003000000A8E30B00F5
:1099A80003000000FDE70B000300000092560C00C6
:1099B8000300000033F50B000300000039F50B002D
:1099C80003000000BA040C0003000000BE040C00F1
:1099D8000300000089E50B00030000007FE80B008E
:1099E8000300000035570C000300000020580C004D
:1099F8000300000078580C0003000000C94E0C005A
:109A08000300000068BC0B001C5602204DF50B003B
:109A180000000000B4630220010000000000000004
:109A280000000000501D0220B05202200800000073
:109A38000000000000000000001D0220B3630220A7
:109A4800010000000000000000000000281D0220A6
:109A5800B25F0220010000000000000000000000CA
:109A6800B01C022084200220010000000000000039
:109A780000000000D81C022002000000481D02203F
:109A88007823022002000000F81C02209423022000
:109A980002000000201D0220B02302200200000066
:109AA800A81C0220CC23022002000000D01C0220A7
:109AB800E82302201C9A0B00809A0B00309A0B00B6
:109AC8008C9A0B00449A0B00989A0B00589A0B003A
:109AD800A49A0B006C9A0B00A49A0B006C9A0B00CA
:109AE800B09A0B0044F50B00B01D02201053022061
:109AF800A01D022002000000ECBB0B000C5302204A
:109B080000BC0B00A021022039F50B0030420220D6
:109B1800F0A1022084BB0B00B4A30B00D4BC0B0043
:109B2800DCBA0B0068BA0B0030BB0B0054BC0B004E
:109B3800ACBC0B0014BA0B0008C00B00E8BC0B004F
:109B480098BC0B0084BC0B00C0BC0B0000000000DC
:109B580000000000000000000000000000000000FD
:109B6800B5E80B00BCE80B0000000000C540090088
:109B780000000000A4EA0B00AEEA0B0000000000A1
:109B88004941090003000000CDEA0B00D4EA0B00AC
:109B980028BA0B006D100B0000000000EBE80B006A
:109BA800132F0C0000000000E14009000200000033
:109BB800D9DE0B0000EB0B00B09E0B00000000008C
:109BC8000000000074E90B007BE90B0000000000B6
:109BD80039EE080001010000BAF40B00D1E90B00CE
:109BE80000000000314109000000000000000000F2
:109BF800000000000000000000000000000000005D
:109C0800C30C0C00CA0C0C0000000000D5B1090000
:109C1800010000003E0D0C00420D0C001CC00B00A2
:109C2800E3310B0001000000FB0D0C00A50D0C003A
:109C380054C00B0025B2090001000000FE240C00EE
:109C480001250C007CC60B0000000000010000008C
:109C5800334E0C00C5100C000000000051B2090082
:109C68000100000032110C0039110C00ECC00B008F
:109C78000000000001000000FF120C0006130C0099
:109C880014C20B000000000001000000D3130C00F8
:109C9800D7130C00A4C20B001B320B0001020000FA
:109CA80088150C008F150C005CC30B002B320B00C1
:109CB8000101000025F00B0054310C0000000000E9
:109CC800E9DA09000100000012160C0016160C0053
:109CD800B4C30B0000000000010000001F180C00B6
:109CE80024180C008CC50B0063320B000101000026
:109CF800A3180C00A8180C0000000000F9B6090011
:109D080001000000211C0C00271C0C00C4C50B001E
:109D18002DBE0900010100003A4C0C00C72A0C00B6
:109D2800CCC70B004DCD090001000000282C0C0009
:109D38002D2C0C0044C80B00CDD2090001000000F6
:109D48009AF20B00FF2D0C000000000055D309000B
:109D580001000000472E0C004B2E0C00BCC80B0065
:109D6800CB320B00010000000F5F0C00702F0C00BD
:109D7800F4C80B00D5D40900020C0000B2490C004D
:109D8800DC300C002CC90B0009D9090002000000C6
:109D9800B1310C00B6310C0064C90B00FB320B006A
:109DA8000100000045440C0033320C009CC90B0034
:109DB80039DB090001000000683C0C00DC3C0C00A9
:109DC80084CC0B0089E2090001000000ABED0B0018
:109DD800BD320C000000000091DB0900010000000A
:109DE800E0320C0088330C00F4C90B00ADDB09002D
:109DF800010000007B340C0083340C0000000000DC
:109E080049DC09000100000083FC0B00AF340C00A2
:109E18004CCA0B0013330B000104000027E80B00A9
:109E280087360C000000000045DD09000200000034
:109E3800C8360C00CC360C00A4CA0B0017330B0034
:109E480001000000434C0C00A4390C003CCB0B0073
:109E580027330B0001000000673A0C006F3A0C0032
:109E6800B4CB0B0005E20900010100008A3B0C009D
:109E78008F3B0C002CCC0B0031E2090001000000E4
:109E88002F3C0C00393C0C00000000005DE209008A
:109E980001000000653E0C00683E0C001CCD0B0064
:109EA800BDE2090001010000000000000000000000
:109EB8000000000000000000000000000CEE0B0095
:109EC80011EE0B000000000015450900020000001B
:109ED800992C0C00EFEB0B0000000000ED4109008D
:109EE80000000000ABED0B00B2ED0B00000000001D
:109EF8008944090002000000D7EC0B00DEEC0B00DF
:109F080000000000154309000000000027E80B00CE
:109F180050ED0B0000000000FD43090002000000A6
:109F28000000000000000000000000000000000029
:109F380000000000A1450900C1450900A9BE0900AB
:049F4800B5DC09007B
:109F5000FFFFFFFFFFFFFF7FFFC99A3B00000000EC
:109F6000D85E0B7A6F0C010000133931000000003D
:109F700000A0104000820D400004054005000000D4
:109F800004000000010000001B5B4A00001B5B484E
:109F900000001B5B324A00001B5B4A00001B5B6D2C
:109FA00000001B3700001B3800001B5B3F336C00B8
:109FB000001B5B4800001B5B324A00001B3700009F
:109FC0001B3800000000000000000000000000003E
:109FD0000338FDD8704700000000000000000000BA
:109FE0000338FDD8704700000000000000000000AA
:109FF0000338FDD8704700009C8A0B0008D00B0086
:10A00000248A0B000D000000248A0B000C000000C5
:10A010000000000000000000000000000000000040
:10A02000000000000000000000000001000000002F
:10A03000B4C404000000000020020220020000005E
:10A04000010000000000000005000000000000000A
:10A0500019000000000000007D000000000000006A
:10A060007102000000000000350C0000000000003C
:10A07000093D0000000000002D310100000000003B
:10A08000E1F505000000000065CD1D0000000000A6
:10A09000F902950000000000DD0EE902000000005A
:10A0A000514A8D0E000000009573C2480000000068
:10A0B000E941CC6B010000008D49FD1A070000004A
:10A0C000C16FF28623000000C52EBCA2B1000000C3
:10A0D000D9E9AC2D780300003D9160E458110000EF
:10A0E00031D6E275BC560000F52E6E4DAEB10100C2
:10A0F000C9EA268367780800ED95C28F055A2A00C1
:10A10000A1EDCCCE1BC2D30025A4000A8BCA220429
:10A11000000000000000000000000000000000102F
:10A120000000000000000000B9340332B7F4AD14A1
:10A1300010DB1AB30892540E0D307D951447BA1AED
:10A1400066088F4D26ADC66DF598BF85E2B74511FF
:10A15000CA96853D92BD1DEBFCA11860DCEF52163E
:10A160003C92AE220BB8C1B4839D2D5B0562DA1C14
:10A17000304C7E8F4E8BB25B16F4529F8B56A512DD
:10A18000FBD4827643ED8AF08FE7F9311565191813
:10A1900050F19BD94A13EEB4284CF0A686C1251F76
:10A1A000035FC270CB9E4916E642889C44EB2014A4
:10A1B000B0650836AD6EA58585F0CA14E2FD031AB8
:10A1C0000B899979D5B13D09D8DA973A35EBCF109B
:10A1D000AC363F5E73BB38CF3E6752FA44AFBA1518
:10A1E000010000000000000000000000000000204E
:10A1F000345065C05FC9A652BB13CBAEC440C21871
:10A2000006C8DF7100D5A87CF56F0FDA58FC27135C
:10A210006E4756357D24206502C7E768E48CA41D8F
:10A22000E9E60268D7CD39617977FCC2405BEF1669
:10A23000798CDE43FFA751F991F3B278F5BDBE11D9
:10A24000E857E9D6E8BEE87BB054AC8F848D751B27
:10A25000EA23A499E9F9D38BB7A3714061DA3E15DB
:10A26000CEE33ECB73F948088C97B427D51B70100A
:10A27000A2BFEFB9EB8532154DB44DB49BBB6F193E
:10A2800096B6076CF8E7EEAD36D9B4F59135AE1356
:10A29000222218AF4E6A684D91DAAA3D4F40741ED3
:10A2A0009FBD9EE006A1C09857C2A7FDA40E9017BF
:10A2B0000E7D497173E3208FB220D87605143B12CE
:10A2C000853D7434811343B0AD297A5F27F4351C82
:10A2D000763C7935EF39EA3D763C7935EF39EABDA0
:10A2E0000000E0FE422EE63F0000E0FE422EE6BF08
:10A2F000000000000000E03F000000000000E0BFA0
:10A300000000000085F408000000000000000000CC
:10A310000000000079F5080031EB080079F408002E
:10A32000000000000000000067060B0045FB08006D
:10A330000000000000000000000000003DF80800E0
:10A34000A1FA08000000000000000000000000006A
:10A3500051DC0B0005000000EEEB0B0000000000DC
:10A36000000000005DDD0B000B000000EEEB0B00B9
:10A370000000000049FC080069DD0B000B00000034
:10A38000EEEB0B000000000049FC080075DD0B003F
:10A39000130000004F190C000100000069FD0800C7
:10A3A00089DD0B00070000004F190C0001000000C0
:10A3B00031FD080097DD0B0045DF0B0000000000B9
:10A3C000E101090002000000000000000AD7A33BE1
:10A3D0000AD7233C8FC2753C0AD7A33CCDCCCC3CDA
:10A3E0008FC2F53C295C0F3D0AD7233DEC51383D27
:10A3F000CDCC4C3DAE47613D8FC2753DB81E853D0D
:10A40000295C8F3D9A99993D0AD7A33D7B14AE3DB7
:10A41000EC51B83D5C8FC23DCDCCCC3D3D0AD73D23
:10A42000AE47E13D1F85EB3D8FC2F53D0000003E8C
:10A43000B81E053E713D0A3E295C0F3EE17A143E8E
:10A440009A99193E52B81E3E0AD7233EC3F5283EBC
:10A450007B142E3E3333333EEC51383EA4703D3EE8
:10A460005C8F423E14AE473ECDCC4C3E85EB513E18
:10A470003D0A573EF6285C3EAE47613E6666663E44
:10A480001F856B3ED7A3703E8FC2753E48E17A3E72
:10A490000000803E5C8F823EB81E853E14AE873E33
:10A4A000713D8A3ECDCC8C3E295C8F3E85EB913E42
:10A4B000E17A943E3D0A973E9A99993EF6289C3E51
:10A4C00052B89E3EAE47A13E0AD7A33E6666A63E60
:10A4D000C3F5A83E1F85AB3E7B14AE3ED7A3B03E6E
:10A4E0003333B33E8FC2B53EEC51B83E48E1BA3E7D
:10A4F000A470BD3E0000C03E5C8FC23EB81EC53E8B
:10A5000014AEC73E713DCA3ECDCCCC3E295CCF3E99
:10A5100085EBD13EE17AD43E3D0AD73E9A99D93EA9
:10A52000F628DC3E52B8DE3EAE47E13E0AD7E33EB7
:10A530006666E63EC3F5E83E1F85EB3E7B14EE3EC5
:10A54000D7A3F03E3333F33E8FC2F53EEC51F83ED5
:10A5500048E1FA3EA470FD3E0000003FAE47013FD7
:10A560005C8F023F0AD7033FB81E053F6666063F71
:10A5700014AE073FC3F5083F713D0A3F1F850B3FEF
:10A58000CDCC0C3F7B140E3F295C0F3FD7A3103F6F
:10A5900085EB113F3333133FE17A143F8FC2153FF0
:10A5A0003D0A173FEC51183F9A99193F48E11A3F6D
:10A5B000F6281C3FA4701D3F52B81E3F0000203FEC
:10A5C000AE47213F5C8F223F0AD7233FB81E253F6D
:10A5D0006666263F14AE273FC3F5283F713D2A3FEC
:10A5E0001F852B3FCDCC2C3F7B142E3F295C2F3F6A
:10A5F000D7A3303F85EB313F3333333FE17A343FEC
:10A600008FC2353F3D0A373FEC51383F9A99393F69
:10A6100048E13A3FF6283C3FA4703D3F52B83E3FE8
:10A620000000403FAE47413F5C8F423F0AD7433F67
:10A63000B81E453F6666463F14AE473FC3F5483FE8
:10A64000713D4A3F1F854B3FCDCC4C3F7B144E3F65
:10A65000295C4F3FD7A3503F85EB513F3333533FE6
:10A66000E17A543F8FC2553F3D0A573FEC51583F66
:10A670009A99593F48E15A3FF6285C3FA4705D3FE4
:10A6800052B85E3F0000603FAE47613F5C8F623F63
:10A690000AD7633FB81E653F6666663F14AE673FE4
:10A6A000C3F5683F713D6A3F1F856B3FCDCC6C3F62
:10A6B0007B146E3F295C6F3FD7A3703F85EB713FE2
:10A6C0003333733FE17A743F8FC2753F3D0A773F62
:10A6D000EC51783F9A99793F48E17A3FF6287C3FE0
:10A6E000A4707D3F52B87E3F0000803F0000A04034
:10A6F0000000C84100003442295C3F400000404057
:10A70000D7A34040AE47414085EB41405C8F42407B
:10A71000333343400AD74340E17A4440B81E4540B2
:10A720008FC24540666646403D0A474014AE4740EA
:10A73000EC514840C3F548409A994940713D4A4020
:10A7400048E14A401F854B40F6284C40CDCC4C4058
:10A75000A4704D407B144E4052B84E40295C4F408F
:10A7600000005040D7A35040AE47514085EB5140C8
:10A770005C8F5240333353400AD75340E17A544000
:10A78000B81E55408FC25540666656403D0A574038
:10A7900014AE5740EC515840C3F558409A9959406F
:10A7A000713D5A4048E15A401F855B40F6285C40A5
:10A7B000CDCC5C40A4705D407B145E4052B85E40DE
:10A7C000295C5F4000006040D7A36040AE47614015
:10A7D00085EB61405C8F6240333363400AD763404E
:10A7E000E17A6440B81E65408FC265406666664087
:10A7F0003D0A674014AE6740EC516840C3F56840BD
:10A800009A996940713D6A4048E16A401F856B40F2
:10A81000F6286C40CDCC6C40A4706D407B146E402B
:10A8200052B86E40295C6F4000007040D7A3704062
:10A83000AE47714085EB71405C8F7240333373409B
:10A840000AD77340E17A7440B81E75408FC27540D4
:10A85000666676403D0A774014AE7740EC5178400A
:10A86000C3F578409A997940713D7A4048E17A4041
:10A870001F857B40F6287C40CDCC7C40A4707D4079
:10A880007B147E4052B87E40295C7F4000008040AF
:10A89000EC518040D7A38040C3F58040AE47814053
:10A8A0009A99814085EB8140713D82405C8F824066
:10A8B00048E18240333383401F8583400AD7834079
:10A8C000F6288440E17A8440CDCC8440B81E85408F
:10A8D000A47085408FC285407B14864066668640A2
:10A8E0000BB409BCD4B6E9BBDA9DC6BBE6DCA8BB99
:10A8F00085348FBBAE3A71BB45F748BBFBEC24BB3C
:10A9000063CB04BB0AEAD0BA7009A0BAC1BF70BA5F
:10A91000356F3BBA826920BAD4C017BA29EC17BA8E
:10A920008A8F1BBAAB2020BA0FF124BA1FE029BAD4
:10A93000B80E2FBAF78434BAFFFE39BA73053FBA9E
:10A94000025042BA22FE41BAA93B3DBA6A1335BA57
:10A95000F5612BBA788A21BA0BEC17BAE8690EBAFE
:10A9600080F704BA1D1FF6B99777DEB96DE2C8B952
:10A970006C54B9B9DF6EADB90D96A2B9309D98B9D6
:10A98000D26B90B9ED1E8AB9E9D084B966717DB9F0
:10A99000F3A26DB904865DB9E04F4CB962AE37B928
:10A9A000C9561EB9455A00B9CF20BCB841B961B8E3
:10A9B000F5A184B76A6EC5372ED88538A7EADB388B
:10A9C000449A1A390E164A39A1D07E39C5789E3973
:10A9D000A8B9C339AB20EC39235E093A38231A3AB7
:10A9E000C425283A6765333AA6913C3A61AC443AAB
:10A9F000746F4C3A220D543A36A85B3A5C5E633A67
:10AA0000864A6B3A4A81733A0B0A7C3A1875823A45
:10AA10007012873A96DE8B3A70DA903A0A03963AC9
:10AA200083539B3A31C6A03A6558A63A9A06AC3A87
:10AA3000EFC5B13A7786B73A0936BD3A72C5C23A20
:10AA40002427C83A5049CD3A2C15D23A7879D63ACB
:10AA50001C6BDA3A87E0DD3A44D0E03AA72FE33ABC
:10AA600053F2E43AB20EE63A0389E63A1967E63A57
:10AA7000F585E53A8790E33A0F43E03A62C8DB3A5E
:10AA8000C183D63AA4C1D03ABBB2CA3AE6B2C43AFC
:10AA90007AF5BE3A27E7B83A68C2B13A885FA93A70
:10AAA0003945A03A9303973AB12A8E3AFA48863A42
:10AAB000D8657F3AE4EC743A823A6D3A1C62683A9F
:10AAC0005B74663AA20B673A4718693A657B6B3A42
:10AAD00015166D3A75CD6C3A43456A3AC016663A1A
:10AAE000BCDC603AAB315B3AB8AE553AAFA3503AF2
:10AAF00063F64B3A278C473A1D4B433A7C193F3A51
:10AB000045E43A3AB6A6363A646A323A523C2E3AAC
:10AB100078292A3A183B263AAF73223A86D01E3A51
:10AB2000E94B1B3A16E0173A7388143A8542113AFA
:10AB3000B00D0E3AE8EB0A3A5CDF073ADFE9043A77
:10AB4000910C023A3D8FFE395D2FF93900F1F3394E
:10AB500009CCEE392AB9E93902B2E439D3B9DF397F
:10AB60002FDADA395B1DD639F48ED139823ACD39F4
:10AB7000DB1BC9393D16C539AF0AC1390EDABC39FC
:10AB80003165B839A593B3391368AE39DAEAA83913
:10AB90006721A339AE109D39D8BD96399F309039C1
:10ABA0003D7389394A928239903577392133693931
:10ABB00066245B3906F34C39A2843E3994BE2F39A2
:10ABC0003786203953BD10392439003952A2DD3877
:10ABD00019BCB838F670913834C54E38416CE63738
:10ABE000FB376336B732C4B71F875FB83CF6B5B8DA
:10ABF000044802B9273E2EB931535FB966FE8AB9BF
:10AC00005458A9B92BDA5A4068435B40B89C5B4062
:10AC1000CBEA5B402B325C40B3735C4053AE5C408C
:10AC200097E45C40A7185D4032495D40E2715D40A9
:10AC3000B6935D403ABE5D4071F95D4054425E405E
:10AC4000688F5E4016D95E40201E5F4059605F40AD
:10AC50005A9F5F403DDC5F401C1A60405C5A604078
:10AC6000689D60406DE2604001266140F76461408C
:10AC7000609F6140ECD561409C0862400F386240A3
:10AC800064656240C29162405BBD6240FDE4624027
:10AC9000D90E63408A3E6340AD706340BEA16340FD
:10ACA00029D16340A3FF6340852D6440705A6440FE
:10ACB000B58564401EAF6440AFD7644092FF6440E6
:10ACC00070266540034C6540437065403393654092
:10ACD000F0B465409ED5654071F565408A146640C4
:10ACE00004336640C9506640A06D6640E9886640FE
:10ACF000A9A166403CB76640B9CA6640F9DD664026
:10AD000059F266402F086740951F67401538674025
:10AD10000A516740266A67407D836740F39C67401D
:10AD20004BB667406CCF67409BE867402A0268409B
:10AD30000A1C6840F1356840C44F6840D8696840D3
:10AD400092846840AA9F684074BA6840AFD4684053
:10AD500021EF6840AB0A6940482769407444694064
:10AD6000E0616940C27F6940689E6940FBBD6940FF
:10AD700085DE694022006A4025236A40DE476A403A
:10AD8000496E6A4041966A40A8BF6A4049EA6A40F3
:10AD9000EB156B402D436B40D4736B406FA96B4038
:10ADA00055E36B40921F6C40AE5C6C40939A6C40D4
:10ADB00068D96C40D4196D40825D6D4077A56D40B7
:10ADC0002EF16D40743F6E40B98F6E407FE16E4052
:10ADD00046346F40D1876F40C8DB6F405B2F7040B7
:10ADE000AF817040EFD17040A01F7140216B714066
:10ADF00027B571406CFE7140A94772400D917240B9
:10AE00004ADA7240322373409A6B734057B37340EF
:10AE100073FA734038417440E3877440ABCE74409A
:10AE2000C9157540715D7540BCA57540A0EE7540B3
:10AE300005387640D681764002CC76407B16774046
:10AE40004361774061AC7740DFF77740C243784099
:10AE500012907840D4DC7840052A7940A477794074
:10AE6000ADC579401F147A40F7627A403DB27A400E
:10AE7000F8017B4032527B40F2A27B403EF47B40A3
:10AE800010467C405C987C4013EB7C40293E7D4022
:10AE900095917D405EE57D40AA397E40A18E7E4041
:10AEA00071E47E40473B7F404A937F4081EC7F4086
:10AEB00073238040365180407C7F804039AE804093
:10AEC00060DD8040E20C8140BA3C8140E56C81400D
:10AED0005F9D81402ACE814052FF8140E230824016
:10AEE000E36282406095824064C88240FEFB8240FB
:10AEF0003B30834026658340CB9A834037D18340E3
:10AF0000950884402B418440437B844027B784408C
:10AF100021F584407B3585407E78854075BE85402F
:10AF2000A907864064548640A46FA43FFEFD973F66
:10AF3000D1C4823F5483693F80EA553FC9FF413FF6
:10AF40009165303F1222263FCB311D3F186D0B3FDC
:10AF50005CDDE83E6691EE3ECCF21E3FFC684E3F63
:10AF600052526A3FBF8E6B3F5DFF5E3F8D58533F2D
:10AF700070EA493F6495413F2DD03F3F630F453F05
:10AF8000C1264D3F179B543F096F553F09F84B3F72
:10AF9000C0A43D3FB07D303F416D243FFB57193F7A
:10AFA0004CF8103F9B270C3FA372093F870B023FD1
:10AFB000ACA6FE3EE9EB0B3F5ADB183F47011B3FB7
:10AFC00039C2163F86B6123F4850103FB8E00D3FD9
:10AFD000F2C9093F724E043F9416003F486CFB3E95
:10AFE000BC1CF63E4BE0EE3E33B2E63EF277DE3E70
:10AFF000649CD63E698ECF3E3E94C93EE2A0C43EDC
:10B00000656AC03EB542BC3E4829B73E8B65AF3E3F
:10B01000FB9CA23EEFC2903E0C51803EC41F723E8C
:10B0200073A6773E8AE7833EDB5A8D3E9BAE953E04
:10B0300004909A3E93759C3ED6A49D3E7DC09E3E54
:10B0400047C49E3E6DBA9D3E5C3B9D3EE9909E3E50
:10B05000B3B8A03E52CDA13E15A5A13EF833A23E05
:10B060007904A53E9E2EA83EDB62A83E3CB0A53EDC
:10B07000E89CA43E0BB2A83E207AAF3E9F96B43E19
:10B08000E219B73E1753B93E8729BD3E4972C23E09
:10B09000D059C83E55B8CE3EFC75D63E312CE03E68
:10B0A000F9CFEA3E50F5F43E5548FE3E314D033FA0
:10B0B00079C9063F71E40A3FF9BB123FFAC61F3F48
:10B0C000B9392E3F9196383FB99A3D3F7F31403F85
:10B0D0000CE2423F61D5463F7D694E3F5B2E5A3FB1
:10B0E0005FBC663F0C9B703F39B9773F2E317D3F87
:10B0F000398E803F39F0813F54DD823FA2E3823FA9
:10B10000CD9C813F5E077E3F94C8763FAF5E6F3F28
:10B1100038A2693FA925663FFEEA643FF01A653F01
:10B120006E1B653F365A643FE80D633F8139613FCE
:10B13000A9315F3FC7AF5D3F8FFF5C3F5B035D3F62
:10B14000EFB75D3FCB145F3F0BEC603F69D9623FC7
:10B15000E690643F5305663F133B673F4241683FBB
:10B160001A36693F59386A3F76536B3F7D866C3F8C
:10B1700036D06D3FFF2B6F3FB48B703FE7E4713FDC
:10B18000FF36733F0381743FB2C3753F2D0E773F87
:10B190000071783F2FEF793F88867B3FBE327D3F3D
:10B1A0004FDF7E3F2D37803FE8E9803FD288813FE7
:10B1B0000A16823F47A1823F4350833F623C843F4F
:10B1C0001D6B853F1EE1863FB299883F36758A3FE9
:10B1D000B7528C3FF61F8E3F12CD8F3F9554913F53
:10B1E000DFB3923F82E8933FD2FD943F2704963F1E
:10B1F000A200973F1DFC973F9C0C993FF63E9A3F5B
:10B2000004929B3F18059D3FDE999E3FA457A03FA7
:10B210005940A23F8B4EA43F7F80A63FDDD9A83F77
:10B22000798BAB3F5EEDAE3F4B30B33F205AB83F1A
:10B23000DD6ABE3F8262C53F0F41CD3F8506D63FE6
:10B24000E2B2DF3F2846EA3F85C9EF3FEE49823E42
:10B25000FAF76F3E07A94A3E2C292D3EA1C6163E9D
:10B26000C481053ECE72EE3D2009D53DE0F6BC3DE1
:10B27000D8ECA43DE1578A3DBB3F4F3D850DFB3CDB
:10B28000DC015F3CC03D543B685FBEBAB0204DBBA3
:10B290000B866ABB63B273BB83E57CBB880C85BB42
:10B2A00072BB88BB154683BB52E94FBB1C9294BA54
:10B2B00078F9FD3AFB75A13B4421DF3BCF2FF43BEE
:10B2C000EC41F33B0817EF3BCEF0EC3B5FE9F13B81
:10B2D00027D5073CA85D0D3CCC1BE83B3492AB3B2B
:10B2E000D2258E3B881E823BE40F633B472A353BC9
:10B2F0005D10113BCF7D0E3BF5F82E3B267F473B83
:10B300003347503BB4836C3B6BAA8F3BDBE6AC3BD3
:10B31000EFDBC83B5EC1E03B0024F23BDC77FD3B4A
:10B320008678023CC23F053C2600093C24F30F3CD2
:10B33000F2941C3CF276333C307E553CAEAC723C11
:10B340002EE8763C0876613CAC5F403CA8DD1D3CB5
:10B350008A44FF3B30F7D73B9354C63B6F39C03B21
:10B360007C45BE3B5577BF3BE46CC33B99B4C93BBE
:10B37000025AD13B439FD93B624FE23B4D4DEB3BE1
:10B380000288F43B5E8FFD3B74E9023C6187063C1A
:10B3900004BD093C21A50C3C3ED90E3C48BE0F3CE7
:10B3A00049F90E3C43930C3CCAC5083C5B70033C16
:10B3B000C93EF83BD8B3E53B6F64D03B8010B93B46
:10B3C000E9E09F3B19BA843BE1A64E3B4F900F3B0F
:10B3D000F1DC9E3A8B208A3997624ABA78E80DBB35
:10B3E000828883BBA28BC2BB92AEF3BB49D409BC9B
:10B3F000CEB413BC4BB816BCB6BD12BCCD7213BCD8
:10B4000057FE24BC431F42BCD19C5ABC777D65BC0F
:10B41000A84B62BC7B1C51BC1DD934BCA8C713BC53
:10B42000AC1DE3BBBCC69CBBD45929BBA0C705BAA5
:10B430002F04843AF6D3DD3A3492C73A4A0E043ADE
:10B4400019C98CBA9ED727BB29356BBB8D2F88BBFA
:10B4500037BF8BBBCAEE83BB4B0073BB424C63BB95
:10B46000CDB958BBBB3253BB110B52BB613553BB7B
:10B4700004E753BBB86352BB0C574EBBA31E48BB7B
:10B4800098C040BB456839BB63E232BBF57A2DBB3F
:10B490007F1629BB246325BB0AFD21BB62751EBB39
:10B4A0003F861ABBE93216BBD29511BB3DD80CBB07
:10B4B000186A08BB02BA04BB9BD901BBD473FFBA9C
:10B4C000A08AFCBA8DEFF9BAAA13F6BAAC47F0BA63
:10B4D000BA58E8BA3C27DEBA713DD3BABB8ACBBAB8
:10B4E00055ADC9BAA0E0CDBA4229D8BA33E0E7BA1F
:10B4F000FAB7F9BAEB3D05BB5DF30CBB282714BBCB
:10B500007FDC1ABBB7F020BB942426BB263B2ABBAA
:10B51000B3112DBB12A52EBB496B2FBBAC9030BB1A
:10B520008CE632BBC58736BB17763BBBD6C741BB63
:10B53000B7E149BB080454BB531960BB3E1A6EBB4C
:10B54000AF377EBB383E89BBD57196BB19A6A6BB6B
:10B55000CCB9B9BBEDACCFBB7E7FE8BBBE1802BC9B
:10B56000756111BCE31922BC094234BC09B23DBC6F
:10B5700000000000000000000000000000000000CB
:10B5800000000000000000000000000000000000BB
:10B59000000000000000000061CE8137DA5E1D3837
:10B5A00083D679381627AB38EA62D9385EF3033987
:10B5B000B4781F390AFE3A395F835639B5087239B3
:10B5C00074728739C2B197390FF1A7395D30B83934
:10B5D000BE0AC93935DCDB39ACADEE3992BF003A71
:10B5E00077160B3A78BB153A7960203A7BD82B3A1C
:10B5F00040B6373A0494433A679A503AF9BC5D3AF8
:10B6000083766B3ACC017A3A1169843A507F8C3A4E
:10B61000F4B8943AE6CC9D3A385DA73AA18DAF3A9A
:10B62000A6009D3AACAE7F3A3F2D423A1EE6273A3D
:10B6300096D2413AF2C66E3A550E7D3AF3166E3AFC
:10B6400002405F3A5AD4563A656A443A640A1F3A4D
:10B65000CAE3F339CA8BE339C7EECA39CD55863907
:10B6600008FFBF36C111ADB90FAC40BA52839FBAC3
:10B67000002DDEBA8B2707BBAEA815BB67D71FBB53
:10B680009AB127BBF00D2EBB8E7F30BB4F5131BB23
:10B690003B7B31BB49252FBBE7AE29BBEE9920BBD5
:10B6A000FC1612BB1737F2BAABBBB5BAB90484BAF1
:10B6B000B60976BA25297BBAE80C84BA08AE88BAEE
:10B6C0000E7785BA2CB777BA5D0965BA390B54BACB
:10B6D000B85644BA4F4236BA67CC29BAA8881EBABF
:10B6E0005E6214BA4C2A0BBA28BF02BA01D3F5B96C
:10B6F0006F55E7B92C36DAB9F742CEB91AAFC2B9ED
:10B7000004ACB6B94FF2A9B942E79CB9A5C48FB948
:10B7100091AF82B9AB7D6BB93E2B52B990A039B9CC
:10B72000476021B9FAC008B95E56DFB87DC0AAB833
:10B73000F8F266B85C3EE3B72E5A713669851A385E
:10B7400016CF95381822E438A6011A3931742639F3
:10B750009A12A537DE639EA20000000000000000E0
:10B7600000000000000000000000000000000000D9
:10B7700000000000000000000000000000000000C9
:10B78000F84C3DB9A87FE5B96A2C36BA009979BA68
:10B79000D2908EBA4AA086BA6BE784BA8C2E83BA4E
:10B7A000AD7581BA7F0D7DBAE18C6EBAEFA56ABA2C
:10B7B000FEBE66BA0CD862BA169B56BA1A8951BA3E
:10B7C0001F774CBA246547BA33903EBA6A3038BA0C
:10B7D000A1D031BAEE702BBA42D722BA963D1ABA2E
:10B7E00051ED12BA1E2605BA5080FCB979BCD8B901
:10B7F0006A1CBBB98A05A0B9B2B979B9848B38B9CA
:10B80000C0A3DEB8C8ED453A9443263C6C77C43CEF
:10B81000567C273DF92B673DDD118B3D1A669F3D18
:10B820002E84B53DD0A2CF3D9F69EA3D86D0023E31
:10B83000B2FD113E4630243E28A6373EA5B7483E0D
:10B84000A6505B3E206C703E3A99843EA99B923E86
:10B85000CFCDA13EC4D2B13E10FFC13E5F5CD13E10
:10B860004937DF3EC8BDEB3E6AF6F63E98A4003F7E
:10B870008DF3043FA5EB083F72C30C3FDC3D103F46
:10B88000D278133F8A73163F8512193FBAF41A3FD4
:10B890006B901C3F4C581E3F41FA203F22EB233F48
:10B8A0009908273FE62B2A3F8E292D3F2B01303F59
:10B8B000EBD3323FF6A1353F0368383F9C263B3F30
:10B8C000C4DE3D3F2A90403F4D3B433FAEDF453F06
:10B8D0001A7C483F8E0F4B3F5E9B4D3F4521503FAA
:10B8E00010A1523F4317553F5380573FF6DA593F57
:10B8F000C3285C3F806A5E3F97A1603F66D0623F8D
:10B9000050F9643F3B1D673FAD3A693FBF4F6B3F06
:10B91000205C6D3FE65D6F3F4154713FC73E733F12
:10B92000331A753FFBE4763F789E783F24417A3F97
:10B930003DD07B3F0A5F7D3F2C4E7F3F0000803F24
:10B940003D31023F4728AF3ED33BBA3EFFA1B24252
:10B95000CDEC834266436342868964444B54C040C5
:10B960006858863F97C3223EEF45933D6AC64A3DDD
:10B9700084AA003EA2718D3B5EE0343B56EAB43FA0
:10B98000F756C23F7503C03F4C503830333434381B
:10B9900000000000000000000000000000000000A7
:10B9A0000000000000000000000000000000000097
:10B9B0000000000000000000000000000000000087
:10B9C00000000000000000006030022000040000C1
:10B9D0005B0D0B00050D0B000200000000000000D5
:10B9E000C8E70B00D0E70B000000000000000000DB
:10B9F00000000000D8E70B00DCE70B00E0E70B00DD
:10BA0000E4E70B00E8E70B00EFE70B00EEEB0B00C1
:10BA1000F9E70B0088E80B008FE80B00549B0B0044
:10BA200000000000000000002CBA0B00DCEA0B0054
:10BA3000E1EA0B00000000006D100B0000000000A8
:10BA4000EEEA0B00F3EA0B000000000075100B009B
:10BA500000000000000000000000000000000000E6
:10BA60000000000000000000C9EF0B009EEF0B007B
:10BA70007CBA0B00000000000000000080BA0B0040
:10BA8000992C0C00D0BA0B003C9F0B00D14609004A
:10BA900001010000AEEF0B00B3EF0B00409F0B0065
:10BAA0000948090002000000D0EF0B00DAEF0B009C
:10BAB00000000000E1450900000000000000000057
:10BAC0000000000000000000000000000000000076
:10BAD000C40BD286FBEF0B002CF00B00E9F00B003F
:10BAE000EEF00B00F0BA0B000000000000000000B8
:10BAF000F4BA0B00694B0C00FCF00B0000000000D6
:10BB000025490900000000000CF10B0010F10B00AA
:10BB1000000000004D4A0900000000000000000085
:10BB20000000000000000000000000000000000015
:10BB300097F20B009EF20B0044BB0B00914A0900E8
:10BB40000202000048BB0B0060F30B0065F30B0022
:10BB500000000000494B0900050200009DF30B00A6
:10BB6000A2F30B0000000000294E090002010000B2
:10BB700000000000000000000000000000000000C5
:10BB8000000000000FF40B0013F40B0098BB0B0037
:10BB900000000000000000009CBB0B00BAF40B008A
:10BBA0003CF40B0000000000114F090000000000F1
:10BBB0006AF40B007BF40B0000000000014F090049
:10BBC00000000000B4F40B00C2F40B000000000001
:10BBD000F14E09000000000000000000000000001D
:10BBE000000000000000000000000000BE63022012
:10BBF0001E0000008F1A0B00EC9A0B00981D02200B
:10BC00000C9A0B002CBC0B000856022064000000AC
:10BC100018BC0B00C4550220F04202208000000036
:10BC20000000000089100B00020000005B1D0B00EB
:10BC300010560220BE6302201E000000F54F0900CE
:10BC4000B1100B00A9100B00B9100B00514F0900E7
:10BC500000000000B4F80B0011F80B000000000019
:10BC6000C55E090001000000151C0B00ED1B0B0058
:10BC7000AF1D0B00000000000000000000000000ED
:10BC80000000000092F90B0099F90B000000000081
:10BC9000E16A090001000000C3F90B00CAF90B00BA
:10BCA000FCBC0B00E16B0900010100006FFA0B0006
:10BCB00077FA0B0000000000A16A090001000000F3
:10BCC0006D0C0C0088FA0B0028BD0B000000000072
:10BCD00000000000AEFA0B00B4FA0B0000000000F8
:10BCE000AD6B090001000000C2FA0B00C6FA0B00A0
:10BCF000000000007B1F0B000000000000BD0B00D7
:10BD0000E9FA0B00F1FA0B0000000000516A09008B
:10BD10000100000000000000000000000000000022
:10BD200000000000000000002CBD0B0035FB0B00E4
:10BD30003EFB0B00000000004D6B090001000000FD
:10BD40005BFB0B006AFB0B00CCBD0B00000000008E
:10BD5000000000001AFC0B0021FC0B000CBF0B00C4
:10BD6000000000000000000038FC0B003EFC0B004F
:10BD7000CCBE0B00000000000000000055FC0B00D2
:10BD80005CFC0B008CBE0B000000000000000000FB
:10BD90006BFC0B0070FC0B004CBE0B00FD6A090035
:10BDA0000101000083FC0B0089FC0B000CBE0B00A2
:10BDB0000000000000000000000000000000000083
:10BDC000000000000000000000000000D0BD0B00DB
:10BDD0009BFC0B00A5FC0B0000000000AD1F0B003E
:10BDE00001000000DDFC0B00E4FC0B000000000083
:10BDF0002F200B00010000000000000000000000E8
:10BE000000000000000000000000000010BE0B0059
:10BE10001BFD0B0021FD0B00000000007F1F0B002D
:10BE2000010000004FFD0B0054FD0B00000000005E
:10BE30007D6A090001000000000000000000000011
:10BE400000000000000000000000000050BE0B00D9
:10BE5000F9E70B0080FD0B000000000015200B002F
:10BE600001000000BFF40B00BFFD0B00000000004C
:10BE7000C71F0B00010000000000000000000000D0
:10BE800000000000000000000000000090BE0B0059
:10BE9000F9E70B00D2FD0B0000000000916A0900D9
:10BEA00001000000BFF40B00E2FD0B0000000000E9
:10BEB000A11F0B00010000000000000000000000B6
:10BEC000000000000000000000000000D0BE0B00D9
:10BED000F9E70B00F1FD0B0000000000FB1F0B0059
:10BEE00001000000BFF40B0009FE0B000000000081
:10BEF00063200B00010000000000000000000000B3
:10BF000000000000000000000000000010BF0B0057
:10BF1000F9E70B0020FE0B0000000000E11F0B0002
:10BF200001000000BFF40B0038FE0B000000000011
:10BF300049200B000100000000000000000000008C
:10BF400000000000000000000000000000000220CF
:10BF500000000000060001000200000060BF0B00AE
:10BF6000000000000E040C0006000000E0CF1700E7
:10BF70000000022016040C0021000000E0FF032056
:10BF800090BF0B0000000000000000000000000057
:10BF9000917E0900397E0900617E0900257F090034
:10BFA0000000000057220B000001012F00000000DC
:10BFB00000000000312A0B00732A0B00A52B0B0098
:10BFC000FF290B00AB2F0B00292F0B00152F0B00A7
:10BFD000392F0B00D1AC0900D1300B00F7300B002A
:10BFE00081AD0900050C0C00150C0C001F0C0C0099
:10BFF000290C0C00E70B0C00340C0C003D0C0C0061
:10C00000420C0C00490C0C00A7550C00550C0C0000
:10C01000F49B0B00000000000000000020C00B009B
:10C020006A0D0C0048C00B0000000000ED310B0051
:10C030000000000000000000000000000000000000
:10C040000000000000000000C40BD286700D0C0040
:10C05000EEEB0B0058C00B00C70D0C00E0C00B004E
:10C0600000000000F7310B0000000000CD0D0C00B7
:10C07000D4C00B0000000000FB310B0000000000EA
:10C08000D50D0C00C8C00B0000000000FF310B00F4
:10C0900000000000DC0D0C00BCC00B000000000024
:10C0A00003320B0000000000000000000000000050
:10C0B000000000000000000000000000C40BD28659
:10C0C000E40D0C00EEEB0B00C40BD286030E0C004B
:10C0D000053C0C00C40BD2863F0E0C00EEEB0B00AF
:10C0E000C40BD2865E0E0C007B0E0C00F0C00B0061
:10C0F00012110C0038C10B009CC10B0000000000A5
:10C1000000000000F9150C002CC10B0044C10B000D
:10C11000000000000000000000000000000000001F
:10C12000000000000000000000000000C40BD286E8
:10C1300050110C00EEEB0B00C40BD28669110C0001
:10C14000EEEB0B0048C10B008A110C0090C10B00F4
:10C15000000000007DB509000200000090110C00F5
:10C1600084C10B000000000007320B000200000039
:10C1700000000000000000000000000000000000BF
:10C1800000000000C40BD28695110C00053C0C0089
:10C19000C40BD286C7110C00053C0C00A0C10B00DB
:10C1A0008A110C0008C20B0000000000A9B50900AC
:10C1B0000300000090110C00FCC10B000000000007
:10C1C0000B320B0002000000FA110C00F0C10B0052
:10C1D000000000000F320B00010100000000000011
:10C1E000000000000000000000000000000000004F
:10C1F000C40BD28601120C00053C0C00C40BD28685
:10C2000031120C00053C0C00C40BD28663120C00EA
:10C2100096120C0018C20B00F9150C0040C20B005E
:10C220004CC20B00000000000000000000000000F5
:10C2300000000000000000000000000000000000FE
:10C24000C40BD2861E130C00EEEB0B0050C20B0089
:10C250008A110C0098C20B0000000000D5B509003F
:10C260000200000090110C008CC20B0000000000C6
:10C2700013320B000200000000000000000000006C
:10C28000000000000000000000000000C40BD28687
:10C2900037130C00053C0C00C40BD28669130C004C
:10C2A000053C0C00A8C20B001D140C0050C30B0071
:10C2B000000000001F320B000000000024140C00DE
:10C2C00044C30B000000000001B60900000000009C
:10C2D00051140C0038C30B000000000017320B0093
:10C2E00000000000992C0C002CC30B000000000083
:10C2F0002DB60900000000002B140C0020C30B0019
:10C300000000000023320B000000000000000000CD
:10C31000000000000000000000000000000000001D
:10C32000C40BD28633140C0057140C00C40BD286F5
:10C330006D140C00EEEB0B00C40BD2868C140C00B9
:10C34000CB140C00C40BD286E2140C00EEEB0B00F5
:10C35000C40BD286FE140C0012150C0060C30B0037
:10C36000BFF40B00A8C30B000000000059B6090081
:10C3700000000000F9E70B009CC30B000000000068
:10C3800027320B0000000000000000000000000049
:10C39000000000000000000000000000C40BD28676
:10C3A000B2150C00EEEB0B00C40BD286D4150C00BA
:10C3B000EEEB0B00B8C30B000B4E0C0080C50B005E
:10C3C00000000000A1B60900040200001F4E0C008E
:10C3D00074C50B00000000005F320B00010000007C
:10C3E000FA110C0068C50B00000000005B320B0066
:10C3F000010000002A160C005CC50B0000000000C4
:10C4000057320B00010000003D480C0050C50B00E6
:10C410000000000053320B00010200002E160C0039
:10C4200044C50B00000000004F320B00020000006A
:10C4300031160C0038C50B00000000004B320B0019
:10C440000200000037160C002CC50B000000000095
:10C4500047320B00020000003D160C0020C50B0007
:10C460000000000043320B0003000000F0EA0B0064
:10C4700014C50B00000000003F320B00020000005A
:10C480000CF10B0008C50B00000000003B320B0054
:10C490000200000044160C00FCC40B000000000069
:10C4A00037320B000200000048160C00F0C40B00ED
:10C4B0000000000033320B00020000004E060C00AA
:10C4C000E4C40B00000000002F320B00020000004B
:10C4D000000000000000000000000000000000005C
:10C4E00000000000C40BD2864F160C0065160C002D
:10C4F000C40BD28674160C0083160C00C40BD286B3
:10C500008F160C0083160C00C40BD286A0160C00EC
:10C5100083160C00C40BD286B3160C0083160C00D5
:10C52000C40BD286C2160C00D1160C00C40BD286E6
:10C53000E7160C00F9160C00C40BD28604170C0089
:10C54000F9160C00C40BD28616170C0030170C001D
:10C55000C40BD28637170C005E170C00C40BD286B2
:10C5600071170C00EEEB0B00C40BD2868A170C007F
:10C57000EEEB0B00C40BD286A3170C00EEEB0B0006
:10C58000C40BD286BF170C00D6170C0090C50B0049
:10C5900071180C00B8C50B0000000000CDB60900F2
:10C5A000000000000000000000000000000000008B
:10C5B0000000000000000000C40BD2864A180C00E6
:10C5C00076180C00C8C50B00261D0C0070C60B00A9
:10C5D000449F0B0089BC090000000000EA440C00E5
:10C5E00064C60B00449F0B0021BD09000000000041
:10C5F0004FFD0B0058C60B00449F0B002DBE0900D9
:10C6000000000000531C0C004CC60B00449F0B00A4
:10C6100025B7090000000000E9FA0B0040C60B0036
:10C62000449F0B009DBD09000000000000000000B9
:10C6300000000000000000000000000000000000FA
:10C64000C40BD2865B1C0C008A1C0C00C40BD28667
:10C65000941C0C00BF1C0C00C40BD286CD1C0C001B
:10C66000053C0C00C40BD286F11C0C00053C0C00F0
:10C67000C40BD2860E1D0C00053C0C0080C60B00BE
:10C68000FA110C00A8C70B000000000061C30900EC
:10C690000102000013250C009CC70B0000000000E5
:10C6A000D9C30900010200001A250C0090C70B0035
:10C6B0000000000089C40900010200000B4E0C00BC
:10C6C00084C70B000000000039C50900010200000A
:10C6D0001F4E0C0078C70B000000000029C609009F
:10C6E00001020000261D0C006CC70B0000000000BA
:10C6F00019C7090001020000EA440C0060C70B00E2
:10C7000000000000E5C709000102000020250C0020
:10C7100054C70B0000000000C1C80900010500005B
:10C7200025250C0048C70B000000000089CB09003C
:10C7300001040000000000000000000000000000F4
:10C740000000000000000000C40BD2862D250C0064
:10C7500062250C00C40BD2867D250C00AD250C0093
:10C76000C40BD286CF250C00F8250C00C40BD28652
:10C7700001260C00F8250C00C40BD28628260C00DC
:10C78000F8250C00C40BD2864C260C00F8250C00B2
:10C79000C40BD2866D260C00F8250C00C40BD28683
:10C7A0008D260C00F8250C00C40BD286AD260C009B
:10C7B000F8250C0079220C000000000084220C00F7
:10C7C0000100000094220C0002000000D0C70B0002
:10C7D0000C2B0C0038C80B00000000009DCE090097
:10C7E00000000000102B0C002CC80B000000000003
:10C7F000F9CF090000000000142B0C0020C80B002A
:10C80000000000000DCE0900000000000000000044
:10C810000000000000000000000000000000000018
:10C82000C40BD2861C2B0C00402B0C00C40BD286F0
:10C83000552B0C00A3290C00C40BD2867C2B0C00BA
:10C840009E2B0C0048C80B000C2B0C00B0C80B0032
:10C850000000000029D3090000000000102B0C008C
:10C86000A4C80B0000000000C7320B00000000004D
:10C870006A530C0098C80B0000000000F1D20900B8
:10C8800000000000000000000000000000000000A8
:10C890000000000000000000C40BD286722C0C00C7
:10C8A0009E2C0C00C40BD286552B0C00A3290C0027
:10C8B000C40BD2867C2B0C00A3290C00C0C80B0033
:10C8C000F0EA0B00E8C80B000000000035D40900B6
:10C8D0000000000000000000000000000000000058
:10C8E0000000000000000000C40BD286672E0C0080
:10C8F000AB290C00F8C80B000F5F0C0020C90B001F
:10C9000000000000D5D40900000000000000000075
:10C910000000000000000000000000000000000017
:10C92000C40BD286852F0C00BA2F0C0030C90B0027
:10C93000B2F80B0058C90B000000000009D909002B
:10C9400000000000000000000000000000000000E7
:10C950000000000000000000C40BD286F1300C0083
:10C9600017310C0068C90B006A0D0C0090C90B0050
:10C970000000000005330B00000000000000000074
:10C9800000000000000000000000000000000000A7
:10C99000C40BD286CD310C00EEEB0B00A0C90B000E
:10C9A0000F5F0C00E8C90B000000000065DB090008
:10C9B00000000000FA110C00DCC90B0000000000B0
:10C9C00039DB09000000000000000000000000004A
:10C9D000000000000000000000000000C40BD28630
:10C9E00044320C00EEEB0B00C40BD28661320C001B
:10C9F000053C0C00F8C90B000C2B0C0040CA0B00C6
:10CA00000000000011DC090000000000102B0C00E9
:10CA100034CA0B0000000000D9DB09000000000050
:10CA20000000000000000000000000000000000006
:10CA300000000000C40BD2869C330C00C1330C00F4
:10CA4000C40BD286D7330C00F9330C0050CA0B004C
:10CA5000D91E0C0098CA0B000000000089DC0900F8
:10CA600000000000211C0C008CCA0B00489F0B002A
:10CA70000F330B0000000000000000000000000069
:10CA8000000000000000000000000000C40BD2867F
:10CA9000C8340C0004350C00C40BD28626360C00BA
:10CAA00059360C00A8CA0B000B4E0C0030CB0B0003
:10CAB0000000000061DD090000000000EF360C00FE
:10CAC00024CB0B00000000001B330B000000000013
:10CAD000F4360C0018CB0B00000000001F330B00D5
:10CAE00000000000F9360C000CCB0B000000000029
:10CAF00023330B00000000000000000000000000D5
:10CB0000000000000000000000000000C40BD286FE
:10CB1000FF360C00EEEB0B00C40BD28615370C0071
:10CB2000EEEB0B00C40BD2862D370C004A370C00FD
:10CB3000C40BD28651370C0066370C0040CB0B007B
:10CB400059390C00A8CB0B000000000069E0090077
:10CB500000000000F9360C009CCB0B000000000028
:10CB60003DDE090000000000EF360C0090CB0B000A
:10CB70000000000095DE0900000000000000000039
:10CB800000000000000000000000000000000000A5
:10CB9000C40BD286B9390C00DC390C00C40BD28628
:10CBA000F4390C00EEEB0B00C40BD286113A0C00EA
:10CBB000293A0C00B8CB0B009B3A0C0020CC0B00A0
:10CBC000000000002B330B0003000000A23A0C0011
:10CBD00014CC0B00000000002F330B0002000000FB
:10CBE0004FFD0B0008CC0B000000000005E209001F
:10CBF0000101000000000000000000000000000033
:10CC00000000000000000000C40BD286A93A0C000E
:10CC1000EEEB0B00C40BD286CC3A0C00FE3A0C00B3
:10CC2000C40BD2861A3B0C004A3B0C0030CC0B00E4
:10CC30000C2B0C0078CC0B000000000033330B00F1
:10CC400003000000102B0C006CCC0B000000000057
:10CC500037330B000200000000000000000000005D
:10CC6000000000000000000000000000C40BD2869D
:10CC7000A63B0C00D23B0C00C40BD286D83B0C0068
:10CC8000FF3B0C0088CC0B00D50D0C0010CD0B0029
:10CC9000000000003B330B0003000000E93C0C00E7
:10CCA00004CD0B00000000003F330B000800000023
:10CCB000F43C0C00F8CC0B000000000043330B00E8
:10CCC00005000000FB3C0C00ECCC0B000000000059
:10CCD00047330B00020000000000000000000000CD
:10CCE000000000000000000000000000C40BD2861D
:10CCF000043D0C00053C0C00C40BD286143D0C0016
:10CD0000253D0C00C40BD2864D3D0C00633D0C004C
:10CD1000C40BD286D23D0C00DD3D0C0020CD0B00B3
:10CD20000C2B0C00E8CD0B00000000004B330B0077
:10CD300001090000102B0C00DCCD0B0000000000EE
:10CD40004F330B00010400009E3E0C00D0CD0B00C1
:10CD50000000000053330B00010100004FFD0B00E9
:10CD6000C4CD0B0000000000BDE20900010100007D
:10CD7000C70D0C00B8CD0B000000000057330B00AE
:10CD80000107000083FC0B00ACCD0B00000000008D
:10CD9000E9E20900010100000000000000000000BD
:10CDA000000000000000000000000000C40BD2865C
:10CDB000A83E0C00223F0C00C40BD2862A3F0C0078
:10CDC0004C3F0C00C40BD286B33F0C003E400C001D
:10CDD000C40BD28645400C00EEEB0B00C40BD28690
:10CDE00066400C009B400C00C40BD286B0400C0087
:10CDF000E2400C00010000004D390B002B380B0005
:10CE0000FB370B00020000000D390B006D380B00E2
:10CE100095380B00030000009F380B0079390B0098
:10CE20000200000057380B00000000000100000065
:10CE3000D9370B00A5370B0003000000233D0B0082
:10CE40000000000003000000F13D0B00C13D0B009D
:10CE5000413D0B00A1470C00A9470C0035530C00C5
:10CE6000B4470C00C3470C00CB470C006A190C00F8
:10CE7000FFFFFFFF000000009CBF0B0088CE0B00EF
:10CE80008000000000000000982103209CBF0B00E0
:10CE90009CCE0B008000000000000000582B0320F7
:10CEA000E0000002E0000001F34D0C00FF4D0C001B
:10CEB000134E0C001D3C0A00013D0A00000000005A
:10CEC000C4CE0B0001000000184F0C00993E0A0070
:10CED000C13D0A001E4F0C0037630B0029630B0095
:10CEE000244F0C00E8CE0B0001000000814F0C0025
:10CEF00000A0104000820D40000405407F000000AB
:10CF0000FFFF0100FF0700000CCF0B000100000035
:10CF100024500C007F00000000A01040C81D02201B
:10CF200000000000000000002CCF0B0001000000FA
:10CF30002A500C00FFFF010000820D40401E02201D
:10CF400000000000010000004CCF0B0001000000B9
:10CF500030500C00FF0700000004054000000000F6
:10CF600000000000020000004C8A0B0098CF0B006C
:10CF700001000000248A0B0080CF0B00030000009A
:10CF80000C000000000016000D000000000016005C
:10CF900000000000000016000600000000001A005B
:10CFA000A4CF0B000100000069510C0000700C4080
:10CFB000B8CF0B0002000000D0CF0B000200000031
:10CFC000C8CF0B00020100002E80000C2B80000B4C
:10CFD0002E06000C2B06000BDCCF0B00010000001E
:10CFE00001520C00148B0B006B00000000000000CD
:10CFF0000000000000030000FCCF0B000100000057
:10D00000E2540C007C8C0B0000000000C8D00B0028
:10D010008CD00B0060D00B000000000034D00B005F
:10D0200014D10B00070000006400F4018813E8032A
:10D030000000000029520C0050D00B00010000003D
:10D0400018D20B000100000051670B000A0000001D
:10D050004D520C0009000000A0D10B00010000009F
:10D0600057520C007CD00B0001000000B4D10B0023
:10D070000500000051670B003C00000077520C00D7
:10D080000B0000002CD20B000100000083520C00AA
:10D09000A8D00B000200000018D20B000100000015
:10D0A00051670B000A000000A6520C000A000000A5
:10D0B00040D20B0001000000B1520C00090000003A
:10D0C00040D20B0001000000BB520C00E4D00B006A
:10D0D0000300000018D20B000100000051670B0094
:10D0E0000A000000DB520C000400000040D20B00DC
:10D0F00001000000E0520C000A00000040D20B00CA
:10D1000001000000EB520C001100000040D20B00A7
:10D1100001000000FD520C00070000004F190C0038
:10D1200001000000D1610A0005530C000800000056
:10D130004F190C0001000000D1610A000E530C00D1
:10D14000080000004F190C0001000000D1610A0026
:10D1500017530C00070000004F190C0001000000DD
:10D1600049620A001F530C0007000000EEEB0B00A1
:10D1700000000000E1680B0027530C0005000000D0
:10D18000EEEB0B0000000000E1680B0023530C00E5
:10D1900003000000EEEB0B0000000000E1680B0054
:10D1A0002D530C000C000000EEEB0B000000000003
:10D1B0000000000051DC0B0005000000EEEB0B004E
:10D1C00000000000000000003A530C0004000000C2
:10D1D000EEEB0B0000000000000000003F530C00CD
:10D1E00009000000EEEB0B00000000000000000052
:10D1F00049530C000A000000EEEB0B000000000099
:10D200000000000054530C000B000000EEEB0B007C
:10D21000000000000000000051DC0B0005000000D1
:10D22000EEEB0B0000000000000000008C220C0060
:10D2300007000000EEEB0B00000000000000000003
:10D24000DE470C0002000000EEEB0B0000000000C7
:10D2500000000000C2550C0070D20B00020000005C
:10D26000CCD20B000100000051670B00020000004F
:10D27000DE550C0007000000E0D20B0001000000AA
:10D28000EEEB0B000000000008D30B0001000000D3
:10D29000E6550C00ACD20B0002000000CCD20B0013
:10D2A0000100000051670B000200000001560C0055
:10D2B00006000000F4D20B0001000000EEEB0B00B2
:10D2C0000000000008D30B000100000051DC0B003F
:10D2D00005000000EEEB0B00000000000000000065
:10D2E00008560C00070000004F190C000100000058
:10D2F000FF660B0010560C00060000004F190C00D2
:10D3000001000000E7660B00DE470C000200000091
:10D31000EEEB0B00000000000000000000A0104039
:10D3200000820D40000405407F000000FFFF010067
:10D33000FF07000038D30B000100000087560C00E7
:10D34000248A0B0001000000A086010020A1070034
:10D3500054D30B0001000000A9560C00000000800F
:10D36000FFFFFF7FA05A320000000080FFFFFF7F19
:10D3700000000080000000000000000026610C009A
:10D3800001020A003C8B0B000002000000000000BC
:10D39000FF00FF00FF00FF0000000000A0D30B0013
:10D3A00001000000B8560C0040771B0040771B00BE
:10D3B0000000008000000080FFFFFF7F0000008071
:10D3C000000000000000000027610C0000FF0900C1
:10D3D0003C8B0B000001000000000000FF00FF007C
:10D3E000FF00FF0000000000ECD30B000100000074
:10D3F000C7560C0040771B0040771B0000000080E0
:10D4000000000080FFFFFF7F0000008000000000A0
:10D410000000000027610C0000FF09003C8B0B009E
:10D420000000000000000000FF00FF00FF00FF0000
:10D430000000000038D40B00000000003C8B0B0003
:10D4400000000000000000000000000000000000DC
:10D4500000000000000000000000000000000000CC
:10D4600000000000000000006CD40B000100000070
:10D47000CF560C0078D40B000100000030570C0090
:10D4800084D40B00010000008A570C003C8B0B0079
:10D490004016400040164000E067350050C30000D1
:10D4A0000000030000093D0050C3000004000D000F
:10D4B000B84C0A00007D0000D00700001000900169
:10D4C000700000006400000040420F0001000000F6
:10D4D00060E316000000000000000000C8AF00007C
:10D4E000C8AF0000FFFFFF7FFFFFFF7F1027000096
:10D4F0006B0D010000010000A0860100A086010064
:10D5000001000F0008D50B00010000000C580C00B2
:10D5100000401040000000000000000034D50B0067
:10D520000024F400D7790220D2790220D179022098
:10D53000D07902200040104040D50B0002000000CE
:10D5400060D50B000400000050D50B000401000062
:10D5500000800000018000010280000203800003BF
:10D5600000000000020000020106000103060003A3
:10D5700074D50B000100000019580C0000600C402D
:10D580000000000000000000A0D50B000024F40003
:10D59000E6790220E1790220E0790220DF79022099
:10D5A00000600C40ACD50B0002000000CCD50B0095
:10D5B00004000000BCD50B00040100002480000022
:10D5C000258000012680000227800003240000003F
:10D5D000260000022506000127060003E0D50B0007
:10D5E0000100000072580C0000A0104000820D40A5
:10D5F000000405407F000000FFFF0100FF0700005E
:10D60000080000000200000004000000010000000B
:10D6100000A0104000820D40000405407F00000083
:10D62000FFFF0100FF07000000A0104000820D4036
:10D63000000405407F000000FFFF0100FF0700001D
:10D64000555D0C00635D0C00775D0C00865D0C0081
:10D65000925D0C0064880B0074880B00DC880B0062
:10D66000E4880B0094890B00AC890B00055F0C006B
:10D6700001000500205F0C00020007000B5F0C009A
:10D68000040008003C070C0008000400EFE70B0052
:10D6900010000900145F0C00200008001D5F0C0042
:10D6A00040000A00285F0C008000060086600C0025
:10D6B0000001000088130000680100000000000065
:10D6C0006410B71DC8206E3BAC30D9269041DC7683
:10D6D000F4516B6B5861B24D3C7105502083B8ED2D
:10D6E00044930FF0E8A3D6D68CB361CBB0C2649B51
:10D6F000D4D2D38678E20AA01CF2BDBD0000803FE0
:10D700000000803FBD3786350000000000000000AB
:10D710000000000000000000BD378635000000005A
:10D7200000000000000000000000000077CC2B3259
:10D7300000000000000000000000000000000000E9
:10D7400017B75139A69B443B6F12833A00004842F9
:10D750000000F0413333733F6666A63F01000000CE
:10D76000CDCC4C3E000020410000C8420000C84221
:10D770000000C07F000000000000000000004842E0
:10D780000000A0410000003F0000803E000000417A
:10D79000000070420000C03F6666663F3333733F4F
:10D7A0003333333F000000000000000000000000A1
:10D7B0000000000000000040955969595555545526
:10D7C00015555556040515411054554045515544BD
:10D7D0004045504450555545004000404004449653
:10D7E000655556554540455451411540559155553F
:10D7F0005555405105010000544554544555050404
:10D80000001004101404400000000140555515415B
:10D8100054040000440001000000004041000044A6
:10D8200050444550540055555455655100400040F2
:10D8300001000001000501001154515154555505D6
:10D8400000154150000004401001040500000000D4
:10D85000D1F71737D1F717B78071313F807131BFDA
:10D860000000003F000000BF54009F014D61696E41
:10D87000207761746368646F67206578706972658A
:10D88000642C206368616E6E656C3A2025642C20E0
:10D890007468726561643A20257300574553545F7C
:10D8A000544F504449522F70726F6A6563742F61F0
:10D8B00070706C69636174696F6E732F39336D3189
:10D8C0005F61742F7372632F6D61696E2E63004107
:10D8D0005353455254494F4E204641494C20402015
:10D8E00025733A25640A007A6275735F6368616E16
:10D8F0005F707562206D61696E5F6368616E2C2078
:10D900006572726F723A202564007A6275735F6384
:10D9100068616E5F707562206C6F636174696F6EB1
:10D920005F6368616E2C206572726F723A202564A5
:10D9300000626174746572795F70657263656E749C
:10D940005F6765742C206572726F723A20256400DF
:10D950007A6275735F6368616E5F70756220636C75
:10D960006F75645F6368616E2C206572726F723AC6
:10D97000202564006B5F776F726B5F7265736368FD
:10D980006564756C652074656C656D657472795F2E
:10D9900074696D65722C206572726F723A2025640D
:10D9A00000556E68616E646C6564206D65737361AB
:10D9B000676520696E20636F6E6E656374656420B1
:10D9C00073746174652E007A6275735F6368616E4B
:10D9D0005F70756220626174746572795F636861FB
:10D9E0006E2C206572726F723A202564006B5F772F
:10D9F0006F726B5F72657363686564756C652073C5
:10DA0000616D706C655F74696D65722C20657272F2
:10DA10006F723A20256400436F6E6E6563746564AF
:10DA2000007461736B5F7764745F696E69742C2036
:10DA30006572726F723A20256400574553545F54E3
:10DA40004F504449522F7A65706879722F696E631E
:10DA50006C7564652F7A65706879722F6B65726E6C
:10DA6000656C2E68007461736B5F7764745F6164CA
:10DA7000642C206572726F723A20256400746173A1
:10DA80006B5F7764745F666565642C206572726F86
:10DA9000723A202564007A6275735F7375625F77EE
:10DAA0006169745F6D73672C206572726F723A20C2
:10DAB000256400736D665F72756E5F737461746563
:10DAC0002C206572726F723A202564004E6574775F
:10DAD0006F726B207761746368646F67206578701C
:10DAE000697265642C206368616E6E656C3A2025EE
:10DAF000642C207468726561643A20257300574570
:10DB000053545F544F504449522F70726F6A65638B
:10DB1000742F6170706C69636174696F6E732F39F3
:10DB2000336D315F61742F7372632F6D6F64756C29
:10DB300065732F6E6574776F726B2F6E6574776F78
:10DB4000726B2E630041542B4350534D533D312C87
:10DB50002C2C223030313030303031222C223030F9
:10DB60003030313031302200636F6E666967757214
:10DB7000655F70736D2C206572726F723A20256438
:10DB8000004661696C656420746F20616464207470
:10DB900061736B20746F207761746368646F673A98
:10DBA000202564007A6275735F6368616E5F7075CB
:10DBB000622C206572726F723A20256400736D6664
:10DBC0005F72756E5F737461746528292C206572AD
:10DBD000726F723A20256400636F6E6E5F6D6772BC
:10DBE0005F616C6C5F69665F646F776E2C20657235
:10DBF000726F723A20256400636F6E6E5F6D67729C
:10DC00005F616C6C5F69665F75702C206572726F06
:10DC1000723A20256400636F6E6E5F6D67725F619C
:10DC20006C6C5F69665F636F6E6E6563742C2065F4
:10DC300072726F723A202564004E45545F45564516
:10DC40004E545F434F4E4E5F49465F464154414CF0
:10DC50005F4552524F52006E6574776F726B5F6D05
:10DC60006F64756C655F746872656164006E65747D
:10DC7000776F726B00436F415020726573706F6EE7
:10DC800073653A20342E303120556E617574686F9B
:10DC900072697A65642028646576696365206D61C0
:10DCA00079206E6F74206265206F6E626F6172649E
:10DCB000656420746F206E524620436C6F75642932
:10DCC00000524553504F4E534500342E3031000D15
:10DCD000006D6F64656D5F636861745F696E697420
:10DCE0002C206572726F723A202564005745535498
:10DCF0005F544F504449522F70726F6A6563742F9E
:10DD00006170706C69636174696F6E732F39336D04
:10DD1000315F61742F7372632F6D6F64756C6573FF
:10DD20002F6D6F64656D5F61742F6D6F64656D5FDE
:10DD300061742E630054696D6564206F757420777B
:10DD4000616974696E6720666F7220415420706942
:10DD5000706520616674657220257573002B434DD4
:10DD600045204552524F523A002B434D53204552C5
:10DD7000524F523A00254E5246434C4F55444C4F59
:10DD8000434154494F4E3A200025434F41503A20D9
:10DD9000006D6F64656D5F617400436C6F75642026
:10DDA0007761746368646F67206578706972656411
:10DDB0002C206368616E6E656C3A2025642C20749B
:10DDC00068726561643A20257300574553545F5467
:10DDD0004F504449522F70726F6A6563742F61709F
:10DDE000706C69636174696F6E732F39336D315F65
:10DDF00061742F7372632F6D6F64756C65732F631D
:10DE00006C6F75642F636C6F75642E6300415425CD
:10DE1000254E5246434C4F55444D4553534147457B
:10DE20003D7B226170704964223A2242415454453C
:10DE30005259222C226D6573736167655479706540
:10DE4000223A2244415441222C2264617461223AD4
:10DE5000222564227D006D6F64656D5F61745F7261
:10DE6000756E2C206572726F723A202564004261D3
:10DE700074746572792070657263656E746167652C
:10DE8000207265706F727465643A202564252500E0
:10DE90004661696C656420746F2073656E742062DE
:10DEA00061747465727920646174612C206E65748C
:10DEB000776F726B20697320646F776E3F00556EC9
:10DEC00068616E646C6564206D657373616765205D
:10DED000696E20636C6F756420746872656164009C
:10DEE000636C6F75645F74696400636C6F75640064
:10DEF00075736167653A20617420223C636F6D6DB4
:10DF0000616E643E220A004F4B0A006D6F64656DBE
:10DF1000206973206E6F742072656164790A004114
:10DF200054207069706520627573790A004154202D
:10DF3000636F6D6D616E64206661696C6564202835
:10DF40002564290A0053656E6420415420636F6D77
:10DF50006D616E643A20617420223C636F6D6D6167
:10DF60006E643E22004C6F636174696F6E2077614E
:10DF7000746368646F6720657870697265642C20CB
:10DF80006368616E6E656C3A2025642C207468723B
:10DF90006561643A20257300574553545F544F50D0
:10DFA0004449522F70726F6A6563742F6170706C90
:10DFB00069636174696F6E732F39336D315F61749A
:10DFC0002F7372632F6D6F64756C65732F6C6F6345
:10DFD0006174696F6E2F6C6F636174696F6E2E630D
:10DFE0000053696E676C652D63656C6C004D756CD4
:10DFF000746963656C6C0057692D4669004C6F63EA
:10E000006174696F6E3A2025732C257320556E63F9
:10E0100065727461696E74793A2025736D204D655F
:10E0200074686F643A202573004E5246434C4F5536
:10E03000444C4F434154494F4E2055524320776939
:10E04000746820756E657870656374656420666FAA
:10E05000726D6174004661696C656420746F207331
:10E06000756273637269626520746F2025254E5254
:10E0700046434C4F55444C4F434154494F4E205515
:10E0800052433A20256400415425254E5246434CC4
:10E090004F55444C4F434154494F4E3D25642C311C
:10E0A000004661696C656420746F207265717565E6
:10E0B0007374206C6F636174696F6E2C206E65746D
:10E0C000776F726B20697320646F776E3F00556EB7
:10E0D00068616E646C6564206D657373616765204B
:10E0E000696E206C6F636174696F6E20746872650D
:10E0F0006164006C6F636174696F6E5F7469640062
:10E1000042617474657279207761746368646F67C3
:10E1100020657870697265642C206368616E6E6535
:10E120006C3A2025642C207468726561643A20255D
:10E130007300574553545F544F504449522F7072E7
:10E140006F6A6563742F6170706C69636174696F65
:10E150006E732F39336D315F61742F7372632F6D5E
:10E160006F64756C65732F626174746572792F6268
:10E170006174746572792E630043686172676572B9
:10E1800020646576696365206E6F742072656164D2
:10E190007900726561645F73656E736F72732C20B2
:10E1A0006572726F723A202564006E72665F6675E2
:10E1B000656C5F67617567655F696E69742C206562
:10E1C00072726F723A202564006E72665F667565C2
:10E1D0006C5F67617567655F70726F636573732CE1
:10E1E000206572726F723A202564006675656C5FF7
:10E1F00067617567655F73657475702C20657272F1
:10E200006F723A202564006E72665F6675656C5F9A
:10E2100067617567655F6578745F73746174655F66
:10E220007570646174652C206572726F723A202576
:10E2300064007570646174655F6368617267655FCF
:10E2400073746174652C206572726F723A20256454
:10E2500000626174746572795F73616D706C652CB6
:10E26000206572726F723A20256400556E68616E87
:10E27000646C6564206D65737361676520696E20E9
:10E280006261747465727920746872656164006299
:10E290006174746572795F74696400626174746535
:10E2A0007279006865617020636F7272757074694D
:10E2B0006F6E202866726565206C697374206C69C6
:10E2C0006E6B61676529006865617020636F7272AB
:10E2D000757074696F6E2028667265652063687555
:10E2E0006E6B206C696E6B61676529006865617093
:10E2F00020636F7272757074696F6E20286E6F7410
:10E3000020696E207573653F292061742025700097
:10E310006865617020636F7272757074696F6E20CA
:10E3200028627566666572206F766572666C6F77B7
:10E330003F29206174202570006865617020636F3B
:10E340007272757074696F6E20286C656674206EC9
:10E3500065696768626F723F2920617420257000CB
:10E360006865617020636F7272757074696F6E207A
:10E3700028646F75626C6520667265653F2920614F
:10E380007420257000574553545F544F50444952F0
:10E390002F7A65706879722F6C69622F6865617079
:10E3A0002F686561702E63006F735F686561700030
:10E3B000574553545F544F504449522F7A65706803
:10E3C00079722F6C69622F6F732F63627072696E3E
:10E3D00074665F7061636B616765642E63002875A6
:10E3E0006E7369676E6564292063686172202A20F4
:10E3F0007573656420666F722025257020617267D1
:10E40000756D656E742E2049742773207265636F75
:10E410006D6D656E64656420746F20636173742034
:10E42000697420746F20766F6964202A20626563A6
:10E4300061757365206974206D61792063617573FE
:10E4400065206D69736265686176696F7220696EB7
:10E45000206365727461696E20636F6E66696775AB
:10E46000726174696F6E732E20537472696E673AAD
:10E470002225732220617267756D656E743A25647A
:10E480000063627072696E74665F7061636B61676E
:10E490006500574553545F544F504449522F7A6595
:10E4A000706879722F696E636C7564652F7A657018
:10E4B0006879722F7379732F74696D657574696CDF
:10E4C0002E6800574553545F544F504449522F7A99
:10E4D00065706879722F6C69622F6F732F636C6F30
:10E4E000636B2E6300574553545F544F5044495259
:10E4F0002F7A65706879722F696E636C7564652F09
:10E500007A65706879722F7370696E6C6F636B2EA9
:10E510006800574553545F544F504449522F7A6511
:10E52000706879722F6C69622F6F732F6D707363CF
:10E530005F706275662E63004661696C6564207465
:10E540006F207265626F6F743A207370696E6E69C6
:10E550006E6720656E646C6573736C792E2E2E0A5F
:10E5600000574553545F544F504449522F7A6570B9
:10E570006879722F6C69622F7574696C732F746976
:10E580006D657574696C2E63007379735F6765746C
:10E590006F707400574553545F544F504449522F85
:10E5A0007A65706879722F6C69622F7574696C7303
:10E5B0002F6F6E6F66662E6300574553545F544F3E
:10E5C000504449522F7A65706879722F6C69622FB6
:10E5D0007574696C732F6E6F746966792E6300575A
:10E5E0004553545F544F504449522F7A65706879AF
:10E5F000722F6C69622F7574696C732F72696E6704
:10E600005F6275666665722E6300574553545F54AA
:10E610004F504449522F7A65706879722F696E6342
:10E620006C7564652F7A65706879722F6C6F676797
:10E63000696E672F6C6F675F6261636B656E642ED6
:10E6400068006C6F6767696E6700574553545F5485
:10E650004F504449522F7A65706879722F737562F2
:10E660007379732F6C6F6767696E672F6C6F675F65
:10E67000636F72652E63006C6F6700574553545F7C
:10E68000544F504449522F7A65706879722F7375D0
:10E69000627379732F6C6F6767696E672F6C6F6732
:10E6A0005F6D676D742E63006C6F675F6D676D746F
:10E6B000004D657373616765202822257322292028
:10E6C00064726F7070656420626563617573652044
:10E6D000697420657863656564732073697A652061
:10E6E0006C696D69746174696F6E202825752900E5
:10E6F000574553545F544F504449522F7A657068C0
:10E7000079722F7375627379732F6C6F6767696E97
:10E71000672F6C6F675F6D73672E63004D65737352
:10E720006167652064726F70706564206265636103
:10E7300075736520697420657863656564732073FB
:10E74000697A65206C696D69746174696F6E2028DF
:10E7500025752900574553545F544F504449522F53
:10E760007A65706879722F7375627379732F6C6F25
:10E770006767696E672F6C6F675F6F75747075740C
:10E780002E63001B5B306D005B2530386C755D209F
:10E79000005B253032753A253032753A25303275B6
:10E7A0002E253033752C253033755D20003C2573C4
:10E7B0003E200025732F0025733A20002530327843
:10E7C0002000202020007C001B5B313B33316D009A
:10E7D0001B5B313B33336D006572720077726E00E4
:10E7E000696E6600646267006163746976650073D0
:10E7F000757370656E646564006F666600706D5F4A
:10E8000064657669636500504D204445564943452B
:10E810002052554E54494D4520575100556E626166
:10E820006C616E6365642073757370656E64005708
:10E830004553545F544F504449522F7A657068795C
:10E84000722F7375627379732F706D2F646576699B
:10E8500063655F72756E74696D652E630068775FBE
:10E8600077647420696E7374616C6C2074696D6573
:10E870006F7574206661696C65643A202564007464
:10E8800061736B5F776474006B65726E656C004BCF
:10E8900065726E656C20636F6D6D616E647300638D
:10E8A00079636C65733A20257520687720637963F6
:10E8B0006C65730A006379636C6573004B65726EF7
:10E8C000656C206379636C65732E00556E61626CB4
:10E8D0006520746F20706172736520696E70757445
:10E8E0002028657272202564290A00736C656570A2
:10E8F00000557074696D653A20256C6C75206D73D8
:10E900000A002D70002D2D70726574747900556E9B
:10E91000737570706F72746564206F7074696F6E58
:10E920003A2025730A00757074696D653A20256C6C
:10E930006C7520646179732C20256C6C7520686F70
:10E940007572732C20256C6C75206D696E757465FD
:10E95000732C20256C6C75207365636F6E64732C4B
:10E9600020256C6C75206D696C6C697365636F6EC6
:10E9700064730A00757074696D65004B65726E652D
:10E980006C20757074696D652E2043616E20626520
:10E990002063616C6C6564207769746820746865B5
:10E9A000202D70206F72202D2D7072657474792067
:10E9B0006F7074696F6E7300342E342E30005A6598
:10E9C000706879722076657273696F6E2025730A9C
:10E9D000004B65726E656C2076657273696F6E2E82
:10E9E000005468697320636F6D6D616E6420697394
:10E9F0002064657072656361746564206173206969
:10EA0000742069732061206475706C69636174653A
:10EA10002E2055736520276C6F6720656E61626CD0
:10EA2000652720636F6D6D616E642066726F6D2067
:10EA30006C6F6767696E6720636F6D6D616E64737D
:10EA4000207365742E0A00556E61626C6520746FC8
:10EA5000207061727365206C6F67207365766572D4
:10EA60006974792028657272202564290A00496E2C
:10EA700076616C6964206C6F67206C6576656C3AB2
:10EA80002025640A00556E61626C6520746F2066F3
:10EA9000696E64206C6F6720736F757263653A20CE
:10EAA00025730A006C6F675F6C6576656C003C6D62
:10EAB0006F64756C65206E616D653E203C73657694
:10EAC00065726974792028302D34293E00726562A0
:10EAD0006F6F74005265626F6F742E00636F6C64A9
:10EAE00000436F6C64207265626F6F742E007761F3
:10EAF000726D005761726D207265626F6F742E00C7
:10EB00004B65726E656C20746872656164732E006B
:10EB10005363686564756C65723A20257520736966
:10EB20006E6365206C6173742063616C6C0A0054C1
:10EB30006872656164733A0A004E4100257325705E
:10EB400020252D3130730A00096F7074696F6E7360
:10EB50003A20307825782C207072696F7269747948
:10EB60003A2025642074696D656F75743A20256CB0
:10EB70006C640A000973746174653A2025732C2053
:10EB8000656E7472793A2025700A00556E61626C68
:10EB90006520746F2064657465726D696E6520759B
:10EBA0006E7573656420737461636B2073697A6535
:10EBB00020282564290A0A0009737461636B207395
:10EBC000697A6520257A752C20756E7573656420C9
:10EBD000257A752C20757361676520257A75202F3D
:10EBE00020257A7520282575202525290A0A004C1C
:10EBF000697374206B65726E656C207468726561F0
:10EC000064732E00574553545F544F504449522F5C
:10EC10007A65706879722F7375627379732F736870
:10EC2000656C6C2F6D6F64756C65732F6B65726EA0
:10EC3000656C5F736572766963652F746872656170
:10EC4000642F737461636B732E63002570204952C7
:10EC5000512025303264202573287265616C207341
:10EC6000697A652025347A75293A09756E75736558
:10EC7000642025347A750975736167652025347AB7
:10EC800075202F2025347A75202825327A75202585
:10EC900025290A00257020252D333273202872651E
:10ECA000616C2073697A652025347A75293A097573
:10ECB0006E757365642025347A75097573616765AF
:10ECC0002025347A75202F2025347A752028253286
:10ECD00075202525290A00737461636B73004C69E4
:10ECE0007374207468726561647320737461636BFC
:10ECF0002075736167652E005468726561642049F0
:10ED000044202570206973206E6F742076616C69D1
:10ED1000640A004572726F723A5368656C6C2074B5
:10ED200068726561642063616E6E6F742062652035
:10ED300073757370656E6465640A0054687265610A
:10ED4000642025702073757370656E6465640A00B5
:10ED50006B65726E656C2074687265616420737592
:10ED60007370656E64203C7468726561645F696489
:10ED70003E004572726F723A5368656C6C2074681D
:10ED8000726561642063616E6E6F742062652072CB
:10ED90006573756D65640A00546872656164202549
:10EDA0007020726573756D65640A00726573756DA8
:10EDB00065006B65726E656C2074687265616420B5
:10EDC000726573756D65203C7468726561645F6916
:10EDD000643E004572726F723A5368656C6C2074C1
:10EDE00068726561642063616E6E6F742062652075
:10EDF0006B696C6C65640A000A2054687265616412
:10EE0000202570206B696C6C65640A006B696C6C02
:10EE1000006B65726E656C20746872656164206B4E
:10EE2000696C6C203C7468726561645F69643E0063
:10EE300044657669636520756E6B6E6F776E20280A
:10EE40002573290A0044657669636520282573299E
:10EE500020646F6573206E6F742068617665207220
:10EE6000756E74696D6520706F776572206D616E67
:10EE70006167656D656E740A00706D5F64657669C3
:10EE800063655F72756E74696D655F707574282552
:10EE900073290A00706D5F6465766963655F7275DA
:10EEA0006E74696D655F676574282573290A005B58
:10EEB00025705D00202072657175697265733A2056
:10EEC00025730A004465766963652025732069739C
:10EED0002072657175697265642C20627574206E8C
:10EEE0006F742072656164790A005245414459008B
:10EEF00044495341424C45440064657669636573F7
:10EF00003A0A002D20257300202825732C207573C4
:10EF10006167653D2564290A0020204454206E6FF6
:10EF20006465206C6162656C733A00446576696360
:10EF30006520257320697320616C72656164792096
:10EF4000696E697469616C697A65640A0044657602
:10EF500069636520257320696E697469616C697ADB
:10EF60006174696F6E206661696C6564207769748D
:10EF700068206572723D25640A00446576696365A0
:10EF800020257320696E697469616C697A656420F3
:10EF90007375636365737366756C6C790A00446599
:10EFA0007669636520636F6D6D616E647300696E71
:10EFB0006974004D616E75616C6C7920696E69745D
:10EFC00069616C697A6520612064657669636500B2
:10EFD000706D5F746F67676C6500546F67676C6511
:10EFE0002064657669636520706F7765722028708C
:10EFF0006D206765742F70757429004C69737420D7
:10F00000636F6E66696775726564206465766963AF
:10F0100065732C207769746820616E206F70746945
:10F020006F6E616C2066696C746572005B3C646530
:10F03000766963652066696C7465723E5D00496E31
:10F0400076616C696420686F75720A00496E76613A
:10F050006C6964206D696E7574650A00496E76612D
:10F060006C6964207365636F6E640A00496E766133
:10F070006C6964206D6F6E74680A00496E76616C0D
:10F080006964206461790A004661696C6564207472
:10F090006F2063616C63756C617465207365636F69
:10F0A0006E64732073696E63652045706F63680AD0
:10F0B00000436F756C64206E6F74207365742064F8
:10F0C0006174652025640A0025642D253032752D74
:10F0D0002530327520253032753A253032753A2583
:10F0E000303275205554430A0064617465004461F0
:10F0F000746520636F6D6D616E6473005B592D6D77
:10F100002D645D203C483A4D3A533E0067657400DB
:10F110005B6E6F6E655D005573696E672064617428
:10F12000612077696474682025640A00496E636F02
:10F1300072726563742064617461207769647468B5
:10F140000A00526561642076616C7565203078250F
:10F150006C6C780A0057726974696E672076616C0E
:10F160007565203078256C6C780A00696E76616C64
:10F170006964206164647220272573270A00696E20
:10F1800076616C69642073697A6520272573270A84
:10F1900000696E76616C6964207769647468202701
:10F1A0002573270A00613A733A773A00272D6120C8
:10F1B0003C616464726573733E27206973206D61DE
:10F1C0006E6461746F72790A00272D73203C736935
:10F1D0007A653E27206973206D616E6461746F7279
:10F1E000790A00496E636F7272656374206461749A
:10F1F000612077696474683A2025750A0064657631
:10F200006D656D206C6F616420737570706F7274C2
:10F21000732073657474696E6720627970617373AB
:10F22000206F6E20612073696E676C6520696E7354
:10F2300074616E63652E0A004C6F6164696E672E9F
:10F240002E2E0A7072657373206374726C2D782091
:10F250006374726C2D7120746F20657363617065C7
:10F260000A004E756D626572206F66206279746562
:10F270007320726561643A2025640A002D2D002DEB
:10F280006500556E6B6E6F776E206F7074696F6E70
:10F2900020222573220A006465766D656D00526533
:10F2A00061642F777269746520706879736963612E
:10F2B0006C206D656D6F72790A55736167653A0AE6
:10F2C00052656164206D656D6F7279206174206193
:10F2D0006464726573732077697468206F707469F1
:10F2E0006F6E616C2077696474683A0A6465766D44
:10F2F000656D203C616464726573733E205B3C778E
:10F30000696474683E5D0A5772697465206D656D45
:10F310006F72792061742061646472657373207701
:10F32000697468206D616E6461746F7279207769A9
:10F3300064746820616E642076616C75653A0A6455
:10F3400065766D656D203C616464726573733E2003
:10F350003C77696474683E203C76616C75653E005C
:10F3600064756D700055736167653A0A6465766D02
:10F37000656D2064756D70202D61203C6164647240
:10F380006573733E202D73203C73697A653E205B64
:10F390002D77203C77696474683E5D0A006C6F616C
:10F3A000640055736167653A0A6465766D656D2022
:10F3B0006C6F6164205B6F7074696F6E735D205B4E
:10F3C000616464726573735D0A4F7074696F6E7304
:10F3D0003A0A2D65096C6974746C652D656E6469F3
:10F3E000616E2070617273650031646562336164BF
:10F3F00062326135350A00302E312E302D6465764B
:10F400002B300A00302E312E302D6465760A0061D3
:10F410007070004170706C69636174696F6E207602
:10F42000657273696F6E20696E666F726D61746963
:10F430006F6E20636F6D6D616E6473004170706CF0
:10F4400069636174696F6E2076657273696F6E2E81
:10F45000202865782E2022312E322E332D756E73A2
:10F460007461626C652E3522290076657273696F4E
:10F470006E2D657874656E646564004170706C69AA
:10F48000636174696F6E2076657273696F6E206553
:10F490007874656E6465642E202865782E2022318C
:10F4A0002E322E332D756E737461626C652E352B82
:10F4B000342229006275696C642D76657273696FF8
:10F4C0006E004170706C69636174696F6E20627563
:10F4D000696C642076657273696F6E2E202865787A
:10F4E0002E202276332E332E302D31382D67326385
:10F4F0003835643932323466636122290057455306
:10F50000545F544F504449522F7A65706879722F76
:10F510007375627379732F7368656C6C2F626163A6
:10F520006B656E64732F7368656C6C5F7561727464
:10F530002E63007368656C6C2E7368656C6C5F7508
:10F5400061727400756172743A7E2420007368657C
:10F550006C6C5F756172745F6261636B656E640091
:10F56000537562636F6D6D616E64733A0A0057453F
:10F5700053545F544F504449522F7A6570687972E2
:10F580002F7375627379732F7368656C6C2F736852
:10F59000656C6C2E63006E6F74207465726D696E9D
:10F5A000617465643A2025630A00506C6561736577
:10F5B0002073706563696679206120737562636F7B
:10F5C0006D6D616E642E0A003A20636F6D6D616E21
:10F5D00064206E6F7420666F756E6400546F6F20C8
:10F5E0006D616E7920617267756D656E74732069E7
:10F5F0006E2074686520636F6D6D616E642E0A0005
:10F6000025733A2077726F6E6720706172616D6545
:10F6100074657220636F756E740A005741524E49CB
:10F620004E473A2041207072696E74207265717580
:10F6300065737420776173206465746563746564B1
:10F64000206F6E206E6F742061637469766520731D
:10F6500068656C6C206261636B656E642E0A000ADB
:10F660002573257300506C65617365207072657336
:10F670007320746865203C5461623E206275747426
:10F680006F6E20746F2073656520616C6C206176ED
:10F6900061696C61626C6520636F6D6D616E64732E
:10F6A0002E0A00596F752063616E20616C736F20A4
:10F6B00075736520746865203C5461623E206275F4
:10F6C00074746F6E20746F2070726F6D7074206F21
:10F6D00072206175746F2D636F6D706C6574652039
:10F6E000616C6C20636F6D6D616E6473206F72204E
:10F6F00069747320737562636F6D6D616E64732ED0
:10F700000A00596F752063616E2074727920746FDE
:10F710002063616C6C20636F6D6D616E6473207724
:10F72000697468203C2D683E206F72203C2D2D6846
:10F73000656C703E20706172616D657465722066E3
:10F740006F72206D6F726520696E666F726D617485
:10F75000696F6E2E0A000A5368656C6C20737570B1
:10F76000706F72747320666F6C6C6F77696E672050
:10F770006D6574612D6B6579733A0A20204374724C
:10F780006C202B202861206B65792066726F6D3AA2
:10F79000206162636465666B6C6E70747577290AAC
:10F7A0002020416C7420202B202861206B6579205B
:10F7B00066726F6D3A206266290A506C65617365E6
:10F7C00020726566657220746F207368656C6C20AA
:10F7D000646F63756D656E746174696F6E20666FBA
:10F7E00072206D6F72652064657461696C732E0A96
:10F7F000000A417661696C61626C6520636F6D6DB2
:10F80000616E64733A0A00253038583A20007C0A49
:10F81000005072696E7473207468652068656C703E
:10F82000206D6573736167652E00574553545F54AF
:10F830004F504449522F7A65706879722F73756200
:10F840007379732F7368656C6C2F7368656C6C5F6C
:10F850007574696C732E63001B5B25642563005708
:10F860004553545F544F504449522F7A657068791C
:10F87000722F7375627379732F7368656C6C2F7355
:10F8800068656C6C5F6F70732E63001B5B313B337C
:10F8900025646D001B5B34303325646D0055736146
:10F8A00067653A20257320002573252D2A73002DC6
:10F8B00068002D2D68656C70004C6F7374206C6F40
:10F8C00067733A20256C750A005B2533645D20253B
:10F8D000730A0020756E6B6E6F776E2070617261B7
:10F8E0006D657465723A200025733A257325730A95
:10F8F000004563686F207374617475733A202573D3
:10F900000A00416374697665207368656C6C2062D7
:10F9100061636B656E64733A0A0020202532642EA1
:10F92000203A257320282573290A00574553545F30
:10F93000544F504449522F7A65706879722F73750D
:10F94000627379732F7368656C6C2F7368656C6C68
:10F950005F636D64732E63004E6F20726573706F0A
:10F960006E73652066726F6D2074686520746572B1
:10F970006D696E616C2C20617373756D65642038E0
:10F98000307832342073637265656E2073697A65EE
:10F990000A0072657476616C005072696E74207230
:10F9A000657475726E2076616C7565206F66206D6A
:10F9B0006F737420726563656E7420636F6D6D6123
:10F9C0006E6400726573697A6500436F6E736F6C65
:10F9D000652067657473207465726D696E616C2053
:10F9E00073637265656E2073697A65206F7220613A
:10F9F0007373756D65732064656661756C742069D9
:10FA00006E20636173652074686520726561646F40
:10FA10007574206661696C732E204974206D75734E
:10FA2000742062652065786563757465642061661D
:10FA30007465722065616368207465726D696E61BA
:10FA40006C207769647468206368616E67652074F0
:10FA50006F20656E7375726520636F727265637473
:10FA6000207465787420646973706C61792E006805
:10FA70006973746F727900436F6D6D616E64206895
:10FA80006973746F72792E0055736566756C2C20DE
:10FA90006E6F7420556E69782D6C696B6520736884
:10FAA000656C6C20636F6D6D616E64732E00636CAA
:10FAB00065617200436C6561722073637265656E87
:10FAC0002E0072656D0049676E6F7265206C696EFD
:10FAD000657320626567696E6E696E672077697409
:10FAE00068202772656D20270064656661756C74F7
:10FAF00000417373756D65203830206368617273DF
:10FB00002073637265656E20776964746820616E26
:10FB1000642073656E6420746869732073657474FF
:10FB2000696E6720746F20746865207465726D69F2
:10FB30006E616C2E006261636B656E6473004C696C
:10FB4000737420616374697665207368656C6C20DA
:10FB50006261636B656E64732E0A006261636B732E
:10FB6000706163655F6D6F646500546F67676C6596
:10FB7000206261636B7370616365206B6579206DD2
:10FB80006F64652E0A536F6D65207465726D696EC2
:10FB9000616C7320617265206E6F742073656E6492
:10FBA000696E672073657061726174652065736347
:10FBB00061706520636F646520666F7220626163A7
:10FBC0006B737061636520616E642064656C65743D
:10FBD0006520627574746F6E2E205468697320639B
:10FBE0006F6D6D616E6420666F72636573207368FC
:10FBF000656C6C20746F20696E74657270726574C8
:10FC00002064656C657465206B6579206173206282
:10FC100061636B73706163652E00636F6C6F7273E9
:10FC200000546F67676C6520636F6C6F726564204A
:10FC300073796E7461782E00767431303000546FB1
:10FC400067676C6520767431303020636F6D6D614D
:10FC50006E64732E0070726F6D707400546F6767FE
:10FC60006C652070726F6D70742E006563686F0034
:10FC7000546F67676C65207368656C6C206563689A
:10FC80006F2E007374617473005368656C6C20731D
:10FC90007461746973746963732E006261636B735A
:10FCA000706163650053657420646966666572659A
:10FCB0006E742065736361706520636F6465206690
:10FCC0006F72206261636B737061636520616E6443
:10FCD0002064656C657465206B65792E0064656CC5
:10FCE00065746500536574207468652073616D6583
:10FCF0002065736361706520636F646520666F7251
:10FD0000206261636B737061636520616E6420645F
:10FD1000656C657465206B65792E0072657365741A
:10FD2000005265736574207368656C6C2073746130
:10FD30007469737469637320666F722074686520D8
:10FD40004C6F67676572206D6F64756C652E00730C
:10FD5000686F7700476574207368656C6C207374F6
:10FD6000617469737469637320666F722074686567
:10FD7000204C6F67676572206D6F64756C652E002F
:10FD800044697361626C65207368656C6C2065639F
:10FD9000686F2E2045646974696E67206B6579739E
:10FDA00020616E64206D6574612D6B6579732061CF
:10FDB0007265206E6F742068616E646C65640045C6
:10FDC0006E61626C65207368656C6C206563686F3A
:10FDD0002E0044697361626C652070726F6D70747F
:10FDE0002E00456E61626C652070726F6D70742EAE
:10FDF0000044697361626C65207674313030206331
:10FE00006F6D6D616E64732E00456E61626C65206E
:10FE1000767431303020636F6D6D616E64732E00C7
:10FE200044697361626C6520636F6C6F72656420F6
:10FE300073796E7461782E00456E61626C65206323
:10FE40006F6C6F7265642073796E7461782E002A0E
:10FE50002A2A20426F6F74696E6720536572696148
:10FE60006C204D6F64656D20486F73742039336D5D
:10FE70003120284154292076302E312E302D6465D2
:10FE8000762D303035643563616239323439202A59
:10FE90002A2A0A002A2A2A205573696E67206E5280
:10FEA0004620436F6E6E6563742053444B20763357
:10FEB0002E332E39392D3136623966623931303080
:10FEC0003137202A2A2A0A002A2A2A205573696EE5
:10FED00067205A6570687972204F532076342E342B
:10FEE0002E302D3738613130663561366637662001
:10FEF0002A2A2A0A0072302F61313A2020307825D0
:10FF0000303878202072312F61323A202030782525
:10FF1000303878202072322F61333A202030782513
:10FF20003038780072332F61343A20203078253011
:10FF30003878207231322F69703A2020307825309D
:10FF40003878207231342F6C723A20203078253086
:10FF500038780020787073723A2020307825303855
:10FF600078004661756C74696E6720696E7374728F
:10FF7000756374696F6E20616464726573732028A1
:10FF80007231352F7063293A203078253038780067
:10FF9000556E68616E646C6564204952516E3A20FA
:10FFA0002564002A2A2A2A2A2055534147452046FB
:10FFB00041554C54202A2A2A2A2A002020446976B6
:10FFC0006973696F6E206279207A65726F002020F4
:10FFD000556E616C69676E6564206D656D6F7279D1
:10FFE00020616363657373002020537461636B2029
:10FFF0006F766572666C6F772028636F6E746578B4
:02000004000CEE
:10000000742061726561206E6F742076616C696422
:10001000290020204E6F20636F70726F63657373C9
:100020006F7220696E737472756374696F6E73009A
:100030002020496C6C6567616C206C6F6164206F77
:1000400066204558435F52455455524E20696E74A0
:100050006F205043002020496C6C6567616C2075EF
:100060007365206F662074686520455053520020E8
:1000700020417474656D707420746F2065786563B9
:1000800075746520756E646566696E656420696E59
:10009000737472756374696F6E002A2A2A2A2A2083
:1000A0004D5055204641554C54202A2A2A2A2A00D0
:1000B0002020537461636B696E67206572726F7282
:1000C0002028636F6E746578742061726561206D9D
:1000D00069676874206265206E6F742076616C6950
:1000E0006429002020556E737461636B696E67200C
:1000F0006572726F720020204461746120416363F5
:100100006573732056696F6C6174696F6E0020208F
:100110004D4D46415220416464726573733A2030FC
:10012000782578002020496E737472756374696F46
:100130006E204163636573732056696F6C617469E7
:100140006F6E002020466C6F6174696E672D706F52
:10015000696E74206C617A792073746174652070A3
:100160007265736572766174696F6E206572726F05
:100170007200574553545F544F504449522F7A658B
:10018000706879722F617263682F61726D2F636F6F
:1001900072652F636F727465785F6D2F6661756C21
:1001A000742E63002A2A2A2A2A20425553204641C7
:1001B000554C54202A2A2A2A2A002020537461638D
:1001C0006B696E67206572726F72002020507265D5
:1001D0006369736520646174612062757320657260
:1001E000726F720020204246415220416464726561
:1001F00073733A2030782578002020496D7072653D
:10020000636973652064617461206275732065722F
:10021000726F72002020496E737472756374696F17
:100220006E20627573206572726F7200526573651D
:100230007276656420457863657074696F6E2028F6
:100240000053707572696F757320696E7465727290
:100250007570742028495251200045786365707488
:10026000696F6E206F6363757272656420696E20BA
:10027000536563757265205374617465002A2A2A78
:100280002A2A2048415244204641554C54202A2ACB
:100290002A2A2A002020427573206661756C74201A
:1002A0006F6E20766563746F72207461626C652076
:1002B000726561640020204465627567206576651B
:1002C0006E740020204661756C7420657363616CE8
:1002D0006174696F6E20287365652062656C6F7745
:1002E0002900415243485F4558434550542077699F
:1002F000746820726561736F6E2025780A002A2A5F
:100300002A2A2A204465627567206D6F6E69746FB2
:100310007220657863657074696F6E202A2A2A2AB4
:100320002A002A2A2A2A2A20257320256429202AFD
:100330002A2A2A2A00574553545F544F50444952A1
:100340002F7A65706879722F617263682F61726DA0
:100350002F636F72652F636F727465785F6D2F699D
:1003600072715F6D616E6167652E63006D707500FF
:100370004661696C656420746F20616C6C6F6361A9
:100380007465206E6577204D505520726567696FE2
:100390006E2025750A00506172746974696F6E2051
:1003A00025753A20636F686572656E6365206368C2
:1003B00065636B206661696C65642E00496E7661C9
:1003C0006C696420756E6465726C79696E67207201
:1003D0006567696F6E20696E6465782025750057C2
:1003E0004553545F544F504449522F7A6570687991
:1003F000722F617263682F61726D2F636F72652F48
:100400006D70752F61726D5F6D70752E6300464C57
:100410004153485F30005352414D5F3000574553C0
:10042000545F544F504449522F7A65706879722F47
:100430006C69622F6E65745F6275662F6275662ED9
:1004400063006E65745F62756600574553545F5470
:100450004F504449522F7A65706879722F6C6962E7
:100460002F6E65745F6275662F6275665F73696D66
:10047000706C652E63006E65745F6275665F73698C
:100480006D706C65006E65775F7374617465206371
:10049000616E6E6F74206265204E554C4C00436156
:1004A0006C6C696E672025732066726F6D206578AD
:1004B000697420616374696F6E00736D6600736F99
:1004C0006300574553545F544F504449522F7A6547
:1004D000706879722F696E636C7564652F7A6570C8
:1004E0006879722F647269766572732F656E7472A3
:1004F0006F70792E68006D6F64656D5F776F726BDA
:1005000071004661696C656420746F202573202535
:10051000752062797465732E202825642900747211
:10052000616E736D69740025733A2061626F727435
:1005300065640025733A2074696D6564206F757475
:10054000007265636569766520627566666572200E
:100550006F76657272756E0061726776206275667D
:10056000666572206F76657272756E0057455354DA
:100570005F544F504449522F7A65706879722F73D7
:1005800075627379732F6D6F64656D2F6D6F646520
:100590006D5F636861742E63006D6F64656D5F638A
:1005A0006861740044726F70706564206672616D7A
:1005B0006500574553545F544F504449522F7A6554
:1005C000706879722F7375627379732F6D6F6465BC
:1005D0006D2F6D6F64656D5F636D75782E63005769
:1005E0004553545F544F504449522F7A657068798F
:1005F000722F696E636C7564652F7A6570687972A5
:100600002F7379732F72696E675F627566666572A4
:100610002E6800434D4420627566666572206F76D1
:100620006572666C6F77005053432074696D656F17
:1006300075742C206E6F7420656E746572696E67B8
:1006400020706F77657220736176696E67206D6FB9
:10065000646500436F6D6D616E642061636B6E6FE6
:10066000776C6564676520627566666572206F7673
:10067000657272756E00556E657870656374656439
:1006800020636C6F736520646F776E00444C434940
:1006900020257520636C6F7365206661696C6564E5
:1006A00020616674657220257520726574726965B3
:1006B0007300444C4349202575206F70656E206699
:1006C00061696C65642061667465722025752072AD
:1006D00065747269657300434D555820636F6E6E83
:1006E000656374696F6E206661696C65642061661C
:1006F0007465722025752072657472696573004691
:1007000061696C656420746F206F70656E2070691C
:10071000706520666F722077616B65207570202888
:100720002564290057616B652075702074696D65BB
:1007300064206F75742C206C696E6B206465616435
:1007400000546F6F206C61726765206672616D6521
:1007500000496E64696361746564206672616D65E9
:100760002064617461206C656E6774682025752053
:100770006578636565647320726563656976652075
:100780006275666665722073697A65202575004614
:1007900072616D6520464353206572726F722065E9
:1007A00078706563742025686878207761732025E8
:1007B00068687800496E76616C696420636F6D6D5E
:1007C000616E6400556E6578706563746564204D74
:1007D000534320636F6D6D616E64206C656E67744A
:1007E0006820256400556E6B6E6F776E2025732030
:1007F0006672616D652074797065202564004672AB
:10080000616D6520696E74656E64656420666F72E3
:1008100020756E636F6E6669677572656420444CFF
:1008200043492025752E00444C43492025752072EC
:1008300065636569766520627566666572206F76A8
:10084000657272756E202864726F70706564202501
:1008500075206F7574206F66202575206279746528
:10086000732900444C4349202575207265636569EE
:10087000766520627566666572206C6F772C2073D2
:10088000657420666C6F7720636F6E74726F6C0096
:10089000556E6B6E6F776E202573206672616D6585
:1008A0002074797065202825642C20444C4349200D
:1008B00025642900444C43490050697065207265E5
:1008C00063656976696E67206572726F723A20257A
:1008D00064006D6F64656D5F636D75780057455397
:1008E000545F544F504449522F7A65706879722F83
:1008F0007375627379732F6D6F64656D2F6D6F649F
:10090000656D5F706970652E63000D0A4E4F204360
:100910004152524945520D0A005265636569766538
:100920006420274E4F2043415252494552272065AB
:1009300076656E740044726F7070656420667261D3
:100940006D652C206E6F206E65745F706B74206116
:100950007661696C61626C65004E657420706B74C1
:1009600020636F756C64206E6F74206265207072F6
:100970006F636573736564004661696C65642074B8
:100980006F20616C6C6F63206275666665720044EF
:10099000726F7070656420505050206672616D6592
:1009A00000556E737570706F727465642070726F2D
:1009B000746F636F6C006D6F64656D5F7070700055
:1009C000574553545F544F504449522F7A657068CD
:1009D00079722F7375627379732F6D6F64656D2FE4
:1009E0006261636B656E64732F6D6F64656D5F62CA
:1009F00061636B656E645F756172742E63007374FE
:100A0000617274206173796E63207472616E736DAC
:100A1000697420666F7200574553545F544F5044B9
:100A200049522F7A65706879722F696E636C7564AC
:100A3000652F7A65706879722F6472697665727352
:100A40002F6770696F2E68004661696C6564207459
:100A50006F20706F776572206F6E20554152543A47
:100A6000202564004661696C656420746F20706F96
:100A7000776572206F666620554152543A2025648E
:100A8000005472616E736D69742061626F72746577
:100A9000642028257A752073656E7429007561724B
:100AA000745F72785F6275665F7273703A20256456
:100AB000005258207175657565206F766572666C99
:100AC0006F773A202564202864726F707065642007
:100AD00025752900526563656976652073746F70AA
:100AE00070656420666F7220726561736F6E733A11
:100AF00020257500574553545F544F504449522F99
:100B00007A65706879722F7375627379732F6D6F60
:100B100064656D2F6261636B656E64732F6D6F64C6
:100B2000656D5F6261636B656E645F756172745F52
:100B30006173796E635F687766632E63006D6F64BF
:100B4000656D5F6261636B656E645F756172745F32
:100B50006173796E635F6877666300496E7465726E
:100B60006661636520696E646578206973206D69CC
:100B70007373696E672E0A00496E76616C69642032
:100B8000696E6465782025730A00496E76616C6928
:100B90006420696E6465782025640A003C696E767D
:100BA000616C696420747970653E003C696E7661A1
:100BB0006C69642073746174653E0025733A256422
:100BC0000041465F554E535045430041465F5041FA
:100BD000434B45540041465F43414E0041465F55FB
:100BE0004E4B28256429003C756E6B6E6F776E2026
:100BF000747970653E003D3D3D3D3D3D3D3D3D3D93
:100C00003D3D3D3D003C756E6B6E6F776E2073749D
:100C10006174653E0074656E746174697665007018
:100C200072656665727265640064657072656361A1
:100C3000746564006175746F636F6E660044484349
:100C400050006D616E75616C006F766572726964DB
:100C500061626C65004E6574776F726B696E6720B8
:100C6000636F6D6D616E6473006E65745F7368654C
:100C70006C6C006E65745F706B7420616C6C6F637C
:100C80006174696F6E00434F4E4649475F4E45544D
:100C90005F44454255475F4E45545F504B545F415A
:100CA0004C4C4F430053657420257320746F2065AE
:100CB0006E61626C6520257320737570706F72743D
:100CC0002E0A00616C6C6F6373005072696E742041
:100CD0006E6574776F726B206D656D6F72792061D0
:100CE0006C6C6F636174696F6E732E0041525000BB
:100CF000434F4E4649475F4E45545F4E4154495617
:100D0000452C20434F4E4649475F4E45545F415264
:100D1000502C20434F4E4649475F4E45545F495043
:100D2000563420616E6420434F4E4649475F4E451E
:100D3000545F4C325F45544845524E4554006172F1
:100D400070005072696E7420696E666F726D6174A6
:100D5000696F6E2061626F7574204950763420414E
:100D600052502063616368652E00666C757368007D
:100D700052656D6F766520616C6C20656E7472696A
:100D800065732066726F6D20415250206361636805
:100D90006500434F4E4649475F4E45545F434150BF
:100DA0005455524500436F6E666967757265206ED3
:100DB0006574776F726B207061636B65742063611B
:100DC00070747572652E00736574757000636C6560
:100DD000616E757000656E61626C65006469736157
:100DE000626C650044697361626C65206E6574773E
:100DF0006F726B207061636B6574206361707475D2
:100E0000726500456E61626C65206E6574776F7205
:100E10006B207061636B65742063617074757265BB
:100E200020666F72206120676976656E206E65743A
:100E3000776F726B20696E746572666163650043DB
:100E40006C65616E7570206E6574776F726B207063
:100E500061636B65742063617074757265005365BE
:100E6000747570206E6574776F726B207061636B40
:100E700065742063617074757265003C72656D6F96
:100E800074652D69702D616464723E203C6C6F63E3
:100E9000616C2D616464723E203C706565722D61E9
:100EA0006464723E0A3C72656D6F74653E206973BE
:100EB0002074686520286F757465722920656E64DA
:100EC000706F696E74204950206164647265737339
:100ED0002C0A3C6C6F63616C3E20697320746865FA
:100EE0002028696E6E657229206C6F63616C2049E1
:100EF0005020616464726573732C0A3C706565727E
:100F00003E206973207468652028696E6E657229B9
:100F10002070656572204950206164647265737346
:100F20000A4C6F63616C20616E64205065657220AD
:100F30006164647265737365732063616E206861B8
:100F400076652055445020706F7274206E756D6206
:100F5000657220696E207468656D20286F707469F1
:100F60006F6E616C290A6C696B65203139382E30DF
:100F70002E35312E323A39303030206F72205B32CC
:100F80003030313A6462383A3130303A3A325D3A90
:100F900034323432002020202020436F6E74657874
:100FA000742020200949666163652020466C6167D2
:100FB000732020202020202020202020204C6F6320
:100FC000616C202020202020202020202020205262
:100FD000656D6F74650A004E6F20636F6E6E65639A
:100FE00074696F6E730A000A202020202048616E09
:100FF000646C65722020202043616C6C6261636BBD
:10100000202050726F746F2020202020202020206C
:101010002020204C6F63616C202020202020202085
:101020002020202020202020202052656D6F746514
:101030000A004E6F20636F6E6E656374696F6E2079
:1010400068616E646C65727320666F756E642E0ADB
:10105000005B2532645D20257020257020202573DB
:10106000092531367309253136730A005745535423
:101070005F544F504449522F7A65706879722F69D6
:101080006E636C7564652F7A65706879722F6E6512
:10109000742F6E65745F636F6E746578742E68006C
:1010A0005B2532645D2025700925642020202020E6
:1010B00020256325632563202020253136730925EB
:1010C0003136730A005072696E7420696E666F72F1
:1010D0006D6174696F6E2061626F7574206E6574E6
:1010E000776F726B20636F6E6E656374696F6E737A
:1010F0002E0044484350763400434F4E4649475FE4
:101100004E45545F4448435056340044484350765B
:10111000342073657276657200434F4E4649475FCF
:101120004E45545F4448435056345F5345525645EC
:101130005200646863707634004D616E61676520AB
:101140004448504376342073657276696365730052
:1011500044484350763420636C69656E74206D6139
:101160006E6167656D656E74004448435076342047
:101170007365727665722073657276696365206D3A
:10118000616E6167656D656E740073746172740081
:1011900073746F700053746F7020746865204448D6
:1011A0004350763420636C69656E74206F7065728D
:1011B0006174696F6E206F6E2074686520696E744B
:1011C000657266616365005374617274207468654A
:1011D0002044484350763420636C69656E74206FF8
:1011E0007065726174696F6E206F6E20746865201F
:1011F000696E74657266616365007374617475739A
:10120000005072696E7420746865204448435076BB
:1012100034207365727665722073746174757320FF
:101220006F6E2074686520696E74657266616365AF
:101230000053746F702074686520444843507634BE
:1012400020736572766572206F7065726174696F64
:101250006E206F6E2074686520696E7465726661B9
:101260006365005374617274207468652044484358
:1012700050763420736572766572206F7065726186
:1012800074696F6E206F6E2074686520696E746576
:101290007266616365003C696E6465783E203C62FD
:1012A00061736520616464726573733E0A3C6261B8
:1012B000736520616464726573733E206973207482
:1012C0006865206669727374206164647265737303
:1012D00020666F7220746865206164647265737340
:1012E00020706F6F6C0044686370763600434F4E19
:1012F0004649475F4E45545F444843505636006464
:101300006863707636004D616E61676520444850B1
:101310004376362073657276696365732E00446880
:101320006370763620636C69656E74206D616E61E2
:1013300067656D656E740053746F70207468652006
:1013400044686370763620636C69656E74206F70D4
:1013500065726174696F6E206F6E207468652069B4
:101360006E74657266616365005374617274207493
:1013700068652044686370763620636C69656E74B6
:10138000206F7065726174696F6E206F6E20746873
:101390006520696E7465726661636500444E532012
:1013A0007265736F6C76657200434F4E4649475FB6
:1013B000444E535F5245534F4C56455200444E5392
:1013C000207365727669636520646973636F7665FF
:1013D000727900646E730053686F7720686F7720AE
:1013E000444E5320697320636F6E6669677572653A
:1013F000642E204F7074696F6E616C6C7920646F1D
:101400002061207175657279207573696E6720613E
:1014100020676976656E206E616D652E0062726F61
:101420007773650063616E63656C007365727669DE
:101430006365004578656375746520444E53207379
:1014400065727669636520646973636F7665727926
:10145000207175657279003C736572766963652DDC
:101460006465736372697074696F6E3E004C697372
:1014700074206C6F63616C20444E532073657276E8
:10148000696365207265636F72647300517565727C
:1014900069657320495076342061646472657373A2
:1014A000202864656661756C7429206F722049502C
:1014B0007636206164647265737320666F72206192
:1014C00020686F7374206E616D65003C686F737483
:1014D0006E616D653E205B41206F7220414141414C
:1014E0005D0043616E63656C20616C6C2070656E9D
:1014F00064696E67207265717565737473004272FA
:101500006F77736520444E53207365727669636507
:1015100073005B3C736572766963652D6465736304
:1015200072697074696F6E3E5D004E6574776F729C
:101530006B206D616E6167656D656E7420657665A3
:101540006E747320617265206E6F74207375707095
:101550006F727465642E2053657420434F4E464964
:10156000475F4E45545F4D474D545F4556454E5479
:101570005F4D4F4E49544F5220746F20656E61622B
:101580006C652069742E0A006576656E7473004D73
:101590006F6E69746F72206E6574776F726B206DF9
:1015A000616E6167656D656E74206576656E7473D6
:1015B0002E005475726E206F6666206E6574776FAC
:1015C000726B206576656E74206D6F6E69746F72D4
:1015D000696E67005475726E206F6E206E65747749
:1015E0006F726B206576656E74206D6F6E69746FB7
:1015F00072696E670046545020636C69656E7400B2
:10160000434F4E4649475F4654505F434C49454E11
:1016100054006674700046545020636C69656E74A3
:1016200020636F6D6D616E64730070776400636436
:10163000006D6B64697200726D6469720072656E30
:10164000616D650070757400617070656E64005343
:10165000656C656374207472616E73666572207464
:101660007970652E003C61736369692F62696E61F0
:1016700072793E00417070656E6420612066696C0D
:10168000652E003C66696C655F6E616D653E005756
:101690007269746520746F20612066696C652E0024
:1016A000526561642066696C6520636F6E74656E57
:1016B000742E0044656C65746520612066696C65F4
:1016C0002E0052656E616D6520612066696C652E25
:1016D000003C6F6C645F6E616D653E203C6E6577AB
:1016E0005F6E616D653E0044656C6574652064697C
:1016F000726563746F72792E003C6469725F6E610B
:101700006D653E004372656174652064697265634E
:10171000746F72792E004368616E676520776F720F
:101720006B696E67206469726563746F72792E00ED
:101730003C706174683E004C69737420696E666F1A
:10174000726D6174696F6E2061626F757420666F6F
:101750006C646572206F722066696C652E005B3C5C
:101760006F7074696F6E733E203C706174683E5D8B
:10177000005072696E7420776F726B696E672064B7
:1017800069726563746F72792E005072696E74208D
:10179000636F6E6E656374696F6E207374617475C8
:1017A000732E00446973636F6E6E65637420667296
:1017B0006F6D20465450207365727665722E00431B
:1017C0006F6E6E65637420746F204654502073658D
:1017D000727665722E003C757365726E616D653E42
:1017E000203C70617373776F72643E203C686F7346
:1017F000746E616D653E205B3C706F72743E203C80
:101800007365635F7461673E5D00675054500043C9
:101810004F4E4649475F4E45545F4750545000670E
:10182000707470005072696E7420696E666F726DAC
:101830006174696F6E2061626F75742067505450D7
:1018400020737570706F72742E005072696E7473AD
:101850002064657461696C656420696E666F726D81
:101860006174696F6E2061626F75742067505450A7
:1018700020706F7274005B3C706F72743E5D004844
:1018800054545020696E666F726D6174696F6E009A
:10189000434F4E4649475F485454505F5345525654
:1018A000455200687474700053686F772048545430
:1018B000502073657276696365732E00556E73757B
:1018C00070706F7274656420636F6D6D616E642CEF
:1018D00020706C6561736520656E61626C65204384
:1018E0004F4E4649475F4E45545F4C325F45544822
:1018F00045524E455420616E6420434F4E46494741
:101900005F4E45545F4C325F45544845524E4554F6
:101910005F4D474D540A00504F494E544F504F4968
:101920004E542C0050524F4D4953432C004E4F5FA4
:101930004155544F5F53544152542C004D43415331
:10194000545F464F52574152442C00495076342C34
:1019500000495076362C004E4F5F4E442C004E4FBF
:101960005F4D4C442C003C3F3E0055500020696EBA
:1019700066696E6974650020203C6E6F74206A6F22
:10198000696E65643E000A496E74657266616365DE
:1019900020257320282570292028257329205B25E0
:1019A000645D0A00496E74657266616365206973DF
:1019B00020646F776E2E0A00574553545F544F5082
:1019C0004449522F7A65706879722F696E636C751D
:1019D00064652F7A65706879722F6E65742F6E65F5
:1019E000745F69662E68004C696E6B206164647276
:1019F000203A2025730A004D545520202020202015
:101A0000203A2025640A00466C616773202020205C
:101A1000203A2025730A00446576696365202020FA
:101A2000203A20257320282570290A0053746174F8
:101A30007573202020203A206F7065723D25732C2D
:101A40002061646D696E3D25732C2063617272693B
:101A500065723D25730A00656E61626C65640049BC
:101A6000507634002573206E6F7420257320666FC6
:101A700072207468697320696E746572666163654B
:101A80002E0A004950763420756E696361737420A4
:101A900061646472657373657320286D61782025B5
:101AA00064293A0A000925732F2573202573202500
:101AB0007325730A00093C6E6F6E653E0A0049503B
:101AC0007634206D756C746963617374206164642D
:101AD00072657373657320286D6178202564293AD7
:101AE0000A0009257325730A00495076342067617E
:101AF0007465776179203A2025730A004E6F207350
:101B000075636820696E7465726661636520696ECD
:101B100020696E6465782025640A00496E746572D8
:101B20006661636520256420697320616C7265615C
:101B300064792075702E0A0043616E6E6F74207494
:101B4000616B6520696E74657266616365202564EA
:101B500020757020282564290A00496E7465726614
:101B60006163652025642069732075700A004361F4
:101B70006E6E6F742074616B6520696E7465726639
:101B800061636520256420646F776E2028256429B1
:101B90000A00496E74657266616365202564206978
:101BA0007320646F776E0A004E6F206465666175FE
:101BB0006C7420696E746572666163650A004465C1
:101BC0006661756C7420696E746572666163653AEE
:101BD0002025640A004661696C656420746F207377
:101BE00065742064656661756C7420696E746572D5
:101BF0006661636520746F2025640A004465666130
:101C0000756C7420696E746572666163653A20252F
:101C1000640A0A002573205B25735D20282570293E
:101C2000006966616365005072696E7420696E6652
:101C30006F726D6174696F6E2061626F7574206E72
:101C40006574776F726B20696E7465726661636527
:101C5000732E007365745F6D616300446973706C0B
:101C6000617973206F7220736574732074686520C6
:101C700064656661756C74206E6574776F726B2035
:101C8000696E74657266616365005B3C696E64656C
:101C9000783E5D0053657473204D41432061646458
:101CA0007265737320666F7220746865206E657448
:101CB000776F726B20696E74657266616365003C54
:101CC000696E6465783E203C4D41433E0053686F29
:101CD0007773206E6574776F726B20696E746572AE
:101CE0006661636520696E666F726D6174696F6E9F
:101CF0000054616B6573206E6574776F726B206939
:101D00006E7465726661636520646F776E005461FE
:101D10006B6573206E6574776F726B20696E746586
:101D2000726661636520757000494E56414C4944A6
:101D300000506C6561736520737065636966792016
:101D40007468652074617267657420696661636593
:101D500020696E6465782E0A00222573222069733B
:101D6000206E6F7420612076616C69642069666101
:101D7000636520696E6465782E0A00696661636533
:101D8000207769746820696E646578202225732243
:101D900020646F6573206E6F742065786973742E8C
:101DA0000A0056616C6964207461726765742073FF
:101DB0007065636966696572732061726520276961
:101DC0006669205B696E6465785D272C20276966EB
:101DD000205B6E616D655D272C206F7220275B692B
:101DE0006E6465785D272E0A00756E6E616D6564A0
:101DF00000256420282570202D202573202D2025E6
:101E00007329006966616365202573206E6F7720F2
:101E100069676E6F7265642E0A006966616365208A
:101E20002573206E6F7720776174636865642E0A6E
:101E300000506C6561736520737065636966792015
:101E4000676574206F72207365740A004950763498
:101E5000202B2049507636006E6F2049500069676C
:101E60006E6F7265640077617463686564006E6F9D
:101E70007420626F756E64006F7065722D757000EE
:101E80006F7065722D646F776E006E6F7420636F74
:101E90006E6E6563746564006966616365202573B1
:101EA000206E6F7420747261636B65642E0A006922
:101EB00066616365202573207374617475733A20BD
:101EC00025732C2025732C2025732C2025732C2082
:101ED00025732C2025732E0A00616C6C006E6F6ECA
:101EE0006500506C65617365207370656369667920
:101EF0002074686520746172676574206966616327
:101F000065206E616D652E0A0069666163652077E4
:101F1000697468206E616D65202225732220646FCC
:101F20006573206E6F742065786973742E0A00697A
:101F30006669002573206973206E6F7420612076B6
:101F4000616C69642074617267657420747970656E
:101F5000206F7220746172676574207370656369A5
:101F6000666965722E0A00546F6F206D616E79206C
:101F7000617267732E0A00496E76616C6964207421
:101F800061726765742073656C65637465642E0A9D
:101F900000506C65617365207370656369667920B4
:101FA00061207461726765742E0A0049676E6F72F2
:101FB000696E6720616C6C206966616365732E0AC7
:101FC000005761746368696E6720616C6C20696694
:101FD000616365732E0A00496E7374727563746968
:101FE0006E6720616C6C206E6F6E2D69676E6F720C
:101FF00065642069666163657320746F20636F6E2A
:102000006E6563742E0A006966616365202573201E
:102010006973206E6F7420626F756E6420746F2018
:102020006120636F6E6E6563746976697479206987
:102030006D706C656D656E746174696F6E2C206374
:10204000616E6E6F7420636F6E6E6563742E0A002E
:10205000496E737472756374696E67206966616333
:102060006520257320746F20636F6E6E6563742E18
:102070000A00496E737472756374696E6720616CCF
:102080006C206E6F6E2D69676E6F72656420696675
:102090006163657320746F20646973636F6E6E652E
:1020A00063742E0A00696661636520257320697375
:1020B000206E6F7420626F756E6420746F206120D3
:1020C000636F6E6E656374697669747920696D708B
:1020D0006C656D656E746174696F6E2C2063616EE2
:1020E0006E6F7420646973636F6E6E6563742E0A1D
:1020F00000496E737472756374696E6720696661F6
:10210000636520257320746F206469736F6E6E653C
:1021100063742E0A0054616B696E6720616C6C20D9
:102120006E6F6E2D69676E6F72656420696661639C
:1021300065732061646D696E2D75702E0A0054619F
:102140006B696E6720696661636520257320616431
:102150006D696E2D75702E0A005468697320636F67
:102160006D6D616E64206475706C69636174657314
:1021700020276E657420696661636520757027206D
:102180006966205B7461726765745D20213D206122
:102190006C6C2E0A0054616B696E6720616C6C2058
:1021A0006E6F6E2D69676E6F72656420696661631C
:1021B00065732061646D696E2D646F776E2E0A0001
:1021C00054616B696E6720696661636520257320C1
:1021D00061646D696E2D646F776E2E0A00546869B4
:1021E0007320636F6D6D616E64206475706C6963DC
:1021F0006174657320276E6574206966616365206C
:10220000646F776E27206966205B746172676574FE
:102210005D20213D20616C6C2E0A0043616E6E6F63
:1022200074206765742F73657420666C6167732012
:10223000666F7220616C6C206966616365732E0A3B
:1022400000506C6561736520737065636966792001
:102250006120666C61672E0A0056616C69642066B5
:102260006C6167206B6579776F726473206172654A
:102270003A0A000925732C0A005045525349535419
:10228000454E54004E4F5F4155544F5F434F4E4EA5
:10229000454354004E4F5F4155544F5F444F574E96
:1022A000002573206973206E6F7420612076616C45
:1022B000696420666C61672E0A0079657300747228
:1022C0007565006E6F0066616C736500506C6561CA
:1022D0007365207370656369667920747275652013
:1022E0006F722066616C73652E0A006966616365B2
:1022F000202573206973206E6F7420626F756E6481
:1023000020746F206120636F6E6E656374697669F7
:10231000747920696D706C656D656E746174696F38
:102320006E2C2063616E6E6F74206765742F736509
:102330007420636F6E6E6563746976697479206664
:102340006C61672E0A005365742074686520636FA2
:102350006E6E656374697669747920257320666C86
:10236000616720746F202573206F6E20696661633A
:10237000652025732E0A00546865206375727265A6
:102380006E742076616C7565206F662074686520B8
:10239000257320636F6E6E65637469766974792046
:1023A000666C6167206F6E206966616365202573C6
:1023B0002069732025732E0A0020286E6F2074690F
:1023C0006D656F75742900207365636F6E647300AB
:1023D00043616E6E6F74206765742F73657420742B
:1023E000696D656F757420666F7220616C6C206911
:1023F00066616365732E0A00506C656173652073B6
:1024000070656369667920612074696D656F7574A4
:102410002028696E207365636F6E6473292E0A002D
:102420002573206973206E6F7420612076616C695A
:10243000642074696D656F75742E0A006966616346
:1024400065202573206973206E6F7420626F756E2E
:102450006420746F206120636F6E6E6563746976AB
:1024600069747920696D706C656D656E74617469ED
:102470006F6E2C2063616E6E6F74206765742F73AE
:10248000657420636F6E6E65637469766974792014
:1024900074696D656F75742E0A00536574207468D5
:1024A0006520636F6E6E65637469766974792074F4
:1024B000696D656F757420666F722069666163650A
:1024C00020257320746F20256425732E0A0054681C
:1024D0006520636F6E6E65637469766974792074C4
:1024E000696D656F757420666F72206966616365DA
:1024F00020257320697320256425732E0A00636DDF
:1025000000436F6E74726F6C20636F6E6E5F6D67E9
:10251000722E0069676E6F72650077617463680080
:10252000666C61670074696D656F757400476574EA
:1025300073206F72207365747320746865207469EA
:102540006D656F757420666F722074686520737096
:102550006563696669656420696E74657266616346
:1025600065005B7461726765745D205B6765742FDD
:102570007365745D205B76616C75655D004765749D
:1025800073206F722073657473206120666C6167BD
:1025900020666F7220746865207370656369666970
:1025A000656420696E74657266616365005B746161
:1025B000726765745D205B6765742F7365745D2059
:1025C0005B666C61675D205B76616C75655D005470
:1025D000616B6573207468652073706563696669F3
:1025E000656420696E746572666163652061646DFF
:1025F000696E2D646F776E005B7461726765745DE0
:102600000054616B6573207468652073706563693D
:102610006669656420696E746572666163652061D0
:10262000646D696E2D757000446973636F6E6E65BD
:102630006374732074686520737065636966696587
:102640006420696E7465726661636500436F6E6EC7
:102650006563747320746865207370656369666967
:10266000656420696E7465726661636500576174A4
:102670006368657320746865207370656369666953
:10268000656420696E746572666163650049676E92
:102690006F7265732074686520737065636966691D
:1026A000656420696E746572666163650053686F66
:1026B00077732074686520636F6E6E6563746976E6
:1026C00069747920737461747573206F66207468FF
:1026D000652073706563696669656420696E7465F9
:1026E0007266616365004950763420737570706F4F
:1026F0007274202020202020202020202020202034
:1027000020202020202020202020202020202020C9
:102710003A2025730A0064697361626C656400493C
:1027200050763420667261676D656E746174696F8E
:102730006E20737570706F7274202020202020200E
:102740002020202020202020203A2025730A004924
:1027500050763420636F6E666C69637420646574B0
:10276000656374696F6E20737570706F727420206A
:102770002020202020202020203A2025730A0050ED
:10278000617468204D545520446973636F76657297
:10279000792028504D545529202020202020202009
:1027A0002020202020202020203A2025730A004DC0
:1027B0006178206E756D626572206F662049507673
:1027C00034206E6574776F726B20696E7465726603
:1027D0006163657320696E20746865207379737412
:1027E000656D202020202020202020203A202564F4
:1027F0000A004D6178206E756D626572206F6620EB
:10280000756E696361737420495076342061646425
:1028100072657373657320706572206E6574776F6F
:10282000726B20696E746572666163652020203A60
:102830002025640A004D6178206E756D62657220F6
:102840006F66206D756C746963617374204950768E
:1028500034206164647265737365732070657220DF
:102860006E6574776F726B20696E746572666163F2
:1028700065203A2025640A00436F727265637420F4
:1028800075736167653A206E6574206970763420CF
:1028900067617465776179203C696E6465783E2074
:1028A0003C676174657761795F69703E0A00496EC3
:1028B00076616C696420616464726573733A202583
:1028C000730A00436F727265637420757361676584
:1028D0003A206E6574206970763420616464203C0F
:1028E000696E6465783E203C616464726573733E12
:1028F000205B3C6E65746D61736B3E5D0A006A6FB0
:10290000696E0043616E6E6F74202573206D756C67
:102910007469636173742067726F7570202573200A
:10292000666F7220696E74657266616365202564E6
:1029300020282564290A004E65746D61736B206937
:1029400073206D697373696E672E0A0043616E6E42
:102950006F74206164642061646472657373202500
:102960007320746F20696E746572666163652025DB
:10297000640A00496E76616C6964206E65746D61ED
:10298000736B3A20257300436F7272656374207510
:10299000736167653A206E657420697076342064CF
:1029A000656C203C696E6465783E203C61646472AD
:1029B0006573733E006C65617665004661696C65A0
:1029C0006420746F2064656C6574652025730A004B
:1029D0000A495076342061646472657373657320AC
:1029E000666F7220696E7465726661636520256426
:1029F000202825702920282573290A003D3D3D3DCA
:102A00003D3D3D3D3D3D3D3D3D3D3D3D3D3D3D3DF6
:102A10003D3D3D3D3D3D3D3D3D3D3D3D3D3D3D3DE6
:102A20003D3D3D3D3D3D3D3D25730A004E6F2049F6
:102A300050763420636F6E66696720666F756E64CA
:102A400020666F72207468697320696E746572669F
:102A50006163652E0A00556E69636173743A0A0AF0
:102A6000005479706520202020202009537461745F
:102A700065202020200952656609416464726573EF
:102A8000730A0025732020092573202020200925A2
:102A90006C640925732F25730A000A4D756C7469DF
:102AA000636173743A0A0A004A6F696E6564095279
:102AB000656609416464726573730A0025730925AC
:102AC0006C640925730A005072696E7420696E6621
:102AD0006F726D6174696F6E2061626F75742049E9
:102AE00050763420737065636966696320696E6629
:102AF0006F726D6174696F6E20616E6420636F6EBA
:102B000066696775726174696F6E2E006164640036
:102B100064656C00676174657761790053657473EF
:102B20002049507634206761746577617920666F3B
:102B3000722074686520696E7465726661636500F1
:102B40003C696E6465783E203C67617465776179A5
:102B50005F69703E0044656C6574657320746865D8
:102B600020616464726573732066726F6D2074688F
:102B70006520696E746572666163650041646473A3
:102B800020746865206164647265737320746F20BB
:102B900074686520696E74657266616365003C697E
:102BA0006E6465783E203C616464726573733E2098
:102BB0005B3C6E65746D61736B3E5D0049507636AB
:102BC00020737570706F72742020202020202020C8
:102BD00020202020202020202020202020202020F5
:102BE0002020202020203A2025730A00434F4E4603
:102BF00049475F4E45545F4950563600536574202F
:102C0000257320616E6420257320746F20656E61CA
:102C1000626C65206E61746976652025732073751A
:102C200070706F72742E0A00697076360050726987
:102C30006E7420696E666F726D6174696F6E20616B
:102C4000626F7574204950763620737065636966CB
:102C5000696320696E666F726D6174696F6E206161
:102C60006E6420636F6E66696775726174696F6EFA
:102C70002E004164642F64656C657465204950764C
:102C800036206164647265737320746F2F66726F8F
:102C90006D2066696C746572206C69737400616480
:102CA00064205B616C6C6F777C64656E795D203C41
:102CB00049507636207072656669783E0A706520E4
:102CC00064656C203C495076362070726566697880
:102CD0003E0A54686520616C6C6F772F64656E796D
:102CE00020706172616D657465722074656C6C73BF
:102CF000206966207468697320697320616C6C6F49
:102D000077206C69737465642028616363657074EF
:102D1000656429206F722064656E79206C69737414
:102D2000656420286465636C696E6564292070722F
:102D3000656669782E0A44656661756C74206973EE
:102D400020746F20616C6C6F77206C6973742074D1
:102D500068652070726566697800467261676D65A6
:102D60006E74206C656E67746820256420627974C7
:102D700065730A004E6574776F726B2062756666C4
:102D8000657220706F6F6C733A0A004164647265FB
:102D900073730909546F74616C094E616D650A00A3
:102DA00025700925640952580A002570092564090F
:102DB00054580A002570092564095258204441548A
:102DC000410A0025700925640954582044415441A2
:102DD0000A006E65745F62756620616C6C6F63617A
:102DE00074696F6E00434F4E4649475F4E45545FCE
:102DF0004255465F504F4F4C5F5553414745005039
:102E000072696E7420696E666F726D6174696F6E3F
:102E10002061626F7574206E6574776F726B206DC0
:102E2000656D6F72792075736167652E004E6174F0
:102E30006976652049507636206E6F7420656E6124
:102E4000626C65642E0A006E6272005072696E7464
:102E5000206E65696768626F7220696E666F726D59
:102E60006174696F6E2E0052656D6F766573206EAA
:102E700065696768626F722066726F6D2063616357
:102E80006865003078005061727365206572726FFA
:102E9000723A2025730A00556E7265636F676E691A
:102EA0007A656420617267756D656E743A2025736A
:102EB0000A0054617267657420686F7374206D69CD
:102EC0007373696E670A0043616E6E6F7420696E7A
:102ED000697469616C697A652049434D5020636F5C
:102EE0006E7465787420666F722025730A00496ECF
:102EF00076616C6964204950206164647265737303
:102F00000A0050494E472025730A0074696D653DDB
:102F10002564206D730025642062797465732066D2
:102F2000726F6D20257320746F2025733A206963BA
:102F30006D705F7365713D25642074746C3D25640C
:102F40002025730A0050696E672074696D656F757E
:102F5000740A004661696C656420746F2073656E45
:102F6000642070696E672C206572723A20256400B7
:102F700050696E672061206E6574776F726B206890
:102F80006F73742E0053656E642049434D50763440
:102F9000206F722049434D507636204563686F2D6F
:102FA0005265717565737420746F2061206E65744D
:102FB000776F726B20686F7374005B2D6320636F93
:102FC000756E745D205B2D6920696E746572766123
:102FD0006C206D735D205B2D49203C6966616365E3
:102FE00020696E6465783E5D0A5B2D5120746F73B5
:102FF0005D205B2D73207061796C6F616420736953
:103000007A655D205B2D70207072696F72697479CA
:103010005D203C686F73743E00496E76616C696434
:10302000207074722076616C756520282573292EB6
:10303000204578616D706C653A20307830313032DF
:10304000303330340A00506F696E746572206973D2
:10305000206E6F74207265636F676E697A65642095
:103060006173206E65745F706B7420282573292E40
:103070000A006E65745F706B74202570206275663F
:1030800066657220636861696E3A0A0025705B2587
:103090006C645D002D3E0025705B256C642F2575EA
:1030A000202825752F2575295D006E65745F706B6E
:1030B0007420257020627566666572206368616998
:1030C0006E2068657864756D703A0A006E65745F8D
:1030D0006275665B25645D2025700A006E65745F0D
:1030E000706B7420696E666F726D6174696F6E2E9D
:1030F000005072696E7420696E666F726D617469DA
:103100006F6E2061626F757420676976656E206EE0
:1031100065745F706B74003C70747220696E206817
:1031200065783E007061636B65742066696C7465D8
:103130007220696E666F726D6174696F6E00434FC5
:103140004E4649475F4E45545F504B545F46494C8D
:10315000544552005072696E7420696E666F726DCC
:103160006174696F6E2061626F7574206E6574772B
:103170006F726B207061636B65742066696C746537
:1031800072732E00434F4E4649475F4E45545F4988
:103190005056365F504D5455206F7220434F4E4667
:1031A00049475F4E45545F495056345F504D545522
:1031B00000706D74750053686F7720504D54552022
:1031C000696E666F726D6174696F6E2E0052656D07
:1031D0006F766520616C6C20656E74726965732012
:1031E00066726F6D20504D54552064657374696E1E
:1031F0006174696F6E20636163686500434F4E467A
:1032000049475F4E45545F4C325F50505020616ECD
:103210006420434F4E4649475F4E45545F505050DF
:1032200000434F4E4649475F4E45545F4C325F5016
:1032300050500050505020696E666F726D61746915
:103240006F6E2E005072696E747320696E666F72B5
:103250006D6174696F6E2061626F7574205050509B
:103260000053656E6473204563686F2D72657175D8
:1032700065737420746F2050505020696E746572AD
:103280006661636500596F75206E65656420612015
:103290006E6574776F726B206472697665722073E5
:1032A0007570706F7274696E6720506F77657220E9
:1032B0004D616E6167656D656E742E0A00526573AF
:1032C000756D652061206E6574776F726B20696E15
:1032D00074657266616365006E6574776F726B20EA
:1032E000726F75746500434F4E4649475F4E4554B3
:1032F0005F524F5554450053657420257320616E0D
:103300006420257320746F20656E61626C65206E89
:10331000617469766520257320737570706F72749F
:103320002E20416E6420656E61626C6520434F4EB5
:103330004649475F4E45545F524F5554450A005326
:10334000657420257320616E6420257320746F20BE
:10335000656E61626C65206E6174697665202573A7
:1033600020737570706F72742E20416E6420656ECC
:1033700061626C6520434F4E4649475F4E45545F3E
:10338000524F5554452E0A0053686F77206E65746E
:10339000776F726B20726F7574652E0044656C6573
:1033A0007465732074686520726F75746520746F1E
:1033B000207468652064657374696E6174696F6EEA
:1033C000003C696E6465783E203C64657374696E88
:1033D0006174696F6E3E0041646473207468652097
:1033E000726F75746520746F2074686520646573EE
:1033F00074696E6174696F6E003C696E6465783ED5
:10340000203C64657374696E6174696F6E3E203C24
:10341000676174657761793E00736F636B657420D3
:10342000696E666F726D6174696F6E00434F4E46D0
:1034300049475F4F424A5F434F524520616E6420C7
:10344000434F4E4649475F4E45545F534F434B45AC
:1034500054535F4F424A5F434F524500536F636B73
:1034600065742073657276696365206E6F7420736E
:103470007570706F727465642E0A00736F636B658C
:1034800074730053686F77206E6574776F726B206A
:10349000736F636B6574732E00434F4E4649475FED
:1034A0004E45545F53544154495354494353005378
:1034B000686F77206E6574776F726B2073746174B8
:1034C0006973746963732E0053686F7773206E6538
:1034D00074776F726B20737461746973746963734A
:1034E00020666F72206F6E65207370656369666910
:1034F00063206E6574776F726B20696E7465726697
:10350000616365003C696E6465783E205B6F707432
:10351000696F6E735D0A547970652066696C7465B5
:10352000723A0A636F6D6D6F6E3A204F6E6C792040
:10353000636F6D6D6F6E2073746174732028736B8D
:10354000697073204657207175657279290A76650E
:103550006E646F723A204F6E6C792076656E646F80
:10356000722D737065636966696320737461747327
:103570000A616C6C3A20202020416C6C20737461CD
:103580007473202864656661756C74290A56656ECB
:10359000646F7220737461747320666F726D6174EE
:1035A00020286F6E6C79206170706C69657320776C
:1035B00068656E2076656E646F72207374617473D3
:1035C0002073686F776E293A0A6B65792D76616C86
:1035D00075653A204B65792D76616C756520706153
:1035E000697273202864656661756C74290A686560
:1035F000782D626C6F623A202048657820626C6F8B
:103600006220666F722070617273696E670A626F02
:1036100074683A202020202020426F746820666F52
:10362000726D6174730053686F77206E6574776F85
:10363000726B207374617469737469637320666F4D
:103640007220616C6C206E6574776F726B20696E8E
:103650007465726661636573005B636F6D6D6F6E39
:103660007C76656E646F727C616C6C5D205B6B65F3
:10367000792D76616C75657C6865782D626C6F62FA
:103680007C626F74685D0053757370656E64206151
:10369000206E6574776F726B20696E7465726661F7
:1036A000636500434F4E4649475F4E45545F544360
:1036B0005020616E6420434F4E4649475F4E45544B
:1036C0005F4E41544956450074637000436F6E6EFF
:1036D0006563742F73656E642F636C6F736520541C
:1036E000435020636F6E6E656374696F6E2E007356
:1036F000656E64007265637600636C6F736500438A
:103700006C6F7365732054435020636F6E6E6563F6
:1037100074696F6E005265636569766573206461D4
:103720007461207573696E67205443500053656E51
:103730006473206461746120746F20706565722009
:103740007573696E6720544350003C646174613E38
:1037500000436F6E6E6563747320746F2054435022
:103760002070656572003C616464726573733E200D
:103770003C706F72743E00526563656976656420C3
:10378000554450207061636B65743A20004D657339
:10379000736167652073656E740A004E6574776F98
:1037A000726B20636F6E74657874206973206E6F1E
:1037B0007420757365642E2043616E6E6F74206390
:1037C0006C6F73652E0A0043616E6E6F7420636CBC
:1037D0006F73652055445020706F727420282564E3
:1037E000290A004E6F7420656E6F756768206172DC
:1037F00067756D656E747320676976656E20666F98
:1038000072207564702073656E6420636F6D6D61E6
:103810006E640A00496E76616C696420706F727420
:10382000206E756D6265720A0043616E6E6F742062
:103830006765742055445020636F6E7465787420FA
:10384000282564290A004950763620616E64204993
:10385000507634206172652064697361626C6564BE
:103860002C2063616E6E6F742025732E0A004E6FDC
:1038700020696E7465726661636520746F2073657C
:103880006E6420746F20676976656E20686F73744C
:103890000A0053657474696E6720726376206361F1
:1038A0006C6C6261636B206661696C6564202825BD
:1038B00064290A0053656E64696E67207061636BEA
:1038C0006574206661696C656420282564290A0096
:1038D000554450207061636B65742073656E646934
:1038E0006E67206661696C65640A0043616E6E6F85
:1038F00074207075742055445020636F6E74657821
:103900007420282564290A004E6F7420656E6F7537
:10391000676820617267756D656E7473206769767C
:10392000656E20666F72207564702062696E642017
:10393000636F6D6D616E640A004E6574776F726BB4
:1039400020636F6E7465787420616C726561647950
:1039500020696E207573650A0062696E64004269B1
:103960006E64696E6720746F2055445020706F72CA
:1039700074206661696C656420282564290A0052F8
:103980006563656976696E672066726F6D20554460
:103990005020706F7274206661696C656420282500
:1039A00064290A0053656E642F726563762055445E
:1039B00050207061636B65740053656E64732055AD
:1039C0004450207061636B657420746F2061206EB9
:1039D0006574776F726B20686F7374003C686F73E7
:1039E000743E203C706F72743E203C7061796C6F45
:1039F00061643E00436C6F73657320707265766915
:103A00006F75736C7920626F756E6420706F72745D
:103A10000042696E647320746F20554450206C6FAF
:103A200063616C20706F7274003C616464723E204C
:103A30003C706F72743E007669727475616C206EB2
:103A40006574776F726B20696E7465726661636509
:103A500000434F4E4649475F4E45545F4C325F56D8
:103A600049525455414C007669727475616C00532B
:103A7000686F772F6D616E6970756C617465207603
:103A800069727475616C206E6574776F726B2069F2
:103A90006E74657266616365732E00617474616330
:103AA00068006465746163680053686F77207669A5
:103AB000727475616C20696E7465726661636520ED
:103AC000696E666F726D6174696F6E0044657461D2
:103AD00063682061206E6574776F726B20696E7405
:103AE0006572666163652066726F6D20616E6F74CA
:103AF00068657220696E74657266616365003C7505
:103B000070706572207669727475616C2069666187
:103B1000636520696E6465783E0041747461636812
:103B20002061206E6574776F726B20696E746572A8
:103B30006661636520746F20616E6F7468657220C2
:103B4000696E74657266616365003C75707065725C
:103B5000207669727475616C20696661636520699D
:103B60006E6465783E203C6C6F7765722069666193
:103B7000636520696E6465783E00434F4E46494751
:103B80005F4E45545F564C414E00766C616E00535B
:103B9000686F7720564C414E20696E666F726D617A
:103BA00074696F6E2E0044656C6574657320564CA5
:103BB000414E207461672066726F6D2074686520C5
:103BC0006E6574776F726B20696E7465726661637F
:103BD00065003C7461673E004164647320564C414B
:103BE0004E2074616720746F20746865206E657460
:103BF000776F726B20696E74657266616365003CF5
:103C00007461673E203C696E6465783E005765626A
:103C1000736F636B657400434F4E4649475F57456A
:103C200042534F434B45545F434C49454E540077F4
:103C30006562736F636B6574005072696E7420699E
:103C40006E666F726D6174696F6E2061626F7574FC
:103C500020576562536F636B657420636F6E6E658A
:103C60006374696F6E732E0071627600434F4E4627
:103C700049475F4E45545F514256005365742025B5
:103C80007320746F20656E61626C652025732073EC
:103C90007570706F72742E0A0A0045746865726ED2
:103CA0006574206E6574776F726B206D616E6167ED
:103CB000656D656E7420696E74657266616365001A
:103CC000434F4E4649475F4E45545F4C325F455423
:103CD0004845524E45545F4D474D54005162762041
:103CE000636F6D6D616E6473007365745F636F6E97
:103CF000666967007365745F6763006765745F6911
:103D00006E666F0047657420696E666F726D6174D0
:103D1000696F6E00536574206761746520636F6E10
:103D200074726F6C003C696E6465783E203C726F03
:103D3000773E203C676174655F636F6E74726F6C71
:103D40003E203C696E74657276616C3E005365740A
:103D50002051627620636F6E66696775726174695F
:103D60006F6E003C696E6465783E203C62617365ED
:103D70005F74696D652873293E203C626173655FDD
:103D800074696D6528322A282D3136296E73293ED3
:103D90000A3C6379636C655F74696D652873293EBD
:103DA000203C6379636C655F74696D65286E732967
:103DB0003E203C6379636C655F74696D655F65780F
:103DC00074286E73293E203C6C6973745F6C656E59
:103DD0003E00456E61626C6520516276003C696E02
:103DE0006465783E203C6F6E2C206F66663E0057FF
:103DF00069726567756172642056504E005769722A
:103E00006567756172642056504E207374617469E1
:103E1000737469637300434F4E4649475F4E455480
:103E20005F535441544953544943535F56504E2CA9
:103E300020434F4E4649475F4E45545F53544154CB
:103E40004953544943535F555345525F41504920AC
:103E5000616E6420434F4E4649475F57495245477C
:103E6000554152440077670053686F7720696E664A
:103E70006F726D6174696F6E2061626F757420740A
:103E80006865205769726567756172642056504E87
:103E900020636F6E6E656374696F6E732E006B6561
:103EA0006570616C6976650053686F772073746123
:103EB0007469737469637320696E666F726D61747F
:103EC000696F6E2061626F75742074686520576930
:103ED000726567756172642056504E20636F6E6E16
:103EE000656374696F6E732E205468652073746106
:103EF000746973746963732063616E2062652072F4
:103F000065736574206279207573696E67207468C3
:103F100065202772657365742720636F6D6D616E10
:103F200064005B72657365745D0053657475702021
:103F30006C6F63616C2056504E206E6574776F72A3
:103F40006B20696E74657266616365005B2D692C18
:103F5000202D2D69666163653D3C696E74657266EE
:103F600061636520696E6465783E5D3A20496E74D0
:103F700065726661636520696E6465780A2D6B2CD5
:103F8000202D2D707269766174652D6B6579203CEA
:103F90006B65793E3A2050726976617465206B6575
:103FA0007920696E2062617365363420666F726DA8
:103FB00061740053686F7720696E666F726D61740B
:103FC000696F6E2061626F7574207468652057692F
:103FD000726567756172642056504E20636F6E6E15
:103FE000656374696F6E732E20546F20676574204B
:103FF00064657461696C656420696E666F726D6179
:1040000074696F6E2061626F7574206120737065D2
:10401000636966696320636F6E6E656374696F6E52
:104020002C2075736520746865202773686F77206E
:104030003C69643E2720636F6D6D616E64005B3C7C
:1040400069643E5D0053656E642061206B65657038
:10405000616C697665206D65737361676520746F47
:1040600020706565720044656C6574652061207020
:104070006565722E20416E79206578697374696E6A
:104080006720636F6E6E656374696F6E206973205D
:104090007465726D696E61746564005B2D692C20B6
:1040A0002D2D6964203C706565722D69643E5D004C
:1040B0004164642061207065657220696E206F72B2
:1040C00064657220746F2065737461626C697368D3
:1040D00020612056504E20636F6E6E656374696F69
:1040E0006E002D6B2C202D2D7075626C69632D6B0D
:1040F0006579203C6B65793E0A2D652C202D2D6558
:104100006E64706F696E74203C69702061646472C3
:1041100065737320616E6420706F72743E0A5B2D4C
:10412000612C202D2D616C6C6F7765642D69707327
:10413000203C6970616464722F6D61736B2D6C65D6
:104140006E3E5D0A5B2D742C202D2D6B65657061B4
:104150006C697665203C7365636F6E64733E5D0ABF
:104160005B3C7065657220656E64706F696E74206B
:10417000495076342F3620616464726573733E3A19
:104180003C706F72743E5D0A506565722070756296
:104190006C69632F70726976617465206B65792034
:1041A0006D75737420626520696E20626173653677
:1041B0003420666F726D61742E0A416C6C6F776586
:1041C0006420495076342F362061646472657373BD
:1041D00065732063616E2062652073706563696634
:1041E0006965642077697468206F7074696F6E61A7
:1041F0006C206D61736B206C656E67746820286439
:10420000656661756C7420333220666F7220495088
:10421000763420616E642031323820666F72204916
:10422000507636292E205365706172617465206D59
:10423000756C7469706C6520616464726573736514
:104240007320627920636F6D6D61206F72207370CF
:104250006163650A5065657220656E64706F696E92
:104260007420697320737065636966696564206989
:104270006E2074686520666F726D61740A3C4950E7
:10428000763420616464726573733E3A3C706F7279
:10429000743E206F72205B3C495076362061646426
:1042A000726573733E5D3A3C706F72743E0A4B6583
:1042B0006570616C6976652074696D65206973202D
:1042C00073706563696669656420696E20736563F0
:1042D0006F6E64732E2049662073657420746F209E
:1042E00030202864656661756C74292C206E6F20FF
:1042F0006B656570616C697665206D657373616768
:104300006573206172652073656E742E0A4578614D
:104310006D706C65733A0A6E65742077672061640E
:1043200064202D6B20626D393049484E6C64413DEC
:104330003D202D61203139382E35312E3130302E4F
:10434000312F32342C323030313A6462383A3130E5
:10435000303A3A312F3634202D65205B32303031FF
:104360003A6462383A3A325D3A3531383230202D8B
:10437000742036300A6E657420776720616464208B
:104380002D6B205A475632494735316247773D20D9
:104390002D61203139382E35312E3130302E312FEC
:1043A0003234202D65203139322E302E322E323AE1
:1043B0003531383230004C322044697361626C65AB
:1043C00064007070705F747800574553545F544FA9
:1043D000504449522F7A65706879722F73756273F1
:1043E00079732F6E65742F6C322F7070702F707010
:1043F000705F6C322E63005468657265206172656F
:10440000206E6F205050502070726F746F636F6C0D
:104410007320636F6E6669677572656421004E6F05
:10442000204C435020666F756E64210074785F687D
:10443000616E646C65725F746872656164006E655C
:10444000745F6C325F70707000574553545F544F07
:10445000504449522F7A65706879722F7375627370
:1044600079732F6E65742F6C322F7070702F667396
:104470006D2E63006661696C656420746F20616CE9
:104480006C6F63617465206275666665720057457E
:1044900053545F544F504449522F7A657068797273
:1044A0002F7375627379732F6E65742F6C322F7052
:1044B00070702F6C696E6B2E63004E6F206E65748A
:1044C000776F726B2070726F746F636F6C73206F95
:1044D00070656E00416C6C206E6574776F726B73E3
:1044E00020646F776E004C435020646F776E0057E6
:1044F0004553545F544F504449522F7A6570687940
:10450000722F7375627379732F6E65742F6C322FEF
:104510007070702F6E6574776F726B2E63004E6FC4
:104520007420616C6C206E6574776F726B20707292
:104530006F746F636F6C73207765726520636C6F47
:10454000736564202825642900574553545F544FF0
:10455000504449522F7A65706879722F737562736F
:1045600079732F6E65742F6C322F7070702F6D6998
:1045700073632E6300436F756C64206E6F742073D9
:1045800065742049502061646472657373202573DB
:104590000005626C616E6B05626C616E6B006E652E
:1045A000745F636F7265004E6F2064656661756C41
:1045B0007420696E7465726661636520666F756EDE
:1045C000642100574553545F544F504449522F7A49
:1045D00065706879722F7375627379732F6E657465
:1045E0002F69702F6E65745F69662E63004D756C60
:1045F00074696361737420616464726573732025E8
:104600007020697320667265656420616C726561F3
:104610006479004661696C656420746F207570640C
:10462000617465206F7065722073746174652074A5
:104630006F2025640043616E6E6F74206A6F696E2F
:10464000206D6361737420616464726573732025E7
:104650007320666F72202564202825642900536B1F
:104660006970706564202564206D6573736167658A
:104670007300696661636520256420706B74202572
:10468000702073656E64206661696C757265207355
:104690007461747573202564003C696E76616C6981
:1046A000643E004966616365202570206472697606
:1046B00065722041504920696E6974204E554C4CFA
:1046C000007070702564006E657425640043616E2F
:1046D0006E6F74207365742064656661756C7420F8
:1046E0006E616D6520666F7220696E7465726661B9
:1046F0006365202564202825702920282564290049
:104700005468657265206973206E6F206E657477DA
:104710006F726B20696E7465726661636520746F79
:1047200020776F726B20776974682100596F75204C
:104730006861766520257A752049507634206E654B
:10474000745F696620616464726573736573206267
:104750007574202564206E6574776F726B20696EA6
:10476000746572666163657300436F6E7369646537
:104770007220696E6372656173696E6720434F4E84
:104780004649475F4E45545F49465F4D41585F4932
:104790005056345F434F554E542076616C75652EEC
:1047A00000554E4B4E4F574E004E4F5450524553AE
:1047B000454E54004C4F5745524C41594552444F79
:1047C000574E0054455354494E4700444F524D41B3
:1047D0004E54006E65745F6966004E45545F4F4BE2
:1047E000004E45545F434F4E54494E5545004E458B
:1047F000545F44524F50003C756E6B6E6F776E3E47
:104800000049434D507634005544500049434D50C3
:1048100076360043414E5F52415700554E4B5F5034
:10482000524F544F0041465F494E45540041465F48
:10483000494E455436006E65745F7574696C73003B
:10484000574553545F544F504449522F7A6570680E
:1048500079722F7375627379732F6E65742F697017
:104860002F6E65745F6D676D742E63004576656E9F
:1048700074203078256C6C7820696E666F206C65CA
:104880006E67746820257A75203E206D61782073EC
:10489000697A6520257A75004661696C75726520B4
:1048A000746F2070757368206576656E742028308B
:1048B00078256C6C78292C2074727920696E63726B
:1048C000656173696E67207468652027434F4E46A3
:1048D00049475F4E45545F4D474D545F4556454EE1
:1048E000545F51554555455F53495A4527206F72CE
:1048F0002027434F4E4649475F4E45545F4D474D35
:10490000545F4556454E545F51554555455F544992
:104910004D454F555427206F7074696F6E732E008C
:104920006E65745F6D676D7400574553545F544FE7
:10493000504449522F7A65706879722F737562738B
:1049400079732F6E65742F69702F6E65745F636F56
:104950006E746578742E630043616E6E6F742062AE
:10496000696E6420746F20257300506F7274202567
:104970006420697320696E20757365210044524F6D
:10498000503A2073726320616464722069732075E9
:104990006E737065636966696564004661696C651C
:1049A0006420746F20616C6C6F63617465206E6548
:1049B000745F706B7400417661696C61626C652034
:1049C0007061796C6F61642062756666657220281B
:1049D000257A7529206973206E6F7420656E6F7556
:1049E000676820666F72207265717565737465649F
:1049F00020444752414D2028257A752900434F4EC7
:104A00004E454354494E4700434F4E4E454354454F
:104A100044004C495354454E494E47006E65745FFF
:104A20006374780052657175657374656420746F82
:104A30006F206C6172676520667261676D656E7468
:104A40002E20496E63726561736520434F4E46495F
:104A5000475F4E45545F4255465F444154415F5362
:104A6000495A452E0044617461206275666665721C
:104A70002028257A752920616C6C6F636174696FD9
:104A80006E206661696C65642E00556E636F6E748E
:104A90006967756F757320646174612063616E6E00
:104AA0006F74206265206C696E656172697A6564F5
:104AB0000043616E6E6F742063726561746520548B
:104AC000432068616E646C6572207468726561640D
:104AD0002025640072785F715B25645D006E6574EB
:104AE0005F7463005072696F726974792025642065
:104AF000697320746F6F206C617267652C206D6123
:104B000078696D756D20616C6C6F77656420697371
:104B10002025640057726F6E67206164647265734C
:104B2000732066616D696C79006E65745F69636D91
:104B300070004C6F63616C206164647265737320F4
:104B400066616D696C79206E6F74207365740052B4
:104B5000656D6F746520616464726573732066614E
:104B60006D696C79206E6F7420736574004964659B
:104B70006E746963616C20636F6E6E656374696FD8
:104B80006E2068616E646C657220257020616C72A5
:104B90006561647920666F756E642E004E6F7420B7
:104BA000656E6F75676820636F6E6E656374696F9D
:104BB0006E20636F6E74657874732E20436F6E730E
:104BC0006964657220696E6372656173696E6720DE
:104BD000434F4E4649475F4E45545F4D41585F43F2
:104BE0004F4E4E2E00416464726573732066616D92
:104BF000696C69657320646966666572656E7400C8
:104C00006E65745F636F6E6E0043616E6E6F7420CD
:104C100072656769737465722025732068616E64BC
:104C20006C657220282564290038006E65745F6900
:104C3000636D707634006E65745F69707634006EF3
:104C400065745F75647000636F6E6E5F6D67725F31
:104C50006D6F6E69746F7200636F6E6E5F6D6772F9
:104C600000574553545F544F504449522F7A657052
:104C70006879722F696E636C7564652F7A657068E8
:104C800079722F6E65742F636F6E6E5F6D67725FE2
:104C9000636F6E6E65637469766974795F696D7050
:104CA0006C2E68006966616365206175746F2D63A1
:104CB0006F6E6E656374206661696C65643A202569
:104CC0006400696E76616C6964006E65745F696624
:104CD0005F7570002573206661696C656420666F7E
:104CE0007220696661636520256420282570292E5D
:104CF000204572726F723A20256400466174616CBF
:104D000020636F6E6E65637469766974792065726D
:104D1000726F72206F6E2069666163652025642062
:104D2000282570292E20526561736F6E3A20256404
:104D30002E00556E6B6E6F776E20666174616C200D
:104D4000636F6E6E656374697669747920657272DB
:104D50006F72206F6E20696661636520256420286C
:104D60002570292E00436F6E6E65637469766974D1
:104D70007920696D706C656D656E746174696F6EB4
:104D800020686173204E554C4C204150492C2061C5
:104D90006E642077696C6C20626520747265617442
:104DA0006564206173206E6F6E2D6578697374651C
:104DB0006E742E00574553545F544F504449522F40
:104DC0007A65706879722F7375627379732F6E6567
:104DD000742F636F6E6E5F6D67722F636F6E6E5FA1
:104DE0006D67725F636F6E6E6563746976697479FF
:104DF0002E63006E65745F69665F646F776E006333
:104E00006F6E6E5F6D67725F69665F636F6E6E6512
:104E1000637400636F6E6E5F6D67725F69665F6477
:104E20006973636F6E6E65637400636F6E6E5F6D42
:104E300067725F636F6E6E00574553545F544F50F7
:104E40004449522F7A65706879722F73756273794D
:104E5000732F7A6275732F7A6275732E63005745CC
:104E600053545F544F504449522F7A657068797299
:104E70002F696E636C7564652F7A65706879722F1F
:104E80007A6275732F7A6275732E6800636F756C22
:104E900064206E6F742064656C69766572206E6F35
:104EA00074696669636174696F6E20746F206F62E4
:104EB0007365727665722025732E204572726F724B
:104EC00020636F6465202564007A6275730057451E
:104ED00053545F544F504449522F7A657068797229
:104EE0002F647269766572732F636C6F636B5F6397
:104EF0006F6E74726F6C2F636C6F636B5F636F6E3A
:104F000074726F6C5F6E72662E6300636C6F636B9E
:104F10004031306530303000636C6F636B00686621
:104F2000636C6B006C66636C6B00636C6F636B5FD0
:104F3000636F6E74726F6C00574553545F544F50DB
:104F40004449522F7A65706879722F647269766568
:104F500072732F636C6F636B5F636F6E74726F6CD1
:104F60002F6E72665F636C6F636B5F63616C696207
:104F7000726174696F6E2E63007073612D726E675B
:104F8000007073615F726E6700574553545F544FF2
:104F9000504449522F7A65706879722F696E636C3C
:104FA0007564652F7A65706879722F6472697665A9
:104FB00072732F6770696F2F6770696F5F7574699F
:104FC0006C732E6800574553545F544F50444952F8
:104FD0002F6D6F64756C65732F68616C2F6E6F72C7
:104FE0006469632F6E7266782F68616C2F6E7266CB
:104FF0005F6770696F2E6800574553545F544F5078
:105000004449522F7A65706879722F6472697665A7
:1050100072732F6770696F2F6770696F5F6E72664A
:10502000782E63006770696F30006770696F3100B8
:105030006770696F32004750494F20706F7274205B
:105040002573206E6F7420726561647900666169F2
:105050006C656420746F20636F6E66696775726536
:10506000204750494F20686F6720666F7220706F2D
:1050700072742025732070696E2025752028657252
:105080007220256429006770696F5F686F6773001D
:10509000693263004E65656420746F207573652006
:1050A00074686520696E7465726E616C20647269E3
:1050B0007665722062756666657220627574206915
:1050C00074732073697A6520697320696E737566DD
:1050D00066696369656E7420282575202B20257507
:1050E000203E202575292E2041646A757374207432
:1050F0006865207A65706879722C636F6E6361747D
:105100002D6275662D73697A65206F72207A6570DD
:105110006879722C666C6173682D6275662D6D619D
:10512000782D73697A652070726F7065727479205A
:1051300028746865206F6E652077697468206772CF
:1051400065617465722076616C75652920696E20D1
:105150007468652022257322206E6F64652E0069B5
:105160003263406337303030006932633231006976
:1051700032635F6E7266785F7477696D00756E7307
:105180007570706F72746564207370656564005427
:105190007279696E6720746F207472616E736665D0
:1051A00072206D6F7265207468616E20746865206E
:1051B0006D6178696D756D2073697A6520666F72AF
:1051C0002074686973206465766963653A20256494
:1051D000203E202564004661696C656420746F2060
:1051E000696E697469616C697A6520646576696362
:1051F000653A202573006E706D3133303040366271
:1052000000706D69635F6D61696E006D6F64656DDF
:105210005F7070705F7070705F6E6F726469635FF3
:105220006E726639336D3130006E6F726469635F20
:105230006E726639336D315F73687574646F776E43
:105240005F636861745F73637269707400415425B1
:10525000504F57443D31006E6F726469635F6E72E8
:105260006639336D315F6469616C5F636861745F77
:10527000736372697074004154442A39392A2A2AA6
:105280003123006E6F726469635F6E726639336DCD
:10529000315F6E6574776F726B5F636861745F73A3
:1052A00063726970740041542B43455245473D3148
:1052B0000041542B4346554E3D31006E6F72646978
:1052C000635F6E726639336D315F696E69745F63F7
:1052D0006861745F73637269707400415445300093
:1052E00041542B4946433D322C320041542B434D0F
:1052F00055583D302C302C352C313237002B435251
:1053000045473A20002B43455245473A20002B435E
:10531000475245473A20002B434745563A20004123
:1053200050502052445900526561647900504F57E3
:105330004552454420444F574E0042555359004E64
:105340004F20414E53574552004E4F204341525239
:10535000494552004E4F204449414C544F4E450060
:105360006F70656E696E6720706970650070697036
:105370006520636F6E6E6563746564007069706547
:1053800020646973636F6E6E656374656400706931
:105390007065206F70656E6564006368617420726B
:1053A000656C656173656400636861742061747421
:1053B0006163686564006D6F64656D5F61745F75DE
:1053C0007365725F70697065004661696C65642021
:1053D000746F20676574205541525420636F6E6668
:1053E000696775726174696F6E20282564290046AB
:1053F00061696C656420746F20736574206E6577D5
:1054000020626175647261746520282564290041F9
:10541000542B434744434F4E543D312C2249502294
:105420002C22257322006661696C656420746F20EC
:10543000656E746572207374617465206572726F35
:10544000723A202569006661696C656420746F207A
:105450006C656176652073746174652C2065727269
:105460006F723A202569004661696C656420746F2B
:1054700020736574206C696E6B206164647265735F
:1054800073206F6E2050505020696E746572666193
:1054900063652028256429004661696C6564207471
:1054A0006F206174746163682050505020746F20C5
:1054B000444C434932004D6178696D756D207363CA
:1054C00072697074206661696C75726573207265AB
:1054D00061636865642C2072657374617274696EAF
:1054E00067206D6F64656D0020414354004445544E
:1054F00041434800444541435400574553545F5489
:105500004F504449522F7A65706879722F647269DE
:10551000766572732F6D6F64656D2F6D6F64656D49
:105520005F63656C6C756C61722E63004661696CBB
:10553000656420746F20636F6E666967757265209D
:1055400072696E67204750494F202825642900461C
:1055500061696C656420746F206164642072696E97
:1055600067204750494F2063616C6C6261636B2018
:1055700028256429004661696C656420746F206386
:105580006F6E6669677572652072696E6720475035
:10559000494F20696E746572727570742028256495
:1055A0002900696E7465726E6574006D6F64656D57
:1055B0005F63656C756C6C61725F7365745F61705D
:1055C0006E006765745F7369676E616C5F636573B6
:1055D000715F636861745F736372697074004154D2
:1055E0002B43455351006765745F7369676E616C47
:1055F0005F6373715F636861745F73637269707412
:105600000041542B435351002B434553513A200042
:105610002B4353513A20006D6F64656D5F63656C79
:105620006C756C6172004750494F20706F72742026
:105630002573206973206E6F742072656164790030
:10564000426C6F636B696E6720616374696F6E7320
:105650002063616E6E6F742072756E20696E2074A7
:1056600068697320636F6E746578740025732069B0
:1056700073206E6F77204F4E002573206973206E64
:105680006F77204F4646006D6F64656D5F6463649D
:105690006300706F7765725F646F6D61696E5F67DD
:1056A00070696F004C444F31006C646F315F33762A
:1056B00033004255434B32007664645F6462677224
:1056C000004255434B31007664645F6E726600722F
:1056D0006567756C61746F727300726567756C6174
:1056E000746F724031323030303000574553545F60
:1056F000544F504449522F7A65706879722F647202
:1057000069766572732F73656E736F722F6E6F7229
:105710006469632F74656D702F74656D705F6E7250
:1057200066352E630074656D70406437303030002C
:1057300074656D700074656D705F6E7266350057CC
:105740004553545F544F504449522F7A65706879DD
:10575000722F647269766572732F73656E736F72E0
:105760002F6E6F726469632F6E706D313378785F5E
:10577000636861726765722F6E706D313378785F20
:10578000636861726765722E63006E706D313330CD
:10579000305F6368617267657200574553545F54A8
:1057A0004F504449522F7A65706879722F6472693C
:1057B000766572732F73657269616C2F756172748F
:1057C0005F6173796E635F72782E6300574553543F
:1057D0005F544F504449522F7A65706879722F6434
:1057E0007269766572732F73657269616C2F75616A
:1057F00072745F6E7266785F75617274652E630095
:1058000075617274403130343030300075617274BB
:10581000333000756172743100756172743230001A
:10582000756172745F6E7266785F7561727465001F
:10583000574553545F544F504449522F7A6570680E
:1058400079722F647269766572732F74696D6572EF
:105850002F6E72665F677274635F74696D65722E16
:1058600063007761746368646F674031303930304A
:1058700030007764743331007764745F6E726678D9
:105880000054462D4D206E6F6E2D736563757265E5
:105890002063616C6C6261636B20696E697469611D
:1058A0006C697A6174696F6E206661696C65642CDD
:1058B000206572726F723A202564002A2A2A2A2AE9
:1058C00020534543555245204641554C54202A2AE1
:1058D0002A2A2A002020416464726573733A2030BA
:1058E000782578002020496E76616C696420656EA9
:1058F00074727920706F696E74002020496E766131
:105900006C696420696E7465677269747920736963
:10591000676E6174757265002020496E76616C69EE
:105920006420657863657074696F6E207265747544
:10593000726E0020204174747269627574696F6EB2
:1059400020756E69742076696F6C6174696F6E0082
:105950002020496E76616C6964207472616E73698F
:1059600074696F6E0020204C617A792073746174C1
:105970006520707265736572766174696F6E002060
:10598000204C617A79207374617465206572726F3E
:1059900072002A2A2A2A2A2053505520494E54455B
:1059A0005252555054202A2A2A2A2A002020536570
:1059B0006375726974792076696F6C6174696F6E52
:1059C00020666F722074686520666C617368206D54
:1059D000656D6F7279207370616365002020536577
:1059E0006375726974792076696F6C6174696F6E22
:1059F00020666F72207468652052414D206D656D80
:105A00006F72792073706163650020205365637540
:105A1000726974792076696F6C6174696F6E206F3A
:105A20006E206F6E65206F72207365766572616C93
:105A3000207065726970686572616C732E005745DD
:105A400053545F544F504449522F6E72662F6D6FFE
:105A500064756C65732F747275737465642D6669F3
:105A6000726D776172652D6D2F6661756C742E6332
:105A700000574553545F544F504449522F6D6F6443
:105A8000756C65732F68616C2F6E6F726469632F1C
:105A90006E7266782F647269766572732F737263A3
:105AA0002F6E7266785F636C6F636B2E6300574571
:105AB00053545F544F504449522F6D6F64756C6559
:105AC000732F68616C2F6E6F726469632F6E7266DC
:105AD000782F647269766572732F7372632F6E729A
:105AE00066785F636C6F636B5F6C66636C6B2E6371
:105AF00000574553545F544F504449522F6D6F64C3
:105B0000756C65732F68616C2F6E6F726469632F9B
:105B10006E7266782F647269766572732F73726322
:105B20002F6E7266785F636C6F636B5F786F2E6346
:105B300000574553545F544F504449522F6D6F6482
:105B4000756C65732F68616C2F6E6F726469632F5B
:105B50006E7266782F647269766572732F737263E2
:105B60002F6E7266785F6770696F74652E63005779
:105B70004553545F544F504449522F6D6F64756CB8
:105B800065732F68616C2F6E6F726469632F6E721C
:105B900066782F68616C2F6E72665F6770696F74CC
:105BA000652E6800574553545F544F504449522F57
:105BB0006D6F64756C65732F68616C2F6E6F7264A6
:105BC00069632F6E7266782F68616C2F6E72665FE4
:105BD000677274632E6800574553545F544F5044A6
:105BE00049522F6D6F64756C65732F68616C2F6EF1
:105BF0006F726469632F6E7266782F64726976655E
:105C000072732F7372632F6E7266785F677274633C
:105C10002E6300574553545F544F504449522F6DE3
:105C20006F64756C65732F68616C2F6E6F72646939
:105C3000632F6E7266782F647269766572732F7344
:105C400072632F6E7266785F7477696D2E6300578A
:105C50004553545F544F504449522F6D6F64756CD7
:105C600065732F68616C2F6E6F726469632F6E723B
:105C700066782F647269766572732F7372632F6E04
:105C80007266785F7764742E6300574553545F548F
:105C90004F504449522F7A65706879722F6B657244
:105CA0006E656C2F6465766963652E630048616C70
:105CB00074696E672073797374656D00556E6B6ED1
:105CC0006F776E206572726F7200756E6B6E6F7794
:105CD0006E003E3E3E205A4550485952204641549F
:105CE000414C204552524F522025643A20257320C2
:105CF0006F6E20435055202564004661756C7420FA
:105D0000647572696E6720696E74657272757074FD
:105D10002068616E646C696E670A00437572726513
:105D20006E74207468726561643A2025702028259D
:105D3000732900574553545F544F504449522F7AAA
:105D400065706879722F6B65726E656C2F66617411
:105D5000616C2E63004350552065786365707469EB
:105D60006F6E00556E68616E646C656420696E7458
:105D700065727275707400537461636B206F766521
:105D800072666C6F77004B65726E656C206F6F701A
:105D900073004B65726E656C2070616E69630057AD
:105DA0004553545F544F504449522F7A6570687977
:105DB000722F6B65726E656C2F696E69742E63004D
:105DC00069646C65006F7300574553545F544F50BE
:105DD0004449522F7A65706879722F6B65726E65CF
:105DE0006C2F6B686561702E6300574553545F5488
:105DF0004F504449522F7A65706879722F6B6572E3
:105E00006E656C2F6D656D5F736C61622E630057FC
:105E10004553545F544F504449522F7A6570687906
:105E2000722F6B65726E656C2F696E636C7564653D
:105E30002F6B73636865642E6800574553545F5435
:105E40004F504449522F7A65706879722F6B657292
:105E50006E656C2F69646C652E6300574553545F03
:105E6000544F504449522F7A65706879722F6B6590
:105E7000726E656C2F6D73675F712E6300574553AB
:105E8000545F544F504449522F7A65706879722F8D
:105E90006B65726E656C2F6D757465782E63005737
:105EA0004553545F544F504449522F7A6570687976
:105EB000722F6B65726E656C2F73656D2E63005764
:105EC0004553545F544F504449522F7A6570687956
:105ED000722F6B65726E656C2F776F726B2E63001D
:105EE0002B00574553545F544F504449522F7A6505
:105EF000706879722F6B65726E656C2F746872654D
:105F000061642E630064756D6D7900736C656570F6
:105F1000696E670061626F7274696E670073757392
:105F200070656E64696E67007175657565640057AC
:105F30004553545F544F504449522F7A65706879E5
:105F4000722F6B65726E656C2F73636865642E6368
:105F500000574553545F544F504449522F7A65704F
:105F60006879722F6B65726E656C2F696E636C75E4
:105F700064652F6B7468726561642E6800574553C1
:105F8000545F544F504449522F7A65706879722F8C
:105F90006B65726E656C2F696E636C7564652F6BD3
:105FA000737761702E6800574553545F544F5044C7
:105FB00049522F7A65706879722F6B65726E656CC5
:105FC0002F74696D65736C6963696E672E63005722
:105FD0004553545F544F504449522F7A6570687945
:105FE000722F6B65726E656C2F7468726561645F89
:105FF0006D6F6E69746F722E6300574553545F5412
:106000004F504449522F7A65706879722F6B6572D0
:106010006E656C2F74696D656F75742E63005745DE
:1060200053545F544F504449522F7A6570687972C7
:106030002F6B65726E656C2F706F6C6C2E630057E2
:106040004553545F544F504449522F7A65706879D4
:10605000722F6B65726E656C2F6576656E74732E2C
:106060006300574553545F544F504449522F7A654B
:10607000706879722F6B65726E656C2F6D656D70CF
:106080006F6F6C2E6300737973776F726B71006E34
:10609000616E00286E756C6C2900206D65737361EC
:1060A0006765732064726F70706564202D2D2D0DEF
:1060B0000A1B5B306D001B5B313B33316D2D2D2D89
:1060C00020000001010301000301202D20002020F9
:1060D000001B5B366E00736D665F7365745F73746F
:1060E00061746500001C3824706C4854E0FCD8C40E
:1060F000908CA8B4F9F9F9F9F9000000000000004B
:10610000000A100A200E010E0212011202120816D5
:106110000116022201220222042208221000010498
:1061200005020608090F020007182323232323234F
:106130002323232323232300010200000000000067
:10614000A1EC0800000000000001000000000000B9
:10615000000000000000000000000000000000003F
:10616000000000000000000000000000000000002F
:1061700011F5080000000000000100000000000010
:10618000000000000000000000000000000000000F
:1061900000000000000000000000000000000000FF
:1061A00000000000B1630B000000000000000000D0
:1061B00000000000780002207800022001000000AA
:1061C00001000000880002208800022090000220C8
:1061D000900002200000000000000000000000000D
:1061E00000000000000000000000000000000000AF
:1061F000000000000000000000000000000000009F
:10620000000000000000000000000000000000008E
:1062100000000000B1630B0000000000000000005F
:1062200000000000E8000220E80002200100000059
:1062300001000000F8000220F80002200001022006
:10624000000102200000000000000000000000002B
:10625000000000000000000000000000000000003E
:10626000000000000000000000000000000000002E
:10627000000000000000000000000000000000001E
:1062800000000000B1630B000000000000000000EF
:106290000000000058010220580102200100000007
:1062A0000100000068010220680102207001022044
:1062B000700102200000000000000000000000004B
:1062C00000000000000000000000000000000000CE
:1062D00000000000000000000000000000000000BE
:1062E000000000000000000000000000800000002E
:1062F00000000000C1510A0000000000548C0B0097
:1063000000000000C8010220C801022001000000B6
:1063100001000000D8010220D8010220E001022083
:10632000E00102200000000000000000000000006A
:10633000000000000000000000000000000000005D
:10634000000000000000000000000000000000004D
:10635000000000000000000000000000000000003D
:10636000000000000000000000000000000000002D
:10637000000000000000000000000000000000001D
:10638000000000000000000000000000000000000D
:1063900000000000000000000000000000000000FD
:1063A00000000000000000000000000000000000ED
:1063B00000000000000000000000000000000000DD
:1063C00000000000000000000000000000000000CD
:1063D00000000000000000000000000000000000BD
:1063E00000000000000000000000000000000000AD
:1063F000000000000000000000000000000000009D
:10640000000000000000000000000000000000008C
:106410000000000000000000000000000300000079
:10642000166A02200004000000000000685C0220E0
:10643000000000000000000000000000000000005C
:10644000000000000000000000000000000000004C
:10645000000000000000000000000000000000003C
:10646000000000000000000000000000000000002C
:10647000000000000000000000000000000000001C
:10648000000000000000000000000000000000000C
:1064900000000000000000000000000000000000FC
:1064A00000000000000000000000000000000000EC
:1064B00000000000000000000000000000000000DC
:1064C00000000000000000000000000000000000CC
:1064D00000000000000000000000000000000000BC
:1064E00000000000000000000000000000000000AC
:1064F00000000000040000001666022000040000F6
:1065000000000000545C02200000000000000000B9
:10651000000000000000000000000000000000007B
:10652000000000000000000000000000000000006B
:10653000000000000000000000000000000000005B
:10654000000000000000000000000000000000004B
:10655000000000000000000000000000000000003B
:10656000000000000000000000000000000000002B
:10657000000000000000000000000000000000001B
:10658000000000000000000000000000000000000B
:1065900000000000000000000000000000000000FB
:1065A00000000000000000000000000000000000EB
:1065B00000000000000000000000000000000000DB
:1065C00000000000000000000000000000000000CB
:1065D00000000000000000000000000000000000BB
:1065E00000000000000000000000000000000000AB
:1065F000000000000000000000000000000000009B
:10660000000000000000000000000000000000008A
:10661000000000000000000000000000000000007A
:10662000000000000000000000000000000000006A
:10663000000000000000000000000000000000005A
:10664000000000000000000000000000000000004A
:10665000000000000000000000000000000000003A
:10666000000000000000000000000000000000002A
:10667000000000000000000000000000000000001A
:10668000000000000000000000000000000000000A
:1066900000000000000000000000000000000000FA
:1066A00000000000000000000000000000000000EA
:1066B00000000000000000000000000000000000DA
:1066C00000000000000000000000000000000000CA
:1066D00000000000000000000000000000000000BA
:1066E00000000000000000000000000000000000AA
:1066F000000000000000000000000000000000009A
:106700000000000000000000000000000000000089
:106710000000000000000000000000000000000079
:106720000000000000000000000000000000000069
:106730000000000000000000000000000000000059
:106740000000000000000000000000000000000049
:106750000000000000000000000000000000000039
:106760000000000000000000000000000000000029
:106770000000000000000000000000000000000019
:106780000000000000000000000000000000000009
:1067900000000000000000000000000000000000F9
:1067A00000000000000000000000000000000000E9
:1067B00000000000000000000000000000000000D9
:1067C00000000000000000000000000000000000C9
:1067D00000000000000000000000000000000000B9
:1067E00000000000000000000000000000000000A9
:1067F0000000000000000000000000000000000099
:106800000000000000000000000000000000000088
:106810000000000000000000000000000000000078
:106820000000000000000000000000000000000068
:106830000000000000000000000000000000000058
:106840000000000000000000000000000000000048
:106850000000000000000000000000000000000038
:106860000000000000000000000000000000000028
:106870000000000000000000000000000000000018
:106880000000000000000000000000000000000008
:1068900000000000000000000000000000000000F8
:1068A00000000000000000000000000000000000E8
:1068B00000000000000000000000000000000000D8
:1068C00000000000000000000000000000000000C8
:1068D00000000000000000000000000000000000B8
:1068E00000000000000000000000000000000000A8
:1068F0000000000000000000000000000000000098
:106900000000000000000000000000000000000087
:106910000000000000000000000000000000000077
:106920000000000000000000000000000000000067
:106930000000000000000000000000000000000057
:106940000000000000000000000000000000000047
:106950000000000000000000000000000000000037
:106960000000000000000000000000000000000027
:106970000000000000000000000000000000000017
:106980000000000000000000000000000000000007
:1069900000000000000000000000000000000000F7
:1069A00000000000000000000000000000000000E7
:1069B00000000000000000000000000000000000D7
:1069C00000000000000000000000000000000000C7
:1069D00000000000000000000000000000000000B7
:1069E00000000000000000000000000000000000A7
:1069F0000000000000000000000000000000000097
:106A00000000000000000000000000000000000086
:106A10000000000000000000000000000000000076
:106A20000000000000000000000000000000000066
:106A30000000000000000000000000000000000056
:106A40000000000000000000000000000000000046
:106A50000000000000000000000000000000000036
:106A60000000000000000000000000000000000026
:106A70000000000000000000000000000000000016
:106A80000000000000000000000000000000000006
:106A900000000000000000000000000000000000F6
:106AA00000000000000000000000000000000000E6
:106AB00000000000000000000000000000000000D6
:106AC00000000000000000000000000000000000C6
:106AD00000000000000000000000000000000000B6
:106AE00000000000000000000000000000000000A6
:106AF0000000000000000000000000000000000096
:106B00000000000000000000000000000000000085
:106B10000000000000000000000000000000000075
:106B20000000000000000000000000000000000065
:106B30000000000000000000000000000000000055
:106B40000000000000000000000000000000000045
:106B50000000000000000000000000000000000035
:106B60000000000000000000000000000000000025
:106B70000000000000000000000000000000000015
:106B80000000000000000000000000000000000005
:106B900000000000000000000000000000000000F5
:106BA00000000000000000000000000000000000E5
:106BB00000000000000000000000000000000000D5
:106BC00000000000000000000000000000000000C5
:106BD00000000000000000000000000000000000B5
:106BE00000000000000000000000000000000000A5
:106BF0000000000000000000000000000000000095
:106C00000000000000000000000000000000000084
:106C10000000000000000000000000000000000074
:106C20000000000000000000000000000000000064
:106C30000000000000000000000000000000000054
:106C40000000000000000000000000000000000044
:106C50000000000000000000000000000000000034
:106C60000000000000000000000000000000000024
:106C70000000000000000000000000000000000014
:106C80000000000000000000000000000000000004
:106C900000000000000000000000000000000000F4
:106CA00000000000000000000000000000000000E4
:106CB00000000000000000000000000000000000D4
:106CC00000000000000000000000000000000000C4
:106CD00000000000000000000000000000000000B4
:106CE00000000000000000000000000000000000A4
:106CF0000000000000000000000000000000000094
:106D00000000000000000000000000000000000083
:106D10000000000000000000000000000000000073
:106D20000000000000000000000000000000000063
:106D30000000000000000000000000000000000053
:106D40000000000000000000000000000000000043
:106D50000000000000000000000000000000000033
:106D60000000000000000000000000000000000023
:106D70000000000000000000000000000000000013
:106D80000000000000000000000000000000000003
:106D900000000000000000000000000000000000F3
:106DA00000000000000000000000000000000000E3
:106DB00000000000000000000000000000000000D3
:106DC00000000000000000000000000000000000C3
:106DD00000000000000000000000000000000000B3
:106DE00000000000000000000000000000000000A3
:106DF0000000000000000000000000000000000093
:106E00000000000000000000000000000000000082
:106E10000000000000000000000000000000000072
:106E20000000000000000000000000000000000062
:106E30000000000000000000000000000000000052
:106E40000000000000000000000000000000000042
:106E50000000000000000000000000000000000032
:106E60000000000000000000000000000000000022
:106E70000000000000000000000000000000000012
:106E80000000000000000000000000000000000002
:106E900000000000000000000000000000000000F2
:106EA00000000000000000000000000000000000E2
:106EB00000000000000000000000000000000000D2
:106EC00000000000000000000000000000000000C2
:106ED00000000000000000000000000000000000B2
:106EE00000000000000000000000000000000000A2
:106EF0000000000000000000000000000000000092
:106F00000000000000000000000000000000000081
:106F10000000000000000000000000000000000071
:106F20000000000000000000000000000000000061
:106F30000000000000000000000000000000000051
:106F40000000000000000000000000000000000041
:106F50000000000000000000000000000000000031
:106F60000000000000000000000000000000000021
:106F70000000000000000000000000000000000011
:106F80000000000000000000000000000000000001
:106F900000000000000000000000000000000000F1
:106FA00000000000000000000000000000000000E1
:106FB00000000000000000000000000000000000D1
:106FC00000000000000000000000000000000000C1
:106FD00000000000000000000000000000000000B1
:106FE00000000000000000000000000000000000A1
:106FF0000000000000000000000000000000000091
:107000000000000000000000000000000000000080
:107010000000000000000000000000000000000070
:107020000000000000000000000000000000000060
:107030000000000000000000000000000000000050
:107040000000000000000000000000000000000040
:107050000000000000000000000000000000000030
:107060000000000000000000000000000000000020
:107070000000000000000000000000000000000010
:107080000000000000000000000000000000000000
:1070900000000000000000000000000000000000F0
:1070A00000000000000000000000000000000000E0
:1070B00000000000000000000000000000000000D0
:1070C00000000000000000000000000000000000C0
:1070D00000000000000000000000000000000000B0
:1070E00000000000000000000000000000000000A0
:1070F0000000000000000000000000000000000090
:10710000000000000000000000000000000000007F
:10711000000000000000000000000000000000006F
:10712000000000000000000000000000000000005F
:10713000000000000000000000000000000000004F
:10714000000000000000000000000000000000003F
:10715000000000000000000000000000000000002F
:10716000000000000000000000000000000000001F
:10717000000000000000000000000000000000000F
:1071800000000000000000000000000000000000FF
:1071900000000000000000000000000000000000EF
:1071A00000000000000000000000000000000000DF
:1071B00000000000000000000000000000000000CF
:1071C00000000000000000000000000000000000BF
:1071D00000000000000000000000000000000000AF
:1071E000000000000000000000000000000000009F
:1071F000000000000000000000000000000000008F
:10720000000000000000000000000000000000007E
:10721000000000000000000000000000000000006E
:10722000000000000000000000000000000000005E
:10723000000000000000000000000000000000004E
:10724000000000000000000000000000000000003E
:10725000000000000000000000000000000000002E
:10726000000000000000000000000000000000001E
:10727000000000000000000000000000000000000E
:1072800000000000000000000000000000000000FE
:1072900000000000000000000000000000000000EE
:1072A00000000000000000000000000000000000DE
:1072B00000000000000000000000000000000000CE
:1072C00000000000000000000000000000000000BE
:1072D00000000000000000000000000000000000AE
:1072E000000000000000000000000000000000009E
:1072F000000000000000000000000000000000008E
:10730000000000000000000000000000000000007D
:10731000000000000000000000000000000000006D
:10732000000000000000000000000000000000005D
:10733000000000000000000000000000000000004D
:10734000000000000000000000000000000000003D
:10735000000000000000000000000000000000002D
:10736000000000000000000000000000000000001D
:10737000000000000000000000000000000000000D
:1073800000000000000000000000000000000000FD
:1073900000000000000000000000000000000000ED
:1073A00000000000000000000000000000000000DD
:1073B00000000000000000000000000000000000CD
:1073C00000000000000000000000000000000000BD
:1073D00000000000000000000000000000000000AD
:1073E000000000000000000000000000000000009D
:1073F000000000000000000000000000000000008D
:10740000000000000000000000000000000000007C
:10741000000000000000000000000000000000006C
:10742000000000000000000000000000000000005C
:10743000000000000000000000000000000000004C
:10744000000000000000000000000000000000003C
:10745000000000000000000000000000000000002C
:10746000000000000000000000000000000000001C
:10747000000000000000000000000000000000000C
:1074800000000000000000000000000000000000FC
:1074900000000000000000000000000000000000EC
:1074A00000000000000000000000000000000000DC
:1074B00000000000000000000000000000000000CC
:1074C00000000000000000000000000000000000BC
:1074D00000000000000000000000000000000000AC
:1074E000000000000000000000000000000000009C
:1074F000000000000000000000000000000000008C
:10750000000000000000000000000000000000007B
:10751000000000000000000000000000000000006B
:10752000000000000000000000000000000000005B
:10753000000000000000000000000000000000004B
:10754000000000000000000000000000000000003B
:10755000000000000000000000000000000000002B
:10756000000000000000000000000000000000001B
:10757000000000000000000000000000000000000B
:1075800000000000000000000000000000000000FB
:1075900000000000000000000000000000000000EB
:1075A00000000000000000000000000000000000DB
:1075B00000000000000000000000000000000000CB
:1075C00000000000000000000000000000000000BB
:1075D00000000000000000000000000000000000AB
:1075E000000000000000000000000000000000009B
:1075F000000000000000000000000000000000008B
:10760000000000000000000000000000000000007A
:10761000000000000000000000000000000000006A
:10762000000000000000000000000000000000005A
:10763000000000000000000000000000000000004A
:10764000000000000000000000000000000000003A
:10765000000000000000000000000000000000002A
:10766000000000000000000000000000000000001A
:10767000000000000000000000000000000000000A
:1076800000000000000000000000000000000000FA
:1076900000000000000000000000000000000000EA
:1076A00000000000000000000000000000000000DA
:1076B00000000000000000000000000000000000CA
:1076C00000000000000000000000000000000000BA
:1076D00000000000000000000000000000000000AA
:1076E000000000000000000000000000000000009A
:1076F000000000000000000000000000000000008A
:107700000000000000000000000000000000000079
:107710000000000000000000000000000000000069
:107720000000000000000000000000000000000059
:107730000000000000000000000000000000000049
:107740000000000000000000000000000000000039
:107750000000000000000000000000000000000029
:107760000000000000000000000000000000000019
:107770000000000000000000000000000000000009
:1077800000000000000000000000000000000000F9
:1077900000000000000000000000000000000000E9
:1077A00000000000000000000000000000000000D9
:1077B00000000000000000000000000000000000C9
:1077C00000000000000000000000000000000000B9
:1077D00000000000000000000000000000000000A9
:1077E0000000000000000000000000000000000099
:1077F0000000000000000000000000000000000089
:107800000000000000000000000000000000000078
:107810000000000000000000000000000000000068
:107820000000000000000000000000000000000058
:107830000000000000000000000000000000000048
:107840000000000000000000000000000000000038
:107850000000000000000000000000000000000028
:107860000000000000000000000000000000000018
:107870000000000000000000000000000000000008
:1078800000000000000000000000000000000000F8
:1078900000000000000000000000000000000000E8
:1078A00000000000000000000000000000000000D8
:1078B00000000000000000000000000000000000C8
:1078C00000000000000000000000000000000000B8
:1078D00000000000000000000000000000000000A8
:1078E0000000000000000000000000000000000098
:1078F0000000000000000000000000000000000088
:107900000000000000000000000000000000000077
:107910000000000000000000000000000000000067
:107920000000000000000000000000000000000057
:107930000000000000000000000000000000000047
:107940000000000000000000000000000000000037
:107950000000000000000000000000000000000027
:107960000000000000000000000000000000000017
:107970000000000000000000000000000000000007
:1079800000000000000000000000000016090C00CC
:1079900000000000000000000000000000000000E7
:1079A00000000000000000000000000000000000D7
:1079B00000000000000000000000000000000000C7
:1079C00000000000000000000000000000000000B7
:1079D00000000000000000000000000000000000A7
:1079E0000000000000000000000000000000000097
:1079F0000000000000000000000000000000000087
:107A00000000000000000000000000000000000076
:107A10000000000000000000000000000000000066
:107A20000000000000000000000000000000000056
:107A30000000000000000000000000000000000046
:107A40000000000000000000000000000000000036
:107A50000000000000000000000000000000000026
:107A60000000000000000000000000000000000016
:107A70000000000000000000000000000000000006
:107A800000000000000000000000000000000000F6
:107A900000000000000000000000000000000000E6
:107AA00000000000000000000000000000000000D6
:107AB00000000000000000000000000000000000C6
:107AC00000000000000000000000000000000000B6
:107AD00000000000000000000000000000000000A6
:107AE0000000000000000000000000000000000096
:107AF0000000000000000000000000000000000086
:107B00000000000000000000000000000000000075
:107B10000000000000000000000000000000000065
:107B20000000000000000000000000000000000055
:107B30000000000000000000000000000000000045
:107B40000000000000000000000000000000000035
:107B50000000000000000000000000000000000025
:107B60000000000000000000000000000000000015
:107B70000000000000000000000000000000000005
:107B800000000000000000000000000000000000F5
:107B900000000000000000000000000000000000E5
:107BA00000000000000000000000000000000000D5
:107BB00000000000000000000000000000000000C5
:107BC00000000000000000000000000000000000B5
:107BD00000000000000000000000000000000000A5
:107BE0000000000000000000000000000000000095
:107BF0000000000000000000201F02200000000024
:107C00000000000000000000000000000000000074
:107C10000000000000000000000000000000000064
:107C20000000000000000000000000000000000054
:107C30000000000000000000000000000000000044
:107C40000000000000000000000000000000000034
:107C50000000000000000000000000000000000024
:107C60000000000000000000000000000000000014
:107C70000000000000000000000000000000000004
:107C800000000000000000000000000000000000F4
:107C900000000000000000000000000000000000E4
:107CA00000000000000000000000000000000000D4
:107CB00000000000000000000000000000000000C4
:107CC00000000000000000000000000000000000B4
:107CD00000000000000000000000000000000000A4
:107CE0000000000000000000000000008D690A0094
:107CF000000000000000000000000000C01B022087
:107D0000C01B02200100000001000000D01B022067
:107D1000D01B0220D81B0220D81B0220000000002C
:107D20000000000000000000000000000000000053
:107D30000000000000000000000000000000000043
:107D40000000000000000000000000000000000033
:107D500000000000000000006700000000000000BC
:107D60000000000000000000000000000000000013
:107D70000000000000000000000000000000000003
:107D800000000000000000000000000000000000F3
:107D900000000000000000000000000000000000E3
:107DA00000000000000000000000000000000000D3
:107DB00000000000000000000000000000000000C3
:107DC00000000000000000000000000000000000B3
:107DD00000000000000000000000000000000000A3
:107DE00000000000010000000E000000FFFFFFFF88
:107DF000B41C0220B41C022001000000010000009D
:107E0000C41C0220C41C02200E000000010000005F
:107E10000E000000FFFFFFFFDC1C0220DC1C022024
:107E20000100000001000000EC1C0220EC1C0220FC
:107E30000E000000010000000E000000FFFFFFFF29
:107E4000041D0220041D02200100000001000000AA
:107E5000141D0220141D02200E000000010000006D
:107E60000E000000FFFFFFFF2C1D02202C1D022032
:107E700001000000010000003C1D02203C1D02200A
:107E80000E000000010000000E000000FFFFFFFFD9
:107E9000541D0220541D02200100000001000000BA
:107EA000641D0220641D02200E000000A3080B00C8
:107EB00001000000010000000000000000000000C0
:107EC00000000000EEEB0B000100000001000000CC
:107ED000250D0B00000000000100000058220220C8
:107EE000A41D0220A41D0220000000003CBC0B00C9
:107EF00024560220000000004D220B00000000006C
:107F00000000000000C01040000000000000000061
:107F10000000000000000000000000000000000061
:107F20000000000000000000000000000000000051
:107F30000000000000000000000000000000000041
:107F40000000000000000000000000000000000031
:107F50000000000000000000000000000000000021
:107F60000000000000000000000000000000000011
:107F700000000000000000000001000000A00D4013
:107F800000000000000000000000000000000000F1
:107F900000000000000000000000000000000000E1
:107FA00000000000000000000000000000000000D1
:107FB00000000000000000000000000000000000C1
:107FC00000000000000000000000000000000000B1
:107FD00000000000000000000000000000000000A1
:107FE0000000000000000000000000000000000091
:107FF0000000000000000000150C0A000000000056
:108000000000000000000000B9400A00000000006D
:10801000000000008001000000000000C9640B00A7
:108020000000000000000000000000000000000050
:10803000000000000080810100000101B9630B0015
:108040000001000039480A00ACCF0B001665022081
:10805000FFFF000000000000000000000000000022
:108060000000000000000000F2730220166E0220E3
:10807000DC0500000000000000000000000000001F
:1080800000000000000000000000000000000000F0
:1080900000000000000000000000000000000000E0
:1080A00000000000000000000000000000000000D0
:1080B00000000000000000000000000000000000C0
:1080C00000000000000000000000000000000000B0
:1080D000000000000000000000000000800100001F
:1080E00000000000357A0A000000000000000000D7
:1080F0000000000000C2010000010301904D0220B9
:10810000000000000000000000010000000000006E
:10811000357A0A00000000000000000000000000A6
:1081200000C2010000010300504E022000000000C8
:10813000000000003D7F0A0000000000FF0000007A
:10814000009010400000000000000000000000004F
:10815000000000000000000000000000000000001F
:10816000000000000000000000000000000000000F
:10817000000000000000000000000000402002207D
:1081800040200220000000000100000050200220DA
:10819000502002200090D003FF0000000F000000DC
:1081A0007102000068200220682002200000C07FC9
:1081B000BD3786359A99993E6F12833AA69B443B08
:1081C00001010000000000000000000000000000AD
:1081D000000000000000000000000000000000009F
:1081E000000000000000000000000000000000008F
:1081F000000000000000000000000000000000007F
:10820000000000000000000000000000000000006E
:10821000000000000000000000000000000000005E
:10822000000000000000000000000000000000004E
:10823000000000000000000000000000000000003E
:10824000000000000000000000000000000000002E
:10825000000000000000000000000000000000001E
:10826000000000000000000000000000000000000E
:1082700000000000000000000000000000000000FE
:1082800000000000000000000000000000000000EE
:1082900000000000000000000000000000000000DE
:1082A00000000000000000000000000000000000CE
:1082B00000000000000000000000000000000000BE
:1082C00000000000000000000000000000000000AE
:1082D000000000000000000000000000000000009E
:1082E000000000000000000000000000000000008E
:1082F000000000000000000000000000000000007E
:10830000000000000000000000000000FDE60A0080
:10831000000000000000000000000000E02102203A
:10832000E021022041630B0000000000000000007B
:1083300000000000000000000000000000220220F9
:108340000022022000000000183703200000000077
:108350000800000040000000000000002022022071
:108360002022022000000000183503200000000039
:1083700008000000400000000000000000000000B5
:1083800030F002204C20000000000000000000003F
:108390000000000000000000F0B102200002000018
:1083A0000000000000000000000000007022022019
:1083B0007022022000000000000000000E000000FB
:1083C000842202208422022000000000000000001D
:1083D0000E000000982202209822022000000000D7
:1083E000000000000E000000AC220220AC2202209F
:1083F00000000000000000000E000000C02202206B
:10840000C022022000000000000000000E0000005A
:10841000D4220220D422022000000000000000002C
:108420000E000000E8220220E822022000000000E6
:10843000000000000E000000FC220220FC220220AE
:10844000000000003800000005000000802003202C
:1084500098210320802003208020032000000000BA
:1084600024230220242302200000000030230220C5
:108470003023022001000000010000004023022000
:10848000402302204823022048230220000000004D
:1084900001000000582302205823022060230220FC
:1084A0006023022000000000010000007023022071
:1084B0007023022000000000000000000000000007
:1084C00084230220842302208C2302208C23022078
:1084D000000000000000000000000000A0230220B7
:1084E000A0230220A8230220A823022000000000CD
:1084F0000000000000000000BC230220BC2302207A
:10850000C4230220C4230220000000000000000059
:1085100000000000D8230220D8230220E0230220FC
:10852000E023022000000000000000000000000026
:10853000F4230220F4230220FC230220FC23022047
:1085400000000000000000000000000010240220D5
:108550001024022018240220182402200000000009
:1085600000000000000000002C2402202C24022027
:1085700034240220342402200000000010001000E7
:10858000040000000000000080BF0B001839032029
:108590000000000000000000000000006024022035
:1085A00060240220682402206824022000000000C9
:1085B0001000100004000000000000008CCE0B0032
:1085C00058330320000000000000000000000000FD
:1085D00094240220942402209C2402209C24022023
:1085E0000000000010001000040000000000000067
:1085F00078CE0B00982903200025022000000000FF
:10860000000000000000000000000000000000006A
:10861000000000000000000000000000000000005A
:10862000000000000000000000000000000000004A
:08863000000000000000000042
:10863C00A48C0B0028250220684A022000020000AE
:10864C0000000000000000000000DC05000000003D
:10865C0000000000000000002DE40900A3330B0013
:10866C0001E5090079330B00000000000000000058
:02867C000000FC
:0486800015E015E00C
:00000001FF
